huc12_id,year,incrunoff_mm/mo,incbsflow_mm/mo,soilmstfr_frac
050100070310,2010,55.555943489,13.512648108,0.716567363
050100070310,2011,87.43310213,17.817990265,0.778838367
050100070310,2012,52.556657912,13.989718661,0.717732101
050100070310,2013,54.350860693,14.622023927,0.752750398
050100070310,2014,55.260117957,14.447118926,0.734020428
050100070310,2015,44.894367292,12.095422042,0.690336001
050100070310,2016,45.919349557,12.161604157,0.711115926
050100070310,2017,77.426141555,17.498671279,0.763876454
050100070310,2018,91.50963251,19.075122055,0.776394237
050100070310,2019,67.822854526,16.985292685,0.730211032
050100070401,2010,56.017637255,2.282808807,0.723144693
050100070401,2011,88.927048299,3.099976162,0.774524476
050100070401,2012,46.855818845,2.279145961,0.744227928
050100070401,2013,44.303583294,2.313721334,0.751030016
050100070401,2014,44.712913331,2.367404256,0.742688572
050100070401,2015,42.998078605,1.991467046,0.711811855
050100070401,2016,44.867544147,2.156305859,0.724481815
050100070401,2017,70.630352398,3.025393408,0.753306762
050100070401,2018,80.663116684,2.982168989,0.783032507
050100070401,2019,55.667313974,2.588672692,0.722522295
050100070402,2010,58.055831075,2.145454084,0.725464572
050100070402,2011,89.558132303,2.926901252,0.775462238
050100070402,2012,49.570937092,2.084798387,0.744832096
050100070402,2013,47.062846239,2.13351346,0.752796672
050100070402,2014,48.423203509,2.181773109,0.744560496
050100070402,2015,43.132786649,1.817365419,0.711133924
050100070402,2016,46.405928467,1.980895713,0.726264799
050100070402,2017,73.923263691,2.827731417,0.755355294
050100070402,2018,81.793134755,2.799987775,0.784468102
050100070402,2019,58.327394398,2.401383394,0.722292369
050100070501,2010,63.763761664,12.825453058,0.738443061
050100070501,2011,78.937894453,13.73539798,0.778554137
050100070501,2012,51.938073087,13.652897273,0.736055762
050100070501,2013,48.14754925,13.127242324,0.745501237
050100070501,2014,52.41312092,12.430495151,0.744484038
050100070501,2015,49.738840261,11.714669008,0.711983735
050100070501,2016,52.104470764,11.949578897,0.733328499
050100070501,2017,80.948094239,13.85054956,0.773267189
050100070501,2018,82.429612626,14.904838103,0.778092953
050100070501,2019,59.488250345,13.815596522,0.720737487
050100070502,2010,71.257405775,8.939670941,0.727386067
050100070502,2011,89.093720677,9.629808366,0.771760699
050100070502,2012,48.717866925,8.687553925,0.724233977
050100070502,2013,52.950871812,9.073282482,0.745467179
050100070502,2014,53.84610263,8.719841834,0.75337277
050100070502,2015,47.217252951,7.776876604,0.700945862
050100070502,2016,55.125710742,8.108154924,0.71631837
050100070502,2017,83.730050009,9.865755802,0.764334986
050100070502,2018,87.349448637,10.144122025,0.779885336
050100070502,2019,60.208163292,9.384512264,0.72285538
050100070503,2010,60.890329296,9.458399128,0.714472694
050100070503,2011,85.718543238,11.316152424,0.770183768
050100070503,2012,53.927552072,11.19590691,0.728936324
050100070503,2013,49.199023862,10.24887044,0.736276055
050100070503,2014,53.514613589,9.751676314,0.739382092
050100070503,2015,48.4322591,8.68113215,0.695082172
050100070503,2016,46.941574575,9.077065902,0.711242766
050100070503,2017,78.941313145,11.649410065,0.75337243
050100070503,2018,87.233428518,12.857938931,0.78032837
050100070503,2019,63.238862763,11.337186535,0.707496006
050100070601,2010,46.509411346,18.869234344,0.707019356
050100070601,2011,72.918054454,24.442411584,0.777003361
050100070601,2012,52.896463476,22.050620108,0.739128082
050100070601,2013,48.979264147,21.618123682,0.745993137
050100070601,2014,50.646246202,20.817741542,0.733058171
050100070601,2015,39.769278655,18.906111102,0.712205978
050100070601,2016,48.613656649,21.486050304,0.738906309
050100070601,2017,75.371109307,24.821992157,0.75706099
050100070601,2018,68.510380731,23.966196127,0.739931498
050100070601,2019,57.383668678,21.955527108,0.718421364
050100070602,2010,45.868860459,17.611582022,0.755221066
050100070602,2011,77.319973623,20.789617867,0.813963868
050100070602,2012,53.221560047,20.393725037,0.78805245
050100070602,2013,51.31244837,19.958624529,0.78924498
050100070602,2014,50.24447358,18.670420566,0.780347223
050100070602,2015,40.694151232,16.862603145,0.755601313
050100070602,2016,45.577919284,18.588427058,0.784709013
050100070602,2017,77.694824537,22.081003731,0.802091181
050100070602,2018,71.071683686,21.37116569,0.793819103
050100070602,2019,59.001359369,19.700700807,0.753991412
050100070701,2010,48.749113552,6.510757274,0.689323207
050100070701,2011,92.392229264,9.364620018,0.758760769
050100070701,2012,63.231274807,8.400920366,0.74676278
050100070701,2013,57.332544632,7.9307813,0.74456175
050100070701,2014,55.500247608,7.528942654,0.730045958
050100070701,2015,44.529974508,6.844947645,0.702599601
050100070701,2016,47.433376846,6.665233684,0.728304135
050100070701,2017,94.905219516,10.020941945,0.752613424
050100070701,2018,77.848846916,8.951021891,0.732113403
050100070701,2019,66.903817138,8.655831619,0.689776778
050100070702,2010,44.805875219,6.525839734,0.712865792
050100070702,2011,85.782428722,9.468578072,0.775541344
050100070702,2012,58.845060873,8.64791207,0.765393241
050100070702,2013,58.070166511,8.290000299,0.7727056
050100070702,2014,51.305427791,7.517970975,0.753305062
050100070702,2015,41.500799084,6.884545745,0.724580004
050100070702,2016,45.058389893,6.751244483,0.74605013
050100070702,2017,89.773599173,9.974198942,0.775245046
050100070702,2018,72.282647799,9.18165401,0.764684484
050100070702,2019,64.188611971,9.209758665,0.713685455
050100070801,2010,39.69890589,9.950670057,0.68283462
050100070801,2011,71.705570227,11.774998491,0.746685966
050100070801,2012,52.348399987,12.251477809,0.730893277
050100070801,2013,51.889036427,11.834302455,0.744654298
050100070801,2014,43.643617125,10.941904133,0.732673224
050100070801,2015,34.28541847,9.626291792,0.692001757
050100070801,2016,41.263658827,9.543669672,0.720920969
050100070801,2017,75.683211285,12.915343296,0.751514832
050100070801,2018,63.691726773,12.587888336,0.749280316
050100070801,2019,58.107738389,12.438067899,0.70070702
050100070802,2010,38.492845231,10.272606895,0.704054874
050100070802,2011,73.779010502,13.124749871,0.772934505
050100070802,2012,53.129192314,13.086319729,0.765966983
050100070802,2013,52.865576248,12.844875036,0.773851746
050100070802,2014,42.940094238,11.690175101,0.760190222
050100070802,2015,35.734721672,10.03710416,0.716521021
050100070802,2016,42.72477562,10.167654765,0.742655996
050100070802,2017,77.00167862,14.17353303,0.779955714
050100070802,2018,66.477941793,13.522902595,0.770981772
050100070802,2019,61.448564712,13.520609689,0.722458715
050100070803,2010,46.866247684,10.868727239,0.727911363
050100070803,2011,80.986769221,15.091365234,0.789297007
050100070803,2012,51.835829789,13.796671699,0.756937028
050100070803,2013,58.362727064,14.179334779,0.774599732
050100070803,2014,48.310487872,13.339821324,0.766569564
050100070803,2015,42.177605427,11.434752229,0.728778876
050100070803,2016,40.850973983,11.275968891,0.734748211
050100070803,2017,95.048499272,16.40503115,0.779207418
050100070803,2018,76.030831039,15.973462356,0.786410898
050100070803,2019,64.74577685,14.756505815,0.732438877
050100070804,2010,47.88043033,11.469720909,0.710861591
050100070804,2011,85.030105515,14.830497072,0.77416421
050100070804,2012,58.174112699,13.869585767,0.75515661
050100070804,2013,58.625820425,14.301214681,0.770589061
050100070804,2014,50.66676622,12.852776394,0.756073382
050100070804,2015,43.796228701,11.562982428,0.717362327
050100070804,2016,44.908092353,11.346975814,0.727492085
050100070804,2017,90.498513648,15.658620996,0.775124635
050100070804,2018,74.974719319,14.951486145,0.768155039
050100070804,2019,66.907395002,14.76028696,0.716735661
050100070901,2010,47.292316643,15.507780188,0.761121702
050100070901,2011,79.328848073,19.14485689,0.839845252
050100070901,2012,53.060727473,18.194813106,0.806034362
050100070901,2013,47.513974591,16.516742973,0.794621215
050100070901,2014,47.973209414,16.247877013,0.792176708
050100070901,2015,40.515206772,14.813764116,0.769517594
050100070901,2016,46.243053392,15.971668012,0.80049876
050100070901,2017,78.513620435,19.721475951,0.816327684
050100070901,2018,74.437264618,19.956903044,0.826906784
050100070901,2019,57.26785873,17.650649232,0.767827094
050100070902,2010,45.173462948,14.711937669,0.780135565
050100070902,2011,81.679593398,18.762458695,0.847362859
050100070902,2012,53.066988126,17.286676529,0.824414538
050100070902,2013,49.000623238,16.466479751,0.818441973
050100070902,2014,47.742095357,15.859123944,0.811775132
050100070902,2015,42.144755191,14.481775481,0.788557479
050100070902,2016,41.541983113,14.809748866,0.80872733
050100070902,2017,81.594487207,19.092037556,0.834811564
050100070902,2018,74.722838605,18.634469115,0.832086214
050100070902,2019,60.47629667,16.489717348,0.776949851
050100070903,2010,40.911393751,12.653733559,0.791340563
050100070903,2011,80.812718724,17.097588473,0.851243548
050100070903,2012,49.664859357,15.072868437,0.836841965
050100070903,2013,46.694075858,15.12794192,0.8364938
050100070903,2014,45.238844874,14.242226402,0.825294599
050100070903,2015,39.470647722,12.844008012,0.80027101
050100070903,2016,36.06412831,12.303694107,0.810897311
050100070903,2017,81.363761054,17.514477696,0.84929899
050100070903,2018,70.397955417,16.700471967,0.836090094
050100070903,2019,58.120745468,14.642749109,0.781290042
050100070904,2010,48.70897138,11.677298005,0.744601003
050100070904,2011,80.064798377,14.193907988,0.814093409
050100070904,2012,51.348986997,13.042134727,0.770764806
050100070904,2013,49.066972118,12.851472319,0.785580379
050100070904,2014,52.440168302,12.979486193,0.789180556
050100070904,2015,44.837959353,11.785834161,0.757289442
050100070904,2016,41.142906408,10.354947925,0.748007523
050100070904,2017,85.755495837,14.680794663,0.798640829
050100070904,2018,72.186929115,14.5939508,0.794535532
050100070904,2019,65.004858409,13.929842419,0.748316165
050100071001,2010,63.403713809,8.68780233,0.761795857
050100071001,2011,95.147598427,10.697015038,0.808346388
050100071001,2012,64.443308185,10.122473974,0.774941368
050100071001,2013,58.956308925,9.079047206,0.796090796
050100071001,2014,62.26019001,9.457770579,0.790956906
050100071001,2015,56.609995759,8.727350114,0.749116337
050100071001,2016,51.386190307,7.681679849,0.756463794
050100071001,2017,89.975647203,11.011463883,0.795534773
050100071001,2018,100.907220349,12.224188779,0.817013352
050100071001,2019,74.566300159,11.375716941,0.754566671
050100071002,2010,61.011378891,6.069141918,0.759645991
050100071002,2011,88.630483444,7.616797981,0.807293944
050100071002,2012,61.499572741,7.135754174,0.776503867
050100071002,2013,58.820572586,6.659173919,0.790097811
050100071002,2014,59.726917059,6.836400713,0.787807253
050100071002,2015,52.3102966,6.165581402,0.75564243
050100071002,2016,50.22871234,5.697151185,0.760147896
050100071002,2017,89.251711182,7.712649644,0.793277332
050100071002,2018,95.284995573,8.355183156,0.808096042
050100071002,2019,74.858947791,7.911793704,0.758679045
050100071003,2010,53.761045583,19.646485517,0.764127406
050100071003,2011,91.496729948,32.073522478,0.809272746
050100071003,2012,62.258817441,23.446338329,0.77666305
050100071003,2013,56.483891907,20.410054113,0.799391335
050100071003,2014,55.99474249,21.771849039,0.782158471
050100071003,2015,56.195762464,20.862435268,0.777423268
050100071003,2016,46.070577743,15.10487148,0.775040032
050100071003,2017,84.749237712,29.514081403,0.80153782
050100071003,2018,87.142887797,30.336662195,0.813660464
050100071003,2019,77.391078046,30.870205545,0.78273704
050100071004,2010,56.484134103,21.897449063,0.777780464
050100071004,2011,89.558517908,32.750728515,0.810817445
050100071004,2012,60.692790093,24.103853698,0.777655777
050100071004,2013,56.260414332,22.549588012,0.804117305
050100071004,2014,58.170996128,24.477162215,0.783439375
050100071004,2015,55.047020859,22.7881616,0.774070568
050100071004,2016,47.731099362,17.066026949,0.779566933
050100071004,2017,85.696940924,32.359476829,0.79740758
050100071004,2018,90.459966995,33.546944952,0.814982191
050100071004,2019,77.527750245,33.532648352,0.780726841
050100071005,2010,57.859249655,6.759048119,0.750307161
050100071005,2011,88.896885442,9.535405082,0.812600216
050100071005,2012,58.576433947,7.634824288,0.771441198
050100071005,2013,53.782898712,7.410886887,0.793106765
050100071005,2014,57.308060571,7.595372459,0.786048908
050100071005,2015,49.497850515,6.805756108,0.759718402
050100071005,2016,47.706066496,6.01727601,0.756023885
050100071005,2017,88.873987033,9.432775043,0.79749051
050100071005,2018,85.230502032,9.538684054,0.799057143
050100071005,2019,74.617951866,9.131737139,0.752143012
050100071006,2010,54.814249138,19.120793074,0.773868727
050100071006,2011,93.601575901,33.053229235,0.819452729
050100071006,2012,61.567901126,23.413408979,0.788867229
050100071006,2013,59.444633801,22.334900208,0.818224369
050100071006,2014,56.114973436,21.826892172,0.803212366
050100071006,2015,54.850538035,20.199569479,0.782796463
050100071006,2016,47.777412865,16.591373351,0.770802478
050100071006,2017,86.436541512,30.436251453,0.81973442
050100071006,2018,85.702579698,31.308501176,0.815632298
050100071006,2019,77.589918266,30.294466817,0.779453683
050100071007,2010,41.353397943,10.605433718,0.70185495
050100071007,2011,77.759160271,21.256765643,0.789431739
050100071007,2012,47.479942704,13.205810261,0.72619299
050100071007,2013,47.6115341,13.149289487,0.729025051
050100071007,2014,48.477669828,13.205125874,0.763160718
050100071007,2015,44.4635256,13.834468265,0.723520277
050100071007,2016,39.002682389,9.566498216,0.721389784
050100071007,2017,80.290814687,19.869169844,0.805873851
050100071007,2018,72.992417743,19.96749818,0.765965466
050100071007,2019,61.127987513,18.145013039,0.739411867
050100071008,2010,46.631661268,13.835719576,0.731947235
050100071008,2011,80.000471722,23.476120113,0.806937673
050100071008,2012,50.368101263,16.066195717,0.743515785
050100071008,2013,49.685383632,16.07837328,0.765649478
050100071008,2014,50.2983608,16.257718049,0.777823151
050100071008,2015,47.105753239,15.638666612,0.741264035
050100071008,2016,42.665171436,12.337139466,0.741868161
050100071008,2017,80.316477345,22.893007255,0.810494887
050100071008,2018,74.551915982,22.552544352,0.781020218
050100071008,2019,66.613181292,21.686215487,0.753709291
050100080101,2010,50.014610537,7.345791832,0.749917681
050100080101,2011,84.052089447,10.2736632,0.791166091
050100080101,2012,57.317292949,7.76292286,0.759079813
050100080101,2013,55.15657446,8.790178418,0.786203952
050100080101,2014,44.568125828,7.443066063,0.761631003
050100080101,2015,44.334086057,6.943291366,0.743471408
050100080101,2016,49.413942885,7.122807486,0.762991705
050100080101,2017,71.697058708,9.724423539,0.786572883
050100080101,2018,79.367736464,10.763504837,0.794298729
050100080101,2019,65.765126926,9.299332642,0.751905076
050100080102,2010,48.013573676,7.198707829,0.725392806
050100080102,2011,83.645353665,11.413779012,0.787337917
050100080102,2012,53.568284018,8.213022866,0.746466236
050100080102,2013,51.068625015,8.600669644,0.765867744
050100080102,2014,48.311345406,8.024892086,0.7555602
050100080102,2015,50.528919264,7.958729528,0.733973353
050100080102,2016,47.037241956,7.303137493,0.743984953
050100080102,2017,76.642805107,10.952158273,0.783120936
050100080102,2018,83.523583108,11.924972319,0.791835995
050100080102,2019,68.572396701,10.501148373,0.746623437
050100080103,2010,43.828233035,7.252367926,0.715603687
050100080103,2011,74.983443666,10.985573627,0.787459325
050100080103,2012,52.07394267,8.318282842,0.717429073
050100080103,2013,50.697223536,8.390398391,0.740184625
050100080103,2014,38.988992257,7.46718632,0.724276314
050100080103,2015,43.156719414,7.639818731,0.713777272
050100080103,2016,43.282748948,6.942436899,0.720445535
050100080103,2017,62.91687262,9.236960662,0.77036988
050100080103,2018,66.329748096,10.454364806,0.751923512
050100080103,2019,62.095392069,10.018277413,0.732781135
050100080104,2010,47.42028561,7.115544332,0.726104694
050100080104,2011,83.058164713,10.749893194,0.789929474
050100080104,2012,54.489574911,7.901470514,0.742198293
050100080104,2013,52.074948181,8.474790994,0.760895442
050100080104,2014,43.885081922,7.471098281,0.745685585
050100080104,2015,49.146595194,7.681891475,0.741785679
050100080104,2016,46.392988695,7.081169461,0.741479506
050100080104,2017,72.847712323,9.847494705,0.778726558
050100080104,2018,76.135755095,10.85455141,0.778397997
050100080104,2019,66.619588564,9.825151498,0.745849056
050100080105,2010,48.686875063,7.565711037,0.729934118
050100080105,2011,89.982059534,11.493409076,0.790341422
050100080105,2012,55.554985903,8.572408091,0.746051477
050100080105,2013,53.104881297,8.853054466,0.756482093
050100080105,2014,43.986316142,7.806536861,0.745093225
050100080105,2015,55.008469791,8.560658086,0.753187161
050100080105,2016,45.126105118,7.204434595,0.728831755
050100080105,2017,73.962738392,10.774617548,0.772670014
050100080105,2018,75.923226705,11.455704831,0.778668387
050100080105,2019,67.773401815,10.355358672,0.741002173
050100080106,2010,53.14371312,7.592017825,0.736499287
050100080106,2011,90.868396614,11.675260988,0.800183721
050100080106,2012,59.337371776,8.675960902,0.758852105
050100080106,2013,54.820306081,8.842442251,0.768154057
050100080106,2014,48.425451299,8.145857784,0.761104186
050100080106,2015,57.284807852,8.567619706,0.761197274
050100080106,2016,47.112356413,7.608403526,0.739479933
050100080106,2017,81.751414665,11.233644923,0.788022783
050100080106,2018,82.826543535,12.012746624,0.790453966
050100080106,2019,70.719911317,10.72633698,0.75489557
050100080107,2010,48.011810544,7.563437215,0.726806012
050100080107,2011,84.685183874,11.564555014,0.78991713
050100080107,2012,53.366962257,8.643434844,0.745469746
050100080107,2013,51.003646805,9.082564758,0.758450883
050100080107,2014,41.807256721,7.97372443,0.745705572
050100080107,2015,52.040438571,8.640774619,0.751602297
050100080107,2016,40.201458744,7.25792785,0.722715004
050100080107,2017,76.248719818,11.011802172,0.775135306
050100080107,2018,73.722716883,11.510390582,0.777946941
050100080107,2019,62.147729567,10.41122315,0.736190825
050100080108,2010,46.83761071,6.937296169,0.736003307
050100080108,2011,80.845843886,10.632579587,0.80126262
050100080108,2012,48.801419838,7.785984319,0.75247546
050100080108,2013,50.344442112,8.195126092,0.775481625
050100080108,2014,43.539226688,7.651889418,0.763166874
050100080108,2015,47.557536312,7.773800407,0.75691394
050100080108,2016,40.881852657,6.877785321,0.742534781
050100080108,2017,77.03086349,10.277002228,0.792208082
050100080108,2018,73.940374936,10.747900706,0.78727625
050100080108,2019,63.856081351,9.641492204,0.752456905
050100080201,2010,33.51349616,12.334020223,0.668417433
050100080201,2011,64.006486713,20.633575625,0.775491087
050100080201,2012,42.323638418,14.911256607,0.709120298
050100080201,2013,41.618031391,15.591101578,0.722075452
050100080201,2014,41.258187272,15.096252479,0.739545214
050100080201,2015,35.823623073,14.346649902,0.681555138
050100080201,2016,31.730673368,11.030681057,0.699808215
050100080201,2017,65.342264458,20.345928409,0.778339029
050100080201,2018,66.069308845,21.486645962,0.759869525
050100080201,2019,51.963103069,18.826231453,0.717726469
050100080202,2010,34.480432766,12.163024348,0.673010387
050100080202,2011,63.77856119,19.706250466,0.768829306
050100080202,2012,41.20127142,14.07442406,0.700739781
050100080202,2013,41.520349016,14.848965486,0.71811118
050100080202,2014,40.457944974,14.554864438,0.735256207
050100080202,2015,35.862139426,14.088970939,0.680236852
050100080202,2016,32.762188733,10.94990722,0.704167808
050100080202,2017,64.527178062,19.736948795,0.78062694
050100080202,2018,68.03803968,20.915926555,0.757105734
050100080202,2019,51.592774352,18.416566272,0.719848871
050100080203,2010,30.266494541,8.596119147,0.643856677
050100080203,2011,50.741080513,11.681837418,0.752421932
050100080203,2012,30.445136241,9.373921122,0.67591787
050100080203,2013,34.452847675,10.13905184,0.70610646
050100080203,2014,29.282460575,9.449985253,0.706461297
050100080203,2015,30.225441816,9.472734903,0.684738917
050100080203,2016,26.015102982,8.475853239,0.672456408
050100080203,2017,47.930569674,11.651674726,0.752287844
050100080203,2018,53.828936147,12.529059913,0.721793895
050100080203,2019,40.243935721,11.56215563,0.695256359
050100080204,2010,30.211788872,10.164436889,0.65696564
050100080204,2011,54.190308719,15.527787097,0.747235057
050100080204,2012,33.28693565,10.843074168,0.680074914
050100080204,2013,34.995411663,11.537953028,0.71020059
050100080204,2014,30.480898995,10.485740614,0.71497871
050100080204,2015,28.595178805,9.977204667,0.664350803
050100080204,2016,29.318109683,8.319299078,0.709246524
050100080204,2017,57.960257405,16.469861724,0.768956677
050100080204,2018,66.553425984,18.20048025,0.781814115
050100080204,2019,47.735910908,13.948216553,0.725243987
050100080205,2010,31.585985186,12.042530838,0.657730161
050100080205,2011,56.825728241,18.032766203,0.752519264
050100080205,2012,34.900086616,13.03146567,0.677678444
050100080205,2013,37.968637485,13.94602434,0.713345804
050100080205,2014,31.775726612,12.504958572,0.711083778
050100080205,2015,31.610705316,12.344743007,0.666916339
050100080205,2016,30.181270438,9.961976579,0.695306799
050100080205,2017,57.357878835,17.976624233,0.763668025
050100080205,2018,71.353413303,20.972927502,0.773632873
050100080205,2019,46.091924109,16.445857784,0.707724789
050100090101,2010,42.251132358,7.676315908,0.707713648
050100090101,2011,66.511575662,9.386626654,0.782955315
050100090101,2012,53.134429068,9.287398291,0.777319093
050100090101,2013,53.437445142,9.23757083,0.770121109
050100090101,2014,43.153400655,8.533186402,0.770318958
050100090101,2015,49.119107174,8.371636781,0.73032331
050100090101,2016,45.066877647,8.147159645,0.755354844
050100090101,2017,77.067081151,11.11070937,0.781670758
050100090101,2018,85.32722272,11.037560662,0.798255662
050100090101,2019,66.079008328,10.491739288,0.762966528
050100090102,2010,38.138668847,8.07235685,0.701150286
050100090102,2011,58.545602814,9.639324162,0.774709261
050100090102,2012,46.465590957,9.619243118,0.765369226
050100090102,2013,50.792592908,9.950648364,0.769740526
050100090102,2014,38.451860128,8.914375475,0.765916688
050100090102,2015,41.652728706,8.560788812,0.723833013
050100090102,2016,40.676249136,8.517467515,0.74804254
050100090102,2017,65.471471419,11.171204417,0.776005555
050100090102,2018,73.845342656,11.069090285,0.788396225
050100090102,2019,57.597369265,10.737905015,0.756809838
050100090103,2010,41.833003437,8.244056053,0.70571971
050100090103,2011,58.040711153,9.754599562,0.752790398
050100090103,2012,41.715655578,8.908061559,0.743487426
050100090103,2013,48.481040646,9.538634646,0.754397293
050100090103,2014,35.99687052,8.586167586,0.74677287
050100090103,2015,39.835002869,8.546563046,0.714774063
050100090103,2016,37.691752619,8.03795124,0.72708348
050100090103,2017,65.165991424,11.398041842,0.764083233
050100090103,2018,77.550221741,11.582119798,0.777207746
050100090103,2019,60.043004382,11.153593619,0.744992391
050100090104,2010,45.843096944,8.624709483,0.648170659
050100090104,2011,56.265464821,9.776195008,0.722461861
050100090104,2012,39.398459759,8.524768815,0.670270691
050100090104,2013,46.696591697,9.324219149,0.710426308
050100090104,2014,39.153500924,9.045835764,0.709274183
050100090104,2015,33.916591534,7.652618825,0.663495058
050100090104,2016,34.567332117,7.504359278,0.671582832
050100090104,2017,64.545324962,11.175043824,0.718748857
050100090104,2018,78.568048575,11.406652721,0.722646948
050100090104,2019,60.18460336,10.934225006,0.687179795
050100090105,2010,43.993101058,7.686326721,0.706866892
050100090105,2011,58.280606448,8.886912002,0.756663325
050100090105,2012,42.258537155,8.073457213,0.732948349
050100090105,2013,52.664341937,8.932067762,0.763814661
050100090105,2014,38.029498038,8.280502365,0.75546233
050100090105,2015,39.563088266,7.84606937,0.715204802
050100090105,2016,36.323864874,7.178437594,0.715349683
050100090105,2017,71.700502129,10.405224383,0.767861914
050100090105,2018,81.834357577,10.647342301,0.778587558
050100090105,2019,60.358689225,9.871905914,0.742054285
050100090201,2010,46.960035482,32.113704032,0.667467208
050100090201,2011,56.329368267,33.741003579,0.738306728
050100090201,2012,42.04692579,30.174817986,0.68890086
050100090201,2013,44.712615062,31.630065646,0.744276619
050100090201,2014,45.207058252,32.618771271,0.718498053
050100090201,2015,38.092906364,28.465072058,0.690262902
050100090201,2016,36.470411926,26.771200317,0.704582833
050100090201,2017,55.161839094,34.570171039,0.741554732
050100090201,2018,72.070891235,40.274523373,0.755149867
050100090201,2019,57.380763709,38.218982503,0.689444244
050100090202,2010,51.206720258,32.452105224,0.671256993
050100090202,2011,61.768213884,34.499258729,0.74098748
050100090202,2012,46.016868915,30.599265302,0.688919818
050100090202,2013,50.313445382,32.183578007,0.743876968
050100090202,2014,48.268344654,32.364663767,0.717420015
050100090202,2015,43.295068709,29.415336843,0.693789341
050100090202,2016,41.32408766,28.095556778,0.705962704
050100090202,2017,59.84933796,34.324085692,0.738536709
050100090202,2018,80.103197658,40.276334093,0.756398139
050100090202,2019,62.687269219,38.317844612,0.691037986
050100090301,2010,37.269490184,12.898131528,0.74007722
050100090301,2011,55.925513474,18.12547005,0.831550796
050100090301,2012,33.509423345,12.565952046,0.745247199
050100090301,2013,39.663736679,13.26763934,0.796963401
050100090301,2014,35.782292077,12.678699961,0.807638869
050100090301,2015,31.038141354,11.026154182,0.754947601
050100090301,2016,31.706519844,10.789545143,0.771934017
050100090301,2017,61.194976776,18.665973054,0.854176155
050100090301,2018,73.773572779,20.661325368,0.872377683
050100090301,2019,58.816588479,19.639761533,0.789144166
050100090302,2010,36.325750329,8.481643782,0.709489189
050100090302,2011,60.825350909,14.098791646,0.811557895
050100090302,2012,37.61316399,9.580445349,0.714900353
050100090302,2013,38.830014214,9.043500822,0.754550913
050100090302,2014,36.653938777,8.612469211,0.774754926
050100090302,2015,34.943962087,8.620083521,0.722995544
050100090302,2016,32.94994628,5.721975585,0.722170443
050100090302,2017,57.527685548,10.773812402,0.800659395
050100090302,2018,74.510700142,15.073271391,0.822550447
050100090302,2019,54.870913228,11.862572457,0.755658212
050100090303,2010,29.060984066,6.482811577,0.646142357
050100090303,2011,44.360622469,7.85569288,0.77079099
050100090303,2012,22.173923767,5.692460839,0.659988621
050100090303,2013,30.736309269,6.13487663,0.720844598
050100090303,2014,30.47365489,6.647548363,0.745132776
050100090303,2015,25.778541504,6.002107835,0.695218253
050100090303,2016,24.14622215,5.091347931,0.686134684
050100090303,2017,39.738759483,6.80276505,0.753825968
050100090303,2018,55.87792425,8.164284981,0.765070739
050100090303,2019,42.319927672,8.364529822,0.703935767
050100090304,2010,48.255195711,8.956405069,0.727434737
050100090304,2011,72.44398082,13.046720139,0.800914141
050100090304,2012,43.951866429,8.332388341,0.722652754
050100090304,2013,49.967481957,9.606257829,0.768874031
050100090304,2014,46.158822285,9.008564394,0.774897507
050100090304,2015,46.05366863,8.843051374,0.741470765
050100090304,2016,45.353392037,7.040020655,0.754802089
050100090304,2017,72.31123991,12.782140185,0.814920286
050100090304,2018,92.93319659,14.981356969,0.838093818
050100090304,2019,67.102756354,12.792866433,0.763108367
050100090305,2010,48.440795283,4.683687979,0.64083244
050100090305,2011,76.14253535,7.467482735,0.676451703
050100090305,2012,45.868938977,2.926402057,0.635532011
050100090305,2013,53.383006626,5.52752642,0.684482825
050100090305,2014,48.657325404,5.080953132,0.669744852
050100090305,2015,48.784300676,5.789399593,0.640239535
050100090305,2016,43.539405896,2.014623571,0.618660914
050100090305,2017,63.476810089,4.535131453,0.695961261
050100090305,2018,90.537848295,8.452278892,0.723640289
050100090305,2019,63.219764663,6.147366718,0.648740016
050100090306,2010,37.549346933,10.725783356,0.700286507
050100090306,2011,54.459789317,15.496175782,0.741293335
050100090306,2012,30.748375114,8.14583963,0.685220461
050100090306,2013,40.628617579,11.890163228,0.742444731
050100090306,2014,36.535124114,11.574391595,0.725762211
050100090306,2015,35.071880305,11.56623199,0.687940633
050100090306,2016,26.99288777,6.600152406,0.696381188
050100090306,2017,44.304437797,11.069742762,0.752156436
050100090306,2018,71.182024245,17.538894325,0.77970783
050100090306,2019,45.227018791,13.518753049,0.702158539
050100090307,2010,50.394991377,12.932280744,0.732097784
050100090307,2011,66.11340601,17.908187595,0.811810901
050100090307,2012,48.732414482,12.731043886,0.754403164
050100090307,2013,53.674959437,13.534602169,0.775242153
050100090307,2014,46.526953973,12.748395779,0.776230773
050100090307,2015,47.633476475,12.616460959,0.761540929
050100090307,2016,43.042572181,10.431317881,0.762319639
050100090307,2017,62.680238608,16.025549203,0.792853376
050100090307,2018,85.65940091,20.945258225,0.837643295
050100090307,2019,57.324621615,15.929913879,0.755107042
050100090308,2010,58.524007215,11.015390701,0.609442465
050100090308,2011,76.167525928,13.888853422,0.642208741
050100090308,2012,56.034807967,10.105756452,0.61110173
050100090308,2013,60.5351628,11.79213524,0.63717483
050100090308,2014,52.551481566,11.114009269,0.627012496
050100090308,2015,54.553470578,11.312275667,0.611830974
050100090308,2016,48.132697541,8.743467077,0.600285384
050100090308,2017,67.631715882,11.637145794,0.642423387
050100090308,2018,95.900810869,15.372994378,0.674772815
050100090308,2019,63.769948191,12.558448877,0.612624516
050200030309,2010,44.864036026,10.881492452,0.732495527
050200030309,2011,70.062219968,17.661372811,0.783982273
050200030309,2012,45.824096894,11.279812054,0.748891973
050200030309,2013,42.925380552,10.028836916,0.790927315
050200030309,2014,42.162914686,12.335392704,0.764946225
050200030309,2015,49.394794437,12.825399127,0.760725179
050200030309,2016,34.100220164,9.387187421,0.70911065
050200030309,2017,49.395586237,11.982400445,0.80415242
050200030309,2018,70.714997125,16.853285783,0.806539326
050200030309,2019,45.700484409,13.776246542,0.719617453
050200040601,2010,60.028747906,5.529459142,0.772917578
050200040601,2011,112.481796957,8.747450111,0.817926446
050200040601,2012,73.903426331,6.361711845,0.789407632
050200040601,2013,82.271175209,6.37593762,0.816051719
050200040601,2014,60.137260872,5.900463329,0.804570179
050200040601,2015,70.2801861,6.311384799,0.767507849
050200040601,2016,56.628451545,5.431614992,0.788187903
050200040601,2017,75.530068361,6.908480019,0.8122987
050200040601,2018,102.452116181,8.466346,0.81195748
050200040601,2019,70.172431831,6.669148586,0.753350863
050200040602,2010,55.20341807,4.065367497,0.728453827
050200040602,2011,104.256922802,6.614935889,0.78980022
050200040602,2012,68.025308684,4.687779039,0.739325812
050200040602,2013,79.579192328,4.997277739,0.785886664
050200040602,2014,56.463595491,4.472858463,0.762798404
050200040602,2015,66.11090747,4.789837307,0.738135861
050200040602,2016,52.538377465,3.968306877,0.734280972
050200040602,2017,67.741679815,5.087223202,0.786962154
050200040602,2018,98.714870427,6.54708715,0.79379366
050200040602,2019,67.076474995,5.049816134,0.722617531
050200040604,2010,54.08561106,4.494229028,0.723764765
050200040604,2011,98.708809907,6.738541268,0.791539765
050200040604,2012,66.078125844,5.087780404,0.744696104
050200040604,2013,61.12256363,4.489274667,0.76260193
050200040604,2014,63.836375299,5.407810856,0.781136122
050200040604,2015,70.846638531,5.735960476,0.744968151
050200040604,2016,48.342885671,4.157340589,0.729221218
050200040604,2017,71.317465504,5.587636306,0.780925984
050200040604,2018,97.270387863,6.853913592,0.793206382
050200040604,2019,64.442645969,5.384454507,0.735191538
050200040605,2010,51.101107543,4.877177883,0.712751302
050200040605,2011,94.012152836,8.192069947,0.780518403
050200040605,2012,60.659553469,5.584902954,0.729290185
050200040605,2013,51.623347036,4.981811401,0.762681094
050200040605,2014,56.621926382,5.695354679,0.767836456
050200040605,2015,63.877189376,5.921739584,0.751829085
050200040605,2016,41.436052565,4.149488156,0.709430821
050200040605,2017,62.092341712,5.920166386,0.769574095
050200040605,2018,90.18672944,7.998556659,0.786627726
050200040605,2019,56.445979382,5.546008142,0.718978845
050200040707,2010,51.402127997,17.080735919,0.671539622
050200040707,2011,89.924557701,27.938180891,0.766876843
050200040707,2012,57.904542269,18.57640261,0.68805194
050200040707,2013,52.115786212,15.793638458,0.702427774
050200040707,2014,54.422445659,20.766208997,0.714256475
050200040707,2015,62.972240162,23.402921241,0.70851028
050200040707,2016,41.538494017,15.053482808,0.64705869
050200040707,2017,54.727300262,15.964699756,0.732079255
050200040707,2018,87.582309885,27.585045845,0.766610276
050200040707,2019,58.02319004,20.765620208,0.690565192
050200050101,2010,35.493906866,1.366258828,0.670515648
050200050101,2011,47.392374892,1.764308285,0.730837366
050200050101,2012,30.847481676,1.591195327,0.67897574
050200050101,2013,36.298820999,1.599246867,0.721425492
050200050101,2014,24.355809307,1.299091872,0.675798599
050200050101,2015,34.817573092,1.388814701,0.69129024
050200050101,2016,26.398174326,1.075805211,0.655877294
050200050101,2017,43.951310913,1.67738466,0.744648855
050200050101,2018,57.72124125,1.934319949,0.738094101
050200050101,2019,31.582458524,1.455385841,0.636026987
050200050102,2010,43.302068268,2.862184456,0.719177998
050200050102,2011,67.739843054,3.644758382,0.772791812
050200050102,2012,42.428450895,3.089194395,0.700502345
050200050102,2013,45.511137117,3.030619551,0.764059639
050200050102,2014,37.009683636,2.898638461,0.73343611
050200050102,2015,62.605849156,3.452864565,0.7523156
050200050102,2016,40.799044677,3.185135994,0.721073191
050200050102,2017,65.140499542,3.678304132,0.76156915
050200050102,2018,77.50703708,3.933267098,0.779418475
050200050102,2019,43.653234532,3.242875081,0.695932791
050200050103,2010,35.97921059,1.72664527,0.679979248
050200050103,2011,51.462429675,2.198241998,0.738458143
050200050103,2012,33.59660202,1.956320061,0.681158281
050200050103,2013,36.928957032,1.906601138,0.728302492
050200050103,2014,26.669124958,1.664382928,0.684316672
050200050103,2015,42.498714271,1.900156268,0.704600583
050200050103,2016,30.550409135,1.63781168,0.671037099
050200050103,2017,51.959018536,2.206936972,0.747297082
050200050103,2018,62.925983519,2.415353951,0.74620872
050200050103,2019,35.477378881,1.926535181,0.653460953
050200050104,2010,40.565604868,2.759413554,0.712239881
050200050104,2011,65.255162909,3.512781655,0.766625559
050200050104,2012,40.088780402,2.986153355,0.693978037
050200050104,2013,43.296416828,2.905241203,0.757542839
050200050104,2014,35.47064154,2.795646972,0.727564118
050200050104,2015,58.072670871,3.327414341,0.745835426
050200050104,2016,38.589948499,3.074975218,0.713722588
050200050104,2017,62.666198262,3.56381068,0.756056316
050200050104,2018,72.009712004,3.760735132,0.770492503
050200050104,2019,41.371650231,3.142134717,0.687706497
050200050105,2010,33.030891145,1.39188991,0.667200083
050200050105,2011,46.296186022,1.790938009,0.73103339
050200050105,2012,29.556405139,1.644766685,0.677879641
050200050105,2013,34.324279014,1.634061177,0.720656011
050200050105,2014,23.537381816,1.328651544,0.67293039
050200050105,2015,34.1786482,1.440682713,0.691128363
050200050105,2016,25.315080444,1.127976832,0.653032983
050200050105,2017,41.760914406,1.694836493,0.741618338
050200050105,2018,57.037813532,2.022861483,0.73967384
050200050105,2019,31.063202777,1.527656804,0.637103628
050200050107,2010,37.725068731,1.432407443,0.683263405
050200050107,2011,56.438927152,1.830069537,0.757473257
050200050107,2012,36.959584468,1.558761876,0.704951964
050200050107,2013,38.444898795,1.593233242,0.746189973
050200050107,2014,29.513217778,1.357515178,0.70858562
050200050107,2015,43.079814353,1.593800677,0.739592322
050200050107,2016,31.708158254,1.349592726,0.687453329
050200050107,2017,46.37147136,1.766585081,0.756992776
050200050107,2018,68.775488098,2.031297933,0.769506245
050200050107,2019,37.493038755,1.605668293,0.686434755
050200050108,2010,35.359347117,1.723547497,0.684604896
050200050108,2011,55.565605451,2.176243712,0.74446742
050200050108,2012,36.11496415,1.868639946,0.691079756
050200050108,2013,33.772242617,1.738451138,0.721214517
050200050108,2014,29.83510086,1.666503403,0.701937174
050200050108,2015,43.161688888,1.915570957,0.729223913
050200050108,2016,30.603612519,1.584162387,0.683884788
050200050108,2017,44.903301558,2.05409612,0.749506796
050200050108,2018,63.701413013,2.385076016,0.742247041
050200050108,2019,35.706379513,1.913254285,0.667972268
050200050109,2010,32.682504168,1.610963894,0.66228507
050200050109,2011,54.599829517,2.207947824,0.749410246
050200050109,2012,32.78509033,1.670573906,0.68740903
050200050109,2013,34.589393913,1.649556404,0.731644541
050200050109,2014,25.780790941,1.469492133,0.682137129
050200050109,2015,40.555578876,1.818661575,0.717593935
050200050109,2016,26.487478467,1.374755045,0.660120612
050200050109,2017,39.599875421,1.873603612,0.738751253
050200050109,2018,61.652050556,2.30371895,0.754042454
050200050109,2019,35.495713501,1.86286962,0.665048718
050200050201,2010,37.206937671,3.670778553,0.685090211
050200050201,2011,63.917663481,5.150648506,0.759080525
050200050201,2012,39.276285179,4.148127549,0.69684993
050200050201,2013,46.598287354,4.589586696,0.752122041
050200050201,2014,36.298981545,4.171787658,0.722716878
050200050201,2015,44.869965992,4.448329466,0.728155044
050200050201,2016,29.895728217,3.682388081,0.680330839
050200050201,2017,37.260206556,4.272620211,0.723091688
050200050201,2018,62.674652894,5.10878647,0.765688595
050200050201,2019,44.026307349,4.452098221,0.705476673
050200050202,2010,34.83986482,10.519878291,0.663185972
050200050202,2011,54.928621736,14.132676007,0.731402821
050200050202,2012,33.55725776,11.38152366,0.661723367
050200050202,2013,42.846761019,12.608079001,0.722724519
050200050202,2014,31.458543111,11.618607087,0.685797577
050200050202,2015,40.62115387,11.990483328,0.697184144
050200050202,2016,25.368949582,9.038786552,0.639643987
050200050202,2017,34.13196843,11.007954118,0.696197611
050200050202,2018,54.949199698,13.269161781,0.726272082
050200050202,2019,38.487676399,12.324414694,0.65573129
050200050203,2010,35.902817416,7.308666387,0.678659166
050200050203,2011,59.256551792,9.919861572,0.751405209
050200050203,2012,36.576414002,7.979994827,0.685255718
050200050203,2013,44.852341019,8.836577944,0.743361183
050200050203,2014,34.0068765,8.111439169,0.707964143
050200050203,2015,42.465096636,8.454598449,0.717988855
050200050203,2016,28.444251435,6.557107257,0.663600905
050200050203,2017,36.207764722,7.863576399,0.715620697
050200050203,2018,58.889020441,9.471788931,0.752345513
050200050203,2019,40.44992417,8.620812422,0.685430159
050200050301,2010,41.322797005,11.822569331,0.661134642
050200050301,2011,43.85318696,11.888389405,0.709527923
050200050301,2012,32.002801863,10.388644863,0.656754699
050200050301,2013,36.198420981,11.634966423,0.71031889
050200050301,2014,27.104427467,10.672003478,0.688107458
050200050301,2015,29.353414004,10.205188307,0.666500559
050200050301,2016,24.876320242,7.828756703,0.651729034
050200050301,2017,36.170502078,11.033090302,0.704768097
050200050301,2018,52.955159122,13.122937263,0.715686897
050200050301,2019,33.954044102,13.856095471,0.635337726
050200050302,2010,37.185946264,10.332307514,0.634307784
050200050302,2011,41.444990288,10.378392232,0.700810466
050200050302,2012,31.123042455,9.127268142,0.641521976
050200050302,2013,37.221124025,11.434634346,0.690315846
050200050302,2014,28.483305694,10.437292573,0.689654525
050200050302,2015,26.810669384,9.412487935,0.637695014
050200050302,2016,24.147794161,7.257139925,0.63748967
050200050302,2017,34.473758391,9.689459705,0.686027121
050200050302,2018,51.414355952,11.780640129,0.705786617
050200050302,2019,32.195767027,12.170722567,0.623462653
050200050303,2010,38.262930563,12.161075156,0.644808013
050200050303,2011,42.315579665,11.460907733,0.709943552
050200050303,2012,30.285583583,9.995088057,0.649750286
050200050303,2013,37.010117622,12.84845834,0.698493862
050200050303,2014,26.063444448,11.176273401,0.679677565
050200050303,2015,30.318475545,11.615866973,0.663030926
050200050303,2016,23.657960749,9.266928748,0.636119439
050200050303,2017,33.941123199,10.89502076,0.69487077
050200050303,2018,51.217673802,13.041160622,0.718232838
050200050303,2019,32.506349482,13.806750347,0.62277355
050200050304,2010,33.140105452,8.148306237,0.623887592
050200050304,2011,39.968829198,8.816498544,0.704809031
050200050304,2012,25.326271096,7.366148723,0.622704904
050200050304,2013,32.98752844,9.275852461,0.696854576
050200050304,2014,28.391365128,8.925301409,0.707239586
050200050304,2015,24.288477924,7.936532689,0.650695769
050200050304,2016,21.576855908,6.596658033,0.646000828
050200050304,2017,32.431357102,8.530829838,0.69115462
050200050304,2018,48.151378313,9.974062545,0.718021925
050200050304,2019,28.002450371,9.316739202,0.611136908
050200050305,2010,37.76028883,12.222358212,0.638379769
050200050305,2011,46.18752686,12.275743652,0.715326714
050200050305,2012,33.015721204,10.402264597,0.658536597
050200050305,2013,36.542569429,11.972692789,0.689078435
050200050305,2014,26.394019059,10.49624896,0.6795382
050200050305,2015,30.424616205,10.443839102,0.670605497
050200050305,2016,25.704595929,8.685725676,0.65172769
050200050305,2017,36.11409896,11.7712911,0.691519316
050200050305,2018,50.759674013,12.924935175,0.706902123
050200050305,2019,32.770575223,12.808657162,0.624293904
050200050306,2010,32.641832529,5.587914298,0.607612921
050200050306,2011,39.786970138,6.049189016,0.707342702
050200050306,2012,25.23293537,4.989516043,0.637610692
050200050306,2013,29.309665618,6.34917763,0.682174631
050200050306,2014,24.089567644,5.820018729,0.673213753
050200050306,2015,24.009890885,5.409410695,0.652131215
050200050306,2016,20.402376265,4.459729781,0.631377649
050200050306,2017,29.187974999,5.736029423,0.687172432
050200050306,2018,46.105466459,6.857816464,0.695648954
050200050306,2019,26.721925948,6.095153323,0.601081244
050200050307,2010,30.124625439,8.021138858,0.605389766
050200050307,2011,37.219843842,7.905464094,0.698993628
050200050307,2012,25.019867995,6.620369596,0.633197057
050200050307,2013,29.685183718,8.420062561,0.66883421
050200050307,2014,23.258649145,7.620932061,0.656411418
050200050307,2015,25.347382759,7.301423509,0.642936706
050200050307,2016,21.1982556,5.882149756,0.621105524
050200050307,2017,29.388730201,7.386476935,0.679902194
050200050307,2018,42.778679206,8.963132099,0.686809347
050200050307,2019,28.230275485,9.148142932,0.594231496
050200050401,2010,29.86070861,4.483181845,0.637192929
050200050401,2011,41.346354075,4.791830358,0.730152071
050200050401,2012,21.635136436,4.564935047,0.634824016
050200050401,2013,31.112667809,4.724569742,0.706269508
050200050401,2014,24.737680724,4.708500304,0.70001804
050200050401,2015,26.014059456,4.535047929,0.68111539
050200050401,2016,22.774598548,4.276874674,0.681014108
050200050401,2017,30.70577807,4.431229324,0.702837504
050200050401,2018,46.149721759,4.812072843,0.717645531
050200050401,2019,27.274074743,5.069377611,0.625307529
050200050402,2010,31.819058147,8.466575159,0.628837003
050200050402,2011,41.007225228,8.702289826,0.718439336
050200050402,2012,23.023535852,7.728294332,0.627912568
050200050402,2013,34.898648053,7.941058152,0.693587821
050200050402,2014,26.998145056,8.046622991,0.695591112
050200050402,2015,27.525445148,7.63567673,0.671597309
050200050402,2016,23.741136331,6.52557404,0.668169786
050200050402,2017,32.203890321,7.410536117,0.685944554
050200050402,2018,45.919976548,8.40105564,0.705793233
050200050402,2019,28.90027265,9.216515178,0.619408472
050200050403,2010,30.735383189,13.49079397,0.60740836
050200050403,2011,43.026290939,14.256458932,0.714123921
050200050403,2012,21.736179944,9.841944212,0.614762721
050200050403,2013,30.693952875,11.619430105,0.669503058
050200050403,2014,27.69658621,11.957226848,0.681287345
050200050403,2015,25.271354855,11.177552231,0.640364202
050200050403,2016,18.748539095,7.452374614,0.638287321
050200050403,2017,32.630104558,12.390858496,0.682742013
050200050403,2018,45.472287582,14.44669252,0.694647797
050200050403,2019,31.351413929,15.279439902,0.602534164
050200050404,2010,30.801371217,13.611863404,0.609080989
050200050404,2011,40.070697092,14.391939873,0.714497077
050200050404,2012,20.360278263,9.889651825,0.612024879
050200050404,2013,29.628904072,11.760370137,0.671142402
050200050404,2014,26.734443066,12.07238233,0.68110147
050200050404,2015,24.217533433,11.276413199,0.642598389
050200050404,2016,16.991321736,7.501600149,0.633207251
050200050404,2017,31.528835299,12.509247282,0.685154867
050200050404,2018,44.037314932,14.606252788,0.694645057
050200050404,2019,29.75541833,15.367566912,0.602010211
050200050405,2010,32.016777792,9.66985907,0.608899641
050200050405,2011,41.328587598,10.30200386,0.713335454
050200050405,2012,22.952124669,7.487914109,0.623345016
050200050405,2013,30.973055807,8.782485445,0.67346922
050200050405,2014,26.926477605,8.899702065,0.681420868
050200050405,2015,26.089227944,8.380918687,0.647114675
050200050405,2016,19.748636339,5.849126115,0.633919622
050200050405,2017,31.237905278,8.826721501,0.684208131
050200050405,2018,45.287031987,10.427814108,0.696212189
050200050405,2019,30.247950615,11.31516007,0.601848524
050200050501,2010,37.223365938,10.93549742,0.689848261
050200050501,2011,57.164347237,15.127516754,0.744647075
050200050501,2012,37.974047343,11.126312754,0.693850291
050200050501,2013,41.200403595,10.9558408,0.779346014
050200050501,2014,30.757083714,10.065148817,0.708769845
050200050501,2015,42.403743649,11.886793676,0.73237559
050200050501,2016,31.021869464,9.369586301,0.670794515
050200050501,2017,43.193029364,12.265586163,0.745669652
050200050501,2018,67.324772642,16.02392325,0.769848036
050200050501,2019,40.878919451,13.665265611,0.679840194
050200050502,2010,39.129222613,11.651097582,0.692067242
050200050502,2011,64.216759144,16.96740237,0.755353578
050200050502,2012,39.918701168,11.799390702,0.697957285
050200050502,2013,45.436923039,11.813371688,0.776086095
050200050502,2014,32.091509233,10.576668507,0.700085614
050200050502,2015,49.694483905,14.011463348,0.755981314
050200050502,2016,31.892379319,9.533521391,0.680899309
050200050502,2017,44.764519824,12.649580444,0.7488616
050200050502,2018,67.239790353,16.800307678,0.798975404
050200050502,2019,45.371207253,14.223724756,0.68781907
050200050503,2010,38.155069694,11.717148279,0.692482912
050200050503,2011,63.276852689,17.435606996,0.756425823
050200050503,2012,40.277982546,12.135592759,0.700233131
050200050503,2013,44.481557152,12.239792231,0.777814795
050200050503,2014,33.014335969,11.086110461,0.705273191
050200050503,2015,47.584797865,13.796567176,0.74866198
050200050503,2016,32.123493358,9.913916251,0.674541615
050200050503,2017,44.396327197,13.026478959,0.749052411
050200050503,2018,70.822834419,17.999279299,0.7881201
050200050503,2019,45.922263726,15.066857797,0.69285835
050200050504,2010,36.663541283,11.09162896,0.696030523
050200050504,2011,55.48262982,15.294203055,0.746395343
050200050504,2012,37.393661334,11.273191759,0.697526747
050200050504,2013,41.422479708,11.164151288,0.783356566
050200050504,2014,30.789841307,10.220308475,0.712515544
050200050504,2015,40.099877151,11.981366743,0.73147268
050200050504,2016,30.920289632,9.506489828,0.679427697
050200050504,2017,42.174534523,12.417538716,0.747024124
050200050504,2018,63.36706212,16.19983671,0.772037989
050200050504,2019,41.017959124,13.828245612,0.682916674
050200050505,2010,36.341877389,11.290049541,0.702428136
050200050505,2011,52.835017492,15.582983108,0.752259966
050200050505,2012,35.774476554,11.418186912,0.699077882
050200050505,2013,40.899935009,11.424565726,0.791023463
050200050505,2014,30.470472798,10.432540463,0.72008495
050200050505,2015,39.426952318,12.247040843,0.738919901
050200050505,2016,30.519732681,9.654204481,0.688537761
050200050505,2017,41.294673511,12.62377532,0.752490161
050200050505,2018,60.452848852,16.487245581,0.778226772
050200050505,2019,40.078790424,14.017022779,0.684713918
050200050506,2010,38.638049072,11.874062723,0.677598265
050200050506,2011,61.060793715,16.839664742,0.735348632
050200050506,2012,37.149346053,11.275453596,0.660774663
050200050506,2013,41.73231471,10.11522377,0.739834637
050200050506,2014,33.716905223,11.002459958,0.704687571
050200050506,2015,48.653760184,14.440739294,0.734242526
050200050506,2016,32.118803208,9.284325544,0.670336648
050200050506,2017,46.339204484,13.43909551,0.738226713
050200050506,2018,62.494942388,15.919129024,0.746046672
050200050506,2019,45.230139575,15.672497219,0.655109942
050200050507,2010,38.626933221,10.780527618,0.67166325
050200050507,2011,58.387599294,14.860501964,0.741914632
050200050507,2012,35.229581031,9.907222697,0.664034467
050200050507,2013,42.091577197,9.527221309,0.750244341
050200050507,2014,34.52434526,9.829516486,0.709026033
050200050507,2015,39.441909351,11.305904427,0.715512001
050200050507,2016,30.627968524,7.890802344,0.668551101
050200050507,2017,46.33026491,11.875081562,0.742441878
050200050507,2018,61.99940783,14.743578941,0.754372114
050200050507,2019,41.207622806,12.956006742,0.659654306
050200050601,2010,45.608682557,19.343147789,0.738952065
050200050601,2011,77.454954265,27.280705157,0.818079924
050200050601,2012,49.703147984,20.82577643,0.760428308
050200050601,2013,61.490910561,23.935601044,0.807196253
050200050601,2014,45.238201483,20.54747863,0.767973205
050200050601,2015,54.579500548,22.911813616,0.786251083
050200050601,2016,39.809919799,18.128440804,0.73933383
050200050601,2017,54.970970094,23.033072322,0.776214369
050200050601,2018,70.007431689,27.329666367,0.811218333
050200050601,2019,54.444477652,21.007490713,0.740186922
050200050602,2010,35.207581985,10.5589642,0.727573493
050200050602,2011,56.942701237,14.553016238,0.799086618
050200050602,2012,36.277410382,10.416245146,0.728714911
050200050602,2013,43.586109763,12.895765764,0.767201746
050200050602,2014,30.178227355,10.296316717,0.750473306
050200050602,2015,38.769654012,12.974425526,0.776752899
050200050602,2016,25.638545079,8.548486788,0.706269319
050200050602,2017,42.614969067,13.520949163,0.765988105
050200050602,2018,60.280533414,16.751737028,0.798325539
050200050602,2019,37.231359658,10.140800492,0.707805166
050200050701,2010,34.023738966,4.646885788,0.687714173
050200050701,2011,53.961437972,6.435686314,0.79028502
050200050701,2012,31.771263984,4.673342477,0.691663915
050200050701,2013,39.416918511,5.316732163,0.748022732
050200050701,2014,31.730419378,5.332233798,0.741634029
050200050701,2015,34.749817496,5.216683637,0.722008275
050200050701,2016,27.787581793,3.908200981,0.699961521
050200050701,2017,46.09110284,5.391142778,0.770075977
050200050701,2018,59.710080495,6.368189942,0.76838099
050200050701,2019,39.337686095,5.239898367,0.700068363
050200050702,2010,37.536464053,6.520074155,0.704489563
050200050702,2011,58.943162386,9.663238423,0.820841145
050200050702,2012,35.688997105,6.830665845,0.713128402
050200050702,2013,40.418989018,7.409748151,0.76894219
050200050702,2014,33.130080985,7.357212159,0.755296025
050200050702,2015,35.974172051,7.076585937,0.748693244
050200050702,2016,29.402479081,6.008682031,0.718132188
050200050702,2017,50.840210078,8.550401389,0.797390241
050200050702,2018,55.935935178,8.681705066,0.764888531
050200050702,2019,40.435540723,7.297012911,0.72620885
050200050703,2010,65.145781455,20.369469106,0.455723292
050200050703,2011,85.86080919,23.300248902,0.490237448
050200050703,2012,60.438681189,19.029994639,0.462061443
050200050703,2013,67.069735717,20.996348228,0.481337516
050200050703,2014,57.51724214,20.268499908,0.47583958
050200050703,2015,59.729630546,19.140337781,0.460761656
050200050703,2016,54.420593879,17.640715069,0.455457773
050200050703,2017,74.970358201,22.144684951,0.465226018
050200050703,2018,98.082351673,24.572336358,0.516668297
050200050703,2019,69.753086366,21.592502143,0.472772268
050200050704,2010,56.508403053,15.616290273,0.491038742
050200050704,2011,73.6973836,18.150569137,0.533368841
050200050704,2012,51.236349215,14.485636131,0.497575335
050200050704,2013,56.898325197,16.366848533,0.522191503
050200050704,2014,49.311874746,15.465251939,0.515920349
050200050704,2015,51.21895278,14.619273992,0.502182689
050200050704,2016,45.132812843,13.06889615,0.491193785
050200050704,2017,65.109614872,17.297119967,0.509309142
050200050704,2018,82.348788026,19.439874836,0.554790271
050200050704,2019,58.582689093,16.55771041,0.503147912
050200050801,2010,26.885019795,5.727602319,0.584733095
050200050801,2011,46.634095866,12.771594344,0.638314645
050200050801,2012,18.832966156,3.400536459,0.541692063
050200050801,2013,30.965884956,5.691899674,0.6454867
050200050801,2014,23.635691384,6.714629413,0.608878908
050200050801,2015,23.574668748,6.694719927,0.573164277
050200050801,2016,14.630581862,1.590416535,0.532774049
050200050801,2017,30.543556276,5.743812747,0.632647999
050200050801,2018,46.192700898,10.407484883,0.654092586
050200050801,2019,29.00295632,9.422497428,0.547991059
050200050802,2010,31.886628573,9.343615479,0.626560334
050200050802,2011,52.552478994,14.799004106,0.681822291
050200050802,2012,29.542013875,8.954590926,0.602766703
050200050802,2013,40.122243216,10.768932176,0.684982671
050200050802,2014,28.144710946,9.684322909,0.653263346
050200050802,2015,30.230252974,9.507109,0.638832192
050200050802,2016,21.885755283,6.061740813,0.586159826
050200050802,2017,38.256459907,10.425651372,0.684468787
050200050802,2018,54.618446855,14.569852789,0.695046514
050200050802,2019,34.564686451,12.46828079,0.594034726
050200050803,2010,34.014366618,5.610568045,0.572388668
050200050803,2011,55.339598032,9.655554762,0.621010014
050200050803,2012,26.41713464,3.936751378,0.532376584
050200050803,2013,37.223790401,5.897158126,0.623251654
050200050803,2014,28.710996767,6.175243817,0.597240521
050200050803,2015,29.617116714,5.814813135,0.551322195
050200050803,2016,22.454632767,3.153148083,0.520033765
050200050803,2017,41.612147201,5.734786915,0.616160313
050200050803,2018,55.752773865,9.083352745,0.638222851
050200050803,2019,34.031263727,7.450573462,0.553056218
050200050804,2010,26.207729709,10.502255074,0.579465757
050200050804,2011,34.413060032,11.954075602,0.668283147
050200050804,2012,18.83339489,8.71583533,0.571510769
050200050804,2013,28.907738418,12.22454522,0.646043849
050200050804,2014,19.604634077,9.402274846,0.617391734
050200050804,2015,19.264852423,9.16227511,0.578166504
050200050804,2016,14.07442916,7.59099768,0.58526921
050200050804,2017,27.234762165,10.584460623,0.639017411
050200050804,2018,41.754798845,13.788012601,0.664478917
050200050804,2019,23.834580385,11.623579003,0.55750172
050200050805,2010,32.277545754,10.81894169,0.662978615
050200050805,2011,45.600191109,14.409908782,0.723196518
050200050805,2012,26.671544748,9.530870522,0.645586678
050200050805,2013,31.900390117,10.981598414,0.711978751
050200050805,2014,25.134034009,9.897637101,0.677159203
050200050805,2015,23.889242801,8.842802934,0.652143445
050200050805,2016,16.280980107,6.118323616,0.634963762
050200050805,2017,36.891894652,13.119031029,0.725714608
050200050805,2018,51.1092819,14.528207569,0.727703065
050200050805,2019,29.91241689,11.486857502,0.633528911
050200050806,2010,41.569127414,14.515779208,0.671135281
050200050806,2011,60.305179392,19.820445559,0.743667746
050200050806,2012,38.591019067,13.259913066,0.677928683
050200050806,2013,43.111332406,14.701266568,0.724495292
050200050806,2014,36.820535012,14.400985149,0.692682347
050200050806,2015,37.960692953,13.542883196,0.683210905
050200050806,2016,29.716685056,10.517942535,0.675837986
050200050806,2017,51.870670407,17.706270539,0.740654799
050200050806,2018,69.079280963,20.336819408,0.752491268
050200050806,2019,46.522213454,16.770641996,0.681761912
050200050807,2010,40.585007495,12.257815392,0.659026188
050200050807,2011,58.5007331,16.941493306,0.71455371
050200050807,2012,35.487574215,11.185386756,0.646919462
050200050807,2013,43.3924884,12.904180192,0.719959489
050200050807,2014,35.837781704,12.247476713,0.682739401
050200050807,2015,36.528363457,11.531233992,0.660440937
050200050807,2016,27.872325484,8.709704498,0.6459444
050200050807,2017,53.058028212,15.545220373,0.730604817
050200050807,2018,64.854877282,17.193508507,0.730708235
050200050807,2019,44.131130101,14.579262999,0.66359066
050200050808,2010,57.505159431,12.70634392,0.545853555
050200050808,2011,73.430393451,16.250253072,0.584537319
050200050808,2012,53.247635172,11.894915885,0.548401196
050200050808,2013,56.487013369,13.120346303,0.581974006
050200050808,2014,50.762359842,13.270964631,0.566025809
050200050808,2015,54.772816282,13.2988338,0.554508193
050200050808,2016,46.387446579,10.76691793,0.5413658
050200050808,2017,66.232821642,13.99461597,0.577350068
050200050808,2018,88.970114854,17.49562729,0.612563872
050200050808,2019,62.249300834,14.848019931,0.556497052
050200060303,2010,43.206256929,15.486986906,0.73922525
050200060303,2011,92.502979737,27.782671364,0.840214945
050200060303,2012,56.63755858,20.075428379,0.76066893
050200060303,2013,65.731149746,21.16564282,0.79775907
050200060303,2014,48.705516273,19.236259061,0.772725812
050200060303,2015,55.310350085,19.270612781,0.763937392
050200060303,2016,38.503399245,15.689524692,0.735899239
050200060303,2017,61.06081105,21.835712204,0.80491432
050200060303,2018,84.895403667,27.037847997,0.818953242
050200060303,2019,49.425556534,17.90351947,0.741808
050200060304,2010,45.815175127,18.568659686,0.714775385
050200060304,2011,89.267640874,33.178898595,0.821783298
050200060304,2012,52.771433801,22.860443573,0.735222489
050200060304,2013,74.315642882,27.512663967,0.78622572
050200060304,2014,47.517374072,23.084556412,0.766846524
050200060304,2015,51.250902745,22.155122986,0.747088722
050200060304,2016,35.342317029,16.48387853,0.709578906
050200060304,2017,54.372586909,22.770701072,0.772985392
050200060304,2018,83.882550322,32.331827901,0.815533348
050200060304,2019,49.763595793,21.513149178,0.710246891
050200060305,2010,43.329504646,16.978791064,0.727061757
050200060305,2011,88.598672319,30.294132173,0.832016737
050200060305,2012,54.321996816,21.463342845,0.749611992
050200060305,2013,65.181163659,23.342995461,0.790973131
050200060305,2014,47.130386556,20.998975304,0.770023309
050200060305,2015,52.568908647,20.242297218,0.752840756
050200060305,2016,36.441012189,15.542469751,0.71812026
050200060305,2017,56.485594188,22.323714872,0.79250471
050200060305,2018,81.177881066,28.969536751,0.815150883
050200060305,2019,48.923083953,19.786290984,0.72862009
050200060402,2010,61.742834389,12.283942075,0.689179076
050200060402,2011,94.85146981,14.596927336,0.759149714
050200060402,2012,63.5735623,14.31322634,0.715197659
050200060402,2013,84.043888334,14.952865964,0.764453208
050200060402,2014,60.454926303,13.821858439,0.735567483
050200060402,2015,61.857314122,12.829097121,0.707074707
050200060402,2016,52.791291627,11.495559319,0.708996838
050200060402,2017,69.322745444,13.043741269,0.734477639
050200060402,2018,90.272364403,14.852674698,0.766831868
050200060402,2019,59.840495052,14.622782148,0.690052638
050200060403,2010,45.766341916,13.02745487,0.651315508
050200060403,2011,62.932264677,14.842199902,0.73045986
050200060403,2012,41.123972519,14.911227592,0.669883011
050200060403,2013,49.72954973,14.659881322,0.709369415
050200060403,2014,39.57802077,12.917004794,0.707338686
050200060403,2015,34.119233198,11.454396818,0.666243261
050200060403,2016,34.443797703,10.048520829,0.65857328
050200060403,2017,43.636015938,11.709653111,0.695706159
050200060403,2018,57.792207257,12.854247729,0.723518735
050200060403,2019,38.820125551,15.269360472,0.654571223
050200060404,2010,47.830529021,12.782427937,0.6461443
050200060404,2011,70.987973353,14.497655971,0.727073108
050200060404,2012,46.997849393,14.755676617,0.667712775
050200060404,2013,54.412283249,14.383643589,0.706215576
050200060404,2014,43.358209953,12.612948448,0.703625283
050200060404,2015,39.39530498,11.231228742,0.662418435
050200060404,2016,38.836955568,9.730896517,0.653678793
050200060404,2017,49.113839279,11.353624934,0.691657516
050200060404,2018,61.751202138,12.464283601,0.719724083
050200060404,2019,42.280429342,15.050880443,0.649859965
050200060405,2010,43.647117414,9.13986441,0.683017189
050200060405,2011,70.237933336,10.902732729,0.758610647
050200060405,2012,45.662414231,10.759986177,0.696877844
050200060405,2013,57.162682073,11.234663123,0.750096349
050200060405,2014,42.813060287,9.768094526,0.735040648
050200060405,2015,41.491274155,8.51500614,0.698902244
050200060405,2016,34.297428594,7.395091571,0.686971954
050200060405,2017,47.67059126,9.114909484,0.725569413
050200060405,2018,63.293591832,10.363229401,0.754463301
050200060405,2019,43.747071762,11.026534589,0.682955405
050200060406,2010,48.103464787,10.683141581,0.675757328
050200060406,2011,76.08145847,12.506648208,0.753157057
050200060406,2012,50.060163382,12.370823907,0.690726753
050200060406,2013,58.603172853,12.67200786,0.740657221
050200060406,2014,46.248116701,11.11502835,0.729770744
050200060406,2015,44.11098199,9.782764578,0.691039998
050200060406,2016,40.166530879,8.623458238,0.681229166
050200060406,2017,52.30678804,10.30415061,0.719127497
050200060406,2018,66.738918664,11.529683497,0.747670444
050200060406,2019,46.968127524,12.629070144,0.677054378
050200060501,2010,52.038313057,12.616059631,0.75647713
050200060501,2011,77.809884564,13.893647642,0.792175924
050200060501,2012,52.95816372,13.813937823,0.756294883
050200060501,2013,56.268848952,13.39593721,0.791967075
050200060501,2014,49.493814371,12.756014802,0.773728392
050200060501,2015,42.560034534,11.90045885,0.730746768
050200060501,2016,39.15131153,10.416314469,0.748447086
050200060501,2017,60.450349559,12.37755875,0.791270331
050200060501,2018,72.855042704,14.186569409,0.790350837
050200060501,2019,59.946058187,15.183708531,0.747477623
050200060502,2010,51.948712097,12.198432897,0.742427739
050200060502,2011,77.660289792,14.098614869,0.783809384
050200060502,2012,54.160355764,13.701776027,0.74344276
050200060502,2013,59.070501541,13.122716709,0.778761841
050200060502,2014,51.154641233,12.560178516,0.766195602
050200060502,2015,43.395969989,11.829939677,0.72030707
050200060502,2016,39.061928022,9.719562081,0.732718045
050200060502,2017,59.312968011,11.923519623,0.782520462
050200060502,2018,72.860839387,14.108935274,0.77627813
050200060502,2019,60.559884244,15.399674817,0.735849456
050200060601,2010,52.713916584,10.399210924,0.714730705
050200060601,2011,83.845919848,11.428693583,0.773149043
050200060601,2012,61.184736119,10.829876734,0.728993872
050200060601,2013,56.808942555,10.637675755,0.762885022
050200060601,2014,56.093963741,10.617626302,0.752260391
050200060601,2015,48.404417401,9.953941389,0.708635769
050200060601,2016,48.161332655,9.337066725,0.727309544
050200060601,2017,70.00473186,10.354180979,0.766887825
050200060601,2018,80.735394274,11.309362329,0.788788725
050200060601,2019,67.540306995,11.337861094,0.719003917
050200060602,2010,53.098246627,8.51966632,0.708841484
050200060602,2011,89.378206445,12.539371871,0.792039236
050200060602,2012,63.525828621,10.369745175,0.735851575
050200060602,2013,66.789094651,10.473550257,0.773836132
050200060602,2014,62.099139971,10.532344423,0.762622555
050200060602,2015,54.472584126,9.273358809,0.708115339
050200060602,2016,50.320186878,8.776603229,0.716981792
050200060602,2017,67.142951417,10.872643954,0.758035876
050200060602,2018,90.841415634,13.682925996,0.786265502
050200060602,2019,68.068030254,11.793195207,0.724172943
050200060603,2010,51.086231058,9.647826451,0.711030945
050200060603,2011,91.33202777,14.735855383,0.797300262
050200060603,2012,62.429382824,11.88424782,0.738904479
050200060603,2013,67.88277638,12.278554165,0.778735752
050200060603,2014,61.428547824,12.29922048,0.768349422
050200060603,2015,57.614087541,10.965087745,0.716652271
050200060603,2016,51.888337726,10.183396329,0.721749502
050200060603,2017,66.105848082,12.554321138,0.762901559
050200060603,2018,92.134181373,15.805811664,0.790520534
050200060603,2019,66.575478194,13.208107783,0.730331371
050200060701,2010,43.313680665,12.793051789,0.648912553
050200060701,2011,63.577824254,14.452874961,0.727568973
050200060701,2012,40.568725859,14.619791413,0.666326977
050200060701,2013,48.240475729,14.358878273,0.707392146
050200060701,2014,39.144093639,12.645453861,0.705743439
050200060701,2015,35.232394508,11.252433245,0.663821716
050200060701,2016,34.887844816,9.831916606,0.657346414
050200060701,2017,41.604543188,11.307950231,0.692533289
050200060701,2018,54.498691461,12.483902095,0.72119934
050200060701,2019,38.965708449,15.119707591,0.654963438
050200060702,2010,42.515916959,7.227909458,0.701344437
050200060702,2011,72.205685971,9.01394106,0.775403892
050200060702,2012,47.591801201,8.696850761,0.712238044
050200060702,2013,58.51272142,9.656204171,0.77369171
050200060702,2014,44.287990616,8.346722015,0.751918256
050200060702,2015,43.897912421,7.172545207,0.718923527
050200060702,2016,35.314068787,6.279515108,0.705669291
050200060702,2017,47.455020008,7.98511814,0.74322286
050200060702,2018,66.071739124,9.351556193,0.77276668
050200060702,2019,45.832817471,8.959167187,0.699508404
050200060703,2010,43.687460878,12.91454879,0.655568846
050200060703,2011,65.580868227,14.352721246,0.726971136
050200060703,2012,44.202225529,14.649215752,0.66861224
050200060703,2013,52.545145472,14.284758645,0.707385897
050200060703,2014,41.173504424,12.569222399,0.705625798
050200060703,2015,32.923411198,11.064125876,0.660734864
050200060703,2016,33.476799893,9.717501977,0.656763883
050200060703,2017,46.49395479,11.356518624,0.69426411
050200060703,2018,57.439836634,12.333085368,0.719472378
050200060703,2019,44.610491735,15.162408545,0.659915832
050200060704,2010,45.857315022,11.247832228,0.673677836
050200060704,2011,68.100341281,12.672384412,0.742655449
050200060704,2012,46.875483613,12.857565764,0.68502183
050200060704,2013,55.377010238,12.864322687,0.729848659
050200060704,2014,44.185374927,11.361499296,0.723305321
050200060704,2015,38.246770489,9.961385201,0.682954019
050200060704,2016,35.382297209,8.67514665,0.673315024
050200060704,2017,47.315780199,10.348142825,0.711252337
050200060704,2018,60.892251163,11.440103018,0.737738785
050200060704,2019,45.984836029,13.249665727,0.675064439
050200060705,2010,49.107169274,9.278431189,0.745454392
050200060705,2011,77.336146757,11.700242384,0.786112936
050200060705,2012,53.086352474,10.309622964,0.755533619
050200060705,2013,57.298101371,11.156944802,0.785803239
050200060705,2014,52.251630234,10.614307291,0.775192182
050200060705,2015,43.690649457,9.453532993,0.733144654
050200060705,2016,40.220387727,8.726138362,0.750615547
050200060705,2017,56.609694954,11.019691207,0.777423713
050200060705,2018,74.468856496,12.866835764,0.792928567
050200060705,2019,60.896853983,11.716379965,0.73372713
050200060706,2010,48.791491649,11.194104791,0.756280343
050200060706,2011,78.410833973,14.593890813,0.796898639
050200060706,2012,54.147453793,12.786652733,0.764850951
050200060706,2013,60.954398787,13.934590336,0.799796442
050200060706,2014,52.916507349,12.946085493,0.790301325
050200060706,2015,46.010822305,11.738243577,0.743963498
050200060706,2016,41.528691294,10.156764646,0.7603842
050200060706,2017,58.346025607,13.059373695,0.792433193
050200060706,2018,73.558623799,15.18231861,0.801120091
050200060706,2019,59.083385668,14.430220027,0.74571205
050200060707,2010,44.542879596,19.845660564,0.687908055
050200060707,2011,79.768195299,34.159626467,0.802493718
050200060707,2012,51.626323642,25.670267434,0.715359413
050200060707,2013,71.034070188,31.835063522,0.811064382
050200060707,2014,47.57105681,26.034136812,0.764383217
050200060707,2015,49.219322926,23.882070917,0.724874215
050200060707,2016,37.911221425,19.078072354,0.690697048
050200060707,2017,55.108911361,28.460414004,0.785024583
050200060707,2018,75.774995512,33.497105516,0.800429353
050200060707,2019,51.405009108,25.704331447,0.722299885
050200060708,2010,45.215613958,18.915628376,0.689191562
050200060708,2011,83.858340166,32.989264405,0.810806704
050200060708,2012,51.519068928,23.95808044,0.72048543
050200060708,2013,77.10561022,31.100966275,0.817702633
050200060708,2014,48.552627135,25.398121101,0.769509908
050200060708,2015,49.545046057,22.579127624,0.730499394
050200060708,2016,36.923211478,18.277371976,0.692469894
050200060708,2017,56.517873684,27.045835237,0.790661631
050200060708,2018,80.554328613,33.687061674,0.809243858
050200060708,2019,51.478521693,23.771352731,0.722248696
050200060709,2010,44.558582646,19.31985522,0.695522308
050200060709,2011,84.517824241,35.166884997,0.817066352
050200060709,2012,53.327452468,25.024138975,0.728515868
050200060709,2013,73.925870822,31.794036231,0.817228337
050200060709,2014,49.753895091,26.056053788,0.776356693
050200060709,2015,51.38940583,23.966019786,0.737133308
050200060709,2016,38.897967482,19.043302225,0.704637786
050200060709,2017,57.65565681,28.34145854,0.795366587
050200060709,2018,81.151960513,34.883134751,0.81122231
050200060709,2019,54.322603436,25.637776755,0.732992155
050200060801,2010,31.37305622,20.268910895,0.669288493
050200060801,2011,51.445961676,35.682698364,0.753110235
050200060801,2012,35.136453446,24.547247384,0.697457283
050200060801,2013,40.28951195,27.653008721,0.724527292
050200060801,2014,30.951535334,23.225157243,0.721042604
050200060801,2015,30.279779291,21.070771817,0.686471343
050200060801,2016,25.18334277,17.589658485,0.681768959
050200060801,2017,43.879584133,32.340117282,0.73817601
050200060801,2018,50.832012707,35.33879128,0.739741889
050200060801,2019,41.174477042,28.586994087,0.700276177
050200060802,2010,33.065255866,21.653172758,0.665069078
050200060802,2011,55.09687586,38.993054938,0.760696285
050200060802,2012,36.244072733,26.403960594,0.696031432
050200060802,2013,49.245197133,31.322181703,0.731883747
050200060802,2014,34.175824573,26.316940238,0.717444786
050200060802,2015,32.521196453,22.853851905,0.696707394
050200060802,2016,25.530125607,18.048527022,0.674318847
050200060802,2017,41.721198552,31.406905418,0.7301868
050200060802,2018,53.674267211,37.8046917,0.746615717
050200060802,2019,42.382874207,30.062736753,0.698745014
050200060803,2010,34.251663397,23.051754229,0.648907092
050200060803,2011,55.179574918,40.142820618,0.759119836
050200060803,2012,36.045093719,27.446365126,0.686074159
050200060803,2013,52.163989621,33.013995002,0.73100874
050200060803,2014,33.733055938,26.237884948,0.699096057
050200060803,2015,35.140467974,25.553513814,0.701879311
050200060803,2016,27.913792031,20.766461041,0.65855154
050200060803,2017,41.988402543,32.569248405,0.716833071
050200060803,2018,57.426476057,41.816388378,0.748111375
050200060803,2019,42.451614399,31.087763611,0.690568408
050200060901,2010,55.449410906,25.280217833,0.759176357
050200060901,2011,95.81408016,43.729839091,0.818230801
050200060901,2012,65.562879438,29.703691662,0.771029456
050200060901,2013,82.321868711,35.592188004,0.821164302
050200060901,2014,54.042765291,26.784692931,0.778035963
050200060901,2015,62.318173716,28.655491677,0.77392926
050200060901,2016,51.017754705,23.935235589,0.759572927
050200060901,2017,72.991920111,35.377276342,0.804722764
050200060901,2018,95.147492882,45.56491013,0.822237566
050200060901,2019,66.99963377,30.383947108,0.760849582
050200060902,2010,48.382227793,22.960592713,0.725337594
050200060902,2011,86.569525991,36.667065174,0.805313255
050200060902,2012,59.342145868,27.118633155,0.74439991
050200060902,2013,70.237229665,30.361538624,0.788611085
050200060902,2014,52.046565802,28.245743348,0.780369417
050200060902,2015,56.411556695,26.628291099,0.74163104
050200060902,2016,46.216797536,23.051226917,0.718068307
050200060902,2017,62.260999968,31.235536269,0.781598031
050200060902,2018,89.167202011,39.338667815,0.81022957
050200060902,2019,62.694193176,29.574380285,0.742063668
050200060903,2010,50.293582746,30.580202147,0.717353798
050200060903,2011,81.731097635,50.805780072,0.784414114
050200060903,2012,54.493140905,32.231692287,0.736772432
050200060903,2013,68.970807035,40.987991542,0.795140899
050200060903,2014,53.191883948,33.785235595,0.761328547
050200060903,2015,56.381882341,34.999788761,0.740631721
050200060903,2016,43.426231575,24.696771036,0.698047296
050200060903,2017,61.609835108,37.909715383,0.774782427
050200060903,2018,77.796174427,48.998997548,0.782347393
050200060903,2019,61.876731214,38.369494882,0.733191629
050200060904,2010,50.820513629,25.919197193,0.719562622
050200060904,2011,84.062154439,42.1420433,0.793973394
050200060904,2012,55.626432377,28.136152732,0.73377928
050200060904,2013,73.087822371,34.431853518,0.789636957
050200060904,2014,50.287027384,27.799759809,0.749755581
050200060904,2015,54.764553804,28.380406017,0.742170746
050200060904,2016,45.032875918,22.824733908,0.711450593
050200060904,2017,62.644467106,32.871794917,0.770917537
050200060904,2018,81.371514566,42.562664552,0.788755489
050200060904,2019,63.932445588,33.441808951,0.732086854
050200060905,2010,52.147583861,19.250879245,0.726170074
050200060905,2011,82.543190686,28.339195105,0.790084454
050200060905,2012,52.566021469,19.938306417,0.728380578
050200060905,2013,68.410881134,23.477189932,0.804083565
050200060905,2014,49.218147101,20.624629046,0.743994717
050200060905,2015,52.446166646,20.313587719,0.755037965
050200060905,2016,43.201175154,16.076213049,0.709140947
050200060905,2017,61.444386066,24.010006727,0.769164395
050200060905,2018,69.351843919,24.896142381,0.764613593
050200060905,2019,67.846490579,27.837528968,0.71809874
050200060906,2010,49.547416573,17.323459238,0.715186009
050200060906,2011,73.979725505,24.923960739,0.7735811
050200060906,2012,49.21023504,17.816518368,0.715835082
050200060906,2013,61.051506866,20.343798457,0.779933745
050200060906,2014,44.580607671,17.982752215,0.734584452
050200060906,2015,50.289364923,17.912764663,0.748668983
050200060906,2016,38.802413022,14.309095364,0.687524356
050200060906,2017,58.442186826,21.578891928,0.762330752
050200060906,2018,71.996180537,23.197969624,0.76786674
050200060906,2019,60.412725586,24.7681291,0.701106911
050200061001,2010,36.405179073,23.886825927,0.671313781
050200061001,2011,56.079250942,34.818146652,0.755525657
050200061001,2012,38.803487967,26.752978013,0.691187751
050200061001,2013,50.491632901,30.542340696,0.741687043
050200061001,2014,35.514367934,26.913998521,0.720682029
050200061001,2015,34.826864829,25.133051716,0.705523599
050200061001,2016,28.66718166,20.648274837,0.668206071
050200061001,2017,41.050374318,29.298136003,0.719717408
050200061001,2018,51.165270167,33.033806339,0.736427824
050200061001,2019,45.581445574,28.941180564,0.678438948
050200061002,2010,31.55366484,19.415481633,0.665882639
050200061002,2011,48.49349265,27.251908672,0.753505879
050200061002,2012,32.135734373,20.556908422,0.676958141
050200061002,2013,44.905379019,25.954221028,0.749059249
050200061002,2014,30.553289159,21.745600076,0.718832288
050200061002,2015,31.672448921,20.977210281,0.705393497
050200061002,2016,22.210356422,15.395745466,0.641521277
050200061002,2017,36.056203588,23.481952483,0.722096701
050200061002,2018,48.856279175,27.613991475,0.738589694
050200061002,2019,38.091041308,23.199653738,0.662975905
050200061101,2010,49.87307927,34.620589554,0.609844241
050200061101,2011,78.97460791,50.805555606,0.673474801
050200061101,2012,51.728247783,37.940082268,0.619184475
050200061101,2013,55.539348865,38.335561153,0.657142343
050200061101,2014,46.791194101,34.825401008,0.641516687
050200061101,2015,50.483615054,35.72103622,0.636250443
050200061101,2016,42.624632484,32.220569031,0.614392997
050200061101,2017,66.741038872,47.199132513,0.650399161
050200061101,2018,67.032991234,45.152649762,0.663614438
050200061101,2019,57.050063593,40.243288546,0.633875797
050200061102,2010,33.869233168,24.090793209,0.640255327
050200061102,2011,63.375249493,43.579988809,0.713151394
050200061102,2012,37.488944702,28.284067689,0.655008207
050200061102,2013,42.101273854,29.375204295,0.684507126
050200061102,2014,32.891602558,25.036505022,0.668669601
050200061102,2015,37.979982302,27.558794142,0.674381462
050200061102,2016,30.3363342,22.875594418,0.646590605
050200061102,2017,46.642438332,35.846215075,0.684651933
050200061102,2018,53.342835275,37.833575827,0.692704074
050200061102,2019,43.724316253,31.231571467,0.655150842
050200061103,2010,33.306116468,23.70742405,0.64625195
050200061103,2011,53.328915569,37.825566611,0.744838973
050200061103,2012,32.86823439,24.155617532,0.64711489
050200061103,2013,39.866989494,28.899941668,0.721605825
050200061103,2014,30.850046796,23.760552799,0.693541603
050200061103,2015,30.532732943,22.964431841,0.673722715
050200061103,2016,26.889279349,20.131093888,0.657777243
050200061103,2017,48.595435348,36.071799425,0.73753888
050200061103,2018,49.229884133,34.158901891,0.70651204
050200061103,2019,37.198367959,27.89957929,0.661559039
050200061104,2010,33.55971846,24.762312174,0.650043054
050200061104,2011,53.68718688,39.088265703,0.730716102
050200061104,2012,33.390731348,25.445837788,0.644936001
050200061104,2013,43.545978386,31.393947068,0.712243945
050200061104,2014,32.095184367,24.78133678,0.685926873
050200061104,2015,32.40082853,24.528162589,0.673249054
050200061104,2016,26.455617065,20.299239699,0.641067696
050200061104,2017,44.861957762,33.876435417,0.711481908
050200061104,2018,48.817296732,35.770147663,0.703137566
050200061104,2019,39.48104223,29.443892035,0.644566271
050200061201,2010,34.33390447,20.360204155,0.653412909
050200061201,2011,56.528847364,33.038529144,0.705076213
050200061201,2012,33.62226974,20.338572759,0.641939898
050200061201,2013,47.029787627,27.085195588,0.723960777
050200061201,2014,34.065573253,21.924969868,0.679924831
050200061201,2015,33.355357179,20.630612232,0.653859013
050200061201,2016,27.183985346,15.829346615,0.625449166
050200061201,2017,45.970744067,27.485066233,0.70589153
050200061201,2018,56.18476788,33.528527415,0.714486149
050200061201,2019,39.414150408,24.524098539,0.637931161
050200061202,2010,48.390769839,25.866433846,0.701885598
050200061202,2011,72.098427679,34.945586678,0.75773061
050200061202,2012,45.736565989,25.912786485,0.693092616
050200061202,2013,51.787487122,29.984005103,0.754342858
050200061202,2014,44.344911723,26.743283754,0.720537935
050200061202,2015,46.169371015,26.103300438,0.697567933
050200061202,2016,40.254657187,23.197383164,0.699601432
050200061202,2017,64.766815662,34.126489281,0.770031421
050200061202,2018,72.800609737,36.239855422,0.765190707
050200061202,2019,54.013097787,29.393136337,0.700414238
050200061203,2010,38.22178242,19.476689758,0.610466741
050200061203,2011,60.279204275,28.38042877,0.659809788
050200061203,2012,31.571292786,16.673255167,0.579317216
050200061203,2013,44.106222982,23.378940608,0.661603864
050200061203,2014,34.354648275,19.000503717,0.635791842
050200061203,2015,35.708214562,18.495359113,0.593144532
050200061203,2016,28.471279684,14.720176286,0.58049982
050200061203,2017,52.620067979,26.09876803,0.668855709
050200061203,2018,61.114461644,29.696429821,0.681267853
050200061203,2019,43.826864507,21.860626113,0.61093921
050301010101,2010,32.541222568,11.311571625,0.688646668
050301010101,2011,50.861542079,15.378594462,0.788668042
050301010101,2012,31.020761869,11.226220722,0.703336497
050301010101,2013,34.3449755,13.077644915,0.769800232
050301010101,2014,28.822402392,11.464758509,0.752521599
050301010101,2015,27.248141681,10.068916865,0.716055001
050301010101,2016,24.884027161,9.463927709,0.712758816
050301010101,2017,35.662335557,12.536595619,0.744590346
050301010101,2018,63.568537037,17.936328197,0.79821127
050301010101,2019,37.18214567,14.180993459,0.696891522
050301010102,2010,44.217886011,13.261328458,0.703742357
050301010102,2011,63.347459432,16.694856391,0.794409017
050301010102,2012,41.289244732,12.862816097,0.725940483
050301010102,2013,47.427746566,14.748881863,0.781727613
050301010102,2014,37.227749206,12.99734255,0.761785033
050301010102,2015,35.538876504,11.8826373,0.725059765
050301010102,2016,35.757086311,11.605968838,0.728355215
050301010102,2017,50.293622928,15.176416513,0.761611341
050301010102,2018,64.583662897,17.247547049,0.792060787
050301010102,2019,45.384034744,14.664161373,0.703511886
050301010103,2010,40.263798063,16.439140198,0.705123476
050301010103,2011,57.784520271,20.945778018,0.794625526
050301010103,2012,35.61882595,15.528408402,0.724917529
050301010103,2013,40.955326321,17.942439783,0.77849981
050301010103,2014,31.547503761,15.284857409,0.751179294
050301010103,2015,32.828153888,14.654271208,0.719284205
050301010103,2016,28.458993542,12.975629207,0.715431191
050301010103,2017,46.879665013,19.251208717,0.763385389
050301010103,2018,60.739078354,21.771336314,0.794057313
050301010103,2019,41.691430405,18.965086972,0.700950033
050301010104,2010,41.984803801,15.344833696,0.704421034
050301010104,2011,59.931739183,19.138533823,0.793593743
050301010104,2012,40.531697307,15.185622027,0.724061142
050301010104,2013,41.529717209,16.341340288,0.774683502
050301010104,2014,35.788356894,14.863538415,0.756439481
050301010104,2015,36.243374388,14.020488412,0.727641173
050301010104,2016,32.556985606,12.904584816,0.724914476
050301010104,2017,48.138620065,16.995460614,0.757140396
050301010104,2018,71.960449936,21.354379691,0.800808145
050301010104,2019,47.222058492,18.437664326,0.71076183
050301010105,2010,40.543213076,12.917439831,0.70402616
050301010105,2011,57.539220523,15.222463785,0.79179322
050301010105,2012,35.663152677,11.936811179,0.697958646
050301010105,2013,38.374193643,13.089510762,0.76254132
050301010105,2014,34.936512541,11.885744474,0.751253796
050301010105,2015,34.809424346,10.880233208,0.741718766
050301010105,2016,30.325007353,10.327906284,0.733063676
050301010105,2017,42.564462664,12.229405719,0.754374027
050301010105,2018,74.306399402,16.720671867,0.806855774
050301010105,2019,44.489610958,15.256288611,0.713801987
050301010106,2010,44.101883769,13.281100642,0.708093933
050301010106,2011,58.901676476,15.209431636,0.793453506
050301010106,2012,36.921459022,12.100003302,0.69945881
050301010106,2013,42.633841149,13.851846973,0.768408711
050301010106,2014,36.587331934,12.204738447,0.754074472
050301010106,2015,38.733229965,11.691560757,0.75035875
050301010106,2016,35.259282517,11.335396016,0.743214524
050301010106,2017,46.861769745,12.845446847,0.76296947
050301010106,2018,77.086165743,16.789228661,0.808758681
050301010106,2019,46.758382092,15.606620727,0.717226619
050301010107,2010,56.325607561,14.352383683,0.678447544
050301010107,2011,70.132737719,16.672035806,0.734831955
050301010107,2012,53.109643659,13.955756135,0.688649486
050301010107,2013,53.91161102,14.805237752,0.71981244
050301010107,2014,48.832088151,13.941157711,0.712886211
050301010107,2015,51.537711574,13.910656081,0.699296909
050301010107,2016,46.152979655,12.959790134,0.683235881
050301010107,2017,61.696596878,15.049033331,0.721504959
050301010107,2018,89.613176605,18.613225526,0.757906826
050301010107,2019,61.467450168,17.190501705,0.682325891
050301010201,2010,42.798096754,6.650581817,0.792835828
050301010201,2011,56.926335894,8.733217525,0.854931786
050301010201,2012,34.774834081,5.844835171,0.774813305
050301010201,2013,51.280164762,8.090216508,0.855831159
050301010201,2014,39.071775086,7.137602406,0.835441639
050301010201,2015,40.036147168,6.540737518,0.820133882
050301010201,2016,41.420177763,7.085315289,0.818134097
050301010201,2017,46.899348266,7.833491543,0.832158579
050301010201,2018,82.588113373,10.721462517,0.859809697
050301010201,2019,44.564764452,7.948704558,0.774669875
050301010202,2010,40.267829243,7.196983386,0.753533401
050301010202,2011,57.180585973,9.726194371,0.843340697
050301010202,2012,30.55300559,5.995322697,0.723253093
050301010202,2013,44.926687014,8.146080304,0.82579669
050301010202,2014,36.306962658,7.542174367,0.812633321
050301010202,2015,35.301730669,6.525491456,0.795755938
050301010202,2016,34.688012327,6.927060028,0.783046557
050301010202,2017,43.824988016,8.255416454,0.810578541
050301010202,2018,75.216667333,11.129708506,0.844884647
050301010202,2019,42.355477348,8.565197745,0.750366988
050301010203,2010,39.717119388,6.932265205,0.770356435
050301010203,2011,55.027915447,9.261191418,0.847917004
050301010203,2012,31.757801646,5.906085127,0.746936593
050301010203,2013,45.618991563,8.09117982,0.83841825
050301010203,2014,35.989563026,7.318131729,0.821249576
050301010203,2015,36.350693098,6.510153418,0.805293886
050301010203,2016,36.04161622,6.958839076,0.796596618
050301010203,2017,42.910556003,7.996934897,0.817014905
050301010203,2018,76.006032581,10.948927884,0.851489067
050301010203,2019,41.542362939,8.238249787,0.760389969
050301010204,2010,36.698626519,7.389255725,0.743950524
050301010204,2011,53.918390712,10.393393854,0.827329144
050301010204,2012,29.163187223,6.853707071,0.731925477
050301010204,2013,42.340935849,8.517838424,0.803920272
050301010204,2014,36.483369715,8.398941258,0.80579287
050301010204,2015,29.628693521,6.58041001,0.745623308
050301010204,2016,35.35051614,7.823065327,0.775076823
050301010204,2017,45.053454343,9.168426278,0.804780273
050301010204,2018,68.036298328,11.111706237,0.82323634
050301010204,2019,43.092790051,9.810835705,0.750236933
050301010205,2010,35.670199433,8.03534612,0.726766686
050301010205,2011,56.399163613,11.420109898,0.820655104
050301010205,2012,28.219257037,7.284916551,0.728232876
050301010205,2013,42.77876989,9.628030357,0.794828437
050301010205,2014,39.387821762,9.974417363,0.799805702
050301010205,2015,30.188117101,7.124226875,0.734029785
050301010205,2016,37.836128898,8.957181182,0.777724609
050301010205,2017,46.212741039,10.526076371,0.793784688
050301010205,2018,66.263091688,12.329229312,0.806592014
050301010205,2019,49.770451889,11.432983913,0.754130355
050301010206,2010,33.7267429,8.028944709,0.726406433
050301010206,2011,53.241897012,11.43052698,0.821434577
050301010206,2012,27.60087432,7.32267711,0.731993848
050301010206,2013,42.14572866,9.704094535,0.797381258
050301010206,2014,39.010296692,9.974325499,0.800364724
050301010206,2015,28.377500966,7.016092563,0.729207746
050301010206,2016,34.272162029,8.904248429,0.775718223
050301010206,2017,43.422289907,10.542523149,0.794950702
050301010206,2018,62.712915787,12.314008873,0.806871411
050301010206,2019,48.526523617,11.425929258,0.754507174
050301010207,2010,36.906157012,7.143321405,0.743800914
050301010207,2011,57.451420566,10.121797375,0.829240693
050301010207,2012,29.875827032,6.813996608,0.744572572
050301010207,2013,45.637276171,8.436778133,0.811630601
050301010207,2014,40.354398637,8.378666777,0.810963249
050301010207,2015,30.222440516,6.481256237,0.749534615
050301010207,2016,37.601029907,7.858101176,0.783372121
050301010207,2017,48.848832569,9.180551386,0.815818044
050301010207,2018,65.296833986,10.650105451,0.821268198
050301010207,2019,48.552877048,9.737860259,0.76289451
050301010301,2010,61.110604735,34.893318634,0.567113619
050301010301,2011,74.399067788,41.611250873,0.599260998
050301010301,2012,56.031384323,33.00480135,0.576082864
050301010301,2013,58.687794155,35.078392463,0.59217089
050301010301,2014,54.330617142,33.569594042,0.591880359
050301010301,2015,58.406868262,35.213844898,0.56853515
050301010301,2016,49.79394112,30.079215714,0.552023711
050301010301,2017,68.198392801,37.727955396,0.608215525
050301010301,2018,92.353159516,47.070646993,0.633677007
050301010301,2019,69.299651633,39.899246248,0.563028923
050301010302,2010,40.311470853,27.961583497,0.685016662
050301010302,2011,58.37871267,40.168835836,0.782845184
050301010302,2012,37.629623774,26.742168752,0.701586182
050301010302,2013,47.024919624,33.22131924,0.770421314
050301010302,2014,41.51609053,30.081370213,0.756060648
050301010302,2015,34.621785603,25.057340079,0.711009235
050301010302,2016,36.784474692,25.949419443,0.734227677
050301010302,2017,52.007583401,35.559817917,0.776632605
050301010302,2018,72.41735456,46.699817024,0.809054288
050301010302,2019,52.222794136,36.667391469,0.717699149
050301010303,2010,52.628931244,36.237324947,0.635476137
050301010303,2011,66.741046359,46.542319046,0.711446727
050301010303,2012,47.445490526,34.948018235,0.648399683
050301010303,2013,56.242712885,40.388541619,0.699977699
050301010303,2014,48.976209409,36.027986656,0.689365308
050301010303,2015,47.571024331,34.638547618,0.658477255
050301010303,2016,46.192186639,34.178187038,0.661538207
050301010303,2017,61.287354501,43.437974471,0.707699768
050301010303,2018,83.318608329,53.873134412,0.737601485
050301010303,2019,58.814918696,42.039667282,0.65518541
050301010304,2010,41.265797359,27.227105015,0.557516072
050301010304,2011,47.349287188,32.202244623,0.616320039
050301010304,2012,29.036236656,22.106024671,0.558141331
050301010304,2013,42.140653262,29.721124916,0.612956713
050301010304,2014,35.106889225,26.149894761,0.597477706
050301010304,2015,32.606603962,23.467235751,0.578960951
050301010304,2016,33.775128782,24.300101301,0.578548022
050301010304,2017,42.290236599,30.92381828,0.612804815
050301010304,2018,64.397689663,39.836284944,0.648576378
050301010304,2019,42.098718787,28.489574661,0.573734393
050301010305,2010,31.238126293,18.737890035,0.667810111
050301010305,2011,50.563762447,29.611946585,0.742836177
050301010305,2012,23.39006678,13.746426598,0.657325988
050301010305,2013,35.525755835,21.55800393,0.735618666
050301010305,2014,34.342808191,22.129343669,0.724487057
050301010305,2015,25.347705878,15.857734805,0.651170553
050301010305,2016,27.764557879,16.052549358,0.707323641
050301010305,2017,44.100515599,26.544695653,0.777023915
050301010305,2018,56.264343937,31.999209467,0.749499825
050301010305,2019,44.264717842,26.487122373,0.702633675
050301010306,2010,36.042048718,19.425673123,0.646012553
050301010306,2011,56.888878531,31.562746536,0.711504203
050301010306,2012,27.614730777,14.972833403,0.629293486
050301010306,2013,39.851329975,22.885165718,0.701180176
050301010306,2014,40.590168127,24.261195373,0.694658839
050301010306,2015,31.962638013,18.720100319,0.637324599
050301010306,2016,34.658321453,19.175742089,0.67212471
050301010306,2017,46.965708724,26.085134385,0.717628037
050301010306,2018,63.440076247,33.788624683,0.709479678
050301010306,2019,51.699079876,28.350807505,0.674623482
050301010307,2010,41.582844604,25.824639413,0.647746311
050301010307,2011,61.258499475,37.365538476,0.71968426
050301010307,2012,32.293792632,20.997992831,0.637142581
050301010307,2013,47.158927808,30.348187513,0.712159227
050301010307,2014,44.583763971,28.861656139,0.702209635
050301010307,2015,36.258183585,23.339484619,0.643052449
050301010307,2016,39.437721853,24.761388548,0.676608988
050301010307,2017,51.895597753,33.322589319,0.725562425
050301010307,2018,68.948596025,41.667427659,0.731526341
050301010307,2019,54.671469449,33.542340855,0.672251318
050301010308,2010,31.108173922,19.007838452,0.666828449
050301010308,2011,50.552037283,29.923302926,0.74349217
050301010308,2012,25.370563849,15.598303603,0.670607331
050301010308,2013,34.101930057,21.640367823,0.736046864
050301010308,2014,34.074775923,22.375072997,0.724969653
050301010308,2015,25.609678849,16.31019033,0.651050238
050301010308,2016,27.537101319,16.294196415,0.709511789
050301010308,2017,47.56231064,29.310030451,0.781618231
050301010308,2018,54.606612904,32.028561709,0.749701661
050301010308,2019,43.446502935,27.066599076,0.706989296
050301010309,2010,39.497330591,24.919175471,0.665886939
050301010309,2011,58.921240752,36.537958729,0.731126342
050301010309,2012,34.823937332,22.673094952,0.669293835
050301010309,2013,44.391139325,28.728171767,0.724807123
050301010309,2014,43.72263698,28.977006529,0.713610305
050301010309,2015,35.383677407,23.461883331,0.654684279
050301010309,2016,39.923196228,25.561166305,0.706348429
050301010309,2017,54.479054859,34.466283485,0.756550422
050301010309,2018,63.425454198,38.722158435,0.732555503
050301010309,2019,54.652619877,35.730957538,0.705227889
050301010310,2010,38.248707863,24.76041904,0.671361686
050301010310,2011,54.257577561,35.251760864,0.718357435
050301010310,2012,32.076071807,20.990817761,0.659264362
050301010310,2013,44.988585048,29.628919582,0.742655526
050301010310,2014,41.411290843,28.562417623,0.71314323
050301010310,2015,33.966516668,22.991705315,0.65783142
050301010310,2016,38.49183253,25.567603269,0.721845532
050301010310,2017,46.387044204,30.752475062,0.735420793
050301010310,2018,61.462147323,39.227307954,0.726725117
050301010310,2019,54.873479183,36.661152507,0.711037179
050301010602,2010,22.679735594,9.593077271,0.682565409
050301010602,2011,51.742331465,15.815227227,0.744829877
050301010602,2012,34.36563617,13.588501731,0.752349378
050301010602,2013,47.737738904,19.166665159,0.78812132
050301010602,2014,29.40101698,12.395127353,0.74576377
050301010602,2015,27.019615807,10.234348975,0.72582414
050301010602,2016,38.564280116,15.179907118,0.764142648
050301010602,2017,50.988023493,18.892935499,0.789294369
050301010602,2018,53.277636555,19.402127157,0.790766164
050301010602,2019,36.890753565,14.999308617,0.752587196
050301010603,2010,19.618668261,9.527721283,0.606194977
050301010603,2011,44.643788353,17.445208145,0.682557161
050301010603,2012,28.954273077,13.370110657,0.665462121
050301010603,2013,44.029966692,21.159336528,0.715194531
050301010603,2014,23.887880506,12.60421989,0.671113059
050301010603,2015,21.105239638,9.782872237,0.64479419
050301010603,2016,32.774055176,15.658150384,0.675512375
050301010603,2017,44.117860515,20.409761365,0.706682378
050301010603,2018,46.062960392,20.523193386,0.708261313
050301010603,2019,34.44401564,16.757548665,0.679727655
050301010606,2010,25.736191919,8.87038527,0.664725557
050301010606,2011,53.904106745,13.528427286,0.73860805
050301010606,2012,32.910734363,9.805058532,0.702939495
050301010606,2013,52.234394741,15.603747477,0.769417007
050301010606,2014,27.009547331,9.930108726,0.707310692
050301010606,2015,26.270764737,7.943339115,0.687911363
050301010606,2016,39.341158367,12.470860058,0.744238793
050301010606,2017,50.077001182,15.509163303,0.757237627
050301010606,2018,57.21138408,15.291054589,0.757876186
050301010606,2019,44.027790212,13.299753383,0.723923404
050301010607,2010,22.347130444,11.901231636,0.65617636
050301010607,2011,45.085432944,19.644558821,0.746805922
050301010607,2012,27.397664123,13.436742561,0.697664238
050301010607,2013,38.417275657,19.926168408,0.745628882
050301010607,2014,26.269470399,14.220663894,0.704485417
050301010607,2015,20.840615155,10.668069405,0.646221057
050301010607,2016,26.873633294,13.635106362,0.723812781
050301010607,2017,38.894104974,18.883498437,0.74697805
050301010607,2018,44.008757366,19.519357881,0.734458292
050301010607,2019,42.061637972,20.409646586,0.726638718
050301010608,2010,26.041631744,8.212849889,0.678873743
050301010608,2011,44.196949054,12.081404703,0.760414729
050301010608,2012,25.612840688,7.992837537,0.697333755
050301010608,2013,39.340134284,12.781452651,0.758686245
050301010608,2014,25.95247425,9.067508918,0.717843827
050301010608,2015,21.622086502,6.834954261,0.668573964
050301010608,2016,27.682271228,9.481529571,0.742513516
050301010608,2017,35.117315904,12.163747766,0.763262955
050301010608,2018,46.700494014,12.809256617,0.755262158
050301010608,2019,44.421935538,12.65223732,0.737483749
050301010610,2010,27.661759704,7.853737083,0.651609065
050301010610,2011,42.844002566,11.249201227,0.719605726
050301010610,2012,21.063418079,6.824162394,0.651318098
050301010610,2013,35.538294117,11.392509977,0.720583387
050301010610,2014,27.616198372,9.349628391,0.689975915
050301010610,2015,22.788347938,7.218796183,0.651285346
050301010610,2016,25.598646405,8.477059573,0.680464491
050301010610,2017,30.686995071,10.02736868,0.708797124
050301010610,2018,44.482563355,11.660272132,0.72258946
050301010610,2019,39.902489647,12.052671266,0.680446959
050301010901,2010,25.140885877,7.425229015,0.682868245
050301010901,2011,34.151355663,9.61484139,0.775954446
050301010901,2012,18.859148104,6.359051962,0.65590648
050301010901,2013,32.102550562,9.127300789,0.77029296
050301010901,2014,21.408353667,8.120667816,0.752065303
050301010901,2015,23.093070335,7.127186592,0.73497155
050301010901,2016,24.702191784,8.459417242,0.73438774
050301010901,2017,27.568078076,8.782298412,0.743769387
050301010901,2018,49.531604249,11.247744387,0.780335557
050301010901,2019,26.26695045,8.841518835,0.68534098
050301010902,2010,25.985883472,6.751413351,0.687004686
050301010902,2011,37.51803938,8.694916102,0.780401485
050301010902,2012,18.999916017,5.912875523,0.663327936
050301010902,2013,32.676665613,8.125536791,0.76947769
050301010902,2014,22.843668167,7.345521049,0.751746476
050301010902,2015,23.343711498,6.444366844,0.727940467
050301010902,2016,25.358685735,7.5143105,0.733094287
050301010902,2017,29.337905506,7.929999542,0.746460012
050301010902,2018,48.989039651,9.869136451,0.781993342
050301010902,2019,27.281013168,7.949546802,0.69133835
050301011101,2010,28.263797139,12.632117151,0.668521461
050301011101,2011,47.418387863,20.013793627,0.753094188
050301011101,2012,24.349166208,12.509691878,0.655226838
050301011101,2013,36.003095938,16.123299553,0.757860814
050301011101,2014,31.012570545,15.479356669,0.730050768
050301011101,2015,24.707581851,11.950845231,0.652382938
050301011101,2016,28.41845122,13.574346632,0.708825281
050301011101,2017,32.161006117,14.951008108,0.724572908
050301011101,2018,53.164051606,20.395067539,0.765999026
050301011101,2019,44.872096253,19.568125339,0.704586025
050301011103,2010,33.616468612,11.417247349,0.622481446
050301011103,2011,55.317244529,18.261589809,0.655024025
050301011103,2012,29.516197781,10.991530033,0.612412312
050301011103,2013,44.420983132,14.860891635,0.686047958
050301011103,2014,34.938735038,14.298042863,0.656986329
050301011103,2015,32.013336453,12.456839419,0.607006522
050301011103,2016,33.202164727,11.626090634,0.641471699
050301011103,2017,35.791002845,12.371083133,0.667435053
050301011103,2018,60.672294219,18.891825401,0.694553031
050301011103,2019,48.454372187,16.761985775,0.644660693
050301011104,2010,28.67261362,14.77319079,0.574458952
050301011104,2011,48.125369496,23.31416648,0.639751307
050301011104,2012,24.051666977,15.343921863,0.572807948
050301011104,2013,38.817666725,20.270272379,0.651940202
050301011104,2014,32.232063436,19.394306647,0.621712589
050301011104,2015,24.433819276,15.052002315,0.550809934
050301011104,2016,28.944086311,16.060480846,0.619660717
050301011104,2017,34.172974576,19.262292691,0.63441204
050301011104,2018,55.743215282,25.737294596,0.665974245
050301011104,2019,46.485867837,23.92449314,0.602132328
050301011105,2010,26.901878216,12.017826105,0.578624412
050301011105,2011,32.576210879,12.721017915,0.660833012
050301011105,2012,18.023924637,8.903617147,0.578778021
050301011105,2013,30.783828076,11.834659724,0.653020097
050301011105,2014,24.100771823,12.634040736,0.652104006
050301011105,2015,21.89565839,10.032952808,0.598301601
050301011105,2016,25.927655418,10.366422432,0.627963391
050301011105,2017,28.406939923,11.966243734,0.645503268
050301011105,2018,48.09338935,16.492102858,0.67837946
050301011105,2019,31.789227186,14.974977235,0.595189135
050301011108,2010,37.661088199,12.931517827,0.676347373
050301011108,2011,51.426064023,17.066231869,0.720149423
050301011108,2012,29.34165833,10.156514223,0.62530742
050301011108,2013,42.891661255,13.812774678,0.753014151
050301011108,2014,35.691480141,13.418425235,0.733511677
050301011108,2015,34.852473091,11.916946254,0.686672591
050301011108,2016,41.412068148,14.087240472,0.726144322
050301011108,2017,41.426421458,14.530050077,0.724578828
050301011108,2018,71.033143445,21.589143006,0.777648903
050301011108,2019,43.887608808,17.282645847,0.657794642
050301020101,2010,21.610887961,18.802651618,0.719360407
050301020101,2011,59.858919121,46.57928292,0.820566172
050301020101,2012,37.240267753,30.681506242,0.75519792
050301020101,2013,53.471697993,41.409065332,0.82097954
050301020101,2014,30.113319255,26.776570976,0.776660225
050301020101,2015,36.927239067,29.060167873,0.776908116
050301020101,2016,40.222279439,33.867153477,0.773323799
050301020101,2017,48.724713687,37.665460549,0.801610772
050301020101,2018,51.483166605,42.009727536,0.813103827
050301020101,2019,45.61787076,37.43987874,0.792556916
050301020102,2010,28.577415148,21.641749238,0.784477063
050301020102,2011,61.803756089,39.110854778,0.85418802
050301020102,2012,36.877822077,28.050372305,0.78569651
050301020102,2013,54.493513037,36.345434262,0.87908714
050301020102,2014,29.652270346,23.80945083,0.810777498
050301020102,2015,38.65538865,27.551954989,0.828039118
050301020102,2016,44.811103632,32.575810227,0.839438978
050301020102,2017,54.674840974,35.878387531,0.858402305
050301020102,2018,50.545745678,33.637031295,0.840212563
050301020102,2019,47.81282488,33.113402397,0.829285651
050301020103,2010,26.873773043,24.425680616,0.743504088
050301020103,2011,50.203727394,44.936203732,0.804198768
050301020103,2012,33.38817628,31.117277252,0.740426639
050301020103,2013,50.357119516,43.148122939,0.815464581
050301020103,2014,25.465185969,24.112935202,0.765635125
050301020103,2015,32.969772175,30.271953067,0.782196572
050301020103,2016,41.191095587,38.135386664,0.780495388
050301020103,2017,48.604981668,42.493409771,0.801408561
050301020103,2018,41.417692009,38.024510506,0.794610377
050301020103,2019,42.923294772,39.212912209,0.779925299
050301020104,2010,16.366868185,14.253770303,0.627329011
050301020104,2011,40.730419126,33.717390038,0.700393546
050301020104,2012,23.9443013,20.871976242,0.635265654
050301020104,2013,36.776390736,28.369624717,0.714873665
050301020104,2014,18.235262407,16.82436966,0.643606759
050301020104,2015,22.178307164,18.074416152,0.655886141
050301020104,2016,27.014057502,23.032492127,0.657431113
050301020104,2017,34.283375905,27.219639745,0.674029749
050301020104,2018,32.455419509,27.922294977,0.689287319
050301020104,2019,31.25094916,26.294080497,0.668320622
050301020105,2010,17.896865458,15.951210351,0.709398798
050301020105,2011,34.120871859,29.243324699,0.779722728
050301020105,2012,23.632600799,21.183589716,0.710686831
050301020105,2013,32.477811785,27.475757514,0.796365494
050301020105,2014,17.639116249,16.249762532,0.734078431
050301020105,2015,23.179554158,20.263219172,0.751538464
050301020105,2016,27.637600881,24.489698073,0.755276319
050301020105,2017,32.712303245,27.332485134,0.772137219
050301020105,2018,28.915179553,25.282317923,0.769854826
050301020105,2019,29.528498581,25.935726216,0.755363505
050301020201,2010,36.129814259,17.880412767,0.706424809
050301020201,2011,84.483766768,35.086837497,0.775382176
050301020201,2012,55.608963148,25.273345308,0.74499966
050301020201,2013,61.125451934,28.273471735,0.775146064
050301020201,2014,40.750267921,20.939462671,0.735039538
050301020201,2015,47.771098797,22.957540301,0.739434009
050301020201,2016,50.136311728,23.577475857,0.738543129
050301020201,2017,76.081820866,32.365574079,0.757313423
050301020201,2018,77.981065975,32.824954402,0.776611045
050301020201,2019,58.102744315,26.520775539,0.744270804
050301020202,2010,38.99373646,25.417493758,0.706622735
050301020202,2011,82.087319654,45.791376593,0.769689774
050301020202,2012,50.005708271,32.571899777,0.726127274
050301020202,2013,72.658963468,42.720811068,0.786259273
050301020202,2014,39.182479098,28.47829726,0.739374316
050301020202,2015,47.59437157,30.936303596,0.737703221
050301020202,2016,59.387683071,38.002678509,0.75524098
050301020202,2017,73.041069846,41.396567238,0.765264859
050301020202,2018,65.872441614,39.046202216,0.752604489
050301020202,2019,59.038610645,36.69942951,0.738052427
050301020203,2010,32.716523949,20.084415504,0.704045601
050301020203,2011,80.259877182,40.080388529,0.779193631
050301020203,2012,53.771777974,29.912748119,0.751859834
050301020203,2013,65.356672323,35.998395205,0.79151494
050301020203,2014,39.880382773,24.882448028,0.74706878
050301020203,2015,46.925642025,27.346830263,0.747244829
050301020203,2016,48.575852959,28.728920462,0.748386249
050301020203,2017,71.848976562,36.620737312,0.769652784
050301020203,2018,67.011324002,35.427587271,0.774469361
050301020203,2019,56.146243278,31.209586407,0.749999702
050301020303,2010,28.162948184,16.872536015,0.636939478
050301020303,2011,70.156701,35.682723696,0.71078603
050301020303,2012,47.802935036,25.53230505,0.675189797
050301020303,2013,59.37438903,31.052759581,0.701764116
050301020303,2014,30.403224262,18.545177172,0.668649321
050301020303,2015,39.547386033,21.687827297,0.687667725
050301020303,2016,50.663003126,26.97969078,0.68114967
050301020303,2017,61.39306118,31.844151092,0.693455247
050301020303,2018,54.256872912,27.960267807,0.688988481
050301020303,2019,52.139043699,28.121186483,0.682567707
050301020304,2010,16.353784559,10.514058775,0.54411444
050301020304,2011,44.004479402,22.562768625,0.630436573
050301020304,2012,28.393508054,15.842678613,0.582694498
050301020304,2013,39.096348953,19.648691132,0.629854421
050301020304,2014,19.130610684,12.198957588,0.582444042
050301020304,2015,24.298693861,13.250655841,0.597026908
050301020304,2016,28.143458052,15.485239336,0.584361486
050301020304,2017,48.410168286,24.752218001,0.608067212
050301020304,2018,38.711525527,20.275812912,0.61705037
050301020304,2019,32.490396685,17.231014542,0.609366849
050301020401,2010,31.596040165,25.634619056,0.718397073
050301020401,2011,70.515371042,52.954649941,0.80041263
050301020401,2012,45.332497993,35.796909546,0.757640915
050301020401,2013,59.729466483,46.008792084,0.806493723
050301020401,2014,32.147828018,27.220624758,0.749333769
050301020401,2015,34.961405803,28.229993098,0.762407803
050301020401,2016,48.967443838,39.170719596,0.772566274
050301020401,2017,62.59497676,46.873806862,0.792221045
050301020401,2018,56.821109738,43.680140255,0.789915366
050301020401,2019,48.051006623,38.316947557,0.762895977
050301020402,2010,35.642307118,27.795217214,0.727378874
050301020402,2011,82.372187385,59.715718835,0.795221065
050301020402,2012,57.459411767,42.814502718,0.772243893
050301020402,2013,70.840529099,51.441637616,0.809273961
050301020402,2014,41.836393433,33.999900465,0.759682864
050301020402,2015,48.938802001,37.368810804,0.774419723
050301020402,2016,57.196064035,43.771719527,0.776829231
050301020402,2017,79.156643545,56.306397906,0.792218313
050301020402,2018,69.146661123,50.750007663,0.783687001
050301020402,2019,63.695282931,47.890480919,0.781258705
050301020403,2010,33.113899388,24.30043344,0.707587093
050301020403,2011,77.784839511,50.778674647,0.778326822
050301020403,2012,49.856609957,34.977007097,0.754873403
050301020403,2013,60.038238976,41.806085218,0.790179821
050301020403,2014,38.517368578,29.020986881,0.752509177
050301020403,2015,49.316351716,34.709679837,0.766146463
050301020403,2016,47.793997998,34.060677437,0.756684645
050301020403,2017,74.025766281,48.873147026,0.779980501
050301020403,2018,66.408033348,44.560337357,0.78481366
050301020403,2019,57.722303109,40.167958207,0.772908138
050301020404,2010,27.898744031,18.764776821,0.681280008
050301020404,2011,64.231038173,38.798233663,0.751785116
050301020404,2012,38.820303087,24.069621642,0.72438863
050301020404,2013,45.357387185,29.101276659,0.762383619
050301020404,2014,30.403668477,20.959002813,0.721972378
050301020404,2015,39.062775521,25.110612069,0.737881714
050301020404,2016,38.051636874,24.807060129,0.73229245
050301020404,2017,63.000394551,38.563222455,0.752847477
050301020404,2018,57.209848568,33.795859512,0.761101314
050301020404,2019,48.350727032,30.823963126,0.755502659
050301020405,2010,31.552816366,22.074704227,0.698746604
050301020405,2011,68.59313272,46.361594246,0.757919599
050301020405,2012,39.67419732,27.253960794,0.730814459
050301020405,2013,51.411400841,34.971935911,0.769138385
050301020405,2014,36.128026075,26.180981678,0.730686222
050301020405,2015,40.761601332,28.846220598,0.740179565
050301020405,2016,45.692826041,31.50295412,0.736608641
050301020405,2017,64.991394762,42.723010416,0.756001273
050301020405,2018,61.868018691,41.088373097,0.763311988
050301020405,2019,52.476624585,36.382196996,0.759189642
050301020501,2010,35.161008205,26.662329245,0.73180018
050301020501,2011,76.770351398,54.791957788,0.798777117
050301020501,2012,56.933111492,42.355240442,0.780998682
050301020501,2013,57.661403007,42.898144813,0.799907424
050301020501,2014,39.678323596,30.424128274,0.770046573
050301020501,2015,49.766366375,36.986829976,0.783791859
050301020501,2016,49.813939548,37.936047056,0.775018127
050301020501,2017,71.029361542,51.245109742,0.793474987
050301020501,2018,68.474709396,49.014874379,0.7999602
050301020501,2019,56.335611392,41.575514831,0.792007516
050301020502,2010,37.390435141,26.802891411,0.734873696
050301020502,2011,80.798060505,53.017563872,0.79800538
050301020502,2012,59.242537521,40.80125156,0.78096767
050301020502,2013,60.18064635,41.332932009,0.800273991
050301020502,2014,40.658551584,29.115568104,0.770980827
050301020502,2015,50.542663221,35.273703726,0.783800997
050301020502,2016,52.855461239,37.325314311,0.774958999
050301020502,2017,76.674565622,51.023492703,0.795525425
050301020502,2018,72.408086842,47.678103359,0.80222929
050301020502,2019,59.565987684,40.363982218,0.79423907
050301020503,2010,33.095440042,26.734645451,0.7091465
050301020503,2011,73.478199092,54.88586117,0.780907395
050301020503,2012,50.902457713,39.878535435,0.752565822
050301020503,2013,53.044827592,41.893536803,0.77831427
050301020503,2014,36.6079946,30.338342999,0.747308457
050301020503,2015,44.943895177,35.784599873,0.758948181
050301020503,2016,45.857072388,36.864118625,0.753698432
050301020503,2017,71.79801296,53.401325155,0.77616617
050301020503,2018,65.076455622,49.451787895,0.782294311
050301020503,2019,54.004492632,42.313276386,0.766495968
050301020504,2010,36.613724462,26.948451386,0.721945229
050301020504,2011,73.114166516,50.339303662,0.785046366
050301020504,2012,51.544222647,37.595693945,0.758561789
050301020504,2013,57.556033453,40.886601314,0.781534577
050301020504,2014,37.867404154,28.649570052,0.755357549
050301020504,2015,43.71389141,32.397951516,0.763614318
050301020504,2016,48.589891726,35.285252223,0.761901154
050301020504,2017,70.010243601,48.389665644,0.778305012
050301020504,2018,67.231439947,45.508417026,0.787827287
050301020504,2019,58.045635738,40.9375073,0.779832854
050301020505,2010,40.71229836,29.40861475,0.734538021
050301020505,2011,74.330533242,51.049052135,0.78830835
050301020505,2012,50.942804417,36.781083085,0.756357078
050301020505,2013,63.319508715,45.016556691,0.795685223
050301020505,2014,43.952273183,32.494081299,0.778449107
050301020505,2015,45.495671875,32.828663628,0.768232032
050301020505,2016,49.766454457,36.086508801,0.7677124
050301020505,2017,78.465369894,52.779042918,0.795854592
050301020505,2018,70.436831253,48.2818271,0.802494713
050301020505,2019,63.838330853,45.271908192,0.785862456
050301020506,2010,41.593418333,30.722072027,0.73687908
050301020506,2011,74.409470871,51.626009392,0.787959233
050301020506,2012,52.627488724,38.398386104,0.759246837
050301020506,2013,63.486923431,46.084865405,0.793986094
050301020506,2014,43.137531605,32.839089872,0.775502407
050301020506,2015,45.722574845,33.972517109,0.768302765
050301020506,2016,50.948719157,37.710926814,0.768339907
050301020506,2017,77.446131643,53.41077521,0.794639096
050301020506,2018,70.446135059,48.998308833,0.80120407
050301020506,2019,64.664613802,46.649105693,0.786192053
050301020507,2010,44.997143131,34.540883018,0.735712937
050301020507,2011,77.883008348,57.045884896,0.79082924
050301020507,2012,61.022975275,46.422261651,0.771282963
050301020507,2013,72.640380867,54.60053615,0.799117351
050301020507,2014,51.778827061,41.090299619,0.778262001
050301020507,2015,44.49840884,35.49132997,0.753309398
050301020507,2016,57.46029651,44.427746391,0.773709987
050301020507,2017,81.417946903,59.386440202,0.790628001
050301020507,2018,84.679857503,59.495041188,0.804767501
050301020507,2019,75.118614684,55.873103985,0.794653629
050301020602,2010,37.917231309,22.106658103,0.718349572
050301020602,2011,67.562963065,39.179604602,0.799967831
050301020602,2012,43.511035828,25.901933,0.758725004
050301020602,2013,59.263596469,33.463613474,0.809696814
050301020602,2014,42.280752933,24.785866257,0.781176789
050301020602,2015,38.93885411,23.604552876,0.781759437
050301020602,2016,42.586965733,24.936526341,0.775943224
050301020602,2017,74.68651746,41.063547977,0.799317181
050301020602,2018,71.553564742,37.710895514,0.822444171
050301020602,2019,54.213760833,31.869669757,0.789401445
050301020603,2010,40.976706685,20.279678274,0.745599478
050301020603,2011,72.721856038,35.776315293,0.814882162
050301020603,2012,47.721136613,23.788957461,0.779732498
050301020603,2013,64.335774936,30.568260382,0.827694246
050301020603,2014,45.021235078,22.873540841,0.799442517
050301020603,2015,45.222684034,22.165160612,0.800442637
050301020603,2016,51.352157568,23.885465471,0.795992768
050301020603,2017,78.078083278,36.937930918,0.819825146
050301020603,2018,74.730092424,34.153995777,0.83598549
050301020603,2019,59.56047958,29.359611295,0.807850219
050301020604,2010,36.799562681,19.146011172,0.754730112
050301020604,2011,66.134586022,33.90194314,0.818397179
050301020604,2012,42.906497765,22.768017131,0.78555676
050301020604,2013,56.917633685,29.049949813,0.836649276
050301020604,2014,39.895217472,21.806635352,0.806360438
050301020604,2015,40.492868186,21.187789739,0.80628571
050301020604,2016,44.087415992,23.283432255,0.800410261
050301020604,2017,72.271133071,34.629811241,0.832551853
050301020604,2018,68.56799226,32.480834834,0.843577624
050301020604,2019,53.89989343,27.967101051,0.814259125
050301020605,2010,44.842419946,19.159738094,0.766898743
050301020605,2011,78.368342077,36.064979617,0.81748126
050301020605,2012,64.315145046,27.339243828,0.81294379
050301020605,2013,70.414736652,29.881477316,0.828478305
050301020605,2014,52.172694169,24.081507448,0.804148766
050301020605,2015,45.496596315,21.57783116,0.780613895
050301020605,2016,56.063314047,25.058718542,0.810369953
050301020605,2017,72.189263372,30.370864988,0.828794715
050301020605,2018,79.234242943,34.046749109,0.82152786
050301020605,2019,67.796556576,28.550055808,0.828938085
050301020606,2010,40.458602155,17.940119696,0.744460197
050301020606,2011,68.1095644,33.000743182,0.805463133
050301020606,2012,48.610682447,21.801512629,0.783086999
050301020606,2013,60.927050029,27.098839488,0.827210529
050301020606,2014,42.003218982,20.468756898,0.791578043
050301020606,2015,41.517484276,19.773700682,0.789740925
050301020606,2016,50.204254688,22.439414166,0.798470653
050301020606,2017,71.263915951,31.83412927,0.819533126
050301020606,2018,74.707306349,32.40688692,0.827860854
050301020606,2019,57.585302645,26.303010747,0.801160462
050301030807,2010,49.863550277,13.439902109,0.585159174
050301030807,2011,69.221325145,19.608013369,0.639581045
050301030807,2012,53.434195249,16.350557829,0.598198893
050301030807,2013,67.012331707,21.322305678,0.646461332
050301030807,2014,45.206025771,14.00812822,0.624140569
050301030807,2015,44.79657095,13.295029913,0.611892766
050301030807,2016,56.253904678,16.121441006,0.61629984
050301030807,2017,67.258160169,19.702587534,0.626335787
050301030807,2018,78.479250713,21.827705538,0.649027629
050301030807,2019,59.75044439,18.368935361,0.625752521
050301030808,2010,28.718838462,19.83970296,0.653380466
050301030808,2011,48.631709798,31.83376727,0.705616322
050301030808,2012,37.452409444,26.324110503,0.684359741
050301030808,2013,53.469896976,33.787405745,0.737486584
050301030808,2014,32.444870804,21.224779016,0.709185167
050301030808,2015,27.609658259,19.036736183,0.682780911
050301030808,2016,38.225088812,26.332886702,0.706336205
050301030808,2017,53.628761114,34.028532722,0.735066316
050301030808,2018,58.543243804,35.290495295,0.735671066
050301030808,2019,40.550824392,26.752853695,0.696169419
050301030809,2010,33.199979503,19.215451257,0.650696702
050301030809,2011,52.68782188,30.589239219,0.703070529
050301030809,2012,36.599549905,22.993943064,0.666294804
050301030809,2013,51.916033538,29.21402841,0.730394286
050301030809,2014,33.541815333,20.07319695,0.694374279
050301030809,2015,30.314793087,19.00121657,0.675531433
050301030809,2016,42.151084148,25.443116422,0.697049321
050301030809,2017,55.084690754,30.502075272,0.720836248
050301030809,2018,62.290649799,33.123757497,0.730383876
050301030809,2019,43.989488744,25.435582399,0.69320393
050301040101,2010,31.996055062,23.449473015,0.655838778
050301040101,2011,55.048769344,41.439340638,0.710531844
050301040101,2012,40.563764081,30.148903174,0.699646132
050301040101,2013,50.566860765,38.953725065,0.743954241
050301040101,2014,38.593202575,29.558275394,0.706470675
050301040101,2015,31.346275147,23.512037851,0.659069926
050301040101,2016,39.170356143,29.522974747,0.72382588
050301040101,2017,52.215966338,39.645337108,0.742196849
050301040101,2018,52.330426984,39.250102553,0.711793398
050301040101,2019,49.182283218,38.00103294,0.717882774
050301040102,2010,33.744173774,26.981945027,0.658698247
050301040102,2011,51.488095826,39.19162261,0.718480472
050301040102,2012,30.797871935,25.191522562,0.66692105
050301040102,2013,42.415816556,35.865643365,0.741397633
050301040102,2014,36.092891192,30.047418275,0.704546244
050301040102,2015,29.246585074,23.404578062,0.646236267
050301040102,2016,37.620015202,30.334384712,0.724107016
050301040102,2017,47.258351304,39.194233227,0.759957457
050301040102,2018,54.860712576,41.681431946,0.733139355
050301040102,2019,54.222243518,43.179887567,0.718334087
050301040103,2010,38.044434599,27.218498223,0.641005197
050301040103,2011,60.666857833,43.652013075,0.706896154
050301040103,2012,36.994302172,27.374848771,0.662748576
050301040103,2013,50.193285306,37.580770982,0.72593307
050301040103,2014,43.678671786,32.708419389,0.696326688
050301040103,2015,32.765933223,24.076994719,0.634546478
050301040103,2016,39.978302079,29.463595494,0.692229965
050301040103,2017,56.083994908,41.438454336,0.735599671
050301040103,2018,58.429435646,41.330063823,0.707184003
050301040103,2019,62.503374001,45.612547295,0.708030553
050301050101,2010,33.709467268,6.811139631,0.667778474
050301050101,2011,60.111106497,9.770968196,0.732262031
050301050101,2012,35.757173145,8.478901363,0.703616563
050301050101,2013,42.153938523,9.168205894,0.737983337
050301050101,2014,39.57450464,8.518929964,0.720192314
050301050101,2015,29.375721487,6.919494892,0.639493776
050301050101,2016,37.7106483,7.520058071,0.730446903
050301050101,2017,51.531802187,10.084187828,0.73967634
050301050101,2018,57.299809924,9.755173379,0.739028012
050301050101,2019,50.193296879,9.76530534,0.716825346
050301050102,2010,34.696728,6.271275439,0.675326758
050301050102,2011,55.597600297,8.569475774,0.732700142
050301050102,2012,34.36510596,7.534406601,0.698230844
050301050102,2013,41.490242733,8.083339219,0.726842239
050301050102,2014,38.514483942,7.850144361,0.732010247
050301050102,2015,31.176613454,6.291920474,0.6600124
050301050102,2016,37.087605238,6.671035141,0.726958892
050301050102,2017,51.604770092,9.017334871,0.742428563
050301050102,2018,59.747419268,9.164878818,0.748895884
050301050102,2019,49.241849127,8.640438686,0.718684556
050301050201,2010,34.272127257,8.866845523,0.692868644
050301050201,2011,75.133200603,14.496857988,0.747385136
050301050201,2012,48.940704418,13.041068778,0.731428645
050301050201,2013,55.960543355,13.782999334,0.758227942
050301050201,2014,37.48464617,10.807248412,0.722939894
050301050201,2015,44.219659183,10.292067539,0.728769466
050301050201,2016,45.38313461,11.64998603,0.744904329
050301050201,2017,60.167760797,13.674759588,0.738934694
050301050201,2018,60.23841983,13.254537493,0.748290161
050301050201,2019,51.939811183,13.556226838,0.732698997
050301050202,2010,31.704793427,8.617676024,0.672072161
050301050202,2011,74.503749391,15.717867503,0.739494204
050301050202,2012,46.035081457,12.355206005,0.718063874
050301050202,2013,52.874281486,13.808416309,0.742366522
050301050202,2014,35.945724276,10.942971445,0.707103578
050301050202,2015,44.946157211,10.578744923,0.718223734
050301050202,2016,42.415542509,11.420436205,0.729638373
050301050202,2017,55.595797858,13.611346007,0.724248239
050301050202,2018,61.895088913,14.225227791,0.735879162
050301050202,2019,49.280252013,13.787196382,0.719236868
050301050203,2010,37.307715304,7.277502815,0.666696641
050301050203,2011,78.858395867,12.788236356,0.748776393
050301050203,2012,51.43770164,10.181296446,0.718919481
050301050203,2013,64.693950335,11.669440265,0.740483634
050301050203,2014,42.333281092,9.437879533,0.719441401
050301050203,2015,42.410107372,9.045920432,0.706849292
050301050203,2016,48.702628822,9.294700422,0.732827571
050301050203,2017,65.942468326,11.466183453,0.734135002
050301050203,2018,68.464511263,11.764296601,0.740450331
050301050203,2019,60.669633238,11.561316405,0.737907245
050301050301,2010,37.577503213,8.43325967,0.705719502
050301050301,2011,81.743364188,13.730706355,0.796326073
050301050301,2012,51.208541548,10.985607769,0.760938548
050301050301,2013,64.081837213,13.34059563,0.795515364
050301050301,2014,44.102547626,10.752824347,0.765518776
050301050301,2015,39.288025923,8.863304334,0.729074617
050301050301,2016,46.957170425,10.619801003,0.774451104
050301050301,2017,67.681897263,12.880435784,0.782956654
050301050301,2018,74.91048982,13.227579748,0.7880461
050301050301,2019,64.886353035,12.70970391,0.766376121
050301050302,2010,38.061634837,7.394870143,0.725146132
050301050302,2011,83.657559049,12.476624994,0.820546096
050301050302,2012,55.073527342,10.115933805,0.789422505
050301050302,2013,69.506195968,12.080934585,0.829853802
050301050302,2014,47.294060371,9.660730354,0.793553088
050301050302,2015,41.395743598,8.10167406,0.762000591
050301050302,2016,51.587499507,9.458085325,0.806835966
050301050302,2017,71.602270147,11.944343928,0.812194638
050301050302,2018,71.852545032,11.646004407,0.810791737
050301050302,2019,71.23225824,12.252270163,0.79370021
050301050303,2010,37.163995656,8.491379011,0.736875104
050301050303,2011,83.029303131,14.403629499,0.828677702
050301050303,2012,55.209388727,11.976482977,0.798944486
050301050303,2013,70.441594614,14.221300658,0.833564114
050301050303,2014,45.553785621,11.160198935,0.799006936
050301050303,2015,38.806138442,9.027874988,0.759784732
050301050303,2016,48.024246812,10.838748122,0.806274201
050301050303,2017,69.283177436,13.535811527,0.815106712
050301050303,2018,73.363874786,13.612370678,0.816377524
050301050303,2019,68.761222016,13.68831643,0.812016425
050301050304,2010,31.132063426,10.685225295,0.677614021
050301050304,2011,63.877737819,15.648225909,0.791528133
050301050304,2012,43.543828396,14.156294372,0.750803449
050301050304,2013,55.626283082,16.877064516,0.783928614
050301050304,2014,34.511196001,12.5292334,0.74351291
050301050304,2015,30.339610444,10.540404379,0.7001236
050301050304,2016,33.504928876,11.809061343,0.748915252
050301050304,2017,61.543289852,16.002560663,0.775651491
050301050304,2018,62.683160194,16.045485794,0.785076472
050301050304,2019,51.998682419,15.414534176,0.768341139
050301050305,2010,33.045606001,9.694290814,0.704490606
050301050305,2011,69.844693563,15.297653421,0.809089611
050301050305,2012,47.322272994,13.556250921,0.77173647
050301050305,2013,61.199897609,15.992588836,0.804855049
050301050305,2014,38.263941925,12.060695287,0.766972679
050301050305,2015,31.579018016,9.758717349,0.720359205
050301050305,2016,36.526948204,11.070323717,0.76747805
050301050305,2017,64.906962583,15.091097404,0.79166398
050301050305,2018,65.105733974,15.265626793,0.799188902
050301050305,2019,55.661324525,14.823222411,0.791875668
050301050306,2010,27.601162565,9.64650189,0.664720765
050301050306,2011,57.968898488,15.931132449,0.777983183
050301050306,2012,41.109383103,13.79056618,0.739654914
050301050306,2013,50.528569194,16.512505314,0.767454875
050301050306,2014,32.330540396,12.177539314,0.736971463
050301050306,2015,26.142620048,9.581953922,0.683493405
050301050306,2016,33.118199586,11.948482043,0.743731816
050301050306,2017,55.413382417,16.787030312,0.765749824
050301050306,2018,58.080033442,16.359376899,0.768607001
050301050306,2019,49.116327699,16.564459278,0.7659435
050301050307,2010,28.986557758,8.584184242,0.688538013
050301050307,2011,61.24971266,13.027780923,0.784750783
050301050307,2012,38.197131821,11.193025674,0.746931027
050301050307,2013,43.928348861,12.891100451,0.776190241
050301050307,2014,35.836723703,10.794597033,0.753257108
050301050307,2015,30.181740854,9.036881487,0.700821848
050301050307,2016,35.610297156,10.233585197,0.755237328
050301050307,2017,55.295314499,13.585098881,0.783328088
050301050307,2018,58.859598337,13.801356636,0.787851453
050301050307,2019,51.383291553,13.871451165,0.781987394
050301050308,2010,29.388504342,7.015850756,0.667338001
050301050308,2011,58.314554258,9.835981786,0.744606273
050301050308,2012,38.690011121,9.290254334,0.729476521
050301050308,2013,48.775038007,10.749622566,0.755868118
050301050308,2014,37.642289202,9.059685991,0.731802749
050301050308,2015,28.805291113,7.484929986,0.660113429
050301050308,2016,33.609492904,7.564669566,0.732265128
050301050308,2017,46.069618975,9.650356733,0.753642823
050301050308,2018,51.045531246,9.423469209,0.720428625
050301050308,2019,50.89058355,10.568208873,0.751010217
050301050401,2010,36.111522948,12.850421712,0.695619986
050301050401,2011,63.844969994,20.014346852,0.771660876
050301050401,2012,43.221985361,15.732102535,0.741908773
050301050401,2013,47.339401047,17.46670618,0.7508937
050301050401,2014,38.620510787,15.54136579,0.736816095
050301050401,2015,37.492381446,13.264061914,0.71277819
050301050401,2016,41.426828579,15.158766094,0.749715328
050301050401,2017,61.146537263,19.782675838,0.76399003
050301050401,2018,67.155501606,20.278426215,0.77247524
050301050401,2019,56.740838404,19.645888565,0.754020959
050301050402,2010,43.458998815,15.558007307,0.709443421
050301050402,2011,62.574014205,20.723792751,0.772209495
050301050402,2012,45.411520647,17.180833897,0.748406834
050301050402,2013,51.988180339,19.523264204,0.753242706
050301050402,2014,40.976754598,17.041923876,0.742547797
050301050402,2015,41.49904417,15.116895529,0.717421882
050301050402,2016,48.483671552,18.471121478,0.755694811
050301050402,2017,63.001148009,21.836957687,0.764653804
050301050402,2018,71.895262956,22.164100226,0.767608406
050301050402,2019,59.699186703,21.253634375,0.753212997
050301050403,2010,38.524435206,14.769395081,0.635975103
050301050403,2011,56.048027463,18.043611092,0.708372363
050301050403,2012,38.381696644,15.870931436,0.665714502
050301050403,2013,43.147806553,17.195449694,0.683443885
050301050403,2014,39.711690582,16.870843146,0.696069367
050301050403,2015,36.581816289,14.75906166,0.643902965
050301050403,2016,38.014838311,15.394431584,0.672633993
050301050403,2017,50.371865345,17.863374848,0.700635076
050301050403,2018,62.800005869,20.079454198,0.713530882
050301050403,2019,49.43087278,18.685969303,0.665231746
050301050404,2010,42.51048066,12.373910969,0.711950167
050301050404,2011,58.329428847,16.702618993,0.768196671
050301050404,2012,39.207330845,13.347435882,0.745294481
050301050404,2013,45.999088445,14.992185654,0.78063423
050301050404,2014,45.739803196,15.803146227,0.774865516
050301050404,2015,33.826580997,11.318061713,0.703441945
050301050404,2016,42.388491292,13.434411008,0.764737485
050301050404,2017,55.718965856,17.522595892,0.769290529
050301050404,2018,70.461820108,18.703358105,0.797768422
050301050404,2019,55.732448078,17.174611721,0.751998143
050301050405,2010,35.095982236,14.01937855,0.668964691
050301050405,2011,49.252635535,19.618820093,0.750432233
050301050405,2012,33.704916606,15.097303422,0.725133395
050301050405,2013,36.802535769,17.340753796,0.74230334
050301050405,2014,38.969369355,17.449248372,0.73567002
050301050405,2015,28.343224495,12.678986348,0.682139749
050301050405,2016,29.908328801,13.751902861,0.718835565
050301050405,2017,48.731180794,19.926615991,0.742134497
050301050405,2018,60.738880074,21.737609371,0.760463982
050301050405,2019,52.717605694,19.790424006,0.723373853
050301050406,2010,34.329931983,11.807577591,0.675018625
050301050406,2011,49.16833799,15.255877415,0.726668756
050301050406,2012,36.244333476,12.121422516,0.709069766
050301050406,2013,40.166795187,13.615349269,0.712171932
050301050406,2014,42.176762075,14.519744109,0.746843712
050301050406,2015,29.917199492,10.7326803,0.666513522
050301050406,2016,32.681650381,11.010161404,0.722221876
050301050406,2017,48.461474571,15.856420543,0.75523302
050301050406,2018,57.480068904,17.27378316,0.738056948
050301050406,2019,52.265179423,16.886959356,0.723821179
050301050407,2010,38.886702906,13.98137849,0.674908314
050301050407,2011,54.429763943,18.860104297,0.736024943
050301050407,2012,37.958754891,15.193152143,0.709276304
050301050407,2013,43.843523061,17.46360895,0.728362872
050301050407,2014,42.447734403,17.529316575,0.733325802
050301050407,2015,35.220449851,13.409965237,0.676317229
050301050407,2016,41.142451298,16.026323757,0.72352377
050301050407,2017,51.554818842,18.728081079,0.73711569
050301050407,2018,63.592981664,21.011711544,0.750250167
050301050407,2019,50.722285191,18.461741215,0.710254984
050301050408,2010,30.816670955,12.967867892,0.657807222
050301050408,2011,51.300676234,18.761817924,0.735282044
050301050408,2012,32.275427735,14.864164608,0.685301736
050301050408,2013,40.266762281,17.305692738,0.727063601
050301050408,2014,37.370453634,16.321083812,0.696475215
050301050408,2015,27.027705542,12.320992438,0.650137948
050301050408,2016,31.179295825,12.941363988,0.70481933
050301050408,2017,45.461568048,18.200209445,0.743202122
050301050408,2018,52.793167185,19.619715895,0.718587072
050301050408,2019,47.726269603,18.439865013,0.722242538
050301050409,2010,32.337558169,13.91054452,0.653353889
050301050409,2011,50.507097511,19.515868823,0.732370294
050301050409,2012,32.23532861,15.124142354,0.691908837
050301050409,2013,44.241893297,19.237540633,0.732616639
050301050409,2014,37.225526504,17.48653847,0.720841305
050301050409,2015,27.688399476,13.211669038,0.657489082
050301050409,2016,30.446521697,13.860715515,0.7126288
050301050409,2017,44.24656507,19.275889125,0.73477969
050301050409,2018,49.244840847,19.164814414,0.7167687
050301050409,2019,46.888979928,19.767036394,0.715594154
050301060101,2010,26.525595735,15.976069314,0.668587121
050301060101,2011,39.827017447,22.904549775,0.786280948
050301060101,2012,22.499370304,14.050213882,0.67935931
050301060101,2013,32.424565455,19.980021514,0.764711392
050301060101,2014,23.611808733,16.228933737,0.725774712
050301060101,2015,21.887465665,13.100420099,0.685247744
050301060101,2016,21.968995031,13.836024052,0.69928776
050301060101,2017,26.20224178,17.120968434,0.724669812
050301060101,2018,46.390804643,24.272798187,0.772579207
050301060101,2019,29.960144761,15.664209056,0.666245139
050301060102,2010,29.380501691,18.486519089,0.682649474
050301060102,2011,40.117078642,24.924398649,0.781689859
050301060102,2012,22.898974757,16.069609524,0.681183502
050301060102,2013,36.166259539,23.509962315,0.774961794
050301060102,2014,24.429184993,19.188059976,0.742046509
050301060102,2015,22.627060257,16.034819427,0.704614495
050301060102,2016,21.732473658,16.085036841,0.702647709
050301060102,2017,29.447869049,20.589949025,0.7426631
050301060102,2018,42.007388,24.538804852,0.760261112
050301060102,2019,29.779177917,18.102036144,0.656779086
050301060103,2010,34.250085123,19.598798214,0.702417878
050301060103,2011,42.696119593,25.44160845,0.781270856
050301060103,2012,26.237464093,16.871515312,0.663165243
050301060103,2013,45.3699322,26.361699014,0.785196125
050301060103,2014,27.821621474,21.054040219,0.754887128
050301060103,2015,27.759987508,17.943982798,0.722231554
050301060103,2016,27.356479964,18.238359342,0.71288614
050301060103,2017,33.621067534,22.181925616,0.741902918
050301060103,2018,50.196329662,26.628456343,0.783851467
050301060103,2019,34.352759049,19.322162241,0.671922527
050301060104,2010,34.961594854,18.936590726,0.704412085
050301060104,2011,43.126239037,24.581786035,0.783470566
050301060104,2012,25.325236311,15.68164956,0.65812283
050301060104,2013,44.071447745,24.426543995,0.783665503
050301060104,2014,27.662753652,20.123496486,0.753640618
050301060104,2015,27.765700615,17.160632245,0.721713744
050301060104,2016,27.787594568,17.765824831,0.713871226
050301060104,2017,32.632601044,20.928440008,0.740390488
050301060104,2018,51.277351909,25.469524265,0.783877224
050301060104,2019,34.407922058,18.485091644,0.676518479
050301060105,2010,29.034360446,17.097771168,0.671663392
050301060105,2011,39.915276232,23.617435461,0.768330309
050301060105,2012,23.050241387,14.15292612,0.644539067
050301060105,2013,35.7890652,21.077027279,0.753690177
050301060105,2014,25.5592203,18.595207524,0.730390766
050301060105,2015,26.050629,16.355829037,0.700572897
050301060105,2016,24.541961974,15.997266565,0.700299742
050301060105,2017,29.455317246,18.974191653,0.723223166
050301060105,2018,46.786104334,24.282116179,0.768480349
050301060105,2019,30.074720524,16.33911228,0.661232337
050301060401,2010,37.332617383,1.653068808,0.687764792
050301060401,2011,53.662705201,2.19585031,0.753503006
050301060401,2012,32.095060943,1.448635314,0.671761038
050301060401,2013,47.077096751,2.408545428,0.75689595
050301060401,2014,32.904105698,2.18424605,0.737414282
050301060401,2015,33.716636812,1.934338213,0.719604096
050301060401,2016,31.350597692,1.725352499,0.718050914
050301060401,2017,44.92019686,2.08125669,0.742338707
050301060401,2018,60.038266822,2.349994967,0.760222902
050301060401,2019,31.420629229,1.608673272,0.679624939
050301060402,2010,38.678860062,1.773875468,0.688518607
050301060402,2011,57.904365456,2.41532747,0.753637021
050301060402,2012,34.157948088,1.571814683,0.672988639
050301060402,2013,50.371422617,2.647225027,0.757202438
050301060402,2014,34.655449143,2.361506845,0.737189963
050301060402,2015,35.882990578,2.031783375,0.719266027
050301060402,2016,35.283427847,1.895031921,0.719170808
050301060402,2017,47.271176811,2.271750344,0.742545513
050301060402,2018,62.758266394,2.550297425,0.760312155
050301060402,2019,33.872841046,1.771716873,0.68156493
050301060403,2010,42.323077777,2.152313429,0.706565149
050301060403,2011,58.42039263,2.732866171,0.765763
050301060403,2012,38.98257224,2.008208845,0.695753222
050301060403,2013,51.702293105,2.877778958,0.772243192
050301060403,2014,38.799399825,2.700694237,0.757917852
050301060403,2015,35.778097574,2.227975689,0.725972571
050301060403,2016,39.144146326,2.199688549,0.736055202
050301060403,2017,52.026124864,2.782634789,0.757373108
050301060403,2018,68.578113765,3.075602993,0.770083498
050301060403,2019,35.476547024,2.208028583,0.698188169
050301060501,2010,48.908504845,1.903892713,0.707699025
050301060501,2011,61.339952114,2.180566301,0.773331561
050301060501,2012,41.929239313,1.660691784,0.709367575
050301060501,2013,52.360057719,1.929614554,0.778171884
050301060501,2014,36.698037444,1.613142221,0.757528605
050301060501,2015,37.907623566,1.531206426,0.711201081
050301060501,2016,40.679817924,1.508673793,0.723210313
050301060501,2017,51.71451037,2.036062569,0.764051103
050301060501,2018,69.217128589,2.252688398,0.783131691
050301060501,2019,39.415999869,1.831046183,0.708235761
050301060502,2010,44.832989275,1.169800668,0.703052372
050301060502,2011,56.314732178,1.299041984,0.761473987
050301060502,2012,39.149743821,1.089153133,0.697318064
050301060502,2013,47.375795148,1.090052609,0.769591168
050301060502,2014,31.706514895,0.960067345,0.731110992
050301060502,2015,37.059039707,0.947934218,0.708545877
050301060502,2016,38.906014597,0.884141806,0.724891408
050301060502,2017,46.926928787,1.228330025,0.757806121
050301060502,2018,64.013860152,1.324821106,0.767165074
050301060502,2019,33.740668147,1.183605841,0.686546681
050301060503,2010,41.892723417,1.383067487,0.697896888
050301060503,2011,53.752444051,1.631145105,0.758655196
050301060503,2012,34.981705265,1.377915863,0.69683223
050301060503,2013,55.874123539,1.721782912,0.790713977
050301060503,2014,34.259919925,1.408415226,0.760011031
050301060503,2015,36.982162834,1.411952492,0.722109262
050301060503,2016,39.075866905,1.408834114,0.725663096
050301060503,2017,52.418535071,1.781945152,0.760277895
050301060503,2018,62.361982982,1.774747546,0.784322105
050301060503,2019,35.203441364,1.532340904,0.703613972
050301060601,2010,41.58838318,2.621514451,0.722758222
050301060601,2011,54.410874582,3.063373385,0.782059707
050301060601,2012,35.517880814,2.671830266,0.713833453
050301060601,2013,57.178990702,3.448747221,0.815288068
050301060601,2014,32.729002567,2.67475046,0.785724154
050301060601,2015,38.033856707,2.676837876,0.764578085
050301060601,2016,38.422898588,2.743233994,0.742372935
050301060601,2017,52.201623456,3.32619714,0.775110172
050301060601,2018,63.385408954,3.58585911,0.806940805
050301060601,2019,34.811679538,3.127110232,0.734914462
050301060602,2010,42.554939216,2.328437152,0.690632685
050301060602,2011,61.911355647,2.993098975,0.77740751
050301060602,2012,36.607436168,1.968664911,0.689764579
050301060602,2013,58.536015559,2.898200082,0.781010529
050301060602,2014,35.914775122,2.338944316,0.763859299
050301060602,2015,38.807421643,2.131223154,0.740768446
050301060602,2016,41.017761086,2.218604427,0.728998881
050301060602,2017,53.509461484,3.100444973,0.736276662
050301060602,2018,65.333076583,2.87520432,0.773001819
050301060602,2019,43.836338978,2.807416106,0.712817531
050301060603,2010,41.550874236,1.485019179,0.705044349
050301060603,2011,59.720231221,1.917957129,0.795289251
050301060603,2012,35.038592157,1.248646501,0.688281491
050301060603,2013,53.353856389,1.873871522,0.802942463
050301060603,2014,34.858392482,1.549885416,0.763838561
050301060603,2015,34.753281208,1.324644716,0.732649392
050301060603,2016,39.832220175,1.449930812,0.738231032
050301060603,2017,48.954545065,1.832032941,0.7562926
050301060603,2018,65.017372992,1.93567449,0.797467865
050301060603,2019,44.602936115,1.748963483,0.717159851
050301060802,2010,40.367796023,6.463732313,0.656775981
050301060802,2011,53.262421788,8.804756915,0.708427778
050301060802,2012,35.209987885,6.79131891,0.649851561
050301060802,2013,43.993181862,6.555605553,0.714991968
050301060802,2014,30.813861629,6.308994504,0.671358514
050301060802,2015,38.09545858,6.218372675,0.683756337
050301060802,2016,31.093519391,5.565494806,0.652223509
050301060802,2017,38.150473979,6.249250513,0.701330119
050301060802,2018,57.535986572,8.144864522,0.712956616
050301060802,2019,34.099594388,8.014302122,0.633017858
050301061001,2010,33.220838355,5.042976958,0.653590928
050301061001,2011,49.097110866,6.995218393,0.720062178
050301061001,2012,34.491227374,6.366008304,0.669851028
050301061001,2013,35.414184361,5.63601253,0.704729212
050301061001,2014,29.0265973,5.543222662,0.690163459
050301061001,2015,45.585625515,6.683328705,0.711260788
050301061001,2016,33.64947225,5.350281799,0.6842876
050301061001,2017,48.017443962,6.903330177,0.735814683
050301061001,2018,60.214159866,7.893094901,0.718714332
050301061001,2019,34.36742215,7.061056417,0.634942925
050301061003,2010,33.95221622,5.106617231,0.652251836
050301061003,2011,48.410308878,6.904000137,0.716043899
050301061003,2012,36.9889015,6.360398106,0.671215554
050301061003,2013,36.434061737,5.633211968,0.702358284
050301061003,2014,29.52592538,5.519474579,0.691891115
050301061003,2015,43.86760943,6.676531111,0.706580062
050301061003,2016,33.73438826,5.365118198,0.681579429
050301061003,2017,50.17342573,6.976072365,0.733131432
050301061003,2018,61.334456969,7.793790869,0.719415992
050301061003,2019,34.792485972,6.916368718,0.635815991
050301061101,2010,34.120453861,4.998040855,0.653222164
050301061101,2011,45.467671677,5.656370718,0.713655667
050301061101,2012,32.200934213,5.350510277,0.667961767
050301061101,2013,37.704893243,5.741624666,0.701618931
050301061101,2014,25.648432398,4.85508966,0.673844138
050301061101,2015,34.970395302,5.206327672,0.671399417
050301061101,2016,31.30118749,4.327691956,0.678339768
050301061101,2017,43.69689012,5.582234907,0.727305323
050301061101,2018,54.933144401,6.209320332,0.718960666
050301061101,2019,32.817088471,6.537385615,0.63320109
