huc12_id,year,pscutot_mgd
050302020701,2010,0.004439626
050302020701,2011,0.003766883
050302020701,2012,0.004124497
050302020701,2013,0.003219232
050302020701,2014,0.003307472
050302020701,2015,0.001113548
050302020701,2016,0.001296075
050302020701,2017,0.001257031
050302020701,2018,0.003377675
050302020701,2019,0.001239738
050302020701,2020,0.003923439
050302020702,2010,0.0
050302020702,2011,0.0
050302020702,2012,0.0
050302020702,2013,0.0
050302020702,2014,0.0
050302020702,2015,0.0
050302020702,2016,0.0
050302020702,2017,0.0
050302020702,2018,0.0
050302020702,2019,0.0
050302020702,2020,0.0
050302020703,2010,0.0
050302020703,2011,0.0
050302020703,2012,0.0
050302020703,2013,0.0
050302020703,2014,0.0
050302020703,2015,0.0
050302020703,2016,0.0
050302020703,2017,0.0
050302020703,2018,0.0
050302020703,2019,0.0
050302020703,2020,0.0
050302020704,2010,0.010640532
050302020704,2011,0.010152989
050302020704,2012,0.012279794
050302020704,2013,0.011194696
050302020704,2014,0.01089892
050302020704,2015,0.009757223
050302020704,2016,0.010715463
050302020704,2017,0.010153922
050302020704,2018,0.009594711
050302020704,2019,0.010177017
050302020704,2020,0.00979042
050302020705,2010,0.001664493
050302020705,2011,0.001433268
050302020705,2012,0.001559367
050302020705,2013,0.001573615
050302020705,2014,0.00161687
050302020705,2015,0.001575805
050302020705,2016,0.001588972
050302020705,2017,0.001528729
050302020705,2018,0.00120012
050302020705,2019,0.001329223
050302020705,2020,0.001024439
050302020706,2010,0.001860064
050302020706,2011,0.001871137
050302020706,2012,0.002185201
050302020706,2013,0.001987961
050302020706,2014,0.001889948
050302020706,2015,0.002278282
050302020706,2016,0.002575716
050302020706,2017,0.002454997
050302020706,2018,0.001502518
050302020706,2019,0.00162305
050302020706,2020,0.001522826
050302020802,2010,0.050258814
050302020802,2011,0.053231142
050302020802,2012,0.062601336
050302020802,2013,0.057546257
050302020802,2014,0.055593898
050302020802,2015,0.05336348
050302020802,2016,0.05469711
050302020802,2017,0.053454819
050302020802,2018,0.048220077
050302020802,2019,0.050466133
050302020802,2020,0.047639562
050302020803,2010,0.006375824
050302020803,2011,0.006752893
050302020803,2012,0.007941595
050302020803,2013,0.007300308
050302020803,2014,0.007052632
050302020803,2015,0.006769682
050302020803,2016,0.006938866
050302020803,2017,0.006781269
050302020803,2018,0.006117191
050302020803,2019,0.006402125
050302020803,2020,0.006043547
050302020804,2010,0.000322095
050302020804,2011,0.000330724
050302020804,2012,0.000385162
050302020804,2013,0.000354285
050302020804,2014,0.000295049
050302020804,2015,0.000356413
050302020804,2016,0.000378641
050302020804,2017,0.000377582
050302020804,2018,0.000243995
050302020804,2019,0.000297215
050302020804,2020,0.000272579
050302020805,2010,0.16397443
050302020805,2011,0.15867508
050302020805,2012,0.181193269
050302020805,2013,0.169206349
050302020805,2014,0.167838213
050302020805,2015,0.177390131
050302020805,2016,0.19731591
050302020805,2017,0.191967699
050302020805,2018,0.142162542
050302020805,2019,0.155054328
050302020805,2020,0.138514721
050302020901,2010,0.0
050302020901,2011,0.0
050302020901,2012,0.0
050302020901,2013,0.0
050302020901,2014,0.0
050302020901,2015,0.0
050302020901,2016,0.0
050302020901,2017,0.0
050302020901,2018,0.0
050302020901,2019,0.0
050302020901,2020,0.0
050302020902,2010,0.0
050302020902,2011,0.0
050302020902,2012,0.0
050302020902,2013,0.0
050302020902,2014,0.0
050302020902,2015,0.0
050302020902,2016,0.0
050302020902,2017,0.0
050302020902,2018,0.0
050302020902,2019,0.0
050302020902,2020,0.0
050302020904,2010,0.082355013
050302020904,2011,0.073451456
050302020904,2012,0.085838849
050302020904,2013,0.075327715
050302020904,2014,0.07574445
050302020904,2015,0.065864222
050302020904,2016,0.073237444
050302020904,2017,0.06988517
050302020904,2018,0.065575785
050302020904,2019,0.071728588
050302020904,2020,0.065297161
050302040101,2010,0.009772782
050302040101,2011,0.007496043
050302040101,2012,0.009837878
050302040101,2013,0.007903631
050302040101,2014,0.008824739
050302040101,2015,0.012383472
050302040101,2016,0.013499712
050302040101,2017,0.013133251
050302040101,2018,0.006859126
050302040101,2019,0.007532896
050302040101,2020,0.007142025
050302040102,2010,0.053366925
050302040102,2011,0.050810859
050302040102,2012,0.064798057
050302040102,2013,0.061972594
050302040102,2014,0.068709054
050302040102,2015,0.052684691
050302040102,2016,0.05614171
050302040102,2017,0.056818578
050302040102,2018,0.049353212
050302040102,2019,0.055474672
050302040102,2020,0.052056156
050302040103,2010,3.6336e-05
050302040103,2011,3.0601e-05
050302040103,2012,3.6684e-05
050302040103,2013,3.5727e-05
050302040103,2014,3.5231e-05
050302040103,2015,4.0651e-05
050302040103,2016,4.3833e-05
050302040103,2017,4.2669e-05
050302040103,2018,3.1124e-05
050302040103,2019,3.2745e-05
050302040103,2020,2.9671e-05
050302040201,2010,0.0
050302040201,2011,0.0
050302040201,2012,0.0
050302040201,2013,0.0
050302040201,2014,0.0
050302040201,2015,0.0
050302040201,2016,0.0
050302040201,2017,0.0
050302040201,2018,0.0
050302040201,2019,0.0
050302040201,2020,0.0
050302040202,2010,0.004305788
050302040202,2011,0.003626163
050302040202,2012,0.004347095
050302040202,2013,0.004233594
050302040202,2014,0.004174817
050302040202,2015,0.00481718
050302040202,2016,0.005194177
050302040202,2017,0.005056277
050302040202,2018,0.003688163
050302040202,2019,0.003880279
050302040202,2020,0.00351597
050302040203,2010,0.000288314
050302040203,2011,0.000247146
050302040203,2012,0.000284318
050302040203,2013,0.000274797
050302040203,2014,0.000276167
050302040203,2015,0.000302743
050302040203,2016,0.000327916
050302040203,2017,0.000320858
050302040203,2018,0.000270792
050302040203,2019,0.0002909
050302040203,2020,0.000266061
050302040204,2010,0.017460965
050302040204,2011,0.014973669
050302040204,2012,0.018545726
050302040204,2013,0.017745553
050302040204,2014,0.017553864
050302040204,2015,0.018370327
050302040204,2016,0.020323526
050302040204,2017,0.019354623
050302040204,2018,0.014804793
050302040204,2019,0.016466762
050302040204,2020,0.014961789
050302040301,2010,0.00687503
050302040301,2011,0.006481261
050302040301,2012,0.007702498
050302040301,2013,0.007293739
050302040301,2014,0.008333939
050302040301,2015,0.012466819
050302040301,2016,0.01593009
050302040301,2017,0.015633808
050302040301,2018,0.007284805
050302040301,2019,0.007356043
050302040301,2020,0.006796399
050302040302,2010,0.0
050302040302,2011,0.0
050302040302,2012,0.0
050302040302,2013,0.0
050302040302,2014,0.0
050302040302,2015,0.0
050302040302,2016,0.0
050302040302,2017,0.0
050302040302,2018,0.0
050302040302,2019,0.0
050302040302,2020,0.0
050302040401,2010,0.247100961
050302040401,2011,0.218152925
050302040401,2012,0.233801787
050302040401,2013,0.222835916
050302040401,2014,0.231757424
050302040401,2015,0.230535172
050302040401,2016,0.252006396
050302040401,2017,0.249135429
050302040401,2018,0.266884474
050302040401,2019,0.294696761
050302040401,2020,0.272758428
050302040402,2010,0.124017011
050302040402,2011,0.109488338
050302040402,2012,0.117342315
050302040402,2013,0.111838675
050302040402,2014,0.116316273
050302040402,2015,0.11570284
050302040402,2016,0.12647899
050302040402,2017,0.125038086
050302040402,2018,0.133946119
050302040402,2019,0.147904772
050302040402,2020,0.136894186
050302040403,2010,0.028178414
050302040403,2011,0.024877294
050302040403,2012,0.026661829
050302040403,2013,0.025411324
050302040403,2014,0.026428697
050302040403,2015,0.026289317
050302040403,2016,0.02873781
050302040403,2017,0.028410416
050302040403,2018,0.030434447
050302040403,2019,0.03360605
050302040403,2020,0.031104289
050302040404,2010,0.051459444
050302040404,2011,0.045527651
050302040404,2012,0.049943725
050302040404,2013,0.047385003
050302040404,2014,0.049064778
050302040404,2015,0.047633906
050302040404,2016,0.052554529
050302040404,2017,0.051432752
050302040404,2018,0.054399451
050302040404,2019,0.060809373
050302040404,2020,0.056230686
050302040405,2010,0.003368905
050302040405,2011,0.003616332
050302040405,2012,0.003607236
050302040405,2013,0.003438679
050302040405,2014,0.003497044
050302040405,2015,0.003099905
050302040405,2016,0.003285102
050302040405,2017,0.003041278
050302040405,2018,0.003501319
050302040405,2019,0.003164747
050302040405,2020,0.003741336
050302040501,2010,0.0
050302040501,2011,0.0
050302040501,2012,0.0
050302040501,2013,0.0
050302040501,2014,0.0
050302040501,2015,0.0
050302040501,2016,0.0
050302040501,2017,0.0
050302040501,2018,0.0
050302040501,2019,0.0
050302040501,2020,0.0
050302040502,2010,0.013001642
050302040502,2011,0.012845845
050302040502,2012,0.016909472
050302040502,2013,0.017098964
050302040502,2014,0.017143386
050302040502,2015,0.012524717
050302040502,2016,0.013346829
050302040502,2017,0.011935957
050302040502,2018,0.013246654
050302040502,2019,0.013992086
050302040502,2020,0.013396815
050302040503,2010,0.01209445
050302040503,2011,0.013283248
050302040503,2012,0.017842609
050302040503,2013,0.0169529
050302040503,2014,0.014174195
050302040503,2015,0.011456118
050302040503,2016,0.012868233
050302040503,2017,0.011584197
050302040503,2018,0.012429976
050302040503,2019,0.009774625
050302040503,2020,0.011517712
050302040504,2010,0.004760231
050302040504,2011,0.005062794
050302040504,2012,0.006760703
050302040504,2013,0.006542667
050302040504,2014,0.005798582
050302040504,2015,0.004533125
050302040504,2016,0.005008667
050302040504,2017,0.004499766
050302040504,2018,0.00487895
050302040504,2019,0.004248961
050302040504,2020,0.004650297
050302040601,2010,0.001114126
050302040601,2011,0.001195952
050302040601,2012,0.001192944
050302040601,2013,0.001137201
050302040601,2014,0.001156503
050302040601,2015,0.001025165
050302040601,2016,0.001086412
050302040601,2017,0.001005777
050302040601,2018,0.001157917
050302040601,2019,0.001046609
050302040601,2020,0.001237292
050302040602,2010,0.000238741
050302040602,2011,0.000256275
050302040602,2012,0.000255631
050302040602,2013,0.000243686
050302040602,2014,0.000247822
050302040602,2015,0.000219678
050302040602,2016,0.000232802
050302040602,2017,0.000215524
050302040602,2018,0.000248125
050302040602,2019,0.000224273
050302040602,2020,0.000265134
050302040603,2010,0.017083264
050302040603,2011,0.018337935
050302040603,2012,0.01829181
050302040603,2013,0.017437082
050302040603,2014,0.017733044
050302040603,2015,0.015719203
050302040603,2016,0.016658312
050302040603,2017,0.015421915
050302040603,2018,0.017754722
050302040603,2019,0.016048009
050302040603,2020,0.018971812
050302040604,2010,0.0
050302040604,2011,0.0
050302040604,2012,0.0
050302040604,2013,0.0
050302040604,2014,0.0
050302040604,2015,0.0
050302040604,2016,0.0
050302040604,2017,0.0
050302040604,2018,0.0
050302040604,2019,0.0
050302040604,2020,0.0
050302040605,2010,0.062046202
050302040605,2011,0.066603151
050302040605,2012,0.066435627
050302040605,2013,0.063331265
050302040605,2014,0.064406195
050302040605,2015,0.057091949
050302040605,2016,0.060502781
050302040605,2017,0.056012205
050302040605,2018,0.064484931
050302040605,2019,0.058286171
050302040605,2020,0.068905386
050302040606,2010,0.049702911
050302040606,2011,0.057355477
050302040606,2012,0.077709253
050302040606,2013,0.071841309
050302040606,2014,0.05457123
050302040606,2015,0.046675724
050302040606,2016,0.053822015
050302040606,2017,0.048604096
050302040606,2018,0.05130504
050302040606,2019,0.033444891
050302040606,2020,0.04537352
050302040701,2010,0.0
050302040701,2011,0.0
050302040701,2012,0.0
050302040701,2013,0.0
050302040701,2014,0.0
050302040701,2015,0.0
050302040701,2016,0.0
050302040701,2017,0.0
050302040701,2018,0.0
050302040701,2019,0.0
050302040701,2020,0.0
050302040702,2010,0.00608625
050302040702,2011,0.006013319
050302040702,2012,0.00791556
050302040702,2013,0.008004264
050302040702,2014,0.008025059
050302040702,2015,0.005862995
050302040702,2016,0.006247837
050302040702,2017,0.005587388
050302040702,2018,0.006200944
050302040702,2019,0.006549891
050302040702,2020,0.006271236
050302040703,2010,0.006121533
050302040703,2011,0.006048179
050302040703,2012,0.007961447
050302040703,2013,0.008050665
050302040703,2014,0.008071581
050302040703,2015,0.005896983
050302040703,2016,0.006284057
050302040703,2017,0.005619779
050302040703,2018,0.006236891
050302040703,2019,0.006587861
050302040703,2020,0.006307591
050302040704,2010,0.031001258
050302040704,2011,0.029269352
050302040704,2012,0.038297863
050302040704,2013,0.037468543
050302040704,2014,0.03855162
050302040704,2015,0.031526607
050302040704,2016,0.033450886
050302040704,2017,0.02952481
050302040704,2018,0.029843536
050302040704,2019,0.031531679
050302040704,2020,0.029510651
050302040801,2010,0.02512139
050302040801,2011,0.027304536
050302040801,2012,0.032050578
050302040801,2013,0.030402674
050302040801,2014,0.026850598
050302040801,2015,0.023651904
050302040801,2016,0.025620375
050302040801,2017,0.024526425
050302040801,2018,0.022555679
050302040801,2019,0.025744123
050302040801,2020,0.023830395
050302040802,2010,0.050147612
050302040802,2011,0.043403129
050302040802,2012,0.047753666
050302040802,2013,0.03798802
050302040802,2014,0.038366543
050302040802,2015,0.014574997
050302040802,2016,0.016759583
050302040802,2017,0.016276669
050302040802,2018,0.038616362
050302040802,2019,0.016360833
050302040802,2020,0.044620433
050302040803,2010,0.006366978
050302040803,2011,0.00718648
050302040803,2012,0.008349038
050302040803,2013,0.008010812
050302040803,2014,0.006846437
050302040803,2015,0.005767099
050302040803,2016,0.006285407
050302040803,2017,0.00614194
050302040803,2018,0.005812877
050302040803,2019,0.006700802
050302040803,2020,0.006260244
050302040804,2010,0.103261621
050302040804,2011,0.116552568
050302040804,2012,0.135407282
050302040804,2013,0.129921835
050302040804,2014,0.11103764
050302040804,2015,0.093532591
050302040804,2016,0.10193868
050302040804,2017,0.099611889
050302040804,2018,0.094275039
050302040804,2019,0.108675676
050302040804,2020,0.101530574
050302040901,2010,0.0
050302040901,2011,0.0
050302040901,2012,0.0
050302040901,2013,0.0
050302040901,2014,0.0
050302040901,2015,0.0
050302040901,2016,0.0
050302040901,2017,0.0
050302040901,2018,0.0
050302040901,2019,0.0
050302040901,2020,0.0
050302040902,2010,0.0
050302040902,2011,0.0
050302040902,2012,0.0
050302040902,2013,0.0
050302040902,2014,0.0
050302040902,2015,0.0
050302040902,2016,0.0
050302040902,2017,0.0
050302040902,2018,0.0
050302040902,2019,0.0
050302040902,2020,0.0
050302040903,2010,0.001733107
050302040903,2011,0.001847213
050302040903,2012,0.001812164
050302040903,2013,0.001866153
050302040903,2014,0.001902623
050302040903,2015,0.001346493
050302040903,2016,0.001695468
050302040903,2017,0.00153965
050302040903,2018,0.001297367
050302040903,2019,0.001826416
050302040903,2020,0.001684198
050302040904,2010,0.0
050302040904,2011,0.0
050302040904,2012,0.0
050302040904,2013,0.0
050302040904,2014,0.0
050302040904,2015,0.0
050302040904,2016,0.0
050302040904,2017,0.0
050302040904,2018,0.0
050302040904,2019,0.0
050302040904,2020,0.0
050302040905,2010,0.000418993
050302040905,2011,0.000446579
050302040905,2012,0.000438106
050302040905,2013,0.000451158
050302040905,2014,0.000459975
050302040905,2015,0.000325526
050302040905,2016,0.000409893
050302040905,2017,0.000372223
050302040905,2018,0.000313649
050302040905,2019,0.000441551
050302040905,2020,0.000407169
050302041001,2010,0.100391997
050302041001,2011,0.11331359
050302041001,2012,0.131644335
050302041001,2013,0.126311328
050302041001,2014,0.107951922
050302041001,2015,0.090933335
050302041001,2016,0.09910582
050302041001,2017,0.096843691
050302041001,2018,0.091655151
050302041001,2019,0.105655597
050302041001,2020,0.098709055
050302041002,2010,0.0
050302041002,2011,0.0
050302041002,2012,0.0
050302041002,2013,0.0
050302041002,2014,0.0
050302041002,2015,0.0
050302041002,2016,0.0
050302041002,2017,0.0
050302041002,2018,0.0
050302041002,2019,0.0
050302041002,2020,0.0
050302041003,2010,0.005029126
050302041003,2011,0.004717051
050302041003,2012,0.00559055
050302041003,2013,0.005547172
050302041003,2014,0.005217288
050302041003,2015,0.001672907
050302041003,2016,0.001588672
050302041003,2017,0.002045482
050302041003,2018,0.001667376
050302041003,2019,0.001694021
050302041003,2020,0.001565931
050302041004,2010,0.018315025
050302041004,2011,0.017178513
050302041004,2012,0.020359616
050302041004,2013,0.020201643
050302041004,2014,0.019000274
050302041004,2015,0.006092377
050302041004,2016,0.005785613
050302041004,2017,0.007449217
050302041004,2018,0.006072233
050302041004,2019,0.00616927
050302041004,2020,0.005702793
050400010101,2010,0.131266105
050400010101,2011,0.122193551
050400010101,2012,0.148767142
050400010101,2013,0.13907279
050400010101,2014,0.136448139
050400010101,2015,0.125718462
050400010101,2016,0.129438702
050400010101,2017,0.126970002
050400010101,2018,0.123848856
050400010101,2019,0.131417275
050400010101,2020,0.12821287
050400010102,2010,0.292525699
050400010102,2011,0.272356875
050400010102,2012,0.331723966
050400010102,2013,0.30998125
050400010102,2014,0.3039677
050400010102,2015,0.279965308
050400010102,2016,0.288277104
050400010102,2017,0.282826234
050400010102,2018,0.275992283
050400010102,2019,0.292550191
050400010102,2020,0.28540049
050400010103,2010,0.112689905
050400010103,2011,0.104816
050400010103,2012,0.128554562
050400010103,2013,0.120328637
050400010103,2014,0.118100097
050400010103,2015,0.113250549
050400010103,2016,0.117533078
050400010103,2017,0.11487696
050400010103,2018,0.109468758
050400010103,2019,0.11363304
050400010103,2020,0.111256974
050400010104,2010,0.154405366
050400010104,2011,0.143718107
050400010104,2012,0.176020391
050400010104,2013,0.164882256
050400010104,2014,0.161923722
050400010104,2015,0.151927317
050400010104,2016,0.157117736
050400010104,2017,0.153256717
050400010104,2018,0.14746293
050400010104,2019,0.152644629
050400010104,2020,0.14882248
050400010105,2010,0.788700906
050400010105,2011,0.7343101
050400010105,2012,0.895826
050400010105,2013,0.837827736
050400010105,2014,0.822017317
050400010105,2015,0.759825205
050400010105,2016,0.783173447
050400010105,2017,0.766753046
050400010105,2018,0.745648843
050400010105,2019,0.784209056
050400010105,2020,0.764543935
050400010201,2010,0.02866927
050400010201,2011,0.02614792
050400010201,2012,0.032560666
050400010201,2013,0.031091016
050400010201,2014,0.030504141
050400010201,2015,0.028776575
050400010201,2016,0.031873763
050400010201,2017,0.030420584
050400010201,2018,0.02730908
050400010201,2019,0.030129701
050400010201,2020,0.030109929
050400010202,2010,0.014090953
050400010202,2011,0.012979298
050400010202,2012,0.016177144
050400010202,2013,0.01577325
050400010202,2014,0.015102193
050400010202,2015,0.014929129
050400010202,2016,0.016111887
050400010202,2017,0.01521796
050400010202,2018,0.014013488
050400010202,2019,0.01507869
050400010202,2020,0.014087789
050400010203,2010,0.072036956
050400010203,2011,0.073011612
050400010203,2012,0.087389933
050400010203,2013,0.086244361
050400010203,2014,0.085524676
050400010203,2015,0.069323872
050400010203,2016,0.072910052
050400010203,2017,0.070897807
050400010203,2018,0.06883867
050400010203,2019,0.076096035
050400010203,2020,0.074349351
050400010204,2010,0.194411869
050400010204,2011,0.181668464
050400010204,2012,0.224337278
050400010204,2013,0.208213858
050400010204,2014,0.203569734
050400010204,2015,0.216215951
050400010204,2016,0.226256374
050400010204,2017,0.223878276
050400010204,2018,0.203601083
050400010204,2019,0.216926184
050400010204,2020,0.216101558
050400010205,2010,0.042047442
050400010205,2011,0.040040228
050400010205,2012,0.050110299
050400010205,2013,0.046770832
050400010205,2014,0.045775976
050400010205,2015,0.048271933
050400010205,2016,0.050088105
050400010205,2017,0.048617651
050400010205,2018,0.04202124
050400010205,2019,0.042964032
050400010205,2020,0.041980306
050400010206,2010,0.005775799
050400010206,2011,0.005290601
050400010206,2012,0.006139957
050400010206,2013,0.006071657
050400010206,2014,0.006312225
050400010206,2015,0.00694555
050400010206,2016,0.007265778
050400010206,2017,0.007070754
050400010206,2018,0.005366283
050400010206,2019,0.005983609
050400010206,2020,0.005855146
050400010207,2010,0.060482223
050400010207,2011,0.050620563
050400010207,2012,0.061722335
050400010207,2013,0.057686638
050400010207,2014,0.056668036
050400010207,2015,0.062563179
050400010207,2016,0.066849099
050400010207,2017,0.065668207
050400010207,2018,0.052790461
050400010207,2019,0.056852441
050400010207,2020,0.055118873
050400010301,2010,0.102090567
050400010301,2011,0.094743833
050400010301,2012,0.115572159
050400010301,2013,0.108623231
050400010301,2014,0.106954468
050400010301,2015,0.099227248
050400010301,2016,0.102425272
050400010301,2017,0.099908863
050400010301,2018,0.096908135
050400010301,2019,0.101551023
050400010301,2020,0.098908733
050400010302,2010,0.078510285
050400010302,2011,0.073097274
050400010302,2012,0.089024346
050400010302,2013,0.083186153
050400010302,2014,0.081570435
050400010302,2015,0.075117504
050400010302,2016,0.077344202
050400010302,2017,0.075888763
050400010302,2018,0.074066279
050400010302,2019,0.078536706
050400010302,2020,0.076619505
050400010303,2010,0.050819904
050400010303,2011,0.047141391
050400010303,2012,0.057318379
050400010303,2013,0.053812937
050400010303,2014,0.052961752
050400010303,2015,0.048951986
050400010303,2016,0.050445418
050400010303,2017,0.049368882
050400010303,2018,0.04806353
050400010303,2019,0.051132763
050400010303,2020,0.04983894
050400010304,2010,0.0
050400010304,2011,0.0
050400010304,2012,0.0
050400010304,2013,0.0
050400010304,2014,0.0
050400010304,2015,0.0
050400010304,2016,0.0
050400010304,2017,0.0
050400010304,2018,0.0
050400010304,2019,0.0
050400010304,2020,0.0
050400010305,2010,0.046175534
050400010305,2011,0.04238052
050400010305,2012,0.050657061
050400010305,2013,0.047122301
050400010305,2014,0.046944637
050400010305,2015,0.055415923
050400010305,2016,0.057274038
050400010305,2017,0.055288933
050400010305,2018,0.042278281
050400010305,2019,0.048856229
050400010305,2020,0.04573455
050400010306,2010,0.017812905
050400010306,2011,0.016665886
050400010306,2012,0.020366655
050400010306,2013,0.01919555
050400010306,2014,0.019056941
050400010306,2015,0.020636923
050400010306,2016,0.022672891
050400010306,2017,0.022005845
050400010306,2018,0.01723638
050400010306,2019,0.018810291
050400010306,2020,0.018487972
050400010307,2010,0.000538525
050400010307,2011,0.000501454
050400010307,2012,0.000596843
050400010307,2013,0.000566364
050400010307,2014,0.000571935
050400010307,2015,0.000435209
050400010307,2016,0.000453096
050400010307,2017,0.000440325
050400010307,2018,0.000505193
050400010307,2019,0.000517083
050400010307,2020,0.000502242
050400010308,2010,0.146510029
050400010308,2011,0.13408
050400010308,2012,0.160313657
050400010308,2013,0.154472673
050400010308,2014,0.156214534
050400010308,2015,0.132735735
050400010308,2016,0.137875914
050400010308,2017,0.13309218
050400010308,2018,0.139695375
050400010308,2019,0.147473235
050400010308,2020,0.1432246
050400010309,2010,0.241618013
050400010309,2011,0.22498549
050400010309,2012,0.267783756
050400010309,2013,0.254108603
050400010309,2014,0.256607974
050400010309,2015,0.195263886
050400010309,2016,0.203289034
050400010309,2017,0.197559294
050400010309,2018,0.226663264
050400010309,2019,0.231997711
050400010309,2020,0.225339326
050400010401,2010,0.000467892
050400010401,2011,0.000454638
050400010401,2012,0.000551332
050400010401,2013,0.00052272
050400010401,2014,0.000488486
050400010401,2015,0.000485671
050400010401,2016,0.000484757
050400010401,2017,0.000478095
050400010401,2018,0.000432094
050400010401,2019,0.000460173
050400010401,2020,0.00044384
050400010402,2010,0.0
050400010402,2011,0.0
050400010402,2012,0.0
050400010402,2013,0.0
050400010402,2014,0.0
050400010402,2015,0.0
050400010402,2016,0.0
050400010402,2017,0.0
050400010402,2018,0.0
050400010402,2019,0.0
050400010402,2020,0.0
050400010403,2010,0.0
050400010403,2011,0.0
050400010403,2012,0.0
050400010403,2013,0.0
050400010403,2014,0.0
050400010403,2015,0.0
050400010403,2016,0.0
050400010403,2017,0.0
050400010403,2018,0.0
050400010403,2019,0.0
050400010403,2020,0.0
050400010404,2010,0.0
050400010404,2011,0.0
050400010404,2012,0.0
050400010404,2013,0.0
050400010404,2014,0.0
050400010404,2015,0.0
050400010404,2016,0.0
050400010404,2017,0.0
050400010404,2018,0.0
050400010404,2019,0.0
050400010404,2020,0.0
050400010405,2010,3.5992e-05
050400010405,2011,3.4972e-05
050400010405,2012,4.241e-05
050400010405,2013,4.0209e-05
050400010405,2014,3.7576e-05
050400010405,2015,3.7359e-05
050400010405,2016,3.7289e-05
050400010405,2017,3.6777e-05
050400010405,2018,3.3238e-05
050400010405,2019,3.5398e-05
050400010405,2020,3.4142e-05
050400010406,2010,0.033940199
050400010406,2011,0.032978739
050400010406,2012,0.03999277
050400010406,2013,0.0379173
050400010406,2014,0.035434057
050400010406,2015,0.035229801
050400010406,2016,0.035163508
050400010406,2017,0.034680276
050400010406,2018,0.031343455
050400010406,2019,0.033380272
050400010406,2020,0.032195441
050400010501,2010,0.004845557
050400010501,2011,0.004511472
050400010501,2012,0.005494471
050400010501,2013,0.005134145
050400010501,2014,0.005034425
050400010501,2015,0.004636158
050400010501,2016,0.004773587
050400010501,2017,0.00468376
050400010501,2018,0.004571278
050400010501,2019,0.004847187
050400010501,2020,0.00472886
050400010502,2010,0.177634364
050400010502,2011,0.160766097
050400010502,2012,0.206277607
050400010502,2013,0.203639305
050400010502,2014,0.200169242
050400010502,2015,0.179351536
050400010502,2016,0.180807037
050400010502,2017,0.172435891
050400010502,2018,0.18030346
050400010502,2019,0.192811125
050400010502,2020,0.18585921
050400010503,2010,0.590785721
050400010503,2011,0.542081411
050400010503,2012,0.645668961
050400010503,2013,0.624579268
050400010503,2014,0.631924284
050400010503,2015,0.589118053
050400010503,2016,0.611612067
050400010503,2017,0.595113554
050400010503,2018,0.58492166
050400010503,2019,0.638623879
050400010503,2020,0.615325998
050400010504,2010,0.261288615
050400010504,2011,0.235370813
050400010504,2012,0.282590421
050400010504,2013,0.276126165
050400010504,2014,0.279599295
050400010504,2015,0.260144036
050400010504,2016,0.269764939
050400010504,2017,0.259155152
050400010504,2018,0.252923232
050400010504,2019,0.274260501
050400010504,2020,0.266295139
050400010505,2010,0.072787364
050400010505,2011,0.065545228
050400010505,2012,0.078706657
050400010505,2013,0.076920141
050400010505,2014,0.077888488
050400010505,2015,0.072466062
050400010505,2016,0.075144401
050400010505,2017,0.072172019
050400010505,2018,0.070427138
050400010505,2019,0.076358448
050400010505,2020,0.074151599
050400010506,2010,0.014221477
050400010506,2011,0.012983453
050400010506,2012,0.01504123
050400010506,2013,0.01469124
050400010506,2014,0.014352657
050400010506,2015,0.014742096
050400010506,2016,0.015224321
050400010506,2017,0.014494107
050400010506,2018,0.012842786
050400010506,2019,0.013187724
050400010506,2020,0.013249829
050400010601,2010,0.0
050400010601,2011,0.0
050400010601,2012,0.0
050400010601,2013,0.0
050400010601,2014,0.0
050400010601,2015,0.0
050400010601,2016,0.0
050400010601,2017,0.0
050400010601,2018,0.0
050400010601,2019,0.0
050400010601,2020,0.0
050400010602,2010,0.001480592
050400010602,2011,0.001379041
050400010602,2012,0.001665696
050400010602,2013,0.001569016
050400010602,2014,0.001564591
050400010602,2015,0.001849376
050400010602,2016,0.002040359
050400010602,2017,0.001887896
050400010602,2018,0.00167036
050400010602,2019,0.001690092
050400010602,2020,0.001559716
050400010603,2010,0.0
050400010603,2011,0.0
050400010603,2012,0.0
050400010603,2013,0.0
050400010603,2014,0.0
050400010603,2015,0.0
050400010603,2016,0.0
050400010603,2017,0.0
050400010603,2018,0.0
050400010603,2019,0.0
050400010603,2020,0.0
050400010604,2010,0.0
050400010604,2011,0.0
050400010604,2012,0.0
050400010604,2013,0.0
050400010604,2014,0.0
050400010604,2015,0.0
050400010604,2016,0.0
050400010604,2017,0.0
050400010604,2018,0.0
050400010604,2019,0.0
050400010604,2020,0.0
050400010605,2010,0.034574032
050400010605,2011,0.032933966
050400010605,2012,0.039441213
050400010605,2013,0.037411
050400010605,2014,0.036379087
050400010605,2015,0.042004686
050400010605,2016,0.045592668
050400010605,2017,0.04258217
050400010605,2018,0.037396662
050400010605,2019,0.037992174
050400010605,2020,0.035486375
050400010606,2010,0.012860238
050400010606,2011,0.012745466
050400010606,2012,0.014894372
050400010606,2013,0.014285606
050400010606,2014,0.01307985
050400010606,2015,0.016759802
050400010606,2016,0.01760271
050400010606,2017,0.016753374
050400010606,2018,0.011831165
050400010606,2019,0.012488218
050400010606,2020,0.012202384
050400010607,2010,9.8074e-05
050400010607,2011,9.0595e-05
050400010607,2012,0.000101713
050400010607,2013,9.9294e-05
050400010607,2014,9.3804e-05
050400010607,2015,0.000105153
050400010607,2016,0.000108233
050400010607,2017,0.000102303
050400010607,2018,8.308e-05
050400010607,2019,8.0592e-05
050400010607,2020,8.397e-05
050400010701,2010,0.001473192
050400010701,2011,0.001413796
050400010701,2012,0.00172782
050400010701,2013,0.001694587
050400010701,2014,0.001383493
050400010701,2015,0.001646968
050400010701,2016,0.001706742
050400010701,2017,0.001518768
050400010701,2018,0.00107867
050400010701,2019,0.001371852
050400010701,2020,0.001107577
050400010702,2010,0.000230854
050400010702,2011,0.000216139
050400010702,2012,0.000236924
050400010702,2013,0.000231734
050400010702,2014,0.000238091
050400010702,2015,0.000215452
050400010702,2016,0.000212788
050400010702,2017,0.000194969
050400010702,2018,0.000191442
050400010702,2019,0.000216751
050400010702,2020,0.00020091
050400010703,2010,0.0
050400010703,2011,0.0
050400010703,2012,0.0
050400010703,2013,0.0
050400010703,2014,0.0
050400010703,2015,0.0
050400010703,2016,0.0
050400010703,2017,0.0
050400010703,2018,0.0
050400010703,2019,0.0
050400010703,2020,0.0
050400010704,2010,0.013413425
050400010704,2011,0.012688322
050400010704,2012,0.014578768
050400010704,2013,0.014276783
050400010704,2014,0.013322462
050400010704,2015,0.013542579
050400010704,2016,0.013676766
050400010704,2017,0.012361915
050400010704,2018,0.010585138
050400010704,2019,0.012551304
050400010704,2020,0.011016669
050400010705,2010,0.0
050400010705,2011,0.0
050400010705,2012,0.0
050400010705,2013,0.0
050400010705,2014,0.0
050400010705,2015,0.0
050400010705,2016,0.0
050400010705,2017,0.0
050400010705,2018,0.0
050400010705,2019,0.0
050400010705,2020,0.0
050400010706,2010,0.0
050400010706,2011,0.0
050400010706,2012,0.0
050400010706,2013,0.0
050400010706,2014,0.0
050400010706,2015,0.0
050400010706,2016,0.0
050400010706,2017,0.0
050400010706,2018,0.0
050400010706,2019,0.0
050400010706,2020,0.0
050400010707,2010,0.004398487
050400010707,2011,0.003803621
050400010707,2012,0.005550813
050400010707,2013,0.004405014
050400010707,2014,0.004667288
050400010707,2015,0.004090546
050400010707,2016,0.004184639
050400010707,2017,0.003705437
050400010707,2018,0.004377175
050400010707,2019,0.004112703
050400010707,2020,0.003443218
050400010801,2010,0.030723792
050400010801,2011,0.029319085
050400010801,2012,0.03662974
050400010801,2013,0.038696094
050400010801,2014,0.037875216
050400010801,2015,0.037112625
050400010801,2016,0.037660412
050400010801,2017,0.035536616
050400010801,2018,0.041640409
050400010801,2019,0.041362368
050400010801,2020,0.035891044
050400010802,2010,0.0
050400010802,2011,0.0
050400010802,2012,0.0
050400010802,2013,0.0
050400010802,2014,0.0
050400010802,2015,0.0
050400010802,2016,0.0
050400010802,2017,0.0
050400010802,2018,0.0
050400010802,2019,0.0
050400010802,2020,0.0
050400010803,2010,0.0
050400010803,2011,0.0
050400010803,2012,0.0
050400010803,2013,0.0
050400010803,2014,0.0
050400010803,2015,0.0
050400010803,2016,0.0
050400010803,2017,0.0
050400010803,2018,0.0
050400010803,2019,0.0
050400010803,2020,0.0
050400010804,2010,0.0
050400010804,2011,0.0
050400010804,2012,0.0
050400010804,2013,0.0
050400010804,2014,0.0
050400010804,2015,0.0
050400010804,2016,0.0
050400010804,2017,0.0
050400010804,2018,0.0
050400010804,2019,0.0
050400010804,2020,0.0
050400010805,2010,0.0
050400010805,2011,0.0
050400010805,2012,0.0
050400010805,2013,0.0
050400010805,2014,0.0
050400010805,2015,0.0
050400010805,2016,0.0
050400010805,2017,0.0
050400010805,2018,0.0
050400010805,2019,0.0
050400010805,2020,0.0
050400010901,2010,0.0
050400010901,2011,0.0
050400010901,2012,0.0
050400010901,2013,0.0
050400010901,2014,0.0
050400010901,2015,0.0
050400010901,2016,0.0
050400010901,2017,0.0
050400010901,2018,0.0
050400010901,2019,0.0
050400010901,2020,0.0
050400010902,2010,0.02784767
050400010902,2011,0.027483842
050400010902,2012,0.032688452
050400010902,2013,0.032075446
050400010902,2014,0.032836828
050400010902,2015,0.029379308
050400010902,2016,0.030554425
050400010902,2017,0.029693029
050400010902,2018,0.025175873
050400010902,2019,0.027790748
050400010902,2020,0.027425464
050400010903,2010,0.003547374
050400010903,2011,0.003366779
050400010903,2012,0.004777598
050400010903,2013,0.004063608
050400010903,2014,0.004110617
050400010903,2015,0.002821568
050400010903,2016,0.002953642
050400010903,2017,0.002532221
050400010903,2018,0.004283568
050400010903,2019,0.003796418
050400010903,2020,0.004086202
050400010904,2010,0.004511311
050400010904,2011,0.00441645
050400010904,2012,0.004858295
050400010904,2013,0.00452101
050400010904,2014,0.004515511
050400010904,2015,0.005061289
050400010904,2016,0.005506231
050400010904,2017,0.005247164
050400010904,2018,0.004055224
050400010904,2019,0.004084576
050400010904,2020,0.003786065
050400011001,2010,0.031360945
050400011001,2011,0.029311088
050400011001,2012,0.03496341
050400011001,2013,0.032006911
050400011001,2014,0.032795979
050400011001,2015,0.033578609
050400011001,2016,0.035456213
050400011001,2017,0.034472203
050400011001,2018,0.029081736
050400011001,2019,0.027897012
050400011001,2020,0.026499436
050400011002,2010,0.000678019
050400011002,2011,0.000633348
050400011002,2012,0.000756047
050400011002,2013,0.000683406
050400011002,2014,0.000700339
050400011002,2015,0.000722871
050400011002,2016,0.000754964
050400011002,2017,0.000731256
050400011002,2018,0.000593993
050400011002,2019,0.000599151
050400011002,2020,0.00057459
050400011003,2010,0.001325841
050400011003,2011,0.001245877
050400011003,2012,0.001515851
050400011003,2013,0.001429807
050400011003,2014,0.001415945
050400011003,2015,0.00142423
050400011003,2016,0.001496002
050400011003,2017,0.001432331
050400011003,2018,0.002820017
050400011003,2019,0.00315602
050400011003,2020,0.002835455
050400011004,2010,0.006860091
050400011004,2011,0.006589697
050400011004,2012,0.007997249
050400011004,2013,0.007513761
050400011004,2014,0.007476154
050400011004,2015,0.007150163
050400011004,2016,0.007554542
050400011004,2017,0.007130803
050400011004,2018,0.007085734
050400011004,2019,0.007795703
050400011004,2020,0.007693167
050400011005,2010,0.007519604
050400011005,2011,0.006868039
050400011005,2012,0.008232239
050400011005,2013,0.007878393
050400011005,2014,0.008033563
050400011005,2015,0.007720502
050400011005,2016,0.008097932
050400011005,2017,0.007753546
050400011005,2018,0.006880166
050400011005,2019,0.007509939
050400011005,2020,0.007240537
050400011101,2010,0.001959939
050400011101,2011,0.001841731
050400011101,2012,0.002240824
050400011101,2013,0.002113628
050400011101,2014,0.002093135
050400011101,2015,0.002105383
050400011101,2016,0.002211481
050400011101,2017,0.002117359
050400011101,2018,0.00416872
050400011101,2019,0.00466542
050400011101,2020,0.004191542
050400011102,2010,0.006676745
050400011102,2011,0.006306087
050400011102,2012,0.007750385
050400011102,2013,0.006898779
050400011102,2014,0.006710099
050400011102,2015,0.005951452
050400011102,2016,0.007406052
050400011102,2017,0.006456026
050400011102,2018,0.006128512
050400011102,2019,0.006380562
050400011102,2020,0.006184053
050400011103,2010,0.027808836
050400011103,2011,0.026743308
050400011103,2012,0.029758023
050400011103,2013,0.028037698
050400011103,2014,0.028144754
050400011103,2015,0.030160931
050400011103,2016,0.032383107
050400011103,2017,0.030853058
050400011103,2018,0.025306945
050400011103,2019,0.025814829
050400011103,2020,0.024104402
050400011104,2010,0.001168992
050400011104,2011,0.001131168
050400011104,2012,0.001401264
050400011104,2013,0.001274751
050400011104,2014,0.001322884
050400011104,2015,0.001354949
050400011104,2016,0.001437005
050400011104,2017,0.001353495
050400011104,2018,0.001164192
050400011104,2019,0.001244967
050400011104,2020,0.001224816
050400011105,2010,0.123439095
050400011105,2011,0.11726805
050400011105,2012,0.141302167
050400011105,2013,0.133078592
050400011105,2014,0.133114578
050400011105,2015,0.126311541
050400011105,2016,0.134287918
050400011105,2017,0.126723208
050400011105,2018,0.120345379
050400011105,2019,0.12739589
050400011105,2020,0.118581771
050400011201,2010,8.9754e-05
050400011201,2011,8.3576e-05
050400011201,2012,9.9474e-05
050400011201,2013,9.4394e-05
050400011201,2014,9.5322e-05
050400011201,2015,7.2535e-05
050400011201,2016,7.5516e-05
050400011201,2017,7.3388e-05
050400011201,2018,8.4199e-05
050400011201,2019,8.618e-05
050400011201,2020,8.3707e-05
050400011202,2010,0.145190554
050400011202,2011,0.134864834
050400011202,2012,0.160622546
050400011202,2013,0.15275116
050400011202,2014,0.154285014
050400011202,2015,0.119359981
050400011202,2016,0.124221056
050400011202,2017,0.120593099
050400011202,2018,0.13652232
050400011202,2019,0.140369396
050400011202,2020,0.136338487
050400011203,2010,0.051455945
050400011203,2011,0.046590129
050400011203,2012,0.055697597
050400011203,2013,0.054475751
050400011203,2014,0.055161224
050400011203,2015,0.051791339
050400011203,2016,0.053812404
050400011203,2017,0.051659337
050400011203,2018,0.049741766
050400011203,2019,0.05385453
050400011203,2020,0.052109989
050400011204,2010,0.052980627
050400011204,2011,0.050368076
050400011204,2012,0.059470123
050400011204,2013,0.057150605
050400011204,2014,0.056846941
050400011204,2015,0.055522857
050400011204,2016,0.05908018
050400011204,2017,0.055866201
050400011204,2018,0.051398449
050400011204,2019,0.054602876
050400011204,2020,0.049917185
050400011301,2010,0.019731972
050400011301,2011,0.01877113
050400011301,2012,0.025501363
050400011301,2013,0.023515461
050400011301,2014,0.024112216
050400011301,2015,0.022212439
050400011301,2016,0.021682227
050400011301,2017,0.020115285
050400011301,2018,0.018109844
050400011301,2019,0.020967692
050400011301,2020,0.019863975
050400011302,2010,0.00084162
050400011302,2011,0.000808379
050400011302,2012,0.001044138
050400011302,2013,0.000957223
050400011302,2014,0.000960171
050400011302,2015,0.000922157
050400011302,2016,0.000912938
050400011302,2017,0.000852284
050400011302,2018,0.000760178
050400011302,2019,0.000841382
050400011302,2020,0.000786048
050400011303,2010,0.008143012
050400011303,2011,0.007895785
050400011303,2012,0.008367367
050400011303,2013,0.008228822
050400011303,2014,0.007691274
050400011303,2015,0.007418306
050400011303,2016,0.007621568
050400011303,2017,0.007125117
050400011303,2018,0.005631162
050400011303,2019,0.005924934
050400011303,2020,0.005512717
050400011304,2010,0.000767079
050400011304,2011,0.000747146
050400011304,2012,0.000893351
050400011304,2013,0.000811173
050400011304,2014,0.000783736
050400011304,2015,0.000806669
050400011304,2016,0.000816197
050400011304,2017,0.000769188
050400011304,2018,0.000676448
050400011304,2019,0.000695991
050400011304,2020,0.000634505
050400011401,2010,0.0
050400011401,2011,0.0
050400011401,2012,0.0
050400011401,2013,0.0
050400011401,2014,0.0
050400011401,2015,0.0
050400011401,2016,0.0
050400011401,2017,0.0
050400011401,2018,0.0
050400011401,2019,0.0
050400011401,2020,0.0
050400011402,2010,0.000594433
050400011402,2011,0.000560953
050400011402,2012,0.000627393
050400011402,2013,0.00062093
050400011402,2014,0.000564978
050400011402,2015,0.000669679
050400011402,2016,0.000719139
050400011402,2017,0.000512315
050400011402,2018,0.000387524
050400011402,2019,0.000466877
050400011402,2020,0.000428926
050400011403,2010,0.003890064
050400011403,2011,0.003553362
050400011403,2012,0.003761316
050400011403,2013,0.004088753
050400011403,2014,0.004351593
050400011403,2015,0.004288458
050400011403,2016,0.003991958
050400011403,2017,0.003930806
050400011403,2018,0.003441933
050400011403,2019,0.004043104
050400011403,2020,0.003963953
050400011501,2010,8.0884e-05
050400011501,2011,7.81e-05
050400011501,2012,9.0382e-05
050400011501,2013,8.9533e-05
050400011501,2014,8.8496e-05
050400011501,2015,0.000130041
050400011501,2016,0.000133383
050400011501,2017,0.000131184
050400011501,2018,7.5432e-05
050400011501,2019,8.5724e-05
050400011501,2020,8.1877e-05
050400011502,2010,3.2354e-05
050400011502,2011,3.124e-05
050400011502,2012,3.6153e-05
050400011502,2013,3.5813e-05
050400011502,2014,3.5398e-05
050400011502,2015,5.2016e-05
050400011502,2016,5.3353e-05
050400011502,2017,5.2474e-05
050400011502,2018,3.0173e-05
050400011502,2019,3.4289e-05
050400011502,2020,3.2751e-05
050400011503,2010,0.000286632
050400011503,2011,0.000269499
050400011503,2012,0.000299727
050400011503,2013,0.000296594
050400011503,2014,0.000265944
050400011503,2015,0.000301193
050400011503,2016,0.000326934
050400011503,2017,0.000212725
050400011503,2018,0.000174191
050400011503,2019,0.000212737
050400011503,2020,0.000193702
050400011504,2010,0.0
050400011504,2011,0.0
050400011504,2012,0.0
050400011504,2013,0.0
050400011504,2014,0.0
050400011504,2015,0.0
050400011504,2016,0.0
050400011504,2017,0.0
050400011504,2018,0.0
050400011504,2019,0.0
050400011504,2020,0.0
050400011505,2010,0.036749945
050400011505,2011,0.034489866
050400011505,2012,0.042001346
050400011505,2013,0.039791957
050400011505,2014,0.039500883
050400011505,2015,0.039991737
050400011505,2016,0.042986024
050400011505,2017,0.039850632
050400011505,2018,0.034781813
050400011505,2019,0.037533205
050400011505,2020,0.034994696
050400011601,2010,0.0
050400011601,2011,0.0
050400011601,2012,0.0
050400011601,2013,0.0
050400011601,2014,0.0
050400011601,2015,0.0
050400011601,2016,0.0
050400011601,2017,0.0
050400011601,2018,0.0
050400011601,2019,0.0
050400011601,2020,0.0
050400011602,2010,0.0
050400011602,2011,0.0
050400011602,2012,0.0
050400011602,2013,0.0
050400011602,2014,0.0
050400011602,2015,0.0
050400011602,2016,0.0
050400011602,2017,0.0
050400011602,2018,0.0
050400011602,2019,0.0
050400011602,2020,0.0
050400011603,2010,0.0
050400011603,2011,0.0
050400011603,2012,0.0
050400011603,2013,0.0
050400011603,2014,0.0
050400011603,2015,0.0
050400011603,2016,0.0
050400011603,2017,0.0
050400011603,2018,0.0
050400011603,2019,0.0
050400011603,2020,0.0
050400011604,2010,0.034120679
050400011604,2011,0.032098274
050400011604,2012,0.039167823
050400011604,2013,0.037014193
050400011604,2014,0.036737843
050400011604,2015,0.037116031
050400011604,2016,0.039916491
050400011604,2017,0.036984755
050400011604,2018,0.032427676
050400011604,2019,0.034968732
050400011604,2020,0.032616123
050400011701,2010,0.0003616
050400011701,2011,0.000339362
050400011701,2012,0.000413271
050400011701,2013,0.000391531
050400011701,2014,0.000388667
050400011701,2015,0.000393497
050400011701,2016,0.000422959
050400011701,2017,0.000392109
050400011701,2018,0.000342234
050400011701,2019,0.000369307
050400011701,2020,0.000344329
050400011702,2010,0.004205975
050400011702,2011,0.003947312
050400011702,2012,0.00480699
050400011702,2013,0.004554129
050400011702,2014,0.004520816
050400011702,2015,0.004576993
050400011702,2016,0.004919685
050400011702,2017,0.004560844
050400011702,2018,0.003980725
050400011702,2019,0.004295618
050400011702,2020,0.004005089
050400011703,2010,0.031287887
050400011703,2011,0.029363718
050400011703,2012,0.035758785
050400011703,2013,0.033877772
050400011703,2014,0.033629959
050400011703,2015,0.034047859
050400011703,2016,0.036597112
050400011703,2017,0.033927726
050400011703,2018,0.029612273
050400011703,2019,0.031954733
050400011703,2020,0.029793516
050400011704,2010,0.138914913
050400011704,2011,0.132364675
050400011704,2012,0.162910037
050400011704,2013,0.152047133
050400011704,2014,0.150764812
050400011704,2015,0.149539352
050400011704,2016,0.16113722
050400011704,2017,0.149105192
050400011704,2018,0.135135182
050400011704,2019,0.144933261
050400011704,2020,0.13523899
050400011801,2010,0.0
050400011801,2011,0.0
050400011801,2012,0.0
050400011801,2013,0.0
050400011801,2014,0.0
050400011801,2015,0.0
050400011801,2016,0.0
050400011801,2017,0.0
050400011801,2018,0.0
050400011801,2019,0.0
050400011801,2020,0.0
050400011802,2010,0.022680854
050400011802,2011,0.021588059
050400011802,2012,0.025949449
050400011802,2013,0.023570063
050400011802,2014,0.023827526
050400011802,2015,0.030758518
050400011802,2016,0.033040934
050400011802,2017,0.029251518
050400011802,2018,0.020110517
050400011802,2019,0.021716324
050400011802,2020,0.021052098
050400011803,2010,0.008905033
050400011803,2011,0.008351853
050400011803,2012,0.009887024
050400011803,2013,0.009773938
050400011803,2014,0.01028083
050400011803,2015,0.011501476
050400011803,2016,0.011261249
050400011803,2017,0.010880717
050400011803,2018,0.008511016
050400011803,2019,0.008911135
050400011803,2020,0.008116547
050400011804,2010,0.025003171
050400011804,2011,0.023449975
050400011804,2012,0.027760363
050400011804,2013,0.027442846
050400011804,2014,0.028866074
050400011804,2015,0.032293352
050400011804,2016,0.031618854
050400011804,2017,0.030550411
050400011804,2018,0.023896867
050400011804,2019,0.025020302
050400011804,2020,0.022789292
050400011901,2010,0.0
050400011901,2011,0.0
050400011901,2012,0.0
050400011901,2013,0.0
050400011901,2014,0.0
050400011901,2015,0.0
050400011901,2016,0.0
050400011901,2017,0.0
050400011901,2018,0.0
050400011901,2019,0.0
050400011901,2020,0.0
050400011902,2010,0.0
050400011902,2011,0.0
050400011902,2012,0.0
050400011902,2013,0.0
050400011902,2014,0.0
050400011902,2015,0.0
050400011902,2016,0.0
050400011902,2017,0.0
050400011902,2018,0.0
050400011902,2019,0.0
050400011902,2020,0.0
050400011903,2010,0.0
050400011903,2011,0.0
050400011903,2012,0.0
050400011903,2013,0.0
050400011903,2014,0.0
050400011903,2015,0.0
050400011903,2016,0.0
050400011903,2017,0.0
050400011903,2018,0.0
050400011903,2019,0.0
050400011903,2020,0.0
050400011904,2010,0.055546949
050400011904,2011,0.052413561
050400011904,2012,0.058704308
050400011904,2013,0.057040093
050400011904,2014,0.058519499
050400011904,2015,0.048760664
050400011904,2016,0.051671159
050400011904,2017,0.047794734
050400011904,2018,0.046897784
050400011904,2019,0.049913153
050400011904,2020,0.047975973
050400020101,2010,0.000179033
050400020101,2011,0.000134264
050400020101,2012,0.000195836
050400020101,2013,0.000163818
050400020101,2014,0.000183302
050400020101,2015,0.000149406
050400020101,2016,0.000157232
050400020101,2017,0.000152435
050400020101,2018,0.000160174
050400020101,2019,0.000150139
050400020101,2020,0.000150306
050400020102,2010,0.137036258
050400020102,2011,0.103473118
050400020102,2012,0.149969533
050400020102,2013,0.125976882
050400020102,2014,0.140257156
050400020102,2015,0.1152858
050400020102,2016,0.121225602
050400020102,2017,0.117695829
050400020102,2018,0.122932673
050400020102,2019,0.115852524
050400020102,2020,0.116006048
050400020103,2010,0.001304776
050400020103,2011,0.00117612
050400020103,2012,0.001489594
050400020103,2013,0.001361686
050400020103,2014,0.001339312
050400020103,2015,0.001176294
050400020103,2016,0.001227697
050400020103,2017,0.001192815
050400020103,2018,0.0011852
050400020103,2019,0.001275552
050400020103,2020,0.001290036
050400020104,2010,0.0
050400020104,2011,0.0
050400020104,2012,0.0
050400020104,2013,0.0
050400020104,2014,0.0
050400020104,2015,0.0
050400020104,2016,0.0
050400020104,2017,0.0
050400020104,2018,0.0
050400020104,2019,0.0
050400020104,2020,0.0
050400020105,2010,0.003875065
050400020105,2011,0.00399537
050400020105,2012,0.004389188
050400020105,2013,0.00413418
050400020105,2014,0.004236924
050400020105,2015,0.004631865
050400020105,2016,0.004969434
050400020105,2017,0.004859948
050400020105,2018,0.004028177
050400020105,2019,0.004080184
050400020105,2020,0.004331976
050400020201,2010,0.00015353
050400020201,2011,0.000136612
050400020201,2012,0.0001776
050400020201,2013,0.00016187
050400020201,2014,0.000160785
050400020201,2015,0.000151016
050400020201,2016,0.00016193
050400020201,2017,0.000151699
050400020201,2018,0.000136427
050400020201,2019,0.000147879
050400020201,2020,0.000145767
050400020202,2010,0.0
050400020202,2011,0.0
050400020202,2012,0.0
050400020202,2013,0.0
050400020202,2014,0.0
050400020202,2015,0.0
050400020202,2016,0.0
050400020202,2017,0.0
050400020202,2018,0.0
050400020202,2019,0.0
050400020202,2020,0.0
050400020203,2010,0.245929407
050400020203,2011,0.222429426
050400020203,2012,0.27970474
050400020203,2013,0.25719747
050400020203,2014,0.251945917
050400020203,2015,0.227355806
050400020203,2016,0.236763949
050400020203,2017,0.231406503
050400020203,2018,0.22577236
050400020203,2019,0.243584783
050400020203,2020,0.246178203
050400020204,2010,0.331669229
050400020204,2011,0.299538634
050400020204,2012,0.379157464
050400020204,2013,0.346496092
050400020204,2014,0.340955382
050400020204,2015,0.301333217
050400020204,2016,0.315206302
050400020204,2017,0.306926102
050400020204,2018,0.302011477
050400020204,2019,0.324933898
050400020204,2020,0.328602758
050400020205,2010,0.0
050400020205,2011,0.0
050400020205,2012,0.0
050400020205,2013,0.0
050400020205,2014,0.0
050400020205,2015,0.0
050400020205,2016,0.0
050400020205,2017,0.0
050400020205,2018,0.0
050400020205,2019,0.0
050400020205,2020,0.0
050400020301,2010,0.020079121
050400020301,2011,0.018527313
050400020301,2012,0.022318085
050400020301,2013,0.0212641
050400020301,2014,0.020329136
050400020301,2015,0.021324225
050400020301,2016,0.021955082
050400020301,2017,0.022113318
050400020301,2018,0.019598618
050400020301,2019,0.02143583
050400020301,2020,0.021580722
050400020302,2010,0.0
050400020302,2011,0.0
050400020302,2012,0.0
050400020302,2013,0.0
050400020302,2014,0.0
050400020302,2015,0.0
050400020302,2016,0.0
050400020302,2017,0.0
050400020302,2018,0.0
050400020302,2019,0.0
050400020302,2020,0.0
050400020303,2010,0.063235725
050400020303,2011,0.056617199
050400020303,2012,0.066168074
050400020303,2013,0.064207532
050400020303,2014,0.061227764
050400020303,2015,0.062426111
050400020303,2016,0.063943669
050400020303,2017,0.063068428
050400020303,2018,0.05260425
050400020303,2019,0.06005315
050400020303,2020,0.058797139
050400020401,2010,0.018479089
050400020401,2011,0.014848862
050400020401,2012,0.018517952
050400020401,2013,0.016411799
050400020401,2014,0.015850601
050400020401,2015,0.016463538
050400020401,2016,0.017283396
050400020401,2017,0.016882614
050400020401,2018,0.014782666
050400020401,2019,0.015212361
050400020401,2020,0.015464065
050400020402,2010,2.8995e-05
050400020402,2011,2.6136e-05
050400020402,2012,3.3102e-05
050400020402,2013,3.026e-05
050400020402,2014,2.9762e-05
050400020402,2015,2.614e-05
050400020402,2016,2.7282e-05
050400020402,2017,2.6507e-05
050400020402,2018,2.6338e-05
050400020402,2019,2.8346e-05
050400020402,2020,2.8667e-05
050400020403,2010,0.008583124
050400020403,2011,0.00774335
050400020403,2012,0.009400005
050400020403,2013,0.007432253
050400020403,2014,0.007224308
050400020403,2015,0.008593983
050400020403,2016,0.009050176
050400020403,2017,0.008683029
050400020403,2018,0.007404528
050400020403,2019,0.00877608
050400020403,2020,0.00917853
050400020404,2010,0.0
050400020404,2011,0.0
050400020404,2012,0.0
050400020404,2013,0.0
050400020404,2014,0.0
050400020404,2015,0.0
050400020404,2016,0.0
050400020404,2017,0.0
050400020404,2018,0.0
050400020404,2019,0.0
050400020404,2020,0.0
050400020405,2010,1.5966e-05
050400020405,2011,1.6221e-05
050400020405,2012,1.9502e-05
050400020405,2013,1.8022e-05
050400020405,2014,1.8206e-05
050400020405,2015,1.9073e-05
050400020405,2016,1.9601e-05
050400020405,2017,1.8866e-05
050400020405,2018,1.4264e-05
050400020405,2019,1.5078e-05
050400020405,2020,1.5124e-05
050400020501,2010,0.014509631
050400020501,2011,0.013546464
050400020501,2012,0.016587225
050400020501,2013,0.015422549
050400020501,2014,0.015005045
050400020501,2015,0.014823312
050400020501,2016,0.015438859
050400020501,2017,0.015792784
050400020501,2018,0.014101684
050400020501,2019,0.014622987
050400020501,2020,0.014327116
050400020502,2010,0.0
050400020502,2011,0.0
050400020502,2012,0.0
050400020502,2013,0.0
050400020502,2014,0.0
050400020502,2015,0.0
050400020502,2016,0.0
050400020502,2017,0.0
050400020502,2018,0.0
050400020502,2019,0.0
050400020502,2020,0.0
050400020503,2010,0.0
050400020503,2011,0.0
050400020503,2012,0.0
050400020503,2013,0.0
050400020503,2014,0.0
050400020503,2015,0.0
050400020503,2016,0.0
050400020503,2017,0.0
050400020503,2018,0.0
050400020503,2019,0.0
050400020503,2020,0.0
050400020601,2010,0.203658181
050400020601,2011,0.18121558
050400020601,2012,0.235586221
050400020601,2013,0.214720199
050400020601,2014,0.213281156
050400020601,2015,0.200323308
050400020601,2016,0.214800706
050400020601,2017,0.201228212
050400020601,2018,0.180970359
050400020601,2019,0.196161097
050400020601,2020,0.193359644
050400020602,2010,0.0
050400020602,2011,0.0
050400020602,2012,0.0
050400020602,2013,0.0
050400020602,2014,0.0
050400020602,2015,0.0
050400020602,2016,0.0
050400020602,2017,0.0
050400020602,2018,0.0
050400020602,2019,0.0
050400020602,2020,0.0
050400020603,2010,0.0
050400020603,2011,0.0
050400020603,2012,0.0
050400020603,2013,0.0
050400020603,2014,0.0
050400020603,2015,0.0
050400020603,2016,0.0
050400020603,2017,0.0
050400020603,2018,0.0
050400020603,2019,0.0
050400020603,2020,0.0
050400020604,2010,0.00630291
050400020604,2011,0.0057828
050400020604,2012,0.007035541
050400020604,2013,0.006011987
050400020604,2014,0.006479925
050400020604,2015,0.006164721
050400020604,2016,0.006478886
050400020604,2017,0.006551318
050400020604,2018,0.006082045
050400020604,2019,0.006015866
050400020604,2020,0.006073506
050400020605,2010,0.005533434
050400020605,2011,0.00528726
050400020605,2012,0.007972559
050400020605,2013,0.007801769
050400020605,2014,0.006383184
050400020605,2015,0.006652922
050400020605,2016,0.006856907
050400020605,2017,0.006449585
050400020605,2018,0.005098629
050400020605,2019,0.005316425
050400020605,2020,0.005266441
050400020606,2010,0.001673256
050400020606,2011,0.001675715
050400020606,2012,0.002743222
050400020606,2013,0.002775361
050400020606,2014,0.002054635
050400020606,2015,0.002267712
050400020606,2016,0.002289344
050400020606,2017,0.002158019
050400020606,2018,0.001580189
050400020606,2019,0.001604819
050400020606,2020,0.001595231
050400020701,2010,0.003237111
050400020701,2011,0.003011077
050400020701,2012,0.003667992
050400020701,2013,0.003326583
050400020701,2014,0.003383871
050400020701,2015,0.003307855
050400020701,2016,0.003442343
050400020701,2017,0.003911875
050400020701,2018,0.003933313
050400020701,2019,0.00351985
050400020701,2020,0.002786952
050400020702,2010,0.0
050400020702,2011,0.0
050400020702,2012,0.0
050400020702,2013,0.0
050400020702,2014,0.0
050400020702,2015,0.0
050400020702,2016,0.0
050400020702,2017,0.0
050400020702,2018,0.0
050400020702,2019,0.0
050400020702,2020,0.0
050400020703,2010,0.00053277
050400020703,2011,0.000491629
050400020703,2012,0.000622578
050400020703,2013,0.000580662
050400020703,2014,0.000661586
050400020703,2015,0.000575929
050400020703,2016,0.000601822
050400020703,2017,0.000579043
050400020703,2018,0.000544663
050400020703,2019,0.000550011
050400020703,2020,0.000513842
050400020801,2010,0.0
050400020801,2011,0.0
050400020801,2012,0.0
050400020801,2013,0.0
050400020801,2014,0.0
050400020801,2015,0.0
050400020801,2016,0.0
050400020801,2017,0.0
050400020801,2018,0.0
050400020801,2019,0.0
050400020801,2020,0.0
050400020802,2010,0.006657751
050400020802,2011,0.006764316
050400020802,2012,0.008132501
050400020802,2013,0.007515026
050400020802,2014,0.007592042
050400020802,2015,0.007953341
050400020802,2016,0.008173587
050400020802,2017,0.0078673
050400020802,2018,0.005948126
050400020802,2019,0.0062876
050400020802,2020,0.006306649
050400020803,2010,0.024216838
050400020803,2011,0.022346779
050400020803,2012,0.028298984
050400020803,2013,0.026393748
050400020803,2014,0.030072083
050400020803,2015,0.026178592
050400020803,2016,0.027355546
050400020803,2017,0.026320158
050400020803,2018,0.024757421
050400020803,2019,0.025000488
050400020803,2020,0.023356451
050400020804,2010,0.0
050400020804,2011,0.0
050400020804,2012,0.0
050400020804,2013,0.0
050400020804,2014,0.0
050400020804,2015,0.0
050400020804,2016,0.0
050400020804,2017,0.0
050400020804,2018,0.0
050400020804,2019,0.0
050400020804,2020,0.0
050400020805,2010,0.0
050400020805,2011,0.0
050400020805,2012,0.0
050400020805,2013,0.0
050400020805,2014,0.0
050400020805,2015,0.0
050400020805,2016,0.0
050400020805,2017,0.0
050400020805,2018,0.0
050400020805,2019,0.0
050400020805,2020,0.0
050400020806,2010,0.0
050400020806,2011,0.0
050400020806,2012,0.0
050400020806,2013,0.0
050400020806,2014,0.0
050400020806,2015,0.0
050400020806,2016,0.0
050400020806,2017,0.0
050400020806,2018,0.0
050400020806,2019,0.0
050400020806,2020,0.0
050400030101,2010,0.0
050400030101,2011,0.0
050400030101,2012,0.0
050400030101,2013,0.0
050400030101,2014,0.0
050400030101,2015,0.0
050400030101,2016,0.0
050400030101,2017,0.0
050400030101,2018,0.0
050400030101,2019,0.0
050400030101,2020,0.0
050400030102,2010,0.0
050400030102,2011,0.0
050400030102,2012,0.0
050400030102,2013,0.0
050400030102,2014,0.0
050400030102,2015,0.0
050400030102,2016,0.0
050400030102,2017,0.0
050400030102,2018,0.0
050400030102,2019,0.0
050400030102,2020,0.0
050400030103,2010,0.019320605
050400030103,2011,0.018391903
050400030103,2012,0.023378356
050400030103,2013,0.021353383
050400030103,2014,0.021133439
050400030103,2015,0.027009511
050400030103,2016,0.028701136
050400030103,2017,0.027678086
050400030103,2018,0.019260794
050400030103,2019,0.020771449
050400030103,2020,0.019653071
050400030201,2010,0.023516536
050400030201,2011,0.020795385
050400030201,2012,0.028339369
050400030201,2013,0.024947461
050400030201,2014,0.025614865
050400030201,2015,0.026465924
050400030201,2016,0.02840678
050400030201,2017,0.028745867
050400030201,2018,0.024236366
050400030201,2019,0.027440264
050400030201,2020,0.02524534
050400030202,2010,0.02562415
050400030202,2011,0.022659122
050400030202,2012,0.030879218
050400030202,2013,0.027183318
050400030202,2014,0.027910537
050400030202,2015,0.02883787
050400030202,2016,0.03095267
050400030202,2017,0.031322148
050400030202,2018,0.026408494
050400030202,2019,0.029899533
050400030202,2020,0.027507894
050400030203,2010,0.003895734
050400030203,2011,0.003610928
050400030203,2012,0.004706801
050400030203,2013,0.004241639
050400030203,2014,0.004254632
050400030203,2015,0.00505307
050400030203,2016,0.005386918
050400030203,2017,0.005277786
050400030203,2018,0.003932279
050400030203,2019,0.004320595
050400030203,2020,0.004043968
050400030301,2010,0.016332909
050400030301,2011,0.014591318
050400030301,2012,0.019285942
050400030301,2013,0.017187467
050400030301,2014,0.017568433
050400030301,2015,0.017379794
050400030301,2016,0.018482871
050400030301,2017,0.018641815
050400030301,2018,0.016656189
050400030301,2019,0.018511441
050400030301,2020,0.017078466
050400030302,2010,0.058299397
050400030302,2011,0.053152852
050400030302,2012,0.065979457
050400030302,2013,0.060345133
050400030302,2014,0.061109381
050400030302,2015,0.05481145
050400030302,2016,0.056982194
050400030302,2017,0.056997246
050400030302,2018,0.058178963
050400030302,2019,0.06213254
050400030302,2020,0.057677388
050400030303,2010,0.00187382
050400030303,2011,0.001808443
050400030303,2012,0.002246174
050400030303,2013,0.002024039
050400030303,2014,0.002057875
050400030303,2015,0.002464687
050400030303,2016,0.003074674
050400030303,2017,0.002615105
050400030303,2018,0.002623644
050400030303,2019,0.001620389
050400030303,2020,0.001721331
050400030304,2010,0.121903377
050400030304,2011,0.111142008
050400030304,2012,0.137962295
050400030304,2013,0.126180986
050400030304,2014,0.127779021
050400030304,2015,0.114610119
050400030304,2016,0.119149119
050400030304,2017,0.119180592
050400030304,2018,0.12165155
050400030304,2019,0.129918434
050400030304,2020,0.120602763
050400030305,2010,0.0
050400030305,2011,0.0
050400030305,2012,0.0
050400030305,2013,0.0
050400030305,2014,0.0
050400030305,2015,0.0
050400030305,2016,0.0
050400030305,2017,0.0
050400030305,2018,0.0
050400030305,2019,0.0
050400030305,2020,0.0
050400030306,2010,0.001903194
050400030306,2011,0.001778533
050400030306,2012,0.002205208
050400030306,2013,0.002010139
050400030306,2014,0.001979814
050400030306,2015,0.001948236
050400030306,2016,0.002054373
050400030306,2017,0.002002446
050400030306,2018,0.001523724
050400030306,2019,0.001682178
050400030306,2020,0.00155726
050400030307,2010,0.008837647
050400030307,2011,0.00811762
050400030307,2012,0.010073043
050400030307,2013,0.009203481
050400030307,2014,0.009242648
050400030307,2015,0.008529371
050400030307,2016,0.008907374
050400030307,2017,0.008836931
050400030307,2018,0.008298374
050400030307,2019,0.008938473
050400030307,2020,0.008291584
050400030401,2010,0.047391242
050400030401,2011,0.044287064
050400030401,2012,0.054911677
050400030401,2013,0.050054263
050400030401,2014,0.04929916
050400030401,2015,0.048512821
050400030401,2016,0.051155742
050400030401,2017,0.04986272
050400030401,2018,0.037942108
050400030401,2019,0.04188776
050400030401,2020,0.038777177
050400030402,2010,0.013013731
050400030402,2011,0.012161318
050400030402,2012,0.015078858
050400030402,2013,0.013745002
050400030402,2014,0.013537649
050400030402,2015,0.013321719
050400030402,2016,0.01404747
050400030402,2017,0.013692404
050400030402,2018,0.01041898
050400030402,2019,0.011502464
050400030402,2020,0.010648291
050400030403,2010,0.0
050400030403,2011,0.0
050400030403,2012,0.0
050400030403,2013,0.0
050400030403,2014,0.0
050400030403,2015,0.0
050400030403,2016,0.0
050400030403,2017,0.0
050400030403,2018,0.0
050400030403,2019,0.0
050400030403,2020,0.0
050400030501,2010,0.016264689
050400030501,2011,0.014950757
050400030501,2012,0.018203503
050400030501,2013,0.016801944
050400030501,2014,0.016439051
050400030501,2015,0.016479622
050400030501,2016,0.017267417
050400030501,2017,0.017190154
050400030501,2018,0.015204776
050400030501,2019,0.016957957
050400030501,2020,0.016888543
050400030502,2010,0.024725201
050400030502,2011,0.020963711
050400030502,2012,0.027707251
050400030502,2013,0.025407015
050400030502,2014,0.02524734
050400030502,2015,0.018585411
050400030502,2016,0.019082317
050400030502,2017,0.018543092
050400030502,2018,0.031235748
050400030502,2019,0.029955249
050400030502,2020,0.025317484
050400030503,2010,0.0
050400030503,2011,0.0
050400030503,2012,0.0
050400030503,2013,0.0
050400030503,2014,0.0
050400030503,2015,0.0
050400030503,2016,0.0
050400030503,2017,0.0
050400030503,2018,0.0
050400030503,2019,0.0
050400030503,2020,0.0
050400030504,2010,0.0
050400030504,2011,0.0
050400030504,2012,0.0
050400030504,2013,0.0
050400030504,2014,0.0
050400030504,2015,0.0
050400030504,2016,0.0
050400030504,2017,0.0
050400030504,2018,0.0
050400030504,2019,0.0
050400030504,2020,0.0
050400030505,2010,0.133342145
050400030505,2011,0.121395488
050400030505,2012,0.141666413
050400030505,2013,0.139436867
050400030505,2014,0.123762463
050400030505,2015,0.118026389
050400030505,2016,0.122125196
050400030505,2017,0.11797733
050400030505,2018,0.106787222
050400030505,2019,0.135010037
050400030505,2020,0.120090176
050400030601,2010,0.109037146
050400030601,2011,0.099268071
050400030601,2012,0.115844104
050400030601,2013,0.11402095
050400030601,2014,0.101203604
050400030601,2015,0.096513076
050400030601,2016,0.099864771
050400030601,2017,0.096472959
050400030601,2018,0.087322533
050400030601,2019,0.110401022
050400030601,2020,0.098200685
050400030602,2010,0.086146952
050400030602,2011,0.077331127
050400030602,2012,0.094787637
050400030602,2013,0.089886061
050400030602,2014,0.084126423
050400030602,2015,0.079734423
050400030602,2016,0.082600799
050400030602,2017,0.07958143
050400030602,2018,0.071953811
050400030602,2019,0.089924122
050400030602,2020,0.08000307
050400030603,2010,0.020455288
050400030603,2011,0.018631697
050400030603,2012,0.023195816
050400030603,2013,0.02111595
050400030603,2014,0.020930639
050400030603,2015,0.017453624
050400030603,2016,0.018268277
050400030603,2017,0.017628582
050400030603,2018,0.0219467
050400030603,2019,0.021723404
050400030603,2020,0.01887911
050400030604,2010,0.001501097
050400030604,2011,0.001366608
050400030604,2012,0.001594808
050400030604,2013,0.001569708
050400030604,2014,0.001393254
050400030604,2015,0.00132868
050400030604,2016,0.001374823
050400030604,2017,0.001328128
050400030604,2018,0.001202156
050400030604,2019,0.001519873
050400030604,2020,0.001351913
050400030605,2010,0.002784228
050400030605,2011,0.00251717
050400030605,2012,0.003107796
050400030605,2013,0.002455803
050400030605,2014,0.002593056
050400030605,2015,0.003608626
050400030605,2016,0.003630833
050400030605,2017,0.003764697
050400030605,2018,0.002504914
050400030605,2019,0.00241358
050400030605,2020,0.002287093
050400030606,2010,0.001915549
050400030606,2011,0.001731813
050400030606,2012,0.002138164
050400030606,2013,0.001689593
050400030606,2014,0.001784023
050400030606,2015,0.002482734
050400030606,2016,0.002498013
050400030606,2017,0.002590111
050400030606,2018,0.001723381
050400030606,2019,0.001660543
050400030606,2020,0.00157352
050400030607,2010,0.0
050400030607,2011,0.0
050400030607,2012,0.0
050400030607,2013,0.0
050400030607,2014,0.0
050400030607,2015,0.0
050400030607,2016,0.0
050400030607,2017,0.0
050400030607,2018,0.0
050400030607,2019,0.0
050400030607,2020,0.0
050400030701,2010,0.0
050400030701,2011,0.0
050400030701,2012,0.0
050400030701,2013,0.0
050400030701,2014,0.0
050400030701,2015,0.0
050400030701,2016,0.0
050400030701,2017,0.0
050400030701,2018,0.0
050400030701,2019,0.0
050400030701,2020,0.0
050400030702,2010,0.0
050400030702,2011,0.0
050400030702,2012,0.0
050400030702,2013,0.0
050400030702,2014,0.0
050400030702,2015,0.0
050400030702,2016,0.0
050400030702,2017,0.0
050400030702,2018,0.0
050400030702,2019,0.0
050400030702,2020,0.0
050400030703,2010,0.000320751
050400030703,2011,0.000294828
050400030703,2012,0.00035617
050400030703,2013,0.000332278
050400030703,2014,0.000326938
050400030703,2015,0.000334394
050400030703,2016,0.00036211
050400030703,2017,0.000336749
050400030703,2018,0.000292749
050400030703,2019,0.000314129
050400030703,2020,0.000308902
050400030704,2010,0.004454753
050400030704,2011,0.004584182
050400030704,2012,0.005444271
050400030704,2013,0.005245392
050400030704,2014,0.00496293
050400030704,2015,0.002815098
050400030704,2016,0.003515653
050400030704,2017,0.003326931
050400030704,2018,0.00297376
050400030704,2019,0.003594041
050400030704,2020,0.003313234
050400030705,2010,0.031043972
050400030705,2011,0.02844372
050400030705,2012,0.034302413
050400030705,2013,0.031916074
050400030705,2014,0.031703213
050400030705,2015,0.03203866
050400030705,2016,0.034544195
050400030705,2017,0.03219062
050400030705,2018,0.027723041
050400030705,2019,0.029670423
050400030705,2020,0.029042747
050400030801,2010,0.0
050400030801,2011,0.0
050400030801,2012,0.0
050400030801,2013,0.0
050400030801,2014,0.0
050400030801,2015,0.0
050400030801,2016,0.0
050400030801,2017,0.0
050400030801,2018,0.0
050400030801,2019,0.0
050400030801,2020,0.0
050400030802,2010,0.00658014
050400030802,2011,0.006152818
050400030802,2012,0.007440427
050400030802,2013,0.006880656
050400030802,2014,0.007113792
050400030802,2015,0.007061139
050400030802,2016,0.007458094
050400030802,2017,0.007174775
050400030802,2018,0.006369978
050400030802,2019,0.006951767
050400030802,2020,0.006814004
050400030803,2010,0.0
050400030803,2011,0.0
050400030803,2012,0.0
050400030803,2013,0.0
050400030803,2014,0.0
050400030803,2015,0.0
050400030803,2016,0.0
050400030803,2017,0.0
050400030803,2018,0.0
050400030803,2019,0.0
050400030803,2020,0.0
050400030804,2010,0.007256895
050400030804,2011,0.006441767
050400030804,2012,0.007633586
050400030804,2013,0.006907899
050400030804,2014,0.00754818
050400030804,2015,0.006749865
050400030804,2016,0.00693388
050400030804,2017,0.006612863
050400030804,2018,0.005094045
050400030804,2019,0.005272458
050400030804,2020,0.004849337
050400030805,2010,0.0
050400030805,2011,0.0
050400030805,2012,0.0
050400030805,2013,0.0
050400030805,2014,0.0
050400030805,2015,0.0
050400030805,2016,0.0
050400030805,2017,0.0
050400030805,2018,0.0
050400030805,2019,0.0
050400030805,2020,0.0
050400030901,2010,0.0
050400030901,2011,0.0
050400030901,2012,0.0
050400030901,2013,0.0
050400030901,2014,0.0
050400030901,2015,0.0
050400030901,2016,0.0
050400030901,2017,0.0
050400030901,2018,0.0
050400030901,2019,0.0
050400030901,2020,0.0
050400030902,2010,0.0
050400030902,2011,0.0
050400030902,2012,0.0
050400030902,2013,0.0
050400030902,2014,0.0
050400030902,2015,0.0
050400030902,2016,0.0
050400030902,2017,0.0
050400030902,2018,0.0
050400030902,2019,0.0
050400030902,2020,0.0
050400030903,2010,0.004878096
050400030903,2011,0.004670843
050400030903,2012,0.005513706
050400030903,2013,0.005048415
050400030903,2014,0.005200713
050400030903,2015,0.005704383
050400030903,2016,0.005839473
050400030903,2017,0.005464769
050400030903,2018,0.004869901
050400030903,2019,0.004592547
050400030903,2020,0.004096611
050400030904,2010,0.0
050400030904,2011,0.0
050400030904,2012,0.0
050400030904,2013,0.0
050400030904,2014,0.0
050400030904,2015,0.0
050400030904,2016,0.0
050400030904,2017,0.0
050400030904,2018,0.0
050400030904,2019,0.0
050400030904,2020,0.0
050400030905,2010,0.002911122
050400030905,2011,0.002787439
050400030905,2012,0.003290437
050400030905,2013,0.003012764
050400030905,2014,0.003103651
050400030905,2015,0.003404229
050400030905,2016,0.003484847
050400030905,2017,0.003261233
050400030905,2018,0.002906231
050400030905,2019,0.002740713
050400030905,2020,0.002444752
050400030906,2010,0.0
050400030906,2011,0.0
050400030906,2012,0.0
050400030906,2013,0.0
050400030906,2014,0.0
050400030906,2015,0.0
050400030906,2016,0.0
050400030906,2017,0.0
050400030906,2018,0.0
050400030906,2019,0.0
050400030906,2020,0.0
050400030907,2010,0.0
050400030907,2011,0.0
050400030907,2012,0.0
050400030907,2013,0.0
050400030907,2014,0.0
050400030907,2015,0.0
050400030907,2016,0.0
050400030907,2017,0.0
050400030907,2018,0.0
050400030907,2019,0.0
050400030907,2020,0.0
050400030908,2010,0.004041615
050400030908,2011,0.003773468
050400030908,2012,0.004057978
050400030908,2013,0.004026959
050400030908,2014,0.004158298
050400030908,2015,0.002757774
050400030908,2016,0.00296697
050400030908,2017,0.002835161
050400030908,2018,0.003152506
050400030908,2019,0.003522082
050400030908,2020,0.003369719
050400040101,2010,0.0
050400040101,2011,0.0
050400040101,2012,0.0
050400040101,2013,0.0
050400040101,2014,0.0
050400040101,2015,0.0
050400040101,2016,0.0
050400040101,2017,0.0
050400040101,2018,0.0
050400040101,2019,0.0
050400040101,2020,0.0
050400040102,2010,0.0
050400040102,2011,0.0
050400040102,2012,0.0
050400040102,2013,0.0
050400040102,2014,0.0
050400040102,2015,0.0
050400040102,2016,0.0
050400040102,2017,0.0
050400040102,2018,0.0
050400040102,2019,0.0
050400040102,2020,0.0
050400040103,2010,0.0
050400040103,2011,0.0
050400040103,2012,0.0
050400040103,2013,0.0
050400040103,2014,0.0
050400040103,2015,0.0
050400040103,2016,0.0
050400040103,2017,0.0
050400040103,2018,0.0
050400040103,2019,0.0
050400040103,2020,0.0
050400040104,2010,0.0
050400040104,2011,0.0
050400040104,2012,0.0
050400040104,2013,0.0
050400040104,2014,0.0
050400040104,2015,0.0
050400040104,2016,0.0
050400040104,2017,0.0
050400040104,2018,0.0
050400040104,2019,0.0
050400040104,2020,0.0
050400040201,2010,0.001753354
050400040201,2011,0.001761016
050400040201,2012,0.002112813
050400040201,2013,0.001798127
050400040201,2014,0.001875186
050400040201,2015,0.002508812
050400040201,2016,0.002686914
050400040201,2017,0.002434226
050400040201,2018,0.00160477
050400040201,2019,0.001678453
050400040201,2020,0.001510624
050400040202,2010,0.0
050400040202,2011,0.0
050400040202,2012,0.0
050400040202,2013,0.0
050400040202,2014,0.0
050400040202,2015,0.0
050400040202,2016,0.0
050400040202,2017,0.0
050400040202,2018,0.0
050400040202,2019,0.0
050400040202,2020,0.0
050400040203,2010,0.0
050400040203,2011,0.0
050400040203,2012,0.0
050400040203,2013,0.0
050400040203,2014,0.0
050400040203,2015,0.0
050400040203,2016,0.0
050400040203,2017,0.0
050400040203,2018,0.0
050400040203,2019,0.0
050400040203,2020,0.0
050400040204,2010,0.029095312
050400040204,2011,0.028506401
050400040204,2012,0.033695556
050400040204,2013,0.030547296
050400040204,2014,0.033148026
050400040204,2015,0.039117214
050400040204,2016,0.039247146
050400040204,2017,0.035251095
050400040204,2018,0.02882012
050400040204,2019,0.032363608
050400040204,2020,0.027374384
050400040301,2010,0.146407502
050400040301,2011,0.136693868
050400040301,2012,0.147000244
050400040301,2013,0.145876586
050400040301,2014,0.150634348
050400040301,2015,0.099900361
050400040301,2016,0.107478485
050400040301,2017,0.102703723
050400040301,2018,0.114199539
050400040301,2019,0.127587407
050400040301,2020,0.122068072
050400040302,2010,0.0
050400040302,2011,0.0
050400040302,2012,0.0
050400040302,2013,0.0
050400040302,2014,0.0
050400040302,2015,0.0
050400040302,2016,0.0
050400040302,2017,0.0
050400040302,2018,0.0
050400040302,2019,0.0
050400040302,2020,0.0
050400040303,2010,0.0
050400040303,2011,0.0
050400040303,2012,0.0
050400040303,2013,0.0
050400040303,2014,0.0
050400040303,2015,0.0
050400040303,2016,0.0
050400040303,2017,0.0
050400040303,2018,0.0
050400040303,2019,0.0
050400040303,2020,0.0
050400040304,2010,0.0
050400040304,2011,0.0
050400040304,2012,0.0
050400040304,2013,0.0
050400040304,2014,0.0
050400040304,2015,0.0
050400040304,2016,0.0
050400040304,2017,0.0
050400040304,2018,0.0
050400040304,2019,0.0
050400040304,2020,0.0
050400040305,2010,0.122851728
050400040305,2011,0.114933084
050400040305,2012,0.134371651
050400040305,2013,0.12852403
050400040305,2014,0.131254656
050400040305,2015,0.100738314
050400040305,2016,0.104126841
050400040305,2017,0.102395516
050400040305,2018,0.112335791
050400040305,2019,0.0840881
050400040305,2020,0.112491155
050400040401,2010,0.0
050400040401,2011,0.0
050400040401,2012,0.0
050400040401,2013,0.0
050400040401,2014,0.0
050400040401,2015,0.0
050400040401,2016,0.0
050400040401,2017,0.0
050400040401,2018,0.0
050400040401,2019,0.0
050400040401,2020,0.0
050400040402,2010,0.001843233
050400040402,2011,0.001680503
050400040402,2012,0.002239043
050400040402,2013,0.002106505
050400040402,2014,0.002159572
050400040402,2015,0.001855516
050400040402,2016,0.001973418
050400040402,2017,0.001808396
050400040402,2018,0.00159692
050400040402,2019,0.001769391
050400040402,2020,0.001593439
050400040403,2010,0.0
050400040403,2011,0.0
050400040403,2012,0.0
050400040403,2013,0.0
050400040403,2014,0.0
050400040403,2015,0.0
050400040403,2016,0.0
050400040403,2017,0.0
050400040403,2018,0.0
050400040403,2019,0.0
050400040403,2020,0.0
050400040404,2010,0.0
050400040404,2011,0.0
050400040404,2012,0.0
050400040404,2013,0.0
050400040404,2014,0.0
050400040404,2015,0.0
050400040404,2016,0.0
050400040404,2017,0.0
050400040404,2018,0.0
050400040404,2019,0.0
050400040404,2020,0.0
050400040405,2010,0.0
050400040405,2011,0.0
050400040405,2012,0.0
050400040405,2013,0.0
050400040405,2014,0.0
050400040405,2015,0.0
050400040405,2016,0.0
050400040405,2017,0.0
050400040405,2018,0.0
050400040405,2019,0.0
050400040405,2020,0.0
050400040406,2010,0.0
050400040406,2011,0.0
050400040406,2012,0.0
050400040406,2013,0.0
050400040406,2014,0.0
050400040406,2015,0.0
050400040406,2016,0.0
050400040406,2017,0.0
050400040406,2018,0.0
050400040406,2019,0.0
050400040406,2020,0.0
050400040407,2010,0.009174425
050400040407,2011,0.007447059
050400040407,2012,0.009825145
050400040407,2013,0.00836641
050400040407,2014,0.009045626
050400040407,2015,0.010887182
050400040407,2016,0.011792676
050400040407,2017,0.011301217
050400040407,2018,0.00690532
050400040407,2019,0.007607619
050400040407,2020,0.00708352
050400040501,2010,0.001090052
050400040501,2011,0.001013939
050400040501,2012,0.001211325
050400040501,2013,0.001149138
050400040501,2014,0.001158731
050400040501,2015,0.001020654
050400040501,2016,0.001100813
050400040501,2017,0.001013755
050400040501,2018,0.000919196
050400040501,2019,0.001009247
050400040501,2020,0.000933976
050400040502,2010,0.000229337
050400040502,2011,0.000226589
050400040502,2012,0.000298267
050400040502,2013,0.00030161
050400040502,2014,0.000302394
050400040502,2015,0.000220924
050400040502,2016,0.000235426
050400040502,2017,0.000210539
050400040502,2018,0.000233659
050400040502,2019,0.000246807
050400040502,2020,0.000236307
050400040503,2010,0.039355321
050400040503,2011,0.038944602
050400040503,2012,0.047513961
050400040503,2013,0.04713376
050400040503,2014,0.048146008
050400040503,2015,0.043942835
050400040503,2016,0.047662826
050400040503,2017,0.043559426
050400040503,2018,0.039622985
050400040503,2019,0.042029192
050400040503,2020,0.043061576
050400040504,2010,0.024073774
050400040504,2011,0.023787756
050400040504,2012,0.026838166
050400040504,2013,0.026603395
050400040504,2014,0.026687735
050400040504,2015,0.025793698
050400040504,2016,0.028153858
050400040504,2017,0.026227186
050400040504,2018,0.02238896
050400040504,2019,0.025956438
050400040504,2020,0.024184691
050400040601,2010,0.00108378
050400040601,2011,0.001013248
050400040601,2012,0.001184612
050400040601,2013,0.001133319
050400040601,2014,0.001154992
050400040601,2015,0.000877243
050400040601,2016,0.000909337
050400040601,2017,0.000896983
050400040601,2018,0.000987871
050400040601,2019,0.000728678
050400040601,2020,0.000990429
050400040602,2010,0.002604409
050400040602,2011,0.003719698
050400040602,2012,0.005347352
050400040602,2013,0.005730873
050400040602,2014,0.004312347
050400040602,2015,0.003176619
050400040602,2016,0.003494689
050400040602,2017,0.003241098
050400040602,2018,0.003030974
050400040602,2019,0.002451636
050400040602,2020,0.00228195
050400040603,2010,0.0
050400040603,2011,0.0
050400040603,2012,0.0
050400040603,2013,0.0
050400040603,2014,0.0
050400040603,2015,0.0
050400040603,2016,0.0
050400040603,2017,0.0
050400040603,2018,0.0
050400040603,2019,0.0
050400040603,2020,0.0
050400040604,2010,0.012214497
050400040604,2011,0.011419584
050400040604,2012,0.013350897
050400040604,2013,0.012772815
050400040604,2014,0.013017075
050400040604,2015,0.009886769
050400040604,2016,0.010248473
050400040604,2017,0.01010924
050400040604,2018,0.011133579
050400040604,2019,0.008212398
050400040604,2020,0.011162401
050400040605,2010,0.0
050400040605,2011,0.0
050400040605,2012,0.0
050400040605,2013,0.0
050400040605,2014,0.0
050400040605,2015,0.0
050400040605,2016,0.0
050400040605,2017,0.0
050400040605,2018,0.0
050400040605,2019,0.0
050400040605,2020,0.0
050400040606,2010,0.0
050400040606,2011,0.0
050400040606,2012,0.0
050400040606,2013,0.0
050400040606,2014,0.0
050400040606,2015,0.0
050400040606,2016,0.0
050400040606,2017,0.0
050400040606,2018,0.0
050400040606,2019,0.0
050400040606,2020,0.0
050400040701,2010,0.0
050400040701,2011,0.0
050400040701,2012,0.0
050400040701,2013,0.0
050400040701,2014,0.0
050400040701,2015,0.0
050400040701,2016,0.0
050400040701,2017,0.0
050400040701,2018,0.0
050400040701,2019,0.0
050400040701,2020,0.0
050400040702,2010,0.0
050400040702,2011,0.0
050400040702,2012,0.0
050400040702,2013,0.0
050400040702,2014,0.0
050400040702,2015,0.0
050400040702,2016,0.0
050400040702,2017,0.0
050400040702,2018,0.0
050400040702,2019,0.0
050400040702,2020,0.0
050400040703,2010,0.0
050400040703,2011,0.0
050400040703,2012,0.0
050400040703,2013,0.0
050400040703,2014,0.0
050400040703,2015,0.0
050400040703,2016,0.0
050400040703,2017,0.0
050400040703,2018,0.0
050400040703,2019,0.0
050400040703,2020,0.0
050400040704,2010,2.9462e-05
050400040704,2011,2.6559e-05
050400040704,2012,2.4167e-05
050400040704,2013,2.3217e-05
050400040704,2014,2.4785e-05
050400040704,2015,2.3839e-05
050400040704,2016,2.5663e-05
050400040704,2017,2.3887e-05
050400040704,2018,2.0832e-05
050400040704,2019,2.1205e-05
050400040704,2020,1.7529e-05
050400040801,2010,0.0
050400040801,2011,0.0
050400040801,2012,0.0
050400040801,2013,0.0
050400040801,2014,0.0
050400040801,2015,0.0
050400040801,2016,0.0
050400040801,2017,0.0
050400040801,2018,0.0
050400040801,2019,0.0
050400040801,2020,0.0
050400040802,2010,0.082124565
050400040802,2011,0.07686892
050400040802,2012,0.089802838
050400040802,2013,0.085980618
050400040802,2014,0.087592645
050400040802,2015,0.066900831
050400040802,2016,0.069445596
050400040802,2017,0.068395448
050400040802,2018,0.074884706
050400040802,2019,0.055897581
050400040802,2020,0.07519397
050400040803,2010,0.0
050400040803,2011,0.0
050400040803,2012,0.0
050400040803,2013,0.0
050400040803,2014,0.0
050400040803,2015,0.0
050400040803,2016,0.0
050400040803,2017,0.0
050400040803,2018,0.0
050400040803,2019,0.0
050400040803,2020,0.0
050400040804,2010,0.0
050400040804,2011,0.0
050400040804,2012,0.0
050400040804,2013,0.0
050400040804,2014,0.0
050400040804,2015,0.0
050400040804,2016,0.0
050400040804,2017,0.0
050400040804,2018,0.0
050400040804,2019,0.0
050400040804,2020,0.0
050400040805,2010,0.0
050400040805,2011,0.0
050400040805,2012,0.0
050400040805,2013,0.0
050400040805,2014,0.0
050400040805,2015,0.0
050400040805,2016,0.0
050400040805,2017,0.0
050400040805,2018,0.0
050400040805,2019,0.0
050400040805,2020,0.0
050400040806,2010,0.010341113
050400040806,2011,0.009322061
050400040806,2012,0.008482575
050400040806,2013,0.008149201
050400040806,2014,0.008699405
050400040806,2015,0.008367594
050400040806,2016,0.009007814
050400040806,2017,0.00838422
050400040806,2018,0.007312055
050400040806,2019,0.007442903
050400040806,2020,0.006152772
050400040807,2010,0.000800672
050400040807,2011,0.000699717
050400040807,2012,0.000857107
050400040807,2013,0.000710421
050400040807,2014,0.000749728
050400040807,2015,0.000932517
050400040807,2016,0.001019059
050400040807,2017,0.000804121
050400040807,2018,0.000529138
050400040807,2019,0.00060074
050400040807,2020,0.000538869
050400040808,2010,0.027458455
050400040808,2011,0.024752595
050400040808,2012,0.022523533
050400040808,2013,0.021638334
050400040808,2014,0.023099274
050400040808,2015,0.022218227
050400040808,2016,0.023918184
050400040808,2017,0.022262373
050400040808,2018,0.019415485
050400040808,2019,0.019762921
050400040808,2020,0.016337276
050400040809,2010,0.00518435
050400040809,2011,0.004530668
050400040809,2012,0.005549765
050400040809,2013,0.004599976
050400040809,2014,0.004854491
050400040809,2015,0.006038046
050400040809,2016,0.006598405
050400040809,2017,0.005206681
050400040809,2018,0.003426169
050400040809,2019,0.003889792
050400040809,2020,0.003489178
050400040901,2010,0.0
050400040901,2011,0.0
050400040901,2012,0.0
050400040901,2013,0.0
050400040901,2014,0.0
050400040901,2015,0.0
050400040901,2016,0.0
050400040901,2017,0.0
050400040901,2018,0.0
050400040901,2019,0.0
050400040901,2020,0.0
050400040902,2010,0.0
050400040902,2011,0.0
050400040902,2012,0.0
050400040902,2013,0.0
050400040902,2014,0.0
050400040902,2015,0.0
050400040902,2016,0.0
050400040902,2017,0.0
050400040902,2018,0.0
050400040902,2019,0.0
050400040902,2020,0.0
050400040903,2010,0.0
050400040903,2011,0.0
050400040903,2012,0.0
050400040903,2013,0.0
050400040903,2014,0.0
050400040903,2015,0.0
050400040903,2016,0.0
050400040903,2017,0.0
050400040903,2018,0.0
050400040903,2019,0.0
050400040903,2020,0.0
050400041001,2010,0.0
050400041001,2011,0.0
050400041001,2012,0.0
050400041001,2013,0.0
050400041001,2014,0.0
050400041001,2015,0.0
050400041001,2016,0.0
050400041001,2017,0.0
050400041001,2018,0.0
050400041001,2019,0.0
050400041001,2020,0.0
050400041002,2010,0.000946379
050400041002,2011,0.000856868
050400041002,2012,0.001118123
050400041002,2013,0.000973073
050400041002,2014,0.001041619
050400041002,2015,0.00104582
050400041002,2016,0.001060609
050400041002,2017,0.000984927
050400041002,2018,0.000706827
050400041002,2019,0.000984186
050400041002,2020,0.000789112
050400041003,2010,0.003785516
050400041003,2011,0.003427472
050400041003,2012,0.00447249
050400041003,2013,0.003892293
050400041003,2014,0.004166475
050400041003,2015,0.004183279
050400041003,2016,0.004242436
050400041003,2017,0.003939708
050400041003,2018,0.002827309
050400041003,2019,0.003936746
050400041003,2020,0.003156448
050400041004,2010,0.002560278
050400041004,2011,0.002426316
050400041004,2012,0.002851816
050400041004,2013,0.002626934
050400041004,2014,0.002688579
050400041004,2015,0.002486093
050400041004,2016,0.002635173
050400041004,2017,0.002479081
050400041004,2018,0.002347748
050400041004,2019,0.002628069
050400041004,2020,0.002366068
050400041101,2010,0.0
050400041101,2011,0.0
050400041101,2012,0.0
050400041101,2013,0.0
050400041101,2014,0.0
050400041101,2015,0.0
050400041101,2016,0.0
050400041101,2017,0.0
050400041101,2018,0.0
050400041101,2019,0.0
050400041101,2020,0.0
050400041102,2010,0.0
050400041102,2011,0.0
050400041102,2012,0.0
050400041102,2013,0.0
050400041102,2014,0.0
050400041102,2015,0.0
050400041102,2016,0.0
050400041102,2017,0.0
050400041102,2018,0.0
050400041102,2019,0.0
050400041102,2020,0.0
050400041103,2010,0.0
050400041103,2011,0.0
050400041103,2012,0.0
050400041103,2013,0.0
050400041103,2014,0.0
050400041103,2015,0.0
050400041103,2016,0.0
050400041103,2017,0.0
050400041103,2018,0.0
050400041103,2019,0.0
050400041103,2020,0.0
050400041104,2010,0.0
050400041104,2011,0.0
050400041104,2012,0.0
050400041104,2013,0.0
050400041104,2014,0.0
050400041104,2015,0.0
050400041104,2016,0.0
050400041104,2017,0.0
050400041104,2018,0.0
050400041104,2019,0.0
050400041104,2020,0.0
050400041105,2010,0.032859726
050400041105,2011,0.029367157
050400041105,2012,0.023145979
050400041105,2013,0.024268299
050400041105,2014,0.023209247
050400041105,2015,0.018824213
050400041105,2016,0.019393559
050400041105,2017,0.017889742
050400041105,2018,0.035630049
050400041105,2019,0.02648164
050400041105,2020,0.028105811
050400041201,2010,0.0
050400041201,2011,0.0
050400041201,2012,0.0
050400041201,2013,0.0
050400041201,2014,0.0
050400041201,2015,0.0
050400041201,2016,0.0
050400041201,2017,0.0
050400041201,2018,0.0
050400041201,2019,0.0
050400041201,2020,0.0
050400041202,2010,0.0
050400041202,2011,0.0
050400041202,2012,0.0
050400041202,2013,0.0
050400041202,2014,0.0
050400041202,2015,0.0
050400041202,2016,0.0
050400041202,2017,0.0
050400041202,2018,0.0
050400041202,2019,0.0
050400041202,2020,0.0
050400041203,2010,0.009854382
050400041203,2011,0.008782804
050400041203,2012,0.010783679
050400041203,2013,0.011833758
050400041203,2014,0.011225245
050400041203,2015,0.009769988
050400041203,2016,0.010949662
050400041203,2017,0.010134915
050400041203,2018,0.008342216
050400041203,2019,0.008824879
050400041203,2020,0.007406026
050400041204,2010,0.229504842
050400041204,2011,0.227520162
050400041204,2012,0.240539941
050400041204,2013,0.221461645
050400041204,2014,0.230610722
050400041204,2015,0.1966305
050400041204,2016,0.20969278
050400041204,2017,0.198238093
050400041204,2018,0.197755214
050400041204,2019,0.214112538
050400041204,2020,0.198198414
050400050101,2010,0.0
050400050101,2011,0.0
050400050101,2012,0.0
050400050101,2013,0.0
050400050101,2014,0.0
050400050101,2015,0.0
050400050101,2016,0.0
050400050101,2017,0.0
050400050101,2018,0.0
050400050101,2019,0.0
050400050101,2020,0.0
050400050102,2010,0.0
050400050102,2011,0.0
050400050102,2012,0.0
050400050102,2013,0.0
050400050102,2014,0.0
050400050102,2015,0.0
050400050102,2016,0.0
050400050102,2017,0.0
050400050102,2018,0.0
050400050102,2019,0.0
050400050102,2020,0.0
050400050103,2010,0.0
050400050103,2011,0.0
050400050103,2012,0.0
050400050103,2013,0.0
050400050103,2014,0.0
050400050103,2015,0.0
050400050103,2016,0.0
050400050103,2017,0.0
050400050103,2018,0.0
050400050103,2019,0.0
050400050103,2020,0.0
050400050104,2010,0.0
050400050104,2011,0.0
050400050104,2012,0.0
050400050104,2013,0.0
050400050104,2014,0.0
050400050104,2015,0.0
050400050104,2016,0.0
050400050104,2017,0.0
050400050104,2018,0.0
050400050104,2019,0.0
050400050104,2020,0.0
050400050105,2010,0.0
050400050105,2011,0.0
050400050105,2012,0.0
050400050105,2013,0.0
050400050105,2014,0.0
050400050105,2015,0.0
050400050105,2016,0.0
050400050105,2017,0.0
050400050105,2018,0.0
050400050105,2019,0.0
050400050105,2020,0.0
050400050201,2010,0.0
050400050201,2011,0.0
050400050201,2012,0.0
050400050201,2013,0.0
050400050201,2014,0.0
050400050201,2015,0.0
050400050201,2016,0.0
050400050201,2017,0.0
050400050201,2018,0.0
050400050201,2019,0.0
050400050201,2020,0.0
050400050202,2010,0.003689841
050400050202,2011,0.002396059
050400050202,2012,0.005692925
050400050202,2013,0.004426291
050400050202,2014,0.005091644
050400050202,2015,0.005399951
050400050202,2016,0.005785155
050400050202,2017,0.005202671
050400050202,2018,0.004577168
050400050202,2019,0.004668806
050400050202,2020,0.003847305
050400050203,2010,0.0
050400050203,2011,0.0
050400050203,2012,0.0
050400050203,2013,0.0
050400050203,2014,0.0
050400050203,2015,0.0
050400050203,2016,0.0
050400050203,2017,0.0
050400050203,2018,0.0
050400050203,2019,0.0
050400050203,2020,0.0
050400050204,2010,0.000520004
050400050204,2011,0.000499147
050400050204,2012,0.000613482
050400050204,2013,0.00063247
050400050204,2014,0.000665477
050400050204,2015,0.000920031
050400050204,2016,0.000905792
050400050204,2017,0.00103447
050400050204,2018,0.000508646
050400050204,2019,0.000559429
050400050204,2020,0.000424255
050400050205,2010,0.0
050400050205,2011,0.0
050400050205,2012,0.0
050400050205,2013,0.0
050400050205,2014,0.0
050400050205,2015,0.0
050400050205,2016,0.0
050400050205,2017,0.0
050400050205,2018,0.0
050400050205,2019,0.0
050400050205,2020,0.0
050400050206,2010,0.001173792
050400050206,2011,0.001104889
050400050206,2012,0.001329332
050400050206,2013,0.001262273
050400050206,2014,0.001312875
050400050206,2015,0.001110157
050400050206,2016,0.001213693
050400050206,2017,0.001087322
050400050206,2018,0.001017316
050400050206,2019,0.001140391
050400050206,2020,0.001039416
050400050207,2010,0.035020619
050400050207,2011,0.032630251
050400050207,2012,0.038640836
050400050207,2013,0.041780009
050400050207,2014,0.038463546
050400050207,2015,0.036271345
050400050207,2016,0.041115785
050400050207,2017,0.038627848
050400050207,2018,0.035315937
050400050207,2019,0.033061992
050400050207,2020,0.03279524
050400050301,2010,0.01144773
050400050301,2011,0.010890286
050400050301,2012,0.014794908
050400050301,2013,0.013642765
050400050301,2014,0.013988979
050400050301,2015,0.012886801
050400050301,2016,0.012579193
050400050301,2017,0.011670114
050400050301,2018,0.010506634
050400050301,2019,0.012164647
050400050301,2020,0.011524313
050400050302,2010,0.017117805
050400050302,2011,0.01611297
050400050302,2012,0.019386092
050400050302,2013,0.018408146
050400050302,2014,0.019146099
050400050302,2015,0.016189786
050400050302,2016,0.017699688
050400050302,2017,0.015856786
050400050302,2018,0.014835857
050400050302,2019,0.016630699
050400050302,2020,0.01515815
050400050401,2010,0.0
050400050401,2011,0.0
050400050401,2012,0.0
050400050401,2013,0.0
050400050401,2014,0.0
050400050401,2015,0.0
050400050401,2016,0.0
050400050401,2017,0.0
050400050401,2018,0.0
050400050401,2019,0.0
050400050401,2020,0.0
050400050402,2010,0.0
050400050402,2011,0.0
050400050402,2012,0.0
050400050402,2013,0.0
050400050402,2014,0.0
050400050402,2015,0.0
050400050402,2016,0.0
050400050402,2017,0.0
050400050402,2018,0.0
050400050402,2019,0.0
050400050402,2020,0.0
050400050403,2010,0.0
050400050403,2011,0.0
050400050403,2012,0.0
050400050403,2013,0.0
050400050403,2014,0.0
050400050403,2015,0.0
050400050403,2016,0.0
050400050403,2017,0.0
050400050403,2018,0.0
050400050403,2019,0.0
050400050403,2020,0.0
050400050404,2010,0.0
050400050404,2011,0.0
050400050404,2012,0.0
050400050404,2013,0.0
050400050404,2014,0.0
050400050404,2015,0.0
050400050404,2016,0.0
050400050404,2017,0.0
050400050404,2018,0.0
050400050404,2019,0.0
050400050404,2020,0.0
050400050405,2010,0.0
050400050405,2011,0.0
050400050405,2012,0.0
050400050405,2013,0.0
050400050405,2014,0.0
050400050405,2015,0.0
050400050405,2016,0.0
050400050405,2017,0.0
050400050405,2018,0.0
050400050405,2019,0.0
050400050405,2020,0.0
050400050406,2010,0.0
050400050406,2011,0.0
050400050406,2012,0.0
050400050406,2013,0.0
050400050406,2014,0.0
050400050406,2015,0.0
050400050406,2016,0.0
050400050406,2017,0.0
050400050406,2018,0.0
050400050406,2019,0.0
050400050406,2020,0.0
050400050501,2010,0.019041125
050400050501,2011,0.027195127
050400050501,2012,0.039095085
050400050501,2013,0.041899048
050400050501,2014,0.031528049
050400050501,2015,0.023224618
050400050501,2016,0.02555006
050400050501,2017,0.023696028
050400050501,2018,0.022159789
050400050501,2019,0.017924187
050400050501,2020,0.016683593
050400050502,2010,8.6814e-05
050400050502,2011,0.00012399
050400050502,2012,0.000178245
050400050502,2013,0.000191029
050400050502,2014,0.000143745
050400050502,2015,0.000105887
050400050502,2016,0.00011649
050400050502,2017,0.000108037
050400050502,2018,0.000101032
050400050502,2019,8.1721e-05
050400050502,2020,7.6065e-05
050400050503,2010,0.004369116
050400050503,2011,0.004112644
050400050503,2012,0.004948069
050400050503,2013,0.00469846
050400050503,2014,0.004886814
050400050503,2015,0.00413225
050400050503,2016,0.004517635
050400050503,2017,0.004047256
050400050503,2018,0.003786676
050400050503,2019,0.004244788
050400050503,2020,0.003868937
050400050504,2010,0.124943673
050400050504,2011,0.117609337
050400050504,2012,0.141500006
050400050504,2013,0.134361936
050400050504,2014,0.13974829
050400050504,2015,0.118170019
050400050504,2016,0.129190862
050400050504,2017,0.115739438
050400050504,2018,0.108287626
050400050504,2019,0.121388263
050400050504,2020,0.110640059
050400050505,2010,0.0
050400050505,2011,0.0
050400050505,2012,0.0
050400050505,2013,0.0
050400050505,2014,0.0
050400050505,2015,0.0
050400050505,2016,0.0
050400050505,2017,0.0
050400050505,2018,0.0
050400050505,2019,0.0
050400050505,2020,0.0
050400050506,2010,0.0
050400050506,2011,0.0
050400050506,2012,0.0
050400050506,2013,0.0
050400050506,2014,0.0
050400050506,2015,0.0
050400050506,2016,0.0
050400050506,2017,0.0
050400050506,2018,0.0
050400050506,2019,0.0
050400050506,2020,0.0
050400050507,2010,0.0
050400050507,2011,0.0
050400050507,2012,0.0
050400050507,2013,0.0
050400050507,2014,0.0
050400050507,2015,0.0
050400050507,2016,0.0
050400050507,2017,0.0
050400050507,2018,0.0
050400050507,2019,0.0
050400050507,2020,0.0
050400050508,2010,0.0
050400050508,2011,0.0
050400050508,2012,0.0
050400050508,2013,0.0
050400050508,2014,0.0
050400050508,2015,0.0
050400050508,2016,0.0
050400050508,2017,0.0
050400050508,2018,0.0
050400050508,2019,0.0
050400050508,2020,0.0
050400050601,2010,0.0
050400050601,2011,0.0
050400050601,2012,0.0
050400050601,2013,0.0
050400050601,2014,0.0
050400050601,2015,0.0
050400050601,2016,0.0
050400050601,2017,0.0
050400050601,2018,0.0
050400050601,2019,0.0
050400050601,2020,0.0
050400050602,2010,0.0
050400050602,2011,0.0
050400050602,2012,0.0
050400050602,2013,0.0
050400050602,2014,0.0
050400050602,2015,0.0
050400050602,2016,0.0
050400050602,2017,0.0
050400050602,2018,0.0
050400050602,2019,0.0
050400050602,2020,0.0
050400050603,2010,0.0
050400050603,2011,0.0
050400050603,2012,0.0
050400050603,2013,0.0
050400050603,2014,0.0
050400050603,2015,0.0
050400050603,2016,0.0
050400050603,2017,0.0
050400050603,2018,0.0
050400050603,2019,0.0
050400050603,2020,0.0
050400050604,2010,0.0
050400050604,2011,0.0
050400050604,2012,0.0
050400050604,2013,0.0
050400050604,2014,0.0
050400050604,2015,0.0
050400050604,2016,0.0
050400050604,2017,0.0
050400050604,2018,0.0
050400050604,2019,0.0
050400050604,2020,0.0
050400050605,2010,0.0
050400050605,2011,0.0
050400050605,2012,0.0
050400050605,2013,0.0
050400050605,2014,0.0
050400050605,2015,0.0
050400050605,2016,0.0
050400050605,2017,0.0
050400050605,2018,0.0
050400050605,2019,0.0
050400050605,2020,0.0
050400060101,2010,0.006187935
050400060101,2011,0.005473763
050400060101,2012,0.007447012
050400060101,2013,0.006567358
050400060101,2014,0.006728751
050400060101,2015,0.00696859
050400060101,2016,0.007483234
050400060101,2017,0.007575164
050400060101,2018,0.006381
050400060101,2019,0.007216064
050400060101,2020,0.006650415
050400060102,2010,0.026099543
050400060102,2011,0.023239113
050400060102,2012,0.030591798
050400060102,2013,0.02793833
050400060102,2014,0.027450627
050400060102,2015,0.0297684
050400060102,2016,0.032263135
050400060102,2017,0.032873185
050400060102,2018,0.027214184
050400060102,2019,0.030080555
050400060102,2020,0.02867276
050400060103,2010,0.0
050400060103,2011,0.0
050400060103,2012,0.0
050400060103,2013,0.0
050400060103,2014,0.0
050400060103,2015,0.0
050400060103,2016,0.0
050400060103,2017,0.0
050400060103,2018,0.0
050400060103,2019,0.0
050400060103,2020,0.0
050400060104,2010,0.0
050400060104,2011,0.0
050400060104,2012,0.0
050400060104,2013,0.0
050400060104,2014,0.0
050400060104,2015,0.0
050400060104,2016,0.0
050400060104,2017,0.0
050400060104,2018,0.0
050400060104,2019,0.0
050400060104,2020,0.0
050400060201,2010,0.0
050400060201,2011,0.0
050400060201,2012,0.0
050400060201,2013,0.0
050400060201,2014,0.0
050400060201,2015,0.0
050400060201,2016,0.0
050400060201,2017,0.0
050400060201,2018,0.0
050400060201,2019,0.0
050400060201,2020,0.0
050400060202,2010,0.0
050400060202,2011,0.0
050400060202,2012,0.0
050400060202,2013,0.0
050400060202,2014,0.0
050400060202,2015,0.0
050400060202,2016,0.0
050400060202,2017,0.0
050400060202,2018,0.0
050400060202,2019,0.0
050400060202,2020,0.0
050400060203,2010,0.024021807
050400060203,2011,0.022332363
050400060203,2012,0.027891608
050400060203,2013,0.027998261
050400060203,2014,0.028603498
050400060203,2015,0.032366732
050400060203,2016,0.033486898
050400060203,2017,0.033140581
050400060203,2018,0.021323069
050400060203,2019,0.023364918
050400060203,2020,0.023801679
050400060204,2010,0.000295598
050400060204,2011,0.00027655
050400060204,2012,0.00034442
050400060204,2013,0.000315524
050400060204,2014,0.000316099
050400060204,2015,0.000299033
050400060204,2016,0.000317139
050400060204,2017,0.000305739
050400060204,2018,0.000282226
050400060204,2019,0.00031248
050400060204,2020,0.000309623
050400060205,2010,0.175494091
050400060205,2011,0.164185753
050400060205,2012,0.204479427
050400060205,2013,0.187324409
050400060205,2014,0.187665303
050400060205,2015,0.177533393
050400060205,2016,0.188283276
050400060205,2017,0.181514931
050400060205,2018,0.167555239
050400060205,2019,0.1855168
050400060205,2020,0.183820672
050400060301,2010,0.03763242
050400060301,2011,0.036143579
050400060301,2012,0.045944405
050400060301,2013,0.042880411
050400060301,2014,0.042945898
050400060301,2015,0.048720022
050400060301,2016,0.050121482
050400060301,2017,0.051963924
050400060301,2018,0.037903904
050400060301,2019,0.050614139
050400060301,2020,0.038670765
050400060302,2010,0.000653194
050400060302,2011,0.000627352
050400060302,2012,0.000797467
050400060302,2013,0.000744285
050400060302,2014,0.000745422
050400060302,2015,0.000845644
050400060302,2016,0.00086997
050400060302,2017,0.000901949
050400060302,2018,0.000657907
050400060302,2019,0.000878521
050400060302,2020,0.000671217
050400060303,2010,0.011004867
050400060303,2011,0.01042747
050400060303,2012,0.013478361
050400060303,2013,0.012686613
050400060303,2014,0.012540989
050400060303,2015,0.012710927
050400060303,2016,0.013531176
050400060303,2017,0.013251367
050400060303,2018,0.011102476
050400060303,2019,0.012650098
050400060303,2020,0.012244523
050400060304,2010,0.200089764
050400060304,2011,0.189798115
050400060304,2012,0.239674241
050400060304,2013,0.220782485
050400060304,2014,0.219684233
050400060304,2015,0.210144129
050400060304,2016,0.222716549
050400060304,2017,0.214447437
050400060304,2018,0.194534262
050400060304,2019,0.21753848
050400060304,2020,0.214322135
050400060401,2010,0.056234602
050400060401,2011,0.047682459
050400060401,2012,0.058480137
050400060401,2013,0.055834524
050400060401,2014,0.057251973
050400060401,2015,0.061753863
050400060401,2016,0.066740488
050400060401,2017,0.068459821
050400060401,2018,0.053949942
050400060401,2019,0.059747668
050400060401,2020,0.057776835
050400060402,2010,0.050879157
050400060402,2011,0.043226383
050400060402,2012,0.053031267
050400060402,2013,0.050612581
050400060402,2014,0.051864312
050400060402,2015,0.055764821
050400060402,2016,0.060257447
050400060402,2017,0.061789186
050400060402,2018,0.048837089
050400060402,2019,0.054103318
050400060402,2020,0.052296701
050400060403,2010,0.027365416
050400060403,2011,0.023198975
050400060403,2012,0.028451471
050400060403,2013,0.027165428
050400060403,2014,0.027856907
050400060403,2015,0.030057248
050400060403,2016,0.032484948
050400060403,2017,0.033322951
050400060403,2018,0.026252244
050400060403,2019,0.029072442
050400060403,2020,0.02811468
050400060404,2010,0.007527188
050400060404,2011,0.006960425
050400060404,2012,0.008843669
050400060404,2013,0.007862396
050400060404,2014,0.007795859
050400060404,2015,0.008945225
050400060404,2016,0.009447545
050400060404,2017,0.009015889
050400060404,2018,0.006154263
050400060404,2019,0.007676388
050400060404,2020,0.006804599
050400060405,2010,0.04430691
050400060405,2011,0.041047067
050400060405,2012,0.05233987
050400060405,2013,0.048010308
050400060405,2014,0.048325475
050400060405,2015,0.046501346
050400060405,2016,0.049303189
050400060405,2017,0.046772878
050400060405,2018,0.039847307
050400060405,2019,0.045256285
050400060405,2020,0.04271071
050400060406,2010,0.032240395
050400060406,2011,0.028590853
050400060406,2012,0.035760926
050400060406,2013,0.032540333
050400060406,2014,0.032562075
050400060406,2015,0.035536337
050400060406,2016,0.037922191
050400060406,2017,0.037636554
050400060406,2018,0.027725066
050400060406,2019,0.032732673
050400060406,2020,0.030211462
050400060407,2010,0.019146156
050400060407,2011,0.018174412
050400060407,2012,0.022107877
050400060407,2013,0.020703933
050400060407,2014,0.020512793
050400060407,2015,0.021543298
050400060407,2016,0.022876288
050400060407,2017,0.022881
050400060407,2018,0.018732525
050400060407,2019,0.021571071
050400060407,2020,0.020974396
050400060408,2010,0.0001172
050400060408,2011,0.00010998
050400060408,2012,0.000136026
050400060408,2013,0.000125292
050400060408,2014,0.000125204
050400060408,2015,0.000121769
050400060408,2016,0.000129192
050400060408,2017,0.000125871
050400060408,2018,0.000112504
050400060408,2019,0.000125815
050400060408,2020,0.000124069
050400060409,2010,0.203058807
050400060409,2011,0.187511852
050400060409,2012,0.230184151
050400060409,2013,0.211875143
050400060409,2014,0.210384113
050400060409,2015,0.206413076
050400060409,2016,0.21970444
050400060409,2017,0.219686477
050400060409,2018,0.189290544
050400060409,2019,0.21401715
050400060409,2020,0.209190564
050400060501,2010,0.0
050400060501,2011,0.0
050400060501,2012,0.0
050400060501,2013,0.0
050400060501,2014,0.0
050400060501,2015,0.0
050400060501,2016,0.0
050400060501,2017,0.0
050400060501,2018,0.0
050400060501,2019,0.0
050400060501,2020,0.0
050400060502,2010,0.0
050400060502,2011,0.0
050400060502,2012,0.0
050400060502,2013,0.0
050400060502,2014,0.0
050400060502,2015,0.0
050400060502,2016,0.0
050400060502,2017,0.0
050400060502,2018,0.0
050400060502,2019,0.0
050400060502,2020,0.0
050400060503,2010,0.000624607
050400060503,2011,0.000602814
050400060503,2012,0.000748725
050400060503,2013,0.00067468
050400060503,2014,0.000685958
050400060503,2015,0.000821562
050400060503,2016,0.001024891
050400060503,2017,0.000871702
050400060503,2018,0.000874548
050400060503,2019,0.00054013
050400060503,2020,0.000573777
050400060504,2010,0.079895325
050400060504,2011,0.07492089
050400060504,2012,0.092813771
050400060504,2013,0.085381324
050400060504,2014,0.085371838
050400060504,2015,0.082501075
050400060504,2016,0.087522908
050400060504,2017,0.085068799
050400060504,2018,0.076598141
050400060504,2019,0.085463401
050400060504,2020,0.084370672
050400060601,2010,0.0
050400060601,2011,0.0
050400060601,2012,0.0
050400060601,2013,0.0
050400060601,2014,0.0
050400060601,2015,0.0
050400060601,2016,0.0
050400060601,2017,0.0
050400060601,2018,0.0
050400060601,2019,0.0
050400060601,2020,0.0
050400060602,2010,2.2544e-05
050400060602,2011,2.1709e-05
050400060602,2012,2.5387e-05
050400060602,2013,2.4044e-05
050400060602,2014,2.6759e-05
050400060602,2015,2.898e-05
050400060602,2016,2.7586e-05
050400060602,2017,2.4594e-05
050400060602,2018,2.349e-05
050400060602,2019,2.7463e-05
050400060602,2020,2.2431e-05
050400060603,2010,0.0
050400060603,2011,0.0
050400060603,2012,0.0
050400060603,2013,0.0
050400060603,2014,0.0
050400060603,2015,0.0
050400060603,2016,0.0
050400060603,2017,0.0
050400060603,2018,0.0
050400060603,2019,0.0
050400060603,2020,0.0
050400060604,2010,0.168688943
050400060604,2011,0.15771075
050400060604,2012,0.184383251
050400060604,2013,0.176399615
050400060604,2014,0.179772979
050400060604,2015,0.136541738
050400060604,2016,0.141537061
050400060604,2017,0.139614185
050400060604,2018,0.153760864
050400060604,2019,0.113417745
050400060604,2020,0.154158912
050600010101,2010,0.020654325
050600010101,2011,0.021129372
050600010101,2012,0.0256802
050600010101,2013,0.028875887
050600010101,2014,0.025824222
050600010101,2015,0.014632801
050600010101,2016,0.014780374
050600010101,2017,0.014645874
050600010101,2018,0.017480372
050600010101,2019,0.015996938
050600010101,2020,0.013649281
050600010102,2010,0.0
050600010102,2011,0.0
050600010102,2012,0.0
050600010102,2013,0.0
050600010102,2014,0.0
050600010102,2015,0.0
050600010102,2016,0.0
050600010102,2017,0.0
050600010102,2018,0.0
050600010102,2019,0.0
050600010102,2020,0.0
050600010103,2010,0.001035927
050600010103,2011,0.000953143
050600010103,2012,0.001173927
050600010103,2013,0.001029204
050600010103,2014,0.000976023
050600010103,2015,0.000925602
050600010103,2016,0.000976955
050600010103,2017,0.000966241
050600010103,2018,0.000816168
050600010103,2019,0.000822643
050600010103,2020,0.000882231
050600010104,2010,0.004791876
050600010104,2011,0.004416322
050600010104,2012,0.00543595
050600010104,2013,0.004887775
050600010104,2014,0.004627878
050600010104,2015,0.004211143
050600010104,2016,0.004445007
050600010104,2017,0.004399606
050600010104,2018,0.003809028
050600010104,2019,0.00381821
050600010104,2020,0.004030789
050600010201,2010,0.004765869
050600010201,2011,0.004621936
050600010201,2012,0.005811852
050600010201,2013,0.005289278
050600010201,2014,0.004499266
050600010201,2015,0.005802996
050600010201,2016,0.006030976
050600010201,2017,0.005961343
050600010201,2018,0.003712553
050600010201,2019,0.004192887
050600010201,2020,0.004054239
050600010202,2010,0.0
050600010202,2011,0.0
050600010202,2012,0.0
050600010202,2013,0.0
050600010202,2014,0.0
050600010202,2015,0.0
050600010202,2016,0.0
050600010202,2017,0.0
050600010202,2018,0.0
050600010202,2019,0.0
050600010202,2020,0.0
050600010203,2010,0.00158653
050600010203,2011,0.001488715
050600010203,2012,0.002082346
050600010203,2013,0.001851554
050600010203,2014,0.001784023
050600010203,2015,0.002025128
050600010203,2016,0.002109061
050600010203,2017,0.002144045
050600010203,2018,0.001394423
050600010203,2019,0.001458284
050600010203,2020,0.001408893
050600010301,2010,0.002692323
050600010301,2011,0.002445741
050600010301,2012,0.003121874
050600010301,2013,0.002746819
050600010301,2014,0.002720172
050600010301,2015,0.002207546
050600010301,2016,0.002343272
050600010301,2017,0.002373206
050600010301,2018,0.002429471
050600010301,2019,0.002686969
050600010301,2020,0.002570958
050600010302,2010,0.031975746
050600010302,2011,0.028072001
050600010302,2012,0.03622561
050600010302,2013,0.032196909
050600010302,2014,0.031230212
050600010302,2015,0.034673046
050600010302,2016,0.036432264
050600010302,2017,0.036034204
050600010302,2018,0.033412678
050600010302,2019,0.036767882
050600010302,2020,0.036130686
050600010303,2010,0.27777992
050600010303,2011,0.253108412
050600010303,2012,0.320646252
050600010303,2013,0.282107257
050600010303,2014,0.278136942
050600010303,2015,0.218019113
050600010303,2016,0.230998016
050600010303,2017,0.233981192
050600010303,2018,0.246569582
050600010303,2019,0.271841902
050600010303,2020,0.261475287
050600010304,2010,0.087482901
050600010304,2011,0.079712955
050600010304,2012,0.100983053
050600010304,2013,0.088845736
050600010304,2014,0.087595341
050600010304,2015,0.068662071
050600010304,2016,0.072749595
050600010304,2017,0.073689105
050600010304,2018,0.077653642
050600010304,2019,0.085612806
050600010304,2020,0.082347985
050600010401,2010,0.082528847
050600010401,2011,0.075933762
050600010401,2012,0.093522855
050600010401,2013,0.081993286
050600010401,2014,0.077756503
050600010401,2015,0.073739642
050600010401,2016,0.077830727
050600010401,2017,0.076977227
050600010401,2018,0.065021373
050600010401,2019,0.065537246
050600010401,2020,0.070284426
050600010402,2010,0.001318176
050600010402,2011,0.001217635
050600010402,2012,0.001499469
050600010402,2013,0.001341857
050600010402,2014,0.001369163
050600010402,2015,0.001751013
050600010402,2016,0.001859013
050600010402,2017,0.001798973
050600010402,2018,0.001103477
050600010402,2019,0.001155045
050600010402,2020,0.001085098
050600010403,2010,0.0
050600010403,2011,0.0
050600010403,2012,0.0
050600010403,2013,0.0
050600010403,2014,0.0
050600010403,2015,0.0
050600010403,2016,0.0
050600010403,2017,0.0
050600010403,2018,0.0
050600010403,2019,0.0
050600010403,2020,0.0
050600010404,2010,0.004419768
050600010404,2011,0.004082659
050600010404,2012,0.005027632
050600010404,2013,0.004499168
050600010404,2014,0.004590724
050600010404,2015,0.005871043
050600010404,2016,0.00623316
050600010404,2017,0.00603185
050600010404,2018,0.003699895
050600010404,2019,0.003872797
050600010404,2020,0.00363827
050600010405,2010,0.00783204
050600010405,2011,0.007021537
050600010405,2012,0.00891519
050600010405,2013,0.008820664
050600010405,2014,0.006790646
050600010405,2015,0.00891111
050600010405,2016,0.009186278
050600010405,2017,0.00932752
050600010405,2018,0.006207011
050600010405,2019,0.005836687
050600010405,2020,0.005456681
050600010406,2010,0.0
050600010406,2011,0.0
050600010406,2012,0.0
050600010406,2013,0.0
050600010406,2014,0.0
050600010406,2015,0.0
050600010406,2016,0.0
050600010406,2017,0.0
050600010406,2018,0.0
050600010406,2019,0.0
050600010406,2020,0.0
050600010501,2010,0.0
050600010501,2011,0.0
050600010501,2012,0.0
050600010501,2013,0.0
050600010501,2014,0.0
050600010501,2015,0.0
050600010501,2016,0.0
050600010501,2017,0.0
050600010501,2018,0.0
050600010501,2019,0.0
050600010501,2020,0.0
050600010502,2010,0.0
050600010502,2011,0.0
050600010502,2012,0.0
050600010502,2013,0.0
050600010502,2014,0.0
050600010502,2015,0.0
050600010502,2016,0.0
050600010502,2017,0.0
050600010502,2018,0.0
050600010502,2019,0.0
050600010502,2020,0.0
050600010503,2010,0.004011862
050600010503,2011,0.00354764
050600010503,2012,0.004834625
050600010503,2013,0.004255974
050600010503,2014,0.004369831
050600010503,2015,0.00451502
050600010503,2016,0.004846125
050600010503,2017,0.004903973
050600010503,2018,0.004134663
050600010503,2019,0.00468124
050600010503,2020,0.004306792
050600010504,2010,0.006189039
050600010504,2011,0.005807461
050600010504,2012,0.00812321
050600010504,2013,0.007222893
050600010504,2014,0.006959457
050600010504,2015,0.007900005
050600010504,2016,0.008227425
050600010504,2017,0.0083639
050600010504,2018,0.005439632
050600010504,2019,0.005688753
050600010504,2020,0.005496078
050600010505,2010,0.016040415
050600010505,2011,0.014745637
050600010505,2012,0.020445514
050600010505,2013,0.018119106
050600010505,2014,0.017837703
050600010505,2015,0.019620364
050600010505,2016,0.020636569
050600010505,2017,0.020947101
050600010505,2018,0.014956326
050600010505,2019,0.016145017
050600010505,2020,0.015293748
050600010601,2010,0.0
050600010601,2011,0.0
050600010601,2012,0.0
050600010601,2013,0.0
050600010601,2014,0.0
050600010601,2015,0.0
050600010601,2016,0.0
050600010601,2017,0.0
050600010601,2018,0.0
050600010601,2019,0.0
050600010601,2020,0.0
050600010602,2010,0.219429411
050600010602,2011,0.197570237
050600010602,2012,0.254860446
050600010602,2013,0.222306689
050600010602,2014,0.223281627
050600010602,2015,0.221833153
050600010602,2016,0.232866375
050600010602,2017,0.234271539
050600010602,2018,0.222451239
050600010602,2019,0.229801616
050600010602,2020,0.231884639
050600010603,2010,0.007709431
050600010603,2011,0.006817355
050600010603,2012,0.009290501
050600010603,2013,0.008178531
050600010603,2014,0.008397326
050600010603,2015,0.008676329
050600010603,2016,0.0093126
050600010603,2017,0.009423763
050600010603,2018,0.007945413
050600010603,2019,0.008995747
050600010603,2020,0.008276185
050600010604,2010,0.031008265
050600010604,2011,0.027781216
050600010604,2012,0.036389271
050600010604,2013,0.031824351
050600010604,2014,0.032167464
050600010604,2015,0.032329851
050600010604,2016,0.034165644
050600010604,2017,0.034432971
050600010604,2018,0.031579734
050600010604,2019,0.033499801
050600010604,2020,0.032912062
050600010701,2010,0.006404758
050600010701,2011,0.006085062
050600010701,2012,0.007903778
050600010701,2013,0.006897741
050600010701,2014,0.006456372
050600010701,2015,0.009311342
050600010701,2016,0.009174979
050600010701,2017,0.009954334
050600010701,2018,0.005883641
050600010701,2019,0.00601767
050600010701,2020,0.005745764
050600010702,2010,0.0
050600010702,2011,0.0
050600010702,2012,0.0
050600010702,2013,0.0
050600010702,2014,0.0
050600010702,2015,0.0
050600010702,2016,0.0
050600010702,2017,0.0
050600010702,2018,0.0
050600010702,2019,0.0
050600010702,2020,0.0
050600010703,2010,0.006932941
050600010703,2011,0.006130715
050600010703,2012,0.008354767
050600010703,2013,0.007354794
050600010703,2014,0.007551552
050600010703,2015,0.007802454
050600010703,2016,0.00837464
050600010703,2017,0.008474607
050600010703,2018,0.007145155
050600010703,2019,0.0080897
050600010703,2020,0.007442612
050600010704,2010,0.024974663
050600010704,2011,0.022102313
050600010704,2012,0.03010382
050600010704,2013,0.026512445
050600010704,2014,0.027193644
050600010704,2015,0.028070135
050600010704,2016,0.030134142
050600010704,2017,0.03051351
050600010704,2018,0.025744784
050600010704,2019,0.029135968
050600010704,2020,0.026822558
050600010801,2010,0.121027967
050600010801,2011,0.104170264
050600010801,2012,0.13356447
050600010801,2013,0.117354696
050600010801,2014,0.117505322
050600010801,2015,0.125082871
050600010801,2016,0.133919979
050600010801,2017,0.132701945
050600010801,2018,0.106785538
050600010801,2019,0.107207712
050600010801,2020,0.106019497
050600010802,2010,0.002218541
050600010802,2011,0.001961829
050600010802,2012,0.002673525
050600010802,2013,0.002353534
050600010802,2014,0.002416497
050600010802,2015,0.002496785
050600010802,2016,0.002679885
050600010802,2017,0.002711874
050600010802,2018,0.00228645
050600010802,2019,0.002588704
050600010802,2020,0.002381636
050600010803,2010,0.025975419
050600010803,2011,0.022969745
050600010803,2012,0.031302526
050600010803,2013,0.027555961
050600010803,2014,0.028293149
050600010803,2015,0.029233194
050600010803,2016,0.031376986
050600010803,2017,0.031751528
050600010803,2018,0.026770515
050600010803,2019,0.030309411
050600010803,2020,0.027884987
050600010804,2010,0.009465776
050600010804,2011,0.008370469
050600010804,2012,0.011407041
050600010804,2013,0.010041745
050600010804,2014,0.010310386
050600010804,2015,0.01065295
050600010804,2016,0.011434176
050600010804,2017,0.011570664
050600010804,2018,0.009755519
050600010804,2019,0.011045138
050600010804,2020,0.010161646
050600010901,2010,0.020207212
050600010901,2011,0.01786899
050600010901,2012,0.02435136
050600010901,2013,0.021436773
050600010901,2014,0.022010257
050600010901,2015,0.022741552
050600010901,2016,0.024409285
050600010901,2017,0.024700655
050600010901,2018,0.020825746
050600010901,2019,0.02357878
050600010901,2020,0.021692733
050600010902,2010,0.101581414
050600010902,2011,0.095141142
050600010902,2012,0.127561732
050600010902,2013,0.107571872
050600010902,2014,0.107197369
050600010902,2015,0.110695551
050600010902,2016,0.116196915
050600010902,2017,0.11474767
050600010902,2018,0.093543638
050600010902,2019,0.099691329
050600010902,2020,0.096998564
050600010903,2010,0.015955009
050600010903,2011,0.014108819
050600010903,2012,0.019227103
050600010903,2013,0.016925832
050600010903,2014,0.017378639
050600010903,2015,0.017956047
050600010903,2016,0.019272839
050600010903,2017,0.019502896
050600010903,2018,0.016443384
050600010903,2019,0.018617097
050600010903,2020,0.017127931
050600011001,2010,0.015751642
050600011001,2011,0.013928984
050600011001,2012,0.01898203
050600011001,2013,0.016710092
050600011001,2014,0.017157126
050600011001,2015,0.017727175
050600011001,2016,0.019027183
050600011001,2017,0.019254307
050600011001,2018,0.016233793
050600011001,2019,0.0183798
050600011001,2020,0.016909615
050600011002,2010,0.017641153
050600011002,2011,0.015787416
050600011002,2012,0.020905029
050600011002,2013,0.018398882
050600011002,2014,0.018601953
050600011002,2015,0.017478748
050600011002,2016,0.018684988
050600011002,2017,0.018913696
050600011002,2018,0.017184144
050600011002,2019,0.019271946
050600011002,2020,0.018016039
050600011003,2010,0.022074485
050600011003,2011,0.019520196
050600011003,2012,0.026601577
050600011003,2013,0.023417664
050600011003,2014,0.024044142
050600011003,2015,0.024843013
050600011003,2016,0.026664855
050600011003,2017,0.026983149
050600011003,2018,0.022750174
050600011003,2019,0.025757606
050600011003,2020,0.023697277
050600011004,2010,0.033726899
050600011004,2011,0.030710999
050600011004,2012,0.038970033
050600011004,2013,0.034286621
050600011004,2014,0.033836908
050600011004,2015,0.026729128
050600011004,2016,0.028332116
050600011004,2017,0.02869711
050600011004,2018,0.030045836
050600011004,2019,0.033148605
050600011004,2020,0.031847473
050600011005,2010,0.013847394
050600011005,2011,0.012245081
050600011005,2012,0.016687254
050600011005,2013,0.014689975
050600011005,2014,0.015082967
050600011005,2015,0.015584101
050600011005,2016,0.016726948
050600011005,2017,0.016926615
050600011005,2018,0.014271257
050600011005,2019,0.016157828
050600011005,2020,0.014865377
050600011006,2010,0.007820358
050600011006,2011,0.006915446
050600011006,2012,0.009424177
050600011006,2013,0.008296208
050600011006,2014,0.008518151
050600011006,2015,0.008801168
050600011006,2016,0.009446594
050600011006,2017,0.009559357
050600011006,2018,0.008059735
050600011006,2019,0.009125182
050600011006,2020,0.008395266
050600011007,2010,0.271543352
050600011007,2011,0.250968894
050600011007,2012,0.331743488
050600011007,2013,0.299289706
050600011007,2014,0.289922013
050600011007,2015,0.28282972
050600011007,2016,0.306979366
050600011007,2017,0.322812905
050600011007,2018,0.283357496
050600011007,2019,0.313316056
050600011007,2020,0.298869732
050600011101,2010,0.216702777
050600011101,2011,0.196649108
050600011101,2012,0.263233319
050600011101,2013,0.235084727
050600011101,2014,0.233330097
050600011101,2015,0.233339476
050600011101,2016,0.25202927
050600011101,2017,0.260671581
050600011101,2018,0.224957395
050600011101,2019,0.251223358
050600011101,2020,0.236042826
050600011102,2010,0.640198987
050600011102,2011,0.472826365
050600011102,2012,0.598524195
050600011102,2013,0.553229048
050600011102,2014,0.700213668
050600011102,2015,0.677117042
050600011102,2016,0.726215375
050600011102,2017,0.725884101
050600011102,2018,0.633419189
050600011102,2019,0.718918862
050600011102,2020,0.678986808
050600011103,2010,1.515973528
050600011103,2011,1.440047697
050600011103,2012,1.795795916
050600011103,2013,1.678906012
050600011103,2014,1.661163403
050600011103,2015,1.468147406
050600011103,2016,1.567791554
050600011103,2017,1.570704798
050600011103,2018,1.499933595
050600011103,2019,1.693818685
050600011103,2020,1.597945882
050600011201,2010,0.022160338
050600011201,2011,0.019706096
050600011201,2012,0.026670683
050600011201,2013,0.023586883
050600011201,2014,0.024148625
050600011201,2015,0.024676589
050600011201,2016,0.026477359
050600011201,2017,0.026775949
050600011201,2018,0.022769628
050600011201,2019,0.025774772
050600011201,2020,0.02375686
050600011202,2010,0.079475069
050600011202,2011,0.070395036
050600011202,2012,0.095737724
050600011202,2013,0.084393501
050600011202,2014,0.086578043
050600011202,2015,0.089164707
050600011202,2016,0.095694157
050600011202,2017,0.096817987
050600011202,2018,0.081834829
050600011202,2019,0.092647752
050600011202,2020,0.085283205
050600011203,2010,0.192198842
050600011203,2011,0.182571566
050600011203,2012,0.22767579
050600011203,2013,0.21285496
050600011203,2014,0.21060625
050600011203,2015,0.186138231
050600011203,2016,0.198771672
050600011203,2017,0.199141251
050600011203,2018,0.190166022
050600011203,2019,0.214747404
050600011203,2020,0.202591858
050600011204,2010,1.029751572
050600011204,2011,0.976279978
050600011204,2012,1.220418586
050600011204,2013,1.139078023
050600011204,2014,1.128185073
050600011204,2015,1.001803502
050600011204,2016,1.069974367
050600011204,2017,1.072314601
050600011204,2018,1.020047179
050600011204,2019,1.15198833
050600011204,2020,1.085994894
050600011205,2010,0.64618747
050600011205,2011,0.617670813
050600011205,2012,0.769917339
050600011205,2013,0.718505239
050600011205,2014,0.707281631
050600011205,2015,0.624692049
050600011205,2016,0.661653245
050600011205,2017,0.664235005
050600011205,2018,0.635168257
050600011205,2019,0.714651931
050600011205,2020,0.674434454
050600011301,2010,0.013736467
050600011301,2011,0.01214699
050600011301,2012,0.016553578
050600011301,2013,0.014572298
050600011301,2014,0.014962142
050600011301,2015,0.015459262
050600011301,2016,0.016592954
050600011301,2017,0.016791022
050600011301,2018,0.014156934
050600011301,2019,0.016028393
050600011301,2020,0.014746295
050600011302,2010,0.072564784
050600011302,2011,0.06416815
050600011302,2012,0.087446558
050600011302,2013,0.076980176
050600011302,2014,0.079039579
050600011302,2015,0.081665684
050600011302,2016,0.087654568
050600011302,2017,0.088700888
050600011302,2018,0.074785957
050600011302,2019,0.084672198
050600011302,2020,0.07789934
050600011303,2010,0.016823937
050600011303,2011,0.014877202
050600011303,2012,0.020274234
050600011303,2013,0.017847633
050600011303,2014,0.0183251
050600011303,2015,0.018933955
050600011303,2016,0.02032246
050600011303,2017,0.020565047
050600011303,2018,0.01733891
050600011303,2019,0.019631007
050600011303,2020,0.018060739
050600011304,2010,0.011573015
050600011304,2011,0.010391583
050600011304,2012,0.013897177
050600011304,2013,0.012389258
050600011304,2014,0.012621379
050600011304,2015,0.012647279
050600011304,2016,0.013562042
050600011304,2017,0.013698882
050600011304,2018,0.011828278
050600011304,2019,0.013384933
050600011304,2020,0.012377078
050600011305,2010,0.063868291
050600011305,2011,0.058077853
050600011305,2012,0.076466812
050600011305,2013,0.06889127
050600011305,2014,0.069726687
050600011305,2015,0.068051947
050600011305,2016,0.072913491
050600011305,2017,0.07352975
050600011305,2018,0.064819125
050600011305,2019,0.073317107
050600011305,2020,0.068089568
050600011306,2010,0.046701363
050600011306,2011,0.0439183
050600011306,2012,0.055460337
050600011306,2013,0.05140517
050600011306,2014,0.051129818
050600011306,2015,0.046290139
050600011306,2016,0.049473487
050600011306,2017,0.049647797
050600011306,2018,0.046485949
050600011306,2019,0.052515279
050600011306,2020,0.049358173
050600011307,2010,0.020392091
050600011307,2011,0.018032476
050600011307,2012,0.024574154
050600011307,2013,0.0216329
050600011307,2014,0.022211632
050600011307,2015,0.022949618
050600011307,2016,0.024632609
050600011307,2017,0.024926644
050600011307,2018,0.021016283
050600011307,2019,0.023794506
050600011307,2020,0.021891203
050600011308,2010,0.072539624
050600011308,2011,0.062905024
050600011308,2012,0.084944174
050600011308,2013,0.075492644
050600011308,2014,0.077355535
050600011308,2015,0.079812595
050600011308,2016,0.085858363
050600011308,2017,0.086634636
050600011308,2018,0.072599023
050600011308,2019,0.082595779
050600011308,2020,0.076000186
050600011401,2010,0.03244852
050600011401,2011,0.028694432
050600011401,2012,0.039105676
050600011401,2013,0.034422346
050600011401,2014,0.035341674
050600011401,2015,0.036518352
050600011401,2016,0.039194931
050600011401,2017,0.039662362
050600011401,2018,0.033438482
050600011401,2019,0.037855975
050600011401,2020,0.03483002
050600011402,2010,0.047328878
050600011402,2011,0.041852347
050600011402,2012,0.057035207
050600011402,2013,0.050208726
050600011402,2014,0.051551929
050600011402,2015,0.053264752
050600011402,2016,0.057170878
050600011402,2017,0.057853318
050600011402,2018,0.048777593
050600011402,2019,0.055225689
050600011402,2020,0.050808232
050600011403,2010,0.036563597
050600011403,2011,0.032334816
050600011403,2012,0.044061506
050600011403,2013,0.038789878
050600011403,2014,0.039826293
050600011403,2015,0.041144352
050600011403,2016,0.044161471
050600011403,2017,0.04468829
050600011403,2018,0.037681489
050600011403,2019,0.042662657
050600011403,2020,0.039250933
050600011404,2010,0.061548447
050600011404,2011,0.054432763
050600011404,2012,0.074169018
050600011404,2013,0.065297945
050600011404,2014,0.0670409
050600011404,2015,0.069252816
050600011404,2016,0.074330911
050600011404,2017,0.075217199
050600011404,2018,0.063428509
050600011404,2019,0.07181309
050600011404,2020,0.0660713
050600011501,2010,0.32481673
050600011501,2011,0.307741786
050600011501,2012,0.385024292
050600011501,2013,0.359153817
050600011501,2014,0.355845045
050600011501,2015,0.316499173
050600011501,2016,0.338055778
050600011501,2017,0.338833627
050600011501,2018,0.321886378
050600011501,2019,0.363531342
050600011501,2020,0.342619383
050600011502,2010,0.37972115
050600011502,2011,0.35842275
050600011502,2012,0.447566582
050600011502,2013,0.418313311
050600011502,2014,0.414275904
050600011502,2015,0.368240516
050600011502,2016,0.393515718
050600011502,2017,0.394156521
050600011502,2018,0.374095056
050600011502,2019,0.422904059
050600011502,2020,0.398613318
050600011503,2010,0.523774592
050600011503,2011,0.491780317
050600011503,2012,0.612619488
050600011503,2013,0.574035196
050600011503,2014,0.570178716
050600011503,2015,0.516452295
050600011503,2016,0.55235746
050600011503,2017,0.555011255
050600011503,2018,0.519708041
050600011503,2019,0.586232642
050600011503,2020,0.554737538
050600011504,2010,0.313355766
050600011504,2011,0.298602254
050600011504,2012,0.37218773
050600011504,2013,0.348287937
050600011504,2014,0.34485767
050600011504,2015,0.309909448
050600011504,2016,0.330016422
050600011504,2017,0.330077577
050600011504,2018,0.311160367
050600011504,2019,0.351983273
050600011504,2020,0.331659347
050600011505,2010,1.043522251
050600011505,2011,0.991258612
050600011505,2012,1.236138338
050600011505,2013,1.155677028
050600011505,2014,1.143463882
050600011505,2015,1.010601081
050600011505,2016,1.079191254
050600011505,2017,1.081196589
050600011505,2018,1.032481144
050600011505,2019,1.165942185
050600011505,2020,1.099948023
050600011601,2010,0.498093716
050600011601,2011,0.415078175
050600011601,2012,0.536013789
050600011601,2013,0.49575416
050600011601,2014,0.501327059
050600011601,2015,0.500333335
050600011601,2016,0.541411076
050600011601,2017,0.540658772
050600011601,2018,0.455088967
050600011601,2019,0.525070288
050600011601,2020,0.485713886
050600011602,2010,2.1471897
050600011602,2011,1.962780548
050600011602,2012,2.461933209
050600011602,2013,2.299686801
050600011602,2014,2.286128975
050600011602,2015,2.095130331
050600011602,2016,2.245111605
050600011602,2017,2.245214953
050600011602,2018,2.069331986
050600011602,2019,2.348085759
050600011602,2020,2.194634565
050600011603,2010,0.124631708
050600011603,2011,0.124903996
050600011603,2012,0.154236209
050600011603,2013,0.144808712
050600011603,2014,0.139144271
050600011603,2015,0.150235265
050600011603,2016,0.157456043
050600011603,2017,0.15946299
050600011603,2018,0.126706994
050600011603,2019,0.14284783
050600011603,2020,0.133373424
050600011701,2010,0.026955898
050600011701,2011,0.028040407
050600011701,2012,0.02114564
050600011701,2013,0.020633164
050600011701,2014,0.019852343
050600011701,2015,0.030312876
050600011701,2016,0.032306689
050600011701,2017,0.031775967
050600011701,2018,0.017271948
050600011701,2019,0.019565884
050600011701,2020,0.017562109
050600011702,2010,0.021502564
050600011702,2011,0.020581637
050600011702,2012,0.023233764
050600011702,2013,0.021967293
050600011702,2014,0.022062045
050600011702,2015,0.024316207
050600011702,2016,0.026447961
050600011702,2017,0.025498747
050600011702,2018,0.019248698
050600011702,2019,0.020933135
050600011702,2020,0.019115448
050600011703,2010,0.0
050600011703,2011,0.0
050600011703,2012,0.0
050600011703,2013,0.0
050600011703,2014,0.0
050600011703,2015,0.0
050600011703,2016,0.0
050600011703,2017,0.0
050600011703,2018,0.0
050600011703,2019,0.0
050600011703,2020,0.0
050600011704,2010,0.110640591
050600011704,2011,0.107325711
050600011704,2012,0.141741487
050600011704,2013,0.1352472
050600011704,2014,0.13751051
050600011704,2015,0.147955699
050600011704,2016,0.158965552
050600011704,2017,0.159239366
050600011704,2018,0.184096972
050600011704,2019,0.220633086
050600011704,2020,0.214015885
050600011705,2010,0.02217314
050600011705,2011,0.022963355
050600011705,2012,0.022181349
050600011705,2013,0.020850806
050600011705,2014,0.020264077
050600011705,2015,0.021657615
050600011705,2016,0.023171172
050600011705,2017,0.021784596
050600011705,2018,0.015584981
050600011705,2019,0.017575169
050600011705,2020,0.016651848
050600011801,2010,0.115052967
050600011801,2011,0.110690408
050600011801,2012,0.142687857
050600011801,2013,0.135032551
050600011801,2014,0.135751822
050600011801,2015,0.135313843
050600011801,2016,0.145045256
050600011801,2017,0.145261574
050600011801,2018,0.157522701
050600011801,2019,0.18541541
050600011801,2020,0.178302243
050600011802,2010,0.144689012
050600011802,2011,0.133453863
050600011802,2012,0.169961485
050600011802,2013,0.168022467
050600011802,2014,0.172432368
050600011802,2015,0.179918459
050600011802,2016,0.193501437
050600011802,2017,0.193958003
050600011802,2018,0.177710998
050600011802,2019,0.21066454
050600011802,2020,0.206973481
050600011803,2010,0.0
050600011803,2011,0.0
050600011803,2012,0.0
050600011803,2013,0.0
050600011803,2014,0.0
050600011803,2015,0.0
050600011803,2016,0.0
050600011803,2017,0.0
050600011803,2018,0.0
050600011803,2019,0.0
050600011803,2020,0.0
050600011804,2010,0.0
050600011804,2011,0.0
050600011804,2012,0.0
050600011804,2013,0.0
050600011804,2014,0.0
050600011804,2015,0.0
050600011804,2016,0.0
050600011804,2017,0.0
050600011804,2018,0.0
050600011804,2019,0.0
050600011804,2020,0.0
050600011805,2010,0.028113746
050600011805,2011,0.028669588
050600011805,2012,0.035026269
050600011805,2013,0.033752518
050600011805,2014,0.033834765
050600011805,2015,0.038835601
050600011805,2016,0.039849315
050600011805,2017,0.038918795
050600011805,2018,0.028310561
050600011805,2019,0.032599907
050600011805,2020,0.031820781
050600011806,2010,0.04843306
050600011806,2011,0.045347049
050600011806,2012,0.057547239
050600011806,2013,0.064206032
050600011806,2014,0.068846005
050600011806,2015,0.056612359
050600011806,2016,0.061812346
050600011806,2017,0.060693951
050600011806,2018,0.054148657
050600011806,2019,0.062155659
050600011806,2020,0.054313866
050600011901,2010,0.0
050600011901,2011,0.0
050600011901,2012,0.0
050600011901,2013,0.0
050600011901,2014,0.0
050600011901,2015,0.0
050600011901,2016,0.0
050600011901,2017,0.0
050600011901,2018,0.0
050600011901,2019,0.0
050600011901,2020,0.0
050600011902,2010,0.020099463
050600011902,2011,0.019746643
050600011902,2012,0.025877312
050600011902,2013,0.024931121
050600011902,2014,0.023763486
050600011902,2015,0.027827406
050600011902,2016,0.028272018
050600011902,2017,0.028730507
050600011902,2018,0.019528097
050600011902,2019,0.020667733
050600011902,2020,0.019814205
050600011903,2010,0.017486473
050600011903,2011,0.015744501
050600011903,2012,0.020309995
050600011903,2013,0.017715765
050600011903,2014,0.017793459
050600011903,2015,0.017678029
050600011903,2016,0.018557273
050600011903,2017,0.018669252
050600011903,2018,0.017727284
050600011903,2019,0.018313041
050600011903,2020,0.018479038
050600011904,2010,5.3264e-05
050600011904,2011,5.1838e-05
050600011904,2012,6.774e-05
050600011904,2013,5.6047e-05
050600011904,2014,5.6228e-05
050600011904,2015,6.5008e-05
050600011904,2016,6.7522e-05
050600011904,2017,7.1474e-05
050600011904,2018,4.9008e-05
050600011904,2019,5.6399e-05
050600011904,2020,5.1803e-05
050600011905,2010,0.04046728
050600011905,2011,0.039394962
050600011905,2012,0.051412141
050600011905,2013,0.042790552
050600011905,2014,0.04287514
050600011905,2015,0.049778655
050600011905,2016,0.051606888
050600011905,2017,0.054543521
050600011905,2018,0.037261187
050600011905,2019,0.04275125
050600011905,2020,0.039199743
050600012001,2010,0.0
050600012001,2011,0.0
050600012001,2012,0.0
050600012001,2013,0.0
050600012001,2014,0.0
050600012001,2015,0.0
050600012001,2016,0.0
050600012001,2017,0.0
050600012001,2018,0.0
050600012001,2019,0.0
050600012001,2020,0.0
050600012002,2010,7.4758e-05
050600012002,2011,7.3621e-05
050600012002,2012,9.1008e-05
050600012002,2013,9.4724e-05
050600012002,2014,9.0942e-05
050600012002,2015,0.000121195
050600012002,2016,0.000118423
050600012002,2017,0.000118898
050600012002,2018,7.0877e-05
050600012002,2019,7.163e-05
050600012002,2020,6.058e-05
050600012003,2010,0.018058461
050600012003,2011,0.017284411
050600012003,2012,0.022319273
050600012003,2013,0.022222672
050600012003,2014,0.019313208
050600012003,2015,0.020575269
050600012003,2016,0.020543486
050600012003,2017,0.021835271
050600012003,2018,0.016041628
050600012003,2019,0.01711154
050600012003,2020,0.016967281
050600012004,2010,0.0
050600012004,2011,0.0
050600012004,2012,0.0
050600012004,2013,0.0
050600012004,2014,0.0
050600012004,2015,0.0
050600012004,2016,0.0
050600012004,2017,0.0
050600012004,2018,0.0
050600012004,2019,0.0
050600012004,2020,0.0
050600012005,2010,0.0
050600012005,2011,0.0
050600012005,2012,0.0
050600012005,2013,0.0
050600012005,2014,0.0
050600012005,2015,0.0
050600012005,2016,0.0
050600012005,2017,0.0
050600012005,2018,0.0
050600012005,2019,0.0
050600012005,2020,0.0
050600012006,2010,0.043705379
050600012006,2011,0.042921811
050600012006,2012,0.055582573
050600012006,2013,0.04835337
050600012006,2014,0.044989209
050600012006,2015,0.045227306
050600012006,2016,0.044305032
050600012006,2017,0.044224661
050600012006,2018,0.042066632
050600012006,2019,0.044429307
050600012006,2020,0.042730185
050600012101,2010,9.4857e-05
050600012101,2011,9.0106e-05
050600012101,2012,0.000112366
050600012101,2013,0.000105052
050600012101,2014,0.000103942
050600012101,2015,9.1864e-05
050600012101,2016,9.8099e-05
050600012101,2017,9.8282e-05
050600012101,2018,9.3853e-05
050600012101,2019,0.000105985
050600012101,2020,9.9986e-05
050600012102,2010,0.045001353
050600012102,2011,0.043934736
050600012102,2012,0.056579532
050600012102,2013,0.052070226
050600012102,2014,0.048327684
050600012102,2015,0.062229833
050600012102,2016,0.06311721
050600012102,2017,0.065317507
050600012102,2018,0.0435559
050600012102,2019,0.047007344
050600012102,2020,0.044005432
050600012201,2010,0.22013275
050600012201,2011,0.209274548
050600012201,2012,0.261225567
050600012201,2013,0.24411434
050600012201,2014,0.241082846
050600012201,2015,0.21587039
050600012201,2016,0.230052793
050600012201,2017,0.230781446
050600012201,2018,0.217667437
050600012201,2019,0.245498959
050600012201,2020,0.231551491
050600012202,2010,0.021943671
050600012202,2011,0.02174487
050600012202,2012,0.027036586
050600012202,2013,0.024973117
050600012202,2014,0.023859629
050600012202,2015,0.020991773
050600012202,2016,0.02114416
050600012202,2017,0.021499901
050600012202,2018,0.020732821
050600012202,2019,0.022799749
050600012202,2020,0.02156376
050600012203,2010,0.008386192
050600012203,2011,0.011498196
050600012203,2012,0.010984755
050600012203,2013,0.010348489
050600012203,2014,0.010137142
050600012203,2015,0.010440663
050600012203,2016,0.012008119
050600012203,2017,0.011476794
050600012203,2018,0.007952263
050600012203,2019,0.009479138
050600012203,2020,0.009166393
050600012204,2010,0.002009402
050600012204,2011,0.003942767
050600012204,2012,0.00233592
050600012204,2013,0.002173538
050600012204,2014,0.002139111
050600012204,2015,0.004186292
050600012204,2016,0.004246385
050600012204,2017,0.004152092
050600012204,2018,0.001799795
050600012204,2019,0.001876438
050600012204,2020,0.001764056
050600012301,2010,0.906254301
050600012301,2011,0.863944597
050600012301,2012,1.077098741
050600012301,2013,1.005950939
050600012301,2014,0.992414306
050600012301,2015,0.876775713
050600012301,2016,0.931931304
050600012301,2017,0.934745357
050600012301,2018,0.893318231
050600012301,2019,1.006693933
050600012301,2020,0.94989992
050600012302,2010,1.065296311
050600012302,2011,1.011969782
050600012302,2012,1.261961432
050600012302,2013,1.179820081
050600012302,2014,1.167326931
050600012302,2015,1.031799025
050600012302,2016,1.101820977
050600012302,2017,1.10388367
050600012302,2018,1.0540527
050600012302,2019,1.190298077
050600012302,2020,1.122923231
050600012303,2010,0.398062496
050600012303,2011,0.378227328
050600012303,2012,0.471647629
050600012303,2013,0.440950634
050600012303,2014,0.43619953
050600012303,2015,0.385910693
050600012303,2016,0.412077265
050600012303,2017,0.412899105
050600012303,2018,0.393952973
050600012303,2019,0.444861425
050600012303,2020,0.419673864
050600012304,2010,0.035215288
050600012304,2011,0.035094018
050600012304,2012,0.054359733
050600012304,2013,0.037380048
050600012304,2014,0.044904096
050600012304,2015,0.037209756
050600012304,2016,0.039909239
050600012304,2017,0.038740895
050600012304,2018,0.027700984
050600012304,2019,0.030889102
050600012304,2020,0.029163604
050600012305,2010,0.0
050600012305,2011,0.0
050600012305,2012,0.0
050600012305,2013,0.0
050600012305,2014,0.0
050600012305,2015,0.0
050600012305,2016,0.0
050600012305,2017,0.0
050600012305,2018,0.0
050600012305,2019,0.0
050600012305,2020,0.0
050600012306,2010,0.031110356
050600012306,2011,0.030149327
050600012306,2012,0.038859155
050600012306,2013,0.03576811
050600012306,2014,0.033500548
050600012306,2015,0.032879087
050600012306,2016,0.035101918
050600012306,2017,0.036408653
050600012306,2018,0.028480689
050600012306,2019,0.028006125
050600012306,2020,0.026195461
050600020101,2010,0.0
050600020101,2011,0.0
050600020101,2012,0.0
050600020101,2013,0.0
050600020101,2014,0.0
050600020101,2015,0.0
050600020101,2016,0.0
050600020101,2017,0.0
050600020101,2018,0.0
050600020101,2019,0.0
050600020101,2020,0.0
050600020102,2010,0.032941456
050600020102,2011,0.03384946
050600020102,2012,0.042111971
050600020102,2013,0.038459973
050600020102,2014,0.03328615
050600020102,2015,0.036610411
050600020102,2016,0.038848893
050600020102,2017,0.038561463
050600020102,2018,0.032351984
050600020102,2019,0.035852067
050600020102,2020,0.034873356
050600020103,2010,0.0
050600020103,2011,0.0
050600020103,2012,0.0
050600020103,2013,0.0
050600020103,2014,0.0
050600020103,2015,0.0
050600020103,2016,0.0
050600020103,2017,0.0
050600020103,2018,0.0
050600020103,2019,0.0
050600020103,2020,0.0
050600020104,2010,0.0
050600020104,2011,0.0
050600020104,2012,0.0
050600020104,2013,0.0
050600020104,2014,0.0
050600020104,2015,0.0
050600020104,2016,0.0
050600020104,2017,0.0
050600020104,2018,0.0
050600020104,2019,0.0
050600020104,2020,0.0
050600020105,2010,0.059959537
050600020105,2011,0.061612273
050600020105,2012,0.076651569
050600020105,2013,0.070004257
050600020105,2014,0.060586943
050600020105,2015,0.066637713
050600020105,2016,0.070712164
050600020105,2017,0.070188989
050600020105,2018,0.058886589
050600020105,2019,0.065257387
050600020105,2020,0.063475952
050600020106,2010,0.002411492
050600020106,2011,0.002477963
050600020106,2012,0.003082824
050600020106,2013,0.002815478
050600020106,2014,0.002436726
050600020106,2015,0.00268008
050600020106,2016,0.002843949
050600020106,2017,0.002822907
050600020106,2018,0.00236834
050600020106,2019,0.002624565
050600020106,2020,0.002552918
050600020201,2010,0.0
050600020201,2011,0.0
050600020201,2012,0.0
050600020201,2013,0.0
050600020201,2014,0.0
050600020201,2015,0.0
050600020201,2016,0.0
050600020201,2017,0.0
050600020201,2018,0.0
050600020201,2019,0.0
050600020201,2020,0.0
050600020202,2010,0.0
050600020202,2011,0.0
050600020202,2012,0.0
050600020202,2013,0.0
050600020202,2014,0.0
050600020202,2015,0.0
050600020202,2016,0.0
050600020202,2017,0.0
050600020202,2018,0.0
050600020202,2019,0.0
050600020202,2020,0.0
050600020203,2010,0.0
050600020203,2011,0.0
050600020203,2012,0.0
050600020203,2013,0.0
050600020203,2014,0.0
050600020203,2015,0.0
050600020203,2016,0.0
050600020203,2017,0.0
050600020203,2018,0.0
050600020203,2019,0.0
050600020203,2020,0.0
050600020204,2010,0.022205673
050600020204,2011,0.021995212
050600020204,2012,0.027929791
050600020204,2013,0.021522704
050600020204,2014,0.020580759
050600020204,2015,0.019799181
050600020204,2016,0.020796623
050600020204,2017,0.021310628
050600020204,2018,0.020602236
050600020204,2019,0.024514408
050600020204,2020,0.023584151
050600020205,2010,0.0
050600020205,2011,0.0
050600020205,2012,0.0
050600020205,2013,0.0
050600020205,2014,0.0
050600020205,2015,0.0
050600020205,2016,0.0
050600020205,2017,0.0
050600020205,2018,0.0
050600020205,2019,0.0
050600020205,2020,0.0
050600020206,2010,0.0
050600020206,2011,0.0
050600020206,2012,0.0
050600020206,2013,0.0
050600020206,2014,0.0
050600020206,2015,0.0
050600020206,2016,0.0
050600020206,2017,0.0
050600020206,2018,0.0
050600020206,2019,0.0
050600020206,2020,0.0
050600020207,2010,0.0
050600020207,2011,0.0
050600020207,2012,0.0
050600020207,2013,0.0
050600020207,2014,0.0
050600020207,2015,0.0
050600020207,2016,0.0
050600020207,2017,0.0
050600020207,2018,0.0
050600020207,2019,0.0
050600020207,2020,0.0
050600020301,2010,0.0
050600020301,2011,0.0
050600020301,2012,0.0
050600020301,2013,0.0
050600020301,2014,0.0
050600020301,2015,0.0
050600020301,2016,0.0
050600020301,2017,0.0
050600020301,2018,0.0
050600020301,2019,0.0
050600020301,2020,0.0
050600020302,2010,0.006442371
050600020302,2011,0.006337035
050600020302,2012,0.0083105
050600020302,2013,0.007342383
050600020302,2014,0.007439054
050600020302,2015,0.007103061
050600020302,2016,0.007339791
050600020302,2017,0.006142996
050600020302,2018,0.005252062
050600020302,2019,0.006947605
050600020302,2020,0.006496374
050600020303,2010,0.0
050600020303,2011,0.0
050600020303,2012,0.0
050600020303,2013,0.0
050600020303,2014,0.0
050600020303,2015,0.0
050600020303,2016,0.0
050600020303,2017,0.0
050600020303,2018,0.0
050600020303,2019,0.0
050600020303,2020,0.0
050600020304,2010,0.007107132
050600020304,2011,0.006155935
050600020304,2012,0.006923343
050600020304,2013,0.006019977
050600020304,2014,0.006206743
050600020304,2015,0.008499773
050600020304,2016,0.00921218
050600020304,2017,0.009116411
050600020304,2018,0.006324198
050600020304,2019,0.006717918
050600020304,2020,0.006243531
050600020401,2010,0.065317141
050600020401,2011,0.063299432
050600020401,2012,0.081585981
050600020401,2013,0.075096239
050600020401,2014,0.070335423
050600020401,2015,0.069030646
050600020401,2016,0.073697548
050600020401,2017,0.076441078
050600020401,2018,0.059796075
050600020401,2019,0.058799713
050600020401,2020,0.05499817
050600020402,2010,0.001159103
050600020402,2011,0.001003972
050600020402,2012,0.001129129
050600020402,2013,0.000981799
050600020402,2014,0.001012259
050600020402,2015,0.001386229
050600020402,2016,0.001502416
050600020402,2017,0.001486797
050600020402,2018,0.001031414
050600020402,2019,0.001095626
050600020402,2020,0.001018258
050600020403,2010,0.083253064
050600020403,2011,0.080681298
050600020403,2012,0.103989288
050600020403,2013,0.095717478
050600020403,2014,0.089649354
050600020403,2015,0.087986288
050600020403,2016,0.09393471
050600020403,2017,0.097431606
050600020403,2018,0.076215928
050600020403,2019,0.074945967
050600020403,2020,0.07010053
050600020404,2010,0.0
050600020404,2011,0.0
050600020404,2012,0.0
050600020404,2013,0.0
050600020404,2014,0.0
050600020404,2015,0.0
050600020404,2016,0.0
050600020404,2017,0.0
050600020404,2018,0.0
050600020404,2019,0.0
050600020404,2020,0.0
050600020405,2010,0.004761491
050600020405,2011,0.004614404
050600020405,2012,0.005947457
050600020405,2013,0.005474368
050600020405,2014,0.005127314
050600020405,2015,0.005032198
050600020405,2016,0.005372406
050600020405,2017,0.005572404
050600020405,2018,0.004359016
050600020405,2019,0.004286383
050600020405,2020,0.004009258
050600020406,2010,0.01794039
050600020406,2011,0.01575766
050600020406,2012,0.01814156
050600020406,2013,0.016488419
050600020406,2014,0.016725598
050600020406,2015,0.012777573
050600020406,2016,0.014333429
050600020406,2017,0.014861431
050600020406,2018,0.013111616
050600020406,2019,0.013521544
050600020406,2020,0.013852737
050600020501,2010,0.0
050600020501,2011,0.0
050600020501,2012,0.0
050600020501,2013,0.0
050600020501,2014,0.0
050600020501,2015,0.0
050600020501,2016,0.0
050600020501,2017,0.0
050600020501,2018,0.0
050600020501,2019,0.0
050600020501,2020,0.0
050600020502,2010,0.0
050600020502,2011,0.0
050600020502,2012,0.0
050600020502,2013,0.0
050600020502,2014,0.0
050600020502,2015,0.0
050600020502,2016,0.0
050600020502,2017,0.0
050600020502,2018,0.0
050600020502,2019,0.0
050600020502,2020,0.0
050600020503,2010,0.172281549
050600020503,2011,0.160639726
050600020503,2012,0.18238191
050600020503,2013,0.170025227
050600020503,2014,0.190666367
050600020503,2015,0.161073627
050600020503,2016,0.168296345
050600020503,2017,0.168685668
050600020503,2018,0.170976387
050600020503,2019,0.166497271
050600020503,2020,0.174935674
050600020601,2010,0.0
050600020601,2011,0.0
050600020601,2012,0.0
050600020601,2013,0.0
050600020601,2014,0.0
050600020601,2015,0.0
050600020601,2016,0.0
050600020601,2017,0.0
050600020601,2018,0.0
050600020601,2019,0.0
050600020601,2020,0.0
050600020602,2010,0.0
050600020602,2011,0.0
050600020602,2012,0.0
050600020602,2013,0.0
050600020602,2014,0.0
050600020602,2015,0.0
050600020602,2016,0.0
050600020602,2017,0.0
050600020602,2018,0.0
050600020602,2019,0.0
050600020602,2020,0.0
050600020603,2010,0.002782788
050600020603,2011,0.002112075
050600020603,2012,0.003511475
050600020603,2013,0.002291008
050600020603,2014,0.002024615
050600020603,2015,0.002889297
050600020603,2016,0.003095193
050600020603,2017,0.002939235
050600020603,2018,0.001679006
050600020603,2019,0.001622931
050600020603,2020,0.001771403
050600020604,2010,0.0
050600020604,2011,0.0
050600020604,2012,0.0
050600020604,2013,0.0
050600020604,2014,0.0
050600020604,2015,0.0
050600020604,2016,0.0
050600020604,2017,0.0
050600020604,2018,0.0
050600020604,2019,0.0
050600020604,2020,0.0
050600020605,2010,0.005178406
050600020605,2011,0.003930296
050600020605,2012,0.006534397
050600020605,2013,0.004263268
050600020605,2014,0.003767545
050600020605,2015,0.005376605
050600020605,2016,0.005759751
050600020605,2017,0.005469533
050600020605,2018,0.003124412
050600020605,2019,0.003020063
050600020605,2020,0.003296351
050600020701,2010,0.006907556
050600020701,2011,0.007954997
050600020701,2012,0.008736742
050600020701,2013,0.008802854
050600020701,2014,0.008499376
050600020701,2015,0.008039422
050600020701,2016,0.008614367
050600020701,2017,0.008300973
050600020701,2018,0.008139934
050600020701,2019,0.009503846
050600020701,2020,0.008074635
050600020702,2010,0.0
050600020702,2011,0.0
050600020702,2012,0.0
050600020702,2013,0.0
050600020702,2014,0.0
050600020702,2015,0.0
050600020702,2016,0.0
050600020702,2017,0.0
050600020702,2018,0.0
050600020702,2019,0.0
050600020702,2020,0.0
050600020801,2010,0.04569792
050600020801,2011,0.039432695
050600020801,2012,0.046732447
050600020801,2013,0.043830521
050600020801,2014,0.042196966
050600020801,2015,0.040227636
050600020801,2016,0.042873169
050600020801,2017,0.042821389
050600020801,2018,0.038301759
050600020801,2019,0.040759645
050600020801,2020,0.038232302
050600020802,2010,0.000496082
050600020802,2011,0.000428069
050600020802,2012,0.000507313
050600020802,2013,0.00047581
050600020802,2014,0.000458077
050600020802,2015,0.000436698
050600020802,2016,0.000465418
050600020802,2017,0.000464855
050600020802,2018,0.000415792
050600020802,2019,0.000442474
050600020802,2020,0.000415038
050600020803,2010,0.048295056
050600020803,2011,0.041673761
050600020803,2012,0.049388378
050600020803,2013,0.046321528
050600020803,2014,0.044595133
050600020803,2015,0.042513881
050600020803,2016,0.045309767
050600020803,2017,0.045255043
050600020803,2018,0.040478551
050600020803,2019,0.043076126
050600020803,2020,0.040405147
050600020804,2010,0.0
050600020804,2011,0.0
050600020804,2012,0.0
050600020804,2013,0.0
050600020804,2014,0.0
050600020804,2015,0.0
050600020804,2016,0.0
050600020804,2017,0.0
050600020804,2018,0.0
050600020804,2019,0.0
050600020804,2020,0.0
050600020805,2010,0.0
050600020805,2011,0.0
050600020805,2012,0.0
050600020805,2013,0.0
050600020805,2014,0.0
050600020805,2015,0.0
050600020805,2016,0.0
050600020805,2017,0.0
050600020805,2018,0.0
050600020805,2019,0.0
050600020805,2020,0.0
050600020901,2010,0.0
050600020901,2011,0.0
050600020901,2012,0.0
050600020901,2013,0.0
050600020901,2014,0.0
050600020901,2015,0.0
050600020901,2016,0.0
050600020901,2017,0.0
050600020901,2018,0.0
050600020901,2019,0.0
050600020901,2020,0.0
050600020902,2010,0.0
050600020902,2011,0.0
050600020902,2012,0.0
050600020902,2013,0.0
050600020902,2014,0.0
050600020902,2015,0.0
050600020902,2016,0.0
050600020902,2017,0.0
050600020902,2018,0.0
050600020902,2019,0.0
050600020902,2020,0.0
050600020903,2010,0.0
050600020903,2011,0.0
050600020903,2012,0.0
050600020903,2013,0.0
050600020903,2014,0.0
050600020903,2015,0.0
050600020903,2016,0.0
050600020903,2017,0.0
050600020903,2018,0.0
050600020903,2019,0.0
050600020903,2020,0.0
050600020904,2010,0.0
050600020904,2011,0.0
050600020904,2012,0.0
050600020904,2013,0.0
050600020904,2014,0.0
050600020904,2015,0.0
050600020904,2016,0.0
050600020904,2017,0.0
050600020904,2018,0.0
050600020904,2019,0.0
050600020904,2020,0.0
050600020905,2010,0.0
050600020905,2011,0.0
050600020905,2012,0.0
050600020905,2013,0.0
050600020905,2014,0.0
050600020905,2015,0.0
050600020905,2016,0.0
050600020905,2017,0.0
050600020905,2018,0.0
050600020905,2019,0.0
050600020905,2020,0.0
050600020906,2010,0.0
050600020906,2011,0.0
050600020906,2012,0.0
050600020906,2013,0.0
050600020906,2014,0.0
050600020906,2015,0.0
050600020906,2016,0.0
050600020906,2017,0.0
050600020906,2018,0.0
050600020906,2019,0.0
050600020906,2020,0.0
050600021001,2010,0.0
050600021001,2011,0.0
050600021001,2012,0.0
050600021001,2013,0.0
050600021001,2014,0.0
050600021001,2015,0.0
050600021001,2016,0.0
050600021001,2017,0.0
050600021001,2018,0.0
050600021001,2019,0.0
050600021001,2020,0.0
050600021002,2010,0.0
050600021002,2011,0.0
050600021002,2012,0.0
050600021002,2013,0.0
050600021002,2014,0.0
050600021002,2015,0.0
050600021002,2016,0.0
050600021002,2017,0.0
050600021002,2018,0.0
050600021002,2019,0.0
050600021002,2020,0.0
050600021003,2010,0.0
050600021003,2011,0.0
050600021003,2012,0.0
050600021003,2013,0.0
050600021003,2014,0.0
050600021003,2015,0.0
050600021003,2016,0.0
050600021003,2017,0.0
050600021003,2018,0.0
050600021003,2019,0.0
050600021003,2020,0.0
050600021004,2010,0.0
050600021004,2011,0.0
050600021004,2012,0.0
050600021004,2013,0.0
050600021004,2014,0.0
050600021004,2015,0.0
050600021004,2016,0.0
050600021004,2017,0.0
050600021004,2018,0.0
050600021004,2019,0.0
050600021004,2020,0.0
050600021005,2010,0.0
050600021005,2011,0.0
050600021005,2012,0.0
050600021005,2013,0.0
050600021005,2014,0.0
050600021005,2015,0.0
050600021005,2016,0.0
050600021005,2017,0.0
050600021005,2018,0.0
050600021005,2019,0.0
050600021005,2020,0.0
050600021101,2010,0.0
050600021101,2011,0.0
050600021101,2012,0.0
050600021101,2013,0.0
050600021101,2014,0.0
050600021101,2015,0.0
050600021101,2016,0.0
050600021101,2017,0.0
050600021101,2018,0.0
050600021101,2019,0.0
050600021101,2020,0.0
050600021102,2010,0.000125838
050600021102,2011,0.00010094
050600021102,2012,0.000140094
050600021102,2013,0.00013104
050600021102,2014,0.00013163
050600021102,2015,0.000141334
050600021102,2016,0.000156257
050600021102,2017,0.000156566
050600021102,2018,0.000107182
050600021102,2019,0.00011756
050600021102,2020,9.5921e-05
050600021103,2010,0.018162578
050600021103,2011,0.014569048
050600021103,2012,0.020220202
050600021103,2013,0.018913375
050600021103,2014,0.018998652
050600021103,2015,0.020399214
050600021103,2016,0.022553058
050600021103,2017,0.02259766
050600021103,2018,0.015469951
050600021103,2019,0.016967894
050600021103,2020,0.0138446
050600021104,2010,0.000775999
050600021104,2011,0.000622465
050600021104,2012,0.000863912
050600021104,2013,0.000808077
050600021104,2014,0.000811721
050600021104,2015,0.00087156
050600021104,2016,0.000963583
050600021104,2017,0.000965489
050600021104,2018,0.000660956
050600021104,2019,0.000724956
050600021104,2020,0.000591513
050600021105,2010,0.029592838
050600021105,2011,0.023737791
050600021105,2012,0.032945387
050600021105,2013,0.030816135
050600021105,2014,0.030955079
050600021105,2015,0.033237057
050600021105,2016,0.036746379
050600021105,2017,0.036819051
050600021105,2018,0.025205659
050600021105,2019,0.027646304
050600021105,2020,0.022557425
050600021201,2010,0.0
050600021201,2011,0.0
050600021201,2012,0.0
050600021201,2013,0.0
050600021201,2014,0.0
050600021201,2015,0.0
050600021201,2016,0.0
050600021201,2017,0.0
050600021201,2018,0.0
050600021201,2019,0.0
050600021201,2020,0.0
050600021202,2010,0.0
050600021202,2011,0.0
050600021202,2012,0.0
050600021202,2013,0.0
050600021202,2014,0.0
050600021202,2015,0.0
050600021202,2016,0.0
050600021202,2017,0.0
050600021202,2018,0.0
050600021202,2019,0.0
050600021202,2020,0.0
050600021203,2010,0.0
050600021203,2011,0.0
050600021203,2012,0.0
050600021203,2013,0.0
050600021203,2014,0.0
050600021203,2015,0.0
050600021203,2016,0.0
050600021203,2017,0.0
050600021203,2018,0.0
050600021203,2019,0.0
050600021203,2020,0.0
050600021204,2010,0.0
050600021204,2011,0.0
050600021204,2012,0.0
050600021204,2013,0.0
050600021204,2014,0.0
050600021204,2015,0.0
050600021204,2016,0.0
050600021204,2017,0.0
050600021204,2018,0.0
050600021204,2019,0.0
050600021204,2020,0.0
050600021205,2010,0.0
050600021205,2011,0.0
050600021205,2012,0.0
050600021205,2013,0.0
050600021205,2014,0.0
050600021205,2015,0.0
050600021205,2016,0.0
050600021205,2017,0.0
050600021205,2018,0.0
050600021205,2019,0.0
050600021205,2020,0.0
050600021206,2010,0.0
050600021206,2011,0.0
050600021206,2012,0.0
050600021206,2013,0.0
050600021206,2014,0.0
050600021206,2015,0.0
050600021206,2016,0.0
050600021206,2017,0.0
050600021206,2018,0.0
050600021206,2019,0.0
050600021206,2020,0.0
050600021301,2010,0.0
050600021301,2011,0.0
050600021301,2012,0.0
050600021301,2013,0.0
050600021301,2014,0.0
050600021301,2015,0.0
050600021301,2016,0.0
050600021301,2017,0.0
050600021301,2018,0.0
050600021301,2019,0.0
050600021301,2020,0.0
050600021302,2010,0.004868816
050600021302,2011,0.004975132
050600021302,2012,0.005825335
050600021302,2013,0.005495669
050600021302,2014,0.005163976
050600021302,2015,0.005119312
050600021302,2016,0.005419817
050600021302,2017,0.00562461
050600021302,2018,0.004758992
050600021302,2019,0.005271536
050600021302,2020,0.004909305
050600021303,2010,0.005479791
050600021303,2011,0.005477612
050600021303,2012,0.00640813
050600021303,2013,0.005667847
050600021303,2014,0.006055389
050600021303,2015,0.007212189
050600021303,2016,0.007987659
050600021303,2017,0.008335804
050600021303,2018,0.007165176
050600021303,2019,0.009194379
050600021303,2020,0.011121745
050600021304,2010,0.014187677
050600021304,2011,0.014182034
050600021304,2012,0.016591231
050600021304,2013,0.014674572
050600021304,2014,0.015677953
050600021304,2015,0.018673014
050600021304,2016,0.020680775
050600021304,2017,0.021582154
050600021304,2018,0.018551292
050600021304,2019,0.023805082
050600021304,2020,0.028795209
050600021401,2010,0.0
050600021401,2011,0.0
050600021401,2012,0.0
050600021401,2013,0.0
050600021401,2014,0.0
050600021401,2015,0.0
050600021401,2016,0.0
050600021401,2017,0.0
050600021401,2018,0.0
050600021401,2019,0.0
050600021401,2020,0.0
050600021402,2010,0.0
050600021402,2011,0.0
050600021402,2012,0.0
050600021402,2013,0.0
050600021402,2014,0.0
050600021402,2015,0.0
050600021402,2016,0.0
050600021402,2017,0.0
050600021402,2018,0.0
050600021402,2019,0.0
050600021402,2020,0.0
050600021403,2010,0.0
050600021403,2011,0.0
050600021403,2012,0.0
050600021403,2013,0.0
050600021403,2014,0.0
050600021403,2015,0.0
050600021403,2016,0.0
050600021403,2017,0.0
050600021403,2018,0.0
050600021403,2019,0.0
050600021403,2020,0.0
050600021404,2010,0.0
050600021404,2011,0.0
050600021404,2012,0.0
050600021404,2013,0.0
050600021404,2014,0.0
050600021404,2015,0.0
050600021404,2016,0.0
050600021404,2017,0.0
050600021404,2018,0.0
050600021404,2019,0.0
050600021404,2020,0.0
050600021405,2010,0.0
050600021405,2011,0.0
050600021405,2012,0.0
050600021405,2013,0.0
050600021405,2014,0.0
050600021405,2015,0.0
050600021405,2016,0.0
050600021405,2017,0.0
050600021405,2018,0.0
050600021405,2019,0.0
050600021405,2020,0.0
050600021406,2010,0.0
050600021406,2011,0.0
050600021406,2012,0.0
050600021406,2013,0.0
050600021406,2014,0.0
050600021406,2015,0.0
050600021406,2016,0.0
050600021406,2017,0.0
050600021406,2018,0.0
050600021406,2019,0.0
050600021406,2020,0.0
050600021501,2010,0.002851572
050600021501,2011,0.002654601
050600021501,2012,0.003150323
050600021501,2013,0.002846115
050600021501,2014,0.003007044
050600021501,2015,0.002020242
050600021501,2016,0.002089595
050600021501,2017,0.002148437
050600021501,2018,0.00259092
050600021501,2019,0.00295128
050600021501,2020,0.002770274
050600021502,2010,0.0
050600021502,2011,0.0
050600021502,2012,0.0
050600021502,2013,0.0
050600021502,2014,0.0
050600021502,2015,0.0
050600021502,2016,0.0
050600021502,2017,0.0
050600021502,2018,0.0
050600021502,2019,0.0
050600021502,2020,0.0
050600021503,2010,0.0
050600021503,2011,0.0
050600021503,2012,0.0
050600021503,2013,0.0
050600021503,2014,0.0
050600021503,2015,0.0
050600021503,2016,0.0
050600021503,2017,0.0
050600021503,2018,0.0
050600021503,2019,0.0
050600021503,2020,0.0
050600021504,2010,0.0
050600021504,2011,0.0
050600021504,2012,0.0
050600021504,2013,0.0
050600021504,2014,0.0
050600021504,2015,0.0
050600021504,2016,0.0
050600021504,2017,0.0
050600021504,2018,0.0
050600021504,2019,0.0
050600021504,2020,0.0
050600021505,2010,0.0
050600021505,2011,0.0
050600021505,2012,0.0
050600021505,2013,0.0
050600021505,2014,0.0
050600021505,2015,0.0
050600021505,2016,0.0
050600021505,2017,0.0
050600021505,2018,0.0
050600021505,2019,0.0
050600021505,2020,0.0
050600021506,2010,0.0
050600021506,2011,0.0
050600021506,2012,0.0
050600021506,2013,0.0
050600021506,2014,0.0
050600021506,2015,0.0
050600021506,2016,0.0
050600021506,2017,0.0
050600021506,2018,0.0
050600021506,2019,0.0
050600021506,2020,0.0
050600021507,2010,0.0
050600021507,2011,0.0
050600021507,2012,0.0
050600021507,2013,0.0
050600021507,2014,0.0
050600021507,2015,0.0
050600021507,2016,0.0
050600021507,2017,0.0
050600021507,2018,0.0
050600021507,2019,0.0
050600021507,2020,0.0
050600021601,2010,0.0
050600021601,2011,0.0
050600021601,2012,0.0
050600021601,2013,0.0
050600021601,2014,0.0
050600021601,2015,0.0
050600021601,2016,0.0
050600021601,2017,0.0
050600021601,2018,0.0
050600021601,2019,0.0
050600021601,2020,0.0
050600021602,2010,0.0
050600021602,2011,0.0
050600021602,2012,0.0
050600021602,2013,0.0
050600021602,2014,0.0
050600021602,2015,0.0
050600021602,2016,0.0
050600021602,2017,0.0
050600021602,2018,0.0
050600021602,2019,0.0
050600021602,2020,0.0
050600021603,2010,0.0
050600021603,2011,0.0
050600021603,2012,0.0
050600021603,2013,0.0
050600021603,2014,0.0
050600021603,2015,0.0
050600021603,2016,0.0
050600021603,2017,0.0
050600021603,2018,0.0
050600021603,2019,0.0
050600021603,2020,0.0
050600021604,2010,0.006792576
050600021604,2011,0.006515554
050600021604,2012,0.007522134
050600021604,2013,0.006644211
050600021604,2014,0.006784621
050600021604,2015,0.005785122
050600021604,2016,0.006154538
050600021604,2017,0.006136448
050600021604,2018,0.00578092
050600021604,2019,0.006360116
050600021604,2020,0.005852031
050600021605,2010,0.157529073
050600021605,2011,0.151104541
050600021605,2012,0.174448492
050600021605,2013,0.154088284
050600021605,2014,0.157344583
050600021605,2015,0.134164828
050600021605,2016,0.142732084
050600021605,2017,0.142312569
050600021605,2018,0.134067378
050600021605,2019,0.147499735
050600021605,2020,0.135716548
050600030101,2010,0.0
050600030101,2011,0.0
050600030101,2012,0.0
050600030101,2013,0.0
050600030101,2014,0.0
050600030101,2015,0.0
050600030101,2016,0.0
050600030101,2017,0.0
050600030101,2018,0.0
050600030101,2019,0.0
050600030101,2020,0.0
050600030102,2010,0.01619012
050600030102,2011,0.014233806
050600030102,2012,0.0166579
050600030102,2013,0.015099052
050600030102,2014,0.015068562
050600030102,2015,0.015862893
050600030102,2016,0.016583
050600030102,2017,0.016201599
050600030102,2018,0.01434871
050600030102,2019,0.014133348
050600030102,2020,0.014872758
050600030103,2010,0.110931195
050600030103,2011,0.095909083
050600030103,2012,0.111022895
050600030103,2013,0.100895481
050600030103,2014,0.10066626
050600030103,2015,0.097898828
050600030103,2016,0.103648297
050600030103,2017,0.102360697
050600030103,2018,0.097195772
050600030103,2019,0.095080687
050600030103,2020,0.101701005
050600030201,2010,0.020503182
050600030201,2011,0.021213062
050600030201,2012,0.023469508
050600030201,2013,0.023543958
050600030201,2014,0.022222896
050600030201,2015,0.020602667
050600030201,2016,0.019450692
050600030201,2017,0.019003248
050600030201,2018,0.012910928
050600030201,2019,0.014101459
050600030201,2020,0.013309331
050600030202,2010,0.0
050600030202,2011,0.0
050600030202,2012,0.0
050600030202,2013,0.0
050600030202,2014,0.0
050600030202,2015,0.0
050600030202,2016,0.0
050600030202,2017,0.0
050600030202,2018,0.0
050600030202,2019,0.0
050600030202,2020,0.0
050600030301,2010,0.024856638
050600030301,2011,0.024701075
050600030301,2012,0.029080708
050600030301,2013,0.026293124
050600030301,2014,0.026291644
050600030301,2015,0.025847809
050600030301,2016,0.026532003
050600030301,2017,0.028652346
050600030301,2018,0.022332695
050600030301,2019,0.02413818
050600030301,2020,0.022228403
050600030302,2010,0.0
050600030302,2011,0.0
050600030302,2012,0.0
050600030302,2013,0.0
050600030302,2014,0.0
050600030302,2015,0.0
050600030302,2016,0.0
050600030302,2017,0.0
050600030302,2018,0.0
050600030302,2019,0.0
050600030302,2020,0.0
050600030303,2010,0.000581794
050600030303,2011,0.000438693
050600030303,2012,0.000473117
050600030303,2013,0.00040651
050600030303,2014,0.000393803
050600030303,2015,0.000672176
050600030303,2016,0.000681229
050600030303,2017,0.000607156
050600030303,2018,0.000328705
050600030303,2019,0.000427864
050600030303,2020,0.000366516
050600030304,2010,0.00311541
050600030304,2011,0.003599261
050600030304,2012,0.004566103
050600030304,2013,0.005048092
050600030304,2014,0.003897513
050600030304,2015,0.003962079
050600030304,2016,0.004512016
050600030304,2017,0.004512448
050600030304,2018,0.003692152
050600030304,2019,0.005086538
050600030304,2020,0.003859991
050600030305,2010,0.0
050600030305,2011,0.0
050600030305,2012,0.0
050600030305,2013,0.0
050600030305,2014,0.0
050600030305,2015,0.0
050600030305,2016,0.0
050600030305,2017,0.0
050600030305,2018,0.0
050600030305,2019,0.0
050600030305,2020,0.0
050600030401,2010,0.0
050600030401,2011,0.0
050600030401,2012,0.0
050600030401,2013,0.0
050600030401,2014,0.0
050600030401,2015,0.0
050600030401,2016,0.0
050600030401,2017,0.0
050600030401,2018,0.0
050600030401,2019,0.0
050600030401,2020,0.0
050600030402,2010,0.006934797
050600030402,2011,0.006696748
050600030402,2012,0.008598682
050600030402,2013,0.007783721
050600030402,2014,0.007884528
050600030402,2015,0.008655443
050600030402,2016,0.00890301
050600030402,2017,0.008450134
050600030402,2018,0.006529489
050600030402,2019,0.006886754
050600030402,2020,0.006230608
050600030403,2010,0.004231104
050600030403,2011,0.004085864
050600030403,2012,0.005246285
050600030403,2013,0.004749055
050600030403,2014,0.00481056
050600030403,2015,0.005280916
050600030403,2016,0.005431963
050600030403,2017,0.005155652
050600030403,2018,0.003983815
050600030403,2019,0.004201792
050600030403,2020,0.00380146
050600030404,2010,0.0
050600030404,2011,0.0
050600030404,2012,0.0
050600030404,2013,0.0
050600030404,2014,0.0
050600030404,2015,0.0
050600030404,2016,0.0
050600030404,2017,0.0
050600030404,2018,0.0
050600030404,2019,0.0
050600030404,2020,0.0
050600030405,2010,0.00024579
050600030405,2011,0.000237353
050600030405,2012,0.000304763
050600030405,2013,0.000275879
050600030405,2014,0.000279452
050600030405,2015,0.000306775
050600030405,2016,0.00031555
050600030405,2017,0.000299498
050600030405,2018,0.000231425
050600030405,2019,0.000244087
050600030405,2020,0.000220832
050600030406,2010,0.0
050600030406,2011,0.0
050600030406,2012,0.0
050600030406,2013,0.0
050600030406,2014,0.0
050600030406,2015,0.0
050600030406,2016,0.0
050600030406,2017,0.0
050600030406,2018,0.0
050600030406,2019,0.0
050600030406,2020,0.0
050600030407,2010,0.0
050600030407,2011,0.0
050600030407,2012,0.0
050600030407,2013,0.0
050600030407,2014,0.0
050600030407,2015,0.0
050600030407,2016,0.0
050600030407,2017,0.0
050600030407,2018,0.0
050600030407,2019,0.0
050600030407,2020,0.0
050600030501,2010,0.0
050600030501,2011,0.0
050600030501,2012,0.0
050600030501,2013,0.0
050600030501,2014,0.0
050600030501,2015,0.0
050600030501,2016,0.0
050600030501,2017,0.0
050600030501,2018,0.0
050600030501,2019,0.0
050600030501,2020,0.0
050600030502,2010,0.034388533
050600030502,2011,0.032579818
050600030502,2012,0.039870138
050600030502,2013,0.03617847
050600030502,2014,0.038931318
050600030502,2015,0.038526759
050600030502,2016,0.042289725
050600030502,2017,0.041975696
050600030502,2018,0.034114842
050600030502,2019,0.037105005
050600030502,2020,0.036461307
050600030503,2010,0.028141659
050600030503,2011,0.026661507
050600030503,2012,0.032627499
050600030503,2013,0.029606443
050600030503,2014,0.03185922
050600030503,2015,0.031528152
050600030503,2016,0.034607553
050600030503,2017,0.034350569
050600030503,2018,0.027917685
050600030503,2019,0.030364667
050600030503,2020,0.029837901
050600030504,2010,0.0
050600030504,2011,0.0
050600030504,2012,0.0
050600030504,2013,0.0
050600030504,2014,0.0
050600030504,2015,0.0
050600030504,2016,0.0
050600030504,2017,0.0
050600030504,2018,0.0
050600030504,2019,0.0
050600030504,2020,0.0
050600030505,2010,0.0
050600030505,2011,0.0
050600030505,2012,0.0
050600030505,2013,0.0
050600030505,2014,0.0
050600030505,2015,0.0
050600030505,2016,0.0
050600030505,2017,0.0
050600030505,2018,0.0
050600030505,2019,0.0
050600030505,2020,0.0
050600030601,2010,0.041036476
050600030601,2011,0.035479386
050600030601,2012,0.041070398
050600030601,2013,0.037323991
050600030601,2014,0.037239196
050600030601,2015,0.036215447
050600030601,2016,0.038342333
050600030601,2017,0.037866014
050600030601,2018,0.035955368
050600030601,2019,0.03517294
050600030601,2020,0.037621976
050600030602,2010,0.045896765
050600030602,2011,0.04045755
050600030602,2012,0.050234024
050600030602,2013,0.04451689
050600030602,2014,0.043994231
050600030602,2015,0.045792517
050600030602,2016,0.051412821
050600030602,2017,0.052597227
050600030602,2018,0.037426857
050600030602,2019,0.042763204
050600030602,2020,0.037996263
050600030603,2010,0.0
050600030603,2011,0.0
050600030603,2012,0.0
050600030603,2013,0.0
050600030603,2014,0.0
050600030603,2015,0.0
050600030603,2016,0.0
050600030603,2017,0.0
050600030603,2018,0.0
050600030603,2019,0.0
050600030603,2020,0.0
050600030701,2010,0.0
050600030701,2011,0.0
050600030701,2012,0.0
050600030701,2013,0.0
050600030701,2014,0.0
050600030701,2015,0.0
050600030701,2016,0.0
050600030701,2017,0.0
050600030701,2018,0.0
050600030701,2019,0.0
050600030701,2020,0.0
050600030702,2010,0.0
050600030702,2011,0.0
050600030702,2012,0.0
050600030702,2013,0.0
050600030702,2014,0.0
050600030702,2015,0.0
050600030702,2016,0.0
050600030702,2017,0.0
050600030702,2018,0.0
050600030702,2019,0.0
050600030702,2020,0.0
050600030703,2010,0.0
050600030703,2011,0.0
050600030703,2012,0.0
050600030703,2013,0.0
050600030703,2014,0.0
050600030703,2015,0.0
050600030703,2016,0.0
050600030703,2017,0.0
050600030703,2018,0.0
050600030703,2019,0.0
050600030703,2020,0.0
050600030704,2010,0.011297954
050600030704,2011,0.011868512
050600030704,2012,0.015019056
050600030704,2013,0.012898918
050600030704,2014,0.010636587
050600030704,2015,0.013586741
050600030704,2016,0.013431172
050600030704,2017,0.013035743
050600030704,2018,0.008883772
050600030704,2019,0.010768825
050600030704,2020,0.009488209
050600030801,2010,0.0
050600030801,2011,0.0
050600030801,2012,0.0
050600030801,2013,0.0
050600030801,2014,0.0
050600030801,2015,0.0
050600030801,2016,0.0
050600030801,2017,0.0
050600030801,2018,0.0
050600030801,2019,0.0
050600030801,2020,0.0
050600030802,2010,0.0
050600030802,2011,0.0
050600030802,2012,0.0
050600030802,2013,0.0
050600030802,2014,0.0
050600030802,2015,0.0
050600030802,2016,0.0
050600030802,2017,0.0
050600030802,2018,0.0
050600030802,2019,0.0
050600030802,2020,0.0
050600030803,2010,0.005549881
050600030803,2011,0.005537027
050600030803,2012,0.00697602
050600030803,2013,0.006216638
050600030803,2014,0.006214442
050600030803,2015,0.009824582
050600030803,2016,0.009739901
050600030803,2017,0.009070196
050600030803,2018,0.005373382
050600030803,2019,0.005559541
050600030803,2020,0.005181197
050600030804,2010,0.001275071
050600030804,2011,0.001102403
050600030804,2012,0.001276125
050600030804,2013,0.001159718
050600030804,2014,0.001157083
050600030804,2015,0.001125274
050600030804,2016,0.00119136
050600030804,2017,0.00117656
050600030804,2018,0.001117193
050600030804,2019,0.001092881
050600030804,2020,0.001168977
050600030805,2010,0.010410943
050600030805,2011,0.009183812
050600030805,2012,0.00955231
050600030805,2013,0.008693804
050600030805,2014,0.00940818
050600030805,2015,0.010588413
050600030805,2016,0.011777704
050600030805,2017,0.012112174
050600030805,2018,0.007024682
050600030805,2019,0.007640808
050600030805,2020,0.007156989
050600030901,2010,0.0
050600030901,2011,0.0
050600030901,2012,0.0
050600030901,2013,0.0
050600030901,2014,0.0
050600030901,2015,0.0
050600030901,2016,0.0
050600030901,2017,0.0
050600030901,2018,0.0
050600030901,2019,0.0
050600030901,2020,0.0
050600030902,2010,0.0
050600030902,2011,0.0
050600030902,2012,0.0
050600030902,2013,0.0
050600030902,2014,0.0
050600030902,2015,0.0
050600030902,2016,0.0
050600030902,2017,0.0
050600030902,2018,0.0
050600030902,2019,0.0
050600030902,2020,0.0
050600030903,2010,0.015101537
050600030903,2011,0.016062756
050600030903,2012,0.014007501
050600030903,2013,0.012742647
050600030903,2014,0.012866967
050600030903,2015,0.014741666
050600030903,2016,0.018731389
050600030903,2017,0.018453671
050600030903,2018,0.01195606
050600030903,2019,0.012417311
050600030903,2020,0.012042401
050600030904,2010,0.007429028
050600030904,2011,0.006927016
050600030904,2012,0.00786457
050600030904,2013,0.007331732
050600030904,2014,0.008221807
050600030904,2015,0.006945726
050600030904,2016,0.00725718
050600030904,2017,0.007273968
050600030904,2018,0.007372747
050600030904,2019,0.007179601
050600030904,2020,0.007543477
050600031001,2010,0.0
050600031001,2011,0.0
050600031001,2012,0.0
050600031001,2013,0.0
050600031001,2014,0.0
050600031001,2015,0.0
050600031001,2016,0.0
050600031001,2017,0.0
050600031001,2018,0.0
050600031001,2019,0.0
050600031001,2020,0.0
050600031002,2010,0.0
050600031002,2011,0.0
050600031002,2012,0.0
050600031002,2013,0.0
050600031002,2014,0.0
050600031002,2015,0.0
050600031002,2016,0.0
050600031002,2017,0.0
050600031002,2018,0.0
050600031002,2019,0.0
050600031002,2020,0.0
050600031003,2010,0.069713037
050600031003,2011,0.06500222
050600031003,2012,0.073800108
050600031003,2013,0.068800026
050600031003,2014,0.07715238
050600031003,2015,0.065177797
050600031003,2016,0.068100441
050600031003,2017,0.068257979
050600031003,2018,0.069184909
050600031003,2019,0.067372453
050600031003,2020,0.070787019
050800010101,2010,0.0
050800010101,2011,0.0
050800010101,2012,0.0
050800010101,2013,0.0
050800010101,2014,0.0
050800010101,2015,0.0
050800010101,2016,0.0
050800010101,2017,0.0
050800010101,2018,0.0
050800010101,2019,0.0
050800010101,2020,0.0
050800010102,2010,0.008386602
050800010102,2011,0.007615407
050800010102,2012,0.010031471
050800010102,2013,0.009120609
050800010102,2014,0.008480327
050800010102,2015,0.010922481
050800010102,2016,0.011635503
050800010102,2017,0.011369916
050800010102,2018,0.007447953
050800010102,2019,0.006853771
050800010102,2020,0.006651666
050800010103,2010,0.013402525
050800010103,2011,0.012602163
050800010103,2012,0.015899978
050800010103,2013,0.014248723
050800010103,2014,0.013566206
050800010103,2015,0.015278212
050800010103,2016,0.015952786
050800010103,2017,0.016121265
050800010103,2018,0.011792383
050800010103,2019,0.011804639
050800010103,2020,0.011575107
050800010201,2010,0.0
050800010201,2011,0.0
050800010201,2012,0.0
050800010201,2013,0.0
050800010201,2014,0.0
050800010201,2015,0.0
050800010201,2016,0.0
050800010201,2017,0.0
050800010201,2018,0.0
050800010201,2019,0.0
050800010201,2020,0.0
050800010202,2010,0.00909706
050800010202,2011,0.00950303
050800010202,2012,0.011079309
050800010202,2013,0.009590415
050800010202,2014,0.010095076
050800010202,2015,0.008946012
050800010202,2016,0.009141522
050800010202,2017,0.008613396
050800010202,2018,0.008280196
050800010202,2019,0.008518636
050800010202,2020,0.008250422
050800010203,2010,0.01318915
050800010203,2011,0.014090764
050800010203,2012,0.017428463
050800010203,2013,0.015674026
050800010203,2014,0.014863961
050800010203,2015,0.012753605
050800010203,2016,0.013653764
050800010203,2017,0.013445734
050800010203,2018,0.011813151
050800010203,2019,0.01178966
050800010203,2020,0.011548362
050800010204,2010,0.0
050800010204,2011,0.0
050800010204,2012,0.0
050800010204,2013,0.0
050800010204,2014,0.0
050800010204,2015,0.0
050800010204,2016,0.0
050800010204,2017,0.0
050800010204,2018,0.0
050800010204,2019,0.0
050800010204,2020,0.0
050800010301,2010,0.0
050800010301,2011,0.0
050800010301,2012,0.0
050800010301,2013,0.0
050800010301,2014,0.0
050800010301,2015,0.0
050800010301,2016,0.0
050800010301,2017,0.0
050800010301,2018,0.0
050800010301,2019,0.0
050800010301,2020,0.0
050800010302,2010,0.021515402
050800010302,2011,0.018782492
050800010302,2012,0.026161372
050800010302,2013,0.021957549
050800010302,2014,0.021912059
050800010302,2015,0.02200027
050800010302,2016,0.022727546
050800010302,2017,0.022377997
050800010302,2018,0.019687403
050800010302,2019,0.020357021
050800010302,2020,0.019087355
050800010303,2010,0.000133561
050800010303,2011,0.000142691
050800010303,2012,0.000176491
050800010303,2013,0.000158724
050800010303,2014,0.000150521
050800010303,2015,0.00012915
050800010303,2016,0.000138266
050800010303,2017,0.000136159
050800010303,2018,0.000119627
050800010303,2019,0.000119389
050800010303,2020,0.000116945
050800010304,2010,0.097006429
050800010304,2011,0.091911078
050800010304,2012,0.11636807
050800010304,2013,0.106634119
050800010304,2014,0.100801891
050800010304,2015,0.094469355
050800010304,2016,0.099477299
050800010304,2017,0.097155227
050800010304,2018,0.09442663
050800010304,2019,0.0975899
050800010304,2020,0.090385759
050800010305,2010,0.042860589
050800010305,2011,0.040375488
050800010305,2012,0.050676671
050800010305,2013,0.046443204
050800010305,2014,0.043424575
050800010305,2015,0.041837292
050800010305,2016,0.043720711
050800010305,2017,0.042828886
050800010305,2018,0.040613962
050800010305,2019,0.041344304
050800010305,2020,0.038102151
050800010306,2010,0.002749616
050800010306,2011,0.002540269
050800010306,2012,0.003093354
050800010306,2013,0.002836137
050800010306,2014,0.002548163
050800010306,2015,0.002704821
050800010306,2016,0.002755348
050800010306,2017,0.002726776
050800010306,2018,0.002369175
050800010306,2019,0.002273552
050800010306,2020,0.002052935
050800010401,2010,0.01330945
050800010401,2011,0.012610359
050800010401,2012,0.015965901
050800010401,2013,0.014630386
050800010401,2014,0.013830194
050800010401,2015,0.012961359
050800010401,2016,0.013648458
050800010401,2017,0.013329866
050800010401,2018,0.012955498
050800010401,2019,0.013389504
050800010401,2020,0.012401083
050800010402,2010,0.0
050800010402,2011,0.0
050800010402,2012,0.0
050800010402,2013,0.0
050800010402,2014,0.0
050800010402,2015,0.0
050800010402,2016,0.0
050800010402,2017,0.0
050800010402,2018,0.0
050800010402,2019,0.0
050800010402,2020,0.0
