huc12_id,year,incrunoff_mm/mo,incbsflow_mm/mo,soilmstfr_frac
070700010201,2010,26.141440032,19.378900494,0.619957813
070700010201,2011,22.090967009,18.373977357,0.562475801
070700010201,2012,13.934658376,10.664023304,0.518202212
070700010201,2013,21.179010021,16.469643992,0.59189807
070700010201,2014,28.088119011,21.807107712,0.629170382
070700010201,2015,27.708403884,21.310164535,0.633013502
070700010201,2016,34.912681188,27.611219929,0.65184213
070700010201,2017,32.263775438,26.54101676,0.662992655
070700010201,2018,42.14998946,25.200683635,0.586697028
070700010201,2019,34.461009137,26.916965278,0.639585881
070700010202,2010,33.254804722,29.974189766,0.748558676
070700010202,2011,28.588387168,26.746633137,0.673445444
070700010202,2012,20.702148525,19.172983555,0.622197385
070700010202,2013,29.805035437,27.386983551,0.717188742
070700010202,2014,38.003167091,33.232899967,0.751966702
070700010202,2015,34.072403665,30.633960847,0.759429091
070700010202,2016,41.392998637,37.782612131,0.782309965
070700010202,2017,40.194819655,37.368308215,0.810409333
070700010202,2018,51.965782901,37.799906372,0.700504293
070700010202,2019,44.758246904,40.21491862,0.763311812
070700010203,2010,30.402055866,23.86737801,0.672960597
070700010203,2011,24.621347429,20.905954798,0.606675269
070700010203,2012,17.517527614,14.017444725,0.55004097
070700010203,2013,24.939192846,20.386004244,0.648371819
070700010203,2014,31.576907963,25.649218209,0.691533949
070700010203,2015,27.49927243,22.651298546,0.648530187
070700010203,2016,34.390872264,28.535707105,0.696348697
070700010203,2017,34.2800556,28.656662754,0.722239654
070700010203,2018,39.558054094,28.304062649,0.636912589
070700010203,2019,37.744313631,31.669878001,0.697122805
070700010204,2010,36.797670802,33.672389317,0.757893807
070700010204,2011,22.195258103,21.265957464,0.697071564
070700010204,2012,10.925673575,10.114477029,0.63811922
070700010204,2013,25.493335687,24.254346503,0.742326975
070700010204,2014,37.582471757,35.259939434,0.797807461
070700010204,2015,25.422762704,24.249427977,0.715737476
070700010204,2016,32.99791815,31.613568608,0.774931268
070700010204,2017,34.438879417,32.768074487,0.805407358
070700010204,2018,40.420726069,32.643186566,0.70658431
070700010204,2019,39.473573166,37.097502284,0.777837783
070700010205,2010,35.567437881,28.58250777,0.781892088
070700010205,2011,25.975116148,23.118927463,0.722194716
070700010205,2012,17.799791049,15.241678874,0.656922038
070700010205,2013,25.328851881,21.820708213,0.75940075
070700010205,2014,35.985445531,30.148571408,0.810309287
070700010205,2015,28.421774045,24.930477305,0.7545764
070700010205,2016,38.049605234,33.266148114,0.810072942
070700010205,2017,39.215019813,34.41805962,0.83633834
070700010205,2018,45.331806407,31.944870445,0.744450658
070700010205,2019,42.414617392,36.408500195,0.814653822
070700010206,2010,32.727479787,27.115893772,0.740899263
070700010206,2011,21.59166348,18.952040142,0.692202247
070700010206,2012,11.371433383,8.821196111,0.636952017
070700010206,2013,24.534412362,21.155788239,0.733856401
070700010206,2014,36.343313496,31.136368656,0.781725465
070700010206,2015,24.496845955,21.123170293,0.708305689
070700010206,2016,31.432086182,27.304674112,0.756244348
070700010206,2017,35.334959331,30.290849946,0.786953394
070700010206,2018,38.432456601,28.377588935,0.703662313
070700010206,2019,38.08003172,32.425558517,0.759376921
070700010301,2010,42.405785494,38.016514325,0.659522685
070700010301,2011,35.645247253,34.735803862,0.6495294
070700010301,2012,24.436938251,23.35970024,0.626046951
070700010301,2013,33.487028999,32.366122939,0.667200253
070700010301,2014,47.978666573,44.282939224,0.713172154
070700010301,2015,37.127454654,36.006668936,0.638395683
070700010301,2016,45.126869018,43.299218517,0.701985567
070700010301,2017,50.4464049,48.049482891,0.729847215
070700010301,2018,38.069414916,35.3261879,0.628712455
070700010301,2019,47.203086248,45.064796364,0.694690671
070700010302,2010,36.886026611,28.866893911,0.665867226
070700010302,2011,27.724590266,24.42296528,0.648257403
070700010302,2012,21.869415358,18.098342783,0.627715578
070700010302,2013,29.223417487,25.110773446,0.66928432
070700010302,2014,38.907078216,32.186762567,0.708737342
070700010302,2015,32.435227985,27.76160341,0.638398676
070700010302,2016,38.613551247,33.082231696,0.69877029
070700010302,2017,41.122260229,35.431124286,0.731668618
070700010302,2018,34.125486248,27.314949534,0.621685514
070700010302,2019,40.578304078,34.408810716,0.695032409
070700010303,2010,46.08655359,41.222698677,0.648464915
070700010303,2011,37.110138178,36.212376528,0.636022089
070700010303,2012,24.018678769,22.952636731,0.612969669
070700010303,2013,35.854130021,34.601317963,0.655791654
070700010303,2014,52.864335943,48.336205467,0.701529826
070700010303,2015,38.698771482,37.584652278,0.626132422
070700010303,2016,48.107920698,46.055611432,0.691563715
070700010303,2017,54.1544564,51.203596059,0.717597254
070700010303,2018,41.101406392,37.572077877,0.617321454
070700010303,2019,51.777848428,48.87757025,0.684171991
070700010304,2010,43.643445916,37.446568598,0.594782489
070700010304,2011,28.681278181,27.065349389,0.54500833
070700010304,2012,18.899414745,17.182217925,0.522673083
070700010304,2013,30.494902103,28.361586735,0.601641192
070700010304,2014,49.658706696,41.710978318,0.655201151
070700010304,2015,33.488051175,30.879773863,0.554771867
070700010304,2016,41.254039629,38.015409867,0.630228641
070700010304,2017,43.663139178,39.183324204,0.642458388
070700010304,2018,35.715396382,28.689056647,0.547501844
070700010304,2019,48.947031193,43.017419685,0.642019133
070700010305,2010,32.358269376,22.761297162,0.592761668
070700010305,2011,24.615292901,19.059041665,0.548463455
070700010305,2012,18.296239292,12.409946635,0.553333718
070700010305,2013,26.317145025,19.715017787,0.580735
070700010305,2014,36.203003774,27.086961262,0.617673683
070700010305,2015,30.065411701,22.637934164,0.574063447
070700010305,2016,35.960195973,27.692878911,0.6046866
070700010305,2017,36.213797127,27.80045793,0.621669941
070700010305,2018,31.68471404,22.552268373,0.563678227
070700010305,2019,38.678813695,29.424923754,0.614703899
070700010306,2010,38.495991644,31.470245539,0.643206001
070700010306,2011,29.930486706,27.49310276,0.59237119
070700010306,2012,22.593428013,20.264946265,0.601498089
070700010306,2013,31.726327856,28.451236988,0.638928661
070700010306,2014,44.667058137,36.871932626,0.689892198
070700010306,2015,36.130368615,32.097092782,0.625474808
070700010306,2016,43.263836993,38.603535576,0.681274947
070700010306,2017,45.965438158,40.40908032,0.707455005
070700010306,2018,40.335374412,33.000500252,0.596865133
070700010306,2019,48.367035549,39.7200979,0.682689432
070700010307,2010,33.75832469,31.394678687,0.538268659
070700010307,2011,23.500033809,22.551873279,0.46289179
070700010307,2012,12.18372793,11.224980657,0.432890787
070700010307,2013,25.811480478,24.200060483,0.575441392
070700010307,2014,37.62746769,34.9982765,0.619054714
070700010307,2015,29.367935132,27.916183529,0.49968494
070700010307,2016,33.397634444,31.705978651,0.562548472
070700010307,2017,35.747103991,33.662492728,0.59799658
070700010307,2018,33.65472935,30.10981518,0.518277594
070700010307,2019,42.916557952,39.7586819,0.59543886
070700010308,2010,34.013814882,28.254355429,0.606206494
070700010308,2011,25.510147857,22.507257453,0.550291653
070700010308,2012,17.765058535,14.724233224,0.524064397
070700010308,2013,28.156273126,24.229496018,0.606152524
070700010308,2014,40.666173955,34.029980478,0.648288289
070700010308,2015,32.073209229,27.855808061,0.575397192
070700010308,2016,38.701320218,33.85495427,0.626696618
070700010308,2017,40.464452968,35.219881205,0.654465871
070700010308,2018,39.159514194,31.844037783,0.568881717
070700010308,2019,44.610133314,37.897122785,0.628702078
070700010401,2010,49.287993607,46.666474029,0.798975104
070700010401,2011,29.755017956,29.131116144,0.732528226
070700010401,2012,17.234859337,16.65918911,0.700786892
070700010401,2013,33.732305433,32.959814435,0.768993356
070700010401,2014,51.680146486,48.700538213,0.820001386
070700010401,2015,33.743938396,33.004660895,0.783324516
070700010401,2016,48.783009063,47.633092435,0.810217764
070700010401,2017,53.748608728,52.522515545,0.830607121
070700010401,2018,58.353263915,48.422528584,0.740994009
070700010401,2019,54.9927916,52.11637992,0.816672219
070700010402,2010,35.335160583,31.066054827,0.763529539
070700010402,2011,28.263906994,27.290921985,0.691144182
070700010402,2012,19.620226965,18.916183135,0.59543824
070700010402,2013,26.603124702,25.497778411,0.718829572
070700010402,2014,38.208899916,34.338678441,0.801083966
070700010402,2015,31.696799956,30.547750692,0.710129581
070700010402,2016,34.154431085,32.325533766,0.780535815
070700010402,2017,42.71008687,39.642999858,0.811694497
070700010402,2018,46.94319268,37.072790812,0.713115712
070700010402,2019,45.537350587,41.567263801,0.791936002
070700010403,2010,44.682868993,41.293759641,0.761446896
070700010403,2011,31.58840337,30.636538079,0.702570521
070700010403,2012,13.368315258,12.457984984,0.628302018
070700010403,2013,31.94086086,30.543772501,0.735884992
070700010403,2014,50.055933483,46.697011866,0.791056604
070700010403,2015,33.134163083,31.922800618,0.706654302
070700010403,2016,39.529681538,37.952832501,0.776726636
070700010403,2017,49.120359401,47.199933015,0.803748992
070700010403,2018,46.600599421,41.603558274,0.710049482
070700010403,2019,56.536098302,52.688447553,0.780471537
070700010404,2010,34.862393754,29.801300508,0.68715631
070700010404,2011,25.036558865,22.899766323,0.632384732
070700010404,2012,15.703934558,13.864837209,0.576690288
070700010404,2013,25.548919399,22.913958111,0.677903789
070700010404,2014,38.07111883,33.489442952,0.732572675
070700010404,2015,28.668561896,26.057678373,0.648846236
070700010404,2016,33.386006266,30.174675148,0.7069554
070700010404,2017,40.049643346,36.139409026,0.73193535
070700010404,2018,42.981990334,33.761011201,0.656275699
070700010404,2019,43.424610964,38.816271793,0.721146295
070700010501,2010,36.056936126,33.421084463,0.628393559
070700010501,2011,22.9048314,22.450772481,0.560506595
070700010501,2012,9.789359042,9.559015126,0.498292209
070700010501,2013,28.412173453,27.015393279,0.637980932
070700010501,2014,34.595363153,32.578515976,0.66320254
070700010501,2015,23.985649741,23.277408402,0.580500328
070700010501,2016,30.396769496,29.506214983,0.659879191
070700010501,2017,35.967612243,34.610151226,0.666103853
070700010501,2018,31.454019173,27.879245568,0.592428244
070700010501,2019,41.544541112,38.102903422,0.671484219
070700010502,2010,33.213767384,31.158286459,0.629613867
070700010502,2011,22.202813558,21.733588117,0.570518417
070700010502,2012,10.573651088,10.302922449,0.509327067
070700010502,2013,27.317896864,26.391371129,0.644119524
070700010502,2014,32.432623915,30.919028644,0.66786222
070700010502,2015,23.031059287,22.38323052,0.58932516
070700010502,2016,28.996627248,28.261209843,0.663649543
070700010502,2017,33.678274314,32.61356103,0.668808683
070700010502,2018,29.009155524,26.362070762,0.59847595
070700010502,2019,38.13384204,36.07864495,0.674728671
070700010503,2010,37.646614314,34.915553761,0.610648323
070700010503,2011,24.699111864,24.245326163,0.544152199
070700010503,2012,10.568305435,10.293616964,0.477696777
070700010503,2013,27.067933484,26.428788125,0.614764967
070700010503,2014,37.301461662,35.505219031,0.652142694
070700010503,2015,23.333851189,22.91550178,0.563726591
070700010503,2016,32.520685334,31.546640322,0.646820763
070700010503,2017,35.825432858,35.073472131,0.649956534
070700010503,2018,34.962474652,31.078670639,0.579342767
070700010503,2019,41.538100628,39.700067936,0.655655865
070700010601,2010,35.482230129,29.444543703,0.730782447
070700010601,2011,28.706038912,25.269045311,0.675913195
070700010601,2012,18.323264076,16.195336577,0.582146238
070700010601,2013,24.573607522,21.322381718,0.699224126
070700010601,2014,38.22205661,32.137923841,0.762778464
070700010601,2015,31.364371532,27.389744865,0.691616783
070700010601,2016,35.182679668,30.772694799,0.737725181
070700010601,2017,38.941929684,34.035596651,0.764407139
070700010601,2018,43.03335469,33.444032264,0.696498033
070700010601,2019,43.943934225,38.096858897,0.750518359
070700010602,2010,44.35746492,37.461412087,0.751977952
070700010602,2011,37.505900602,34.008823403,0.696901433
070700010602,2012,27.339100542,25.046084623,0.589318341
070700010602,2013,33.409661173,29.879031142,0.715690647
070700010602,2014,44.940743212,38.743463719,0.774938512
070700010602,2015,40.517855769,36.573089368,0.72715733
070700010602,2016,44.402662062,39.822954214,0.753821539
070700010602,2017,47.647745247,42.631390409,0.79800669
070700010602,2018,50.969304324,42.169779222,0.689040762
070700010602,2019,53.806455155,47.512144452,0.779669807
070700010603,2010,46.733442942,36.697170786,0.750851837
070700010603,2011,35.90231698,31.671104027,0.710179579
070700010603,2012,26.303726763,23.523816476,0.606035814
070700010603,2013,31.85398225,27.948526019,0.714295969
070700010603,2014,46.710419802,37.699426289,0.771427055
070700010603,2015,41.307566014,35.756201729,0.730440185
070700010603,2016,45.504058013,38.810209906,0.751732312
070700010603,2017,46.190980315,40.057547731,0.792146529
070700010603,2018,55.611537286,40.065945143,0.695026065
070700010603,2019,53.832880123,44.509210373,0.763879267
070700010701,2010,42.826870781,36.745817634,0.815736322
070700010701,2011,36.470562553,34.764181826,0.780893811
070700010701,2012,26.460099745,25.383268599,0.692351541
070700010701,2013,33.943046358,31.860415765,0.77666167
070700010701,2014,42.429338579,37.64528673,0.8375845
070700010701,2015,46.252201646,41.647461693,0.821195896
070700010701,2016,54.558696594,48.591462248,0.84324756
070700010701,2017,51.555313743,47.655831737,0.853445813
070700010701,2018,65.587899886,46.458034181,0.778043496
070700010701,2019,55.356075277,50.352951909,0.844107422
070700010702,2010,29.187393085,24.025847273,0.701807366
070700010702,2011,24.959993622,21.398644326,0.693118038
070700010702,2012,17.511314021,14.703162689,0.603315648
070700010702,2013,25.77491985,21.801542519,0.690595938
070700010702,2014,29.999951331,25.685501294,0.743968924
070700010702,2015,37.471259563,30.644866674,0.710426729
070700010702,2016,41.066388304,35.149415508,0.741519625
070700010702,2017,34.309058426,29.885942138,0.727289455
070700010702,2018,40.312542673,31.72568259,0.682210966
070700010702,2019,44.001945476,37.959131326,0.746573888
070700010703,2010,44.672450152,38.769531514,0.798279975
070700010703,2011,36.823432879,35.062416296,0.74404312
070700010703,2012,26.578709345,25.358119291,0.670908339
070700010703,2013,34.626303143,32.580610431,0.748548876
070700010703,2014,43.544674419,38.598712747,0.812866437
070700010703,2015,43.985050791,40.585323025,0.801834882
070700010703,2016,50.747152421,45.402730672,0.81689728
070700010703,2017,51.879031112,48.098316218,0.832753
070700010703,2018,66.191736186,46.853823959,0.761928749
070700010703,2019,55.717068706,50.854889708,0.822909214
070700010704,2010,49.652464861,43.378139732,0.800178586
070700010704,2011,38.69032601,37.032756779,0.746148237
070700010704,2012,28.178466975,27.157684614,0.65268446
070700010704,2013,35.716503344,33.879335866,0.749870255
070700010704,2014,47.843735113,42.232139534,0.816288991
070700010704,2015,42.362727479,39.238914279,0.791121984
070700010704,2016,51.562174701,46.490796899,0.81675198
070700010704,2017,53.195592479,49.497407058,0.833139034
070700010704,2018,67.2673002,48.601660151,0.759929654
070700010704,2019,57.966549273,53.006193466,0.822032182
070700010705,2010,47.593311125,42.194805697,0.766990803
070700010705,2011,38.049159642,36.534709423,0.73159059
070700010705,2012,28.264929249,27.244788456,0.632833349
070700010705,2013,35.566484091,33.820270299,0.720995671
070700010705,2014,45.06821862,40.453759381,0.780947178
070700010705,2015,43.240449077,40.187082912,0.761169058
070700010705,2016,50.904627035,46.089167627,0.781743785
070700010705,2017,51.899849604,48.531133526,0.800192036
070700010705,2018,66.878969147,50.581339083,0.726875466
070700010705,2019,56.538615635,52.031956401,0.787973856
070700010706,2010,45.408963855,39.376051107,0.786984916
070700010706,2011,37.88290572,36.135605909,0.747410474
070700010706,2012,27.730512988,26.699812689,0.661384414
070700010706,2013,35.484500343,33.479224748,0.744892828
070700010706,2014,43.026799215,38.250587278,0.802818876
070700010706,2015,46.598667043,42.803487836,0.789926021
070700010706,2016,53.670441818,47.999301893,0.810015623
070700010706,2017,52.889437082,49.006527288,0.823695902
070700010706,2018,68.210261386,49.410380576,0.745467363
070700010706,2019,57.042178005,52.036968359,0.811238833
070700010707,2010,39.072044218,33.713078658,0.743145332
070700010707,2011,31.874367953,29.400152983,0.717099702
070700010707,2012,22.816156395,20.884481917,0.627971871
070700010707,2013,30.706525589,27.989976537,0.714045
070700010707,2014,37.150317505,32.771395602,0.768394818
070700010707,2015,43.416542081,38.469322816,0.743065552
070700010707,2016,48.786216093,43.399779266,0.772968737
070700010707,2017,44.373283139,40.460665602,0.763630279
070700010707,2018,56.424108634,43.034401197,0.707022752
070700010707,2019,50.765349561,45.866643273,0.771576946
070700010708,2010,41.04335434,34.818577942,0.793058139
070700010708,2011,32.394084547,29.210248435,0.725554125
070700010708,2012,22.940296705,20.808988811,0.635557622
070700010708,2013,31.606198331,28.088378303,0.737764834
070700010708,2014,37.345499515,33.442071561,0.796161056
070700010708,2015,37.71442111,33.467320751,0.765473334
070700010708,2016,43.019013495,38.523353447,0.798746204
070700010708,2017,42.159750723,38.379573777,0.824336912
070700010708,2018,48.970342722,38.249698231,0.724554853
070700010708,2019,48.316778102,43.661075653,0.799072783
070700010801,2010,21.619898553,18.151399818,0.620936669
070700010801,2011,21.644313694,15.219619853,0.583746517
070700010801,2012,10.790555229,8.986994448,0.515646647
070700010801,2013,21.523999341,14.04967686,0.604459342
070700010801,2014,27.688738922,19.555424064,0.642291013
070700010801,2015,22.230556519,16.509142883,0.603141087
070700010801,2016,27.833993003,22.133106306,0.628956668
070700010801,2017,28.085119958,22.668791663,0.650008893
070700010801,2018,24.870137167,18.823210347,0.637338229
070700010801,2019,33.183267331,22.255516028,0.657185037
070700010802,2010,19.514384473,14.383362472,0.549238062
070700010802,2011,18.153742211,11.532312139,0.540231429
070700010802,2012,7.73778643,5.17839241,0.468943854
070700010802,2013,16.031728164,8.925279908,0.567366458
070700010802,2014,23.579910309,15.66070103,0.619570036
070700010802,2015,18.985023757,11.681497332,0.566632906
070700010802,2016,24.10689209,16.677641185,0.582231656
070700010802,2017,21.701918781,15.482267226,0.602233522
070700010802,2018,21.33812367,14.497665659,0.604842933
070700010802,2019,25.770832476,16.770823809,0.632361834
070700010803,2010,28.672833955,21.76538234,0.586810631
070700010803,2011,25.527338795,18.122795538,0.555562122
070700010803,2012,12.937704583,10.840745824,0.48226782
070700010803,2013,24.805090508,16.474196352,0.572818388
070700010803,2014,34.733577348,23.632006971,0.615056663
070700010803,2015,25.988479556,19.235533177,0.578018281
070700010803,2016,33.668037839,25.680714535,0.60242107
070700010803,2017,32.864035233,25.625141381,0.624982751
070700010803,2018,31.045170564,21.443397018,0.608043131
070700010803,2019,39.085859168,25.392065097,0.628528782
070700010804,2010,26.890322458,22.226100225,0.573255376
070700010804,2011,19.844091722,17.219452216,0.52271217
070700010804,2012,10.841884405,9.149418559,0.458099206
070700010804,2013,22.791434102,18.134120589,0.55327845
070700010804,2014,34.210827365,27.120003944,0.619118821
070700010804,2015,22.949495315,18.140249003,0.520453922
070700010804,2016,26.540748071,23.907990432,0.585491633
070700010804,2017,26.527175912,23.370672664,0.59451983
070700010804,2018,34.321220931,23.647859565,0.565283819
070700010804,2019,36.094108853,28.008108293,0.600569828
070700010805,2010,26.021880957,19.587107042,0.598218238
070700010805,2011,18.932146621,13.979221651,0.545436791
070700010805,2012,8.1760568,6.554274551,0.487808663
070700010805,2013,19.133912399,12.210599445,0.594219752
070700010805,2014,31.09714376,21.361071486,0.637661704
070700010805,2015,20.804824297,14.739764889,0.562626996
070700010805,2016,26.12679169,21.418681966,0.58192999
070700010805,2017,24.53145545,18.660723029,0.613770448
070700010805,2018,33.389789418,20.073036383,0.609226205
070700010805,2019,32.803348652,22.662958224,0.631656096
070700010806,2010,27.657742953,20.926497266,0.575197017
070700010806,2011,22.417211958,16.659478279,0.529125982
070700010806,2012,12.131299444,10.146058225,0.459285374
070700010806,2013,23.61900618,16.058502413,0.556548272
070700010806,2014,33.523176469,23.55299245,0.611625034
070700010806,2015,24.607977947,17.898492989,0.544296159
070700010806,2016,30.422306707,23.986853049,0.579871886
070700010806,2017,29.4964525,22.998270027,0.602265983
070700010806,2018,32.740806661,21.376373166,0.58216868
070700010806,2019,35.977148002,24.465300379,0.607894647
070700010901,2010,23.824951472,17.916191567,0.547903903
070700010901,2011,20.522618427,14.24154806,0.503701648
070700010901,2012,7.804284354,7.420870569,0.428001921
070700010901,2013,22.211251464,14.987893287,0.533098191
070700010901,2014,32.014264008,21.269261121,0.595770439
070700010901,2015,19.459117772,14.268087856,0.535951848
070700010901,2016,26.695582452,19.847692882,0.523637811
070700010901,2017,24.135882336,18.367944937,0.547685644
070700010901,2018,31.483452481,18.892602957,0.572635694
070700010901,2019,33.191691478,22.436217236,0.623343278
070700010902,2010,23.684869074,20.184552702,0.523218652
070700010902,2011,20.750873632,16.006807145,0.472423473
070700010902,2012,9.486331185,9.300596349,0.396390653
070700010902,2013,23.028871724,17.405500859,0.502735512
070700010902,2014,32.413712959,24.650806142,0.57001397
070700010902,2015,20.511362896,16.55027419,0.507692141
070700010902,2016,25.449432448,21.375387935,0.497980945
070700010902,2017,23.479354346,20.30738403,0.52095864
070700010902,2018,32.319929576,21.411181463,0.539534637
070700010902,2019,33.511715212,25.242875872,0.594768509
070700010903,2010,19.822991602,14.973841964,0.47896389
070700010903,2011,17.56640428,12.717995298,0.438050586
070700010903,2012,8.689635124,7.492279171,0.374157346
070700010903,2013,19.260630454,13.188715593,0.469362667
070700010903,2014,25.987539579,17.865755195,0.522172624
070700010903,2015,18.295718633,13.417380291,0.468750231
070700010903,2016,22.701636902,17.394130629,0.467972932
070700010903,2017,18.589564087,14.579918771,0.481597864
070700010903,2018,27.513667737,15.893101048,0.493769617
070700010903,2019,27.574133016,18.969037608,0.535994306
070700010904,2010,25.22191132,19.938110635,0.534104087
070700010904,2011,24.570757352,14.427305446,0.505249062
070700010904,2012,10.2149232,7.759515943,0.451794017
070700010904,2013,20.791720215,12.476563651,0.532206579
070700010904,2014,33.503383533,21.774838787,0.566299478
070700010904,2015,25.60824708,17.185504596,0.528585072
070700010904,2016,31.759235724,22.411929533,0.554387453
070700010904,2017,25.424755203,18.786965489,0.564683931
070700010904,2018,32.830694199,21.39162557,0.569812167
070700010904,2019,34.760935076,21.885722439,0.592829028
070700010905,2010,26.386514928,19.141533582,0.524844035
070700010905,2011,26.298333349,15.368405136,0.492530104
070700010905,2012,12.072754469,9.755133407,0.432015011
070700010905,2013,24.119182793,14.926771265,0.51590987
070700010905,2014,35.58769392,22.211955827,0.557762183
070700010905,2015,27.983994499,18.567927212,0.522383085
070700010905,2016,33.879900497,22.982773791,0.543412744
070700010905,2017,24.973955085,18.155224156,0.548465089
070700010905,2018,36.822931125,21.643377237,0.556984002
070700010905,2019,37.100505083,22.475434302,0.577933037
070700010906,2010,21.688005871,15.234726739,0.568275097
070700010906,2011,24.050131299,12.680671338,0.543904441
070700010906,2012,8.59205756,6.165765385,0.486619193
070700010906,2013,17.46465423,9.017970501,0.563604544
070700010906,2014,30.665174954,17.674070244,0.600244328
070700010906,2015,24.226256544,14.96774075,0.56458559
070700010906,2016,29.147317525,18.785451513,0.58742955
070700010906,2017,23.257086377,16.629657858,0.601180432
070700010906,2018,29.139721563,16.462567064,0.606082566
070700010906,2019,32.422213936,18.227589612,0.628817063
070700010907,2010,23.714034948,17.63177526,0.517638321
070700010907,2011,26.519137304,16.329566096,0.505381143
070700010907,2012,10.180190605,8.075518337,0.433641348
070700010907,2013,21.655777582,13.600221579,0.512029962
070700010907,2014,33.868354365,22.025697948,0.560711179
070700010907,2015,29.376403017,19.295850584,0.530235333
070700010907,2016,35.135371047,24.050707343,0.538438593
070700010907,2017,24.117663576,18.074596373,0.546912035
070700010907,2018,32.954735548,19.730744606,0.559396364
070700010907,2019,35.467520018,23.222882437,0.570075391
070700011001,2010,22.752816832,17.78914342,0.704983991
070700011001,2011,19.373959887,13.732104251,0.651966632
070700011001,2012,7.778087641,6.543538004,0.556559562
070700011001,2013,15.803206318,10.270831927,0.677418583
070700011001,2014,26.381580673,19.791762221,0.740558494
070700011001,2015,25.403173683,17.594841423,0.692866277
070700011001,2016,24.539041726,19.7486161,0.714595149
070700011001,2017,22.734075831,18.71245315,0.687512907
070700011001,2018,31.530333075,18.950663539,0.719022229
070700011001,2019,32.884832896,23.39669289,0.741129093
070700011002,2010,27.347582105,24.352455846,0.643544704
070700011002,2011,25.304340152,19.612894301,0.605316004
070700011002,2012,10.950765968,8.904279508,0.51832231
070700011002,2013,25.779394756,20.061740826,0.597778052
070700011002,2014,35.740734195,29.112960338,0.664493884
070700011002,2015,26.096277706,20.675997442,0.634058269
070700011002,2016,36.773240142,30.4135161,0.659423501
070700011002,2017,23.695977899,20.102982165,0.636413549
070700011002,2018,41.694240291,31.088989439,0.672073762
070700011002,2019,38.551160401,30.503944,0.692605788
070700011003,2010,24.085770765,21.848882084,0.63369365
070700011003,2011,25.072171448,19.454576957,0.609622603
070700011003,2012,10.502890634,8.479162869,0.508883805
070700011003,2013,24.683677467,18.99395107,0.581600287
070700011003,2014,29.806333453,23.94248935,0.645864539
070700011003,2015,25.956663469,20.264611534,0.626594206
070700011003,2016,32.574307055,27.007793587,0.645617133
070700011003,2017,22.400004861,19.092228082,0.631864674
070700011003,2018,35.06339458,27.291089451,0.652781901
070700011003,2019,36.837783782,29.061661135,0.685466636
070700011004,2010,24.352387616,19.791572736,0.609156141
070700011004,2011,21.331324788,15.73943369,0.575648818
070700011004,2012,9.142745483,7.616472917,0.483872261
070700011004,2013,20.499058053,14.508019537,0.586427475
070700011004,2014,24.447800452,19.016686934,0.637336155
070700011004,2015,26.111692058,19.095158707,0.610033137
070700011004,2016,26.533789612,21.005120789,0.622820826
070700011004,2017,22.192645758,18.411182097,0.612756062
070700011004,2018,29.965380819,20.067690335,0.607474985
070700011004,2019,32.353865501,24.140716702,0.648457365
070700011101,2010,29.319083338,25.309244011,0.571435807
070700011101,2011,24.38886296,18.747032631,0.563235302
070700011101,2012,13.14760352,11.619966715,0.461943529
070700011101,2013,22.85833377,17.699554221,0.541789616
070700011101,2014,29.576562506,24.540657308,0.616877119
070700011101,2015,23.614986444,19.693849773,0.561458162
070700011101,2016,35.672257644,29.214209026,0.589983579
070700011101,2017,26.347261192,23.549631177,0.574929828
070700011101,2018,35.838219936,26.504783632,0.608525245
070700011101,2019,34.735121679,27.703392984,0.625932606
070700011102,2010,34.359701183,25.280412604,0.435642039
070700011102,2011,19.424881118,14.893148492,0.433199007
070700011102,2012,9.138319999,7.503212436,0.347459965
070700011102,2013,19.563893753,14.415287279,0.419200769
070700011102,2014,26.661848513,21.085834412,0.455260642
070700011102,2015,19.715942608,14.688370878,0.437506508
070700011102,2016,33.904937151,24.682626284,0.468853742
070700011102,2017,22.664767112,19.385148222,0.455256387
070700011102,2018,37.004799417,22.202907564,0.463960919
070700011102,2019,31.89359414,24.028617917,0.498531224
070700011103,2010,31.500101792,28.4899913,0.504543289
070700011103,2011,27.480010721,22.347989081,0.496549694
070700011103,2012,15.114995253,13.869146235,0.407136346
070700011103,2013,28.135844996,23.082260358,0.476818687
070700011103,2014,32.741033166,27.9661599,0.550596819
070700011103,2015,28.326472135,24.572963883,0.497552999
070700011103,2016,39.134293282,33.385478251,0.523394674
070700011103,2017,28.504761108,25.894489738,0.505752422
070700011103,2018,40.729731263,31.306120196,0.541034578
070700011103,2019,38.485991663,32.166211443,0.558751593
070700011104,2010,30.239967833,24.578314114,0.549850561
070700011104,2011,29.356393439,21.917466971,0.546567973
070700011104,2012,12.915345752,10.362882105,0.446710738
070700011104,2013,27.855762284,19.097294521,0.515161032
070700011104,2014,30.15329843,23.063258416,0.565692067
070700011104,2015,27.704998558,20.592018828,0.530304296
070700011104,2016,39.933654596,31.22050304,0.568866513
070700011104,2017,24.425144125,20.062779635,0.549942652
070700011104,2018,38.080810036,26.807932711,0.584934199
070700011104,2019,41.692717717,30.775972859,0.596755688
070700011105,2010,28.784275312,24.634404973,0.49906907
070700011105,2011,29.381853688,22.483862573,0.494089799
070700011105,2012,14.40049283,12.522987796,0.401106376
070700011105,2013,28.017410523,20.837943823,0.465919443
070700011105,2014,29.70453427,23.640975534,0.532423785
070700011105,2015,29.067616428,23.14094554,0.487489338
070700011105,2016,35.796481342,28.943590342,0.515515503
070700011105,2017,26.085929913,22.301059471,0.500155719
070700011105,2018,34.246434271,26.160151835,0.531420095
070700011105,2019,38.936936644,30.206697004,0.549859372
070700011201,2010,69.061749856,13.219679299,0.759680976
070700011201,2011,43.546416519,10.930349997,0.724811403
070700011201,2012,24.971592993,7.806236276,0.635204138
070700011201,2013,48.278131603,11.195869698,0.676877621
070700011201,2014,56.589423608,12.340764802,0.768914637
070700011201,2015,44.136462723,11.034327197,0.729089889
070700011201,2016,71.953657984,13.610920243,0.748957604
070700011201,2017,47.770238686,11.65959938,0.765920499
070700011201,2018,70.286336609,11.43570172,0.708955302
070700011201,2019,69.70515792,14.147644507,0.776515584
070700011202,2010,46.403055932,8.89362058,0.694940365
070700011202,2011,35.326124884,8.590004136,0.669455962
070700011202,2012,16.227692674,5.909512075,0.582925018
070700011202,2013,31.965460819,9.174061295,0.62900075
070700011202,2014,42.963693365,9.588829352,0.704540106
070700011202,2015,36.565065034,8.533335228,0.660229816
070700011202,2016,52.274476248,10.378451645,0.690600656
070700011202,2017,30.636563433,8.12206446,0.659265722
070700011202,2018,51.418639531,9.788533416,0.645969251
070700011202,2019,55.812426008,10.787018162,0.710669205
070700011203,2010,53.876032499,37.081203662,0.664230079
070700011203,2011,46.009899691,29.608753266,0.641184367
070700011203,2012,23.610495764,16.639765069,0.551047792
070700011203,2013,38.45194396,26.646824465,0.600713537
070700011203,2014,47.764474499,34.219172931,0.675065631
070700011203,2015,39.144249742,28.052314545,0.633811432
070700011203,2016,62.356326238,40.927304864,0.648832234
070700011203,2017,42.661729053,29.003788921,0.659811873
070700011203,2018,61.345788599,38.048976684,0.621133132
070700011203,2019,64.391657446,44.016559609,0.682987525
070700011204,2010,55.015206038,35.771558303,0.667517453
070700011204,2011,52.923118266,34.857744296,0.657456
070700011204,2012,26.41794268,17.335717874,0.565209691
070700011204,2013,40.936946163,27.220290605,0.600505407
070700011204,2014,50.620120603,34.264901972,0.682118415
070700011204,2015,47.848987987,31.621153376,0.652888001
070700011204,2016,66.787762221,43.506440572,0.666941184
070700011204,2017,45.989279933,29.934930387,0.675693983
070700011204,2018,61.951748614,36.949375856,0.627859723
070700011204,2019,67.302524903,44.031342075,0.684919922
070700011301,2010,29.722153037,22.222708701,0.555242011
070700011301,2011,30.325265078,23.635207776,0.524204978
070700011301,2012,13.279088014,10.972489339,0.436792705
070700011301,2013,30.257126268,22.909349865,0.514795221
070700011301,2014,31.979739376,25.239560409,0.545344848
070700011301,2015,37.930694046,27.498012865,0.563694083
070700011301,2016,42.873396825,33.498643892,0.57240643
070700011301,2017,33.534576598,27.535764022,0.56270179
070700011301,2018,42.554368916,24.839563714,0.570506475
070700011301,2019,44.725303391,34.036648546,0.62177571
070700011302,2010,29.783880183,20.698751614,0.615171417
070700011302,2011,26.293572051,20.477937285,0.570295935
070700011302,2012,15.059257564,12.289094673,0.500747741
070700011302,2013,23.873366073,17.935543605,0.585372223
070700011302,2014,30.52066531,23.694816126,0.624736919
070700011302,2015,29.478727453,22.036794807,0.59137207
070700011302,2016,33.855181863,26.637666111,0.602925722
070700011302,2017,31.800009453,25.400877501,0.63654415
070700011302,2018,34.736697536,21.803759624,0.601045668
070700011302,2019,39.310130256,30.022331239,0.656788638
070700011303,2010,27.765219311,21.254873699,0.537181286
070700011303,2011,25.291609695,19.015572402,0.504041126
070700011303,2012,13.135275732,10.708367899,0.439726602
070700011303,2013,25.145741349,17.18568922,0.529269972
070700011303,2014,28.100590911,20.94367394,0.562800972
070700011303,2015,33.598927206,23.128528255,0.528582973
070700011303,2016,33.957917558,26.354654533,0.572796658
070700011303,2017,25.495198671,21.393962731,0.515213998
070700011303,2018,36.819485669,21.234048261,0.538571324
070700011303,2019,42.09264179,28.40980045,0.584301216
070700011304,2010,27.26555533,18.286709577,0.582328266
070700011304,2011,25.273539518,17.540607489,0.542895722
070700011304,2012,12.771976544,9.994733919,0.480310094
070700011304,2013,26.590982478,16.548731973,0.560824089
070700011304,2014,27.655924616,19.099388931,0.599749501
070700011304,2015,32.296356076,20.439773696,0.566810121
070700011304,2016,33.197116235,23.450800304,0.60532583
070700011304,2017,26.027137375,20.388307009,0.561546523
070700011304,2018,38.235346846,19.201933316,0.574514976
070700011304,2019,42.058751424,25.633671077,0.622271907
070700011305,2010,30.090875065,17.903151277,0.554821115
070700011305,2011,28.177292798,19.0893346,0.535566655
070700011305,2012,12.538411044,9.135718791,0.458380303
070700011305,2013,25.304770804,15.866280783,0.536921181
070700011305,2014,31.825162681,21.584936775,0.561476586
070700011305,2015,32.475219996,20.45900018,0.547507043
070700011305,2016,36.725086398,25.540280126,0.556164003
070700011305,2017,31.772927149,22.591477862,0.56366955
070700011305,2018,38.119238813,19.793650735,0.571817379
070700011305,2019,42.815791816,28.079127889,0.617642198
070700011306,2010,30.791565169,20.870401392,0.467772708
070700011306,2011,29.069342367,21.126054447,0.463627843
070700011306,2012,13.695448498,9.535364758,0.375032446
070700011306,2013,27.033437367,18.093515161,0.448542839
070700011306,2014,29.265650036,21.258718429,0.483040826
070700011306,2015,30.02559526,20.578242099,0.474410209
070700011306,2016,36.15696143,26.008461216,0.480808221
070700011306,2017,28.201666136,21.328228766,0.485328788
070700011306,2018,36.205015418,21.507791077,0.488064998
070700011306,2019,39.340246048,28.275154993,0.531295422
070700020101,2010,17.248083717,9.121291472,0.576747312
070700020101,2011,22.504525111,16.660209867,0.580939035
070700020101,2012,9.703309436,8.044212221,0.476245294
070700020101,2013,13.304796323,8.940753116,0.559132949
070700020101,2014,18.549488724,11.575432394,0.616485455
070700020101,2015,20.950121664,13.289669826,0.616437749
070700020101,2016,30.940440782,21.495279966,0.603440617
070700020101,2017,20.903345953,16.429756157,0.584507841
070700020101,2018,23.240207715,13.497941475,0.610353104
070700020101,2019,34.623532073,22.763004333,0.64957469
070700020102,2010,16.829343076,8.056046538,0.561096766
070700020102,2011,19.57074048,14.483439285,0.564244096
070700020102,2012,8.239758843,6.950211803,0.462646985
070700020102,2013,13.259034595,8.600446199,0.553988883
070700020102,2014,14.857136806,9.512124949,0.598295302
070700020102,2015,20.427574468,11.578259473,0.604737115
070700020102,2016,28.690469256,19.359383492,0.589956912
070700020102,2017,18.38746759,14.597360113,0.567900181
070700020102,2018,21.622702801,11.780012988,0.599505262
070700020102,2019,31.291938149,20.17053632,0.635108423
070700020201,2010,23.692318717,11.503961483,0.621527593
070700020201,2011,24.895799179,15.486030539,0.583243006
070700020201,2012,12.05130209,8.196218053,0.497534008
070700020201,2013,17.650105787,9.091237683,0.554068842
070700020201,2014,20.120927936,10.716410835,0.588366065
070700020201,2015,26.753744938,14.697242955,0.613988017
070700020201,2016,30.569630421,18.593178609,0.594320162
070700020201,2017,19.411052596,12.918234754,0.579738166
070700020201,2018,23.493189359,11.95961752,0.599315351
070700020201,2019,34.25871575,19.085773308,0.640064187
070700020202,2010,18.584266792,11.555570273,0.59430506
070700020202,2011,19.77483397,14.347240761,0.597630877
070700020202,2012,9.416975706,8.387797127,0.479854425
070700020202,2013,15.598292047,8.167460957,0.576362767
070700020202,2014,17.415400366,10.552422427,0.604430647
070700020202,2015,21.800545667,13.961222929,0.614992194
070700020202,2016,26.39452244,18.559151577,0.601476636
070700020202,2017,17.24443947,13.91083586,0.600106609
070700020202,2018,17.254421494,11.060829075,0.637018957
070700020202,2019,28.416732964,18.769425826,0.676359188
070700020203,2010,15.742400649,7.83752194,0.494030079
070700020203,2011,15.43918962,10.037741042,0.499886252
070700020203,2012,8.118784809,6.402622826,0.404661821
070700020203,2013,13.281198427,6.798717189,0.485422147
070700020203,2014,13.269639771,7.65412355,0.506373412
070700020203,2015,18.198646635,9.915536694,0.511363932
070700020203,2016,23.091793414,13.960350693,0.507484311
070700020203,2017,13.860505353,10.083378438,0.500411241
070700020203,2018,14.918414605,8.387697333,0.510359233
070700020203,2019,22.498525511,13.075831977,0.549304991
070700020301,2010,31.690828051,15.129138544,0.621611405
070700020301,2011,29.805732587,16.274532172,0.590790194
070700020301,2012,16.177399079,7.944342371,0.536339383
070700020301,2013,31.583022214,16.993113633,0.609807375
070700020301,2014,35.614642141,18.34497836,0.663952313
070700020301,2015,46.47456378,20.813359259,0.645598429
070700020301,2016,43.048427996,22.854766132,0.656539166
070700020301,2017,29.49110734,16.211425132,0.603957742
070700020301,2018,47.853721157,20.576863383,0.627121159
070700020301,2019,50.938163049,25.404549969,0.672642362
070700020302,2010,43.486331823,16.679773461,0.686618041
070700020302,2011,32.208520158,17.059236476,0.63853636
070700020302,2012,16.518208604,8.23781537,0.561585513
070700020302,2013,34.086524486,17.432954089,0.622987443
070700020302,2014,37.664391499,18.32373833,0.68555445
070700020302,2015,50.418239382,20.524639168,0.697003344
070700020302,2016,56.092394985,24.777990659,0.713456741
070700020302,2017,30.037238275,15.954431994,0.658944915
070700020302,2018,59.382649479,21.59325011,0.659961775
070700020302,2019,59.25834712,24.286664632,0.711023562
070700020303,2010,42.252980368,25.700596601,0.694148114
070700020303,2011,38.530129148,29.177366744,0.697059796
070700020303,2012,25.725675963,20.1275992,0.604087948
070700020303,2013,39.986864745,27.151977438,0.659396383
070700020303,2014,45.333731147,29.792288876,0.728871746
070700020303,2015,60.016773111,32.272102125,0.708878904
070700020303,2016,59.321229043,36.308823408,0.720111807
070700020303,2017,33.972331861,26.268223225,0.69173977
070700020303,2018,55.243989912,30.102300745,0.672912334
070700020303,2019,57.37529724,35.212753436,0.732264026
070700020304,2010,35.223676667,17.988675698,0.652391779
070700020304,2011,29.713169054,18.29132533,0.630174728
070700020304,2012,15.895062027,8.949129217,0.557116179
070700020304,2013,30.448836084,17.856967424,0.635299468
070700020304,2014,34.037633114,19.267572647,0.689268478
070700020304,2015,49.080804602,24.417255662,0.67374695
070700020304,2016,48.451086095,27.430521918,0.68839628
070700020304,2017,27.636238142,17.28039596,0.63673907
070700020304,2018,50.655234514,23.494633959,0.653934439
070700020304,2019,51.24044395,27.864033914,0.704061794
070700020305,2010,28.766104517,16.358636368,0.672372101
070700020305,2011,30.242843263,22.036511467,0.639856062
070700020305,2012,17.697492587,10.850421941,0.585277588
070700020305,2013,28.336470441,18.14261761,0.646364129
070700020305,2014,26.805482688,17.461526105,0.695672746
070700020305,2015,36.140641294,21.360607818,0.685236493
070700020305,2016,43.700500371,29.76767612,0.722681912
070700020305,2017,27.180748271,19.48410337,0.650283046
070700020305,2018,37.023082619,21.786106784,0.66741042
070700020305,2019,43.452791864,29.140441364,0.703477409
070700020306,2010,35.691750237,15.123994397,0.677851726
070700020306,2011,30.013721242,17.899949489,0.658123756
070700020306,2012,17.024594654,9.577541774,0.578492457
070700020306,2013,30.653755776,16.122711126,0.641730275
070700020306,2014,31.55845263,16.676607905,0.694660945
070700020306,2015,44.033883152,19.072479172,0.692063377
070700020306,2016,51.296604541,25.037684144,0.716240382
070700020306,2017,26.418556823,16.351788364,0.663026043
070700020306,2018,46.744684081,19.397876804,0.67298527
070700020306,2019,48.645122654,23.21086709,0.713519599
070700020401,2010,29.267813387,17.568709243,0.631292494
070700020401,2011,33.910723997,24.913323675,0.602065003
070700020401,2012,15.822742302,12.478350383,0.494083182
070700020401,2013,26.071646167,16.755289286,0.573418416
070700020401,2014,26.023126883,18.338530586,0.620893912
070700020401,2015,37.904998555,23.311642016,0.628219823
070700020401,2016,44.219932922,31.391744935,0.642228013
070700020401,2017,29.871374894,22.872386353,0.603800061
070700020401,2018,39.929817563,22.46344276,0.645533505
070700020401,2019,51.345387828,32.879917886,0.69867783
070700020402,2010,22.168808874,12.802373558,0.587326434
070700020402,2011,26.021162408,19.413773692,0.575634325
070700020402,2012,11.312137878,9.356584096,0.46559773
070700020402,2013,19.932090472,12.803470756,0.555584611
070700020402,2014,20.831752825,14.349141099,0.606990542
070700020402,2015,26.769893669,16.376916458,0.610227011
070700020402,2016,35.642286415,24.851227197,0.607755433
070700020402,2017,23.862149737,18.651897214,0.582195181
070700020402,2018,31.129101424,17.514172194,0.611833434
070700020402,2019,39.713457073,25.769533557,0.65817778
070700020403,2010,19.05936134,7.254908407,0.615088197
070700020403,2011,17.940562876,11.280141555,0.617380491
070700020403,2012,10.119974115,6.959941426,0.545746577
070700020403,2013,18.894901822,8.619253514,0.58558369
070700020403,2014,17.796863166,10.549361464,0.636633928
070700020403,2015,24.744872946,9.633382949,0.618680109
070700020403,2016,28.056217733,14.033323735,0.614707825
070700020403,2017,16.893229314,11.256002136,0.608763353
070700020403,2018,19.154239288,8.503015509,0.644330089
070700020403,2019,28.212225295,13.787400828,0.673389276
070700020404,2010,23.219495492,9.58914455,0.636514991
070700020404,2011,24.646801546,15.496643761,0.621545334
070700020404,2012,12.389070306,7.820922917,0.534809085
070700020404,2013,20.440623782,10.691925068,0.608035114
070700020404,2014,21.001938335,11.319228719,0.65005316
070700020404,2015,30.335680159,13.253132683,0.649032594
070700020404,2016,36.523042328,20.051208554,0.657652272
070700020404,2017,23.051470307,15.086615124,0.622939405
070700020404,2018,28.155390924,12.412433533,0.662192991
070700020404,2019,37.276634138,19.290204466,0.699656492
070700020501,2010,38.591243032,34.153725897,0.546954608
070700020501,2011,29.920842613,26.504761561,0.524121689
070700020501,2012,25.120107745,22.446187096,0.497845883
070700020501,2013,32.760880192,28.696065799,0.544194683
070700020501,2014,41.780283055,35.927903777,0.58364633
070700020501,2015,50.782434737,43.580759336,0.548443057
070700020501,2016,46.521223464,40.664350088,0.542921508
070700020501,2017,35.282401969,31.682921136,0.546099248
070700020501,2018,43.342151562,36.670994255,0.569676175
070700020501,2019,47.317045749,40.864571558,0.585035714
070700020502,2010,39.129763639,34.591405806,0.548022299
070700020502,2011,30.71814088,27.252134541,0.525571165
070700020502,2012,24.809452474,22.113310903,0.497978457
070700020502,2013,33.720180203,29.55662201,0.544344361
070700020502,2014,41.135757885,35.223718746,0.583375819
070700020502,2015,49.588982592,42.017153278,0.548925644
070700020502,2016,45.951457612,39.917480649,0.543297035
070700020502,2017,34.269422856,30.630082607,0.54630869
070700020502,2018,43.31894976,36.291600249,0.570542087
070700020502,2019,46.945317303,40.323496257,0.585515073
070700020503,2010,37.785432158,33.405008254,0.539109185
070700020503,2011,30.473208601,27.113279104,0.519456057
070700020503,2012,23.901697367,21.258440027,0.491339556
070700020503,2013,34.185308864,30.170490461,0.537505499
070700020503,2014,39.926882838,34.176069893,0.575784616
070700020503,2015,42.052701729,35.111454951,0.538832246
070700020503,2016,46.37463253,40.581162232,0.53687907
070700020503,2017,33.737270765,30.189340195,0.539210562
070700020503,2018,42.150059202,35.644236282,0.562532368
070700020503,2019,45.238961,38.939530015,0.577589732
070700020504,2010,37.840751749,33.295522134,0.548044322
070700020504,2011,31.024677835,27.572752267,0.526665091
070700020504,2012,23.327586705,20.637407736,0.497279204
070700020504,2013,33.575985246,29.284243613,0.544777664
070700020504,2014,39.788311824,33.866078191,0.583376543
070700020504,2015,43.611310349,36.217730653,0.5466389
070700020504,2016,47.957531682,41.855957712,0.545146749
070700020504,2017,33.469718733,29.789733729,0.545286186
070700020504,2018,41.921141711,34.87922972,0.571951596
070700020504,2019,46.522466945,39.887136718,0.586313443
070700020601,2010,21.964409867,16.847678517,0.441593461
070700020601,2011,17.497345483,13.35481152,0.438077974
070700020601,2012,9.564436613,7.612607346,0.387611643
070700020601,2013,20.832316301,14.265527527,0.434606031
070700020601,2014,25.283529902,19.268988769,0.464331531
070700020601,2015,24.176418256,17.637124722,0.454785589
070700020601,2016,34.592978185,25.357819999,0.465895602
070700020601,2017,19.504127964,16.255269587,0.460092502
070700020601,2018,23.121952336,16.82192652,0.456595018
070700020601,2019,28.492408768,21.796891356,0.48618782
070700020602,2010,30.212046963,21.159604373,0.598272
070700020602,2011,24.157926231,18.629240024,0.587223594
070700020602,2012,14.455557215,11.749797362,0.543169723
070700020602,2013,26.940767799,17.088897479,0.577500476
070700020602,2014,32.700085392,23.293093402,0.636308067
070700020602,2015,29.054575422,20.706450217,0.590235675
070700020602,2016,40.98532564,28.520994259,0.644389055
070700020602,2017,26.88842137,23.369532492,0.601090014
070700020602,2018,32.185456961,21.019407422,0.607645359
070700020602,2019,37.822859005,27.235470311,0.639966836
070700020701,2010,28.353780965,16.625673537,0.631952651
070700020701,2011,20.637961553,12.899138985,0.612865007
070700020701,2012,6.730426279,3.973561137,0.528172598
070700020701,2013,20.929122037,10.316630428,0.570867492
070700020701,2014,21.452160942,12.619728337,0.579562935
070700020701,2015,19.665960867,12.887067253,0.588841572
070700020701,2016,28.44343156,17.669896153,0.591232543
070700020701,2017,12.454955906,8.198353201,0.545503176
070700020701,2018,22.171578302,12.262757793,0.608073108
070700020701,2019,29.059476305,18.212105883,0.671418508
070700020702,2010,28.743554267,15.087568882,0.63512915
070700020702,2011,20.828159101,12.71020994,0.614914222
070700020702,2012,6.581741246,4.249248042,0.523529512
070700020702,2013,21.267909666,9.814087686,0.560786369
070700020702,2014,19.643273968,10.38524229,0.572481977
070700020702,2015,17.105975498,10.584875719,0.588265259
070700020702,2016,30.371508735,16.464380506,0.589202574
070700020702,2017,12.522027694,8.057129751,0.542189215
070700020702,2018,22.987390081,12.252884041,0.610781286
070700020702,2019,29.450145056,17.292065454,0.674787888
070700020801,2010,29.934284819,22.316022725,0.403479488
070700020801,2011,19.869720405,16.754845114,0.420145339
070700020801,2012,9.013246702,8.518329826,0.339681747
070700020801,2013,17.147678927,13.015120605,0.392006687
070700020801,2014,23.490084078,19.981721418,0.42635334
070700020801,2015,22.52265847,19.447951849,0.413135912
070700020801,2016,27.102722675,22.361871468,0.447498703
070700020801,2017,16.992315571,16.140802157,0.41892356
070700020801,2018,29.328396828,17.589444361,0.407752088
070700020801,2019,32.365842996,24.644671174,0.472897464
070700020802,2010,32.218085167,25.921740511,0.629382187
070700020802,2011,24.741638995,21.300291721,0.597790761
070700020802,2012,10.674307393,9.716252052,0.520759893
070700020802,2013,21.303499647,17.795343586,0.60255852
070700020802,2014,26.406204239,22.821786875,0.625185856
070700020802,2015,30.641213195,25.149377123,0.623173886
070700020802,2016,32.211603048,27.500214986,0.650109262
070700020802,2017,21.448866625,19.509566017,0.581798795
070700020802,2018,28.89108483,21.529310682,0.606940067
070700020802,2019,36.552706286,30.405242764,0.655785565
070700020803,2010,37.342346896,25.767110742,0.463829137
070700020803,2011,24.299943699,19.463085926,0.476751286
070700020803,2012,12.079484726,10.501745052,0.39548653
070700020803,2013,20.432752141,14.48639125,0.443710483
070700020803,2014,27.988135382,21.747896771,0.474462552
070700020803,2015,27.546111184,21.610367097,0.471547284
070700020803,2016,34.598789969,25.900297082,0.502690862
070700020803,2017,22.409569149,19.411523144,0.473964391
070700020803,2018,32.50996565,19.196064015,0.470833097
070700020803,2019,40.55588004,28.383590626,0.552778371
070700020804,2010,34.653124633,22.334737275,0.627519674
070700020804,2011,25.726980278,18.845584773,0.60242216
070700020804,2012,10.426767915,8.361731376,0.530301782
070700020804,2013,24.690702147,15.581672561,0.581012255
070700020804,2014,30.945446054,20.957645329,0.589857206
070700020804,2015,30.788088374,21.12239337,0.595370841
070700020804,2016,37.043793311,24.920373538,0.60476248
070700020804,2017,22.610588117,17.765757915,0.555872371
070700020804,2018,28.413998494,17.758601367,0.606877523
070700020804,2019,37.401144047,25.282900869,0.661524499
070700020805,2010,32.558390159,17.818160034,0.657259711
070700020805,2011,25.128856346,18.510218569,0.630015151
070700020805,2012,9.899848543,8.172759946,0.553283634
070700020805,2013,23.973102568,14.51255411,0.633416594
070700020805,2014,27.862212977,18.768398321,0.655403307
070700020805,2015,28.797275254,16.293596511,0.651851257
070700020805,2016,34.808721832,21.149578414,0.678160361
070700020805,2017,19.843350026,15.741779285,0.607978888
070700020805,2018,26.908826392,15.381303553,0.640564483
070700020805,2019,37.669093764,23.343186065,0.685229604
070700020806,2010,34.430575015,18.492297072,0.629233928
070700020806,2011,27.324049879,18.34693794,0.608733404
070700020806,2012,10.601849765,8.094624656,0.536936238
070700020806,2013,25.766481415,13.959789197,0.585019632
070700020806,2014,29.583515002,18.131082542,0.593232112
070700020806,2015,27.285187579,16.267041435,0.595766111
070700020806,2016,37.12966083,21.055515513,0.604988878
070700020806,2017,19.716414482,14.915539982,0.55725913
070700020806,2018,28.298915721,15.341219679,0.611865124
070700020806,2019,36.426883848,21.806601889,0.665000527
070700020901,2010,27.158034224,10.151276689,0.704698184
070700020901,2011,18.580977845,11.559021234,0.690703494
070700020901,2012,10.774619422,6.702107043,0.600761949
070700020901,2013,22.364500437,11.532229431,0.664248942
070700020901,2014,25.80040381,13.032189628,0.71687939
070700020901,2015,24.189860952,10.344648601,0.696834121
070700020901,2016,30.113534416,13.333418194,0.71762992
070700020901,2017,18.386266215,10.69707915,0.688893622
070700020901,2018,23.7246749,11.487616666,0.688452716
070700020901,2019,38.777381903,19.053099108,0.773770979
070700020902,2010,28.431983428,13.065904482,0.687084587
070700020902,2011,20.408334666,11.002762704,0.674884798
070700020902,2012,10.886173872,6.865415832,0.573511692
070700020902,2013,22.603043074,10.112059877,0.622906687
070700020902,2014,25.697393117,12.154573799,0.6804269
070700020902,2015,21.026792819,10.643211073,0.662483148
070700020902,2016,37.138135742,15.812907689,0.691510402
070700020902,2017,21.174161186,12.112650051,0.671148514
070700020902,2018,26.0875332,12.179179268,0.665105009
070700020902,2019,35.745616763,17.253112982,0.730500546
070700021001,2010,31.215780235,17.26529189,0.664322826
070700021001,2011,20.713996508,13.703374166,0.666023168
070700021001,2012,8.050253445,4.923185194,0.546089222
070700021001,2013,15.14097408,8.250469104,0.621785297
070700021001,2014,19.578147108,11.404549495,0.695028214
070700021001,2015,14.999391651,8.952740623,0.641258378
070700021001,2016,29.525959458,17.891455677,0.661498936
070700021001,2017,13.798793454,10.057045419,0.656200376
070700021001,2018,25.908090739,13.448543753,0.663259334
070700021001,2019,31.737662951,18.563620943,0.714136524
070700021002,2010,28.789025342,16.957599191,0.680177603
070700021002,2011,18.006068461,14.157073569,0.676336559
070700021002,2012,10.369597693,8.336241616,0.579292382
070700021002,2013,17.793185239,11.684746209,0.641664669
070700021002,2014,21.506736386,15.288639596,0.70396346
070700021002,2015,19.712554056,13.755202504,0.658932416
070700021002,2016,28.879745889,19.70585246,0.686134303
070700021002,2017,16.602364955,13.912388087,0.667632684
070700021002,2018,24.170843526,15.559911086,0.671575389
070700021002,2019,33.332633603,22.010514352,0.727793852
070700021003,2010,30.122502,20.234758916,0.637735516
070700021003,2011,22.564195141,16.246871388,0.634807613
070700021003,2012,12.617987381,9.315597588,0.547813559
070700021003,2013,20.907480831,13.497617861,0.593881183
070700021003,2014,23.649876923,15.558164147,0.647127746
070700021003,2015,20.47081992,14.785633448,0.612847436
070700021003,2016,38.058472403,24.253939178,0.653903599
070700021003,2017,22.375338412,16.964518119,0.631622303
070700021003,2018,26.501883147,17.217742476,0.632098385
070700021003,2019,32.444380482,22.191206577,0.676864475
070700021101,2010,30.332370562,13.544129534,0.640845206
070700021101,2011,29.608681694,15.865260533,0.627296654
070700021101,2012,24.225612971,13.984522023,0.578373925
070700021101,2013,29.112909222,14.435558987,0.61719084
070700021101,2014,35.850079297,15.486930939,0.68045841
070700021101,2015,41.181575016,17.117468552,0.647658287
070700021101,2016,44.846458765,21.319085889,0.672411293
070700021101,2017,34.105319952,21.118977994,0.664962014
070700021101,2018,45.064255833,18.142529229,0.621631536
070700021101,2019,42.817219733,19.320498784,0.66087399
070700021102,2010,23.85905729,12.945977337,0.562951245
070700021102,2011,19.206643706,11.32135255,0.546163227
070700021102,2012,10.727288386,5.686281107,0.494312097
070700021102,2013,17.325635417,8.993489971,0.531415553
070700021102,2014,23.319141734,12.079329331,0.595161545
070700021102,2015,29.591813325,15.084421423,0.570093834
070700021102,2016,37.259773568,20.260183689,0.590146042
070700021102,2017,22.939167749,14.576490464,0.584651043
070700021102,2018,30.453677332,16.126258382,0.54935826
070700021102,2019,29.968659437,16.39398145,0.589304032
070700021103,2010,15.703566932,8.08368329,0.408016527
070700021103,2011,12.205071986,7.477932076,0.400884246
070700021103,2012,6.098944762,2.945185419,0.349619908
070700021103,2013,11.785968968,5.811003807,0.389232606
070700021103,2014,14.555989149,7.700964845,0.437184202
070700021103,2015,17.478574356,9.079098685,0.414319764
070700021103,2016,27.026195083,13.19487405,0.424134307
070700021103,2017,11.687805872,7.918670838,0.422025813
070700021103,2018,16.075085749,7.704791711,0.395148373
070700021103,2019,17.051450166,9.626978245,0.439176221
070700021201,2010,25.870783341,13.330048012,0.649696985
070700021201,2011,23.218650885,13.789549032,0.629829935
070700021201,2012,15.094111984,9.157822553,0.566392523
070700021201,2013,21.960460943,12.296280439,0.613456392
070700021201,2014,31.05852974,15.839895581,0.691151729
070700021201,2015,39.830324914,20.984668913,0.66237152
070700021201,2016,37.716911772,20.357337157,0.683523576
070700021201,2017,26.574343928,16.350282017,0.670385845
070700021201,2018,39.072231009,20.207931152,0.62611441
070700021201,2019,37.656876745,20.328193762,0.670150836
070700021202,2010,13.41522843,8.820448295,0.591118681
070700021202,2011,16.045524272,12.645070662,0.570525384
070700021202,2012,4.787825002,3.620210024,0.512888658
070700021202,2013,19.564773551,13.368813228,0.594361242
070700021202,2014,19.590945979,13.964598837,0.64384757
070700021202,2015,19.380026358,12.313853664,0.598652894
070700021202,2016,34.174288443,24.655115635,0.602872847
070700021202,2017,15.354532443,12.450489193,0.596669487
070700021202,2018,19.65331402,12.910151484,0.601092234
070700021202,2019,27.045711753,18.537559033,0.657975661
070700021203,2010,25.425087145,13.054532513,0.694788666
070700021203,2011,24.490251654,14.874053947,0.674974713
070700021203,2012,14.337208558,8.48645731,0.605166074
070700021203,2013,23.381232485,13.049902403,0.650898475
070700021203,2014,29.941078153,15.29890897,0.735682558
070700021203,2015,38.554680977,20.333448967,0.705909184
070700021203,2016,43.322977875,24.411179834,0.735255277
070700021203,2017,27.028859088,17.418877258,0.723651516
070700021203,2018,38.592280632,19.52503723,0.671029944
070700021203,2019,37.178069861,19.744640422,0.721037723
070700021204,2010,28.114474397,11.56104502,0.654231477
070700021204,2011,25.469923919,12.632500817,0.645451968
070700021204,2012,16.742633011,7.802487048,0.572701076
070700021204,2013,28.010384972,13.066949487,0.625695618
070700021204,2014,37.215059441,15.748083191,0.701758741
070700021204,2015,46.580099073,19.028937781,0.673663306
070700021204,2016,44.194724583,20.594279694,0.687094018
070700021204,2017,26.507740745,13.69912915,0.655903619
070700021204,2018,42.007241253,17.118908444,0.634756556
070700021204,2019,44.324757502,19.403995966,0.686081007
070700021205,2010,20.669938752,9.476550095,0.588362556
070700021205,2011,19.226674412,10.335801051,0.576823701
070700021205,2012,10.586250583,5.312560158,0.506325578
070700021205,2013,19.991458039,9.302431453,0.557878218
070700021205,2014,24.601147652,10.789792232,0.62616664
070700021205,2015,25.246666744,11.381671764,0.590833531
070700021205,2016,36.288957024,17.247480499,0.614174401
070700021205,2017,19.695197372,11.443571792,0.606794146
070700021205,2018,25.811812579,11.459264741,0.57167777
070700021205,2019,29.274222875,13.444660396,0.624295015
070700021301,2010,21.884637486,4.198874901,0.570033762
070700021301,2011,16.984800799,4.899149758,0.576228243
070700021301,2012,9.687160419,2.778038734,0.496147888
070700021301,2013,20.075318295,4.62066041,0.55815483
070700021301,2014,22.50087933,4.585769715,0.611623176
070700021301,2015,20.800112205,3.766989464,0.574478241
070700021301,2016,37.418873068,7.415590874,0.588547215
070700021301,2017,18.224639483,4.957977212,0.585099958
070700021301,2018,22.959200901,4.287911997,0.56860471
070700021301,2019,30.713028613,6.006101137,0.614081166
070700021302,2010,37.522915469,27.231024274,0.543061101
070700021302,2011,28.259854263,19.639704558,0.562813704
070700021302,2012,19.14463173,12.445159455,0.486552891
070700021302,2013,32.402594913,21.248015013,0.545448667
070700021302,2014,36.395915342,25.679751812,0.596350683
070700021302,2015,31.344370786,24.216581438,0.548483007
070700021302,2016,52.848175866,35.840637959,0.572373781
070700021302,2017,30.390288841,23.495460728,0.570401227
070700021302,2018,36.664259668,25.220236973,0.554869333
070700021302,2019,44.14191291,30.377131322,0.602190685
070700021303,2010,42.848120149,31.969247173,0.604073113
070700021303,2011,32.45845488,25.263394062,0.6236458
070700021303,2012,23.598160896,17.751109705,0.537311294
070700021303,2013,37.06328925,28.029294297,0.596207109
070700021303,2014,40.574851368,31.034188701,0.643224324
070700021303,2015,35.662152648,28.926010982,0.610707038
070700021303,2016,56.512889743,40.78089329,0.641005306
070700021303,2017,37.904850568,31.390074986,0.63529097
070700021303,2018,40.965939207,30.18148004,0.59969254
070700021303,2019,48.903023393,36.91553098,0.639334009
070700021304,2010,36.377115829,16.408639697,0.566158563
070700021304,2011,27.243526959,13.997249499,0.58967367
070700021304,2012,18.393263711,9.808816404,0.501095747
070700021304,2013,28.974851478,14.215097606,0.569969653
070700021304,2014,32.420623714,14.931682096,0.612650271
070700021304,2015,30.010527026,13.96346221,0.571386484
070700021304,2016,45.91962274,19.905407938,0.587230052
070700021304,2017,30.450316899,15.241311142,0.593133932
070700021304,2018,33.3820682,15.169752039,0.569286772
070700021304,2019,41.575485505,18.201843569,0.60497995
070700021401,2010,22.106339315,15.638255988,0.618155965
070700021401,2011,19.599582189,14.827338946,0.613784932
070700021401,2012,11.48483865,7.372306331,0.544328899
070700021401,2013,20.893558434,14.754987238,0.599014597
070700021401,2014,23.497237005,16.785126347,0.653609261
070700021401,2015,28.005915318,19.242283013,0.618298277
070700021401,2016,32.657782635,24.412674863,0.63058056
070700021401,2017,18.942889523,14.34373541,0.625064042
070700021401,2018,25.026542241,17.237766316,0.632646126
070700021401,2019,33.278748153,24.694026102,0.669297774
070700021402,2010,27.033712329,16.922232909,0.630782973
070700021402,2011,21.73771689,14.253446147,0.617778312
070700021402,2012,10.808619092,4.563074462,0.527657703
070700021402,2013,21.535025013,12.659260138,0.589907979
070700021402,2014,23.714948155,14.047221291,0.641054713
070700021402,2015,22.24351927,13.241760505,0.619032668
070700021402,2016,40.183153434,26.150587979,0.648988087
070700021402,2017,22.650251929,14.68440605,0.620570998
070700021402,2018,24.231709744,15.309103813,0.638349434
070700021402,2019,35.156751118,24.223925378,0.687359449
070700021403,2010,44.802002536,32.505818831,0.481446442
070700021403,2011,35.847140321,26.198040506,0.478655259
070700021403,2012,26.301242629,18.444647147,0.432735119
070700021403,2013,34.478625462,24.543166515,0.46888898
070700021403,2014,37.378576054,26.745652683,0.492761167
070700021403,2015,36.094264495,25.978217296,0.474598466
070700021403,2016,52.593123992,37.054351747,0.49244406
070700021403,2017,36.985610392,27.049660202,0.480637418
070700021403,2018,38.038023414,27.779642406,0.487776674
070700021403,2019,46.229167181,33.869140575,0.514506933
070700021501,2010,48.605621583,2.245242832,0.600564187
070700021501,2011,29.001786427,2.150554406,0.600656197
070700021501,2012,14.110474337,1.317735981,0.502706034
070700021501,2013,28.35709505,1.666013204,0.599693475
070700021501,2014,27.830278808,1.927898821,0.621188728
070700021501,2015,32.246680118,2.0637217,0.584336385
070700021501,2016,35.189933256,2.266930023,0.613468868
070700021501,2017,18.413248308,1.668701465,0.595488944
070700021501,2018,33.254586603,1.888898844,0.585089323
070700021501,2019,42.206426251,2.410724637,0.638198626
070700021502,2010,43.265432258,2.025947214,0.575996357
070700021502,2011,24.796376033,2.045892431,0.573241673
070700021502,2012,12.801690523,1.22584249,0.484962555
070700021502,2013,23.411060545,1.46858948,0.585856118
070700021502,2014,29.151527708,1.926095221,0.606303863
070700021502,2015,29.098371198,1.893677519,0.561940624
070700021502,2016,33.050012822,2.210018287,0.589024737
070700021502,2017,17.715164219,1.75988987,0.577511837
070700021502,2018,30.953522715,1.789168643,0.574640482
070700021502,2019,40.202456005,2.334198643,0.61693761
070700021503,2010,46.317152175,1.52575655,0.569818076
070700021503,2011,28.943488519,1.55590361,0.567137367
070700021503,2012,11.54384451,1.217306271,0.469769705
070700021503,2013,26.87890689,1.250461157,0.554412922
070700021503,2014,29.403341163,1.425608387,0.582579374
070700021503,2015,27.466291226,1.49133713,0.56468547
070700021503,2016,31.974510959,1.57160165,0.578061335
070700021503,2017,19.279222461,1.391125934,0.57268392
070700021503,2018,32.407805431,1.435487725,0.570791531
070700021503,2019,41.115865722,1.648085829,0.613840683
070700021504,2010,51.502479786,2.019459612,0.624149338
070700021504,2011,28.702040013,2.167215658,0.609062894
070700021504,2012,9.951169414,1.204630133,0.506685311
070700021504,2013,28.775656394,2.020437727,0.605609872
070700021504,2014,28.873253653,1.937301971,0.652442392
070700021504,2015,22.535755233,1.502436874,0.606028118
070700021504,2016,39.786537244,2.252216769,0.631672487
070700021504,2017,17.586642327,1.741352198,0.620529132
070700021504,2018,34.949311306,1.714367461,0.614392042
070700021504,2019,45.308239523,2.352087257,0.669961294
070700021505,2010,58.199264913,1.887229006,0.608649846
070700021505,2011,36.820444622,2.044755719,0.59946855
070700021505,2012,13.857400308,1.240535715,0.496369112
070700021505,2013,29.474429185,1.74576714,0.588065093
070700021505,2014,33.894961383,1.775350223,0.631057106
070700021505,2015,31.630616284,1.566711684,0.596365227
070700021505,2016,44.232689934,2.042028096,0.615972472
070700021505,2017,22.918599647,1.644819327,0.605914195
070700021505,2018,40.232738831,1.649700869,0.601559509
070700021505,2019,51.540194392,2.149923906,0.653643273
070700021506,2010,46.458012616,1.341028991,0.568667916
070700021506,2011,28.495743291,1.383821903,0.565292217
070700021506,2012,11.228310128,1.15488274,0.469088236
070700021506,2013,26.679715487,1.166748784,0.550822312
070700021506,2014,30.532984937,1.299936783,0.583481209
070700021506,2015,23.334705474,1.326043167,0.56288174
070700021506,2016,33.124194692,1.3986343,0.57757723
070700021506,2017,18.300825197,1.281878416,0.571628903
070700021506,2018,32.696608082,1.313927976,0.572857416
070700021506,2019,41.808791333,1.48003303,0.613530332
070700021507,2010,55.283639142,1.781715316,0.619126915
070700021507,2011,32.612283662,1.839662839,0.614310195
070700021507,2012,12.101654722,1.381242054,0.512164311
070700021507,2013,32.863252418,1.641036529,0.599055047
070700021507,2014,34.563670822,1.729962866,0.642475201
070700021507,2015,25.027855771,1.629057068,0.601046375
070700021507,2016,45.916512447,1.935424096,0.637270682
070700021507,2017,24.084443675,1.745130814,0.617793424
070700021507,2018,36.741760415,1.714846972,0.616411507
070700021507,2019,49.288009561,2.024772709,0.666120277
070700021601,2010,40.964754857,4.044137776,0.589679374
070700021601,2011,21.761275626,3.452106769,0.595636591
070700021601,2012,6.816745732,1.637872444,0.485353658
070700021601,2013,20.227280435,1.95158402,0.570616476
070700021601,2014,22.142144653,2.862066843,0.610284525
070700021601,2015,15.884501699,2.500047659,0.56722061
070700021601,2016,39.326374142,4.014203443,0.603625621
070700021601,2017,17.250287043,3.14564604,0.580830218
070700021601,2018,27.382709669,3.310455956,0.60217331
070700021601,2019,31.014100339,4.055366432,0.641264424
070700021602,2010,38.844494747,5.577753967,0.625025038
070700021602,2011,22.045074474,4.686800106,0.631630735
070700021602,2012,6.664576206,2.165951818,0.512908041
070700021602,2013,18.547458526,2.754507062,0.597843761
070700021602,2014,21.729444285,3.969864984,0.650198978
070700021602,2015,14.343268269,3.291236933,0.593015472
070700021602,2016,32.968787201,5.39331373,0.62824258
070700021602,2017,16.492990655,3.906046702,0.604481105
070700021602,2018,24.470796714,4.310206922,0.620513174
070700021602,2019,30.822500627,5.626738044,0.669358628
070700021603,2010,22.927890193,4.549980585,0.566082938
070700021603,2011,12.159978503,3.548421299,0.563409862
070700021603,2012,2.607752955,1.328226429,0.461579248
070700021603,2013,12.699164958,2.212396946,0.53118371
070700021603,2014,15.586144349,3.335285588,0.577605441
070700021603,2015,10.614774413,2.823895178,0.535961239
070700021603,2016,23.419462198,4.737791136,0.560085544
070700021603,2017,14.960798174,3.947472878,0.533531949
070700021603,2018,12.893174117,3.199452263,0.558249822
070700021603,2019,19.111759408,4.431880155,0.600399047
070700021604,2010,12.617417243,3.448104722,0.504279657
070700021604,2011,5.241569985,2.545426478,0.501095943
070700021604,2012,1.664538642,1.269470614,0.422117388
070700021604,2013,8.391915673,2.08496886,0.484396711
070700021604,2014,7.4539154,2.577354763,0.509741976
070700021604,2015,5.459594635,2.333943857,0.485500068
070700021604,2016,12.427237052,3.643309393,0.510973056
070700021604,2017,6.313298564,2.850155789,0.484970857
070700021604,2018,7.596550763,2.818143253,0.502810055
070700021604,2019,9.628125084,3.45698673,0.533616895
070700021701,2010,37.766167902,9.665140534,0.440717601
070700021701,2011,17.27462081,8.188777483,0.436982036
070700021701,2012,7.017984632,4.102283621,0.335615228
070700021701,2013,22.266033041,8.225269793,0.43057676
070700021701,2014,22.018821883,8.627491455,0.451530458
070700021701,2015,13.375206616,5.511087202,0.445012543
070700021701,2016,32.964380872,10.594453068,0.459969893
070700021701,2017,15.224579561,7.685675858,0.451036793
070700021701,2018,20.529247864,7.848911327,0.426881153
070700021701,2019,32.00785201,10.382510963,0.459628837
070700021702,2010,38.346042094,22.346807692,0.343339564
070700021702,2011,13.699666651,11.057517584,0.326706991
070700021702,2012,7.618926462,6.128056971,0.262811637
070700021702,2013,17.744687829,12.210426301,0.316512422
070700021702,2014,19.086644372,13.76529169,0.328784261
070700021702,2015,16.408296674,12.134171849,0.338872342
070700021702,2016,27.550924524,18.61126815,0.343114935
070700021702,2017,16.521555156,13.163435205,0.337583531
070700021702,2018,19.050624114,13.405941311,0.317332713
070700021702,2019,26.622754776,18.436088654,0.346957612
070700021703,2010,36.687479193,6.573250915,0.528304219
070700021703,2011,16.328916544,6.381931419,0.531324546
070700021703,2012,8.892753157,4.818762346,0.424818921
070700021703,2013,18.121107803,5.94760811,0.523007342
070700021703,2014,19.784578581,7.409141934,0.526268967
070700021703,2015,17.720338792,7.032871382,0.522849892
070700021703,2016,31.759335404,8.670025778,0.557716379
070700021703,2017,18.854861535,8.339511761,0.528382868
070700021703,2018,21.086632869,6.943390624,0.542687181
070700021703,2019,27.341743287,7.931810521,0.585543698
070700021704,2010,32.208345301,7.539216448,0.481880614
070700021704,2011,15.071891142,6.914178173,0.481612708
070700021704,2012,7.675002592,5.14380186,0.38448752
070700021704,2013,17.791001771,6.242644426,0.477254316
070700021704,2014,18.404595853,7.427561864,0.479567458
070700021704,2015,15.166507492,7.043316573,0.485081646
070700021704,2016,29.80589414,8.98617035,0.503837654
070700021704,2017,15.567438552,8.149528182,0.489392641
070700021704,2018,18.695495108,7.346360364,0.48716489
070700021704,2019,24.699985743,8.605971142,0.512869286
070700021705,2010,31.15956844,9.190233902,0.35982606
070700021705,2011,13.857380338,7.216897145,0.356953191
070700021705,2012,7.248441834,3.854904128,0.298920112
070700021705,2013,18.795255162,7.916132058,0.347370063
070700021705,2014,23.559107542,9.860300341,0.35792923
070700021705,2015,15.555785231,5.842531799,0.371323099
070700021705,2016,24.64306417,8.87814688,0.366359467
070700021705,2017,15.768698304,7.106635214,0.362208626
070700021705,2018,19.823990983,6.884641239,0.349260618
070700021705,2019,25.661796437,9.724939063,0.362607677
070700021706,2010,24.790816288,7.614783393,0.417432006
070700021706,2011,11.577963884,5.690753069,0.416581466
070700021706,2012,6.186912264,3.771306039,0.338795922
070700021706,2013,14.932461186,5.886590811,0.4050002
070700021706,2014,15.666633312,6.722679799,0.411960094
070700021706,2015,12.110629692,5.391127183,0.41887416
070700021706,2016,22.373476278,7.924458613,0.432039823
070700021706,2017,12.64400958,6.339595396,0.422070325
070700021706,2018,15.92977428,6.283320625,0.416890232
070700021706,2019,20.026114138,7.560506181,0.438762841
070700021707,2010,26.301903952,14.881427336,0.37071985
070700021707,2011,10.810950479,8.40314635,0.36872174
070700021707,2012,6.659207731,4.829235836,0.312942839
070700021707,2013,16.030784074,10.920932384,0.355326658
070700021707,2014,19.684824118,13.71849131,0.366084362
070700021707,2015,14.595512037,9.99200026,0.377219263
070700021707,2016,20.502232077,13.200981218,0.384188332
070700021707,2017,12.395494699,9.146801851,0.375359377
070700021707,2018,16.894386434,10.585356016,0.356176219
070700021707,2019,20.497806686,14.146516775,0.375933974
070700021801,2010,34.456156436,24.383878921,0.630725728
070700021801,2011,27.500009017,21.023061229,0.62347586
070700021801,2012,10.025849505,5.733098042,0.506140472
070700021801,2013,25.313078883,20.119296579,0.573337589
070700021801,2014,26.807593386,20.020841174,0.613075246
070700021801,2015,24.643115127,16.944486468,0.62585132
070700021801,2016,40.662804216,30.678985815,0.634710471
070700021801,2017,32.882178584,24.722101976,0.623944813
070700021801,2018,23.186442911,17.710229717,0.61501647
070700021801,2019,33.705010758,26.77465986,0.644466154
070700021802,2010,36.008991357,25.913009775,0.522387181
070700021802,2011,28.905862778,20.269568217,0.531804113
070700021802,2012,13.049502391,7.976279616,0.431116662
070700021802,2013,28.145604587,18.468174224,0.511759165
070700021802,2014,34.329682456,24.209102828,0.531596134
070700021802,2015,31.023375139,22.500543734,0.525506669
070700021802,2016,36.179792838,27.240867394,0.542584312
070700021802,2017,30.840131826,22.832245129,0.530089265
070700021802,2018,27.607461992,20.367506311,0.530433428
070700021802,2019,36.766215578,26.124661761,0.553281789
070700021803,2010,38.116430364,28.95383924,0.538682437
070700021803,2011,32.383331854,24.882763654,0.547979975
070700021803,2012,17.464418389,12.379208938,0.461090439
070700021803,2013,31.285566579,23.510683245,0.518717884
070700021803,2014,33.217944662,24.981048321,0.544755482
070700021803,2015,31.62037147,24.045213836,0.543117364
070700021803,2016,45.089175796,34.755085432,0.558423141
070700021803,2017,37.554436749,28.578345166,0.550017552
070700021803,2018,30.015928965,23.564967631,0.538470763
070700021803,2019,38.727151423,30.072082653,0.565898528
070700021804,2010,30.129354528,20.936999355,0.447092907
070700021804,2011,22.84961393,13.764453564,0.464714794
070700021804,2012,9.973682144,5.134488857,0.359689318
070700021804,2013,24.554086026,13.991722265,0.439276039
070700021804,2014,27.452335572,17.900257818,0.464407734
070700021804,2015,21.405083472,15.511794351,0.427804119
070700021804,2016,34.084107071,21.444770722,0.494841173
070700021804,2017,29.234437841,17.978270045,0.484125105
070700021804,2018,23.229915183,15.819343535,0.443684041
070700021804,2019,28.378071269,19.766940433,0.471800757
070700021805,2010,32.104364422,28.150011521,0.500597107
070700021805,2011,23.013668342,19.869660128,0.493441761
070700021805,2012,10.283017257,8.733151136,0.427968884
070700021805,2013,22.87037639,18.763095087,0.485789231
070700021805,2014,31.232322364,27.169590891,0.510630681
070700021805,2015,24.314077481,21.697980338,0.492094314
070700021805,2016,30.475359466,26.497505517,0.513630947
070700021805,2017,23.875576601,21.028540411,0.485677879
070700021805,2018,26.309169329,23.783166768,0.485145419
070700021805,2019,31.70919067,28.308453762,0.513765449
070700021806,2010,29.90967614,27.439149617,0.541505543
070700021806,2011,23.464951934,18.961509668,0.529753604
070700021806,2012,10.48895656,9.204007623,0.489684268
070700021806,2013,23.374508124,17.63637534,0.561903775
070700021806,2014,31.653206662,26.041517472,0.576788722
070700021806,2015,26.068090182,23.581597552,0.557185313
070700021806,2016,31.653714033,26.569751527,0.563737957
070700021806,2017,24.948915368,21.658119914,0.535630611
070700021806,2018,24.89662157,23.359846888,0.572776709
070700021806,2019,31.691378556,27.64300084,0.593070567
070700021807,2010,35.011127007,28.636140674,0.417835348
070700021807,2011,24.222319887,20.161091799,0.419466851
070700021807,2012,12.763618938,10.071778071,0.362574738
070700021807,2013,25.594489615,20.559677991,0.402774879
070700021807,2014,30.18930868,24.6799695,0.420937233
070700021807,2015,27.61698591,23.274774314,0.412979671
070700021807,2016,32.489776468,26.978737724,0.428429277
070700021807,2017,25.646324892,21.229674871,0.416980123
070700021807,2018,26.208196129,21.996943505,0.412440132
070700021807,2019,32.179489393,26.843962337,0.433445326
070700030101,2010,22.863538187,16.516687342,0.514675042
070700030101,2011,20.917654101,15.723740277,0.514181016
070700030101,2012,10.914916511,8.904064008,0.460305884
070700030101,2013,23.072502722,14.928565456,0.496091239
070700030101,2014,25.37024708,18.738886829,0.514541581
070700030101,2015,23.370371544,17.298197992,0.51211876
070700030101,2016,38.354097793,25.808015237,0.533252588
070700030101,2017,22.514295033,18.204808842,0.500793153
070700030101,2018,20.703448571,14.810467501,0.4981611
070700030101,2019,28.725845775,21.2055467,0.561691457
070700030102,2010,33.713186488,24.882144053,0.567725202
070700030102,2011,25.845328556,21.148572049,0.545241583
070700030102,2012,14.90376057,13.054942673,0.477646565
070700030102,2013,24.029891266,18.477398385,0.538145131
070700030102,2014,31.917741353,24.74858459,0.552286708
070700030102,2015,27.33036974,21.759129575,0.537357378
070700030102,2016,37.720179373,28.712102485,0.547440453
070700030102,2017,31.83901586,26.225273948,0.524425969
070700030102,2018,27.670197052,21.439475671,0.534804974
070700030102,2019,36.33143535,27.996845008,0.587732026
070700030103,2010,39.652587572,27.500654251,0.356371384
070700030103,2011,26.141803282,20.611468434,0.365912351
070700030103,2012,14.682000188,11.680091091,0.299000957
070700030103,2013,25.182785549,18.911463366,0.34733428
070700030103,2014,35.915652007,25.78968723,0.355832865
070700030103,2015,28.531334796,21.494249538,0.350383414
070700030103,2016,36.107551714,26.656793258,0.366885681
070700030103,2017,28.091614301,21.620445226,0.349041561
070700030103,2018,31.481309954,22.325120551,0.342824394
070700030103,2019,37.114057778,27.603645908,0.374574728
070700030104,2010,43.555346462,33.166060479,0.457615137
070700030104,2011,31.499515018,23.606420731,0.45796724
070700030104,2012,21.529948459,18.005087261,0.417548635
070700030104,2013,35.227826434,25.691623677,0.451801633
070700030104,2014,42.649632314,30.491998012,0.497474454
070700030104,2015,33.445007347,27.11485843,0.433705481
070700030104,2016,45.672058197,33.604785657,0.445200554
070700030104,2017,33.511000628,26.646636885,0.420296863
070700030104,2018,36.512744002,27.086510536,0.449752807
070700030104,2019,47.768667097,36.075908574,0.498587056
070700030201,2010,45.907291804,26.483206098,0.350925345
070700030201,2011,26.670755145,21.38775,0.351278735
070700030201,2012,15.376574372,12.971871083,0.28902549
070700030201,2013,28.348278845,19.000973542,0.347124238
070700030201,2014,30.955415762,20.923956838,0.354178158
070700030201,2015,25.96304607,19.880485054,0.339991505
070700030201,2016,41.94227143,27.136889798,0.361104464
070700030201,2017,30.56027892,24.086975985,0.350428918
070700030201,2018,30.844159068,20.626910102,0.339339454
070700030201,2019,38.477051665,27.951923073,0.367060746
070700030202,2010,28.03578566,15.647723881,0.367594957
070700030202,2011,13.805641844,12.068055437,0.370941441
070700030202,2012,7.086481223,6.349700077,0.312122976
070700030202,2013,18.515940996,11.739231326,0.368244315
070700030202,2014,19.385992665,13.168597331,0.380177482
070700030202,2015,17.094632711,13.597506922,0.369250978
070700030202,2016,23.395752813,15.281666059,0.379379682
070700030202,2017,17.372410411,14.765915636,0.375405208
070700030202,2018,17.855313709,12.120022331,0.361147263
070700030202,2019,26.26482331,19.711033272,0.397816907
070700030203,2010,26.699818338,19.197026012,0.42051547
070700030203,2011,16.418394837,14.845039349,0.420146447
070700030203,2012,10.637810037,10.062320493,0.3541052
070700030203,2013,20.397441212,15.362654236,0.406599236
070700030203,2014,23.51096587,18.365312308,0.435649118
070700030203,2015,18.223471408,16.794198364,0.423760887
070700030203,2016,23.548774428,19.388536975,0.430882655
070700030203,2017,20.922897876,19.27532201,0.434081075
070700030203,2018,19.753969343,16.661401221,0.414429967
070700030203,2019,30.072436555,24.757422766,0.466198285
070700030204,2010,34.466945938,21.653308018,0.429722773
070700030204,2011,21.041173712,17.090795827,0.444258399
070700030204,2012,12.648630591,10.885141197,0.37865958
070700030204,2013,27.750159949,19.560537987,0.430433123
070700030204,2014,30.885748944,21.449703621,0.443206961
070700030204,2015,22.05316721,18.487104298,0.427535427
070700030204,2016,30.318094069,22.254244081,0.439638879
070700030204,2017,24.545349695,20.464936123,0.442153805
070700030204,2018,25.313843617,19.013364066,0.436795802
070700030204,2019,37.817542796,28.508099126,0.47726145
070700030301,2010,32.406419203,17.948741332,0.404643302
070700030301,2011,20.660585433,13.581821132,0.405571032
070700030301,2012,11.281620584,6.476656064,0.327469615
070700030301,2013,18.364829695,9.657030789,0.375313376
070700030301,2014,26.60524341,14.721735835,0.392540877
070700030301,2015,18.801505743,11.571748251,0.391419241
070700030301,2016,28.280325398,16.849578174,0.401476216
070700030301,2017,20.089406149,12.507110663,0.39248649
070700030301,2018,22.776466033,12.408224458,0.387275019
070700030301,2019,30.445334012,18.602951273,0.414420737
070700030302,2010,28.893031799,15.523354562,0.42421384
070700030302,2011,18.403861144,13.005565061,0.419559124
070700030302,2012,10.275465213,6.278059323,0.349006081
070700030302,2013,19.18949936,10.936027986,0.40373766
070700030302,2014,24.087879476,13.363500801,0.417947958
070700030302,2015,17.832606934,11.24358755,0.414844072
070700030302,2016,24.793320869,15.762788649,0.419927351
070700030302,2017,19.299554731,12.48216076,0.414131668
070700030302,2018,18.260112775,10.39537138,0.409413726
070700030302,2019,28.244858132,17.46579441,0.436547686
070700030303,2010,26.927579302,22.859202495,0.570601917
070700030303,2011,23.98800977,17.995301023,0.558651093
070700030303,2012,13.054434872,10.59583439,0.501846051
070700030303,2013,20.283301976,14.04083855,0.547039163
070700030303,2014,25.90351235,18.668490341,0.599677964
070700030303,2015,19.219245942,16.31076527,0.541142706
070700030303,2016,31.08108494,24.386585438,0.554131489
070700030303,2017,21.94183495,18.238872194,0.532029461
070700030303,2018,19.154392385,14.374487208,0.557415821
070700030303,2019,34.074926729,27.312505033,0.60556327
070700030304,2010,34.049246258,19.44488759,0.383647553
070700030304,2011,23.8967986,15.396739164,0.377786925
070700030304,2012,15.864336095,9.997924776,0.32940536
070700030304,2013,24.390460518,13.797132339,0.363792706
070700030304,2014,28.88248454,15.535697006,0.376968496
070700030304,2015,24.011580504,14.394937478,0.377155526
070700030304,2016,32.914477042,19.837475975,0.381701142
070700030304,2017,25.227498308,15.979719686,0.381842595
070700030304,2018,23.780883729,14.357239934,0.370728846
070700030304,2019,41.349208057,23.369594307,0.400152723
070700030305,2010,24.457185642,5.259569213,0.386778307
070700030305,2011,13.793849631,5.813426084,0.368058856
070700030305,2012,6.298078223,2.584622342,0.310390932
070700030305,2013,14.257082245,3.599646254,0.355650525
070700030305,2014,18.862345053,4.357434084,0.373599903
070700030305,2015,13.552322774,4.074597767,0.37315359
070700030305,2016,19.023019653,5.877941671,0.376759117
070700030305,2017,18.605223408,5.729531853,0.385105298
070700030305,2018,13.045375257,3.751822157,0.374317648
070700030305,2019,32.245966333,7.33967008,0.404197088
070700030306,2010,19.53569272,8.796239553,0.375657836
070700030306,2011,12.502868916,7.061380608,0.364839696
070700030306,2012,7.172958072,3.835814631,0.314635783
070700030306,2013,12.793665067,5.284618662,0.346857384
070700030306,2014,15.724217774,6.413430011,0.366274177
070700030306,2015,11.445512856,5.662798725,0.365621781
070700030306,2016,14.52154514,7.25893673,0.367264902
070700030306,2017,13.816236092,7.119252363,0.375454745
070700030306,2018,10.214639809,5.489641465,0.36490544
070700030306,2019,25.226883468,10.419489177,0.390479663
070700030401,2010,34.443575055,26.988825987,0.423800189
070700030401,2011,25.091041223,20.303847666,0.412192922
070700030401,2012,17.026201639,14.660385704,0.364830667
070700030401,2013,24.154056324,19.080380852,0.40056567
070700030401,2014,30.600116686,22.380942619,0.41716278
070700030401,2015,24.361851166,18.640352219,0.402605302
070700030401,2016,32.235799481,26.349693793,0.420922845
070700030401,2017,29.129646299,22.453595754,0.420850843
070700030401,2018,23.028162934,18.965010094,0.408990092
070700030401,2019,42.975865557,29.603198106,0.440733229
070700030402,2010,39.531369797,28.010942591,0.466271204
070700030402,2011,27.718873514,21.767987913,0.457832983
070700030402,2012,17.725656588,14.659418054,0.386564919
070700030402,2013,26.872518518,19.982903628,0.450017944
070700030402,2014,35.939710738,24.454232428,0.463055613
070700030402,2015,26.734656765,19.686106794,0.440543753
070700030402,2016,39.570489235,28.826349233,0.471321062
070700030402,2017,31.655302023,23.105137937,0.463201257
070700030402,2018,25.607369117,19.744721049,0.451891888
070700030402,2019,43.929993806,28.541396369,0.489180337
070700030403,2010,38.590661806,22.654630213,0.379778563
070700030403,2011,27.261983244,18.679434987,0.373943206
070700030403,2012,18.642116853,14.103405358,0.334746927
070700030403,2013,25.539863205,16.488841822,0.366832857
070700030403,2014,32.358771947,18.281195073,0.372386173
070700030403,2015,26.999616982,16.759191845,0.364851797
070700030403,2016,30.646384259,19.764225508,0.376921427
070700030403,2017,31.773265039,19.672137429,0.38325374
070700030403,2018,25.2577424,16.649230508,0.372629958
070700030403,2019,44.525366674,23.612104524,0.39354368
070700030501,2010,23.217448289,13.833071311,0.429198193
070700030501,2011,21.909487329,14.831962997,0.455027683
070700030501,2012,17.697954493,12.440067776,0.355787494
070700030501,2013,22.508009231,14.042201907,0.443147667
070700030501,2014,25.922922487,13.994501593,0.43757763
070700030501,2015,20.831643185,13.037027411,0.421746494
070700030501,2016,25.15646961,14.9621477,0.460371266
070700030501,2017,25.276280031,15.314490964,0.43965209
070700030501,2018,18.905897446,12.949663205,0.432270328
070700030501,2019,25.739613322,14.414427152,0.458635436
070700030502,2010,42.268649974,14.984801719,0.446950345
070700030502,2011,24.727336101,11.814893411,0.446000265
070700030502,2012,13.262575483,6.994808963,0.375943836
070700030502,2013,26.40906598,11.868451205,0.448297276
070700030502,2014,33.710277876,13.658792376,0.452541377
070700030502,2015,25.511887896,10.939330544,0.425352357
070700030502,2016,42.165678432,15.838133655,0.461869352
070700030502,2017,28.806917331,12.17861702,0.443227273
070700030502,2018,23.028833694,9.76016033,0.436636595
070700030502,2019,37.100714845,15.561414578,0.468884386
070700030503,2010,38.786398884,17.134189585,0.402133529
070700030503,2011,23.079978983,13.164977131,0.416102942
070700030503,2012,14.270786581,8.758595376,0.326292511
070700030503,2013,25.158223905,13.104371433,0.406579866
070700030503,2014,29.852977529,14.540864857,0.39508415
070700030503,2015,24.416586787,12.640790367,0.374435738
070700030503,2016,38.075257507,17.669263061,0.431750163
070700030503,2017,28.49397306,15.586578858,0.407207648
070700030503,2018,22.153775212,11.615471388,0.398235204
070700030503,2019,32.357457846,16.275973211,0.420147995
070700030504,2010,34.25500893,11.659563365,0.299860505
070700030504,2011,17.591898211,9.352955194,0.307174868
070700030504,2012,11.573070122,7.15197905,0.275307745
070700030504,2013,19.358635225,9.251274966,0.308651922
070700030504,2014,22.724124302,9.837719506,0.308418048
070700030504,2015,18.844921244,8.895791154,0.291689624
070700030504,2016,26.30300932,10.895982773,0.310627796
070700030504,2017,21.375494744,10.14248634,0.301877004
070700030504,2018,17.373589845,8.631807963,0.30046301
070700030504,2019,24.94504221,10.850826692,0.312900541
070700030601,2010,33.16485311,27.223582092,0.430670096
070700030601,2011,21.603702852,17.298473024,0.44978479
070700030601,2012,14.206096508,11.382806952,0.322777894
070700030601,2013,23.474726,17.377147958,0.429926382
070700030601,2014,27.916743041,21.316339376,0.427595306
070700030601,2015,21.234401537,17.570318827,0.412399371
070700030601,2016,30.953722801,24.880681462,0.469607282
070700030601,2017,24.91578864,19.71606362,0.445294059
070700030601,2018,18.560505362,15.394473707,0.424901615
070700030601,2019,30.647414391,24.782506561,0.461068042
070700030602,2010,40.441989496,32.838824367,0.424580501
070700030602,2011,24.853003742,19.411511531,0.450311672
070700030602,2012,16.827699439,12.674760192,0.320379737
070700030602,2013,25.960184464,19.49026546,0.436549102
070700030602,2014,32.349141311,23.811824863,0.413078268
070700030602,2015,25.800659359,20.013074655,0.386838314
070700030602,2016,38.304008938,30.340644181,0.470647652
070700030602,2017,30.559318795,23.361910836,0.443043357
070700030602,2018,22.861392022,18.564137799,0.430052812
070700030602,2019,34.740186458,27.286115347,0.451577168
070700030603,2010,43.303736796,30.814210331,0.39105549
070700030603,2011,25.267549091,18.946325079,0.419203943
070700030603,2012,18.154326566,13.595636772,0.308712087
070700030603,2013,27.452564096,19.710786925,0.40638136
070700030603,2014,31.588463137,21.473585593,0.381730011
070700030603,2015,28.204155478,20.93090775,0.357026278
070700030603,2016,35.765677144,25.497986498,0.432590897
070700030603,2017,32.105620798,23.895036944,0.407811989
070700030603,2018,24.729335461,19.477569246,0.398550479
070700030603,2019,35.444829647,25.594099141,0.417020012
070700030701,2010,33.278057613,20.246910085,0.392863701
070700030701,2011,18.996204997,13.843415138,0.379104429
070700030701,2012,11.326262354,8.353997828,0.327053832
070700030701,2013,19.360052523,12.63448995,0.369857502
070700030701,2014,25.693223231,15.254668336,0.381285094
070700030701,2015,19.165627088,12.633573735,0.379546343
070700030701,2016,23.523647125,16.546436273,0.381571212
070700030701,2017,24.028497908,15.895566779,0.393706439
070700030701,2018,18.436357954,13.243855265,0.38299858
070700030701,2019,39.252988766,22.983021805,0.407922069
070700030702,2010,26.175151737,11.218094582,0.3845458
070700030702,2011,13.062745832,7.979093942,0.364970745
070700030702,2012,6.337256397,3.791537085,0.301068126
070700030702,2013,14.614191728,7.194643562,0.35431498
070700030702,2014,18.362747147,8.469852228,0.371326184
070700030702,2015,13.637595868,7.411766339,0.37119588
070700030702,2016,18.45902506,10.646997027,0.373881599
070700030702,2017,17.983489322,9.67689047,0.381294994
070700030702,2018,13.016012368,7.766673613,0.37425649
070700030702,2019,30.179600507,13.711225537,0.401756982
070700030703,2010,35.518309661,28.210239956,0.470788321
070700030703,2011,22.909086338,17.777168179,0.475312059
070700030703,2012,15.47890586,11.452205554,0.396852639
070700030703,2013,24.427260845,18.061157529,0.482056621
070700030703,2014,31.178880638,21.137533688,0.483554244
070700030703,2015,23.267435721,16.978265287,0.445690804
070700030703,2016,32.795850735,24.955665857,0.486521929
070700030703,2017,28.694064699,20.600794733,0.471501627
070700030703,2018,21.167532663,16.131134364,0.46548493
070700030703,2019,32.31185741,23.429738485,0.503064048
070700030704,2010,51.287801648,25.730519196,0.402139792
070700030704,2011,31.692505834,20.023023071,0.398489624
070700030704,2012,21.042528934,14.564371314,0.346210339
070700030704,2013,31.881694647,19.405483872,0.391864241
070700030704,2014,41.85459423,21.623195486,0.395152276
070700030704,2015,31.830011674,18.80076933,0.38916982
070700030704,2016,45.306176039,25.921570436,0.406072175
070700030704,2017,38.642768832,22.915819376,0.407555749
070700030704,2018,32.227188412,19.440354644,0.398637625
070700030704,2019,52.002775734,26.81578025,0.422152157
070700030705,2010,26.191931676,16.747564393,0.362379874
070700030705,2011,19.217493867,12.633166263,0.37990947
070700030705,2012,14.3515995,9.071853376,0.297168152
070700030705,2013,18.186853581,11.352540151,0.36184215
070700030705,2014,21.195121526,11.839321636,0.352756617
070700030705,2015,18.733658787,12.064876268,0.342282819
070700030705,2016,25.720972477,15.837589274,0.391823542
070700030705,2017,21.510670023,13.767558189,0.372999136
070700030705,2018,16.933990458,11.656073877,0.36538208
070700030705,2019,24.490284085,15.442502754,0.383398529
070700030801,2010,43.675096692,37.675750183,0.389523874
070700030801,2011,28.067936626,25.942430042,0.413168329
070700030801,2012,18.01077589,16.89122942,0.326915385
070700030801,2013,23.961381687,20.746862199,0.389409195
070700030801,2014,30.793695371,26.781352273,0.404268643
070700030801,2015,31.452350853,29.229807767,0.412230304
070700030801,2016,41.783717321,37.670553648,0.420460815
070700030801,2017,30.938582209,28.466296964,0.401618489
070700030801,2018,24.397037292,22.655611718,0.392321248
070700030801,2019,37.234865871,33.730439848,0.418340294
070700030802,2010,31.869711467,29.516727001,0.357105955
070700030802,2011,24.692851561,22.716212126,0.374520801
070700030802,2012,16.79228465,15.698825114,0.303553996
070700030802,2013,20.956726354,18.932018105,0.362583802
070700030802,2014,22.469216512,20.062647118,0.366441952
070700030802,2015,22.440194565,21.047902714,0.374033646
070700030802,2016,30.365043711,28.038657337,0.387549755
070700030802,2017,24.125645034,22.461376437,0.372839579
070700030802,2018,21.193584882,19.707137965,0.361742149
070700030802,2019,29.250418018,26.754878336,0.380226759
070700030803,2010,30.721342414,20.50017669,0.314875627
070700030803,2011,23.919872053,16.188536845,0.319077641
070700030803,2012,14.561441602,10.246856754,0.266391772
070700030803,2013,20.605049066,12.040718129,0.293491128
070700030803,2014,24.19032515,13.153419653,0.317539346
070700030803,2015,22.028934191,15.236796229,0.319974589
070700030803,2016,30.328857155,19.513517473,0.326233818
070700030803,2017,23.704847959,16.637788005,0.315438427
070700030803,2018,21.245722248,13.875626055,0.310409873
070700030803,2019,29.863955441,18.964756382,0.324363209
070700030804,2010,26.441671462,18.629920848,0.322674077
070700030804,2011,23.164061584,17.372424964,0.333274356
070700030804,2012,15.293918994,11.82424235,0.271665239
070700030804,2013,16.217808426,11.314130054,0.318618107
070700030804,2014,19.230522145,12.232959015,0.326694611
070700030804,2015,20.9398114,14.288009577,0.338032135
070700030804,2016,26.717844564,18.217995419,0.339533353
070700030804,2017,20.275582408,15.26006285,0.329494168
070700030804,2018,18.801401963,12.849752589,0.320795021
070700030804,2019,25.454772991,16.813519194,0.337730722
070700030901,2010,31.842474464,26.544327088,0.346572634
070700030901,2011,25.38838113,21.584152048,0.342336567
070700030901,2012,15.027165974,12.170830551,0.291274448
070700030901,2013,17.555994261,14.673942721,0.322226044
070700030901,2014,26.935372908,21.820416606,0.339050341
070700030901,2015,26.457788467,22.187308282,0.34262129
070700030901,2016,34.806056621,28.929795109,0.355660286
070700030901,2017,22.313016961,18.593223007,0.338667893
070700030901,2018,29.650831007,24.718817826,0.341530008
070700030901,2019,26.642504154,22.629162049,0.347394159
070700030902,2010,30.141361656,26.953374107,0.349480752
070700030902,2011,21.728612742,19.284365558,0.343218404
070700030902,2012,14.614427415,12.382214788,0.292048275
070700030902,2013,16.873468369,14.893393365,0.320341011
070700030902,2014,24.255070908,21.301095463,0.34087576
070700030902,2015,24.066503768,21.240812914,0.346581967
070700030902,2016,30.256088323,26.681905584,0.357724851
070700030902,2017,22.748763521,19.942952727,0.343691259
070700030902,2018,24.785019615,22.170001827,0.340016353
070700030902,2019,26.618440254,24.070798353,0.351873413
070700030903,2010,34.168073156,27.908469573,0.354801838
070700030903,2011,23.24871924,19.750942325,0.347303796
070700030903,2012,15.699143738,12.83322601,0.293530956
070700030903,2013,18.452154215,15.516624925,0.319913752
070700030903,2014,26.048594326,21.102083268,0.344476879
070700030903,2015,26.3400057,21.604709515,0.352069627
070700030903,2016,32.602495434,27.07922661,0.363509655
070700030903,2017,24.775051129,21.02510323,0.34846907
070700030903,2018,25.888749265,21.730636685,0.342552628
070700030903,2019,29.49847622,25.15596284,0.358522607
070700030904,2010,27.118651058,18.524601385,0.336578288
070700030904,2011,23.360219194,16.326040006,0.335325482
070700030904,2012,16.017574428,11.253834181,0.301282588
070700030904,2013,18.718997258,13.169536299,0.325993754
070700030904,2014,25.741607274,16.829276824,0.334909167
070700030904,2015,26.829444715,18.15698438,0.335738246
070700030904,2016,33.629037948,22.03425738,0.346695742
070700030904,2017,21.885716639,15.753951179,0.330282552
070700030904,2018,27.842585672,19.164789595,0.333908536
070700030904,2019,26.780138258,18.490165545,0.340182534
070700031001,2010,38.858462598,8.679070181,0.576531394
070700031001,2011,17.439049357,5.175549576,0.545638777
070700031001,2012,9.808469832,3.577367706,0.469396725
070700031001,2013,24.281304488,6.685451308,0.557771419
070700031001,2014,28.112336655,7.694577711,0.575765164
070700031001,2015,21.122653579,5.15024002,0.548645412
070700031001,2016,33.742684818,9.499838139,0.574148209
070700031001,2017,22.691568948,6.265047403,0.542845615
070700031001,2018,22.976635829,6.036251246,0.54637572
070700031001,2019,35.8544211,8.862324404,0.634994909
070700031002,2010,47.730729977,11.156541922,0.583499564
070700031002,2011,21.727941079,6.618462171,0.550922243
070700031002,2012,11.593152269,4.239937509,0.468046823
070700031002,2013,26.657715843,8.064936503,0.560938797
070700031002,2014,34.215297084,9.367610762,0.581921504
070700031002,2015,26.812048279,7.007866693,0.554194521
070700031002,2016,41.556884142,11.866240554,0.580378845
070700031002,2017,28.15039824,8.006996588,0.5479087
070700031002,2018,28.906721953,7.607922523,0.551414392
070700031002,2019,43.532578218,11.174534293,0.641982032
070700031003,2010,44.92942201,13.23742211,0.58118051
070700031003,2011,18.780610193,6.62729552,0.548627304
070700031003,2012,9.671677089,4.120520223,0.459731333
070700031003,2013,21.558782556,7.935535032,0.551781911
070700031003,2014,27.865451545,9.715174011,0.579138445
070700031003,2015,22.718049886,7.222186887,0.552130244
070700031003,2016,34.895042509,12.154793556,0.577526549
070700031003,2017,24.161099254,8.386583441,0.54487488
070700031003,2018,23.59918102,7.834591108,0.550238042
070700031003,2019,42.334393108,13.316143766,0.640757923
070700031004,2010,44.791377292,9.778951633,0.579536945
070700031004,2011,19.684571758,5.549881149,0.548030286
070700031004,2012,11.212708538,3.886076281,0.461488273
070700031004,2013,23.648837199,7.027599735,0.553437
070700031004,2014,30.270251259,8.112270988,0.576888779
070700031004,2015,23.546409215,5.668258495,0.550715644
070700031004,2016,36.035462414,9.918082596,0.576166297
070700031004,2017,24.835493058,6.807841278,0.544621841
070700031004,2018,25.15485603,6.387902459,0.550028423
070700031004,2019,44.245127396,10.03464362,0.63877358
070700031005,2010,42.890045208,26.36003501,0.54159174
070700031005,2011,17.963812398,13.011206598,0.498883277
070700031005,2012,11.27324254,8.575318556,0.417630821
070700031005,2013,22.2254346,15.125472665,0.511954453
070700031005,2014,29.441821223,20.401918527,0.535123722
070700031005,2015,22.813112399,17.01902498,0.50923436
070700031005,2016,33.708803959,22.622254235,0.537094181
070700031005,2017,23.428093616,17.03535858,0.503465952
070700031005,2018,23.292454023,16.196860713,0.511565735
070700031005,2019,36.735671513,24.413884402,0.595441268
070700031101,2010,38.268536673,1.988940513,0.489275667
070700031101,2011,8.292586517,0.633224555,0.437760042
070700031101,2012,2.410082023,0.267352175,0.336827114
070700031101,2013,12.8145018,1.327638721,0.421747979
070700031101,2014,16.105109023,1.006922983,0.466127142
070700031101,2015,10.540727243,0.70674725,0.457640652
070700031101,2016,26.445480099,1.375543064,0.482527869
070700031101,2017,10.019412706,0.779871656,0.447328574
070700031101,2018,18.383470278,1.247249013,0.468128786
070700031101,2019,25.235023532,1.603930929,0.524223919
070700031102,2010,34.235994176,3.4076665,0.532456344
070700031102,2011,8.222095904,0.940779391,0.484040726
070700031102,2012,2.825577608,0.414541213,0.357912934
070700031102,2013,12.813401759,1.144831323,0.460335397
070700031102,2014,17.460536799,1.965836624,0.498021667
070700031102,2015,11.912935603,1.107428817,0.499258565
070700031102,2016,28.376181477,4.160008111,0.550135131
070700031102,2017,15.21189869,2.023351228,0.506097415
070700031102,2018,19.110895832,2.478604267,0.524186234
070700031102,2019,23.909114208,2.800333656,0.578725241
070700031103,2010,52.677511312,2.635448208,0.613628263
070700031103,2011,17.565455331,1.813252144,0.567857058
070700031103,2012,6.31474627,0.442747794,0.462029038
070700031103,2013,21.732936938,2.330904757,0.550909866
070700031103,2014,27.82892012,2.666989011,0.598463139
070700031103,2015,21.660435898,1.470971581,0.579567001
070700031103,2016,41.093528745,3.205385254,0.61136993
070700031103,2017,24.859412362,2.034790326,0.582580584
070700031103,2018,31.744370835,2.570787004,0.59903367
070700031103,2019,41.563654183,3.145798169,0.656952167
070700031104,2010,49.797445196,5.038806579,0.681561283
070700031104,2011,20.583361375,3.651744842,0.641285576
070700031104,2012,7.860641371,1.403792951,0.518301131
070700031104,2013,22.301935435,3.653016071,0.594158676
070700031104,2014,31.415018053,5.253269488,0.673345744
070700031104,2015,25.187028412,3.581132842,0.655718609
070700031104,2016,37.782142254,5.291230841,0.664087704
070700031104,2017,28.671876408,4.756630482,0.653615474
070700031104,2018,30.036008544,4.046870783,0.655668824
070700031104,2019,48.508654539,6.671737879,0.723948096
070700031105,2010,42.468688752,2.782827968,0.597052478
070700031105,2011,14.384995312,1.778696975,0.552981332
070700031105,2012,5.756612022,0.490308928,0.453114255
070700031105,2013,16.466139738,2.096857402,0.535525254
070700031105,2014,25.296938682,2.651833974,0.583914032
070700031105,2015,19.209407446,1.509427228,0.565840538
070700031105,2016,35.267134051,3.384063457,0.596537089
070700031105,2017,22.512478745,2.155617683,0.567876578
070700031105,2018,26.07211324,2.564011472,0.577681502
070700031105,2019,37.389166497,3.209428817,0.640539347
070700031106,2010,45.212000206,4.13363671,0.504884278
070700031106,2011,18.67952785,2.347016987,0.458378326
070700031106,2012,9.092764525,1.095134665,0.380752085
070700031106,2013,18.118404702,2.337208744,0.450715465
070700031106,2014,26.075924009,3.107369723,0.490863886
070700031106,2015,25.288978042,2.450052506,0.483634294
070700031106,2016,27.907196774,3.510759373,0.503363149
070700031106,2017,25.752901396,2.922558862,0.47325513
070700031106,2018,23.36938656,2.790971403,0.478577399
070700031106,2019,38.292381882,4.073338916,0.538471203
070700031201,2010,39.373651631,30.180578412,0.421353306
070700031201,2011,19.949245487,16.833945794,0.392888128
070700031201,2012,13.134666412,11.303105966,0.326400455
070700031201,2013,23.465940365,18.556328206,0.399318071
070700031201,2014,29.012396085,23.305608644,0.416376988
070700031201,2015,20.962823125,18.090939735,0.396453178
070700031201,2016,34.325437738,27.755089778,0.418485563
070700031201,2017,24.914583874,21.251394348,0.393647847
070700031201,2018,22.552640961,19.149808527,0.39931461
070700031201,2019,38.256855128,30.472206032,0.466725184
070700031202,2010,45.662980486,36.725892853,0.383019408
070700031202,2011,23.654057001,19.561035595,0.359061757
070700031202,2012,16.089974148,12.967981199,0.304486341
070700031202,2013,24.976837987,19.827288764,0.362338795
070700031202,2014,29.231852157,23.083457303,0.375943406
070700031202,2015,22.990974074,19.530447105,0.361478469
070700031202,2016,43.490266193,35.299292105,0.385920681
070700031202,2017,29.003552632,24.878338541,0.358024911
070700031202,2018,24.961020603,20.992746896,0.362005763
070700031202,2019,41.597186294,34.419348009,0.427376314
070700031301,2010,21.804608904,17.119304232,0.510649502
070700031301,2011,18.172221078,14.754007114,0.485537934
070700031301,2012,7.938972058,6.718079048,0.392936202
070700031301,2013,16.725238705,12.897972964,0.481105186
070700031301,2014,16.475664465,12.216076312,0.503872197
070700031301,2015,15.253041137,11.976320672,0.504385256
070700031301,2016,25.477971208,19.661874428,0.526705626
070700031301,2017,17.327656174,14.276123665,0.488251875
070700031301,2018,13.527122029,10.980711853,0.48555177
070700031301,2019,27.356146168,20.606879443,0.567554896
070700031401,2010,29.226076616,28.164525892,0.486747275
070700031401,2011,18.328371749,17.861202842,0.490464695
070700031401,2012,10.953768622,10.797483125,0.365458865
070700031401,2013,17.689759832,17.093075896,0.443230605
070700031401,2014,23.138335422,21.943216368,0.474885106
070700031401,2015,20.801440196,20.307894321,0.483542954
070700031401,2016,24.300162444,23.778828632,0.499127348
070700031401,2017,19.192979456,18.87249772,0.477088475
070700031401,2018,18.015851535,17.698494186,0.473757066
070700031401,2019,27.380346785,26.662791774,0.513644885
070700031402,2010,26.29559976,26.033778639,0.443085794
070700031402,2011,18.698611554,18.419263649,0.446533711
070700031402,2012,14.396034015,14.320770328,0.334853652
070700031402,2013,20.62330572,20.262403211,0.400077675
070700031402,2014,23.704073527,22.929047286,0.42350495
070700031402,2015,23.618726519,23.150299598,0.440915427
070700031402,2016,24.54387244,24.341491721,0.457754792
070700031402,2017,18.52378417,18.471157451,0.427471321
070700031402,2018,20.38630684,20.2052367,0.428640093
070700031402,2019,26.307782042,26.07377435,0.469358262
070700031501,2010,21.013069394,8.713518352,0.586942285
070700031501,2011,18.613132218,8.36458902,0.53519621
070700031501,2012,7.901769339,5.340528742,0.448141476
070700031501,2013,17.973847673,6.623598065,0.521530238
070700031501,2014,19.363581283,7.761641738,0.55860274
070700031501,2015,15.91857858,8.081001964,0.561139098
070700031501,2016,25.624589309,9.919799993,0.600460374
070700031501,2017,18.449876843,9.318904561,0.566113512
070700031501,2018,29.11830369,9.851297283,0.590260548
070700031501,2019,28.229206848,11.4571333,0.645134986
070700031502,2010,21.644385812,11.610501299,0.485764934
070700031502,2011,19.386159483,11.564322311,0.474067426
070700031502,2012,10.33356579,6.834579925,0.364074865
070700031502,2013,16.37414713,8.700726385,0.437363132
070700031502,2014,18.181894971,9.696116122,0.465721248
070700031502,2015,14.033386543,8.466033209,0.458176145
070700031502,2016,23.579958576,11.932014408,0.498511605
070700031502,2017,16.899210269,10.501180067,0.474750456
070700031502,2018,23.394522393,10.798026031,0.482800643
070700031502,2019,25.182620922,13.974557481,0.512823011
070700031503,2010,18.274245202,6.617267272,0.543648295
070700031503,2011,19.347363564,8.757399948,0.52922322
070700031503,2012,10.127453428,5.7342762,0.445617958
070700031503,2013,17.394439586,7.329075884,0.494978581
070700031503,2014,17.004867629,6.164905819,0.517044975
070700031503,2015,13.615149756,6.029114975,0.536930774
070700031503,2016,21.995214026,8.957618586,0.545993295
070700031503,2017,15.880187703,8.037594323,0.511962477
070700031503,2018,22.460667934,8.36654853,0.552559696
070700031503,2019,23.977768971,11.134319312,0.583427772
070700031504,2010,23.92210534,12.320034153,0.553015556
070700031504,2011,20.987689591,11.8458004,0.512901091
070700031504,2012,11.308469671,7.837586198,0.427554155
070700031504,2013,20.47584046,9.582675198,0.494401621
070700031504,2014,20.880266026,10.338742217,0.528024724
070700031504,2015,18.372463018,10.654701377,0.527430755
070700031504,2016,26.739850435,13.221618644,0.564653203
070700031504,2017,19.87759221,11.804430683,0.531983068
070700031504,2018,25.83372407,12.047915113,0.551860644
070700031504,2019,28.375744945,14.559988059,0.601804482
070700031505,2010,46.544584192,35.889691791,0.270074167
070700031505,2011,47.446193967,37.300455186,0.259684296
070700031505,2012,34.735246093,31.869860012,0.225818941
070700031505,2013,44.436256787,31.38665344,0.239331616
070700031505,2014,45.930900021,31.190123522,0.255310455
070700031505,2015,42.192499059,33.618393454,0.266850283
070700031505,2016,47.279671513,37.930444758,0.262609574
070700031505,2017,40.999816293,36.516733134,0.257018171
070700031505,2018,47.324427356,33.263802538,0.263526722
070700031505,2019,50.78925005,37.60865651,0.270950048
070700031506,2010,41.453076056,34.86264483,0.313321342
070700031506,2011,43.757347167,36.339659897,0.302605798
070700031506,2012,30.866792005,29.70185304,0.246932296
070700031506,2013,39.714823286,30.377333173,0.27702152
070700031506,2014,41.23638134,31.164507839,0.297187183
070700031506,2015,37.348521977,32.31612586,0.312294266
070700031506,2016,41.789573336,36.774876304,0.302636901
070700031506,2017,37.677155119,35.134896708,0.300134091
070700031506,2018,41.004171172,31.756586985,0.301693625
070700031506,2019,45.24135611,36.579219054,0.314516014
070700031507,2010,53.51523133,47.391262705,0.288448366
070700031507,2011,57.555092544,48.294203691,0.271347226
070700031507,2012,41.183758715,39.233886618,0.215699967
070700031507,2013,52.305817016,41.185563566,0.245968907
070700031507,2014,54.282576632,42.282446788,0.264175889
070700031507,2015,47.884569758,42.646060672,0.28260495
070700031507,2016,55.051868967,48.921995511,0.270548857
070700031507,2017,48.887836586,45.551895769,0.26609503
070700031507,2018,55.31820811,44.024723966,0.2772927
070700031507,2019,60.010296837,49.722400876,0.284035643
070700031508,2010,29.038827258,25.831858952,0.334149355
070700031508,2011,28.538954519,24.893838908,0.32614969
070700031508,2012,19.913029295,18.281220331,0.254466541
070700031508,2013,26.069688133,22.219246883,0.302260171
070700031508,2014,28.124857744,22.118452908,0.315235094
070700031508,2015,25.785543251,23.415576314,0.328304225
070700031508,2016,30.529968676,27.177723823,0.331555964
070700031508,2017,24.957343986,23.147900031,0.314945457
070700031508,2018,27.514408271,22.930534313,0.328197326
070700031508,2019,33.056652491,28.545046448,0.346639963
070700031601,2010,16.475651662,13.541224742,0.326724649
070700031601,2011,15.292068253,12.843126577,0.31839867
070700031601,2012,8.352426781,7.484365352,0.263443663
070700031601,2013,13.799977453,10.504081186,0.319629915
070700031601,2014,12.885702585,10.125130485,0.322103875
070700031601,2015,12.791461416,10.392391836,0.315482823
070700031601,2016,22.594310853,16.841680694,0.33306942
070700031601,2017,14.264998699,12.351251428,0.31687915
070700031601,2018,15.335562753,11.528959272,0.326388894
070700031601,2019,19.930131288,15.655045892,0.341007676
070700031602,2010,17.865066924,17.070822876,0.320852665
070700031602,2011,18.169011341,17.216583193,0.321046122
070700031602,2012,12.426027305,11.818260944,0.274222132
070700031602,2013,16.725044663,15.407333812,0.318747627
070700031602,2014,15.025675398,14.047409717,0.315978708
070700031602,2015,15.279162444,14.300823159,0.310692734
070700031602,2016,24.861216933,22.664808432,0.330326736
070700031602,2017,17.408797401,16.604231422,0.311282575
070700031602,2018,16.023795341,14.949924359,0.322056609
070700031602,2019,22.482485005,20.868186936,0.343131222
070700031603,2010,14.171909378,3.418809048,0.532359799
070700031603,2011,17.680528681,4.86795984,0.525327492
070700031603,2012,7.646048854,2.777100842,0.44081899
070700031603,2013,16.752721357,3.948179846,0.504429323
070700031603,2014,14.902649526,4.05846651,0.528211683
070700031603,2015,13.369304839,3.459123932,0.533804266
070700031603,2016,30.379772236,4.710165128,0.582390865
070700031603,2017,12.480702422,4.925737121,0.526785416
070700031603,2018,16.896203436,3.430114607,0.535045488
070700031603,2019,22.651961956,5.527477151,0.587137009
070700031604,2010,19.150238999,14.342320092,0.426317346
070700031604,2011,26.941088087,16.971530921,0.420753555
070700031604,2012,15.812702446,12.36900573,0.358117856
070700031604,2013,23.793472551,14.026052098,0.409914396
070700031604,2014,19.517442779,12.784264016,0.416092964
070700031604,2015,19.653675737,14.304627741,0.430846819
070700031604,2016,35.09015883,21.896567271,0.464801855
070700031604,2017,23.383345996,17.37779583,0.418994174
070700031604,2018,21.805875551,14.820732769,0.427613576
070700031604,2019,29.796721797,19.335178063,0.469390495
070700031605,2010,24.030594413,19.496289607,0.282464613
070700031605,2011,29.049522796,22.059994373,0.283624145
070700031605,2012,19.503851335,15.802190558,0.241091643
070700031605,2013,23.929169458,18.05209621,0.280912521
070700031605,2014,22.375778201,16.297681825,0.277704805
070700031605,2015,24.635335463,18.881971911,0.27574095
070700031605,2016,39.822828717,30.034982496,0.292733938
070700031605,2017,26.814054096,21.721397289,0.284152457
070700031605,2018,30.195677304,22.387542924,0.284447378
070700031605,2019,31.701984255,24.440756976,0.29518766
070700031701,2010,14.402528861,8.259696464,0.45393173
070700031701,2011,17.509177235,8.795045003,0.438486343
070700031701,2012,5.827261492,4.376426313,0.378777414
070700031701,2013,15.164509989,6.620379056,0.436004396
070700031701,2014,17.133795804,7.750642958,0.458021578
070700031701,2015,16.284725126,8.457760154,0.437783388
070700031701,2016,23.559492523,10.560421977,0.514474869
070700031701,2017,13.367513153,8.50486182,0.456236363
070700031701,2018,16.351326892,7.032902111,0.458546722
070700031701,2019,17.902419986,9.454844362,0.530040964
070700031702,2010,20.224568953,16.195214654,0.394792969
070700031702,2011,24.327893247,17.442190244,0.391487314
070700031702,2012,15.109823715,12.516557114,0.348580703
070700031702,2013,23.179142887,15.441368037,0.389385826
070700031702,2014,18.952564007,14.234747672,0.394003424
070700031702,2015,22.06202691,17.21557398,0.388771607
070700031702,2016,32.247924957,22.278286918,0.448526527
070700031702,2017,20.21909767,16.634858253,0.404336152
070700031702,2018,22.491526609,16.044497231,0.402580311
070700031702,2019,25.782032885,19.191972171,0.462947752
070700031703,2010,15.439925691,9.395971105,0.448661521
070700031703,2011,17.951080636,9.622782075,0.432383901
070700031703,2012,6.143227277,4.951827935,0.367111313
070700031703,2013,13.982945685,6.976674207,0.431535228
070700031703,2014,19.589278244,9.298204697,0.454698738
070700031703,2015,21.290041276,10.457306677,0.434549232
070700031703,2016,26.709619916,12.504209542,0.50839753
070700031703,2017,14.611094708,9.634096619,0.453192983
070700031703,2018,20.662180098,8.906159019,0.455103538
070700031703,2019,19.884437741,10.756341513,0.525103791
070700031704,2010,20.346659275,17.530097453,0.343557871
070700031704,2011,24.023979915,19.01325482,0.348207566
070700031704,2012,12.20033704,10.673800034,0.31409241
070700031704,2013,20.539219563,15.360181216,0.363209481
070700031704,2014,22.354939484,16.520592679,0.354365417
070700031704,2015,24.798564576,19.207566569,0.346355917
070700031704,2016,30.265356514,23.653531023,0.388593181
070700031704,2017,20.354437745,17.833778619,0.353088009
070700031704,2018,25.649727304,19.045977472,0.35861384
070700031704,2019,25.567580026,21.006334845,0.407622811
070700031801,2010,10.175891916,1.491664662,0.31834769
070700031801,2011,11.254818002,1.574144766,0.312080799
070700031801,2012,11.753350146,1.421166634,0.27381627
070700031801,2013,12.160705768,1.32049964,0.301822241
070700031801,2014,14.130229955,1.398344195,0.312773648
070700031801,2015,12.961793884,1.463259294,0.318210799
070700031801,2016,15.165261606,1.619187291,0.32666654
070700031801,2017,13.961214511,1.706698603,0.313000829
070700031801,2018,11.710687417,1.424548862,0.315589921
070700031801,2019,13.59425736,1.45942242,0.327559194
070700031802,2010,16.096850508,10.306241478,0.331826762
070700031802,2011,18.683333697,11.020866629,0.329938158
070700031802,2012,9.421401398,4.996542536,0.285236017
070700031802,2013,12.202890605,7.09308664,0.312990406
070700031802,2014,15.79731736,8.233854235,0.329656842
070700031802,2015,18.155740517,10.080276847,0.330810254
070700031802,2016,25.20238611,14.542773785,0.34194011
070700031802,2017,14.627514479,9.18103601,0.323978054
070700031802,2018,20.789744787,11.112316096,0.336995583
070700031802,2019,18.162476285,10.737839237,0.337216248
070700031803,2010,12.809823646,6.271630385,0.35278761
070700031803,2011,12.147198664,5.215662261,0.350033858
070700031803,2012,8.046061887,2.762819259,0.301404595
070700031803,2013,9.605929003,3.990140833,0.334402998
070700031803,2014,11.028942371,3.825238392,0.344362426
070700031803,2015,10.999001956,4.359410474,0.350778396
070700031803,2016,16.262043009,7.20307542,0.362884892
070700031803,2017,11.76413443,5.368056327,0.348331371
070700031803,2018,11.026895708,4.225401297,0.350782682
070700031803,2019,14.565206234,6.606274417,0.369810098
070700031804,2010,14.037589575,10.406492065,0.434781403
070700031804,2011,20.046818297,14.148205026,0.431326205
070700031804,2012,9.866901459,7.072696741,0.367237285
070700031804,2013,13.866604091,10.150703848,0.414538008
070700031804,2014,14.583380936,9.155636724,0.424472422
070700031804,2015,18.714305132,12.543517555,0.429634369
070700031804,2016,24.652401324,17.077623998,0.444366807
070700031804,2017,15.513518744,11.730963015,0.437574095
070700031804,2018,19.314592365,12.166365802,0.428202296
070700031804,2019,19.759590217,14.084260224,0.443511449
070700031805,2010,18.902279933,15.055616035,0.492000018
070700031805,2011,27.021671358,19.733220301,0.512868826
070700031805,2012,13.142783674,9.656545334,0.41079189
070700031805,2013,18.915741717,14.670674242,0.473775104
070700031805,2014,22.816962037,15.891297631,0.476466348
070700031805,2015,21.818245341,16.356550956,0.467325871
070700031805,2016,30.317791505,23.236646315,0.514049718
070700031805,2017,20.991465025,16.391310043,0.480565478
070700031805,2018,25.76310198,18.257422933,0.500886634
070700031805,2019,25.025453003,18.525161174,0.513170428
070700031806,2010,21.668430965,11.530472533,0.333052563
070700031806,2011,25.44100797,12.492547334,0.337434586
070700031806,2012,14.852171314,9.080089939,0.283699481
070700031806,2013,19.669072047,10.696752144,0.31385158
070700031806,2014,26.961824496,11.733323623,0.332684349
070700031806,2015,24.804056345,12.13054466,0.332700076
070700031806,2016,32.402139545,14.88123172,0.343257336
070700031806,2017,21.963528669,13.47670123,0.323570296
070700031806,2018,27.730402079,12.588910389,0.341965273
070700031806,2019,23.599814121,12.831502956,0.341944102
070700031807,2010,19.995504255,10.488192412,0.335186053
070700031807,2011,23.442539627,11.501874404,0.338595182
070700031807,2012,13.994571945,8.431533103,0.289061184
070700031807,2013,17.942162188,9.346191305,0.315977226
070700031807,2014,23.973276824,9.92358627,0.335089469
070700031807,2015,22.357969797,10.439740316,0.333183019
070700031807,2016,27.865789355,12.654655943,0.343418273
070700031807,2017,20.447014088,12.213789621,0.325913107
070700031807,2018,27.022147992,11.599854351,0.345045703
070700031807,2019,23.003768057,11.736485066,0.346608231
070700031808,2010,16.591267495,5.98399599,0.517517109
070700031808,2011,25.376433639,8.580309359,0.552875923
070700031808,2012,11.746719333,4.105202903,0.454923718
070700031808,2013,18.067301642,7.612716536,0.524968728
070700031808,2014,27.336204883,7.482872147,0.565622613
070700031808,2015,24.845356205,6.113425172,0.560473254
070700031808,2016,34.269410124,9.649334422,0.557943402
070700031808,2017,19.696346638,8.36602526,0.480826291
070700031808,2018,28.286383246,7.089147476,0.559206939
070700031808,2019,23.768970514,9.320079197,0.581031284
070700031809,2010,21.448410558,12.459773997,0.457600029
070700031809,2011,27.049196929,14.460571278,0.463615479
070700031809,2012,13.911540787,8.16750756,0.393861484
070700031809,2013,19.930667123,12.044845622,0.450340867
070700031809,2014,26.005447966,12.917290877,0.456142495
070700031809,2015,27.02072319,13.587115804,0.451557865
070700031809,2016,32.437122114,17.133774741,0.470170415
070700031809,2017,21.008001494,13.029515907,0.448995235
070700031809,2018,31.884669159,14.976745785,0.464399699
070700031809,2019,29.245022498,16.194870272,0.478966241
070700031901,2010,24.18907537,3.314948051,0.431282391
070700031901,2011,24.32267928,3.202593913,0.433144907
070700031901,2012,12.346393425,2.20015516,0.335343293
070700031901,2013,17.388047891,3.763816136,0.442833763
070700031901,2014,30.950528978,3.055619522,0.435895098
070700031901,2015,27.007949105,2.954971659,0.395293313
070700031901,2016,40.353182901,4.660142367,0.492119753
070700031901,2017,18.311144731,3.413086026,0.425249867
070700031901,2018,28.096502592,2.575115073,0.38456577
070700031901,2019,25.48799865,3.185096762,0.443600395
070700031902,2010,26.963365545,10.758466844,0.484615335
070700031902,2011,29.931403225,12.34695638,0.495095802
070700031902,2012,17.376586582,7.875570057,0.435302133
070700031902,2013,24.842325962,11.985852687,0.502014142
070700031902,2014,34.948499144,11.972035004,0.519602234
070700031902,2015,32.503909183,8.441568315,0.483973725
070700031902,2016,41.552523551,13.348222988,0.518999304
070700031902,2017,23.72468241,11.993965779,0.47875934
070700031902,2018,36.123157471,9.443057914,0.509722825
070700031902,2019,32.261583535,12.381852129,0.549096549
070700031903,2010,25.925539814,8.864270342,0.440954677
070700031903,2011,25.853229404,8.490692707,0.446397381
070700031903,2012,15.314759698,5.846415106,0.362371208
070700031903,2013,20.226223912,8.262986161,0.458277555
070700031903,2014,33.010148319,8.507652573,0.456570317
070700031903,2015,28.441205336,7.583897955,0.416682614
070700031903,2016,41.287113208,10.471760741,0.494716823
070700031903,2017,20.249715837,8.092929314,0.43939817
070700031903,2018,29.539593416,7.730577755,0.418067812
070700031903,2019,28.743374004,8.851860915,0.471816509
070700031904,2010,32.428381314,10.80714954,0.385180784
070700031904,2011,27.499381348,11.483353814,0.362935379
070700031904,2012,15.540634365,9.368645122,0.303711366
070700031904,2013,23.702474899,9.300177665,0.3804837
070700031904,2014,32.266079395,9.80592168,0.394090983
070700031904,2015,28.939962344,10.15393487,0.383935699
070700031904,2016,44.595247752,11.600099439,0.412774759
070700031904,2017,23.263394944,12.620870078,0.38367927
070700031904,2018,37.730027122,11.724107465,0.390025017
070700031904,2019,32.688179075,11.381144788,0.408842269
070700031905,2010,37.695279546,10.734833267,0.394210199
070700031905,2011,29.676796672,11.401648046,0.386213319
070700031905,2012,17.229538158,9.4142111,0.316930329
070700031905,2013,24.707537545,9.21875578,0.392663597
070700031905,2014,32.414984584,9.783972545,0.40432724
070700031905,2015,31.30675226,10.111257313,0.394015578
070700031905,2016,46.231747095,11.528394834,0.422652654
070700031905,2017,27.139318887,12.564353303,0.395644524
070700031905,2018,38.396025206,11.73682106,0.400295016
070700031905,2019,34.973488979,11.308135611,0.419909314
070700031906,2010,29.358831802,7.339722621,0.431958356
070700031906,2011,26.774778702,7.861743411,0.423322612
070700031906,2012,14.466469443,6.188610187,0.345381148
070700031906,2013,20.391809282,6.997658078,0.434169994
070700031906,2014,32.245250902,6.963323957,0.443299482
070700031906,2015,27.984228639,6.716830213,0.419992209
070700031906,2016,41.295102216,8.385304003,0.470344826
070700031906,2017,22.904444879,8.528217999,0.426664225
070700031906,2018,30.85057094,7.556998641,0.421325502
070700031906,2019,31.198934396,7.764826076,0.457876754
070700031907,2010,24.372515683,4.882364154,0.416620284
070700031907,2011,21.13840636,4.535240184,0.394129471
070700031907,2012,10.631083999,2.538421941,0.319504272
070700031907,2013,15.451008916,3.762114152,0.398384835
070700031907,2014,22.145032473,3.356034625,0.414304
070700031907,2015,22.2667601,3.895339698,0.403624161
070700031907,2016,31.604670056,5.509505429,0.429728483
070700031907,2017,19.702984048,4.979475142,0.413336551
070700031907,2018,20.561822094,3.887555922,0.399518053
070700031907,2019,24.139571318,4.694987491,0.428245338
070700031908,2010,31.284843299,7.486680474,0.388265408
070700031908,2011,26.374862153,6.947190793,0.365778876
070700031908,2012,14.4476449,4.452516912,0.296179871
070700031908,2013,21.366708424,5.954573808,0.35833111
070700031908,2014,23.925339726,5.653812772,0.371103954
070700031908,2015,27.367368879,5.962130648,0.375422906
070700031908,2016,38.74863467,8.342115019,0.384621046
070700031908,2017,25.309928942,7.264340008,0.375710052
070700031908,2018,29.77582649,7.143661251,0.37536114
070700031908,2019,34.629396723,8.546816056,0.390965689
070700040101,2010,24.842958715,16.708892805,0.560295712
070700040101,2011,22.460318855,14.584372579,0.566145131
070700040101,2012,14.855423002,9.056034065,0.512090319
070700040101,2013,22.353737087,13.339209861,0.56579988
070700040101,2014,22.993179948,12.984971198,0.591731885
070700040101,2015,22.836144419,13.070706177,0.576721715
070700040101,2016,36.582716053,18.63649778,0.602930063
070700040101,2017,16.905183737,12.615013084,0.546845901
070700040101,2018,27.896961032,14.966521796,0.601771516
070700040101,2019,29.789442312,17.236209729,0.62725031
070700040102,2010,27.397247975,17.923687563,0.580631323
070700040102,2011,23.793153969,15.463238096,0.571195869
070700040102,2012,16.239894005,10.073935258,0.523909535
070700040102,2013,23.253083298,13.386989055,0.570681622
070700040102,2014,26.625231984,14.331498921,0.615528806
070700040102,2015,27.507335238,15.015217252,0.593820526
070700040102,2016,41.595638014,20.205820265,0.614898357
070700040102,2017,19.256992354,14.287423949,0.557224636
070700040102,2018,33.239382154,17.087163155,0.618929058
070700040102,2019,32.594115286,18.982291627,0.636873125
070700040103,2010,29.39487182,21.827937669,0.59921068
070700040103,2011,28.029576469,19.913030253,0.598625475
070700040103,2012,19.965986048,14.126898382,0.549375737
070700040103,2013,27.141638999,18.40277869,0.591157687
070700040103,2014,32.542657237,20.238664565,0.632955757
070700040103,2015,36.54653909,21.800087073,0.613689781
070700040103,2016,44.526098834,26.605034043,0.630530541
070700040103,2017,23.922466092,19.505136402,0.579779276
070700040103,2018,38.796841698,22.992688649,0.638076093
070700040103,2019,38.198641424,25.004535169,0.642978009
070700040104,2010,27.382218579,17.78050085,0.592671865
070700040104,2011,25.257276743,15.312651221,0.604260158
070700040104,2012,14.450113272,9.217184295,0.556329921
070700040104,2013,27.608768764,14.722712226,0.622320565
070700040104,2014,28.172685449,15.242954354,0.646476312
070700040104,2015,30.358895919,15.147880182,0.6247457
070700040104,2016,49.565689537,21.919051889,0.64310675
070700040104,2017,20.771623383,14.851399634,0.585034452
070700040104,2018,39.736694688,18.33196242,0.648784859
070700040104,2019,34.559229461,19.700747634,0.659052204
070700040105,2010,30.86428942,22.420516927,0.504993644
070700040105,2011,30.645430048,21.183074224,0.512613243
070700040105,2012,20.684189701,14.827678004,0.465139548
070700040105,2013,28.016648964,18.267915405,0.527091984
070700040105,2014,33.213091503,19.966221832,0.540585219
070700040105,2015,41.206260939,22.220950466,0.527390722
070700040105,2016,49.281804072,26.799865748,0.540119992
070700040105,2017,28.677729964,22.602533047,0.506483098
070700040105,2018,42.080178456,24.216187423,0.548311005
070700040105,2019,41.033057959,26.674186571,0.556415782
070700040106,2010,18.230910539,11.169084834,0.412651325
070700040106,2011,15.923975582,9.476335338,0.413865394
070700040106,2012,10.460192999,6.612893861,0.367184624
070700040106,2013,16.185138895,9.506499739,0.421256926
070700040106,2014,18.926798212,9.909181015,0.422125125
070700040106,2015,27.6908864,13.23469822,0.421646622
070700040106,2016,30.809540743,15.430483047,0.4350144
070700040106,2017,13.204962194,9.154630327,0.41475858
070700040106,2018,26.630126118,13.346588233,0.427940416
070700040106,2019,26.233449116,14.378327565,0.443196138
070700040107,2010,25.631554182,17.059272333,0.503302916
070700040107,2011,24.698762781,15.921523245,0.501722635
070700040107,2012,15.739242974,10.253478847,0.456174471
070700040107,2013,26.441009494,16.13456698,0.516062013
070700040107,2014,27.86914307,15.796459833,0.515698626
070700040107,2015,32.742423103,17.381288621,0.512984238
070700040107,2016,46.457856186,24.170253619,0.541905372
070700040107,2017,21.652724165,15.556920971,0.49728215
070700040107,2018,37.878869323,20.202080978,0.531213717
070700040107,2019,32.029074224,19.524460499,0.559313187
070700040108,2010,23.284291147,17.765717363,0.486366405
070700040108,2011,21.975115134,15.906829953,0.497235175
070700040108,2012,13.986110431,10.029103959,0.442683062
070700040108,2013,21.805551547,15.365329646,0.500080074
070700040108,2014,26.227447105,16.916831367,0.516931587
070700040108,2015,25.356989664,16.698911191,0.493858253
070700040108,2016,38.375341889,23.236027273,0.529860591
070700040108,2017,18.695308675,15.179175827,0.486882495
070700040108,2018,29.672326026,19.148405033,0.520703685
070700040108,2019,28.987859942,19.434933195,0.541820519
070700040201,2010,24.76013257,16.433542851,0.568406086
070700040201,2011,24.66388343,15.508888246,0.575739389
070700040201,2012,13.173895159,8.54168612,0.542663661
070700040201,2013,26.133163964,15.158877677,0.592868004
070700040201,2014,26.891019908,14.543650693,0.610322842
070700040201,2015,25.968429635,13.695508277,0.596770592
070700040201,2016,47.474931815,21.388832254,0.627419674
070700040201,2017,18.575614608,13.997399173,0.558402455
070700040201,2018,41.782286691,18.538063444,0.627697747
070700040201,2019,33.178504039,19.193338224,0.639128239
070700040202,2010,18.598289507,11.739173935,0.487858502
070700040202,2011,20.347301517,11.030432656,0.509960734
070700040202,2012,8.327519577,5.40896019,0.443279264
070700040202,2013,17.836005686,9.586135898,0.527583617
070700040202,2014,24.412519396,10.693825758,0.528519342
070700040202,2015,22.462494357,10.269343289,0.505950508
070700040202,2016,34.813535325,14.611678907,0.542029208
070700040202,2017,14.186166708,9.938069803,0.487297723
070700040202,2018,27.6246368,11.65420291,0.536757069
070700040202,2019,25.459618936,13.135322946,0.576125876
070700040203,2010,19.148297614,12.429067049,0.498070848
070700040203,2011,18.93179046,11.585919187,0.492326591
070700040203,2012,7.396042806,5.065999724,0.443421758
070700040203,2013,25.814044582,13.82225972,0.531942772
070700040203,2014,20.257734002,12.265584952,0.496070813
070700040203,2015,19.243345154,10.644656922,0.495444627
070700040203,2016,39.036928939,17.735438913,0.533317057
070700040203,2017,13.876821729,11.16693084,0.482118863
070700040203,2018,27.152538347,13.7989963,0.518399918
070700040203,2019,26.585535074,15.422190851,0.544269333
070700040204,2010,22.140792088,14.113639249,0.548326404
070700040204,2011,22.704765897,13.647436922,0.554785593
070700040204,2012,10.189066102,6.822805338,0.502943626
070700040204,2013,25.601857831,13.75799013,0.585245448
070700040204,2014,23.915421888,13.180187982,0.572996061
070700040204,2015,21.959652077,11.523850263,0.559504739
070700040204,2016,44.119589134,18.886231705,0.594258178
070700040204,2017,16.058286961,11.918127262,0.532962453
070700040204,2018,33.623412657,15.079638374,0.588605911
070700040204,2019,31.343694964,17.19160038,0.610420168
070700040205,2010,19.8818081,13.284033168,0.431629086
070700040205,2011,20.182929288,12.371655485,0.449543728
070700040205,2012,8.273694744,6.023902402,0.385216187
070700040205,2013,16.605407537,10.069772703,0.48310804
070700040205,2014,25.683979173,13.332012711,0.459650108
070700040205,2015,23.106274231,12.240651121,0.439237599
070700040205,2016,38.370303045,17.450886126,0.478501009
070700040205,2017,15.293290166,11.725641045,0.43524551
070700040205,2018,27.843494676,13.612077428,0.466679611
070700040205,2019,26.218622221,15.139601378,0.496053967
070700040206,2010,20.745653051,15.882927633,0.530742383
070700040206,2011,22.46573249,15.802601312,0.545948929
070700040206,2012,10.049118262,7.129161931,0.490694861
070700040206,2013,21.118276952,14.107869669,0.563244203
070700040206,2014,24.421031313,15.122241006,0.573876298
070700040206,2015,23.356594582,14.472194185,0.554626633
070700040206,2016,39.687569702,22.385548709,0.588147431
070700040206,2017,16.959541458,13.694590361,0.524909031
070700040206,2018,33.830771416,19.035559541,0.586162031
070700040206,2019,28.725737385,19.27065231,0.609641096
070700040207,2010,27.032196751,18.179178193,0.503334779
070700040207,2011,23.233222292,15.798503547,0.51267008
070700040207,2012,9.87864447,7.320112937,0.446375054
070700040207,2013,21.670981227,13.69948733,0.544235995
070700040207,2014,25.838466183,16.317042324,0.54079665
070700040207,2015,22.599193049,14.48958743,0.519198693
070700040207,2016,44.081718494,23.613427323,0.561947706
070700040207,2017,20.345999415,15.821113537,0.504040753
070700040207,2018,33.818443617,19.315512388,0.549181295
070700040207,2019,32.123482344,20.894080795,0.568701935
070700040301,2010,37.430007021,17.763095316,0.637275366
070700040301,2011,33.676629854,17.282677514,0.637549053
070700040301,2012,17.637581319,11.867522765,0.561502972
070700040301,2013,35.911908303,16.275768575,0.650560852
070700040301,2014,35.832384882,17.771761221,0.668010015
070700040301,2015,35.236451393,16.125294698,0.651936486
070700040301,2016,57.073072834,20.215390722,0.683090133
070700040301,2017,31.292750835,18.455203284,0.641141874
070700040301,2018,42.904799395,17.230217162,0.680126364
070700040301,2019,38.410524282,18.539844314,0.68404861
070700040302,2010,34.020231847,17.166300111,0.607619164
070700040302,2011,29.573864175,15.957999854,0.608509914
070700040302,2012,15.106291838,10.407347682,0.518945758
070700040302,2013,29.109164994,14.11214641,0.615537446
070700040302,2014,31.250651269,16.40736157,0.636188282
070700040302,2015,29.593412262,15.234922447,0.616232787
070700040302,2016,51.773384504,19.666844382,0.650596969
070700040302,2017,27.457002221,17.421478659,0.614061118
070700040302,2018,38.018372432,16.71223296,0.645138958
070700040302,2019,34.483596255,17.557589255,0.653565742
070700040303,2010,44.551923324,19.717653971,0.547666379
070700040303,2011,34.333165866,17.898574824,0.565682896
070700040303,2012,16.887882095,11.510937598,0.466048087
070700040303,2013,30.806722432,14.244057752,0.569998724
070700040303,2014,35.900131939,17.179409277,0.573511057
070700040303,2015,30.596772182,15.53096339,0.553301744
070700040303,2016,54.419688244,21.886305856,0.575202815
070700040303,2017,27.500773638,18.072150465,0.546540825
070700040303,2018,40.328223872,18.137152437,0.584345521
070700040303,2019,39.957386743,20.236517672,0.610729599
070700040304,2010,53.499574265,30.331903414,0.379766283
070700040304,2011,41.98728195,26.818029637,0.376125173
070700040304,2012,27.615554244,19.10933006,0.329669242
070700040304,2013,41.283089475,25.424601093,0.389260465
070700040304,2014,46.566495833,26.793917564,0.390368365
070700040304,2015,44.854677311,26.500093506,0.38503875
070700040304,2016,70.311532959,35.31666162,0.403928588
070700040304,2017,40.79017002,28.646317014,0.378502599
070700040304,2018,55.767774053,30.240634717,0.395583708
070700040304,2019,52.335581353,32.304302284,0.407808253
070700040305,2010,30.771251055,15.644294397,0.528205006
070700040305,2011,23.689911267,13.793695777,0.548572165
070700040305,2012,10.655150028,7.95657089,0.442959456
070700040305,2013,20.137948561,10.45741181,0.567293704
070700040305,2014,22.50589836,12.923046657,0.558833115
070700040305,2015,22.841650634,12.459222986,0.537987897
070700040305,2016,38.504764229,18.146027365,0.565366223
070700040305,2017,18.634082881,13.0171974,0.520247636
070700040305,2018,27.348561596,13.646946825,0.556631946
070700040305,2019,27.5532774,15.462639619,0.595375922
070700040401,2010,41.391113952,12.380867622,0.526045938
070700040401,2011,32.890826372,12.407747403,0.548861554
070700040401,2012,15.501054396,9.210779024,0.440080533
070700040401,2013,28.980693014,10.283727094,0.543832965
070700040401,2014,30.94359153,11.051512806,0.550929718
070700040401,2015,32.138167664,10.431923039,0.532321508
070700040401,2016,48.029051737,12.44339129,0.550555068
070700040401,2017,23.071327141,12.168512031,0.517530204
070700040401,2018,36.949612567,11.259846126,0.562049161
070700040401,2019,35.818232487,12.227635455,0.587125623
070700040402,2010,44.341931517,15.523059165,0.494885871
070700040402,2011,36.98391091,15.619940901,0.508130316
070700040402,2012,19.670607272,10.299878684,0.437399995
070700040402,2013,37.051493344,15.423805208,0.514507842
070700040402,2014,32.834906982,13.19672078,0.521323566
070700040402,2015,36.828240355,13.22616657,0.513388711
070700040402,2016,50.757491411,17.096322954,0.530293173
070700040402,2017,29.089571172,14.497943549,0.48530059
070700040402,2018,40.841638271,14.288110983,0.522500944
070700040402,2019,42.459242878,16.806565971,0.547108174
070700040403,2010,27.819845288,8.575625578,0.575177314
070700040403,2011,28.357368291,9.699577042,0.595801835
070700040403,2012,12.723791863,5.298805995,0.505143432
070700040403,2013,25.894530348,10.613764834,0.579563684
070700040403,2014,21.860698875,7.801064492,0.606569612
070700040403,2015,22.308256215,5.527436416,0.597033046
070700040403,2016,39.91305652,9.434475918,0.629567299
070700040403,2017,23.704043837,9.02177233,0.57769878
070700040403,2018,37.158638471,7.795325558,0.626560821
070700040403,2019,40.9913685,10.857549518,0.650878169
070700040404,2010,38.416801358,14.773548727,0.521624617
070700040404,2011,32.772483451,13.610600996,0.55511697
070700040404,2012,16.961694228,8.957496013,0.455526072
070700040404,2013,29.588000941,11.949610809,0.541517704
070700040404,2014,28.417926956,11.504414904,0.552825415
070700040404,2015,30.667329695,12.219816654,0.543516178
070700040404,2016,51.844429401,16.217212087,0.555675449
070700040404,2017,24.48147372,12.823507942,0.526648201
070700040404,2018,42.223738477,14.163565001,0.57197068
070700040404,2019,42.052725713,16.168293565,0.581304465
070700040405,2010,60.079759699,45.355998113,0.271087077
070700040405,2011,51.843933114,41.21460841,0.271937884
070700040405,2012,29.97972467,25.11801454,0.220716674
070700040405,2013,46.981733222,38.338774466,0.264763632
070700040405,2014,45.76271843,35.351708631,0.267767408
070700040405,2015,50.942523438,39.851491727,0.271868225
070700040405,2016,69.642014233,51.032015471,0.276787815
070700040405,2017,47.982201631,40.998948428,0.270391087
070700040405,2018,61.555172332,46.172217774,0.277627549
070700040405,2019,64.35625224,51.132782912,0.284305653
070700040406,2010,42.439418258,28.22208482,0.487690874
070700040406,2011,41.489143585,28.539579627,0.494480596
070700040406,2012,21.307176598,16.138853435,0.405668559
070700040406,2013,33.169414436,24.55522624,0.476105033
070700040406,2014,31.824499497,21.479838348,0.491345114
070700040406,2015,32.638123924,22.974594211,0.49148091
070700040406,2016,52.523773812,33.588242295,0.504413802
070700040406,2017,37.520450378,28.179836438,0.498000597
070700040406,2018,47.584269596,30.792247713,0.508035435
070700040406,2019,53.304191367,36.149376429,0.52251797
070700050101,2010,17.257973738,10.813300952,0.449271395
070700050101,2011,22.330155319,14.002963691,0.473570021
070700050101,2012,10.573850201,7.405361797,0.364825076
070700050101,2013,19.622336885,13.395086406,0.47064068
070700050101,2014,16.564025155,10.582654444,0.463414175
070700050101,2015,13.810807995,9.127382682,0.442679206
070700050101,2016,25.133690711,12.031349916,0.474265622
070700050101,2017,26.956078604,15.256832549,0.487483071
070700050101,2018,21.932053601,12.515097479,0.465651079
070700050101,2019,34.122577007,17.843943449,0.529424564
070700050102,2010,14.528604362,8.769308448,0.437239575
070700050102,2011,18.405945015,11.89193236,0.455750595
070700050102,2012,8.910547071,6.037807202,0.349142354
070700050102,2013,15.558312842,10.594999449,0.442393884
070700050102,2014,11.958866602,7.788282539,0.442587125
070700050102,2015,12.223418834,7.78769898,0.430762252
070700050102,2016,22.935400952,12.150906425,0.458065501
070700050102,2017,22.375080326,13.660549681,0.467603907
070700050102,2018,16.043877129,10.240184767,0.447320468
070700050102,2019,31.466414711,16.632661167,0.499982837
070700050103,2010,30.110972581,17.7270442,0.39445613
070700050103,2011,34.522479876,20.612467991,0.390375031
070700050103,2012,12.064427301,9.183221801,0.308793099
070700050103,2013,18.876468705,13.956062914,0.383528901
070700050103,2014,21.722044333,14.046811804,0.371209961
070700050103,2015,17.944584895,13.280931464,0.376936994
070700050103,2016,31.768556529,20.190012398,0.394922046
070700050103,2017,32.673586856,21.903075318,0.397368771
070700050103,2018,31.832961952,18.419034789,0.393530575
070700050103,2019,35.734193719,22.158358304,0.414263049
070700050104,2010,34.241179658,17.709968628,0.392087723
070700050104,2011,38.115787989,19.991955367,0.388407141
070700050104,2012,12.659749012,8.982762858,0.300035235
070700050104,2013,20.146648084,13.649386092,0.37499687
070700050104,2014,22.364239093,13.72812821,0.370091097
070700050104,2015,22.685541179,14.151258708,0.37793784
070700050104,2016,35.485237666,19.285986952,0.392695222
070700050104,2017,35.146800713,20.563260651,0.392606078
070700050104,2018,34.656013008,17.210882998,0.390649956
070700050104,2019,38.341276808,20.622516683,0.407904868
070700050105,2010,23.016520236,11.944869382,0.407158474
070700050105,2011,26.330536976,13.31101534,0.416943578
070700050105,2012,11.247091262,6.340786955,0.317233952
070700050105,2013,16.786435567,9.883869531,0.398503447
070700050105,2014,14.749652164,7.741571237,0.39328922
070700050105,2015,18.424286061,9.27819442,0.401983898
070700050105,2016,30.075581552,14.772761957,0.42210486
070700050105,2017,27.233344859,15.102747232,0.422517209
070700050105,2018,25.255853978,12.785771984,0.417860893
070700050105,2019,31.85064829,16.350656353,0.441996159
070700050201,2010,21.422495008,6.993415647,0.423099745
070700050201,2011,27.499857105,8.209815298,0.463614096
070700050201,2012,11.743724771,5.198206583,0.350460003
070700050201,2013,19.793285113,7.905373035,0.463947453
070700050201,2014,23.401313486,8.156678383,0.431373983
070700050201,2015,23.436085499,7.026912406,0.431517803
070700050201,2016,29.984825576,7.515103711,0.444483789
070700050201,2017,24.890661278,8.254298777,0.447025618
070700050201,2018,32.376100113,8.633357716,0.438567026
070700050201,2019,31.11865817,8.617271094,0.499278133
070700050202,2010,21.097306307,11.40462648,0.497411247
070700050202,2011,31.371038048,16.266856678,0.539529616
070700050202,2012,13.097756162,8.295861284,0.428772858
070700050202,2013,26.647673257,16.525947536,0.529152174
070700050202,2014,25.881173941,13.775986146,0.530022076
070700050202,2015,25.976085432,11.953867493,0.521696245
070700050202,2016,35.989632702,14.73619297,0.536326558
070700050202,2017,26.142257655,14.008106285,0.535545325
070700050202,2018,34.286629416,13.752591949,0.5499287
070700050202,2019,37.784224399,17.979443478,0.580563638
070700050203,2010,24.568667349,8.868680679,0.550608171
070700050203,2011,28.771431505,11.140812086,0.545351323
070700050203,2012,10.85353171,5.036917314,0.440578209
070700050203,2013,22.174545303,9.696050243,0.527693529
070700050203,2014,19.710296582,8.300846811,0.538747855
070700050203,2015,20.863100864,7.242163344,0.545706287
070700050203,2016,34.630619968,10.885704375,0.576732789
070700050203,2017,26.280063743,11.416939658,0.556458634
070700050203,2018,29.822712971,9.799437339,0.557483755
070700050203,2019,33.70438904,12.094686771,0.591816814
070700050204,2010,18.899656186,2.87670359,0.449893508
070700050204,2011,27.081386352,3.476962383,0.456439295
070700050204,2012,9.103210807,1.489556391,0.343810321
070700050204,2013,19.723447209,2.808197335,0.451455627
070700050204,2014,20.099033288,2.667569513,0.453221717
070700050204,2015,18.913222039,2.398699807,0.439435101
070700050204,2016,33.312789976,3.632379248,0.466485388
070700050204,2017,17.442930624,2.57399931,0.444727872
070700050204,2018,33.976879139,3.744404774,0.463406247
070700050204,2019,35.394406162,4.419632898,0.495258602
070700050205,2010,20.572012498,4.763484893,0.394980815
070700050205,2011,22.385081842,4.910647447,0.400416345
070700050205,2012,9.374664192,2.532928607,0.328187568
070700050205,2013,19.508335661,4.55510837,0.403239226
070700050205,2014,17.876499979,4.174109412,0.396495937
070700050205,2015,21.456521192,4.368427172,0.39138641
070700050205,2016,36.217376638,6.240088738,0.417821919
070700050205,2017,19.172413063,4.81091973,0.397503943
070700050205,2018,27.427092099,5.355284717,0.404256777
070700050205,2019,29.65600426,5.770533443,0.435140586
070700050206,2010,19.309682639,4.832177487,0.429059471
070700050206,2011,19.037563433,4.683658487,0.428394002
070700050206,2012,7.839284199,2.326473624,0.344155881
070700050206,2013,17.920816151,4.502622756,0.432862867
070700050206,2014,14.114212899,3.878587283,0.427648633
070700050206,2015,18.774907315,4.331209115,0.426011566
070700050206,2016,31.933851567,6.461128587,0.452137136
070700050206,2017,17.422090799,4.872631399,0.429914877
070700050206,2018,23.757219134,5.285558999,0.435026652
070700050206,2019,25.934414859,5.859042476,0.470182863
070700050301,2010,17.608000595,3.941845417,0.474985491
070700050301,2011,25.356252101,4.823880473,0.476158051
070700050301,2012,8.287494405,2.152840123,0.348806005
070700050301,2013,18.593914359,3.506508634,0.484501521
070700050301,2014,17.80582816,3.359716559,0.479902551
070700050301,2015,17.734659182,3.599826561,0.471345584
070700050301,2016,30.411608955,5.24315393,0.503557532
070700050301,2017,17.855297865,4.349203645,0.470614072
070700050301,2018,29.04614134,4.620213442,0.48939802
070700050301,2019,35.394744198,6.681522894,0.539037631
070700050302,2010,22.83377899,6.311061672,0.408829995
070700050302,2011,20.503583287,6.060725436,0.400513341
070700050302,2012,6.834233047,2.791027349,0.313087271
070700050302,2013,20.431731518,4.971180637,0.420597962
070700050302,2014,15.523571494,4.658693506,0.405106764
070700050302,2015,22.630639667,5.542840658,0.402927554
070700050302,2016,31.944133336,7.890748717,0.417750608
070700050302,2017,16.987287888,5.57746508,0.402588256
070700050302,2018,25.980368612,6.835498868,0.406776222
070700050302,2019,33.518043974,8.82754875,0.452299466
070700050303,2010,21.848395262,6.013699695,0.439880827
070700050303,2011,27.377126073,7.678335231,0.434716108
070700050303,2012,10.406217295,3.361268324,0.333402884
070700050303,2013,21.283256484,5.909329505,0.443099812
070700050303,2014,19.884068283,5.46346927,0.437814883
070700050303,2015,21.17376945,5.399387418,0.434875492
070700050303,2016,32.458435458,8.450764842,0.45722671
070700050303,2017,21.942839962,6.705485472,0.435519247
070700050303,2018,28.623518397,6.827617988,0.445553202
070700050303,2019,38.544571383,10.252755064,0.483415092
070700050401,2010,33.011977558,19.679979234,0.550946895
070700050401,2011,26.392198212,17.859374078,0.574626461
070700050401,2012,11.921613835,10.098845147,0.492255329
070700050401,2013,25.614754962,17.146879893,0.586961388
070700050401,2014,25.101075006,17.378397086,0.579991512
070700050401,2015,28.743340693,17.401615366,0.579931148
070700050401,2016,39.02950546,21.505331826,0.594778731
070700050401,2017,20.829923787,16.062972758,0.552397246
070700050401,2018,32.918651623,18.116192551,0.600046216
070700050401,2019,32.585901361,19.843404277,0.632589843
070700050402,2010,34.097665382,23.259638597,0.609554727
070700050402,2011,28.186807049,20.182248623,0.613785593
070700050402,2012,13.538454175,11.748736356,0.525246556
070700050402,2013,26.491624763,18.507448091,0.605988407
070700050402,2014,27.001285069,19.693962978,0.627289654
070700050402,2015,28.512005553,20.063129823,0.62675866
070700050402,2016,40.455437927,25.406804685,0.637975726
070700050402,2017,23.604607203,19.935271416,0.60293672
070700050402,2018,32.109711638,21.117725658,0.648433
070700050402,2019,37.713766324,25.775675853,0.675366184
070700050403,2010,29.541335416,22.879448096,0.550317344
070700050403,2011,29.342702841,23.32134501,0.576839366
070700050403,2012,12.652461829,11.603896616,0.49025684
070700050403,2013,25.425960335,20.466201898,0.578786868
070700050403,2014,26.3364144,21.460079594,0.579568205
070700050403,2015,26.745865371,20.606654226,0.577512048
070700050403,2016,36.921499026,27.937189809,0.594964995
070700050403,2017,23.019229981,20.475528106,0.54927766
070700050403,2018,24.582537626,19.42514195,0.592504436
070700050403,2019,35.170592965,27.687722705,0.633056756
070700050404,2010,33.502633483,26.075607176,0.607763537
070700050404,2011,28.67706118,22.752492554,0.615493929
070700050404,2012,14.735336046,13.389352988,0.518312142
070700050404,2013,26.688174117,20.646140147,0.602572011
070700050404,2014,26.593454818,20.952193335,0.622944264
070700050404,2015,28.846457442,22.222884576,0.62401468
070700050404,2016,40.765590332,29.32946206,0.636472937
070700050404,2017,26.444466692,23.398464361,0.604757186
070700050404,2018,31.317632888,24.167420943,0.646330333
070700050404,2019,39.602092617,30.737749127,0.674741579
070700050405,2010,27.360833501,24.204396137,0.557757497
070700050405,2011,29.236329086,25.012723376,0.580448127
070700050405,2012,13.609699275,12.576520093,0.489153116
070700050405,2013,27.363802552,23.512776963,0.577755668
070700050405,2014,25.980695403,22.122039653,0.582450401
070700050405,2015,23.220001237,20.491712912,0.580380773
070700050405,2016,37.393913833,31.056908787,0.600142729
070700050405,2017,26.571685412,24.309285049,0.563973192
070700050405,2018,27.017234046,23.551335375,0.59977236
070700050405,2019,38.539825765,32.58483816,0.637639007
070700050501,2010,44.299910239,39.202791856,0.380389272
070700050501,2011,47.236555868,41.464059465,0.380273075
070700050501,2012,25.991917764,24.044539161,0.323905448
070700050501,2013,37.273287599,32.446772052,0.393634139
070700050501,2014,35.131423026,30.851789779,0.382409123
070700050501,2015,30.833969583,26.993060789,0.374375692
070700050501,2016,47.227739625,41.145965916,0.37507586
070700050501,2017,39.206652381,36.095780215,0.375104141
070700050501,2018,48.867863717,42.201612924,0.401958858
070700050501,2019,62.310518159,54.47805878,0.406330064
070700050502,2010,28.66060916,18.68126994,0.436922586
070700050502,2011,31.845186799,20.327665832,0.455087055
070700050502,2012,13.743164888,10.845169834,0.382230888
070700050502,2013,24.950367946,15.185893515,0.463599604
070700050502,2014,23.544179501,15.71613215,0.452584499
070700050502,2015,21.869359329,13.716262149,0.442538493
070700050502,2016,35.434807372,21.999202378,0.450497375
070700050502,2017,23.513704494,17.548828028,0.442119662
070700050502,2018,35.816885057,21.252121305,0.47085611
070700050502,2019,42.403651141,27.121086431,0.483831492
070700050503,2010,25.613665463,10.586855706,0.379716753
070700050503,2011,32.605127954,12.458979076,0.389374886
070700050503,2012,10.735433612,5.71565368,0.322795282
070700050503,2013,25.983126728,10.042705714,0.387287727
070700050503,2014,26.265264416,10.793456402,0.388169113
070700050503,2015,22.818463856,8.96603766,0.381007059
070700050503,2016,36.908137127,12.719631004,0.391263959
070700050503,2017,20.818129898,9.99772993,0.384362721
070700050503,2018,38.973166022,12.259450783,0.400555328
070700050503,2019,44.910295276,16.698752893,0.409938354
070700050504,2010,31.452456953,17.266366259,0.381351703
070700050504,2011,34.71458462,18.034854681,0.397249288
070700050504,2012,13.736383215,9.946813391,0.333741901
070700050504,2013,27.780357084,15.601750311,0.400894012
070700050504,2014,27.596527827,15.880137648,0.393718144
070700050504,2015,27.936903403,15.675527581,0.391485489
070700050504,2016,37.536659003,19.945884661,0.39351692
070700050504,2017,27.343526914,17.697423617,0.388751027
070700050504,2018,35.797540162,18.533801972,0.405467257
070700050504,2019,41.757021064,22.54145278,0.419756916
070700050601,2010,27.432129849,3.872174751,0.598402402
070700050601,2011,25.992390238,3.211078363,0.62410683
070700050601,2012,7.353081426,1.746763768,0.533161351
070700050601,2013,25.1708444,3.288444885,0.632938144
070700050601,2014,20.963583422,3.264483984,0.615225585
070700050601,2015,24.049835719,3.570148139,0.608833911
070700050601,2016,30.11331491,3.753815899,0.617685779
070700050601,2017,16.589178587,3.011657758,0.604020451
070700050601,2018,32.35355108,3.761327623,0.638075598
070700050601,2019,33.797956209,4.014957515,0.658288268
070700050602,2010,26.213642933,4.000041192,0.561212866
070700050602,2011,25.151915935,3.31791355,0.590398337
070700050602,2012,6.766473715,1.712078294,0.511525827
070700050602,2013,25.022448932,3.432366623,0.601775868
070700050602,2014,20.317272778,3.296023398,0.585264948
070700050602,2015,23.769698141,3.707578254,0.57903887
070700050602,2016,27.504824415,3.821457836,0.579681818
070700050602,2017,16.382630709,3.184581639,0.573172789
070700050602,2018,28.049508524,3.94151767,0.604254095
070700050602,2019,30.421962404,4.194687115,0.620795554
070700050603,2010,27.504402258,13.28720239,0.514479167
070700050603,2011,28.123372546,13.925425331,0.534603396
070700050603,2012,9.964120726,6.321270609,0.451761148
070700050603,2013,23.046414481,11.797498301,0.535028302
070700050603,2014,23.952181016,12.451641364,0.531082213
070700050603,2015,23.752923625,11.668470247,0.519315652
070700050603,2016,29.211654526,14.739000654,0.531833395
070700050603,2017,20.597070427,11.921386576,0.529993499
070700050603,2018,28.026038532,13.708989982,0.544501793
070700050603,2019,33.378956565,17.329295109,0.562566558
070700050701,2010,31.728297902,10.25078603,0.625939381
070700050701,2011,37.948637431,13.131871944,0.660246339
070700050701,2012,12.400836444,7.097869134,0.574986718
070700050701,2013,32.213608587,12.372717696,0.652917012
070700050701,2014,25.872446177,9.467156631,0.63782117
070700050701,2015,31.362258388,8.37321512,0.647508575
070700050701,2016,31.604778818,9.857215481,0.652523138
070700050701,2017,22.214997944,9.506166361,0.630369512
070700050701,2018,24.588795467,7.166306532,0.658316583
070700050701,2019,36.227993117,10.760254694,0.693053675
070700050702,2010,28.77535293,7.071651393,0.6461549
070700050702,2011,32.273576161,7.762930646,0.668737607
070700050702,2012,10.436751811,4.667297641,0.587327791
070700050702,2013,33.762427823,10.103005155,0.67197748
070700050702,2014,24.365196803,7.198290231,0.677256627
070700050702,2015,26.51209735,5.27296443,0.659728282
070700050702,2016,34.150124615,8.589601495,0.677658353
070700050702,2017,19.427268169,6.898351263,0.648798554
070700050702,2018,28.117760983,7.282207618,0.693582047
070700050702,2019,35.557127176,9.681023834,0.71074304
070700050703,2010,32.521443783,10.059103066,0.626509165
070700050703,2011,36.24107486,11.744487325,0.65834216
070700050703,2012,13.660050303,8.098793645,0.575832427
070700050703,2013,33.169530279,11.542273427,0.656220975
070700050703,2014,27.026629979,9.754649188,0.640240936
070700050703,2015,32.462037356,8.621365564,0.649378105
070700050703,2016,34.102630001,9.848029652,0.655499907
070700050703,2017,23.878741784,9.537244022,0.633894791
070700050703,2018,28.161654696,7.973455053,0.666819103
070700050703,2019,36.08522886,10.222533263,0.69696215
070700050704,2010,29.169086674,8.62348679,0.638776549
070700050704,2011,32.532656891,9.253338838,0.663125253
070700050704,2012,12.200145942,7.004129432,0.585926648
070700050704,2013,31.853695633,10.596077162,0.669423176
070700050704,2014,26.062202825,8.752879711,0.663865798
070700050704,2015,27.396114692,7.151211519,0.658674886
070700050704,2016,32.885664088,9.223625881,0.67172463
070700050704,2017,25.463723926,8.526904,0.649424426
070700050704,2018,30.599119456,8.201784441,0.688734342
070700050704,2019,35.017446043,9.952008758,0.710840067
070700050705,2010,27.166080899,16.970539539,0.60438056
070700050705,2011,30.832715221,17.630225951,0.626433043
070700050705,2012,12.814879687,10.03003472,0.548769977
070700050705,2013,28.991785708,18.014312391,0.631426865
070700050705,2014,25.247288961,15.830448558,0.627879918
070700050705,2015,24.146744921,14.493819453,0.621548702
070700050705,2016,32.262823313,18.722724968,0.636470198
070700050705,2017,21.957578996,14.512334784,0.612854311
070700050705,2018,27.702211721,16.707172635,0.6497773
070700050705,2019,35.594673505,21.064986496,0.673385378
070700050801,2010,33.77133722,14.578268829,0.628347517
070700050801,2011,35.310504145,14.169959943,0.654448803
070700050801,2012,15.709899539,11.260522661,0.564591811
070700050801,2013,29.903372279,13.373399421,0.659847342
070700050801,2014,27.631954625,13.952346568,0.662074803
070700050801,2015,30.14795997,12.642778228,0.63827803
070700050801,2016,34.048966639,13.625821323,0.667952506
070700050801,2017,24.135758016,12.869762729,0.62056131
070700050801,2018,25.360694675,12.11537731,0.664784222
070700050801,2019,39.848008642,14.586502294,0.706366062
070700050802,2010,31.946607314,14.341045174,0.627501503
070700050802,2011,32.703136069,13.913811704,0.653277142
070700050802,2012,15.892756671,11.061522207,0.561025615
070700050802,2013,33.147484977,13.833902941,0.662646357
070700050802,2014,28.588277882,13.918688238,0.662349518
070700050802,2015,28.629837838,12.609811848,0.638168963
070700050802,2016,38.24002545,14.067630497,0.669153649
070700050802,2017,22.691789048,12.579131876,0.617756579
070700050802,2018,25.637652137,11.945585156,0.664076281
070700050802,2019,40.547358455,14.523480545,0.705631075
070700050803,2010,33.249517192,14.990782546,0.622781024
070700050803,2011,34.983031754,15.91153163,0.631061504
070700050803,2012,14.817167013,9.390787857,0.562298193
070700050803,2013,32.576511664,15.638466201,0.650459027
070700050803,2014,28.903239639,14.206817603,0.653984684
070700050803,2015,26.736075307,11.242440248,0.631343994
070700050803,2016,43.633828179,15.512490946,0.665637467
070700050803,2017,25.22498608,13.836666596,0.613320276
070700050803,2018,30.265157998,11.663827948,0.662265431
070700050803,2019,42.090875359,16.26258505,0.69752166
070700050804,2010,33.209814087,17.663158186,0.615120985
070700050804,2011,33.567934156,17.767902155,0.622154205
070700050804,2012,13.483767548,10.462361406,0.549932255
070700050804,2013,27.879602831,16.477478344,0.638325943
070700050804,2014,26.98855102,16.011119878,0.641780039
070700050804,2015,25.656722573,13.318793788,0.620993922
070700050804,2016,38.60588414,18.323378983,0.65866171
070700050804,2017,23.518781267,15.538733608,0.604582854
070700050804,2018,28.007820484,14.098870457,0.652872362
070700050804,2019,39.465529823,19.556282482,0.69318063
070700050901,2010,38.129040125,5.561484611,0.706550415
070700050901,2011,34.667488211,8.985208081,0.649647815
070700050901,2012,13.460612063,1.582076319,0.533722718
070700050901,2013,37.22259174,8.46243374,0.670910572
070700050901,2014,28.57518603,4.735848803,0.662674542
070700050901,2015,35.894204763,2.936679193,0.642653965
070700050901,2016,55.028616439,6.873107444,0.752873803
070700050901,2017,26.791497289,7.136335652,0.674088684
070700050901,2018,41.771838292,3.523902671,0.66855009
070700050901,2019,41.837670994,8.867209692,0.735259614
070700050902,2010,39.932426553,8.399790443,0.711289878
070700050902,2011,35.267919076,10.784605718,0.651148974
070700050902,2012,12.483573796,2.758276782,0.534502285
070700050902,2013,37.46675071,10.930736908,0.674590853
070700050902,2014,27.407517406,6.945086892,0.66558569
070700050902,2015,32.750937081,5.304152564,0.645382049
070700050902,2016,51.286256904,9.925278291,0.756840109
070700050902,2017,25.45779072,9.172550105,0.675502488
070700050902,2018,37.389332348,6.015441188,0.671013115
070700050902,2019,43.094043275,11.844052612,0.739431042
070700050903,2010,38.137044706,10.516936664,0.706282997
070700050903,2011,36.879954763,12.636892837,0.646313254
070700050903,2012,11.742969041,3.256772423,0.523164384
070700050903,2013,36.340073619,12.536709457,0.668752996
070700050903,2014,27.50082022,8.380734355,0.660071056
070700050903,2015,27.150879693,6.62348328,0.639439828
070700050903,2016,48.418711097,12.518414613,0.751518363
070700050903,2017,24.356032158,10.106259177,0.667683278
070700050903,2018,31.206311376,7.695237878,0.664464795
070700050903,2019,43.511624153,14.065430565,0.732602266
070700051001,2010,35.94283551,14.6792804,0.628172745
070700051001,2011,30.01892306,14.895708121,0.631117379
070700051001,2012,19.070279715,10.616326562,0.595007952
070700051001,2013,35.693111944,16.556524228,0.656187924
070700051001,2014,30.989970381,14.384538744,0.65580148
070700051001,2015,35.894315394,13.187541569,0.655357803
070700051001,2016,55.992703996,17.892611848,0.69100049
070700051001,2017,26.476095781,14.781259813,0.648606772
070700051001,2018,39.747054947,13.424156275,0.698221949
070700051001,2019,36.710422946,14.762627144,0.699242705
070700051002,2010,35.635351034,12.735648308,0.632062683
070700051002,2011,28.387445022,12.133728537,0.632731594
070700051002,2012,14.662321372,8.827647251,0.585963844
070700051002,2013,32.783274294,13.706243185,0.66071798
070700051002,2014,28.292620495,12.54874248,0.666323151
070700051002,2015,37.524505518,11.807178221,0.660378762
070700051002,2016,51.874589734,15.258398582,0.699970258
070700051002,2017,23.132252161,12.669593656,0.644782742
070700051002,2018,40.042842248,12.173211923,0.706998479
070700051002,2019,34.673433297,13.183260254,0.703968465
070700051003,2010,34.483956246,11.607852847,0.642410664
070700051003,2011,29.45748154,10.291064804,0.640775391
070700051003,2012,12.786774689,7.992070006,0.579738904
070700051003,2013,32.158671126,11.590016385,0.676882731
070700051003,2014,29.127761555,11.702199932,0.686996961
070700051003,2015,32.439819112,11.314462521,0.672778538
070700051003,2016,47.639506662,13.276006392,0.712008023
070700051003,2017,21.744559477,11.290346087,0.648593022
070700051003,2018,38.379111123,12.182425575,0.719540907
070700051003,2019,34.086980527,12.485583118,0.710582702
070700051101,2010,28.926934632,7.295126921,0.539333536
070700051101,2011,24.72226021,8.035977288,0.558137901
070700051101,2012,13.23697609,5.141150318,0.510212509
070700051101,2013,29.535659396,8.614748026,0.58619571
070700051101,2014,29.893309047,8.939791066,0.557606416
070700051101,2015,26.091603087,6.025361314,0.554500153
070700051101,2016,50.282907587,10.041214332,0.590029592
070700051101,2017,19.710273118,8.407686133,0.527429719
070700051101,2018,34.618132303,6.343634278,0.576928018
070700051101,2019,33.350420379,7.961904346,0.614546664
070700051102,2010,30.606746114,4.316685148,0.519586932
070700051102,2011,22.295257824,4.40892114,0.521851497
070700051102,2012,11.769262416,3.803073943,0.488597469
070700051102,2013,28.101988764,4.518863524,0.553309007
070700051102,2014,26.854679326,4.802983987,0.54140618
070700051102,2015,30.621075691,4.412916476,0.535274971
070700051102,2016,46.859104923,4.986724335,0.576766977
070700051102,2017,18.322653979,5.070105348,0.527411887
070700051102,2018,34.495896817,4.58593886,0.572890449
070700051102,2019,32.824348569,4.979720276,0.599253947
070700051103,2010,33.48699451,10.802861996,0.611336818
070700051103,2011,27.500475812,11.399643869,0.613435437
070700051103,2012,21.665321926,10.718759225,0.569654697
070700051103,2013,34.192108002,12.515311131,0.626725831
070700051103,2014,32.667926285,12.829538334,0.623306104
070700051103,2015,34.644055544,11.367318169,0.617517557
070700051103,2016,52.553209651,12.693332545,0.649243605
070700051103,2017,24.170047985,12.815968526,0.596285033
070700051103,2018,37.974639487,11.604883059,0.648395053
070700051103,2019,39.860308727,12.606456906,0.671156795
070700051104,2010,37.699790328,13.476073365,0.570554539
070700051104,2011,29.984786713,14.282057151,0.579030417
070700051104,2012,19.909783386,12.963370893,0.524603149
070700051104,2013,30.285221538,13.652627053,0.580530983
070700051104,2014,32.929841167,14.110754623,0.574567672
070700051104,2015,42.404158588,13.577787552,0.581095664
070700051104,2016,49.023733633,14.918279674,0.593146257
070700051104,2017,27.803655116,15.330845429,0.579344955
070700051104,2018,42.057071853,13.858971568,0.618923257
070700051104,2019,39.873224805,14.543756347,0.626838447
070700051105,2010,29.362694386,3.799517383,0.556436971
070700051105,2011,22.491647288,3.942330987,0.548026266
070700051105,2012,10.859855677,3.139731076,0.521490777
070700051105,2013,29.879964533,4.607356846,0.578389856
070700051105,2014,24.362067504,3.936154578,0.579018801
070700051105,2015,32.188368199,3.343236873,0.575066685
070700051105,2016,43.214783471,4.564669989,0.608487387
070700051105,2017,16.985461377,4.313799956,0.54056798
070700051105,2018,30.451294224,3.689560416,0.603032233
070700051105,2019,31.383238814,4.654458895,0.62897537
070700051106,2010,35.268092012,10.31973835,0.640693664
070700051106,2011,29.259385197,11.127874987,0.629816309
070700051106,2012,16.181187224,9.900237783,0.556009483
070700051106,2013,30.934948685,11.208380055,0.643613262
070700051106,2014,29.965923945,11.44399085,0.659355613
070700051106,2015,31.268617794,10.608146785,0.64035515
070700051106,2016,43.939816802,11.624086304,0.678398327
070700051106,2017,23.11010072,11.590797528,0.618343544
070700051106,2018,37.487304691,10.550958283,0.684804353
070700051106,2019,34.178332125,11.666597835,0.681506118
070700051107,2010,35.712516909,8.76255692,0.629341054
070700051107,2011,29.109570178,9.377959119,0.618378702
070700051107,2012,16.316232222,7.809389334,0.558662454
070700051107,2013,31.331797539,9.75155063,0.637001522
070700051107,2014,31.800915143,9.631642816,0.648707318
070700051107,2015,37.423835651,8.504528833,0.63495532
070700051107,2016,45.439532526,9.861667879,0.671084428
070700051107,2017,23.985865847,9.621336637,0.614483171
070700051107,2018,39.880613159,8.534067483,0.679221669
070700051107,2019,33.912345307,9.828015091,0.672927187
070700051108,2010,33.766171382,12.251158765,0.576253034
070700051108,2011,31.111902763,14.021403247,0.578180217
070700051108,2012,13.968532807,7.185037,0.510955052
070700051108,2013,33.119326041,16.050205133,0.607100864
070700051108,2014,27.549368394,12.098202958,0.599264747
070700051108,2015,24.002754303,8.077943969,0.583803292
070700051108,2016,42.980061398,13.825377195,0.635083412
070700051108,2017,21.263338939,10.908637132,0.579998752
070700051108,2018,30.758566689,9.880062576,0.628790774
070700051108,2019,33.365502618,14.012416864,0.648225989
070700051201,2010,27.661203313,18.788049787,0.428204398
070700051201,2011,34.057147882,22.681541706,0.416907365
070700051201,2012,13.711385762,9.394034039,0.334499744
070700051201,2013,28.214680621,18.809349358,0.416218601
070700051201,2014,27.636946566,18.378267783,0.416883217
070700051201,2015,23.654185792,15.586735983,0.412040137
070700051201,2016,37.671931434,25.690298895,0.441235653
070700051201,2017,26.839068861,18.786048349,0.421184227
070700051201,2018,28.327672283,19.385432325,0.415432414
070700051201,2019,45.742648374,30.836451515,0.463716591
070700051202,2010,28.131475205,17.414585829,0.503400362
070700051202,2011,35.152407891,22.244812195,0.494122546
070700051202,2012,12.338105352,8.273699448,0.401384563
070700051202,2013,29.680014287,19.159020072,0.491587541
070700051202,2014,27.101021107,17.479482072,0.495632967
070700051202,2015,24.385832237,14.421784423,0.482480269
070700051202,2016,38.672791659,24.124395426,0.525852597
070700051202,2017,23.708183742,16.30695851,0.481640041
070700051202,2018,24.385121053,15.588410754,0.486618026
070700051202,2019,43.366918245,28.102201851,0.563743018
070700051203,2010,24.963105802,14.39332516,0.621454093
070700051203,2011,30.110673789,16.413671699,0.637724721
070700051203,2012,11.541077218,9.755223987,0.558737528
070700051203,2013,21.652765355,14.629480973,0.626086513
070700051203,2014,23.874456959,14.794568415,0.651608434
070700051203,2015,22.220611571,11.32691089,0.646201862
070700051203,2016,30.659977997,15.550033464,0.66222606
070700051203,2017,21.944163927,14.051003659,0.609091597
070700051203,2018,22.016433141,11.053757311,0.659499328
070700051203,2019,33.577768085,16.853211123,0.691349964
070700051204,2010,27.122060677,9.854140366,0.654362712
070700051204,2011,33.246927963,13.171408104,0.626799074
070700051204,2012,10.306270495,5.190228112,0.533945063
070700051204,2013,22.655494644,10.650876791,0.620804953
070700051204,2014,24.78041429,10.734209801,0.628809881
070700051204,2015,23.888184047,7.099186605,0.62587844
070700051204,2016,34.10686894,11.724799147,0.691952798
070700051204,2017,23.183813749,11.030647722,0.623846047
070700051204,2018,22.534633467,7.418819236,0.632532088
070700051204,2019,38.675618531,15.424263337,0.714836228
070700051205,2010,33.516588594,25.782182809,0.396026762
070700051205,2011,33.993434333,25.18127868,0.379731604
070700051205,2012,14.081041129,11.490385664,0.323078129
070700051205,2013,28.475091627,21.747077327,0.38813598
070700051205,2014,26.915071554,20.467532973,0.387928311
070700051205,2015,24.504636802,18.888472391,0.386596958
070700051205,2016,42.586119195,31.785778786,0.41715043
070700051205,2017,22.70159196,18.836175448,0.372364886
070700051205,2018,23.308340696,18.352228907,0.3905099
070700051205,2019,39.595314114,30.862572429,0.420510619
070700051206,2010,37.898607788,15.493309424,0.590098097
070700051206,2011,39.286941334,14.79939014,0.549474681
070700051206,2012,11.313761108,5.079913339,0.472126244
070700051206,2013,35.020284017,14.157448083,0.593443602
070700051206,2014,31.350225989,12.175995976,0.55800985
070700051206,2015,22.163075948,8.863512167,0.523524215
070700051206,2016,49.328564108,17.667404299,0.621616319
070700051206,2017,24.437021952,11.683751465,0.561088353
070700051206,2018,34.258120513,12.311409417,0.585367147
070700051206,2019,47.119621266,17.615860451,0.643339052
070700051207,2010,40.896873394,26.484506881,0.513178667
070700051207,2011,37.095472088,22.530535266,0.482761597
070700051207,2012,13.128232775,9.437199217,0.387163835
070700051207,2013,33.951232111,21.13915863,0.514834534
070700051207,2014,29.089376569,19.457048841,0.49007479
070700051207,2015,25.331565946,17.30118363,0.467038997
070700051207,2016,47.732257497,30.481892195,0.543059539
070700051207,2017,24.117173416,17.383573865,0.481929884
070700051207,2018,33.300679906,21.502184305,0.496190045
070700051207,2019,41.627086283,27.041842585,0.549865114
070700051301,2010,33.375830968,9.719710274,0.635298467
070700051301,2011,26.897008778,9.911104873,0.636248782
070700051301,2012,13.049728137,6.318303843,0.568116389
070700051301,2013,27.110933945,10.538421081,0.638541531
070700051301,2014,31.559266682,10.107787524,0.654512067
070700051301,2015,40.240319146,9.638218624,0.650175839
070700051301,2016,45.316729848,11.09819952,0.676145311
070700051301,2017,24.632331853,9.521067576,0.643560561
070700051301,2018,38.627281004,9.309114427,0.678984667
070700051301,2019,35.967830238,10.139473427,0.693889449
070700051302,2010,34.408820874,10.088482494,0.639891879
070700051302,2011,28.423457586,10.297718163,0.640718063
070700051302,2012,14.569593048,7.21576854,0.573235376
070700051302,2013,29.660267075,10.670166172,0.64745291
070700051302,2014,29.981205745,10.251985052,0.659772705
070700051302,2015,38.120681566,9.466725263,0.652353575
070700051302,2016,43.459367687,10.71375256,0.684234536
070700051302,2017,24.74335478,9.713422317,0.6447851
070700051302,2018,37.019624593,9.050709718,0.682879591
070700051302,2019,35.071766797,10.048935657,0.694482811
070700051303,2010,36.730124733,11.780708443,0.639779241
070700051303,2011,32.109401122,12.321665547,0.643549924
070700051303,2012,18.211169214,10.690237185,0.566957098
070700051303,2013,34.479020432,12.01802914,0.651389332
070700051303,2014,31.239691971,12.087510559,0.660312187
070700051303,2015,32.857544049,11.120081018,0.647477711
070700051303,2016,44.385304518,12.025626859,0.685079402
070700051303,2017,24.273386376,12.20511662,0.642810783
070700051303,2018,37.537663637,10.93256311,0.68460792
070700051303,2019,37.987434306,12.028508377,0.693402144
070700051401,2010,36.425053374,13.228790732,0.60310128
070700051401,2011,35.799017766,13.525418566,0.628390464
070700051401,2012,20.762143838,12.252753047,0.552713367
070700051401,2013,39.807478436,13.928756164,0.650560574
070700051401,2014,32.886396116,14.203396339,0.636459068
070700051401,2015,35.889561856,12.677112952,0.628211626
070700051401,2016,45.092581314,13.249383174,0.654314494
070700051401,2017,24.560133388,12.265583201,0.615560681
070700051401,2018,38.690583079,11.153464429,0.664593508
070700051401,2019,43.141949862,12.832221259,0.676235771
070700051402,2010,29.615949982,13.51926653,0.574115436
070700051402,2011,28.666783453,13.984724329,0.5950779
070700051402,2012,17.694952499,12.885166875,0.521786571
070700051402,2013,30.116608139,14.299636248,0.609094161
070700051402,2014,27.334587199,14.652137767,0.584728466
070700051402,2015,29.594157131,13.365256895,0.591309332
070700051402,2016,36.609300234,14.138055338,0.601972489
070700051402,2017,20.317039172,14.210713589,0.580627273
070700051402,2018,34.352699762,13.376615276,0.622180068
070700051402,2019,32.124298577,14.408931139,0.631538296
070700051403,2010,23.684181754,10.525532157,0.597447135
070700051403,2011,22.884702443,10.998799334,0.613640796
070700051403,2012,13.861699603,9.884971053,0.556283928
070700051403,2013,27.114553075,11.265697133,0.636359309
070700051403,2014,24.042799854,11.592082326,0.626010199
070700051403,2015,23.904751213,10.187002654,0.621769151
070700051403,2016,31.226940577,10.768225799,0.653661773
070700051403,2017,15.301361199,10.507306827,0.590822483
070700051403,2018,24.669755841,9.331168548,0.647265942
070700051403,2019,25.436339892,10.540158671,0.665382235
070700051404,2010,26.076584559,9.394486009,0.590830257
070700051404,2011,25.328615787,10.195409764,0.59812016
070700051404,2012,13.093982476,7.963729653,0.559577579
070700051404,2013,26.100671261,10.031392798,0.625584947
070700051404,2014,23.394373783,10.135181068,0.626329957
070700051404,2015,20.827361617,8.306948112,0.603315833
070700051404,2016,37.956238326,9.699764917,0.64747748
070700051404,2017,17.435266362,9.385968441,0.589642307
070700051404,2018,25.319225863,8.007532688,0.636253453
070700051404,2019,34.102376414,10.138266014,0.664164446
070700051405,2010,37.598544156,9.258162646,0.603198449
070700051405,2011,36.859908254,9.72705595,0.613097904
070700051405,2012,19.335255196,8.545999732,0.565254657
070700051405,2013,37.563505928,9.887600214,0.636486908
070700051405,2014,36.321028301,10.216196852,0.633685732
070700051405,2015,36.554001755,8.836918844,0.627688311
070700051405,2016,53.464567476,9.519756807,0.666707817
070700051405,2017,26.528381361,9.346098467,0.584998688
070700051405,2018,39.400229016,8.140554155,0.647328172
070700051405,2019,44.157928531,9.318745228,0.673062047
070700051406,2010,30.989985767,8.961693983,0.572514158
070700051406,2011,32.527303545,10.047440493,0.587875976
070700051406,2012,14.738189063,6.123491757,0.534072731
070700051406,2013,38.11366246,12.026220744,0.61318797
070700051406,2014,28.929942931,9.564110842,0.596551992
070700051406,2015,26.490258454,6.076662583,0.592529387
070700051406,2016,44.377939736,10.56574325,0.613181875
070700051406,2017,21.643457847,8.627871904,0.568285502
070700051406,2018,29.409719382,6.388540859,0.617386318
070700051406,2019,40.389073854,10.69836477,0.641712761
070700051407,2010,38.560221387,7.760967261,0.603035328
070700051407,2011,37.053557997,8.037278798,0.606302639
070700051407,2012,17.435953287,5.459215194,0.557680466
070700051407,2013,35.895611879,8.539506727,0.619056377
070700051407,2014,36.779132448,8.592392624,0.63236338
070700051407,2015,32.282358464,7.043601783,0.616387511
070700051407,2016,51.673705991,9.233949683,0.662006403
070700051407,2017,24.192081686,7.794437794,0.578590375
070700051407,2018,35.249340373,6.915591636,0.648797243
070700051407,2019,43.035497975,9.215802873,0.671241956
070700051501,2010,30.366988359,17.57063432,0.632952016
070700051501,2011,26.588712967,16.338740129,0.614163389
070700051501,2012,11.973639732,10.230497069,0.535367092
070700051501,2013,20.828055169,15.801327481,0.619263932
070700051501,2014,28.104998771,17.357302788,0.641466369
070700051501,2015,34.636061302,16.997958237,0.641783403
070700051501,2016,39.885253354,20.099559108,0.672060388
070700051501,2017,23.045105335,17.871074048,0.628081494
070700051501,2018,30.703263822,16.659537861,0.676595203
070700051501,2019,33.127363325,19.555097612,0.693862934
070700051502,2010,26.229309339,15.572524433,0.5932702
070700051502,2011,25.329618516,13.926799402,0.576087883
070700051502,2012,9.546268604,8.598632509,0.504144756
070700051502,2013,17.043100954,11.162537869,0.598290408
070700051502,2014,22.527730363,14.131941595,0.606996389
070700051502,2015,29.323767619,14.973942924,0.614360817
070700051502,2016,36.959363016,17.542396327,0.650608454
070700051502,2017,18.870224197,14.958628205,0.582104328
070700051502,2018,28.636852977,15.039194233,0.641449408
070700051502,2019,27.870704599,16.051342894,0.665251236
070700051503,2010,29.443495469,19.651014245,0.624005879
070700051503,2011,27.210784879,18.25391615,0.611087634
070700051503,2012,10.416515454,9.415521265,0.529966794
070700051503,2013,23.867434522,18.324048803,0.617405533
070700051503,2014,25.021682892,18.037624794,0.635580884
070700051503,2015,32.714821735,17.775539896,0.634116423
070700051503,2016,40.806878512,23.27177784,0.669071929
070700051503,2017,23.198455248,18.974304742,0.619112232
070700051503,2018,29.720014719,17.565491666,0.673896133
070700051503,2019,30.909907637,21.285616447,0.685318095
070700051504,2010,26.827573353,19.885413137,0.624437445
070700051504,2011,27.242959832,18.403216468,0.604400074
070700051504,2012,13.839101718,12.364445469,0.52673212
070700051504,2013,21.900335244,16.606055214,0.626887347
070700051504,2014,23.700428853,18.349301338,0.640443691
070700051504,2015,27.024764382,18.371872652,0.638274993
070700051504,2016,37.421730008,23.210304071,0.673804745
070700051504,2017,20.772437115,18.097907449,0.613545314
070700051504,2018,27.840128224,18.979317012,0.66372359
070700051504,2019,29.150660431,20.931278822,0.686566555
070700051601,2010,30.828368025,14.547279486,0.5868511
070700051601,2011,32.833194339,15.407234068,0.616180151
070700051601,2012,14.303428875,9.022594054,0.531904717
070700051601,2013,29.880929399,15.125242056,0.612793135
070700051601,2014,29.301772929,14.759259773,0.617029121
070700051601,2015,25.76791622,11.231774936,0.602018989
070700051601,2016,46.674672657,16.632025144,0.631163779
070700051601,2017,18.34796966,11.251385856,0.577495159
070700051601,2018,33.236092357,12.211520662,0.632165284
070700051601,2019,33.526537564,15.195667676,0.636405543
070700051602,2010,27.487262674,13.856621061,0.6054982
070700051602,2011,32.374451763,15.105921856,0.628988167
070700051602,2012,12.610609916,6.32595657,0.542403582
070700051602,2013,26.075176627,14.611133844,0.62028516
070700051602,2014,27.315540677,13.688575994,0.632252156
070700051602,2015,24.322237846,8.96762922,0.618399925
070700051602,2016,42.267347006,16.555798179,0.64374266
070700051602,2017,17.806651956,9.258231291,0.596819153
070700051602,2018,29.347241366,10.653572921,0.643254385
070700051602,2019,33.171744528,15.073928943,0.650601119
070700051603,2010,30.354449728,15.349382941,0.57501261
070700051603,2011,33.443748036,15.854279369,0.607624782
070700051603,2012,17.31291184,11.077898369,0.528435202
070700051603,2013,28.187810282,14.863704057,0.602856916
070700051603,2014,32.272051144,15.883689457,0.607477279
070700051603,2015,29.108913551,13.729109562,0.593573081
070700051603,2016,42.879424306,16.899512621,0.623365194
070700051603,2017,21.047531464,13.096225376,0.567567605
070700051603,2018,30.700549927,13.637083393,0.625632122
070700051603,2019,32.287359147,15.671263571,0.629126297
070700051701,2010,40.84856549,7.875825452,0.61177726
070700051701,2011,38.245571666,7.969918961,0.570910911
070700051701,2012,14.39427328,2.910196953,0.478225397
070700051701,2013,40.151191511,8.580614068,0.610676626
070700051701,2014,32.551153277,6.353228576,0.577687402
070700051701,2015,27.531102982,4.562271583,0.545009741
070700051701,2016,50.283411196,9.173508845,0.645169149
070700051701,2017,23.822643931,6.449293356,0.589194314
070700051701,2018,38.829281661,6.729152616,0.587764009
070700051701,2019,46.188836808,9.685566055,0.661388644
070700051702,2010,36.235976732,5.190677792,0.612666172
070700051702,2011,33.882952063,5.517138,0.577020523
070700051702,2012,14.435379509,1.920802792,0.488608369
070700051702,2013,35.815832214,6.403814971,0.608124408
070700051702,2014,28.566667788,3.800597007,0.605958558
070700051702,2015,28.63265222,2.216879306,0.578916808
070700051702,2016,45.808384193,6.1019484,0.664035855
070700051702,2017,22.089047799,5.223596162,0.57745474
070700051702,2018,32.465016382,2.378540697,0.584695654
070700051702,2019,40.284527722,6.171302411,0.644318141
070700051703,2010,31.699188548,6.653674719,0.659672506
070700051703,2011,34.778207078,8.480437502,0.639678405
070700051703,2012,14.746273862,5.197973557,0.531319161
070700051703,2013,27.552167603,7.887551058,0.629142989
070700051703,2014,29.398813502,6.553702216,0.655406942
070700051703,2015,28.851603734,3.207029105,0.669255215
070700051703,2016,44.602603381,6.459109313,0.718977875
070700051703,2017,24.569164526,6.897146931,0.649963713
070700051703,2018,31.277495618,3.61029957,0.642343102
070700051703,2019,33.315832037,7.135405932,0.696018645
070700051704,2010,30.038574212,7.452655661,0.655317557
070700051704,2011,32.457075507,8.813406539,0.64060276
070700051704,2012,14.108455339,5.085885138,0.557461879
070700051704,2013,31.605229589,8.258371305,0.657711759
070700051704,2014,29.311934922,7.185216317,0.670558724
070700051704,2015,27.124713752,4.663570353,0.661221677
070700051704,2016,42.447041902,7.708768339,0.738536705
070700051704,2017,20.362416535,7.696797639,0.62002333
070700051704,2018,27.392891564,4.351612781,0.644765976
070700051704,2019,32.906963973,8.113694301,0.694047225
070700051705,2010,40.026730724,9.802840959,0.631344653
070700051705,2011,42.283500512,10.361063944,0.60551428
070700051705,2012,19.552640849,5.229321376,0.511509946
070700051705,2013,38.635453087,9.792163871,0.616943522
070700051705,2014,36.492921467,8.424651756,0.626055929
070700051705,2015,36.107372341,6.408421382,0.624631989
070700051705,2016,54.529849633,10.621438085,0.696911502
070700051705,2017,28.248368909,8.376498603,0.610431759
070700051705,2018,37.133110699,6.932265362,0.611097279
070700051705,2019,44.528517182,10.734020968,0.668714369
070700051706,2010,32.732032245,7.185204578,0.659315896
070700051706,2011,35.721470437,8.623192811,0.645735053
070700051706,2012,15.325179242,5.0042494,0.56085701
070700051706,2013,34.576758746,8.089893608,0.662343557
070700051706,2014,31.812011901,7.014086394,0.674055877
070700051706,2015,30.395362749,4.483450267,0.665751619
070700051706,2016,47.651532677,7.411570445,0.742155472
070700051706,2017,21.482457839,7.603888427,0.623006059
070700051706,2018,31.934011915,4.158539127,0.649861709
070700051706,2019,35.115364075,7.881745286,0.696678162
070700051707,2010,30.670222719,7.942149005,0.653828348
070700051707,2011,38.60860221,9.709409509,0.639700132
070700051707,2012,17.069974086,5.695275283,0.529051955
070700051707,2013,29.640802637,8.844836579,0.63324666
070700051707,2014,31.37640669,7.639492983,0.656380377
070700051707,2015,32.27140285,4.822033686,0.664513459
070700051707,2016,44.278849748,8.252302449,0.720331272
070700051707,2017,23.922106994,7.848347766,0.633698352
070700051707,2018,31.997978845,4.921323125,0.639492422
070700051707,2019,33.713866297,8.447404114,0.68947322
070700051801,2010,36.937083897,11.619906661,0.730330946
070700051801,2011,42.471995932,12.691258342,0.711806362
070700051801,2012,17.091225917,5.535696845,0.620947684
070700051801,2013,34.75447066,9.880164453,0.730993334
070700051801,2014,33.982273623,9.123737839,0.743895229
070700051801,2015,34.776050771,5.555278172,0.769089785
070700051801,2016,51.264471719,12.189292991,0.826139878
070700051801,2017,30.568100652,10.517047823,0.72635289
070700051801,2018,40.244946675,8.046058885,0.759835886
070700051801,2019,46.309608773,13.281537147,0.779205766
070700051802,2010,35.977842387,15.742721917,0.666443233
070700051802,2011,38.142760716,16.125945624,0.641155331
070700051802,2012,18.537805945,8.799164562,0.552749478
070700051802,2013,33.693549018,15.145191176,0.64883553
070700051802,2014,35.12878286,13.813933926,0.657451602
070700051802,2015,30.116611638,9.897747077,0.67038995
070700051802,2016,49.771944676,16.139620521,0.736198979
070700051802,2017,29.239822646,13.729480885,0.649431194
070700051802,2018,36.86473874,10.848721365,0.673252935
070700051802,2019,38.823441733,14.982275087,0.708095965
070700051803,2010,33.589346542,9.675310634,0.668441211
070700051803,2011,34.026715983,10.568458151,0.640113868
070700051803,2012,16.089576968,5.543932474,0.559567296
070700051803,2013,32.579481138,10.815287412,0.648836548
070700051803,2014,32.925132028,8.700387527,0.656688318
070700051803,2015,26.068086475,3.922992126,0.666732065
070700051803,2016,48.612549477,8.62446796,0.738322876
070700051803,2017,27.389537119,8.786654336,0.652173777
070700051803,2018,34.920959175,4.065854735,0.673443464
070700051803,2019,35.963443897,8.338468457,0.710157191
070700051804,2010,36.609874945,14.819553274,0.701631294
070700051804,2011,37.346392116,14.780469827,0.67771754
070700051804,2012,17.328100923,7.284975374,0.58561618
070700051804,2013,35.825753493,13.201567683,0.692841606
070700051804,2014,32.868865286,12.190596871,0.701873147
070700051804,2015,31.088125416,8.571232662,0.714403692
070700051804,2016,50.16282758,15.748500925,0.780662081
070700051804,2017,31.15277993,13.378990051,0.693030135
070700051804,2018,39.669200692,10.920031187,0.71855078
070700051804,2019,46.442675741,15.878367883,0.748600555
070700060101,2010,27.512259899,24.822024133,0.507230367
070700060101,2011,27.266441968,25.452784438,0.503639714
070700060101,2012,17.197813242,15.511612501,0.431988401
070700060101,2013,18.659049523,16.893109766,0.492471918
070700060101,2014,21.672313398,18.264096726,0.51139025
070700060101,2015,22.639438175,20.23400062,0.516464709
070700060101,2016,44.203055174,33.074010944,0.534015703
070700060101,2017,28.102065591,26.672714243,0.505374584
070700060101,2018,29.850486874,24.646493083,0.53519822
070700060101,2019,34.196475616,30.554813614,0.54225856
070700060102,2010,23.793136012,20.051451261,0.442656945
070700060102,2011,24.07358433,21.109446398,0.435315006
070700060102,2012,12.551741263,10.737380224,0.348709393
070700060102,2013,12.355327466,10.810788224,0.442649804
070700060102,2014,20.76331582,14.312136494,0.456716659
070700060102,2015,21.982278102,17.902800373,0.452664277
070700060102,2016,39.980216458,27.752151436,0.454530479
070700060102,2017,24.819975687,22.095714215,0.439428915
070700060102,2018,33.859922613,24.403035574,0.482897939
070700060102,2019,31.48467415,26.840862488,0.487089924
070700060103,2010,19.108634047,17.651968477,0.484508593
070700060103,2011,19.137947399,18.229901309,0.477489843
070700060103,2012,8.330195096,7.854471889,0.380772849
070700060103,2013,9.484948899,8.936235637,0.492733487
070700060103,2014,13.707499682,11.872537168,0.502463165
070700060103,2015,18.805698597,16.84323785,0.501368018
070700060103,2016,39.492813186,28.061869661,0.50565874
070700060103,2017,21.424775287,21.049096278,0.466621207
070700060103,2018,27.672123143,20.616575054,0.527440595
070700060103,2019,27.349835393,24.994514125,0.538084602
070700060104,2010,29.628047605,26.489519517,0.447837049
070700060104,2011,28.624344697,26.648368943,0.438299449
070700060104,2012,18.040861346,16.203598395,0.378361306
070700060104,2013,20.548199596,18.347392403,0.437325701
070700060104,2014,23.166693233,19.648152043,0.455487653
070700060104,2015,25.766157884,22.733370158,0.465409607
070700060104,2016,49.741307778,37.19826028,0.476284356
070700060104,2017,30.239814377,28.621783016,0.442429837
070700060104,2018,34.948687436,28.084802162,0.476426538
070700060104,2019,37.063752564,33.397628766,0.485618766
070700060201,2010,47.908099759,32.150670018,0.384722458
070700060201,2011,35.418452622,28.521856874,0.383235752
070700060201,2012,19.300151986,16.505024986,0.313827728
070700060201,2013,28.626268335,21.131661173,0.395754826
070700060201,2014,36.928073872,24.165100961,0.392155219
070700060201,2015,47.041470346,29.503232558,0.390916272
070700060201,2016,62.344157368,34.935618136,0.392392225
070700060201,2017,33.267494492,29.251575866,0.388653964
070700060201,2018,56.767771127,29.217937681,0.408619334
070700060201,2019,42.801744372,32.993004315,0.409769007
070700060202,2010,50.082942544,37.318454839,0.342933489
070700060202,2011,38.280361021,33.900271454,0.350066793
070700060202,2012,22.250105269,20.017594674,0.302048583
070700060202,2013,31.458986726,25.91012354,0.355974438
070700060202,2014,39.638835111,29.617253187,0.355611814
070700060202,2015,44.78895258,34.223160419,0.362090168
070700060202,2016,60.893126921,40.696856752,0.364216354
070700060202,2017,37.398428502,34.870991052,0.355307738
070700060202,2018,58.682651608,35.889031592,0.369886419
070700060202,2019,48.008833804,40.490036083,0.370773211
070700060203,2010,37.550287677,28.310405619,0.467901299
070700060203,2011,27.355559588,23.940969586,0.453173249
070700060203,2012,12.805530708,11.705492486,0.375291057
070700060203,2013,17.390322099,14.535368232,0.476812034
070700060203,2014,25.018665965,17.901361556,0.472552457
070700060203,2015,43.623796238,24.786516155,0.471196989
070700060203,2016,51.140181746,31.373864429,0.474222017
070700060203,2017,26.167818008,24.827880714,0.450323438
070700060203,2018,32.992727003,22.84175437,0.497497489
070700060203,2019,38.871327795,29.959687036,0.511324855
070700060204,2010,35.662258228,27.454586127,0.467845292
070700060204,2011,26.661083407,23.226306286,0.44836237
070700060204,2012,11.438991642,10.489018929,0.37500463
070700060204,2013,14.519475099,12.630404903,0.473174255
070700060204,2014,23.289490344,17.117133334,0.472960251
070700060204,2015,40.15133236,23.570523127,0.471046286
070700060204,2016,47.376275268,30.013610948,0.473690495
070700060204,2017,24.463877406,23.368501291,0.442790101
070700060204,2018,29.098296548,21.139742825,0.497152323
070700060204,2019,39.275067066,29.937002134,0.513215676
070700060205,2010,32.637705248,26.666679256,0.528870031
070700060205,2011,26.495967573,23.66822423,0.486571126
070700060205,2012,12.634960609,11.538618205,0.417232533
070700060205,2013,16.725956668,14.497414314,0.488770881
070700060205,2014,23.923915996,18.613391856,0.528887566
070700060205,2015,37.23971259,24.987255299,0.533133421
070700060205,2016,47.698124478,31.499549621,0.54356594
070700060205,2017,25.666174306,24.434530697,0.478539019
070700060205,2018,29.726726028,22.191621184,0.545166557
070700060205,2019,37.768364686,30.24382604,0.567665678
070700060301,2010,25.492761954,12.116674308,0.543136095
070700060301,2011,20.678939506,12.98302414,0.501491775
070700060301,2012,10.756984415,7.201223543,0.445824847
070700060301,2013,16.525051236,10.344421758,0.527219623
070700060301,2014,22.901616182,10.961978972,0.57315968
070700060301,2015,25.756073935,11.545478126,0.554557997
070700060301,2016,43.053795246,17.33749672,0.583831454
070700060301,2017,20.061737364,13.85895388,0.525406904
070700060301,2018,39.925221115,14.409723173,0.578921709
070700060301,2019,30.090380936,15.790849313,0.58221726
070700060302,2010,40.480351032,26.794834361,0.373978038
070700060302,2011,34.741605633,26.720292188,0.36112287
070700060302,2012,24.502432779,19.349536331,0.317038777
070700060302,2013,29.529865069,20.848328624,0.364519803
070700060302,2014,36.62640682,23.036797404,0.372057841
070700060302,2015,45.758863333,26.103341028,0.376371357
070700060302,2016,55.367548258,30.758195528,0.375635713
070700060302,2017,34.63436598,28.36488672,0.36721422
070700060302,2018,45.700545972,26.327776237,0.385697841
070700060302,2019,45.260569147,30.270496723,0.391356829
070700060303,2010,37.608517324,26.949873864,0.373120673
070700060303,2011,34.84654692,27.037662885,0.363837779
070700060303,2012,24.443084563,19.732846517,0.31746441
070700060303,2013,27.538897257,20.753687638,0.368164307
070700060303,2014,36.958359428,23.81047179,0.374307997
070700060303,2015,44.014855786,26.268230195,0.375822316
070700060303,2016,53.614385444,30.995797401,0.374601318
070700060303,2017,34.961087029,28.602045971,0.368002985
070700060303,2018,40.957151704,26.515382315,0.385152742
070700060303,2019,44.196896053,30.451819322,0.390864994
070700060304,2010,27.782801136,13.319067459,0.539365109
070700060304,2011,20.405436395,14.104758284,0.501823071
070700060304,2012,10.266158546,7.444267059,0.44397715
070700060304,2013,15.206725597,10.150783996,0.529602327
070700060304,2014,23.559685526,12.51869795,0.556439401
070700060304,2015,30.86696037,13.132343835,0.560926551
070700060304,2016,43.242659157,19.033765388,0.567144783
070700060304,2017,18.260600165,13.785287032,0.498744677
070700060304,2018,31.732683732,12.629866081,0.565606374
070700060304,2019,29.506760497,15.97311723,0.583401666
070700060305,2010,29.515903734,22.566722274,0.533240296
070700060305,2011,21.995061452,20.258080286,0.51813714
070700060305,2012,12.634856613,11.341760844,0.443735507
070700060305,2013,14.425017926,13.000212686,0.51942695
070700060305,2014,21.806266423,16.755815905,0.542308593
070700060305,2015,32.203285479,20.929555595,0.54310939
070700060305,2016,44.657158176,27.617979085,0.564887011
070700060305,2017,22.869782978,22.345526583,0.508854954
070700060305,2018,25.747026505,18.707509219,0.563375269
070700060305,2019,31.698001247,25.548854373,0.580188385
070700060306,2010,38.166342745,30.481270336,0.367822126
070700060306,2011,30.975345861,27.997080126,0.369330888
070700060306,2012,18.806124316,17.105097887,0.310267009
070700060306,2013,22.099581863,19.315267112,0.386250771
070700060306,2014,30.644231385,22.693448462,0.37820775
070700060306,2015,34.023263728,26.008222106,0.377994321
070700060306,2016,55.403436982,35.275333672,0.380128972
070700060306,2017,30.179964939,28.897836763,0.350441893
070700060306,2018,35.150977602,27.031324819,0.399957992
070700060306,2019,42.831242041,35.202924762,0.408664617
070700060307,2010,37.244147585,22.426235176,0.461846699
070700060307,2011,28.534326326,21.600189364,0.438429926
070700060307,2012,16.625814201,13.192162331,0.380187117
070700060307,2013,20.436923545,15.397536193,0.453304985
070700060307,2014,30.826393137,19.102337266,0.47041583
070700060307,2015,40.319291116,21.749534063,0.474034124
070700060307,2016,53.31438935,27.156853035,0.475511585
070700060307,2017,28.715326242,22.467482376,0.439633798
070700060307,2018,37.771527802,21.267791949,0.482850441
070700060307,2019,41.234710077,25.4974804,0.495120636
070700060308,2010,38.747309092,30.971656546,0.367330355
070700060308,2011,32.551612305,28.400256791,0.367881337
070700060308,2012,18.905162309,17.283564221,0.313089739
070700060308,2013,25.018873037,20.938466369,0.391334695
070700060308,2014,33.225197385,24.046876968,0.378779442
070700060308,2015,37.855455197,26.258322314,0.377413998
070700060308,2016,58.288204347,35.706127455,0.379384375
070700060308,2017,30.091847088,28.870809961,0.347068622
070700060308,2018,39.879460559,28.017816183,0.401237364
070700060308,2019,43.155264572,35.326728274,0.40763939
070700060309,2010,37.558825976,31.19973838,0.367999427
070700060309,2011,33.203237386,28.431289775,0.369054816
070700060309,2012,18.527542541,17.075898248,0.308981144
070700060309,2013,21.979799396,19.113291051,0.385885568
070700060309,2014,32.908105736,23.791746322,0.380570451
070700060309,2015,38.211107218,26.051664286,0.377647012
070700060309,2016,51.899378528,34.073443087,0.37688147
070700060309,2017,29.969664131,28.799219055,0.349376107
070700060309,2018,38.999554734,27.499334401,0.40108017
070700060309,2019,42.143026962,34.878272107,0.407881453
070700060310,2010,35.39381654,29.416813964,0.445550277
070700060310,2011,28.062840955,25.382197572,0.434676677
070700060310,2012,15.207280749,13.868944841,0.369190067
070700060310,2013,17.521175645,16.037779052,0.444492013
070700060310,2014,25.673714791,20.425968776,0.453945537
070700060310,2015,35.368946704,25.969471424,0.455876564
070700060310,2016,50.013745166,33.49442035,0.466099719
070700060310,2017,26.591132133,25.671190714,0.417525209
070700060310,2018,32.396347142,25.39191033,0.478099963
070700060310,2019,39.949081705,33.500267951,0.491001474
070700060401,2010,29.568028586,23.912052428,0.511024995
070700060401,2011,22.374350938,19.466034736,0.475925552
070700060401,2012,7.28159597,6.847115278,0.412639576
070700060401,2013,11.979512711,11.034768028,0.502658216
070700060401,2014,20.866566346,16.069863006,0.533750343
070700060401,2015,32.736493267,20.199781711,0.52049175
070700060401,2016,41.468531641,27.229023902,0.526171775
070700060401,2017,19.719152344,19.188517892,0.463962091
070700060401,2018,25.096207205,17.748867207,0.553599062
070700060401,2019,35.414928123,27.874335218,0.570815657
070700060402,2010,35.187655171,29.723374732,0.528047195
070700060402,2011,31.115414435,26.536857345,0.51694692
070700060402,2012,12.244098901,11.373123627,0.450403701
070700060402,2013,17.181222535,15.739645867,0.531229632
070700060402,2014,27.569303647,21.649150126,0.54341102
070700060402,2015,32.080958509,22.944250131,0.538134958
070700060402,2016,42.259275254,31.521422359,0.551852053
070700060402,2017,23.793367754,23.128209844,0.518831293
070700060402,2018,31.190315681,24.35392474,0.569111501
070700060402,2019,38.340771423,32.624223419,0.586981285
070700060403,2010,51.205039904,42.9494224,0.382828464
070700060403,2011,46.054680347,39.1097883,0.374794112
070700060403,2012,25.281584374,22.860733947,0.335542426
070700060403,2013,31.684150109,28.211410001,0.37759579
070700060403,2014,45.511722654,34.649227054,0.385796372
070700060403,2015,53.031739268,38.561706709,0.390726096
070700060403,2016,63.502048459,45.597666225,0.395609867
070700060403,2017,43.567401257,40.076516317,0.385779266
070700060403,2018,52.609602156,39.869102617,0.396403983
070700060403,2019,62.158699449,50.742837549,0.400926967
070700060404,2010,31.619358505,27.482685518,0.518303965
070700060404,2011,29.679529802,25.471999718,0.511058551
070700060404,2012,11.116505775,10.395262657,0.43879449
070700060404,2013,16.904957201,15.555463135,0.52718468
070700060404,2014,29.443334639,23.138135904,0.541092908
070700060404,2015,26.381927319,21.834002933,0.529544454
070700060404,2016,41.981247409,31.671739037,0.544723401
070700060404,2017,23.691635357,23.030392465,0.513327315
070700060404,2018,29.920917405,24.028435621,0.560488326
070700060404,2019,34.790480347,31.144995094,0.572171287
070700060501,2010,30.185872955,24.088827004,0.455841824
070700060501,2011,28.170557874,21.461542265,0.463457991
070700060501,2012,9.934276363,9.130748936,0.386937023
070700060501,2013,16.503347446,13.442674632,0.48607362
070700060501,2014,32.114589059,20.39631981,0.480567926
070700060501,2015,24.295746946,19.058606282,0.467982651
070700060501,2016,42.661361223,27.229764596,0.468052285
070700060501,2017,22.779874889,21.588893952,0.455174531
070700060501,2018,31.800872052,20.927569066,0.496172756
070700060501,2019,30.470671615,26.114567455,0.512890567
070700060502,2010,26.114690345,22.897091331,0.550373357
070700060502,2011,27.294850513,21.994094512,0.526510623
070700060502,2012,8.393828264,8.07528972,0.445634126
070700060502,2013,15.927699409,14.365353142,0.540445207
070700060502,2014,25.269715417,20.003205216,0.57985416
070700060502,2015,22.682628155,18.688617362,0.560273271
070700060502,2016,44.328728305,31.176192915,0.589153879
070700060502,2017,21.424712146,21.026850071,0.537109619
070700060502,2018,29.035177355,21.15603762,0.593759341
070700060502,2019,30.152668234,26.690089662,0.58599746
070700060503,2010,29.413565578,10.397650722,0.553544238
070700060503,2011,28.140021125,10.507313253,0.556846529
070700060503,2012,11.355685196,7.33277195,0.480834595
070700060503,2013,21.925775812,8.150919386,0.577455564
070700060503,2014,36.319093364,9.443810694,0.571420431
070700060503,2015,29.221853309,9.10670257,0.564964817
070700060503,2016,46.737455426,11.271562485,0.563965925
070700060503,2017,22.638156496,10.600019365,0.544855798
070700060503,2018,37.834656256,9.681023027,0.590272028
070700060503,2019,31.766699272,11.236975882,0.59936413
070700060504,2010,30.598364004,10.165482156,0.554017573
070700060504,2011,29.273171277,10.346456815,0.557225504
070700060504,2012,12.08546792,7.307543389,0.483103954
070700060504,2013,21.774037228,8.007267744,0.577337706
070700060504,2014,35.573685129,9.178066723,0.570169081
070700060504,2015,31.612774161,8.961901997,0.566021509
070700060504,2016,48.01570531,10.953115498,0.564243703
070700060504,2017,23.025151302,10.392643997,0.545149391
070700060504,2018,36.597235372,9.402311939,0.589205909
070700060504,2019,32.237509493,10.954488135,0.599797489
070700060505,2010,29.167928627,22.96953885,0.531922884
070700060505,2011,29.564199936,22.707956396,0.520272951
070700060505,2012,10.095329226,9.23694826,0.43789239
070700060505,2013,16.909350309,13.877367382,0.532249061
070700060505,2014,28.936661978,20.343310348,0.557876205
070700060505,2015,23.759557171,18.296779853,0.541348075
070700060505,2016,45.562625835,29.283601548,0.56062731
070700060505,2017,23.077830125,21.148069088,0.525595449
070700060505,2018,30.899606214,21.379280004,0.572010689
070700060505,2019,30.567652932,25.33544467,0.572240211
070700060506,2010,29.90436827,10.251644154,0.553918485
070700060506,2011,30.218500561,10.397915221,0.560401977
070700060506,2012,13.079527883,7.385474746,0.482727262
070700060506,2013,21.225668151,8.047473965,0.576107482
070700060506,2014,34.151125207,9.243618197,0.569645551
070700060506,2015,28.616497794,8.962652695,0.56450223
070700060506,2016,48.249957335,11.033848471,0.564248618
070700060506,2017,22.644127431,10.358871175,0.541928664
070700060506,2018,33.619403141,9.385031461,0.587376334
070700060506,2019,31.343586037,10.935692768,0.597880271
070700060507,2010,31.08492048,14.44597565,0.573585151
070700060507,2011,34.175608387,15.346145997,0.590089165
070700060507,2012,15.486782882,10.486612418,0.512959956
070700060507,2013,22.026754143,11.740410815,0.591412587
070700060507,2014,32.887393476,13.452371838,0.59792462
070700060507,2015,30.779227681,12.897781318,0.593521368
070700060507,2016,44.90743752,16.581390556,0.59450562
070700060507,2017,24.506450615,14.373570341,0.57836196
070700060507,2018,34.895801039,13.603420659,0.610158503
070700060507,2019,33.019954459,15.516489887,0.621053699
070900010101,2010,11.93393574,6.186029851,0.538064272
070900010101,2011,28.940936868,14.918059057,0.613821215
070900010101,2012,9.996780283,5.427793543,0.474723936
070900010101,2013,31.75108333,18.499514832,0.582379483
070900010101,2014,20.964706065,11.470849588,0.592413039
070900010101,2015,13.327881801,6.15712058,0.57768681
070900010101,2016,33.042541488,14.353627177,0.580095167
070900010101,2017,38.706500907,21.085989464,0.585824693
070900010101,2018,27.127940379,11.962574996,0.609011155
070900010101,2019,43.415305272,22.675677998,0.659391571
070900010102,2010,11.78835669,7.072286528,0.534493416
070900010102,2011,27.019967583,16.004779719,0.607144937
070900010102,2012,10.499129616,6.25404634,0.473015756
070900010102,2013,29.017518754,19.184943532,0.57806687
070900010102,2014,22.306349371,12.782845091,0.594147074
070900010102,2015,14.004603104,7.345968471,0.576361272
070900010102,2016,26.898931724,15.353983446,0.575571997
070900010102,2017,37.651580789,22.349839824,0.584820595
070900010102,2018,25.255644945,13.255866636,0.60623758
070900010102,2019,43.147649624,24.134173332,0.65719165
070900010103,2010,13.540469943,7.928062938,0.538491241
070900010103,2011,25.811095644,16.914047969,0.608551197
070900010103,2012,10.765884704,6.711874307,0.476422563
070900010103,2013,29.104348905,20.154087426,0.586206403
070900010103,2014,24.002179914,13.993958887,0.598324976
070900010103,2015,12.993482776,7.767193411,0.573750365
070900010103,2016,27.523359553,16.76294366,0.57986869
070900010103,2017,40.106463719,23.988343672,0.589414342
070900010103,2018,24.490344874,14.352601475,0.609160061
070900010103,2019,44.187110699,26.01097713,0.663087055
070900010104,2010,15.14604217,7.561834929,0.54154344
070900010104,2011,25.873576871,15.910589124,0.607445992
070900010104,2012,10.433191596,6.16628035,0.472477017
070900010104,2013,30.782038042,19.653622781,0.588873775
070900010104,2014,22.544644358,12.886047926,0.59468441
070900010104,2015,12.073325636,6.819793369,0.571461719
070900010104,2016,29.324485111,15.708262179,0.57756069
070900010104,2017,40.034837022,22.998246126,0.58742829
070900010104,2018,23.81967805,13.214328871,0.605385422
070900010104,2019,47.439611073,25.079697386,0.66057893
070900010105,2010,16.674756021,9.742904243,0.538597382
070900010105,2011,33.860907113,19.656193135,0.614239339
070900010105,2012,13.268745319,8.313337922,0.470691817
070900010105,2013,34.483427327,22.371881844,0.583817429
070900010105,2014,25.936576679,15.742127861,0.595274827
070900010105,2015,18.402607549,9.946447116,0.579182614
070900010105,2016,35.347130955,19.433997261,0.579862275
070900010105,2017,44.091504912,26.060354073,0.586139635
070900010105,2018,31.914742555,16.783646092,0.609272425
070900010105,2019,51.321403901,28.515465408,0.661840845
070900010106,2010,13.130704835,7.707517987,0.544661533
070900010106,2011,29.505063422,16.963473535,0.62042981
070900010106,2012,10.972957035,6.605894447,0.479071971
070900010106,2013,31.492731607,19.974211479,0.588310607
070900010106,2014,23.818730482,13.37022854,0.602018209
070900010106,2015,14.637420422,7.775847124,0.584657313
070900010106,2016,35.16075756,16.790214643,0.587906648
070900010106,2017,42.955331262,23.574805144,0.594080263
070900010106,2018,26.723757779,13.947024193,0.615505554
070900010106,2019,43.570412033,25.103316881,0.665258037
070900010107,2010,14.567694183,5.760227557,0.492776312
070900010107,2011,25.622906154,11.395532006,0.549048236
070900010107,2012,10.326392081,4.53669421,0.42507528
070900010107,2013,25.625032941,13.440274026,0.537773292
070900010107,2014,21.891468861,9.231764903,0.544490271
070900010107,2015,12.805278468,4.905634497,0.509391777
070900010107,2016,29.204037153,11.332868625,0.529101982
070900010107,2017,37.268704993,16.510349932,0.542884374
070900010107,2018,22.24024056,9.461747804,0.534567759
070900010107,2019,39.766725235,18.286589256,0.601258818
070900010201,2010,16.410435959,15.180646353,0.514994693
070900010201,2011,22.485366008,20.756102585,0.546066705
070900010201,2012,9.151745095,8.335182506,0.435712742
070900010201,2013,21.856249691,20.259806121,0.545492646
070900010201,2014,15.06826784,13.912710369,0.552641573
070900010201,2015,12.641871935,12.014107579,0.531576153
070900010201,2016,24.843773258,23.392126182,0.552566378
070900010201,2017,34.605383774,31.801019156,0.577936441
070900010201,2018,18.52879593,17.499769207,0.535984345
070900010201,2019,42.783999295,39.516656909,0.618778661
070900010202,2010,18.832454152,17.255892879,0.530925023
070900010202,2011,25.576991467,23.270956958,0.558750895
070900010202,2012,11.15367203,9.994406742,0.454205674
070900010202,2013,22.270187604,20.519070683,0.550094317
070900010202,2014,18.386299025,16.747886918,0.570126031
070900010202,2015,15.347793292,14.203167153,0.543709455
070900010202,2016,27.096006381,24.955654795,0.56306746
070900010202,2017,35.427786462,31.969329732,0.587025927
070900010202,2018,21.834814735,19.975375432,0.555755485
070900010202,2019,43.490258931,39.999484692,0.634691726
070900010203,2010,14.123618522,13.2276188,0.439304649
070900010203,2011,17.746802245,16.497139441,0.469320998
070900010203,2012,7.804504272,7.139127268,0.368816916
070900010203,2013,14.247748519,13.28398358,0.450628687
070900010203,2014,13.968620857,12.875672438,0.466636991
070900010203,2015,13.407974377,12.61760507,0.442525978
070900010203,2016,21.224161622,19.73563896,0.463961219
070900010203,2017,26.960504746,25.118697851,0.480844225
070900010203,2018,15.618661669,14.636156527,0.459184756
070900010203,2019,35.366347122,33.019085315,0.510980079
070900010204,2010,15.272790734,13.205779545,0.507726635
070900010204,2011,20.692120519,17.744505078,0.531828428
070900010204,2012,9.080544716,7.430912145,0.416171454
070900010204,2013,19.741223074,17.361512793,0.525902866
070900010204,2014,17.561757393,14.959833547,0.544791467
070900010204,2015,11.036596907,9.401016407,0.503367476
070900010204,2016,21.04346432,18.311360262,0.529553321
070900010204,2017,31.713027425,27.680457604,0.564484039
070900010204,2018,21.221549519,18.302485506,0.535197227
070900010204,2019,39.118999995,34.349826701,0.611631049
070900010205,2010,11.753020217,10.932134238,0.40111677
070900010205,2011,17.06153829,15.229340361,0.419195143
070900010205,2012,7.232665711,6.397865563,0.326315795
070900010205,2013,13.131817186,11.925671222,0.416332326
070900010205,2014,16.072923807,13.871976209,0.433000609
070900010205,2015,9.370037651,8.773138256,0.395273933
070900010205,2016,19.315712094,17.682501208,0.429048914
070900010205,2017,22.866795775,20.696321615,0.438227442
070900010205,2018,18.095125339,16.824023445,0.419160392
070900010205,2019,32.121994549,28.900712244,0.473098775
070900010206,2010,16.081783337,15.059453429,0.495189627
070900010206,2011,24.634659919,22.615176797,0.525619898
070900010206,2012,10.9098099,10.148920997,0.414941705
070900010206,2013,20.225227111,18.971768132,0.517051659
070900010206,2014,22.303621439,20.035714743,0.527831725
070900010206,2015,13.047558223,12.244825683,0.494310133
070900010206,2016,27.072771857,25.040772707,0.522859793
070900010206,2017,34.335528586,31.242621436,0.540035345
070900010206,2018,24.681380776,23.24172126,0.522255824
070900010206,2019,40.778870964,38.362341417,0.578148692
070900010207,2010,15.697292416,14.747329069,0.406147811
070900010207,2011,23.037198636,21.038906124,0.424540434
070900010207,2012,11.916263901,11.16156532,0.336839857
070900010207,2013,19.454762669,18.272502525,0.421251663
070900010207,2014,21.221411627,18.910178592,0.428199283
070900010207,2015,13.245976029,12.414703618,0.40552323
070900010207,2016,24.525797094,22.612297419,0.424393228
070900010207,2017,30.554107229,27.501957116,0.43758938
070900010207,2018,22.234121577,20.770370552,0.421175619
070900010207,2019,34.555176669,32.244111466,0.461238633
070900010301,2010,11.546017092,5.77133975,0.632231504
070900010301,2011,23.450242189,12.501040045,0.693297164
070900010301,2012,5.052790559,2.992954671,0.545553047
070900010301,2013,24.309542159,13.423242522,0.682618435
070900010301,2014,14.571907593,7.41962892,0.673653994
070900010301,2015,8.740940618,3.943897563,0.645474302
070900010301,2016,35.952762899,17.568314308,0.674992671
070900010301,2017,26.585316344,12.750466611,0.682278505
070900010301,2018,25.756524052,10.138974824,0.70172845
070900010301,2019,33.433711141,15.534649123,0.765876981
070900010302,2010,17.887489225,7.178157925,0.64542324
070900010302,2011,29.709170978,13.948644271,0.70480119
070900010302,2012,8.405343734,4.106730866,0.56434975
070900010302,2013,26.960873951,14.461739157,0.693033967
070900010302,2014,17.759481008,8.788683422,0.686309201
070900010302,2015,15.448498332,5.466774406,0.659300361
070900010302,2016,34.748521642,18.444627248,0.684627997
070900010302,2017,33.398274172,14.149632509,0.693282516
070900010302,2018,29.948796869,11.30763613,0.710762414
070900010302,2019,39.982524856,16.698394975,0.774250192
070900010303,2010,14.292957133,7.00333538,0.635306132
070900010303,2011,23.731070248,14.045102592,0.695881408
070900010303,2012,5.650099382,3.713576173,0.551661692
070900010303,2013,23.608826862,14.273481025,0.682483543
070900010303,2014,14.294184623,8.287495084,0.674760112
070900010303,2015,9.280215067,4.776751974,0.644935562
070900010303,2016,34.708805203,19.069596294,0.67607399
070900010303,2017,28.73622365,14.507197428,0.686657832
070900010303,2018,27.094538952,11.888219394,0.703883055
070900010303,2019,34.095601556,17.527350312,0.769134748
070900010401,2010,12.896917557,8.212083759,0.457285
070900010401,2011,18.560504086,11.996828336,0.511098788
070900010401,2012,7.653320907,5.545274155,0.411101008
070900010401,2013,14.009224147,9.128638843,0.51127099
070900010401,2014,11.62243351,7.836369043,0.501030784
070900010401,2015,10.501193534,6.756033491,0.485191909
070900010401,2016,32.843291125,17.626222612,0.515979339
070900010401,2017,22.517199208,13.765292358,0.507532136
070900010401,2018,22.552174164,11.895086569,0.520586216
070900010401,2019,29.588888118,16.925748087,0.575567251
070900010402,2010,15.019033488,8.071243965,0.490896041
070900010402,2011,28.624932231,14.876997524,0.546669297
070900010402,2012,8.326161327,4.619297522,0.399613195
070900010402,2013,22.589153253,13.886641777,0.526052134
070900010402,2014,17.268062738,9.210135549,0.530948151
070900010402,2015,12.188260891,5.609315439,0.501223437
070900010402,2016,41.796357485,20.453068164,0.531634739
070900010402,2017,31.297364341,15.7539071,0.539638717
070900010402,2018,28.407406129,12.399338762,0.552145496
070900010402,2019,36.950432669,17.738243753,0.614525392
070900010403,2010,9.146576727,6.101126893,0.357533886
070900010403,2011,14.582649966,9.170849491,0.387122981
070900010403,2012,6.027151076,4.265510836,0.30585274
070900010403,2013,10.939880838,7.215105287,0.375360392
070900010403,2014,11.182170611,6.59413255,0.375687011
070900010403,2015,7.188807851,4.725718227,0.359363699
070900010403,2016,22.84060573,13.632337087,0.387271071
070900010403,2017,17.676281215,10.662455824,0.392277484
070900010403,2018,16.26860307,9.841196513,0.390763151
070900010403,2019,19.737344055,12.192685133,0.423536355
070900010501,2010,35.910841039,26.655284817,0.638367459
070900010501,2011,47.976237906,34.846499102,0.695169225
070900010501,2012,16.38425389,13.374301949,0.525069065
070900010501,2013,35.027170686,28.169886058,0.623892879
070900010501,2014,29.903296971,23.208080194,0.665817458
070900010501,2015,25.892873527,18.906721145,0.639192825
070900010501,2016,36.153620853,27.713798764,0.667440869
070900010501,2017,54.142415051,34.897782305,0.68159504
070900010501,2018,49.729083245,34.707600459,0.709985887
070900010501,2019,55.832581667,39.193681245,0.723397636
070900010502,2010,27.51080076,24.493237717,0.623136466
070900010502,2011,35.784300788,32.455954599,0.679719361
070900010502,2012,13.404664998,12.341268202,0.516078683
070900010502,2013,29.672092654,27.272978304,0.616574295
070900010502,2014,24.489773181,22.223145578,0.655905187
070900010502,2015,19.560070139,17.419404725,0.625811869
070900010502,2016,29.512805401,26.350058924,0.656242945
070900010502,2017,37.778880002,32.300701511,0.66335428
070900010502,2018,37.978534022,33.138167668,0.698725558
070900010502,2019,40.769612864,36.776864475,0.708293295
070900010503,2010,31.791218214,26.674901224,0.636376835
070900010503,2011,40.62659536,34.835068956,0.693112668
070900010503,2012,15.271623159,13.690916059,0.54289411
070900010503,2013,34.495735888,30.025531044,0.639678229
070900010503,2014,28.511393431,24.406622525,0.671512238
070900010503,2015,22.652163618,18.965112609,0.637450631
070900010503,2016,36.669248847,29.723697626,0.673579978
070900010503,2017,41.166020307,34.239208567,0.676192836
070900010503,2018,44.720998518,36.529535834,0.71330483
070900010503,2019,47.41770671,40.033070963,0.724610108
070900010504,2010,33.836645297,27.590718181,0.635813682
070900010504,2011,44.226752854,36.102656333,0.693101023
070900010504,2012,16.699865527,14.582942361,0.529447546
070900010504,2013,35.900943815,29.967411659,0.634009772
070900010504,2014,28.672741572,24.351384653,0.668326387
070900010504,2015,22.913535757,19.048636526,0.631393357
070900010504,2016,39.396868991,30.945070366,0.674118301
070900010504,2017,43.943538858,35.616389091,0.674243564
070900010504,2018,51.06730877,37.942582073,0.714790686
070900010504,2019,53.067647798,41.81712438,0.724552065
070900010601,2010,17.768256564,15.844762919,0.479678696
070900010601,2011,25.586620699,23.115094869,0.534854203
070900010601,2012,9.447838638,8.19865269,0.383026873
070900010601,2013,22.258980351,20.39410525,0.506683445
070900010601,2014,17.440328203,15.548427034,0.507224261
070900010601,2015,12.843149279,11.458864798,0.478012474
070900010601,2016,45.377417471,36.350550502,0.528958392
070900010601,2017,25.825539916,23.248347619,0.543235546
070900010601,2018,33.491267392,30.433675562,0.541133921
070900010601,2019,35.225409805,32.078227721,0.613086617
070900010602,2010,25.067575878,22.616802075,0.556054428
070900010602,2011,37.189131578,34.629694057,0.62613896
070900010602,2012,11.810191876,10.761701393,0.460150668
070900010602,2013,27.813029846,26.014509112,0.555398066
070900010602,2014,21.381565113,19.808638979,0.569703031
070900010602,2015,17.977652223,16.696964346,0.557469027
070900010602,2016,33.72606675,31.264002983,0.577120277
070900010602,2017,43.355008052,36.881268571,0.589706216
070900010602,2018,36.129941434,33.27231876,0.629438533
070900010602,2019,42.511522196,39.837434907,0.659275122
070900010603,2010,24.470409816,22.44961061,0.562544396
070900010603,2011,36.114253419,33.714131322,0.631548354
070900010603,2012,11.570519072,10.529085581,0.453750013
070900010603,2013,27.187762993,25.300113972,0.559065772
070900010603,2014,21.901701845,20.155592754,0.578032308
070900010603,2015,16.751638619,15.452522152,0.562199611
070900010603,2016,37.421848275,34.166484808,0.587400335
070900010603,2017,35.87779828,33.15318365,0.59209292
070900010603,2018,41.887268171,38.596075541,0.640402305
070900010603,2019,42.385638647,39.666309872,0.664731199
070900010604,2010,20.926885351,18.82168428,0.528546718
070900010604,2011,30.165825464,27.587992247,0.583556803
070900010604,2012,10.25031025,9.02399802,0.420774004
070900010604,2013,24.846504744,22.668532623,0.549364497
070900010604,2014,18.585148233,16.658919674,0.552994942
070900010604,2015,14.510695404,12.816892315,0.528368896
070900010604,2016,42.608815903,35.357902852,0.563909851
070900010604,2017,31.620767915,28.86362554,0.572826369
070900010604,2018,35.421481183,32.195664785,0.59161676
070900010604,2019,39.679169799,36.470038263,0.647511184
070900010605,2010,19.701026,15.411143705,0.559474086
070900010605,2011,32.944768193,26.943847682,0.621539424
070900010605,2012,11.90650107,8.500977965,0.481020185
070900010605,2013,25.787435917,22.044640763,0.554975855
070900010605,2014,18.016952919,13.805327317,0.573188556
070900010605,2015,16.467054266,12.316704342,0.576350004
070900010605,2016,41.445834556,31.672328439,0.602962272
070900010605,2017,29.143319511,23.087268243,0.603149475
070900010605,2018,38.028697809,30.60093544,0.648077728
070900010605,2019,39.880588189,33.018422736,0.675343716
070900010606,2010,19.907944337,17.848997654,0.519036736
070900010606,2011,28.540293998,25.820420629,0.573666263
070900010606,2012,10.342078611,9.137804678,0.413714541
070900010606,2013,21.434396429,19.531094226,0.511620851
070900010606,2014,16.721671252,14.995608291,0.536250944
070900010606,2015,13.698483828,12.134359177,0.511081664
070900010606,2016,37.767647832,33.011679947,0.545398544
070900010606,2017,26.228358255,23.809348163,0.544719229
070900010606,2018,37.651864524,34.067246425,0.588022982
070900010606,2019,35.47112465,32.565821147,0.624070602
070900010607,2010,18.30637926,13.995561109,0.560514315
070900010607,2011,31.902404804,25.850026251,0.624292428
070900010607,2012,11.607237895,8.158516031,0.485895797
070900010607,2013,25.168722029,21.388843242,0.562700739
070900010607,2014,18.839694549,14.585508914,0.57733042
070900010607,2015,17.155241796,12.955804985,0.582629365
070900010607,2016,41.808555578,31.451531041,0.605750783
070900010607,2017,29.146196016,22.989473799,0.607445897
070900010607,2018,35.043997645,27.593076021,0.649263073
070900010607,2019,40.528974077,33.584939383,0.678283007
070900010608,2010,31.641736605,28.253574701,0.619268384
070900010608,2011,44.345624334,39.964972271,0.678855245
070900010608,2012,17.327060119,15.129188006,0.5273864
070900010608,2013,35.242700331,32.534597214,0.613888371
070900010608,2014,27.644444466,24.722789571,0.640661625
070900010608,2015,24.018225754,21.10006085,0.624677433
070900010608,2016,44.798968714,38.777423589,0.659604648
070900010608,2017,41.765046676,36.583305138,0.660612568
070900010608,2018,48.775339427,43.769709807,0.700769771
070900010608,2019,51.851598484,47.281247952,0.720158905
070900010701,2010,14.576849046,14.429540408,0.432067408
070900010701,2011,20.067771494,18.958719123,0.456448028
070900010701,2012,6.976452622,6.849360842,0.334919793
070900010701,2013,11.249059063,10.665755989,0.442281874
070900010701,2014,11.998958038,11.538975522,0.443183736
070900010701,2015,11.350089047,11.134358582,0.432416545
070900010701,2016,25.369853632,24.005503753,0.463305512
070900010701,2017,20.123141011,18.713239534,0.472291877
070900010701,2018,25.703670649,24.174045981,0.470241716
070900010701,2019,29.249061128,27.920352169,0.486769211
070900010702,2010,17.856252216,17.721970911,0.415626363
070900010702,2011,21.404921862,20.495859889,0.441981773
070900010702,2012,9.989056753,9.921607442,0.329675149
070900010702,2013,15.094125389,14.56036443,0.442262644
070900010702,2014,17.044483841,16.314441886,0.440472762
070900010702,2015,13.920977117,13.772511769,0.419017864
070900010702,2016,26.145831145,25.365196524,0.451489433
070900010702,2017,26.107777716,25.002318241,0.475682073
070900010702,2018,25.753562018,25.002916409,0.455648601
070900010702,2019,31.797861186,30.853339702,0.487178801
070900010703,2010,14.553452857,14.450618006,0.456697109
070900010703,2011,17.500702804,16.628230447,0.48305567
070900010703,2012,6.797055097,6.75113147,0.356194006
070900010703,2013,11.165233196,10.693960065,0.478037165
070900010703,2014,15.193653809,14.401146957,0.486515699
070900010703,2015,9.978966293,9.8699311,0.455868502
070900010703,2016,23.353921412,22.760032888,0.496006329
070900010703,2017,24.102552154,22.768773306,0.518923724
070900010703,2018,21.005092108,20.428107443,0.496863708
070900010703,2019,29.292018307,28.544516408,0.531026865
070900010704,2010,15.009697994,14.4070135,0.472293289
070900010704,2011,20.655241046,18.290029432,0.504606495
070900010704,2012,7.727606844,7.11162176,0.372015487
070900010704,2013,13.111345744,11.47183735,0.49297142
070900010704,2014,13.057005479,11.954719511,0.485119669
070900010704,2015,9.746793701,9.009411244,0.460666746
070900010704,2016,22.63172866,21.362603847,0.504744754
070900010704,2017,24.723606765,22.28335018,0.531367896
070900010704,2018,24.372714453,21.707384332,0.514836779
070900010704,2019,33.210728441,29.726291072,0.549754241
070900010801,2010,21.400226924,15.898505645,0.618693991
070900010801,2011,37.993254231,29.031917936,0.653754294
070900010801,2012,14.284547099,10.543878064,0.49668283
070900010801,2013,23.539039105,18.339911975,0.618053714
070900010801,2014,18.691391962,14.062466171,0.614100635
070900010801,2015,19.8292251,14.295574617,0.614295332
070900010801,2016,35.842495791,26.782075725,0.660200239
070900010801,2017,30.988162823,22.872082788,0.663579033
070900010801,2018,37.280741491,28.086374667,0.667579806
070900010801,2019,49.475993252,38.882016756,0.690698281
070900010802,2010,16.443129846,15.532610714,0.651476055
070900010802,2011,39.30004641,35.287914915,0.716813387
070900010802,2012,15.166447045,13.258402115,0.548758657
070900010802,2013,28.309663318,25.649197932,0.683139383
070900010802,2014,16.840174262,15.751569331,0.68816609
070900010802,2015,21.147835268,18.958919884,0.687457235
070900010802,2016,26.448471976,23.806014234,0.703769312
070900010802,2017,28.096280178,25.258181366,0.70801607
070900010802,2018,41.306780645,37.103768926,0.737322261
070900010802,2019,52.136239288,46.356772894,0.745601752
070900010803,2010,19.218443027,17.530720957,0.631122109
070900010803,2011,39.750994425,36.132754652,0.691166995
070900010803,2012,13.006000058,11.657183018,0.534744834
070900010803,2013,30.537544384,28.496091689,0.635358352
070900010803,2014,13.536512425,12.282552583,0.615970951
070900010803,2015,15.779376989,14.122751397,0.621444268
070900010803,2016,26.496504899,23.862215744,0.662645965
070900010803,2017,25.31770016,23.005396377,0.658562456
070900010803,2018,37.68491685,34.185393175,0.699821903
070900010803,2019,44.097252515,40.818012089,0.728865721
070900010804,2010,15.527491034,14.423404549,0.575318914
070900010804,2011,37.820020171,32.214536424,0.641129068
070900010804,2012,13.811665894,12.188497618,0.500353988
070900010804,2013,25.377002294,22.732622034,0.597931384
070900010804,2014,14.707771159,13.682509473,0.596895148
070900010804,2015,17.26149657,15.226166852,0.606357853
070900010804,2016,27.86407955,24.185035881,0.621410215
070900010804,2017,23.67800033,21.126118679,0.621268328
070900010804,2018,34.786390756,29.695327231,0.656529618
070900010804,2019,43.794870688,37.828892356,0.669214135
070900010901,2010,14.30805324,13.626303856,0.449740592
070900010901,2011,13.779363903,12.985214381,0.466940998
070900010901,2012,6.462840736,6.242854446,0.365047658
070900010901,2013,14.987985172,14.489249975,0.458126341
070900010901,2014,10.169467503,9.997223749,0.454923545
070900010901,2015,10.651325854,10.354463645,0.445967151
070900010901,2016,16.291637391,15.850977458,0.463997452
070900010901,2017,21.926472071,21.069827631,0.495243402
070900010901,2018,14.694096504,13.951253155,0.468791279
070900010901,2019,30.862320556,29.076722898,0.516404673
070900010902,2010,23.225396575,21.931926913,0.574861211
070900010902,2011,24.999411086,23.684581835,0.585122666
070900010902,2012,13.021208838,12.215474618,0.467335683
070900010902,2013,25.336071114,24.16004208,0.576290834
070900010902,2014,22.98647134,21.922910539,0.586976294
070900010902,2015,20.381846974,19.295925467,0.572906829
070900010902,2016,30.734563926,29.386988963,0.598514356
070900010902,2017,33.141878475,31.609947218,0.615684236
070900010902,2018,25.546029357,24.342975982,0.586543505
070900010902,2019,46.349062538,44.110967849,0.638299178
070900010903,2010,19.810778028,18.93092084,0.52836233
070900010903,2011,23.01671498,21.632799487,0.547786343
070900010903,2012,10.581393481,9.970632935,0.419028127
070900010903,2013,19.930649302,19.005377402,0.542373248
070900010903,2014,22.28196763,20.992471514,0.551338642
070900010903,2015,16.558008935,15.788808959,0.52440005
070900010903,2016,28.160359002,27.083426543,0.558185773
070900010903,2017,30.425048234,29.041136081,0.573025906
070900010903,2018,24.200432728,23.136085368,0.549033512
070900010903,2019,40.43357729,38.791727991,0.605320257
070900010904,2010,25.27168451,24.894023272,0.612375987
070900010904,2011,28.900415818,28.246839048,0.609873812
070900010904,2012,14.27425707,13.978639917,0.492248749
070900010904,2013,25.326899583,24.887986285,0.59278484
070900010904,2014,30.026962048,29.020524118,0.627050048
070900010904,2015,22.502431809,22.151215503,0.612905255
070900010904,2016,37.817793808,36.95436354,0.637957859
070900010904,2017,36.300118351,35.317110704,0.638036494
070900010904,2018,30.691038977,30.11355527,0.623920231
070900010904,2019,48.870002642,47.912094781,0.656519829
070900010905,2010,15.409890362,13.708723766,0.534781023
070900010905,2011,18.70081438,16.390986023,0.553596186
070900010905,2012,7.500777033,6.520170824,0.423261799
070900010905,2013,12.652432521,11.237988923,0.549515037
070900010905,2014,19.226995225,15.65214319,0.565908815
070900010905,2015,8.971137412,7.924017442,0.513915499
070900010905,2016,23.823870282,21.021497148,0.578267588
070900010905,2017,25.458232808,21.688903004,0.58645495
070900010905,2018,18.225262411,15.956291592,0.551258411
070900010905,2019,32.638323358,29.297971224,0.626102495
070900010906,2010,26.136129522,25.058175173,0.737148137
070900010906,2011,38.302584817,36.77723128,0.770627092
070900010906,2012,19.714182345,18.977041795,0.611098007
070900010906,2013,28.910417789,28.027914775,0.726857779
070900010906,2014,36.199067627,34.120715415,0.774580849
070900010906,2015,19.927613751,19.030717739,0.72776198
070900010906,2016,46.216332701,44.254305178,0.77252809
070900010906,2017,43.562177792,41.872225532,0.775636015
070900010906,2018,35.463443352,34.102614005,0.763118932
070900010906,2019,56.871456605,54.886897123,0.803152332
070900010907,2010,11.049684623,10.905505376,0.413057692
070900010907,2011,18.684811588,18.26417609,0.436250543
070900010907,2012,6.996641724,6.922651001,0.33766949
070900010907,2013,10.758045806,10.62166603,0.424980164
070900010907,2014,13.716767772,12.98747657,0.426868291
070900010907,2015,8.751763169,8.664789285,0.40612447
070900010907,2016,29.170911052,26.399759429,0.438362544
070900010907,2017,21.764705071,20.872215262,0.446446976
070900010907,2018,17.142680945,16.842739903,0.432558857
070900010907,2019,24.352213869,24.01197951,0.461685697
070900010908,2010,17.697682524,15.978208412,0.536529316
070900010908,2011,25.758130218,22.947037825,0.572261247
070900010908,2012,12.556201208,11.145818852,0.443253577
070900010908,2013,19.494774155,17.478670469,0.5483991
070900010908,2014,20.9481,18.494834959,0.561634689
070900010908,2015,13.920138695,12.163646351,0.530067513
070900010908,2016,32.756077813,28.82664396,0.574732717
070900010908,2017,29.141258057,26.008496337,0.585676708
070900010908,2018,24.404822439,21.656166459,0.560606821
070900010908,2019,35.971967703,32.801642076,0.606362453
070900010909,2010,12.348100274,10.944971212,0.45048353
070900010909,2011,22.719392684,20.323255627,0.49146562
070900010909,2012,8.940134722,7.760341118,0.369810956
070900010909,2013,14.72855857,13.180714546,0.46832408
070900010909,2014,11.985566884,10.488528064,0.465939272
070900010909,2015,13.319598639,11.695921849,0.453731362
070900010909,2016,34.203051901,27.361191688,0.48692511
070900010909,2017,21.626443184,19.047629183,0.496593006
070900010909,2018,24.060818661,21.557207714,0.483818803
070900010909,2019,27.176111061,24.672512853,0.523849892
070900011001,2010,18.736327175,14.31284798,0.579310452
070900011001,2011,29.522422879,21.255927903,0.612930507
070900011001,2012,10.265292366,7.284710783,0.461413997
070900011001,2013,21.555019933,15.554343025,0.595174912
070900011001,2014,14.947455755,10.846998338,0.595376295
070900011001,2015,10.762594217,7.848197233,0.539631828
070900011001,2016,23.114922917,17.159063261,0.61605428
070900011001,2017,27.211073747,20.477362602,0.643801497
070900011001,2018,25.886945397,19.4809158,0.606689513
070900011001,2019,45.390665413,34.385720496,0.703302367
070900011002,2010,13.685084617,12.126964229,0.481621378
070900011002,2011,26.5962924,21.578845979,0.516031107
070900011002,2012,8.889050116,7.589522813,0.38859849
070900011002,2013,15.734932411,13.199780184,0.490526239
070900011002,2014,11.074964833,9.549475192,0.48941059
070900011002,2015,10.472643269,9.202174905,0.466853323
070900011002,2016,24.214394705,20.077066942,0.512574186
070900011002,2017,20.515815802,17.560519937,0.526114485
070900011002,2018,21.722166419,18.922358715,0.508667736
070900011002,2019,34.423297171,29.535293666,0.562515464
070900011003,2010,32.459566665,28.670458975,0.729348285
070900011003,2011,55.8983207,49.691730682,0.770934585
070900011003,2012,25.311045623,22.452785331,0.603561166
070900011003,2013,43.750409142,39.954748945,0.741310957
070900011003,2014,27.239923536,24.043945728,0.738190939
070900011003,2015,30.610466553,26.503138289,0.740908302
070900011003,2016,32.863461264,29.163313499,0.74397282
070900011003,2017,40.515429725,35.657859639,0.76326942
070900011003,2018,56.358233985,50.026606736,0.773641202
070900011003,2019,63.985975733,57.644129885,0.7942452
070900011004,2010,17.401738968,15.259223647,0.603155475
070900011004,2011,37.091997637,31.681401129,0.656962489
070900011004,2012,13.648324058,11.69237252,0.486798983
070900011004,2013,23.920509634,20.904739392,0.614597576
070900011004,2014,13.362138939,11.563870971,0.600182895
070900011004,2015,17.281137782,14.773140559,0.59980792
070900011004,2016,30.15271828,25.592150451,0.640517043
070900011004,2017,26.30826156,22.784818647,0.647120336
070900011004,2018,36.157530366,31.475530203,0.645869625
070900011004,2019,40.449355471,35.833606888,0.695849418
070900011005,2010,18.986454281,16.864630577,0.62281934
070900011005,2011,37.294575273,31.75559966,0.685604314
070900011005,2012,14.127267521,11.54055592,0.520775145
070900011005,2013,25.515930234,21.994115674,0.647960355
070900011005,2014,15.517772715,13.673136171,0.640821959
070900011005,2015,19.624588545,16.74577034,0.650372396
070900011005,2016,16.817362537,14.81130729,0.63686481
070900011005,2017,23.356237886,19.969699552,0.650840638
070900011005,2018,34.768956516,29.461994743,0.667402189
070900011005,2019,40.137576465,35.240880351,0.716844553
070900011101,2010,20.382994853,16.638924534,0.590109541
070900011101,2011,31.837093885,27.345378947,0.64018935
070900011101,2012,14.058970432,10.98247092,0.524892191
070900011101,2013,30.270761244,26.941267043,0.568747873
070900011101,2014,19.476377746,15.782605239,0.590156676
070900011101,2015,15.210988468,11.648695175,0.58767335
070900011101,2016,26.189677133,22.099207401,0.618725892
070900011101,2017,25.818332745,21.220941567,0.605163688
070900011101,2018,35.329893397,29.979713716,0.653241426
070900011101,2019,40.93785693,35.425824608,0.689321432
070900011102,2010,21.488463446,17.786372663,0.58987398
070900011102,2011,35.136457448,30.586932436,0.641732111
070900011102,2012,15.659806378,12.589365503,0.528902664
070900011102,2013,32.044671434,28.811703628,0.572154548
070900011102,2014,21.468942321,17.803800936,0.591464923
070900011102,2015,18.660006631,15.110838848,0.593723564
070900011102,2016,24.862883,20.894071366,0.615003016
070900011102,2017,27.460308304,22.888801193,0.60592434
070900011102,2018,35.107976483,30.02810568,0.651369171
070900011102,2019,42.184347709,36.739563,0.688127009
070900011103,2010,20.46310584,18.152701394,0.542819858
070900011103,2011,32.345174846,28.6540964,0.608584829
070900011103,2012,13.718824458,11.633327945,0.471079583
070900011103,2013,23.859254598,21.430698815,0.556711063
070900011103,2014,16.871065357,14.747775983,0.5537824
070900011103,2015,18.060371115,15.520063354,0.550207644
070900011103,2016,24.664647986,21.498364276,0.561843905
070900011103,2017,25.796030767,22.689840335,0.565102652
070900011103,2018,31.671305322,27.838724351,0.598721703
070900011103,2019,36.253216662,32.463726749,0.646068853
070900011104,2010,28.012689899,21.961783323,0.598658411
070900011104,2011,41.862158335,32.592474931,0.640428725
070900011104,2012,17.241788818,13.61663434,0.493073935
070900011104,2013,34.724431985,25.206678799,0.585494799
070900011104,2014,24.776930095,19.243509444,0.593305049
070900011104,2015,24.672399934,19.06887263,0.58155547
070900011104,2016,30.462664803,24.604126012,0.616411072
070900011104,2017,35.894988013,27.932384847,0.622979227
070900011104,2018,42.038396856,33.906958791,0.63851849
070900011104,2019,44.101100999,35.909318859,0.65769179
070900011105,2010,25.851113447,20.297956679,0.51602758
070900011105,2011,38.910849162,29.734935611,0.561797916
070900011105,2012,16.542664001,12.081158255,0.44120984
070900011105,2013,30.533996611,23.253486041,0.531397273
070900011105,2014,22.277191333,17.197859492,0.521970007
070900011105,2015,24.222802099,19.044972952,0.517765929
070900011105,2016,26.105780997,20.769771661,0.525591004
070900011105,2017,30.041681514,23.130397623,0.532068498
070900011105,2018,36.750844265,28.79340578,0.550367093
070900011105,2019,41.424451567,32.918743654,0.590422741
070900020101,2010,19.745049598,13.611284449,0.491864312
070900020101,2011,31.021746388,19.587014793,0.544895993
070900020101,2012,8.847139583,6.86678788,0.405643309
070900020101,2013,19.788170508,12.617498094,0.493575959
070900020101,2014,10.575417597,7.912610703,0.504818553
070900020101,2015,14.778743492,9.425483,0.506818616
070900020101,2016,20.876955161,14.199354661,0.497248053
070900020101,2017,18.87334578,12.553033362,0.498382351
070900020101,2018,33.919257175,19.578792699,0.54784718
070900020101,2019,30.734623812,19.761026148,0.56381993
070900020102,2010,22.96795719,15.471233847,0.454228669
070900020102,2011,27.335208469,18.671952175,0.495183362
070900020102,2012,9.56371265,7.483244807,0.375082614
070900020102,2013,21.565861615,13.81396198,0.455188725
070900020102,2014,11.387267691,8.960802792,0.458872461
070900020102,2015,12.082458064,8.580886832,0.455657851
070900020102,2016,19.300234995,13.900946093,0.454888839
070900020102,2017,20.273164872,14.239544225,0.457059306
070900020102,2018,36.396101662,21.038671263,0.501143736
070900020102,2019,28.580781122,18.963628234,0.512236991
070900020201,2010,27.191202829,16.396815673,0.428634169
070900020201,2011,27.432678568,17.001287976,0.470207118
070900020201,2012,9.670332318,7.529056037,0.357149812
070900020201,2013,23.557337714,13.357171886,0.430394183
070900020201,2014,12.277854185,8.381174369,0.42951332
070900020201,2015,9.788978044,6.478527232,0.427463219
070900020201,2016,13.952653371,9.798057298,0.411623697
070900020201,2017,16.558945336,10.677413804,0.417714237
070900020201,2018,41.088400404,18.726313353,0.470170282
070900020201,2019,27.291370023,17.56750827,0.478642462
070900020202,2010,20.403442409,13.673126422,0.419570402
070900020202,2011,20.551809959,14.472975484,0.460572992
070900020202,2012,7.335708012,5.988169208,0.354398827
070900020202,2013,18.222357855,11.992154602,0.421738924
070900020202,2014,9.612452471,7.055284138,0.424444507
070900020202,2015,7.924745107,5.566389429,0.423325734
070900020202,2016,10.689576117,8.049790161,0.406431014
070900020202,2017,12.84700866,8.969665098,0.411799984
070900020202,2018,30.944341762,16.610869671,0.460269394
070900020202,2019,21.352640479,15.338005104,0.471243481
070900020203,2010,27.306003725,15.278384845,0.438675395
070900020203,2011,32.20103466,17.4989747,0.482569114
070900020203,2012,11.947592548,7.961506297,0.372636043
070900020203,2013,27.076228576,14.642775905,0.449381144
070900020203,2014,15.353293567,9.248157572,0.446467336
070900020203,2015,14.950337391,7.822504999,0.443246298
070900020203,2016,17.90008937,10.516663109,0.431419948
070900020203,2017,20.071146568,11.050956185,0.433344938
070900020203,2018,38.956793605,17.795364837,0.479284116
070900020203,2019,30.819498495,17.738081488,0.491036797
070900020301,2010,26.548505472,23.469656737,0.428690775
070900020301,2011,32.690205605,28.680511868,0.45511231
070900020301,2012,16.452529604,15.178002125,0.357229325
070900020301,2013,25.747764163,22.667096592,0.424718479
070900020301,2014,21.92287945,19.195737954,0.430271535
070900020301,2015,22.767664082,19.57714594,0.432202926
070900020301,2016,24.23479561,21.616904352,0.428586575
070900020301,2017,28.997425926,25.72563332,0.443477148
070900020301,2018,33.408851651,29.319824541,0.470621641
070900020301,2019,40.86953635,36.244255743,0.489271358
070900020302,2010,20.208710947,10.939181736,0.523107336
070900020302,2011,33.520719915,17.714246557,0.589827474
070900020302,2012,9.507429511,6.438276741,0.452632636
070900020302,2013,22.588431591,13.67274721,0.534234012
070900020302,2014,15.151323629,9.172414924,0.546935997
070900020302,2015,19.695959864,9.270325259,0.551922631
070900020302,2016,20.656829699,10.646564019,0.539874548
070900020302,2017,18.687747821,9.951972652,0.550368053
070900020302,2018,30.565430918,13.68264728,0.58342718
070900020302,2019,36.867684337,17.922480439,0.605052347
070900020303,2010,25.348200411,21.650937243,0.363263008
070900020303,2011,33.799770278,27.064785953,0.384958445
070900020303,2012,14.802316533,13.475692839,0.30521793
070900020303,2013,27.022673102,22.646282205,0.368574867
070900020303,2014,24.381757932,20.783810504,0.374351925
070900020303,2015,23.070698223,18.991553571,0.369924035
070900020303,2016,27.897790346,23.280961593,0.374310887
070900020303,2017,27.707750449,23.352031163,0.371806206
070900020303,2018,33.388825449,26.784189124,0.388866191
070900020303,2019,37.318902751,30.112901688,0.399945061
070900020304,2010,18.986669577,15.575206078,0.547950162
070900020304,2011,29.454217856,22.923660592,0.601957363
070900020304,2012,12.577971796,10.867948949,0.481146086
070900020304,2013,23.264161651,18.153747383,0.562749158
070900020304,2014,16.092870163,13.429718116,0.573647679
070900020304,2015,14.755946803,11.907555997,0.56052422
070900020304,2016,22.511786237,18.3537481,0.583313661
070900020304,2017,23.115144101,18.3257307,0.585250618
070900020304,2018,34.833100321,24.055966149,0.622515807
070900020304,2019,33.71633082,26.835280728,0.631317294
070900020305,2010,19.773890899,16.430378916,0.45512721
070900020305,2011,33.327031903,25.661984784,0.503576897
070900020305,2012,11.204659556,9.971140921,0.381438286
070900020305,2013,22.266639412,17.42525242,0.458481014
070900020305,2014,15.647123044,13.628063786,0.467574703
070900020305,2015,16.367678806,13.465293973,0.469054648
070900020305,2016,21.26699791,17.799101294,0.468696539
070900020305,2017,21.784080494,17.693654068,0.473314933
070900020305,2018,34.331920258,24.648445418,0.505952393
070900020305,2019,33.794112767,26.239784275,0.516485834
070900020306,2010,26.983000507,18.453766388,0.40526722
070900020306,2011,35.095787293,22.417461583,0.438717442
070900020306,2012,15.23618475,12.143976928,0.340833478
070900020306,2013,27.47757563,18.085197342,0.40448321
070900020306,2014,18.059145912,13.897449168,0.412355185
070900020306,2015,19.450320943,13.685894179,0.41178524
070900020306,2016,23.365510433,16.802053435,0.409731158
070900020306,2017,26.316511206,17.699070628,0.412241472
070900020306,2018,41.222477788,23.056826575,0.439925943
070900020306,2019,34.37716251,23.271065247,0.446846978
070900020401,2010,23.954149261,22.65381642,0.531078195
070900020401,2011,37.102783351,33.431895553,0.577779021
070900020401,2012,14.562043062,13.743380401,0.453035384
070900020401,2013,33.89053796,30.166164044,0.567855198
070900020401,2014,20.90418522,19.633720806,0.540246978
070900020401,2015,25.084913664,23.554301051,0.533875767
070900020401,2016,25.163040235,24.036475783,0.552353135
070900020401,2017,27.552435922,26.001496809,0.5559853
070900020401,2018,35.789124883,34.446331642,0.575199174
070900020401,2019,44.716715041,40.834619523,0.625508225
070900020402,2010,25.726183841,25.178669373,0.522938827
070900020402,2011,25.041918553,24.140289488,0.572267195
070900020402,2012,11.146325576,10.841337228,0.460898171
070900020402,2013,22.72693788,21.994584751,0.565583664
070900020402,2014,13.131684448,12.945336832,0.513538051
070900020402,2015,15.926180196,15.426608011,0.543038189
070900020402,2016,20.7523505,20.372971522,0.540541291
070900020402,2017,17.709000895,17.194358121,0.559405373
070900020402,2018,29.073926622,28.45671986,0.576917975
070900020402,2019,30.618817094,29.263276907,0.645583416
070900020403,2010,19.261440737,18.200886328,0.529591079
070900020403,2011,27.579995543,23.099040866,0.569492639
070900020403,2012,10.331742662,9.042174262,0.443128936
070900020403,2013,25.399055885,19.637500237,0.55972556
070900020403,2014,13.654029552,12.574054421,0.528659273
070900020403,2015,16.037860158,15.194332573,0.527994522
070900020403,2016,18.27922378,17.718403684,0.537041023
070900020403,2017,18.097668298,16.516273199,0.542493382
070900020403,2018,32.728035328,30.67731805,0.580496772
070900020403,2019,37.511262779,31.850415378,0.626226672
070900020404,2010,36.742010274,35.668911566,0.517036278
070900020404,2011,42.587783426,41.186984307,0.550706766
070900020404,2012,23.97462899,23.064321429,0.438702992
070900020404,2013,37.463919533,36.131632736,0.518388745
070900020404,2014,25.842683803,25.009150727,0.510117804
070900020404,2015,25.505795696,24.52657883,0.518061391
070900020404,2016,30.189460033,29.214878017,0.523679996
070900020404,2017,30.795532168,29.715960762,0.521160655
070900020404,2018,39.597607296,38.354328674,0.562548911
070900020404,2019,45.05246105,43.272299584,0.578103313
070900020405,2010,37.876585191,33.395735659,0.438924597
070900020405,2011,41.628014933,35.426658792,0.448927361
070900020405,2012,22.884261614,19.778690512,0.352761874
070900020405,2013,35.171250019,30.302108778,0.418495477
070900020405,2014,25.404211557,21.858985875,0.42380795
070900020405,2015,27.433472825,23.863906482,0.425559273
070900020405,2016,31.375339899,27.861935429,0.435565055
070900020405,2017,29.456393477,25.664873593,0.427179138
070900020405,2018,38.950816781,33.697929479,0.458993922
070900020405,2019,43.389006583,38.037444789,0.470328811
070900020501,2010,16.136687411,9.276933094,0.393806628
070900020501,2011,23.864658516,13.194230299,0.416101036
070900020501,2012,8.489665957,5.397992118,0.315447267
070900020501,2013,11.912882082,6.346503476,0.427025679
070900020501,2014,15.498161584,8.559513144,0.408041154
070900020501,2015,16.200741872,8.929558591,0.402264468
070900020501,2016,29.24892822,14.446230549,0.417885766
070900020501,2017,18.930875118,11.64775751,0.405022039
070900020501,2018,29.722865178,14.481304171,0.419299241
070900020501,2019,30.187433492,14.529825474,0.447173786
070900020502,2010,12.643870211,11.119067226,0.395740293
070900020502,2011,21.503390504,17.842526955,0.423850719
070900020502,2012,6.508656329,6.061184517,0.311392208
070900020502,2013,9.323841987,7.842691696,0.433160102
070900020502,2014,12.338339472,11.104630179,0.412499009
070900020502,2015,11.810011514,10.389786499,0.403201727
070900020502,2016,22.7171885,18.578742707,0.421134994
070900020502,2017,15.414941929,13.852595612,0.402829482
070900020502,2018,24.006044647,18.797105613,0.422314466
070900020502,2019,24.86619591,19.601614891,0.453069366
070900020503,2010,17.095637007,5.975652352,0.403126479
070900020503,2011,28.208308116,8.068662193,0.426457019
070900020503,2012,9.074261199,3.995007855,0.344509476
070900020503,2013,18.707447762,6.106991051,0.432328879
070900020503,2014,16.896203267,5.695331816,0.418061872
070900020503,2015,15.666892274,5.280059693,0.403768782
070900020503,2016,26.851721084,7.98708689,0.42597873
070900020503,2017,19.195165314,6.54003198,0.422289764
070900020503,2018,26.768339109,7.373233084,0.426003952
070900020503,2019,29.945567314,8.431481844,0.454663763
070900020504,2010,30.4624597,13.696943437,0.464889585
070900020504,2011,41.337698964,17.645776538,0.488531257
070900020504,2012,16.771906794,9.697852886,0.400080602
070900020504,2013,28.963440456,13.670668882,0.491075719
070900020504,2014,28.637783717,13.113138779,0.478091047
070900020504,2015,26.908477782,11.820907173,0.465532747
070900020504,2016,39.357050595,16.124308812,0.484380364
070900020504,2017,30.247312754,14.67946219,0.477562288
070900020504,2018,43.059556246,16.619031158,0.490699206
070900020504,2019,48.000383662,19.532139327,0.518697248
070900020601,2010,21.854174975,18.991095732,0.552908987
070900020601,2011,29.387680459,26.166040791,0.583022569
070900020601,2012,13.168233063,11.985025346,0.435117449
070900020601,2013,21.849671495,19.163382622,0.566887449
070900020601,2014,18.939726794,16.211253471,0.566088915
070900020601,2015,15.498924947,13.100791483,0.546576193
070900020601,2016,29.672214716,26.061288151,0.581508736
070900020601,2017,20.913945249,18.860510223,0.550076657
070900020601,2018,31.084847535,27.430690311,0.596298768
070900020601,2019,42.375259247,38.473516655,0.630270405
070900020602,2010,29.011647608,28.716238501,0.615983708
070900020602,2011,36.765075182,36.21021804,0.657975587
070900020602,2012,19.170493219,19.107052743,0.514026335
070900020602,2013,29.189269559,28.826619133,0.645366925
070900020602,2014,24.721459312,24.387190048,0.633202193
070900020602,2015,21.654188874,21.472098909,0.616710036
070900020602,2016,30.732261012,30.375368021,0.639746657
070900020602,2017,28.014667545,27.787377622,0.627283156
070900020602,2018,33.328395666,33.040204009,0.668641674
070900020602,2019,53.460891667,51.650598878,0.705173719
070900020603,2010,43.813441122,40.064748955,0.617224953
070900020603,2011,48.26395959,44.464994845,0.640037179
070900020603,2012,26.486389502,24.58263423,0.524053834
070900020603,2013,43.287926756,39.504902907,0.638195284
070900020603,2014,35.258151275,32.293364916,0.62027695
070900020603,2015,32.115635232,29.294696985,0.600882176
070900020603,2016,41.378557015,37.891775153,0.632229486
070900020603,2017,39.052560378,36.128322833,0.621460136
070900020603,2018,48.452372793,44.387650498,0.655792724
070900020603,2019,68.952794874,62.641040854,0.689956643
070900020604,2010,28.671368493,25.92028131,0.438499722
070900020604,2011,29.247232611,26.736601379,0.444903693
070900020604,2012,15.735631749,14.47079891,0.410188738
070900020604,2013,25.803538683,23.524220541,0.448626249
070900020604,2014,22.098271314,20.143239422,0.435915928
070900020604,2015,23.599709953,21.395875441,0.434858106
070900020604,2016,25.678637472,23.406232972,0.441001632
070900020604,2017,25.57462638,23.356365468,0.439898712
070900020604,2018,34.382330028,30.867906856,0.451023093
070900020604,2019,39.93961158,36.001658708,0.46334474
070900020701,2010,38.100530813,13.805922259,0.464629256
070900020701,2011,43.221222833,15.599120273,0.463948956
070900020701,2012,23.074608618,10.956751707,0.428666306
070900020701,2013,35.740017698,12.726547906,0.474597844
070900020701,2014,28.700773124,11.008919976,0.459394521
070900020701,2015,34.326003526,12.390524969,0.457693555
070900020701,2016,37.84185321,14.012784674,0.461243425
070900020701,2017,35.388456697,13.852440335,0.46311853
070900020701,2018,51.47215884,16.744376435,0.476863309
070900020701,2019,52.266786099,18.802127081,0.496384355
070900020702,2010,36.256122134,14.18607642,0.523162188
070900020702,2011,34.245463178,14.757993808,0.529531307
070900020702,2012,16.403095674,9.128009428,0.471043318
070900020702,2013,29.938136746,13.203486487,0.53422517
070900020702,2014,23.564419294,11.058020419,0.513992165
070900020702,2015,28.558722769,11.570585657,0.510964567
070900020702,2016,31.230272236,13.279184108,0.52128716
070900020702,2017,28.441407387,12.768405449,0.521969978
070900020702,2018,42.388912858,14.984409286,0.533276692
070900020702,2019,48.381192741,18.201587694,0.570057119
070900020703,2010,14.837752169,7.613352315,0.438460191
070900020703,2011,16.054133376,8.252252374,0.429134403
070900020703,2012,4.475920919,2.797376778,0.319561526
070900020703,2013,8.429819888,4.079913189,0.407866686
070900020703,2014,5.340985965,2.69580816,0.378210291
070900020703,2015,7.397347137,3.829568263,0.393134759
070900020703,2016,10.314582048,5.66273078,0.421956008
070900020703,2017,9.468773504,5.171241917,0.410462832
070900020703,2018,17.986371842,8.412447773,0.443064913
070900020703,2019,23.523940728,11.291614196,0.478383857
070900020801,2010,41.671004839,31.901101357,0.506974187
070900020801,2011,40.929109009,32.402228513,0.530143017
070900020801,2012,19.046624097,16.993434466,0.41596847
070900020801,2013,28.546958255,22.827225839,0.525463055
070900020801,2014,22.190225363,18.411154618,0.50788403
070900020801,2015,27.38451188,20.040451732,0.512126527
070900020801,2016,31.199388914,24.013457107,0.514095904
070900020801,2017,26.775220728,21.54336802,0.502279869
070900020801,2018,37.450736867,27.222989284,0.536130836
070900020801,2019,47.974857743,36.549539401,0.573677513
070900020802,2010,45.730013496,29.797070261,0.488499441
070900020802,2011,37.458300664,27.048973573,0.503957653
070900020802,2012,16.029440376,14.20782291,0.401322508
070900020802,2013,29.200509988,20.710035544,0.50962658
070900020802,2014,21.070765633,17.012542597,0.49655031
070900020802,2015,27.112368743,18.262441,0.492857128
070900020802,2016,28.452112337,20.530024856,0.488143416
070900020802,2017,24.261043165,18.179315068,0.476287568
070900020802,2018,35.836956298,21.884332025,0.509370304
070900020802,2019,42.558399442,28.586846285,0.547937006
070900020803,2010,38.955252113,19.129535529,0.590555476
070900020803,2011,34.50439348,17.957142953,0.60359174
070900020803,2012,14.446853941,9.839148289,0.48005288
070900020803,2013,33.47130272,19.158765072,0.596730603
070900020803,2014,20.174071976,11.716388827,0.587267111
070900020803,2015,23.355997689,11.158249988,0.577653152
070900020803,2016,26.642238117,14.211274619,0.591172572
070900020803,2017,22.935097717,13.115391595,0.577643133
070900020803,2018,37.594780381,15.510243426,0.618578637
070900020803,2019,42.132428084,21.303062712,0.638902969
070900020901,2010,20.351988478,8.056698498,0.497633279
070900020901,2011,26.2725754,9.557078372,0.530945927
070900020901,2012,7.175993394,3.848848228,0.406489937
070900020901,2013,24.51236093,10.257539397,0.523517534
070900020901,2014,10.696277752,5.10308245,0.479796868
070900020901,2015,16.650326073,6.133452974,0.49128434
070900020901,2016,16.748526851,7.224362237,0.510939831
070900020901,2017,15.13122923,6.958875769,0.498159066
070900020901,2018,26.562935875,8.208318216,0.526472567
070900020901,2019,37.941738224,13.011297531,0.591799596
070900020902,2010,28.500930381,19.38860986,0.426195003
070900020902,2011,27.673579431,19.865221358,0.430939687
070900020902,2012,11.530680791,9.845435451,0.346455999
070900020902,2013,20.416166953,14.985253763,0.429040473
070900020902,2014,14.079909788,11.401107593,0.421183211
070900020902,2015,17.623694061,12.423779627,0.430145205
070900020902,2016,20.652681888,14.857727869,0.42650931
070900020902,2017,16.721434698,12.767192919,0.417326582
070900020902,2018,26.04391852,16.446653311,0.447253172
070900020902,2019,35.864964042,23.157199163,0.472278095
070900020903,2010,43.018446383,26.45455544,0.530039405
070900020903,2011,40.157402233,26.811259078,0.545328594
070900020903,2012,18.339010343,14.604878486,0.45082352
070900020903,2013,33.516494688,21.840187485,0.546373473
070900020903,2014,22.735377609,16.46779962,0.528942724
070900020903,2015,22.693106136,14.247323663,0.536390474
070900020903,2016,29.035984653,18.301299118,0.532759268
070900020903,2017,26.233318484,18.100588294,0.528227863
070900020903,2018,36.199601355,20.346478691,0.558494312
070900020903,2019,52.324600265,31.074829142,0.596531674
070900020904,2010,41.121987776,24.4711354,0.521037365
070900020904,2011,39.127369936,24.74098579,0.532764635
070900020904,2012,16.411532966,13.498239315,0.432585362
070900020904,2013,31.708565349,20.190818936,0.536318169
070900020904,2014,21.225926393,15.729484202,0.523137933
070900020904,2015,21.45698157,12.965157554,0.527749098
070900020904,2016,28.543473306,16.58795995,0.524588998
070900020904,2017,24.067439086,16.302662388,0.512071411
070900020904,2018,35.856885697,17.963217991,0.547696271
070900020904,2019,47.308239966,27.733579255,0.583344496
070900020905,2010,31.11635037,15.202126052,0.636793483
070900020905,2011,29.357656115,14.832666861,0.633615485
070900020905,2012,12.723408223,9.036134446,0.5000519
070900020905,2013,25.68631574,14.160931525,0.613381653
070900020905,2014,17.015576445,9.988748405,0.620445336
070900020905,2015,18.616836601,9.286621133,0.600771953
070900020905,2016,20.990007206,11.467885436,0.626628132
070900020905,2017,18.347422072,10.241006084,0.596200639
070900020905,2018,31.623856978,12.678876638,0.643985897
070900020905,2019,33.69897303,17.039421207,0.664959459
070900021001,2010,22.681295608,9.212393515,0.467282485
070900021001,2011,30.441120319,11.604511723,0.496555643
070900021001,2012,13.776221784,6.400130668,0.394062429
070900021001,2013,25.443110521,10.919607465,0.46731238
070900021001,2014,15.371228704,6.355373663,0.460841833
070900021001,2015,17.575554231,6.164453158,0.456596895
070900021001,2016,19.273440151,8.121342013,0.472480722
070900021001,2017,23.235735179,9.518711492,0.475091793
070900021001,2018,34.907019025,11.656494295,0.498516903
070900021001,2019,31.22454258,12.867665746,0.513562866
070900021002,2010,23.129416114,15.535288489,0.490781684
070900021002,2011,25.280273084,16.359574428,0.537687311
070900021002,2012,10.153942877,7.480337809,0.406508212
070900021002,2013,22.514278775,14.751707157,0.494973714
070900021002,2014,10.761616628,7.312118727,0.47510396
070900021002,2015,8.591919625,4.973742637,0.466913277
070900021002,2016,12.381911902,8.620273116,0.477236954
070900021002,2017,15.449480117,10.629515169,0.489506226
070900021002,2018,33.576711968,18.264162146,0.544081869
070900021002,2019,26.470618465,18.436142723,0.550410269
070900021003,2010,17.15685741,7.560028299,0.385652216
070900021003,2011,20.340230018,8.171313292,0.40552814
070900021003,2012,10.722873286,5.145142183,0.325677606
070900021003,2013,17.088542751,6.981192397,0.381072035
070900021003,2014,10.274957424,4.538586847,0.368133192
070900021003,2015,12.115756944,4.545777447,0.377255333
070900021003,2016,13.118905928,6.00934831,0.38095358
070900021003,2017,14.768111396,6.561825563,0.385271738
070900021003,2018,22.914765134,8.355172016,0.410660413
070900021003,2019,19.741466098,8.869278334,0.41675134
070900021004,2010,24.515850715,7.824223193,0.462870102
070900021004,2011,26.284468333,7.435167935,0.482532711
070900021004,2012,12.354154378,3.843270475,0.381636848
070900021004,2013,24.097946176,6.478985507,0.482994671
070900021004,2014,13.758691629,4.059471726,0.443649852
070900021004,2015,13.601541004,3.660349034,0.426948784
070900021004,2016,17.190910243,5.308694624,0.450301527
070900021004,2017,19.726743608,5.762985683,0.449229268
070900021004,2018,32.705327034,8.819990474,0.483449082
070900021004,2019,27.462748204,8.353955164,0.500558277
070900021005,2010,28.805537068,14.200807832,0.474181437
070900021005,2011,27.185306741,12.531078925,0.486126983
070900021005,2012,11.145047974,6.580900598,0.37015752
070900021005,2013,23.81270513,10.863701448,0.478464225
070900021005,2014,12.667643105,6.770590505,0.453804649
070900021005,2015,14.305416353,6.773609125,0.450621488
070900021005,2016,20.691681016,10.66546655,0.460765236
070900021005,2017,19.98433034,10.994511363,0.447227388
070900021005,2018,27.902274153,11.638154772,0.475841088
070900021005,2019,32.834340993,16.350915169,0.523742049
070900021006,2010,28.249550659,5.486230523,0.455024802
070900021006,2011,32.415246633,4.955681677,0.470197323
070900021006,2012,12.300849004,3.148643277,0.367245731
070900021006,2013,26.407294735,4.628864134,0.465387936
070900021006,2014,14.3631354,3.319939218,0.436235989
070900021006,2015,18.321637466,3.389482637,0.426392047
070900021006,2016,22.077834176,4.429606885,0.448054362
070900021006,2017,20.874503191,4.367210126,0.430367921
070900021006,2018,35.858331918,4.737402811,0.459455363
070900021006,2019,31.539917446,5.899419534,0.49245321
070900021101,2010,37.364357336,11.740170089,0.398987772
070900021101,2011,31.091958926,8.963912289,0.404498325
070900021101,2012,14.61015725,4.894403752,0.308664897
070900021101,2013,34.187474594,8.079921015,0.401107148
070900021101,2014,19.117054103,5.28725436,0.395007969
070900021101,2015,18.077452345,4.314490228,0.376868981
070900021101,2016,23.117877916,8.179948351,0.394414803
070900021101,2017,28.367000908,8.952352933,0.393990431
070900021101,2018,53.857425456,16.096900734,0.423295963
070900021101,2019,39.974790673,12.884578129,0.460972423
070900021102,2010,43.936353449,9.493766621,0.400600701
070900021102,2011,37.967111363,7.975389328,0.407052823
070900021102,2012,19.629273813,4.757708953,0.331392149
070900021102,2013,41.888179697,7.61730007,0.411188418
070900021102,2014,26.881743738,5.445299847,0.401173667
070900021102,2015,26.800532275,4.903697932,0.383849047
070900021102,2016,29.004767373,6.597098732,0.394964092
070900021102,2017,34.765778767,7.348099783,0.396311445
070900021102,2018,55.861761291,10.908984082,0.421658274
070900021102,2019,46.719068579,10.54074994,0.464376129
070900021201,2010,35.559692064,14.34370589,0.598557353
070900021201,2011,29.819426875,14.449738873,0.605919777
070900021201,2012,14.111309239,9.439775623,0.497766775
070900021201,2013,43.308167487,18.262309146,0.601406716
070900021201,2014,24.464058678,11.38954571,0.592727248
070900021201,2015,22.41483991,10.158412151,0.591469312
070900021201,2016,26.736182127,15.071063258,0.595398298
070900021201,2017,24.044833839,13.4648479,0.585124989
070900021201,2018,34.769267331,14.198644759,0.638302236
070900021201,2019,39.329463297,19.025448801,0.626646266
070900021202,2010,38.021464792,20.791340837,0.599197617
070900021202,2011,32.671645742,19.596064871,0.605767594
070900021202,2012,17.641518149,12.701035314,0.492755363
070900021202,2013,47.271190026,22.967764366,0.604336325
070900021202,2014,27.832029726,15.700906685,0.594805124
070900021202,2015,23.431807483,13.812401892,0.587625769
070900021202,2016,31.04549168,20.105049899,0.595187529
070900021202,2017,29.20886036,18.852332913,0.591927499
070900021202,2018,41.24307363,21.132914823,0.639383977
070900021202,2019,43.739265912,25.729025971,0.631534203
070900021301,2010,38.58430429,19.772550691,0.399339466
070900021301,2011,32.306350306,16.159035519,0.401581511
070900021301,2012,11.940132986,5.787280018,0.323345613
070900021301,2013,33.646727079,15.121244878,0.41406341
070900021301,2014,24.810476514,11.621391294,0.395230997
070900021301,2015,25.185789316,12.64808207,0.388410373
070900021301,2016,24.425053172,12.118665693,0.397761494
070900021301,2017,25.020787066,11.429331989,0.38886496
070900021301,2018,38.357863975,19.621720526,0.410171194
070900021301,2019,39.916927251,19.345061805,0.4259619
070900021302,2010,37.150189195,9.939382735,0.410508204
070900021302,2011,35.857722517,9.180740242,0.415828614
070900021302,2012,12.949272342,3.775590407,0.342663045
070900021302,2013,34.217706859,7.185567966,0.420249062
070900021302,2014,23.480620106,6.636006603,0.410710464
070900021302,2015,24.662577586,6.799311602,0.397058847
070900021302,2016,26.995314002,8.110825007,0.410353725
070900021302,2017,26.149635166,6.525222381,0.400183378
070900021302,2018,44.728003888,10.108996684,0.422648323
070900021302,2019,42.821998606,10.678798336,0.457952281
070900021303,2010,45.456098718,12.16673743,0.409034761
070900021303,2011,39.222684326,10.737142627,0.413767581
070900021303,2012,18.546721461,6.413569563,0.349699372
070900021303,2013,44.743849475,10.964901523,0.425904812
070900021303,2014,31.916820509,9.374398626,0.409671606
070900021303,2015,30.454136517,8.890302834,0.397305414
070900021303,2016,33.109026443,10.465880734,0.408356461
070900021303,2017,35.444240704,10.376060071,0.405212609
070900021303,2018,52.70762227,13.270536872,0.423007047
070900021303,2019,50.905826951,13.669639067,0.452881326
070900021401,2010,39.44700775,22.152635612,0.490300193
070900021401,2011,30.751958787,18.855239838,0.517670278
070900021401,2012,16.637834278,12.340661222,0.423059008
070900021401,2013,29.599644628,17.407282295,0.489300649
070900021401,2014,19.847322471,13.691417652,0.495152842
070900021401,2015,25.090169417,14.6728562,0.488661919
070900021401,2016,34.20707096,19.477522767,0.518612863
070900021401,2017,28.581308464,17.971771891,0.500645957
070900021401,2018,50.997839801,24.31519331,0.534929841
070900021401,2019,42.032079832,24.902091377,0.542796612
070900021402,2010,20.304084732,8.836724285,0.431256598
070900021402,2011,13.14038067,6.528553617,0.429632495
070900021402,2012,6.836820925,4.354530937,0.347355675
070900021402,2013,17.061847217,7.669794456,0.429549111
070900021402,2014,8.582613324,4.888068614,0.407801911
070900021402,2015,13.881065522,6.047107772,0.425369407
070900021402,2016,14.052675137,7.380701175,0.447291598
070900021402,2017,13.821610423,7.238148841,0.42181712
070900021402,2018,26.4585691,9.82743662,0.471027543
070900021402,2019,20.894984946,9.509536393,0.480803868
070900021403,2010,34.235697941,13.802096262,0.559850325
070900021403,2011,28.064736195,12.749966742,0.571249657
070900021403,2012,12.24628645,6.659726979,0.452115979
070900021403,2013,32.05546411,15.205158917,0.526002768
070900021403,2014,15.660867832,7.608082795,0.521260572
070900021403,2015,14.519685665,5.956044356,0.528926166
070900021403,2016,22.863527079,10.700172317,0.568266465
070900021403,2017,24.733737448,11.820671809,0.562684162
070900021403,2018,49.120933452,18.211787268,0.606742821
070900021403,2019,37.792772241,17.628475775,0.600424558
070900021404,2010,33.386127061,16.483290896,0.381706425
070900021404,2011,20.417625988,12.418019049,0.41103387
070900021404,2012,9.432623741,7.055623724,0.319135735
070900021404,2013,27.253922975,12.521548936,0.39708881
070900021404,2014,18.270857082,10.959044185,0.393306177
070900021404,2015,22.695144724,11.02563599,0.392530027
070900021404,2016,18.922425714,11.455887346,0.38562534
070900021404,2017,22.361376289,11.955809773,0.387894227
070900021404,2018,42.136009991,17.632391668,0.42275324
070900021404,2019,32.600233165,18.008817889,0.447349506
070900021405,2010,36.178215942,14.334436625,0.384486958
070900021405,2011,22.337504718,11.294154337,0.414412969
070900021405,2012,9.827196192,6.325116938,0.321173762
070900021405,2013,31.219387681,11.353672221,0.405948607
070900021405,2014,20.870109635,10.393808695,0.397776377
070900021405,2015,24.877137719,9.720163471,0.395215524
070900021405,2016,21.602281739,10.421614759,0.389025135
070900021405,2017,23.669977759,10.466207211,0.392640352
070900021405,2018,45.358226861,14.386206123,0.423949407
070900021405,2019,34.748925227,15.849869422,0.448318719
070900021406,2010,31.403740716,12.600958899,0.560335687
070900021406,2011,22.727697119,10.253880727,0.579157913
070900021406,2012,11.478732066,6.945208962,0.449472747
070900021406,2013,28.634315081,9.042450278,0.546362311
070900021406,2014,17.270554927,7.990733088,0.543653585
070900021406,2015,16.453825375,7.269500645,0.534878783
070900021406,2016,20.788486604,9.891684576,0.571950645
070900021406,2017,23.029627191,10.51095978,0.565506804
070900021406,2018,46.966076551,13.627709293,0.625602013
070900021406,2019,32.475646922,12.934450332,0.611863756
070900021407,2010,34.294359466,16.508722291,0.538372077
070900021407,2011,26.440787935,12.702161857,0.566804771
070900021407,2012,13.048303138,7.890883918,0.45159027
070900021407,2013,37.971356846,17.36090852,0.565610184
070900021407,2014,24.065801652,13.069321361,0.554851554
070900021407,2015,20.84260647,10.35808332,0.546769845
070900021407,2016,25.408150164,12.283100203,0.562619335
070900021407,2017,25.253176791,12.621522956,0.563814841
070900021407,2018,59.68305593,21.648839109,0.598990153
070900021407,2019,42.268267193,19.657038044,0.60443918
070900021408,2010,37.169699366,11.749356688,0.547753803
070900021408,2011,28.178314081,10.701170717,0.578895417
070900021408,2012,16.154189663,8.183510913,0.474388759
070900021408,2013,41.413342152,12.709691895,0.573435538
070900021408,2014,26.54775066,11.354309743,0.574122609
070900021408,2015,26.736515294,9.863529656,0.566431746
070900021408,2016,26.35526875,10.258887398,0.571258939
070900021408,2017,27.282134538,9.946683248,0.577804064
070900021408,2018,57.723843143,13.471208247,0.607546854
070900021408,2019,41.432276839,14.177401088,0.618301954
070900021501,2010,31.44646281,5.647634086,0.452247523
070900021501,2011,23.8330796,3.818520234,0.455622754
070900021501,2012,10.017367039,2.335626866,0.330464203
070900021501,2013,39.474855366,5.023076967,0.465377582
070900021501,2014,20.414949617,3.825213001,0.456397753
070900021501,2015,17.096670016,2.990523909,0.435279608
070900021501,2016,17.876193755,3.622115667,0.441842077
070900021501,2017,24.680955847,4.146363247,0.436493059
070900021501,2018,49.30889858,6.425898811,0.46494172
070900021501,2019,37.637125699,6.372383014,0.500995666
070900021502,2010,41.532185193,11.386238162,0.494759262
070900021502,2011,31.867043299,10.021711057,0.503894783
070900021502,2012,18.25624609,7.050110593,0.411871336
070900021502,2013,50.98905403,13.489984898,0.510940698
070900021502,2014,30.306899615,9.083520943,0.497803232
070900021502,2015,28.163387663,8.098290478,0.48728986
070900021502,2016,29.769852979,10.414456817,0.491327985
070900021502,2017,34.259616483,10.54474315,0.490212981
070900021502,2018,51.986280527,12.654006485,0.524261266
070900021502,2019,44.076264946,13.560715413,0.533270985
070900030101,2010,41.289574426,38.682905827,0.561904597
070900030101,2011,47.931186984,43.174354884,0.5913647
070900030101,2012,23.888115799,23.288846075,0.468508972
070900030101,2013,36.234119287,33.060971021,0.590932685
070900030101,2014,33.5003305,31.306578436,0.576538902
070900030101,2015,35.373198921,32.069551896,0.569526823
070900030101,2016,44.65439804,41.742626334,0.586599783
070900030101,2017,34.297056517,33.27587474,0.545571385
070900030101,2018,32.358035872,29.870112019,0.595143169
070900030101,2019,44.376077346,41.447942936,0.604299087
070900030102,2010,42.521174502,39.722026647,0.563820989
070900030102,2011,49.309018472,43.822742719,0.592034975
070900030102,2012,24.129075073,23.529771896,0.46683458
070900030102,2013,35.676097073,32.489135795,0.590176839
070900030102,2014,32.274049685,30.086243199,0.574923226
070900030102,2015,35.781663247,32.449984377,0.570220581
070900030102,2016,44.983713683,42.027726463,0.587598193
070900030102,2017,33.933208927,32.914876179,0.544237536
070900030102,2018,31.401943051,28.981229982,0.592967534
070900030102,2019,43.447198112,40.590025359,0.604463447
070900030103,2010,44.098204854,41.206957803,0.565882516
070900030103,2011,48.76018693,43.240079249,0.586755126
070900030103,2012,23.612670844,23.003629286,0.458616713
070900030103,2013,34.486926836,31.220402323,0.585521675
070900030103,2014,32.347791329,30.090274526,0.574492531
070900030103,2015,34.475769458,31.299531117,0.568208263
070900030103,2016,46.933013319,43.727787556,0.590240793
070900030103,2017,34.396334592,33.364301973,0.55162588
070900030103,2018,36.569543272,33.205022667,0.596972213
070900030103,2019,43.868355729,41.155036511,0.603652524
070900030201,2010,29.442621825,25.183671949,0.597823562
070900030201,2011,39.150352672,30.674601525,0.636749136
070900030201,2012,19.68161616,17.011029926,0.512976157
070900030201,2013,34.992711383,26.584361718,0.62582825
070900030201,2014,30.620207841,24.577882035,0.634211963
070900030201,2015,33.658929356,25.473309529,0.621695287
070900030201,2016,39.39734583,33.051724854,0.640162429
070900030201,2017,29.064573287,25.871934529,0.598427148
070900030201,2018,26.395777739,21.387171212,0.646629603
070900030201,2019,40.693606263,33.414601539,0.640099292
070900030202,2010,28.232406415,27.024295171,0.57285054
070900030202,2011,35.673618015,32.107458391,0.626481335
070900030202,2012,17.308674278,16.123879118,0.503854582
070900030202,2013,34.226557212,30.261844871,0.619888452
070900030202,2014,28.897901669,26.820312511,0.620423644
070900030202,2015,28.099274847,25.483357256,0.610321153
070900030202,2016,38.957114454,35.669229766,0.623120445
070900030202,2017,27.469047802,26.011764839,0.578394859
070900030202,2018,22.479645648,20.480834891,0.623693474
070900030202,2019,39.632846013,36.255581135,0.63525101
070900030203,2010,30.611999573,26.855248041,0.597410801
070900030203,2011,39.171098016,31.474844497,0.631334686
070900030203,2012,17.689488038,15.33518828,0.508907562
070900030203,2013,32.501713965,25.101082312,0.618715389
070900030203,2014,26.623577161,21.400166747,0.62683286
070900030203,2015,29.654878367,22.514349706,0.618242733
070900030203,2016,36.531484878,31.045280896,0.633803787
070900030203,2017,28.740821182,25.899917699,0.606739036
070900030203,2018,31.360261413,26.4817044,0.64994474
070900030203,2019,39.419385509,33.085067771,0.636227414
070900030204,2010,39.897605952,37.546957738,0.534069611
070900030204,2011,39.130249971,35.581124236,0.554905595
070900030204,2012,17.456863596,16.767034584,0.427423273
070900030204,2013,28.272541339,25.651892019,0.551060659
070900030204,2014,27.354697887,25.47206852,0.549136186
070900030204,2015,31.82836584,27.863886515,0.537931516
070900030204,2016,40.535789973,37.917127142,0.557648692
070900030204,2017,30.80715821,29.758884494,0.532150128
070900030204,2018,35.792354795,32.446714695,0.574326262
070900030204,2019,38.843874065,36.653801428,0.575609977
070900030301,2010,40.478030595,33.60271658,0.608527148
070900030301,2011,36.637068293,29.491270712,0.591311017
070900030301,2012,17.02891636,14.029499053,0.47343201
070900030301,2013,32.06509085,23.628882723,0.605370087
070900030301,2014,28.034558079,22.701809554,0.602333901
070900030301,2015,32.665892166,23.946639473,0.593226981
070900030301,2016,39.132838989,33.426125437,0.629131618
070900030301,2017,30.294005489,27.419636559,0.613382327
070900030301,2018,37.233891619,29.582797699,0.647052382
070900030301,2019,40.291255097,34.092257034,0.632575979
070900030302,2010,36.117210886,33.419180838,0.542335459
070900030302,2011,29.214419075,27.751271507,0.541281592
070900030302,2012,15.571713924,14.623469207,0.426007034
070900030302,2013,29.299264453,23.932840991,0.571364591
070900030302,2014,25.790528075,24.031350347,0.539041789
070900030302,2015,27.354437368,23.257667125,0.548505845
070900030302,2016,33.540225017,31.414691835,0.580180947
070900030302,2017,27.663294061,26.697701385,0.549354399
070900030302,2018,28.826630429,25.356398188,0.591943094
070900030302,2019,33.457996928,31.703006877,0.59282276
070900030303,2010,37.806365625,34.656821268,0.583213711
070900030303,2011,33.14657382,30.230275583,0.580145296
070900030303,2012,17.044538261,16.020171095,0.448018354
070900030303,2013,30.658315906,25.418649128,0.587742061
070900030303,2014,26.917388433,24.772642032,0.579544237
070900030303,2015,28.701233772,24.831474246,0.577466795
070900030303,2016,36.439294527,33.717142797,0.60513498
070900030303,2017,29.764365064,28.50017415,0.58268453
070900030303,2018,33.143732465,29.109187032,0.619304624
070900030303,2019,36.274691049,33.912133523,0.607152979
070900030304,2010,30.388375012,21.97812099,0.557641067
070900030304,2011,32.248687396,22.596866156,0.579658802
070900030304,2012,13.476737841,12.30452776,0.425580111
070900030304,2013,28.274923251,18.035412064,0.57247758
070900030304,2014,21.990852761,17.336995865,0.561538019
070900030304,2015,29.556419062,17.987371012,0.550802142
070900030304,2016,30.893509259,22.654276042,0.573733947
070900030304,2017,23.136450195,18.974212584,0.542864822
070900030304,2018,30.416407131,18.412739626,0.585646421
070900030304,2019,32.134937143,23.886055753,0.588455926
070900030305,2010,26.74401413,17.188951604,0.487026687
070900030305,2011,22.811043424,16.414714155,0.49674448
070900030305,2012,7.274030653,6.972800764,0.347155384
070900030305,2013,28.429790088,13.784185876,0.494490696
070900030305,2014,15.951047038,11.599744095,0.478463719
070900030305,2015,23.153189458,12.496020347,0.478461185
070900030305,2016,27.553811727,17.473374315,0.499319307
070900030305,2017,16.810948048,13.621694533,0.474609367
070900030305,2018,27.442014417,14.190749654,0.50586139
070900030305,2019,28.651150169,18.765597185,0.53489452
070900030306,2010,37.745245325,31.698877149,0.57292314
070900030306,2011,33.421159044,28.004026896,0.571806982
070900030306,2012,16.981316757,15.640076396,0.435505161
070900030306,2013,33.791605079,24.020697644,0.594933444
070900030306,2014,27.26407908,23.229891626,0.558568706
070900030306,2015,33.222942488,23.891481488,0.56737089
070900030306,2016,34.159503808,29.172697053,0.594661741
070900030306,2017,29.155024758,26.279776374,0.574010132
070900030306,2018,33.076258088,25.463290081,0.612723403
070900030306,2019,36.734807586,31.101451604,0.607614854
070900030401,2010,38.399665763,29.635365286,0.596587932
070900030401,2011,49.895857587,34.591415413,0.614411172
070900030401,2012,23.263427073,21.829654059,0.489687917
070900030401,2013,34.98194202,25.794267619,0.607044418
070900030401,2014,30.149522561,25.032222825,0.598829473
070900030401,2015,39.10302681,27.027789401,0.595470684
070900030401,2016,43.854114598,32.07511067,0.61193293
070900030401,2017,29.727342747,25.509841335,0.557139863
070900030401,2018,32.238785606,23.267510738,0.60544841
070900030401,2019,41.951118676,31.593605889,0.631343189
070900030402,2010,34.733878306,28.168688837,0.57450108
070900030402,2011,49.530356501,35.731460361,0.591050245
070900030402,2012,19.036868802,17.909616771,0.468404331
070900030402,2013,32.505412567,25.117538467,0.579707808
070900030402,2014,28.192172488,23.9378391,0.572543652
070900030402,2015,39.454728064,28.136849564,0.573748637
070900030402,2016,46.239316529,33.338237705,0.590349514
070900030402,2017,26.603991015,23.566616767,0.528357521
070900030402,2018,32.293412789,23.828001903,0.582645333
070900030402,2019,41.177670547,32.001734744,0.615839251
070900030403,2010,38.504136001,30.136382941,0.607368668
070900030403,2011,49.768223765,33.84838924,0.6244905
070900030403,2012,25.015599513,23.487183302,0.490475823
070900030403,2013,33.492370889,24.858107731,0.618958157
070900030403,2014,29.97543815,24.949560204,0.609813643
070900030403,2015,36.054420552,25.978143918,0.604929509
070900030403,2016,44.577247799,31.859082657,0.624693775
070900030403,2017,30.567635172,26.417526193,0.574428801
070900030403,2018,35.067274606,23.648339039,0.619045443
070900030403,2019,42.113627549,31.609116582,0.637443755
070900030404,2010,34.794208894,26.34519827,0.551541498
070900030404,2011,42.886207962,27.939811705,0.578549829
070900030404,2012,21.27303055,19.622074868,0.428278193
070900030404,2013,25.902062584,18.427044673,0.563689028
070900030404,2014,27.654549041,20.7236415,0.556714223
070900030404,2015,32.638866208,21.411024241,0.546976606
070900030404,2016,38.915364642,26.561161251,0.570748605
070900030404,2017,26.873163792,22.458110244,0.522983914
070900030404,2018,30.809929631,19.521054025,0.571012386
070900030404,2019,36.805764464,26.138260465,0.588402051
070900030501,2010,44.833871517,38.074909137,0.622813328
070900030501,2011,48.724987395,39.073366206,0.623869269
070900030501,2012,23.470649612,22.357130522,0.475647178
070900030501,2013,35.161647632,27.76465049,0.611357232
070900030501,2014,30.672945159,25.937826811,0.604645013
070900030501,2015,29.851598286,23.665555863,0.601036515
070900030501,2016,36.327262642,32.750853468,0.62439185
070900030501,2017,32.25494547,29.900149254,0.584079153
070900030501,2018,42.337088187,30.937991267,0.632649317
070900030501,2019,48.350680319,41.289614685,0.638512365
070900030502,2010,47.226638798,35.537374989,0.55468559
070900030502,2011,53.14820811,38.093118173,0.576147151
070900030502,2012,26.504400427,24.889603949,0.441962634
070900030502,2013,35.592777404,26.580173715,0.563152028
070900030502,2014,37.401655485,27.87549512,0.551610229
070900030502,2015,40.977326147,28.090762418,0.551012209
070900030502,2016,45.377395406,34.349489561,0.563318736
070900030502,2017,35.180502994,30.377737158,0.539026162
070900030502,2018,41.86051539,29.056662839,0.575632105
070900030502,2019,49.992390702,36.975194931,0.593899698
070900030601,2010,32.084651018,28.272246135,0.58901617
070900030601,2011,40.386266399,31.885425545,0.619044303
070900030601,2012,21.005545547,20.1741937,0.478012682
070900030601,2013,28.297874455,23.2066147,0.594317732
070900030601,2014,26.455425368,23.701356698,0.598102752
070900030601,2015,31.582236311,25.102606282,0.594690626
070900030601,2016,40.468074322,32.763526928,0.614576415
070900030601,2017,27.085010312,25.671319452,0.545567003
070900030601,2018,23.728154429,19.752930839,0.597640761
070900030601,2019,36.31719226,31.19721528,0.636308638
070900030602,2010,40.393516557,31.530034905,0.589985434
070900030602,2011,49.083607982,34.378489855,0.606486487
070900030602,2012,23.86752598,21.993646867,0.47421056
070900030602,2013,34.654817743,25.402186827,0.597429262
070900030602,2014,35.489584964,26.836605663,0.590995134
070900030602,2015,42.460056379,27.990788135,0.585408785
070900030602,2016,47.033928407,34.183106135,0.608604072
070900030602,2017,31.843594731,27.79898738,0.561441697
070900030602,2018,34.418751894,24.237284656,0.601477026
070900030602,2019,45.56040152,33.975180564,0.633806546
070900030603,2010,36.138462143,29.938357794,0.555899855
070900030603,2011,42.361216053,30.428925612,0.575366396
070900030603,2012,21.279557023,20.15208739,0.43529229
070900030603,2013,30.630827284,21.115138959,0.568703432
070900030603,2014,29.28727736,23.410392439,0.546803608
070900030603,2015,31.317542799,22.66834295,0.544981882
070900030603,2016,36.559012843,29.139206072,0.565583624
070900030603,2017,30.476859685,26.411000884,0.547682811
070900030603,2018,35.786576798,24.748162751,0.585732845
070900030603,2019,38.247313762,30.815126902,0.583239632
070900030701,2010,34.319630546,28.69151497,0.532448651
070900030701,2011,37.11728274,27.493355431,0.560552682
070900030701,2012,17.130356439,16.69612457,0.439309272
070900030701,2013,31.781395405,23.459439929,0.554054422
070900030701,2014,25.953314525,21.796725486,0.54179321
070900030701,2015,28.230660697,21.341565213,0.532357425
070900030701,2016,34.656637976,27.41510445,0.562332377
070900030701,2017,27.057357283,24.361264466,0.536203205
070900030701,2018,32.330563719,22.274821636,0.578447516
070900030701,2019,35.718130653,29.790046025,0.584324348
070900030702,2010,34.844055894,28.159551144,0.532249082
070900030702,2011,35.284683494,26.545775718,0.559837287
070900030702,2012,16.544718232,16.03311457,0.439484484
070900030702,2013,30.532495142,22.273666626,0.550320606
070900030702,2014,24.756685144,21.2462149,0.543843055
070900030702,2015,31.003260631,21.631284791,0.533238034
070900030702,2016,33.945204685,26.742753063,0.56149619
070900030702,2017,26.942419241,23.527152424,0.539254426
070900030702,2018,33.485768937,22.331082678,0.579823611
070900030702,2019,36.051384075,29.104555358,0.5841426
070900030703,2010,39.05842812,31.832778349,0.534903013
070900030703,2011,35.623585415,28.925226223,0.56190985
070900030703,2012,17.079602203,16.725370814,0.437745314
070900030703,2013,32.307197706,23.950812034,0.552849221
070900030703,2014,26.836224471,23.093856651,0.546036034
070900030703,2015,33.0231429,24.201132341,0.534977783
070900030703,2016,34.188046641,29.280412921,0.561881683
070900030703,2017,28.293741311,25.743256865,0.541428472
070900030703,2018,33.798949605,24.528744308,0.580993497
070900030703,2019,37.95834427,32.252777434,0.587715904
070900030801,2010,38.28012113,29.153544262,0.593383254
070900030801,2011,35.550780846,26.907253161,0.598203247
070900030801,2012,18.661258275,18.0233384,0.464375434
070900030801,2013,31.119523686,20.990333016,0.599124241
070900030801,2014,26.628109565,22.340137342,0.586889934
070900030801,2015,32.574818432,21.177374209,0.58760218
070900030801,2016,33.6966539,27.132729357,0.604184052
070900030801,2017,28.424393081,24.415101855,0.579581782
070900030801,2018,35.806186783,21.949911545,0.614743811
070900030801,2019,40.403746889,30.082857402,0.626863823
070900030802,2010,40.163200374,32.377285444,0.571521159
070900030802,2011,36.790761079,29.678082965,0.585972894
070900030802,2012,19.122339991,18.646323733,0.45330992
070900030802,2013,32.450075088,23.351742895,0.578988124
070900030802,2014,28.673607443,23.987658235,0.570373147
070900030802,2015,34.583584787,24.592149032,0.566520431
070900030802,2016,35.890032996,30.242120061,0.589612551
070900030802,2017,29.69969818,26.378614206,0.564145103
070900030802,2018,35.462679852,24.950477176,0.603255645
070900030802,2019,40.293931382,32.96385274,0.61247723
070900030803,2010,40.03685768,29.852283613,0.593055535
070900030803,2011,33.609893078,27.264470312,0.598155308
070900030803,2012,19.068223033,18.376139743,0.465852592
070900030803,2013,32.367402686,21.56799411,0.595045288
070900030803,2014,25.525793158,21.514828152,0.587896625
070900030803,2015,34.960419647,22.246076052,0.58813307
070900030803,2016,34.09697175,28.111973792,0.604934654
070900030803,2017,29.124328573,25.097615937,0.58058733
070900030803,2018,36.026754704,22.877305641,0.614068977
070900030803,2019,41.7033141,31.445969873,0.629024299
070900030804,2010,37.086017807,28.156059441,0.568427771
070900030804,2011,31.256685945,24.855240985,0.59699794
070900030804,2012,16.388487837,15.794951018,0.454740126
070900030804,2013,35.688397163,23.105620494,0.595951638
070900030804,2014,23.610551736,20.638642174,0.584813947
070900030804,2015,34.317706329,21.488396834,0.579890216
070900030804,2016,34.41376661,27.891111059,0.603695803
070900030804,2017,29.64737337,25.42413209,0.587707897
070900030804,2018,35.606518939,22.964451958,0.6131891
070900030804,2019,38.902108792,30.00763009,0.622064878
070900030805,2010,39.024325808,31.728761646,0.561569842
070900030805,2011,33.20863844,28.59564663,0.578160157
070900030805,2012,18.195826544,17.824363392,0.45091286
070900030805,2013,33.65237375,23.975507908,0.572815066
070900030805,2014,25.344615643,22.169484522,0.565307222
070900030805,2015,34.72212915,24.069903014,0.56049961
070900030805,2016,34.514434004,30.081496005,0.583091444
070900030805,2017,29.29072804,26.653235612,0.562372523
070900030805,2018,35.230048874,24.781952613,0.597210154
070900030805,2019,40.169879434,33.74089548,0.609506203
070900030806,2010,32.36606097,27.42655293,0.567536438
070900030806,2011,26.79281353,23.817787091,0.585349775
070900030806,2012,15.067248867,14.581207693,0.454959654
070900030806,2013,36.872157087,26.118277794,0.59621485
070900030806,2014,21.360327008,19.506537002,0.582684674
070900030806,2015,32.749697655,22.976839459,0.580259074
070900030806,2016,33.350974362,29.147762044,0.602045965
070900030806,2017,28.451721734,25.362363073,0.591129516
070900030806,2018,33.553255059,24.10654728,0.61299425
070900030806,2019,37.592848623,31.889436873,0.626595649
070900030901,2010,32.713819866,24.231593284,0.559973282
070900030901,2011,24.864352808,19.971425076,0.574357646
070900030901,2012,13.973710112,13.375291573,0.457511322
070900030901,2013,30.416600542,17.857943919,0.571083406
070900030901,2014,21.948448722,16.192250794,0.569827261
070900030901,2015,27.656113323,17.036663075,0.566585029
070900030901,2016,30.816790914,22.23748598,0.585187272
070900030901,2017,22.93626902,19.250853658,0.558502888
070900030901,2018,30.452746184,17.457003172,0.604636538
070900030901,2019,32.215310802,23.41852368,0.607353647
070900030902,2010,27.620745134,19.028467139,0.492289267
070900030902,2011,22.160377424,17.173014777,0.512891417
070900030902,2012,9.076841313,8.861355774,0.35406399
070900030902,2013,28.797848231,13.674354784,0.50415085
070900030902,2014,15.94990762,12.212134749,0.482310298
070900030902,2015,25.696360491,13.69478221,0.478357024
070900030902,2016,25.44751397,18.585351333,0.500098179
070900030902,2017,18.46663048,15.497717597,0.479217427
070900030902,2018,26.204226847,14.748159836,0.506432563
070900030902,2019,27.067204247,19.51310246,0.535276754
070900030903,2010,25.502222543,16.385033918,0.44316995
070900030903,2011,16.665463171,13.400600287,0.453911595
070900030903,2012,9.380255223,8.564030126,0.320446424
070900030903,2013,25.155113911,10.831230099,0.455141361
070900030903,2014,14.144088717,9.780520235,0.44489293
070900030903,2015,21.120644906,10.693127415,0.434014152
070900030903,2016,20.339964117,15.204155573,0.445468083
070900030903,2017,18.12300726,13.956175536,0.426717011
070900030903,2018,23.430478595,11.78453996,0.456918541
070900030903,2019,27.218909627,17.236825408,0.497942581
070900030904,2010,38.628107782,31.064346294,0.504694672
070900030904,2011,31.580904112,26.730401089,0.518533657
070900030904,2012,18.658610325,17.406409414,0.407460591
070900030904,2013,39.010836192,25.763918068,0.535074109
070900030904,2014,29.417643399,23.505012506,0.517595956
070900030904,2015,34.545305335,23.818377728,0.515994906
070900030904,2016,36.608935179,30.119030829,0.532547787
070900030904,2017,31.89919286,27.578742861,0.519632955
070900030904,2018,37.849851499,25.487968373,0.544045271
070900030904,2019,39.575378366,32.410704002,0.555002697
070900031001,2010,36.075543027,29.672039257,0.576086589
070900031001,2011,31.612539871,26.711489198,0.583578803
070900031001,2012,19.425627511,18.770204348,0.482883164
070900031001,2013,37.334519855,24.403208019,0.589279338
070900031001,2014,24.689126695,22.602292185,0.58842434
070900031001,2015,35.087381331,22.72318325,0.581209883
070900031001,2016,30.25825483,27.168123373,0.594372524
070900031001,2017,29.637965254,25.622748567,0.591177732
070900031001,2018,35.897145926,24.131123048,0.613667902
070900031001,2019,42.559816722,32.43521687,0.622575691
070900031002,2010,37.626089811,30.91774689,0.578633966
070900031002,2011,31.327927394,27.172003696,0.583866335
070900031002,2012,19.698892318,18.895684833,0.482072429
070900031002,2013,37.484366451,24.90376915,0.592289214
070900031002,2014,25.909513836,22.951904751,0.587054245
070900031002,2015,36.64803522,23.012816447,0.584187659
070900031002,2016,34.147542001,29.011528414,0.599086673
070900031002,2017,31.319930524,26.904813699,0.593606102
070900031002,2018,36.334529302,24.555014851,0.615304315
070900031002,2019,41.511950418,32.825053989,0.623725509
070900031003,2010,38.265911995,32.672250804,0.578985007
070900031003,2011,32.753998258,28.624602467,0.585072311
070900031003,2012,20.968537083,19.942698583,0.482691572
070900031003,2013,38.143222827,26.479334486,0.592244637
070900031003,2014,26.275828369,23.964086253,0.588595887
070900031003,2015,38.453174437,25.233608077,0.585078296
070900031003,2016,34.289472394,30.242091755,0.597406723
070900031003,2017,32.799336301,28.847372784,0.597084525
070900031003,2018,38.094962756,26.837386152,0.615996831
070900031003,2019,43.943121567,35.217250662,0.622969019
070900031004,2010,44.392606575,34.924902942,0.586317318
070900031004,2011,38.056304577,30.286267326,0.585015071
070900031004,2012,22.115137646,17.728174815,0.501741841
070900031004,2013,49.969393968,39.056666217,0.589062692
070900031004,2014,35.114850382,27.464795583,0.604216437
070900031004,2015,47.627437904,35.541962316,0.597460257
070900031004,2016,40.524595288,32.595412361,0.603879341
070900031004,2017,39.87819279,31.584819388,0.593712178
070900031004,2018,45.11416632,35.391200807,0.634420206
070900031004,2019,57.162116801,46.046671196,0.63316137
070900031005,2010,40.403488678,30.950831079,0.583551937
070900031005,2011,31.683517128,23.937858812,0.575565976
070900031005,2012,18.888508099,14.492212112,0.487032031
070900031005,2013,44.178543372,33.354461318,0.581027881
070900031005,2014,30.855630498,23.199784153,0.59984554
070900031005,2015,43.925343032,32.005661519,0.595297394
070900031005,2016,35.720466841,27.799826443,0.600342853
070900031005,2017,33.907139589,25.67674546,0.587368886
070900031005,2018,40.91775602,31.227637719,0.629241269
070900031005,2019,50.181202427,39.183305478,0.62462878
070900031006,2010,36.386295441,33.153803349,0.507868191
070900031006,2011,28.371476462,26.045588202,0.517584046
070900031006,2012,16.487208757,15.492893705,0.422469555
070900031006,2013,37.05956688,30.198709031,0.521625148
070900031006,2014,25.424972734,23.237113785,0.518910758
070900031006,2015,34.888538532,27.642109908,0.518504231
070900031006,2016,31.725514616,29.143904055,0.525369223
070900031006,2017,28.994162645,26.502920104,0.518729522
070900031006,2018,36.975679057,31.119517344,0.544661495
070900031006,2019,39.771881355,35.013875996,0.550317157
070900031101,2010,34.270831306,33.570529239,0.54826799
070900031101,2011,31.420534672,30.382458774,0.568405171
070900031101,2012,20.083668023,19.596342825,0.466928402
070900031101,2013,36.249602458,35.11672819,0.568403506
070900031101,2014,28.66772506,27.934510477,0.588370521
070900031101,2015,38.359502008,36.70906909,0.569972414
070900031101,2016,32.641401141,31.867918034,0.575010308
070900031101,2017,30.310900878,29.58846556,0.568726554
070900031101,2018,35.784811069,34.793658655,0.603558621
070900031101,2019,42.074341451,40.762056716,0.603377021
070900031102,2010,34.927642474,33.625905059,0.54356962
070900031102,2011,31.397207216,29.820102391,0.554953181
070900031102,2012,18.127577357,17.470097686,0.459420786
070900031102,2013,37.871774772,36.041474613,0.563954828
070900031102,2014,31.249525827,30.001015177,0.584443853
070900031102,2015,36.931521116,35.064584134,0.565880352
070900031102,2016,32.15419256,30.999848807,0.565876243
070900031102,2017,30.107828241,28.838538727,0.560611759
070900031102,2018,37.730486542,36.160727503,0.596450447
070900031102,2019,44.643239216,42.583405117,0.597714972
070900031202,2010,39.596287482,30.396117625,0.518470903
070900031202,2011,27.807400716,20.484439177,0.49425794
070900031202,2012,15.89498944,11.804379939,0.41801603
070900031202,2013,41.65839485,29.736947033,0.5249272
070900031202,2014,29.612798466,22.190600757,0.517508494
070900031202,2015,36.669030343,26.806126291,0.510804092
070900031202,2016,32.797447501,25.18485742,0.526394892
070900031202,2017,31.842434782,23.835792794,0.509173988
070900031202,2018,42.285309883,32.795413763,0.547791314
070900031202,2019,44.184808099,34.364183157,0.562820044
070900031501,2010,24.935007408,17.634136294,0.583225106
070900031501,2011,22.214272468,17.713266151,0.584537995
070900031501,2012,12.24456195,10.107079053,0.503492609
070900031501,2013,37.490541423,22.236975684,0.594152139
070900031501,2014,16.694972856,13.553145985,0.578940059
070900031501,2015,17.519116279,11.711910139,0.586802184
070900031501,2016,17.441503948,14.228134988,0.58301253
070900031501,2017,18.720450128,14.121934327,0.594085911
070900031501,2018,29.356365008,17.268939513,0.631170472
070900031501,2019,29.289733502,21.128092083,0.625102471
070900031502,2010,27.724685653,21.29616685,0.549099487
070900031502,2011,20.715287219,17.543418019,0.558766284
070900031502,2012,12.565816321,11.775412259,0.478708443
070900031502,2013,36.777492248,21.114809273,0.573467947
070900031502,2014,16.773823567,14.244460783,0.561755657
070900031502,2015,17.82696345,13.891537954,0.564600845
070900031502,2016,16.397910544,14.714076759,0.557319163
070900031502,2017,19.260349434,16.244782625,0.579423436
070900031502,2018,30.823530102,19.046329673,0.595934534
070900031502,2019,28.321970608,21.462526283,0.59568992
070900031503,2010,25.671500537,20.047121587,0.482201127
070900031503,2011,19.859078908,16.421491886,0.483030875
070900031503,2012,11.299534401,9.556698719,0.405751815
070900031503,2013,36.814394195,25.372000109,0.501750184
070900031503,2014,16.40732885,13.529128737,0.482516749
070900031503,2015,20.615002948,15.137044456,0.49185412
070900031503,2016,15.58106929,13.417904881,0.482238564
070900031503,2017,18.634271096,14.995667886,0.489795708
070900031503,2018,32.281910084,22.855651602,0.519637617
070900031503,2019,28.093589741,22.557763237,0.522702649
070900031604,2010,36.162083326,19.959751031,0.43270112
070900031604,2011,27.149987379,15.446862019,0.42974866
070900031604,2012,15.864791137,9.44905168,0.353142813
070900031604,2013,44.803369207,23.231678671,0.457572019
070900031604,2014,26.155627998,14.448196961,0.434832695
070900031604,2015,32.987504081,17.710810497,0.434255254
070900031604,2016,22.169067809,14.15515802,0.43152731
070900031604,2017,27.170848734,15.383022377,0.42899131
070900031604,2018,45.157084021,24.441292818,0.455033869
070900031604,2019,36.148736368,21.831206231,0.469707088
070900040101,2010,39.686963073,29.416392445,0.630196442
070900040101,2011,41.868348929,30.744480586,0.628784528
070900040101,2012,21.034701167,19.77500337,0.49389045
070900040101,2013,29.612352301,21.187124537,0.630226233
070900040101,2014,28.229467074,21.296522067,0.602895832
070900040101,2015,24.582782905,17.74766516,0.601176207
070900040101,2016,31.220120001,23.492753573,0.629999297
070900040101,2017,27.615283083,23.70442613,0.598233123
070900040101,2018,41.409703095,24.746535213,0.652065882
070900040101,2019,49.869473562,34.613933316,0.673107358
070900040102,2010,41.54961738,30.506688212,0.631193909
070900040102,2011,42.604115538,31.363932962,0.630248973
070900040102,2012,21.801678984,20.298143326,0.489500828
070900040102,2013,29.908288414,21.47192142,0.628876897
070900040102,2014,27.722869652,21.489843815,0.602828441
070900040102,2015,26.299431737,18.304986948,0.602610277
070900040102,2016,31.900201736,24.427022407,0.629144161
070900040102,2017,28.074030726,23.841747244,0.595603971
070900040102,2018,39.815937538,24.764292629,0.650974917
070900040102,2019,48.314304971,34.52092172,0.670398881
070900040103,2010,52.86331348,41.402327157,0.509661326
070900040103,2011,53.322852498,41.037832209,0.505936502
070900040103,2012,25.724920667,23.235583782,0.406039572
070900040103,2013,41.52452432,32.60303899,0.507611443
070900040103,2014,36.197927479,29.613785586,0.489010447
070900040103,2015,35.298666921,28.560977841,0.492336446
070900040103,2016,36.922632079,31.686995179,0.505683776
070900040103,2017,35.913802488,30.945820178,0.477706622
070900040103,2018,59.946466894,40.375090138,0.527698441
070900040103,2019,59.588539231,46.86415667,0.538558357
070900040201,2010,45.54704616,37.157441459,0.534251516
070900040201,2011,48.232651804,38.050229495,0.553881249
070900040201,2012,23.733871571,21.695088991,0.445713425
070900040201,2013,41.619438051,31.850906017,0.556546306
070900040201,2014,33.915830704,27.999280334,0.536100096
070900040201,2015,31.610857104,25.937984154,0.522330778
070900040201,2016,37.728381331,31.776051657,0.533094853
070900040201,2017,37.888146335,32.446368282,0.539918636
070900040201,2018,53.226913603,39.179247092,0.557843233
070900040201,2019,63.865258145,48.415948696,0.592982283
070900040202,2010,34.863741604,26.771817816,0.64256553
070900040202,2011,43.068460731,31.718068243,0.647455858
070900040202,2012,15.477298903,13.785238937,0.507330401
070900040202,2013,36.713606963,27.155665736,0.648064154
070900040202,2014,28.447174674,21.828999498,0.629279145
070900040202,2015,24.008739775,17.963289265,0.61922324
070900040202,2016,32.352190734,24.755991334,0.648424967
070900040202,2017,29.492777041,24.849039936,0.630368745
070900040202,2018,46.397791656,30.735109793,0.673831528
070900040202,2019,56.408785644,40.119719077,0.70382213
070900040203,2010,31.944248051,22.359094258,0.627163498
070900040203,2011,42.364945079,24.918220796,0.618130715
070900040203,2012,14.851272678,10.689180258,0.493380319
070900040203,2013,33.770595785,19.181864723,0.613509815
070900040203,2014,22.603394479,15.237953194,0.601666463
070900040203,2015,22.907713203,14.408743113,0.614890018
070900040203,2016,23.894273927,16.70001143,0.614436524
070900040203,2017,23.690212835,17.102241774,0.592788847
070900040203,2018,52.765792215,26.356480166,0.675441104
070900040203,2019,53.578995891,32.505602954,0.679002556
070900040301,2010,49.676822752,38.641353087,0.488281688
070900040301,2011,41.1554929,34.366779311,0.516045572
070900040301,2012,20.034497321,18.078772531,0.407803579
070900040301,2013,40.770839587,31.694084375,0.532515535
070900040301,2014,28.464800023,24.200472714,0.51362529
070900040301,2015,34.798205644,26.358322335,0.509431852
070900040301,2016,30.46313971,26.7795653,0.493152052
070900040301,2017,32.087906351,27.80253858,0.481021213
070900040301,2018,41.253422803,30.083563615,0.532686838
070900040301,2019,47.22256676,38.934118805,0.548100441
070900040302,2010,44.456148239,34.539621045,0.483795115
070900040302,2011,38.724926054,32.173951605,0.511403187
070900040302,2012,18.987831332,17.083205256,0.401828199
070900040302,2013,40.427290944,30.525502249,0.532312458
070900040302,2014,27.739671562,23.314085317,0.510806428
070900040302,2015,32.900345538,23.34902513,0.505068382
070900040302,2016,29.138441,25.521011845,0.490746146
070900040302,2017,30.203492796,25.926154938,0.473698758
070900040302,2018,36.839212407,26.565683275,0.529116446
070900040302,2019,43.43048819,35.959910137,0.538600667
070900040401,2010,31.653679269,21.396283317,0.677254641
070900040401,2011,29.729318283,19.73243444,0.671692408
070900040401,2012,16.994197616,13.945681841,0.523916224
070900040401,2013,29.301155616,16.33711435,0.678444508
070900040401,2014,19.568915636,15.224715554,0.672948099
070900040401,2015,28.695366195,14.851393058,0.683451003
070900040401,2016,25.052055781,18.714106701,0.671064527
070900040401,2017,25.22787621,18.432501593,0.656936788
070900040401,2018,31.917727503,16.083257547,0.707099793
070900040401,2019,37.02989311,23.213973233,0.709492758
070900040402,2010,33.115133404,24.757352826,0.612546161
070900040402,2011,34.561108658,24.345697311,0.623384375
070900040402,2012,19.323724073,17.292960433,0.489266483
070900040402,2013,28.658295957,19.183510791,0.625334553
070900040402,2014,22.567333755,18.749416101,0.610699356
070900040402,2015,28.260943689,18.195141581,0.618550222
070900040402,2016,25.815901734,21.029952186,0.616331677
070900040402,2017,24.454465715,20.164132532,0.590412319
070900040402,2018,33.750362963,18.497109953,0.648331781
070900040402,2019,38.078799691,27.338384159,0.653158639
070900040403,2010,25.049908777,18.148372355,0.646783455
070900040403,2011,24.771548427,17.682512561,0.645387416
070900040403,2012,13.201850468,11.151552048,0.51922257
070900040403,2013,33.064219662,18.067585067,0.650831025
070900040403,2014,15.893155234,12.227830935,0.666537747
070900040403,2015,26.425283352,14.005195867,0.647413717
070900040403,2016,21.651365426,17.394707246,0.659250736
070900040403,2017,20.523657208,16.008719893,0.640401611
070900040403,2018,25.81819831,14.623336895,0.68408599
070900040403,2019,36.065542047,24.112988472,0.689855719
070900040404,2010,33.982229236,21.107355263,0.650427455
070900040404,2011,34.736038482,20.634511223,0.64615141
070900040404,2012,16.481368807,11.417316293,0.51626391
070900040404,2013,41.149860454,20.090029283,0.676822859
070900040404,2014,22.880444058,14.20258793,0.67302957
070900040404,2015,35.151534782,17.627915309,0.660103298
070900040404,2016,24.739884821,17.472745662,0.669257299
070900040404,2017,24.48877847,17.607338138,0.633272907
070900040404,2018,28.591392568,15.318306153,0.682272682
070900040404,2019,42.873554421,25.296842451,0.690447669
070900040501,2010,55.32642555,45.699704517,0.374964663
070900040501,2011,57.251405479,47.399438026,0.36116378
070900040501,2012,36.437069373,32.869808017,0.290057134
070900040501,2013,45.851459584,36.818484242,0.378561647
070900040501,2014,40.841724672,34.468853795,0.359861165
070900040501,2015,45.3525681,36.372185753,0.3662702
070900040501,2016,45.603230937,39.062135874,0.354466679
070900040501,2017,44.0419046,38.419790275,0.349668972
070900040501,2018,58.037665299,44.382385385,0.393930084
070900040501,2019,64.10841556,53.090811307,0.388265148
070900040502,2010,38.913939958,29.863713635,0.550679775
070900040502,2011,40.771938915,29.052359429,0.546080329
070900040502,2012,22.847541309,19.597965599,0.431051455
070900040502,2013,35.838108255,25.353614248,0.549004558
070900040502,2014,29.459760828,23.200136085,0.53489119
070900040502,2015,35.451084706,25.809768156,0.551269733
070900040502,2016,30.526422797,24.701889435,0.535082585
070900040502,2017,29.600759474,23.385231233,0.500719059
070900040502,2018,42.386389205,27.998190765,0.586552043
070900040502,2019,46.035491824,33.716304724,0.58859447
070900040503,2010,54.549558567,41.313546165,0.41790608
070900040503,2011,52.596978206,40.186881949,0.408989779
070900040503,2012,33.44857498,29.238619153,0.326711819
070900040503,2013,50.894745648,37.812566835,0.426895444
070900040503,2014,40.543153292,32.919083443,0.408158641
070900040503,2015,50.860392161,36.95278211,0.416848585
070900040503,2016,45.495486935,37.07258903,0.404439736
070900040503,2017,41.69032879,34.244622819,0.384925417
070900040503,2018,52.84244049,36.884889356,0.441108741
070900040503,2019,60.690617696,45.009815245,0.434977742
070900040601,2010,26.166021098,13.723186409,0.646349477
070900040601,2011,27.289756471,13.76522939,0.650905398
070900040601,2012,16.050776754,8.387238739,0.534311525
070900040601,2013,36.257975666,12.016375132,0.668451398
070900040601,2014,16.201670869,8.335991369,0.670770483
070900040601,2015,23.298297284,9.174836319,0.643434435
070900040601,2016,21.438800275,12.409533085,0.661240425
070900040601,2017,23.626346482,13.372380808,0.638589972
070900040601,2018,24.043055495,10.055289629,0.680635774
070900040601,2019,36.482013025,18.238680069,0.703126509
070900040602,2010,21.158032944,15.193498045,0.460672451
070900040602,2011,18.160334564,14.41287472,0.466143824
070900040602,2012,8.520726415,8.2987331,0.327670568
070900040602,2013,27.362015829,16.894714191,0.468548876
070900040602,2014,11.82296054,9.72392461,0.445886514
070900040602,2015,14.906941972,9.946931533,0.443618924
070900040602,2016,12.766922942,11.883519167,0.450111656
070900040602,2017,14.398002134,12.479815233,0.423925348
070900040602,2018,16.194844623,11.037883105,0.461039479
070900040602,2019,22.144624875,17.456497217,0.471389454
070900040603,2010,36.869853258,28.858435525,0.628816653
070900040603,2011,38.568653604,26.662543818,0.643415692
070900040603,2012,20.758149414,15.719457906,0.527312878
070900040603,2013,46.083038157,30.104075276,0.639519071
070900040603,2014,29.699750954,21.672429648,0.656591252
070900040603,2015,41.587974681,27.560365244,0.624672604
070900040603,2016,32.934721623,25.437572844,0.643036611
070900040603,2017,30.494156355,23.804583289,0.634390389
070900040603,2018,41.26018886,30.053116315,0.658684504
070900040603,2019,48.781212163,34.507876976,0.665125747
070900040604,2010,36.78034246,28.748631927,0.62888571
070900040604,2011,37.526857657,25.578858781,0.642024302
070900040604,2012,20.618656307,15.571569717,0.526328121
070900040604,2013,47.208906907,31.07914277,0.642671728
070900040604,2014,29.112743014,21.088897109,0.657123726
070900040604,2015,39.897776281,25.943337149,0.624206722
070900040604,2016,32.085725305,24.584721849,0.644494215
070900040604,2017,29.251452109,22.551604089,0.631666177
070900040604,2018,39.815488527,28.457104695,0.656994089
070900040604,2019,49.843981816,35.462377885,0.668287131
070900040605,2010,29.252256412,20.103147095,0.552405605
070900040605,2011,27.424580908,18.795110129,0.559894023
070900040605,2012,15.511529415,11.080793505,0.437761573
070900040605,2013,37.619581006,20.956645384,0.572267206
070900040605,2014,18.760035836,13.426182088,0.561238005
070900040605,2015,25.120196561,15.273622982,0.544975044
070900040605,2016,23.193514375,17.485766055,0.558801743
070900040605,2017,23.683373763,17.409386725,0.535063872
070900040605,2018,26.874874689,17.080644686,0.573550236
070900040605,2019,35.31684052,23.760591945,0.588635115
070900040701,2010,36.174661785,28.170221462,0.627329071
070900040701,2011,38.519721541,26.625155553,0.641686484
070900040701,2012,20.349793947,15.315626986,0.525236327
070900040701,2013,46.101825235,30.133277146,0.638607821
070900040701,2014,32.123271124,24.103410274,0.657911787
070900040701,2015,43.604880767,29.52518815,0.625004843
070900040701,2016,34.232446698,26.742550583,0.643554826
070900040701,2017,30.557503986,23.873611925,0.633274169
070900040701,2018,42.349621689,31.138541156,0.656333418
070900040701,2019,47.848121993,33.587498051,0.663541528
070900040702,2010,44.610231253,41.427870641,0.535243008
070900040702,2011,37.962763528,35.114013406,0.551798887
070900040702,2012,21.463209836,19.921149133,0.477985077
070900040702,2013,49.422575377,45.969273866,0.566272953
070900040702,2014,31.421566216,28.846584587,0.541515077
070900040702,2015,35.71347636,32.799553342,0.533235054
070900040702,2016,38.64693569,35.940198237,0.552053058
070900040702,2017,36.193622301,33.821799565,0.557346626
070900040702,2018,45.289240578,41.87935502,0.576855949
070900040702,2019,46.617301585,43.650042865,0.580402423
070900040703,2010,43.040728646,40.249274646,0.441873075
070900040703,2011,34.672808714,32.528596834,0.452163523
070900040703,2012,19.360541104,18.190559013,0.386297273
070900040703,2013,44.529174941,41.806235537,0.460709167
070900040703,2014,29.071642665,27.085387484,0.442644299
070900040703,2015,31.258909133,29.084808103,0.440585172
070900040703,2016,34.64739431,32.45936895,0.450155194
070900040703,2017,29.8328985,28.090462938,0.447646164
070900040703,2018,40.649658362,38.048758085,0.47093539
070900040703,2019,41.393806582,39.152553439,0.470273602
070900040704,2010,22.221655096,21.878765059,0.426126146
070900040704,2011,19.102737137,18.945636967,0.437325081
070900040704,2012,11.325777802,11.304634907,0.344564952
070900040704,2013,30.69634531,28.793836497,0.444783219
070900040704,2014,19.757219803,19.556349244,0.425116214
070900040704,2015,25.499773829,22.673777895,0.413133191
070900040704,2016,19.988529182,19.757112159,0.421397538
070900040704,2017,19.211958603,19.1684541,0.410668019
070900040704,2018,28.230288404,26.901060919,0.439600006
070900040704,2019,26.882783409,26.078254274,0.467532604
070900040705,2010,35.137409002,27.964351393,0.431023298
070900040705,2011,32.400703936,25.694586227,0.439254864
070900040705,2012,19.419891585,16.238455601,0.356342233
070900040705,2013,44.609120182,33.374655118,0.439285047
070900040705,2014,29.839823683,23.03940795,0.435377913
070900040705,2015,36.76897981,27.120473244,0.42797064
070900040705,2016,31.106783767,25.795570863,0.429577092
070900040705,2017,29.548690007,24.546713562,0.422773585
070900040705,2018,41.298843503,32.347635526,0.450245977
070900040705,2019,40.93016201,32.805544822,0.454431083
070900040801,2010,38.602637829,33.738171844,0.576415274
070900040801,2011,34.302475071,28.845631374,0.583888591
070900040801,2012,20.200875359,17.286071633,0.49797777
070900040801,2013,54.525618088,44.721180702,0.605563528
070900040801,2014,34.828284431,30.607148379,0.604029472
070900040801,2015,35.834748363,29.851285412,0.580782483
070900040801,2016,31.724147533,28.538506398,0.582914035
070900040801,2017,30.505493786,25.979903485,0.578123335
070900040801,2018,40.864342797,34.408139817,0.626521321
070900040801,2019,45.204172675,38.747371262,0.623978405
070900040803,2010,41.429024334,35.424455489,0.325571729
070900040803,2011,33.127347803,28.733899511,0.316934921
070900040803,2012,23.097364698,20.277772551,0.262968293
070900040803,2013,47.621616264,40.21800616,0.32597559
070900040803,2014,34.552129215,29.294037525,0.319899186
070900040803,2015,40.710661604,33.697400254,0.319474927
070900040803,2016,32.987234482,28.57033826,0.317788694
070900040803,2017,32.379370362,28.190359404,0.312696268
070900040803,2018,46.947929743,39.640491337,0.33169538
070900040803,2019,42.31810473,37.098277063,0.340496027
070900050101,2010,30.387102655,11.864248323,0.603632648
070900050101,2011,19.741646718,9.782192541,0.61129881
070900050101,2012,9.946617207,4.871369315,0.500063879
070900050101,2013,31.22139096,12.196414981,0.603523552
070900050101,2014,18.732614638,7.546149187,0.589772135
070900050101,2015,20.541254395,7.56914081,0.607153218
070900050101,2016,17.044342768,8.522322907,0.60013381
070900050101,2017,19.046564718,8.645518214,0.605025176
070900050101,2018,38.315930198,13.150119946,0.665264782
070900050101,2019,30.084363024,14.765816552,0.63352958
070900060301,2010,32.794433717,17.211192732,0.468442673
070900060301,2011,23.476956051,13.821161072,0.506008938
070900060301,2012,12.081802313,8.817572398,0.407057863
070900060301,2013,29.604159106,14.294447936,0.495544539
070900060301,2014,14.694937877,10.0414784,0.489805849
070900060301,2015,18.017772596,9.899947083,0.484778024
070900060301,2016,20.518348876,12.496297038,0.463939667
070900060301,2017,26.052316782,13.872259563,0.486152258
070900060301,2018,39.444785232,17.061717142,0.515144687
070900060301,2019,36.368503385,19.942034895,0.546602709
070900060302,2010,35.800796017,15.267571142,0.460489632
070900060302,2011,24.386604192,14.01602848,0.499481471
070900060302,2012,8.295900227,5.792591801,0.395698459
070900060302,2013,37.44272658,14.861197957,0.477472045
070900060302,2014,16.46078668,9.450330184,0.478905113
070900060302,2015,18.727920622,9.597266955,0.489002592
070900060302,2016,20.287986846,11.004044115,0.46995533
070900060302,2017,29.109223321,15.513939115,0.487628396
070900060302,2018,39.987465105,16.710376574,0.511905687
070900060302,2019,38.84625059,18.187729607,0.5452976
070900060303,2010,36.112650518,16.99214246,0.477027063
070900060303,2011,24.373744911,13.332480844,0.503839032
070900060303,2012,12.887463171,8.184932958,0.405319437
070900060303,2013,32.878865823,14.098315765,0.498819285
070900060303,2014,18.541599083,10.889974983,0.491231968
070900060303,2015,24.159010647,10.965015655,0.487122237
070900060303,2016,24.153635485,12.75707906,0.481546609
070900060303,2017,31.087746889,14.643838683,0.49341488
070900060303,2018,47.503259375,17.596644237,0.517832915
070900060303,2019,41.705293799,19.744587092,0.54334562
071200040101,2010,36.896149264,19.250165862,0.698472497
071200040101,2011,43.747774548,25.398438098,0.736322137
071200040101,2012,17.333219005,11.672955948,0.601140476
071200040101,2013,39.081969888,20.946814739,0.648669727
071200040101,2014,21.583816168,12.408544932,0.698247227
071200040101,2015,29.726584234,17.201763393,0.702678416
071200040101,2016,35.554985911,20.052338724,0.725322085
071200040101,2017,40.03987738,22.579919524,0.736197663
071200040101,2018,49.238815677,26.118720295,0.752087076
071200040101,2019,56.689228925,31.017107499,0.746598113
071200040102,2010,15.582123098,7.658190058,0.45091204
071200040102,2011,20.726449528,9.523400701,0.508607567
071200040102,2012,6.600611729,4.102237222,0.370928918
071200040102,2013,18.41333786,8.731528289,0.421863459
071200040102,2014,6.688618482,3.60553437,0.448972035
071200040102,2015,10.260169187,4.990316005,0.444603451
071200040102,2016,14.037382643,7.154663816,0.457050839
071200040102,2017,14.762272503,7.069036929,0.479354434
071200040102,2018,20.102509847,8.234220888,0.495965492
071200040102,2019,24.551110416,11.194688548,0.540185391
071200040103,2010,25.178322706,12.133444755,0.577561636
071200040103,2011,32.798876018,15.91090647,0.623919868
071200040103,2012,11.658427898,7.236838865,0.489951163
071200040103,2013,29.425098456,14.182414875,0.531899625
071200040103,2014,12.592403438,6.599052526,0.563626183
071200040103,2015,20.308078007,9.940814467,0.570426436
071200040103,2016,25.590846403,12.816073783,0.598063182
071200040103,2017,28.028851827,13.939641906,0.610907245
071200040103,2018,35.168019724,15.72849195,0.630081084
071200040103,2019,42.166068339,19.865142241,0.647947949
071200040104,2010,24.62213902,11.433594513,0.470795411
071200040104,2011,28.631788911,12.754057164,0.527952319
071200040104,2012,12.331230489,7.309909966,0.408704026
071200040104,2013,26.54109731,12.654684754,0.457546209
071200040104,2014,17.373435677,9.257778638,0.482821825
071200040104,2015,20.328566484,9.825593325,0.474243563
071200040104,2016,25.006118638,11.853685701,0.490195599
071200040104,2017,26.227548999,11.917181613,0.50790389
071200040104,2018,29.159889194,12.501042227,0.524410829
071200040104,2019,33.214874321,14.779776515,0.559515064
071200040201,2010,23.068972512,20.320468737,0.611396336
071200040201,2011,29.449841953,25.605936451,0.621627121
071200040201,2012,11.569398341,10.140177092,0.469636453
071200040201,2013,30.871131293,24.139714822,0.546644356
071200040201,2014,14.257180122,12.321662855,0.562301454
071200040201,2015,14.117889451,12.109427894,0.53789804
071200040201,2016,20.413747964,18.318068553,0.606693565
071200040201,2017,25.283991359,21.646799354,0.606882936
071200040201,2018,25.50575736,22.650561272,0.643106734
071200040201,2019,36.081333683,32.26026605,0.66974749
071200040301,2010,18.167378875,13.689737892,0.611463451
071200040301,2011,24.478147974,18.921609984,0.665356612
071200040301,2012,8.347496777,6.302563337,0.504520796
071200040301,2013,21.956540671,16.745164221,0.5559259
071200040301,2014,13.711701385,9.534670229,0.601218489
071200040301,2015,12.451237304,8.955430091,0.600778529
071200040301,2016,15.184667808,11.761727506,0.619414528
071200040301,2017,18.604328594,13.613279368,0.647331624
071200040301,2018,21.925713395,16.555634396,0.672160453
071200040301,2019,31.052701453,24.813028175,0.690195393
071200060101,2010,62.204163591,49.283971392,0.310633404
071200060101,2011,73.825471242,58.231063358,0.3171589
071200060101,2012,35.717156389,31.29056276,0.279888876
071200060101,2013,55.17482727,45.428956175,0.301962963
071200060101,2014,47.811521981,38.910822444,0.300478408
071200060101,2015,48.011682239,39.612721157,0.300249443
071200060101,2016,51.408761611,43.85351156,0.304933293
071200060101,2017,63.608559135,51.496167987,0.312544188
071200060101,2018,74.280004399,60.122931337,0.317035772
071200060101,2019,80.196488138,64.751407033,0.322110601
071200060102,2010,33.36948039,28.197496226,0.343981678
071200060102,2011,40.601187727,34.249147263,0.362304105
071200060102,2012,18.308485258,16.059411509,0.294742497
071200060102,2013,32.853344261,27.58227836,0.350710625
071200060102,2014,25.967961574,21.790746513,0.342227085
071200060102,2015,31.438068808,26.455950254,0.345178381
071200060102,2016,28.48555984,25.26993834,0.342676863
071200060102,2017,35.181212218,29.783830202,0.350477573
071200060102,2018,45.912830904,39.127309225,0.367140773
071200060102,2019,46.09054393,39.419336982,0.378021846
071200060103,2010,33.378130226,29.038125749,0.54893672
071200060103,2011,42.683603006,36.509878117,0.617583014
071200060103,2012,18.898381923,17.097899856,0.511192721
071200060103,2013,31.139751639,27.861862403,0.588469499
071200060103,2014,26.682659031,23.447522577,0.585358858
071200060103,2015,34.717766324,29.61930233,0.579008815
071200060103,2016,31.514592599,28.101400988,0.589866873
071200060103,2017,33.98501042,29.518581996,0.600144343
071200060103,2018,45.003023106,39.028880017,0.624573104
071200060103,2019,50.720706693,44.255244461,0.638710896
071200060104,2010,28.863522598,23.919287076,0.464090877
071200060104,2011,34.825611432,28.267383199,0.521884587
071200060104,2012,13.369733745,12.276549637,0.40298351
071200060104,2013,25.893714024,22.28382183,0.487539736
071200060104,2014,19.123967124,16.646058617,0.47771733
071200060104,2015,27.329853239,22.532106243,0.492878556
071200060104,2016,27.641673703,24.031025604,0.490965764
071200060104,2017,26.447160363,22.82644355,0.482798837
071200060104,2018,40.342548862,33.775217293,0.536564499
071200060104,2019,44.985724834,38.076613934,0.551088064
071200060105,2010,62.690171109,51.475377058,0.438334776
071200060105,2011,73.260463734,59.206055403,0.472537795
071200060105,2012,37.931374788,34.321774931,0.429736429
071200060105,2013,56.398560126,48.635740651,0.461268691
071200060105,2014,50.912971331,42.871457075,0.454619659
071200060105,2015,56.901185086,47.779261195,0.452353915
071200060105,2016,54.830344886,47.846388133,0.458547656
071200060105,2017,62.842614855,52.764634144,0.464020823
071200060105,2018,77.589937342,63.828499789,0.476733855
071200060105,2019,79.447309474,64.886336121,0.48280019
071200060201,2010,39.499466288,32.487108021,0.344223333
071200060201,2011,43.094684609,35.238083588,0.359024731
071200060201,2012,22.652879479,20.636770374,0.276336489
071200060201,2013,32.420024939,25.804257807,0.334631642
071200060201,2014,24.409322202,20.776185863,0.33316894
071200060201,2015,28.202203779,23.258763533,0.340757174
071200060201,2016,33.154713713,29.285648517,0.34468688
071200060201,2017,36.168477413,30.528087404,0.344057345
071200060201,2018,49.897721307,38.521416807,0.361961368
071200060201,2019,49.768632983,41.178092471,0.365585046
071200060202,2010,32.474048892,27.214041773,0.465418084
071200060202,2011,33.844996863,28.106635552,0.492499062
071200060202,2012,18.565352689,16.628941644,0.393357482
071200060202,2013,28.755355551,23.13963759,0.460732476
071200060202,2014,18.898847525,15.798919072,0.464715397
071200060202,2015,20.724287164,17.095879927,0.458921533
071200060202,2016,26.402777563,23.285178809,0.472494808
071200060202,2017,30.062756296,25.569912917,0.477392997
071200060202,2018,44.470235764,34.722755528,0.502508157
071200060202,2019,42.546039831,36.08332798,0.518241535
071200060203,2010,37.136473311,29.943367079,0.469505187
071200060203,2011,39.839876303,32.113594382,0.496576329
071200060203,2012,20.488560809,18.261521566,0.40230155
071200060203,2013,34.599495857,27.203287545,0.472893769
071200060203,2014,22.91674386,18.964051522,0.47250785
071200060203,2015,25.933330402,20.850334357,0.465909275
071200060203,2016,29.907952667,25.878498947,0.476108652
071200060203,2017,35.392256722,29.180608627,0.485706132
071200060203,2018,51.560180637,37.416074311,0.504686408
071200060203,2019,50.389242526,39.924179813,0.523572085
071200060301,2010,30.762794167,28.398936341,0.543715998
071200060301,2011,38.411125096,34.862595518,0.600162224
071200060301,2012,18.967512089,17.752735135,0.509998838
071200060301,2013,31.696284714,28.896454018,0.556941285
071200060301,2014,22.341709107,20.63076024,0.556664619
071200060301,2015,26.390811452,24.152791127,0.556269577
071200060301,2016,26.382451927,25.006904811,0.566314894
071200060301,2017,33.386633461,30.958266002,0.582809031
071200060301,2018,46.433147041,41.184100258,0.606679679
071200060301,2019,46.419567141,42.432992999,0.626104939
071200060302,2010,21.604961441,19.077833676,0.493174342
071200060302,2011,28.791777699,25.347613539,0.544615794
071200060302,2012,11.6132747,10.305609516,0.436414772
071200060302,2013,22.522427727,19.75611968,0.490032467
071200060302,2014,13.743706338,11.754642968,0.49336319
071200060302,2015,17.56760898,15.19348571,0.500417363
071200060302,2016,16.82477178,15.223969333,0.505127219
071200060302,2017,22.350589496,19.721915677,0.522996652
071200060302,2018,36.395380234,31.484434889,0.552440391
071200060302,2019,34.674788914,30.928441561,0.569545476
071200060303,2010,13.40001531,11.652054159,0.513875951
071200060303,2011,18.426371391,15.703576414,0.569114854
071200060303,2012,7.276081315,6.103578246,0.442505045
071200060303,2013,18.203224919,15.670195464,0.505230794
071200060303,2014,6.771325424,5.231337735,0.508384857
071200060303,2015,10.56959498,8.616009902,0.521419198
071200060303,2016,10.34241415,9.098817636,0.524573981
071200060303,2017,14.120834057,12.133582795,0.542574044
071200060303,2018,27.673339049,23.841864109,0.582751776
071200060303,2019,25.824944475,22.928132638,0.599581423
071200060304,2010,18.472183684,16.069478013,0.518040657
071200060304,2011,23.082297682,19.82274192,0.570908265
071200060304,2012,9.654781443,8.287201062,0.449333061
071200060304,2013,20.59849451,17.530060209,0.512687707
071200060304,2014,10.537750174,8.722639185,0.514697451
071200060304,2015,14.140480466,11.746841087,0.522305467
071200060304,2016,13.605893528,11.985443485,0.527920735
071200060304,2017,18.82896976,16.309752504,0.548958633
071200060304,2018,32.114126409,27.228198781,0.582226215
071200060304,2019,30.408703084,26.697674894,0.599771044
071200060401,2010,32.607331515,23.749219986,0.520876381
071200060401,2011,35.365332176,28.171354123,0.562075373
071200060401,2012,17.720822627,14.641912184,0.46129804
071200060401,2013,33.908013428,25.249300825,0.533759948
071200060401,2014,23.286023623,16.810459415,0.515519145
071200060401,2015,20.901944227,16.258941593,0.511620606
071200060401,2016,24.184498912,19.533521855,0.527908258
071200060401,2017,30.296745729,22.837421463,0.526751983
071200060401,2018,43.935902334,31.225143798,0.56657167
071200060401,2019,35.367915309,28.618574826,0.572674291
071200060402,2010,43.821381624,32.30183639,0.423568558
071200060402,2011,37.109139083,30.261198161,0.437973462
071200060402,2012,19.011575366,16.190912112,0.362365567
071200060402,2013,35.399013135,27.771271801,0.412853274
071200060402,2014,23.509631731,17.777660289,0.409393961
071200060402,2015,24.842812993,19.67997105,0.409965809
071200060402,2016,34.779351839,27.740240065,0.427446985
071200060402,2017,32.73012674,25.946026264,0.420597955
071200060402,2018,56.385430812,41.326952983,0.443142733
071200060402,2019,44.600099869,36.928309122,0.442236989
071200060403,2010,39.65104464,28.770258678,0.464362999
071200060403,2011,34.997806966,28.198061771,0.48813639
071200060403,2012,17.533968248,14.89331175,0.405380862
071200060403,2013,33.622865775,25.563245482,0.463987857
071200060403,2014,20.954057476,15.710286894,0.455139096
071200060403,2015,22.389667702,17.501124234,0.458099592
071200060403,2016,31.563056874,24.955690169,0.471892866
071200060403,2017,30.658433854,24.20634352,0.465587961
071200060403,2018,53.786268516,37.618171362,0.493515244
071200060403,2019,43.315260755,34.686122935,0.499286725
071200060404,2010,28.688778292,17.302974037,0.499952133
071200060404,2011,22.734657,15.623222694,0.5317539
071200060404,2012,9.9966328,7.497208369,0.439725363
071200060404,2013,24.238995864,15.155069805,0.498178284
071200060404,2014,11.757088593,7.679367585,0.491664235
071200060404,2015,17.04737982,10.623646537,0.503016149
071200060404,2016,24.742506595,16.606273776,0.510835165
071200060404,2017,21.38575899,14.375898976,0.50953152
071200060404,2018,41.205991387,23.182947849,0.543852471
071200060404,2019,37.019191409,23.365133183,0.562658064
071200060501,2010,11.711272477,7.541606793,0.506353681
071200060501,2011,11.445271771,7.422280859,0.529182593
071200060501,2012,4.62329406,3.304617018,0.412511371
071200060501,2013,15.033699933,9.011685099,0.478349546
071200060501,2014,5.645605745,3.744163224,0.477816651
071200060501,2015,6.64015547,3.980939651,0.491831332
071200060501,2016,8.668552822,6.073966286,0.5142329
071200060501,2017,9.272055665,6.206207913,0.506213349
071200060501,2018,22.833272382,11.936780983,0.545796994
071200060501,2019,18.903027344,11.459943729,0.579336016
071200060502,2010,14.654926293,7.244092709,0.510841575
071200060502,2011,14.811946312,7.325994499,0.536603809
071200060502,2012,5.964946086,3.153905719,0.427314253
071200060502,2013,18.360942948,8.982314413,0.496460707
071200060502,2014,7.088150701,4.115100096,0.491525837
071200060502,2015,9.013374003,4.658342213,0.505533991
071200060502,2016,12.767486483,6.431603624,0.523470105
071200060502,2017,13.044171941,6.403838732,0.517635078
071200060502,2018,27.935352661,11.038102788,0.554034725
071200060502,2019,25.137252605,11.216306661,0.587958059
071200060503,2010,14.683257796,6.746815855,0.503286304
071200060503,2011,13.918312134,6.734652094,0.528278736
071200060503,2012,5.140350733,2.798973778,0.408441173
071200060503,2013,17.531102043,8.147895879,0.477282704
071200060503,2014,6.396829593,3.89546822,0.473845251
071200060503,2015,8.595288774,4.502607975,0.490285529
071200060503,2016,10.932777977,5.411854992,0.505279356
071200060503,2017,12.084548593,5.556347448,0.503507435
071200060503,2018,25.880240238,9.906096596,0.54389766
071200060503,2019,23.341426944,9.844000798,0.57412643
071200060601,2010,42.710957885,25.493255961,0.390808794
071200060601,2011,36.474904097,25.124460786,0.388980967
071200060601,2012,21.982482809,16.930713196,0.332544594
071200060601,2013,37.873112555,23.047378207,0.371856908
071200060601,2014,28.275656714,20.105797229,0.377734763
071200060601,2015,29.608582943,20.217828892,0.381604691
071200060601,2016,39.119889173,26.002434367,0.394897984
071200060601,2017,36.518613891,23.53331324,0.385396104
071200060601,2018,53.927159268,28.926390229,0.400239711
071200060601,2019,45.783245336,29.366211041,0.393737324
071200060602,2010,25.156660773,14.158249529,0.360974309
071200060602,2011,19.394307531,13.126255642,0.362841471
071200060602,2012,12.029511768,8.36284135,0.321151932
071200060602,2013,21.296694787,13.034797575,0.35261741
071200060602,2014,15.996710245,10.598332843,0.350989975
071200060602,2015,17.542936788,11.315818152,0.352406374
071200060602,2016,21.99787715,14.196023922,0.36933136
071200060602,2017,21.2752851,12.702423225,0.362106411
071200060602,2018,31.117012119,16.82875329,0.373420404
071200060602,2019,24.257127999,15.359109464,0.372034562
071200060603,2010,45.666154254,26.252599292,0.399541484
071200060603,2011,38.912234895,25.626638836,0.394344192
071200060603,2012,23.602414341,17.293772834,0.328464315
071200060603,2013,39.968999338,23.649861988,0.369143625
071200060603,2014,28.279966646,20.044358484,0.375137362
071200060603,2015,29.975019493,20.340399043,0.383532915
071200060603,2016,42.483633497,26.714683657,0.403141048
071200060603,2017,38.329612448,23.975940523,0.38904703
071200060603,2018,59.620151305,30.015378279,0.411921211
071200060603,2019,52.374415906,30.7351302,0.406899917
071200060604,2010,33.314489398,18.891123185,0.500826928
071200060604,2011,25.858271148,16.839543685,0.513924522
071200060604,2012,15.293964226,11.10877792,0.428980691
071200060604,2013,26.804531605,16.032358003,0.485397284
071200060604,2014,17.77076786,12.321564812,0.479639007
071200060604,2015,19.158658153,13.018144663,0.482063296
071200060604,2016,27.910112659,17.548503986,0.521392487
071200060604,2017,26.290655926,16.405044996,0.504122531
071200060604,2018,42.144263614,21.522942964,0.530156348
071200060604,2019,36.890383881,21.679450717,0.537930514
071200060701,2010,19.805955046,10.156891151,0.469038044
071200060701,2011,28.223106357,12.166313038,0.522610257
071200060701,2012,6.363809297,3.721964545,0.385809144
071200060701,2013,17.185868613,8.482354131,0.485692145
071200060701,2014,10.749517665,6.399277006,0.480919152
071200060701,2015,16.983017468,8.08017939,0.491961068
071200060701,2016,18.451555074,9.086027768,0.492243888
071200060701,2017,17.420885589,8.96379166,0.484570233
071200060701,2018,34.517355202,14.762721447,0.535866286
071200060701,2019,34.803668079,16.308880343,0.547360884
071200060702,2010,29.229352521,17.957778063,0.505855694
071200060702,2011,40.342835046,21.865977339,0.563460043
071200060702,2012,13.408832448,9.943819242,0.472204668
071200060702,2013,30.004872406,18.148401047,0.534326835
071200060702,2014,19.98329392,13.86962503,0.517047843
071200060702,2015,22.776641497,13.784793723,0.522591485
071200060702,2016,24.045967437,14.820296653,0.526836879
071200060702,2017,31.239919325,18.389757675,0.54563559
071200060702,2018,49.31659663,25.315729919,0.556718453
071200060702,2019,51.200045827,25.924922613,0.581800773
071200060703,2010,27.753210653,17.587000204,0.415640869
071200060703,2011,37.338733249,22.013192142,0.447429661
071200060703,2012,14.144348821,10.102255786,0.360256935
071200060703,2013,27.859948234,17.220353191,0.424723737
071200060703,2014,19.984549954,13.154626616,0.415133721
071200060703,2015,22.016131028,13.46606257,0.420047155
071200060703,2016,24.822688499,15.66485153,0.424567408
071200060703,2017,29.060104585,18.196592863,0.431741434
071200060703,2018,46.05578724,25.498651809,0.447997455
071200060703,2019,44.821680469,25.630896419,0.461270096
071200060704,2010,33.226153334,22.139299406,0.309144346
071200060704,2011,38.030567936,23.805143782,0.30980716
071200060704,2012,17.373630343,13.868361647,0.239401064
071200060704,2013,32.000977034,20.859902673,0.289302209
071200060704,2014,21.73406758,16.169536819,0.289061588
071200060704,2015,25.151411759,17.923437137,0.29569929
071200060704,2016,26.626268771,19.48785653,0.296210116
071200060704,2017,32.976357443,21.248808471,0.302803146
071200060704,2018,50.43503643,26.327857239,0.313100373
071200060704,2019,47.985515304,27.396918357,0.314957295
071200060705,2010,26.664302844,17.93033646,0.446192278
071200060705,2011,26.882763163,18.939412755,0.465207553
071200060705,2012,13.532804598,10.395351068,0.379144083
071200060705,2013,25.586050654,17.982482468,0.429355144
071200060705,2014,15.457333163,11.128695348,0.42780555
071200060705,2015,18.606995799,13.030503327,0.438166965
071200060705,2016,20.246084141,15.182579239,0.450309842
071200060705,2017,25.014239455,17.355419874,0.45652799
071200060705,2018,38.769759825,23.630937603,0.482202271
071200060705,2019,34.851479512,23.654101484,0.48402827
071200060706,2010,11.377973865,7.382808343,0.52380514
071200060706,2011,15.123819626,9.57722964,0.570439294
071200060706,2012,5.804892764,4.055455789,0.449444253
071200060706,2013,16.307221899,9.42829216,0.501619715
071200060706,2014,5.119835201,3.468168973,0.520404898
071200060706,2015,8.837032744,5.691567951,0.53277763
071200060706,2016,9.191302178,5.819082,0.542211095
071200060706,2017,11.989857768,7.647927034,0.55006228
071200060706,2018,23.319257773,12.312443907,0.582284018
071200060706,2019,21.020250636,12.462935033,0.596702471
071200060707,2010,29.202092954,12.64038836,0.562605454
071200060707,2011,29.565038238,13.219424097,0.594105546
071200060707,2012,14.048835602,6.803773188,0.492859846
071200060707,2013,30.146435217,13.551721105,0.543756264
071200060707,2014,14.957849506,6.300547024,0.548715679
071200060707,2015,20.531265441,8.203228667,0.563301812
071200060707,2016,26.511738762,11.539788724,0.581016751
071200060707,2017,27.13725036,11.947449633,0.580679511
071200060707,2018,45.205987292,17.229057235,0.62240464
071200060707,2019,42.193334145,17.923086404,0.625680307
071200060801,2010,33.905835752,16.671531473,0.621598824
071200060801,2011,32.713668195,17.502285842,0.636061568
071200060801,2012,16.365043354,9.624866868,0.519109369
071200060801,2013,34.53462064,16.515812919,0.589960125
071200060801,2014,16.133846803,10.070871281,0.605852206
071200060801,2015,22.182151369,10.799871763,0.60857308
071200060801,2016,28.959384115,14.568453444,0.653147338
071200060801,2017,30.514998146,14.982501188,0.630573268
071200060801,2018,47.656621077,18.918740588,0.668494528
071200060801,2019,42.863897245,21.871970446,0.660206983
071200060802,2010,32.978878396,18.174230169,0.609207769
071200060802,2011,30.775762623,17.633585262,0.623183969
071200060802,2012,15.867683192,10.317359183,0.510759042
071200060802,2013,32.096305827,18.060038888,0.587949727
071200060802,2014,18.081180305,11.164626367,0.594295451
071200060802,2015,20.22027761,10.446500081,0.597067665
071200060802,2016,26.572203113,15.014303239,0.63396675
071200060802,2017,29.183875561,16.429059343,0.617414085
071200060802,2018,40.083046547,19.253489744,0.650474317
071200060802,2019,39.039945676,22.670162133,0.644749198
071200060901,2010,20.543570948,4.348402175,0.469875299
071200060901,2011,19.30898709,4.466427787,0.484423991
071200060901,2012,7.8830367,1.905936822,0.374962624
071200060901,2013,24.090756359,4.662520617,0.449527328
071200060901,2014,5.588532806,1.537069479,0.441193431
071200060901,2015,13.550420398,2.485501619,0.454615832
071200060901,2016,13.361769062,3.220330094,0.472529831
071200060901,2017,16.219626689,3.352212712,0.470800111
071200060901,2018,31.090091153,4.61716629,0.500712843
071200060901,2019,28.881915694,5.61033271,0.54284141
