huc12_id,year,pscutot_mgd
020502061004,2010,0.0
020502061004,2011,0.0
020502061004,2012,0.0
020502061004,2013,0.0
020502061004,2014,0.0
020502061004,2015,0.0
020502061004,2016,0.0
020502061004,2017,0.0
020502061004,2018,0.0
020502061004,2019,0.0
020502061004,2020,0.0
020502061005,2010,0.046648404
020502061005,2011,0.041917361
020502061005,2012,0.047254986
020502061005,2013,0.04581481
020502061005,2014,0.043835519
020502061005,2015,0.042479659
020502061005,2016,0.044991141
020502061005,2017,0.040345645
020502061005,2018,0.035955532
020502061005,2019,0.041421498
020502061005,2020,0.04115923
020502061101,2010,0.0
020502061101,2011,0.0
020502061101,2012,0.0
020502061101,2013,0.0
020502061101,2014,0.0
020502061101,2015,0.0
020502061101,2016,0.0
020502061101,2017,0.0
020502061101,2018,0.0
020502061101,2019,0.0
020502061101,2020,0.0
020502061102,2010,0.001740167
020502061102,2011,0.001506778
020502061102,2012,0.001534838
020502061102,2013,0.001642369
020502061102,2014,0.001470255
020502061102,2015,0.001476657
020502061102,2016,0.001553382
020502061102,2017,0.001442698
020502061102,2018,0.001252042
020502061102,2019,0.001430299
020502061102,2020,0.001397744
020502061103,2010,0.000385414
020502061103,2011,0.000362846
020502061103,2012,0.000388025
020502061103,2013,0.000380135
020502061103,2014,0.000375509
020502061103,2015,0.000373022
020502061103,2016,0.000388843
020502061103,2017,0.000346096
020502061103,2018,0.000304265
020502061103,2019,0.000343564
020502061103,2020,0.000352522
020502061201,2010,0.0
020502061201,2011,0.0
020502061201,2012,0.0
020502061201,2013,0.0
020502061201,2014,0.0
020502061201,2015,0.0
020502061201,2016,0.0
020502061201,2017,0.0
020502061201,2018,0.0
020502061201,2019,0.0
020502061201,2020,0.0
020502061202,2010,0.088345065
020502061202,2011,0.08222049
020502061202,2012,0.089512238
020502061202,2013,0.086806055
020502061202,2014,0.084509795
020502061202,2015,0.085063338
020502061202,2016,0.089996188
020502061202,2017,0.081349282
020502061202,2018,0.072188587
020502061202,2019,0.079859567
020502061202,2020,0.080837295
020502061203,2010,0.009373276
020502061203,2011,0.007715413
020502061203,2012,0.008877515
020502061203,2013,0.0086082
020502061203,2014,0.00856381
020502061203,2015,0.008489585
020502061203,2016,0.00883512
020502061203,2017,0.008021408
020502061203,2018,0.007000308
020502061203,2019,0.008228775
020502061203,2020,0.008063421
020502061204,2010,0.022087159
020502061204,2011,0.02079389
020502061204,2012,0.022236798
020502061204,2013,0.021784642
020502061204,2014,0.021519554
020502061204,2015,0.021377005
020502061204,2016,0.022283692
020502061204,2017,0.019833987
020502061204,2018,0.01743675
020502061204,2019,0.019688866
020502061204,2020,0.020202225
020502061205,2010,0.08007707
020502061205,2011,0.075388318
020502061205,2012,0.080619587
020502061205,2013,0.078980292
020502061205,2014,0.078019215
020502061205,2015,0.077502404
020502061205,2016,0.080789601
020502061205,2017,0.071908186
020502061205,2018,0.063216996
020502061205,2019,0.07138205
020502061205,2020,0.073243235
020502061206,2010,0.049184694
020502061206,2011,0.046304783
020502061206,2012,0.049517917
020502061206,2013,0.048511034
020502061206,2014,0.047920725
020502061206,2015,0.047603291
020502061206,2016,0.049622343
020502061206,2017,0.044167227
020502061206,2018,0.038828951
020502061206,2019,0.043844066
020502061206,2020,0.044987237
020502061207,2010,0.067999531
020502061207,2011,0.05781012
020502061207,2012,0.064162934
020502061207,2013,0.062100267
020502061207,2014,0.060683613
020502061207,2015,0.061008053
020502061207,2016,0.06502734
020502061207,2017,0.058482184
020502061207,2018,0.051846019
020502061207,2019,0.057272522
020502061207,2020,0.058551923
020503010101,2010,0.153245107
020503010101,2011,0.136598232
020503010101,2012,0.146662027
020503010101,2013,0.146547219
020503010101,2014,0.156219902
020503010101,2015,0.148369341
020503010101,2016,0.15660871
020503010101,2017,0.146291216
020503010101,2018,0.128858865
020503010101,2019,0.1417039
020503010101,2020,0.12875418
020503010102,2010,0.144866238
020503010102,2011,0.129129551
020503010102,2012,0.138643096
020503010102,2013,0.138534566
020503010102,2014,0.147678383
020503010102,2015,0.14025706
020503010102,2016,0.148045932
020503010102,2017,0.13829256
020503010102,2018,0.121813344
020503010102,2019,0.133956061
020503010102,2020,0.121714383
020503010103,2010,0.000232146
020503010103,2011,0.000184735
020503010103,2012,0.00020878
020503010103,2013,0.00020268
020503010103,2014,0.000203855
020503010103,2015,0.000201944
020503010103,2016,0.000218586
020503010103,2017,0.000201264
020503010103,2018,0.000179174
020503010103,2019,0.000194152
020503010103,2020,0.000188563
020503010104,2010,0.021832047
020503010104,2011,0.016094392
020503010104,2012,0.018862753
020503010104,2013,0.017947609
020503010104,2014,0.017281605
020503010104,2015,0.017677045
020503010104,2016,0.01948182
020503010104,2017,0.017755234
020503010104,2018,0.015926559
020503010104,2019,0.017076983
020503010104,2020,0.017359749
020503010201,2010,0.019989465
020503010201,2011,0.014568495
020503010201,2012,0.015369534
020503010201,2013,0.014641711
020503010201,2014,0.013943567
020503010201,2015,0.013331228
020503010201,2016,0.01358999
020503010201,2017,0.012265981
020503010201,2018,0.011578565
020503010201,2019,0.012333173
020503010201,2020,0.016417094
020503010202,2010,0.001978642
020503010202,2011,0.001754118
020503010202,2012,0.001411276
020503010202,2013,0.001159477
020503010202,2014,0.001244172
020503010202,2015,0.001308688
020503010202,2016,0.001305322
020503010202,2017,0.001130466
020503010202,2018,0.00094878
020503010202,2019,0.001060259
020503010202,2020,0.001550624
020503010301,2010,0.008833437
020503010301,2011,0.006834618
020503010301,2012,0.009045392
020503010301,2013,0.008472958
020503010301,2014,0.007595099
020503010301,2015,0.007393159
020503010301,2016,0.007757225
020503010301,2017,0.007012282
020503010301,2018,0.006644095
020503010301,2019,0.006961642
020503010301,2020,0.007006142
020503010302,2010,0.0
020503010302,2011,0.0
020503010302,2012,0.0
020503010302,2013,0.0
020503010302,2014,0.0
020503010302,2015,0.0
020503010302,2016,0.0
020503010302,2017,0.0
020503010302,2018,0.0
020503010302,2019,0.0
020503010302,2020,0.0
020503010303,2010,0.001578163
020503010303,2011,0.001479897
020503010303,2012,0.001833845
020503010303,2013,0.001640849
020503010303,2014,0.001608622
020503010303,2015,0.001517769
020503010303,2016,0.001587273
020503010303,2017,0.001324281
020503010303,2018,0.001755233
020503010303,2019,0.001885751
020503010303,2020,0.001910824
020503010304,2010,0.021329066
020503010304,2011,0.024394254
020503010304,2012,0.029543475
020503010304,2013,0.022541651
020503010304,2014,0.024378361
020503010304,2015,0.021386472
020503010304,2016,0.022890919
020503010304,2017,0.01967767
020503010304,2018,0.015718751
020503010304,2019,0.017272613
020503010304,2020,0.020626433
020503010305,2010,0.018637115
020503010305,2011,0.018156241
020503010305,2012,0.01779149
020503010305,2013,0.019095046
020503010305,2014,0.019063319
020503010305,2015,0.015257223
020503010305,2016,0.017372984
020503010305,2017,0.015612551
020503010305,2018,0.014025749
020503010305,2019,0.015726923
020503010305,2020,0.016828467
020503010401,2010,0.018528479
020503010401,2011,0.01751018
020503010401,2012,0.020085998
020503010401,2013,0.019027126
020503010401,2014,0.017830477
020503010401,2015,0.017618348
020503010401,2016,0.019012532
020503010401,2017,0.017444571
020503010401,2018,0.01508026
020503010401,2019,0.015653079
020503010401,2020,0.016339475
020503010402,2010,9.265e-06
020503010402,2011,8.009e-06
020503010402,2012,9.156e-06
020503010402,2013,8.903e-06
020503010402,2014,8.734e-06
020503010402,2015,8.489e-06
020503010402,2016,9.226e-06
020503010402,2017,8.328e-06
020503010402,2018,7.453e-06
020503010402,2019,8.228e-06
020503010402,2020,8.429e-06
020503010403,2010,0.0
020503010403,2011,0.0
020503010403,2012,0.0
020503010403,2013,0.0
020503010403,2014,0.0
020503010403,2015,0.0
020503010403,2016,0.0
020503010403,2017,0.0
020503010403,2018,0.0
020503010403,2019,0.0
020503010403,2020,0.0
020503010404,2010,3.0026e-05
020503010404,2011,2.7661e-05
020503010404,2012,3.096e-05
020503010404,2013,2.9068e-05
020503010404,2014,2.7974e-05
020503010404,2015,2.8338e-05
020503010404,2016,3.033e-05
020503010404,2017,2.5929e-05
020503010404,2018,2.2915e-05
020503010404,2019,2.5537e-05
020503010404,2020,2.6225e-05
020503010405,2010,0.007490094
020503010405,2011,0.006259693
020503010405,2012,0.007905741
020503010405,2013,0.007456421
020503010405,2014,0.006344137
020503010405,2015,0.006417507
020503010405,2016,0.006950967
020503010405,2017,0.006144471
020503010405,2018,0.005035139
020503010405,2019,0.004934325
020503010405,2020,0.007901796
020503010406,2010,0.065865342
020503010406,2011,0.056295137
020503010406,2012,0.063316227
020503010406,2013,0.058420113
020503010406,2014,0.05645614
020503010406,2015,0.056189497
020503010406,2016,0.058871102
020503010406,2017,0.053913123
020503010406,2018,0.048744252
020503010406,2019,0.054520651
020503010406,2020,0.054791991
020503010501,2010,0.21276182
020503010501,2011,0.187493591
020503010501,2012,0.208030698
020503010501,2013,0.213849545
020503010501,2014,0.193564563
020503010501,2015,0.197901675
020503010501,2016,0.199789354
020503010501,2017,0.178537966
020503010501,2018,0.162463417
020503010501,2019,0.171462883
020503010501,2020,0.168143286
020503010502,2010,0.0
020503010502,2011,0.0
020503010502,2012,0.0
020503010502,2013,0.0
020503010502,2014,0.0
020503010502,2015,0.0
020503010502,2016,0.0
020503010502,2017,0.0
020503010502,2018,0.0
020503010502,2019,0.0
020503010502,2020,0.0
020503010503,2010,0.043401598
020503010503,2011,0.038354573
020503010503,2012,0.040805933
020503010503,2013,0.040620796
020503010503,2014,0.042267144
020503010503,2015,0.040699516
020503010503,2016,0.043146568
020503010503,2017,0.04024482
020503010503,2018,0.035375334
020503010503,2019,0.038828784
020503010503,2020,0.035798065
020503010601,2010,0.004713167
020503010601,2011,0.002727811
020503010601,2012,0.003136713
020503010601,2013,0.003039601
020503010601,2014,0.003038573
020503010601,2015,0.002931213
020503010601,2016,0.003108953
020503010601,2017,0.002919206
020503010601,2018,0.002550869
020503010601,2019,0.002919665
020503010601,2020,0.002781764
020503010602,2010,0.003561224
020503010602,2011,0.003560671
020503010602,2012,0.004491708
020503010602,2013,0.0042417
020503010602,2014,0.003618646
020503010602,2015,0.003605494
020503010602,2016,0.003795674
020503010602,2017,0.003081585
020503010602,2018,0.00277961
020503010602,2019,0.003360893
020503010602,2020,0.003764981
020503010603,2010,0.0
020503010603,2011,0.0
020503010603,2012,0.0
020503010603,2013,0.0
020503010603,2014,0.0
020503010603,2015,0.0
020503010603,2016,0.0
020503010603,2017,0.0
020503010603,2018,0.0
020503010603,2019,0.0
020503010603,2020,0.0
020503010701,2010,0.0
020503010701,2011,0.0
020503010701,2012,0.0
020503010701,2013,0.0
020503010701,2014,0.0
020503010701,2015,0.0
020503010701,2016,0.0
020503010701,2017,0.0
020503010701,2018,0.0
020503010701,2019,0.0
020503010701,2020,0.0
020503010702,2010,0.001327999
020503010702,2011,0.001308807
020503010702,2012,0.001555851
020503010702,2013,0.001313829
020503010702,2014,0.001294968
020503010702,2015,0.001188999
020503010702,2016,0.001251285
020503010702,2017,0.001286985
020503010702,2018,0.00116252
020503010702,2019,0.00163568
020503010702,2020,0.001368993
020503010801,2010,0.0
020503010801,2011,0.0
020503010801,2012,0.0
020503010801,2013,0.0
020503010801,2014,0.0
020503010801,2015,0.0
020503010801,2016,0.0
020503010801,2017,0.0
020503010801,2018,0.0
020503010801,2019,0.0
020503010801,2020,0.0
020503010802,2010,0.003594855
020503010802,2011,0.003488938
020503010802,2012,0.004160763
020503010802,2013,0.004408115
020503010802,2014,0.003592385
020503010802,2015,0.003379488
020503010802,2016,0.003228667
020503010802,2017,0.0030338
020503010802,2018,0.003149599
020503010802,2019,0.003838029
020503010802,2020,0.003331139
020503010901,2010,0.06249123
020503010901,2011,0.054252162
020503010901,2012,0.070816418
020503010901,2013,0.062011557
020503010901,2014,0.06028548
020503010901,2015,0.056996418
020503010901,2016,0.064438321
020503010901,2017,0.058313651
020503010901,2018,0.050558538
020503010901,2019,0.062078644
020503010901,2020,0.053230772
020503010902,2010,0.004737409
020503010902,2011,0.004440379
020503010902,2012,0.004878531
020503010902,2013,0.004396522
020503010902,2014,0.004488137
020503010902,2015,0.004542984
020503010902,2016,0.004805538
020503010902,2017,0.004253883
020503010902,2018,0.003965777
020503010902,2019,0.004699198
020503010902,2020,0.004633474
020503010903,2010,0.003965914
020503010903,2011,0.003665194
020503010903,2012,0.0043826
020503010903,2013,0.003932908
020503010903,2014,0.003990709
020503010903,2015,0.003884196
020503010903,2016,0.003799956
020503010903,2017,0.003327963
020503010903,2018,0.002909647
020503010903,2019,0.003650593
020503010903,2020,0.003685368
020503010904,2010,0.025665041
020503010904,2011,0.02389364
020503010904,2012,0.028459937
020503010904,2013,0.025413516
020503010904,2014,0.025605129
020503010904,2015,0.02479331
020503010904,2016,0.024609698
020503010904,2017,0.022059741
020503010904,2018,0.019378232
020503010904,2019,0.024593994
020503010904,2020,0.024090082
020503011001,2010,0.056621905
020503011001,2011,0.043422627
020503011001,2012,0.05125987
020503011001,2013,0.048322907
020503011001,2014,0.046943033
020503011001,2015,0.047358181
020503011001,2016,0.051213257
020503011001,2017,0.046605324
020503011001,2018,0.0410363
020503011001,2019,0.044905555
020503011001,2020,0.045927932
020503011002,2010,0.00685549
020503011002,2011,0.006233177
020503011002,2012,0.008931379
020503011002,2013,0.006262985
020503011002,2014,0.006371427
020503011002,2015,0.006657086
020503011002,2016,0.006377108
020503011002,2017,0.005996609
020503011002,2018,0.005786483
020503011002,2019,0.006399136
020503011002,2020,0.006726842
020503011003,2010,0.022412406
020503011003,2011,0.01992317
020503011003,2012,0.023341806
020503011003,2013,0.022138689
020503011003,2014,0.021616911
020503011003,2015,0.021754723
020503011003,2016,0.021980568
020503011003,2017,0.019222594
020503011003,2018,0.016904866
020503011003,2019,0.020357223
020503011003,2020,0.020701158
020503011004,2010,0.00032508
020503011004,2011,0.000276877
020503011004,2012,0.000338727
020503011004,2013,0.000305423
020503011004,2014,0.000281021
020503011004,2015,0.000196442
020503011004,2016,0.000184357
020503011004,2017,0.000186728
020503011004,2018,0.000167095
020503011004,2019,0.000216899
020503011004,2020,0.000234321
020503011005,2010,0.0
020503011005,2011,0.0
020503011005,2012,0.0
020503011005,2013,0.0
020503011005,2014,0.0
020503011005,2015,0.0
020503011005,2016,0.0
020503011005,2017,0.0
020503011005,2018,0.0
020503011005,2019,0.0
020503011005,2020,0.0
020503011006,2010,0.01754043
020503011006,2011,0.015171609
020503011006,2012,0.018431602
020503011006,2013,0.016613804
020503011006,2014,0.015559044
020503011006,2015,0.011804237
020503011006,2016,0.011220317
020503011006,2017,0.010964882
020503011006,2018,0.009741949
020503011006,2019,0.012534617
020503011006,2020,0.01329237
020503020101,2010,0.004984484
020503020101,2011,0.00522121
020503020101,2012,0.005845741
020503020101,2013,0.005308992
020503020101,2014,0.00514835
020503020101,2015,0.005405291
020503020101,2016,0.005294747
020503020101,2017,0.004168926
020503020101,2018,0.003957063
020503020101,2019,0.004553182
020503020101,2020,0.006764017
020503020102,2010,0.014949136
020503020102,2011,0.015718386
020503020102,2012,0.017612916
020503020102,2013,0.015984529
020503020102,2014,0.01549933
020503020102,2015,0.01626983
020503020102,2016,0.015863798
020503020102,2017,0.012430261
020503020102,2018,0.011822221
020503020102,2019,0.013660521
020503020102,2020,0.020561528
020503020103,2010,0.02655833
020503020103,2011,0.025760987
020503020103,2012,0.027659658
020503020103,2013,0.025366583
020503020103,2014,0.025060463
020503020103,2015,0.027192007
020503020103,2016,0.027344704
020503020103,2017,0.024220765
020503020103,2018,0.02266362
020503020103,2019,0.023667127
020503020103,2020,0.024237367
020503020104,2010,0.016478871
020503020104,2011,0.01735008
020503020104,2012,0.019407303
020503020104,2013,0.017638217
020503020104,2014,0.017119928
020503020104,2015,0.017971741
020503020104,2016,0.017488477
020503020104,2017,0.013730146
020503020104,2018,0.013043533
020503020104,2019,0.015066171
020503020104,2020,0.022596453
020503020105,2010,0.003726576
020503020105,2011,0.003519026
020503020105,2012,0.003721463
020503020105,2013,0.003504513
020503020105,2014,0.00337643
020503020105,2015,0.003593528
020503020105,2016,0.003536604
020503020105,2017,0.003279196
020503020105,2018,0.002803517
020503020105,2019,0.002899278
020503020105,2020,0.003061469
020503020106,2010,0.0
020503020106,2011,0.0
020503020106,2012,0.0
020503020106,2013,0.0
020503020106,2014,0.0
020503020106,2015,0.0
020503020106,2016,0.0
020503020106,2017,0.0
020503020106,2018,0.0
020503020106,2019,0.0
020503020106,2020,0.0
020503020201,2010,0.065725787
020503020201,2011,0.049286051
020503020201,2012,0.052429354
020503020201,2013,0.046975575
020503020201,2014,0.04699368
020503020201,2015,0.066182048
020503020201,2016,0.047952877
020503020201,2017,0.043075827
020503020201,2018,0.043276125
020503020201,2019,0.039620937
020503020201,2020,0.041542075
020503020202,2010,0.316849789
020503020202,2011,0.299673417
020503020202,2012,0.317081373
020503020202,2013,0.298706645
020503020202,2014,0.287454102
020503020202,2015,0.305877044
020503020202,2016,0.301182415
020503020202,2017,0.279122216
020503020202,2018,0.238442933
020503020202,2019,0.246729973
020503020202,2020,0.260287854
020503020301,2010,0.0
020503020301,2011,0.0
020503020301,2012,0.0
020503020301,2013,0.0
020503020301,2014,0.0
020503020301,2015,0.0
020503020301,2016,0.0
020503020301,2017,0.0
020503020301,2018,0.0
020503020301,2019,0.0
020503020301,2020,0.0
020503020302,2010,0.0
020503020302,2011,0.0
020503020302,2012,0.0
020503020302,2013,0.0
020503020302,2014,0.0
020503020302,2015,0.0
020503020302,2016,0.0
020503020302,2017,0.0
020503020302,2018,0.0
020503020302,2019,0.0
020503020302,2020,0.0
020503020303,2010,0.0
020503020303,2011,0.0
020503020303,2012,0.0
020503020303,2013,0.0
020503020303,2014,0.0
020503020303,2015,0.0
020503020303,2016,0.0
020503020303,2017,0.0
020503020303,2018,0.0
020503020303,2019,0.0
020503020303,2020,0.0
020503020304,2010,0.004591083
020503020304,2011,0.004313307
020503020304,2012,0.004856793
020503020304,2013,0.004395539
020503020304,2014,0.00444863
020503020304,2015,0.004648299
020503020304,2016,0.004579817
020503020304,2017,0.004316287
020503020304,2018,0.003961121
020503020304,2019,0.004262899
020503020304,2020,0.00426195
020503020305,2010,0.023234377
020503020305,2011,0.020851213
020503020305,2012,0.022907612
020503020305,2013,0.020657624
020503020305,2014,0.02024207
020503020305,2015,0.019944738
020503020305,2016,0.021280091
020503020305,2017,0.019750951
020503020305,2018,0.017810996
020503020305,2019,0.01988381
020503020305,2020,0.019321583
020503020401,2010,0.030435035
020503020401,2011,0.02778924
020503020401,2012,0.029673579
020503020401,2013,0.030541465
020503020401,2014,0.028490185
020503020401,2015,0.021870019
020503020401,2016,0.025617779
020503020401,2017,0.025057376
020503020401,2018,0.021956762
020503020401,2019,0.024697859
020503020401,2020,0.023332418
020503020402,2010,0.0
020503020402,2011,0.0
020503020402,2012,0.0
020503020402,2013,0.0
020503020402,2014,0.0
020503020402,2015,0.0
020503020402,2016,0.0
020503020402,2017,0.0
020503020402,2018,0.0
020503020402,2019,0.0
020503020402,2020,0.0
020503020403,2010,0.0
020503020403,2011,0.0
020503020403,2012,0.0
020503020403,2013,0.0
020503020403,2014,0.0
020503020403,2015,0.0
020503020403,2016,0.0
020503020403,2017,0.0
020503020403,2018,0.0
020503020403,2019,0.0
020503020403,2020,0.0
020503020404,2010,0.011146699
020503020404,2011,0.010299993
020503020404,2012,0.010850651
020503020404,2013,0.011263103
020503020404,2014,0.010285196
020503020404,2015,0.006693895
020503020404,2016,0.008295487
020503020404,2017,0.008597916
020503020404,2018,0.007621049
020503020404,2019,0.008462202
020503020404,2020,0.007636184
020503020501,2010,0.003844854
020503020501,2011,0.003636969
020503020501,2012,0.003845207
020503020501,2013,0.003621063
020503020501,2014,0.003485702
020503020501,2015,0.00371105
020503020501,2016,0.003652417
020503020501,2017,0.003386096
020503020501,2018,0.002892132
020503020501,2019,0.002990244
020503020501,2020,0.003155523
020503020502,2010,0.193658364
020503020502,2011,0.183224978
020503020502,2012,0.193806755
020503020502,2013,0.182555355
020503020502,2014,0.175717139
020503020502,2015,0.187094019
020503020502,2016,0.184215337
020503020502,2017,0.170749481
020503020502,2018,0.145949493
020503020502,2019,0.151252413
020503020502,2020,0.160063534
020503020503,2010,0.00733296
020503020503,2011,0.006829133
020503020503,2012,0.007481086
020503020503,2013,0.007276365
020503020503,2014,0.007135025
020503020503,2015,0.00707367
020503020503,2016,0.007272327
020503020503,2017,0.006761412
020503020503,2018,0.005934501
020503020503,2019,0.006874624
020503020503,2020,0.006991923
020503020504,2010,0.034090895
020503020504,2011,0.031732959
020503020504,2012,0.034742709
020503020504,2013,0.033820478
020503020504,2014,0.03316204
020503020504,2015,0.032904327
020503020504,2016,0.033828011
020503020504,2017,0.03145358
020503020504,2018,0.027595169
020503020504,2019,0.031967826
020503020504,2020,0.03249441
020503020505,2010,0.0
020503020505,2011,0.0
020503020505,2012,0.0
020503020505,2013,0.0
020503020505,2014,0.0
020503020505,2015,0.0
020503020505,2016,0.0
020503020505,2017,0.0
020503020505,2018,0.0
020503020505,2019,0.0
020503020505,2020,0.0
020503020506,2010,0.032319102
020503020506,2011,0.02937583
020503020506,2012,0.032087369
020503020506,2013,0.031198837
020503020506,2014,0.030760949
020503020506,2015,0.03058638
020503020506,2016,0.031540013
020503020506,2017,0.029409221
020503020506,2018,0.025900872
020503020506,2019,0.030063172
020503020506,2020,0.030750647
020503020601,2010,0.0
020503020601,2011,0.0
020503020601,2012,0.0
020503020601,2013,0.0
020503020601,2014,0.0
020503020601,2015,0.0
020503020601,2016,0.0
020503020601,2017,0.0
020503020601,2018,0.0
020503020601,2019,0.0
020503020601,2020,0.0
020503020602,2010,0.005089076
020503020602,2011,0.004724325
020503020602,2012,0.005774952
020503020602,2013,0.006609201
020503020602,2014,0.004887449
020503020602,2015,0.006564776
020503020602,2016,0.007045819
020503020602,2017,0.005376684
020503020602,2018,0.00501511
020503020602,2019,0.006523811
020503020602,2020,0.004893978
020503020701,2010,0.0
020503020701,2011,0.0
020503020701,2012,0.0
020503020701,2013,0.0
020503020701,2014,0.0
020503020701,2015,0.0
020503020701,2016,0.0
020503020701,2017,0.0
020503020701,2018,0.0
020503020701,2019,0.0
020503020701,2020,0.0
020503020702,2010,0.0
020503020702,2011,0.0
020503020702,2012,0.0
020503020702,2013,0.0
020503020702,2014,0.0
020503020702,2015,0.0
020503020702,2016,0.0
020503020702,2017,0.0
020503020702,2018,0.0
020503020702,2019,0.0
020503020702,2020,0.0
020503020703,2010,0.0
020503020703,2011,0.0
020503020703,2012,0.0
020503020703,2013,0.0
020503020703,2014,0.0
020503020703,2015,0.0
020503020703,2016,0.0
020503020703,2017,0.0
020503020703,2018,0.0
020503020703,2019,0.0
020503020703,2020,0.0
020503020704,2010,0.0044164
020503020704,2011,0.003852459
020503020704,2012,0.004401882
020503020704,2013,0.004139676
020503020704,2014,0.003829232
020503020704,2015,0.003989611
020503020704,2016,0.00419653
020503020704,2017,0.003884177
020503020704,2018,0.003330494
020503020704,2019,0.00416781
020503020704,2020,0.003969599
020503020801,2010,0.052071748
020503020801,2011,0.045422572
020503020801,2012,0.051900567
020503020801,2013,0.048809021
020503020801,2014,0.045148717
020503020801,2015,0.047039673
020503020801,2016,0.049479358
020503020801,2017,0.045796542
020503020801,2018,0.039268323
020503020801,2019,0.049140735
020503020801,2020,0.046803722
020503020802,2010,0.018942958
020503020802,2011,0.016581143
020503020802,2012,0.018908081
020503020802,2013,0.017786094
020503020802,2014,0.016536641
020503020802,2015,0.01722207
020503020802,2016,0.018102797
020503020802,2017,0.016784132
020503020802,2018,0.014406838
020503020802,2019,0.017928808
020503020802,2020,0.017148237
020503020803,2010,0.00549066
020503020803,2011,0.004789543
020503020803,2012,0.00547261
020503020803,2013,0.005146625
020503020803,2014,0.004760667
020503020803,2015,0.004960057
020503020803,2016,0.005217308
020503020803,2017,0.004828976
020503020803,2018,0.004140614
020503020803,2019,0.005181602
020503020803,2020,0.004935178
020503030101,2010,0.0
020503030101,2011,0.0
020503030101,2012,0.0
020503030101,2013,0.0
020503030101,2014,0.0
020503030101,2015,0.0
020503030101,2016,0.0
020503030101,2017,0.0
020503030101,2018,0.0
020503030101,2019,0.0
020503030101,2020,0.0
020503030102,2010,0.0
020503030102,2011,0.0
020503030102,2012,0.0
020503030102,2013,0.0
020503030102,2014,0.0
020503030102,2015,0.0
020503030102,2016,0.0
020503030102,2017,0.0
020503030102,2018,0.0
020503030102,2019,0.0
020503030102,2020,0.0
020503030103,2010,0.0
020503030103,2011,0.0
020503030103,2012,0.0
020503030103,2013,0.0
020503030103,2014,0.0
020503030103,2015,0.0
020503030103,2016,0.0
020503030103,2017,0.0
020503030103,2018,0.0
020503030103,2019,0.0
020503030103,2020,0.0
020503030104,2010,0.018370159
020503030104,2011,0.018014652
020503030104,2012,0.019008515
020503030104,2013,0.020733195
020503030104,2014,0.021351818
020503030104,2015,0.019536518
020503030104,2016,0.022155531
020503030104,2017,0.017735064
020503030104,2018,0.014533239
020503030104,2019,0.017920971
020503030104,2020,0.020307154
020503030105,2010,0.021010692
020503030105,2011,0.020604084
020503030105,2012,0.021740806
020503030105,2013,0.023713392
020503030105,2014,0.024420935
020503030105,2015,0.022344703
020503030105,2016,0.025340175
020503030105,2017,0.020284309
020503030105,2018,0.016622251
020503030105,2019,0.020496937
020503030105,2020,0.023226111
020503030201,2010,6.013e-05
020503030201,2011,5.7883e-05
020503030201,2012,6.2955e-05
020503030201,2013,5.6659e-05
020503030201,2014,5.4313e-05
020503030201,2015,6.5913e-05
020503030201,2016,5.87e-05
020503030201,2017,5.5913e-05
020503030201,2018,4.7285e-05
020503030201,2019,5.4601e-05
020503030201,2020,5.3916e-05
020503030202,2010,0.002159441
020503030202,2011,0.001892858
020503030202,2012,0.00196091
020503030202,2013,0.001922274
020503030202,2014,0.001800385
020503030202,2015,0.002068676
020503030202,2016,0.002115144
020503030202,2017,0.00201932
020503030202,2018,0.001955662
020503030202,2019,0.002091483
020503030202,2020,0.002000432
020503030301,2010,0.008269468
020503030301,2011,0.005736963
020503030301,2012,0.007754493
020503030301,2013,0.009085361
020503030301,2014,0.009176102
020503030301,2015,0.00707612
020503030301,2016,0.013556268
020503030301,2017,0.013536836
020503030301,2018,0.011702561
020503030301,2019,0.008073296
020503030301,2020,0.007107167
020503030302,2010,0.00568586
020503030302,2011,0.005466553
020503030302,2012,0.006149667
020503030302,2013,0.005475129
020503030302,2014,0.00535898
020503030302,2015,0.005684134
020503030302,2016,0.005872037
020503030302,2017,0.005545429
020503030302,2018,0.004826171
020503030302,2019,0.005559158
020503030302,2020,0.005365014
020503030303,2010,0.000488989
020503030303,2011,0.000475987
020503030303,2012,0.000522035
020503030303,2013,0.000484728
020503030303,2014,0.000396569
020503030303,2015,0.000425161
020503030303,2016,0.000443872
020503030303,2017,0.000410125
020503030303,2018,0.000359447
020503030303,2019,0.000511346
020503030303,2020,0.000489533
020503030401,2010,0.0
020503030401,2011,0.0
020503030401,2012,0.0
020503030401,2013,0.0
020503030401,2014,0.0
020503030401,2015,0.0
020503030401,2016,0.0
020503030401,2017,0.0
020503030401,2018,0.0
020503030401,2019,0.0
020503030401,2020,0.0
020503030402,2010,0.0
020503030402,2011,0.0
020503030402,2012,0.0
020503030402,2013,0.0
020503030402,2014,0.0
020503030402,2015,0.0
020503030402,2016,0.0
020503030402,2017,0.0
020503030402,2018,0.0
020503030402,2019,0.0
020503030402,2020,0.0
020503030403,2010,0.000297691
020503030403,2011,0.000264583
020503030403,2012,0.00030135
020503030403,2013,0.000271132
020503030403,2014,0.000262367
020503030403,2015,0.000265992
020503030403,2016,0.000293545
020503030403,2017,0.000279081
020503030403,2018,0.000240284
020503030403,2019,0.000306828
020503030403,2020,0.000309714
020503030501,2010,0.00177882
020503030501,2011,0.001708272
020503030501,2012,0.001124181
020503030501,2013,0.001366494
020503030501,2014,0.001606096
020503030501,2015,0.001328065
020503030501,2016,0.001132139
020503030501,2017,0.000929273
020503030501,2018,0.000877632
020503030501,2019,0.001055646
020503030501,2020,0.001377907
020503030502,2010,0.0
020503030502,2011,0.0
020503030502,2012,0.0
020503030502,2013,0.0
020503030502,2014,0.0
020503030502,2015,0.0
020503030502,2016,0.0
020503030502,2017,0.0
020503030502,2018,0.0
020503030502,2019,0.0
020503030502,2020,0.0
020503030503,2010,0.000422409
020503030503,2011,0.000375602
020503030503,2012,0.000411333
020503030503,2013,0.000386216
020503030503,2014,0.000364047
020503030503,2015,0.000358624
020503030503,2016,0.000373977
020503030503,2017,0.000342372
020503030503,2018,0.000317108
020503030503,2019,0.000400152
020503030503,2020,0.000409011
020503030504,2010,0.020764713
020503030504,2011,0.018476699
020503030504,2012,0.020223796
020503030504,2013,0.018988514
020503030504,2014,0.017891987
020503030504,2015,0.017644524
020503030504,2016,0.018391557
020503030504,2017,0.016850561
020503030504,2018,0.015595095
020503030504,2019,0.019657255
020503030504,2020,0.02009126
020503030505,2010,0.0
020503030505,2011,0.0
020503030505,2012,0.0
020503030505,2013,0.0
020503030505,2014,0.0
020503030505,2015,0.0
020503030505,2016,0.0
020503030505,2017,0.0
020503030505,2018,0.0
020503030505,2019,0.0
020503030505,2020,0.0
020503030601,2010,0.0
020503030601,2011,0.0
020503030601,2012,0.0
020503030601,2013,0.0
020503030601,2014,0.0
020503030601,2015,0.0
020503030601,2016,0.0
020503030601,2017,0.0
020503030601,2018,0.0
020503030601,2019,0.0
020503030601,2020,0.0
020503030602,2010,0.00553743
020503030602,2011,0.004974963
020503030602,2012,0.00716701
020503030602,2013,0.005468318
020503030602,2014,0.00512118
020503030602,2015,0.005131868
020503030602,2016,0.00522489
020503030602,2017,0.004828315
020503030602,2018,0.004542309
020503030602,2019,0.005403876
020503030602,2020,0.005175353
020503030603,2010,0.0
020503030603,2011,0.0
020503030603,2012,0.0
020503030603,2013,0.0
020503030603,2014,0.0
020503030603,2015,0.0
020503030603,2016,0.0
020503030603,2017,0.0
020503030603,2018,0.0
020503030603,2019,0.0
020503030603,2020,0.0
020503030701,2010,0.0
020503030701,2011,0.0
020503030701,2012,0.0
020503030701,2013,0.0
020503030701,2014,0.0
020503030701,2015,0.0
020503030701,2016,0.0
020503030701,2017,0.0
020503030701,2018,0.0
020503030701,2019,0.0
020503030701,2020,0.0
020503030702,2010,0.0
020503030702,2011,0.0
020503030702,2012,0.0
020503030702,2013,0.0
020503030702,2014,0.0
020503030702,2015,0.0
020503030702,2016,0.0
020503030702,2017,0.0
020503030702,2018,0.0
020503030702,2019,0.0
020503030702,2020,0.0
020503030801,2010,0.002215663
020503030801,2011,0.001578206
020503030801,2012,0.002427758
020503030801,2013,0.001814583
020503030801,2014,0.002172239
020503030801,2015,0.001714168
020503030801,2016,0.00261116
020503030801,2017,0.002593324
020503030801,2018,0.002333041
020503030801,2019,0.002553691
020503030801,2020,0.002687549
020503030802,2010,0.018110162
020503030802,2011,0.017732909
020503030802,2012,0.018937422
020503030802,2013,0.019267352
020503030802,2014,0.017270216
020503030802,2015,0.017056826
020503030802,2016,0.01872618
020503030802,2017,0.015262935
020503030802,2018,0.014255585
020503030802,2019,0.016759524
020503030802,2020,0.016118927
020503030803,2010,0.0
020503030803,2011,0.0
020503030803,2012,0.0
020503030803,2013,0.0
020503030803,2014,0.0
020503030803,2015,0.0
020503030803,2016,0.0
020503030803,2017,0.0
020503030803,2018,0.0
020503030803,2019,0.0
020503030803,2020,0.0
020503030804,2010,0.0
020503030804,2011,0.0
020503030804,2012,0.0
020503030804,2013,0.0
020503030804,2014,0.0
020503030804,2015,0.0
020503030804,2016,0.0
020503030804,2017,0.0
020503030804,2018,0.0
020503030804,2019,0.0
020503030804,2020,0.0
020503040101,2010,0.004804387
020503040101,2011,0.004392377
020503040101,2012,0.004683514
020503040101,2013,0.004665612
020503040101,2014,0.004628061
020503040101,2015,0.004786857
020503040101,2016,0.005004548
020503040101,2017,0.004679801
020503040101,2018,0.004051462
020503040101,2019,0.004771643
020503040101,2020,0.004800072
020503040102,2010,0.005585253
020503040102,2011,0.005125427
020503040102,2012,0.00532461
020503040102,2013,0.004759042
020503040102,2014,0.005102903
020503040102,2015,0.004730096
020503040102,2016,0.004164308
020503040102,2017,0.002420255
020503040102,2018,0.003491553
020503040102,2019,0.004128457
020503040102,2020,0.004272847
020503040103,2010,0.05292517
020503040103,2011,0.045690625
020503040103,2012,0.051636262
020503040103,2013,0.050015582
020503040103,2014,0.051143108
020503040103,2015,0.052435437
020503040103,2016,0.052569712
020503040103,2017,0.046271387
020503040103,2018,0.04307934
020503040103,2019,0.042135641
020503040103,2020,0.048184382
020503040201,2010,0.0
020503040201,2011,0.0
020503040201,2012,0.0
020503040201,2013,0.0
020503040201,2014,0.0
020503040201,2015,0.0
020503040201,2016,0.0
020503040201,2017,0.0
020503040201,2018,0.0
020503040201,2019,0.0
020503040201,2020,0.0
020503040202,2010,0.0
020503040202,2011,0.0
020503040202,2012,0.0
020503040202,2013,0.0
020503040202,2014,0.0
020503040202,2015,0.0
020503040202,2016,0.0
020503040202,2017,0.0
020503040202,2018,0.0
020503040202,2019,0.0
020503040202,2020,0.0
020503040203,2010,0.0
020503040203,2011,0.0
020503040203,2012,0.0
020503040203,2013,0.0
020503040203,2014,0.0
020503040203,2015,0.0
020503040203,2016,0.0
020503040203,2017,0.0
020503040203,2018,0.0
020503040203,2019,0.0
020503040203,2020,0.0
020503040301,2010,0.000324479
020503040301,2011,0.000300634
020503040301,2012,0.000319748
020503040301,2013,0.000308692
020503040301,2014,0.000288092
020503040301,2015,0.000302612
020503040301,2016,0.000310637
020503040301,2017,0.000306732
020503040301,2018,0.000272212
020503040301,2019,0.000283953
020503040301,2020,0.000296331
020503040302,2010,0.017916309
020503040302,2011,0.016780615
020503040302,2012,0.011157864
020503040302,2013,0.017040713
020503040302,2014,0.017121637
020503040302,2015,0.020357482
020503040302,2016,0.018358304
020503040302,2017,0.022986482
020503040302,2018,0.018116431
020503040302,2019,0.021437609
020503040302,2020,0.008689624
020503040401,2010,0.0
020503040401,2011,0.0
020503040401,2012,0.0
020503040401,2013,0.0
020503040401,2014,0.0
020503040401,2015,0.0
020503040401,2016,0.0
020503040401,2017,0.0
020503040401,2018,0.0
020503040401,2019,0.0
020503040401,2020,0.0
020503040402,2010,0.0
020503040402,2011,0.0
020503040402,2012,0.0
020503040402,2013,0.0
020503040402,2014,0.0
020503040402,2015,0.0
020503040402,2016,0.0
020503040402,2017,0.0
020503040402,2018,0.0
020503040402,2019,0.0
020503040402,2020,0.0
020503040403,2010,0.010963383
020503040403,2011,0.009405287
020503040403,2012,0.010203006
020503040403,2013,0.009534311
020503040403,2014,0.009191261
020503040403,2015,0.009761957
020503040403,2016,0.009418807
020503040403,2017,0.008679365
020503040403,2018,0.007594115
020503040403,2019,0.008325791
020503040403,2020,0.013862239
020503040404,2010,0.002291206
020503040404,2011,0.001640926
020503040404,2012,0.001718997
020503040404,2013,0.001665854
020503040404,2014,0.001564134
020503040404,2015,0.001533893
020503040404,2016,0.001505372
020503040404,2017,0.001526518
020503040404,2018,0.001393621
020503040404,2019,0.001302871
020503040404,2020,0.001324657
020503040501,2010,0.003645117
020503040501,2011,0.003142703
020503040501,2012,0.003576667
020503040501,2013,0.003455676
020503040501,2014,0.003485129
020503040501,2015,0.003579406
020503040501,2016,0.003635982
020503040501,2017,0.003289294
020503040501,2018,0.003155203
020503040501,2019,0.002959311
020503040501,2020,0.003314301
020503040502,2010,0.005688583
020503040502,2011,0.005823527
020503040502,2012,0.005868733
020503040502,2013,0.004097871
020503040502,2014,0.004149337
020503040502,2015,0.004896954
020503040502,2016,0.005101569
020503040502,2017,0.004939505
020503040502,2018,0.004554439
020503040502,2019,0.003654607
020503040502,2020,0.004168597
020503040503,2010,0.03979832
020503040503,2011,0.035437608
020503040503,2012,0.040125442
020503040503,2013,0.039203608
020503040503,2014,0.03788419
020503040503,2015,0.041650665
020503040503,2016,0.043793823
020503040503,2017,0.03988207
020503040503,2018,0.034423618
020503040503,2019,0.040224084
020503040503,2020,0.039408405
020503040601,2010,0.0
020503040601,2011,0.0
020503040601,2012,0.0
020503040601,2013,0.0
020503040601,2014,0.0
020503040601,2015,0.0
020503040601,2016,0.0
020503040601,2017,0.0
020503040601,2018,0.0
020503040601,2019,0.0
020503040601,2020,0.0
020503040602,2010,0.027575997
020503040602,2011,0.024543933
020503040602,2012,0.027800202
020503040602,2013,0.027153469
020503040602,2014,0.026246242
020503040602,2015,0.027136875
020503040602,2016,0.028608556
020503040602,2017,0.026089338
020503040602,2018,0.02253838
020503040602,2019,0.026441543
020503040602,2020,0.025920377
020503040603,2010,0.012637754
020503040603,2011,0.011248194
020503040603,2012,0.012740504
020503040603,2013,0.012444114
020503040603,2014,0.012028343
020503040603,2015,0.01243651
020503040603,2016,0.013110963
020503040603,2017,0.011956435
020503040603,2018,0.010329073
020503040603,2019,0.012117847
020503040603,2020,0.011879003
020503040701,2010,0.000381301
020503040701,2011,0.000348601
020503040701,2012,0.000371707
020503040701,2013,0.000370287
020503040701,2014,0.000367306
020503040701,2015,0.000379909
020503040701,2016,0.000397186
020503040701,2017,0.000371413
020503040701,2018,0.000321545
020503040701,2019,0.000378702
020503040701,2020,0.000380958
020503040702,2010,0.118759033
020503040702,2011,0.105701118
020503040702,2012,0.119724595
020503040702,2013,0.11693937
020503040702,2014,0.113032298
020503040702,2015,0.116867909
020503040702,2016,0.12320586
020503040702,2017,0.112356575
020503040702,2018,0.097063985
020503040702,2019,0.113873384
020503040702,2020,0.111628927
020503040801,2010,0.001000427
020503040801,2011,0.000871363
020503040801,2012,0.001011161
020503040801,2013,0.000980922
020503040801,2014,0.000937113
020503040801,2015,0.000960385
020503040801,2016,0.001011784
020503040801,2017,0.000921541
020503040801,2018,0.000806988
020503040801,2019,0.000931285
020503040801,2020,0.000916301
020503040802,2010,0.007736893
020503040802,2011,0.00618057
020503040802,2012,0.007235766
020503040802,2013,0.007039684
020503040802,2014,0.007394978
020503040802,2015,0.006367338
020503040802,2016,0.007477067
020503040802,2017,0.005873864
020503040802,2018,0.005344296
020503040802,2019,0.006485594
020503040802,2020,0.006377165
020503040803,2010,0.042473732
020503040803,2011,0.036326646
020503040803,2012,0.04160071
020503040803,2013,0.040377311
020503040803,2014,0.040108992
020503040803,2015,0.042382992
020503040803,2016,0.041870975
020503040803,2017,0.037862233
020503040803,2018,0.033220699
020503040803,2019,0.041273385
020503040803,2020,0.039666602
020503040901,2010,0.0
020503040901,2011,0.0
020503040901,2012,0.0
020503040901,2013,0.0
020503040901,2014,0.0
020503040901,2015,0.0
020503040901,2016,0.0
020503040901,2017,0.0
020503040901,2018,0.0
020503040901,2019,0.0
020503040901,2020,0.0
020503040902,2010,0.0
020503040902,2011,0.0
020503040902,2012,0.0
020503040902,2013,0.0
020503040902,2014,0.0
020503040902,2015,0.0
020503040902,2016,0.0
020503040902,2017,0.0
020503040902,2018,0.0
020503040902,2019,0.0
020503040902,2020,0.0
020503040903,2010,0.0
020503040903,2011,0.0
020503040903,2012,0.0
020503040903,2013,0.0
020503040903,2014,0.0
020503040903,2015,0.0
020503040903,2016,0.0
020503040903,2017,0.0
020503040903,2018,0.0
020503040903,2019,0.0
020503040903,2020,0.0
020503040904,2010,0.0
020503040904,2011,0.0
020503040904,2012,0.0
020503040904,2013,0.0
020503040904,2014,0.0
020503040904,2015,0.0
020503040904,2016,0.0
020503040904,2017,0.0
020503040904,2018,0.0
020503040904,2019,0.0
020503040904,2020,0.0
020503040905,2010,0.0
020503040905,2011,0.0
020503040905,2012,0.0
020503040905,2013,0.0
020503040905,2014,0.0
020503040905,2015,0.0
020503040905,2016,0.0
020503040905,2017,0.0
020503040905,2018,0.0
020503040905,2019,0.0
020503040905,2020,0.0
020503040906,2010,0.002906575
020503040906,2011,0.002674399
020503040906,2012,0.003004322
020503040906,2013,0.002618566
020503040906,2014,0.002537317
020503040906,2015,0.002693545
020503040906,2016,0.003255105
020503040906,2017,0.002530725
020503040906,2018,0.002344275
020503040906,2019,0.002841595
020503040906,2020,0.002687185
020503040907,2010,0.006289435
020503040907,2011,0.005791152
020503040907,2012,0.006510325
020503040907,2013,0.005582446
020503040907,2014,0.005422789
020503040907,2015,0.005795303
020503040907,2016,0.007174222
020503040907,2017,0.005431383
020503040907,2018,0.005106477
020503040907,2019,0.005974085
020503040907,2020,0.005623541
020503041001,2010,4.1001e-05
020503041001,2011,3.2307e-05
020503041001,2012,3.7953e-05
020503041001,2013,3.7032e-05
020503041001,2014,3.9104e-05
020503041001,2015,3.3138e-05
020503041001,2016,3.9379e-05
020503041001,2017,3.045e-05
020503041001,2018,2.7936e-05
020503041001,2019,3.4182e-05
020503041001,2020,3.3442e-05
020503041002,2010,0.000765486
020503041002,2011,0.00071304
020503041002,2012,0.000858567
020503041002,2013,0.000799711
020503041002,2014,0.000788118
020503041002,2015,0.000833711
020503041002,2016,0.000836119
020503041002,2017,0.000767439
020503041002,2018,0.000650102
020503041002,2019,0.000824377
020503041002,2020,0.00083627
020503041101,2010,0.0
020503041101,2011,0.0
020503041101,2012,0.0
020503041101,2013,0.0
020503041101,2014,0.0
020503041101,2015,0.0
020503041101,2016,0.0
020503041101,2017,0.0
020503041101,2018,0.0
020503041101,2019,0.0
020503041101,2020,0.0
020503041102,2010,0.0
020503041102,2011,0.0
020503041102,2012,0.0
020503041102,2013,0.0
020503041102,2014,0.0
020503041102,2015,0.0
020503041102,2016,0.0
020503041102,2017,0.0
020503041102,2018,0.0
020503041102,2019,0.0
020503041102,2020,0.0
020503041201,2010,0.027733505
020503041201,2011,0.023514563
020503041201,2012,0.027180565
020503041201,2013,0.026122639
020503041201,2014,0.025869886
020503041201,2015,0.026954623
020503041201,2016,0.024965561
020503041201,2017,0.023520287
020503041201,2018,0.021011568
020503041201,2019,0.025817446
020503041201,2020,0.025371605
020503041202,2010,0.0
020503041202,2011,0.0
020503041202,2012,0.0
020503041202,2013,0.0
020503041202,2014,0.0
020503041202,2015,0.0
020503041202,2016,0.0
020503041202,2017,0.0
020503041202,2018,0.0
020503041202,2019,0.0
020503041202,2020,0.0
020503041203,2010,0.001877207
020503041203,2011,0.001709016
020503041203,2012,0.001885453
020503041203,2013,0.002194138
020503041203,2014,0.001955297
020503041203,2015,0.001857326
020503041203,2016,0.001303086
020503041203,2017,0.001601523
020503041203,2018,0.001376078
020503041203,2019,0.001672639
020503041203,2020,0.001738145
020503041204,2010,0.016104435
020503041204,2011,0.014673135
020503041204,2012,0.016183104
020503041204,2013,0.018684997
020503041204,2014,0.016678815
020503041204,2015,0.0158982
020503041204,2016,0.011385781
020503041204,2017,0.013769664
020503041204,2018,0.011844014
020503041204,2019,0.014370716
020503041204,2020,0.014895579
020503050101,2010,0.010846175
020503050101,2011,0.008621828
020503050101,2012,0.007935115
020503050101,2013,0.007373969
020503050101,2014,0.007176864
020503050101,2015,0.007112924
020503050101,2016,0.006017012
020503050101,2017,0.003483576
020503050101,2018,0.003179974
020503050101,2019,0.002815338
020503050101,2020,0.003377185
020503050102,2010,0.0
020503050102,2011,0.0
020503050102,2012,0.0
020503050102,2013,0.0
020503050102,2014,0.0
020503050102,2015,0.0
020503050102,2016,0.0
020503050102,2017,0.0
020503050102,2018,0.0
020503050102,2019,0.0
020503050102,2020,0.0
020503050103,2010,0.0
020503050103,2011,0.0
020503050103,2012,0.0
020503050103,2013,0.0
020503050103,2014,0.0
020503050103,2015,0.0
020503050103,2016,0.0
020503050103,2017,0.0
020503050103,2018,0.0
020503050103,2019,0.0
020503050103,2020,0.0
020503050104,2010,0.000199428
020503050104,2011,0.000182346
020503050104,2012,0.000202093
020503050104,2013,0.000195315
020503050104,2014,0.000192006
020503050104,2015,0.000194241
020503050104,2016,0.000191376
020503050104,2017,0.000183949
020503050104,2018,0.000158944
020503050104,2019,0.000184378
020503050104,2020,0.000182447
020503050105,2010,0.0
020503050105,2011,0.0
020503050105,2012,0.0
020503050105,2013,0.0
020503050105,2014,0.0
020503050105,2015,0.0
020503050105,2016,0.0
020503050105,2017,0.0
020503050105,2018,0.0
020503050105,2019,0.0
020503050105,2020,0.0
020503050106,2010,9.6449e-05
020503050106,2011,8.8568e-05
020503050106,2012,9.9661e-05
020503050106,2013,9.6759e-05
020503050106,2014,9.2981e-05
020503050106,2015,9.4627e-05
020503050106,2016,9.8064e-05
020503050106,2017,9.339e-05
020503050106,2018,8.0998e-05
020503050106,2019,9.5334e-05
020503050106,2020,9.3534e-05
020503050107,2010,0.004458019
020503050107,2011,0.004201282
020503050107,2012,0.004441257
020503050107,2013,0.004295592
020503050107,2014,0.004133643
020503050107,2015,0.004339223
020503050107,2016,0.004291227
020503050107,2017,0.00412019
020503050107,2018,0.003543765
020503050107,2019,0.004094017
020503050107,2020,0.004004354
020503050201,2010,0.033351946
020503050201,2011,0.027626686
020503050201,2012,0.031351495
020503050201,2013,0.031169436
020503050201,2014,0.028658498
020503050201,2015,0.02418604
020503050201,2016,0.027135326
020503050201,2017,0.023430445
020503050201,2018,0.015821574
020503050201,2019,0.029323559
020503050201,2020,0.02984874
020503050202,2010,0.000225306
020503050202,2011,0.000201352
020503050202,2012,0.000243623
020503050202,2013,0.000238847
020503050202,2014,0.000230659
020503050202,2015,0.000220327
020503050202,2016,0.00023548
020503050202,2017,0.000249541
020503050202,2018,0.000206645
020503050202,2019,0.00022929
020503050202,2020,0.000219352
020503050203,2010,0.0
020503050203,2011,0.0
020503050203,2012,0.0
020503050203,2013,0.0
020503050203,2014,0.0
020503050203,2015,0.0
020503050203,2016,0.0
020503050203,2017,0.0
020503050203,2018,0.0
020503050203,2019,0.0
020503050203,2020,0.0
020503050301,2010,0.067272438
020503050301,2011,0.055528588
020503050301,2012,0.063051982
020503050301,2013,0.062734878
020503050301,2014,0.057527729
020503050301,2015,0.048331001
020503050301,2016,0.054428161
020503050301,2017,0.046702437
020503050301,2018,0.031260071
020503050301,2019,0.058957907
020503050301,2020,0.060199655
020503050302,2010,0.065366069
020503050302,2011,0.053960604
020503050302,2012,0.061214307
020503050302,2013,0.060901076
020503050302,2014,0.055841867
020503050302,2015,0.046861655
020503050302,2016,0.052818161
020503050302,2017,0.045150868
020503050302,2018,0.030145825
020503050302,2019,0.057076629
020503050302,2020,0.058279697
020503050303,2010,0.0
020503050303,2011,0.0
020503050303,2012,0.0
020503050303,2013,0.0
020503050303,2014,0.0
020503050303,2015,0.0
020503050303,2016,0.0
020503050303,2017,0.0
020503050303,2018,0.0
020503050303,2019,0.0
020503050303,2020,0.0
020503050304,2010,0.0
020503050304,2011,0.0
020503050304,2012,0.0
020503050304,2013,0.0
020503050304,2014,0.0
020503050304,2015,0.0
020503050304,2016,0.0
020503050304,2017,0.0
020503050304,2018,0.0
020503050304,2019,0.0
020503050304,2020,0.0
020503050305,2010,0.0
020503050305,2011,0.0
020503050305,2012,0.0
020503050305,2013,0.0
020503050305,2014,0.0
020503050305,2015,0.0
020503050305,2016,0.0
020503050305,2017,0.0
020503050305,2018,0.0
020503050305,2019,0.0
020503050305,2020,0.0
020503050306,2010,0.00101795
020503050306,2011,0.000907101
020503050306,2012,0.001026635
020503050306,2013,0.000997105
020503050306,2014,0.000949176
020503050306,2015,0.000971925
020503050306,2016,0.000987479
020503050306,2017,0.000934622
020503050306,2018,0.000808492
020503050306,2019,0.000960701
020503050306,2020,0.000917976
020503050307,2010,0.0
020503050307,2011,0.0
020503050307,2012,0.0
020503050307,2013,0.0
020503050307,2014,0.0
020503050307,2015,0.0
020503050307,2016,0.0
020503050307,2017,0.0
020503050307,2018,0.0
020503050307,2019,0.0
020503050307,2020,0.0
020503050308,2010,0.023894872
020503050308,2011,0.021241118
020503050308,2012,0.023717189
020503050308,2013,0.024056862
020503050308,2014,0.022405269
020503050308,2015,0.022635483
020503050308,2016,0.023199238
020503050308,2017,0.022789648
020503050308,2018,0.02024495
020503050308,2019,0.02235992
020503050308,2020,0.024131584
020503050401,2010,0.0
020503050401,2011,0.0
020503050401,2012,0.0
020503050401,2013,0.0
020503050401,2014,0.0
020503050401,2015,0.0
020503050401,2016,0.0
020503050401,2017,0.0
020503050401,2018,0.0
020503050401,2019,0.0
020503050401,2020,0.0
020503050402,2010,0.003900608
020503050402,2011,0.003557595
020503050402,2012,0.004029091
020503050402,2013,0.00387569
020503050402,2014,0.003686078
020503050402,2015,0.003886191
020503050402,2016,0.003953507
020503050402,2017,0.003785305
020503050402,2018,0.003175847
020503050402,2019,0.003741354
020503050402,2020,0.003842511
020503050403,2010,0.121446025
020503050403,2011,0.111068844
020503050403,2012,0.124913743
020503050403,2013,0.119399347
020503050403,2014,0.116604488
020503050403,2015,0.121052116
020503050403,2016,0.123047818
020503050403,2017,0.116211902
020503050403,2018,0.097899427
020503050403,2019,0.114541645
020503050403,2020,0.118615216
020503050404,2010,0.126928903
020503050404,2011,0.116080399
020503050404,2012,0.130551746
020503050404,2013,0.124758292
020503050404,2014,0.12184445
020503050404,2015,0.126495471
020503050404,2016,0.128581382
020503050404,2017,0.121431891
020503050404,2018,0.102272892
020503050404,2019,0.119649595
020503050404,2020,0.123947646
020503050405,2010,0.013304856
020503050405,2011,0.012181795
020503050405,2012,0.01370738
020503050405,2013,0.01310318
020503050405,2014,0.012821397
020503050405,2015,0.013280355
020503050405,2016,0.013511828
020503050405,2017,0.012834654
020503050405,2018,0.010782135
020503050405,2019,0.012635321
020503050405,2020,0.013276395
020503050406,2010,0.003209664
020503050406,2011,0.002851366
020503050406,2012,0.003055486
020503050406,2013,0.002953875
020503050406,2014,0.002547132
020503050406,2015,0.002626155
020503050406,2016,0.002637194
020503050406,2017,0.002472373
020503050406,2018,0.002074071
020503050406,2019,0.002520561
020503050406,2020,0.002384432
020503050407,2010,0.113825977
020503050407,2011,0.104155153
020503050407,2012,0.117168202
020503050407,2013,0.111985428
020503050407,2014,0.109469348
020503050407,2015,0.11352311
020503050407,2016,0.115446275
020503050407,2017,0.109331036
020503050407,2018,0.091968412
020503050407,2019,0.107681431
020503050407,2020,0.112317034
020503050408,2010,0.064761224
020503050408,2011,0.059226138
020503050408,2012,0.066609659
020503050408,2013,0.063653743
020503050408,2014,0.062167052
020503050408,2015,0.06454008
020503050408,2016,0.065604347
020503050408,2017,0.061956558
020503050408,2018,0.05218132
020503050408,2019,0.061047201
020503050408,2020,0.063240138
020503050501,2010,0.0
020503050501,2011,0.0
020503050501,2012,0.0
020503050501,2013,0.0
020503050501,2014,0.0
020503050501,2015,0.0
020503050501,2016,0.0
020503050501,2017,0.0
020503050501,2018,0.0
020503050501,2019,0.0
020503050501,2020,0.0
020503050502,2010,7.9545e-05
020503050502,2011,7.8274e-05
020503050502,2012,8.5924e-05
020503050502,2013,8.0213e-05
020503050502,2014,7.8432e-05
020503050502,2015,7.6375e-05
020503050502,2016,7.8001e-05
020503050502,2017,7.1909e-05
020503050502,2018,6.2092e-05
020503050502,2019,7.433e-05
020503050502,2020,7.2041e-05
020503050503,2010,0.033329197
020503050503,2011,0.032796798
020503050503,2012,0.036002217
020503050503,2013,0.033609265
020503050503,2014,0.032863012
020503050503,2015,0.032001056
020503050503,2016,0.032682278
020503050503,2017,0.030129917
020503050503,2018,0.026016566
020503050503,2019,0.031144297
020503050503,2020,0.030184977
020503050504,2010,0.104316436
020503050504,2011,0.093655978
020503050504,2012,0.104366701
020503050504,2013,0.100729342
020503050504,2014,0.098848071
020503050504,2015,0.101437765
020503050504,2016,0.104316092
020503050504,2017,0.100969125
020503050504,2018,0.086927728
020503050504,2019,0.100250652
020503050504,2020,0.102187593
020503050505,2010,0.262086769
020503050505,2011,0.238478746
020503050505,2012,0.267114997
020503050505,2013,0.256371959
020503050505,2014,0.250242886
020503050505,2015,0.258416585
020503050505,2016,0.263782337
020503050505,2017,0.249639062
020503050505,2018,0.211220955
020503050505,2019,0.247330451
020503050505,2020,0.254986372
020503050601,2010,0.002819258
020503050601,2011,0.001965204
020503050601,2012,0.002083604
020503050601,2013,0.002081784
020503050601,2014,0.001762128
020503050601,2015,0.001776546
020503050601,2016,0.0022267
020503050601,2017,0.001820602
020503050601,2018,0.001609113
020503050601,2019,0.00250204
020503050601,2020,0.002452381
020503050602,2010,0.03728925
020503050602,2011,0.026733661
020503050602,2012,0.028906534
020503050602,2013,0.029832781
020503050602,2014,0.026132604
020503050602,2015,0.02673715
020503050602,2016,0.03022297
020503050602,2017,0.0259084
020503050602,2018,0.02306316
020503050602,2019,0.034687711
020503050602,2020,0.033415526
020503050603,2010,0.000672661
020503050603,2011,0.000596127
020503050603,2012,0.000675954
020503050603,2013,0.000636041
020503050603,2014,0.000617648
020503050603,2015,0.000632717
020503050603,2016,0.000645499
020503050603,2017,0.00060325
020503050603,2018,0.000535026
020503050603,2019,0.000601689
020503050603,2020,0.000598617
020503050604,2010,0.0
020503050604,2011,0.0
020503050604,2012,0.0
020503050604,2013,0.0
020503050604,2014,0.0
020503050604,2015,0.0
020503050604,2016,0.0
020503050604,2017,0.0
020503050604,2018,0.0
020503050604,2019,0.0
020503050604,2020,0.0
020503050605,2010,0.017438507
020503050605,2011,0.010198919
020503050605,2012,0.010268703
020503050605,2013,0.01089183
020503050605,2014,0.008281491
020503050605,2015,0.008158064
020503050605,2016,0.012634491
020503050605,2017,0.009504692
020503050605,2018,0.008254638
020503050605,2019,0.015168078
020503050605,2020,0.014890268
020503050606,2010,0.017701279
020503050606,2011,0.015868683
020503050606,2012,0.017960274
020503050606,2013,0.016729094
020503050606,2014,0.016321789
020503050606,2015,0.017092752
020503050606,2016,0.016914468
020503050606,2017,0.016273416
020503050606,2018,0.014476486
020503050606,2019,0.01723635
020503050606,2020,0.017026336
020503050701,2010,0.0
020503050701,2011,0.0
020503050701,2012,0.0
020503050701,2013,0.0
020503050701,2014,0.0
020503050701,2015,0.0
020503050701,2016,0.0
020503050701,2017,0.0
020503050701,2018,0.0
020503050701,2019,0.0
020503050701,2020,0.0
020503050702,2010,0.0083072
020503050702,2011,0.00743383
020503050702,2012,0.008404548
020503050702,2013,0.007784528
020503050702,2014,0.007552182
020503050702,2015,0.007737002
020503050702,2016,0.007879268
020503050702,2017,0.007634449
020503050702,2018,0.006815667
020503050702,2019,0.007941782
020503050702,2020,0.007720871
020503050703,2010,0.024514508
020503050703,2011,0.022463894
020503050703,2012,0.025659388
020503050703,2013,0.025794157
020503050703,2014,0.027223799
020503050703,2015,0.036511674
020503050703,2016,0.025792157
020503050703,2017,0.022777469
020503050703,2018,0.019879068
020503050703,2019,0.032145407
020503050703,2020,0.037513055
020503050801,2010,0.051776114
020503050801,2011,0.047326976
020503050801,2012,0.053067811
020503050801,2013,0.050750072
020503050801,2014,0.049730159
020503050801,2015,0.051595946
020503050801,2016,0.052028435
020503050801,2017,0.04959435
020503050801,2018,0.041897362
020503050801,2019,0.048588229
020503050801,2020,0.05053913
020503050802,2010,0.456345042
020503050802,2011,0.407906708
020503050802,2012,0.461442342
020503050802,2013,0.427339608
020503050802,2014,0.414736553
020503050802,2015,0.424880402
020503050802,2016,0.432316609
020503050802,2017,0.418648749
020503050802,2018,0.373675193
020503050802,2019,0.435767953
020503050802,2020,0.425108122
020503050901,2010,0.016034994
020503050901,2011,0.014350771
020503050901,2012,0.016240868
020503050901,2013,0.015040046
020503050901,2014,0.014600353
020503050901,2015,0.014957162
020503050901,2016,0.015228556
020503050901,2017,0.014753584
020503050901,2018,0.013152847
020503050901,2019,0.015309413
020503050901,2020,0.014889702
020503050902,2010,0.024647339
020503050902,2011,0.022085194
020503050902,2012,0.025209287
020503050902,2013,0.023268435
020503050902,2014,0.022593825
020503050902,2015,0.023181684
020503050902,2016,0.023619066
020503050902,2017,0.022670368
020503050902,2018,0.020067049
020503050902,2019,0.023420047
020503050902,2020,0.022916065
020503050903,2010,0.026644901
020503050903,2011,0.024345057
020503050903,2012,0.027316139
020503050903,2013,0.026052743
020503050903,2014,0.0255318
020503050903,2015,0.026374668
020503050903,2016,0.02683275
020503050903,2017,0.025421472
020503050903,2018,0.021499552
020503050903,2019,0.025134927
020503050903,2020,0.025927099
020503050904,2010,0.292528734
020503050904,2011,0.267526556
020503050904,2012,0.300878177
020503050904,2013,0.287526201
020503050904,2014,0.280810768
020503050904,2015,0.291529818
020503050904,2016,0.296337148
020503050904,2017,0.279859957
020503050904,2018,0.235704864
020503050904,2019,0.275752361
020503050904,2020,0.285657933
020503050905,2010,0.172788032
020503050905,2011,0.161008688
020503050905,2012,0.181827969
020503050905,2013,0.171842753
020503050905,2014,0.169265988
020503050905,2015,0.173110506
020503050905,2016,0.175682734
020503050905,2017,0.168142078
020503050905,2018,0.148934202
020503050905,2019,0.178203594
020503050905,2020,0.175336669
020503050906,2010,0.194919524
020503050906,2011,0.177044006
020503050906,2012,0.198943953
020503050906,2013,0.189291944
020503050906,2014,0.189178531
020503050906,2015,0.190411336
020503050906,2016,0.192472328
020503050906,2017,0.181919238
020503050906,2018,0.160473584
020503050906,2019,0.185654055
020503050906,2020,0.186585099
020503051001,2010,0.015067721
020503051001,2011,0.013002822
020503051001,2012,0.013631777
020503051001,2013,0.013436021
020503051001,2014,0.013091132
020503051001,2015,0.012980819
020503051001,2016,0.013787374
020503051001,2017,0.013143859
020503051001,2018,0.011904394
020503051001,2019,0.012870584
020503051001,2020,0.013690882
020503051002,2010,0.0
020503051002,2011,0.0
020503051002,2012,0.0
020503051002,2013,0.0
020503051002,2014,0.0
020503051002,2015,0.0
020503051002,2016,0.0
020503051002,2017,0.0
020503051002,2018,0.0
020503051002,2019,0.0
020503051002,2020,0.0
020503051003,2010,0.00646691
020503051003,2011,0.006050546
020503051003,2012,0.006838922
020503051003,2013,0.006448004
020503051003,2014,0.006362957
020503051003,2015,0.006486459
020503051003,2016,0.006580538
020503051003,2017,0.006316283
020503051003,2018,0.005653736
020503051003,2019,0.006795221
020503051003,2020,0.006616457
020503051004,2010,0.000411531
020503051004,2011,0.000385035
020503051004,2012,0.000435204
020503051004,2013,0.000410328
020503051004,2014,0.000404915
020503051004,2015,0.000412775
020503051004,2016,0.000418762
020503051004,2017,0.000401945
020503051004,2018,0.000359783
020503051004,2019,0.000432423
020503051004,2020,0.000421047
020503051005,2010,0.013364947
020503051005,2011,0.012504461
020503051005,2012,0.014133773
020503051005,2013,0.013325875
020503051005,2014,0.013150111
020503051005,2015,0.013405349
020503051005,2016,0.013599779
020503051005,2017,0.013053652
020503051005,2018,0.011684387
020503051005,2019,0.014043456
020503051005,2020,0.013674012
020503051006,2010,0.159679001
020503051006,2011,0.146965121
020503051006,2012,0.165340615
020503051006,2013,0.157863415
020503051006,2014,0.153802678
020503051006,2015,0.158753988
020503051006,2016,0.161225137
020503051006,2017,0.152783001
020503051006,2018,0.131027867
020503051006,2019,0.15429844
020503051006,2020,0.157234882
020503051007,2010,0.406785777
020503051007,2011,0.375389151
020503051007,2012,0.423027459
020503051007,2013,0.402093607
020503051007,2014,0.394331469
020503051007,2015,0.40642719
020503051007,2016,0.412816501
020503051007,2017,0.392369706
020503051007,2018,0.338725808
020503051007,2019,0.400761262
020503051007,2020,0.404691899
020503051008,2010,0.23401999
020503051008,2011,0.216400622
020503051008,2012,0.24397384
020503051008,2013,0.231619725
020503051008,2014,0.227355208
020503051008,2015,0.233948171
020503051008,2016,0.237580922
020503051008,2017,0.226146397
020503051008,2018,0.19630102
020503051008,2019,0.232813617
020503051008,2020,0.233789484
020503051009,2010,0.04888809
020503051009,2011,0.043387993
020503051009,2012,0.048180814
020503051009,2013,0.040466578
020503051009,2014,0.039361356
020503051009,2015,0.04054316
020503051009,2016,0.04144606
020503051009,2017,0.039262377
020503051009,2018,0.033302414
020503051009,2019,0.038769526
020503051009,2020,0.040308485
020503051010,2010,0.020081541
020503051010,2011,0.017564143
020503051010,2012,0.019936607
020503051010,2013,0.017466271
020503051010,2014,0.018626406
020503051010,2015,0.020127138
020503051010,2016,0.019007868
020503051010,2017,0.018370494
020503051010,2018,0.016365204
020503051010,2019,0.019640463
020503051010,2020,0.018079819
020503051011,2010,0.452154169
020503051011,2011,0.417529336
020503051011,2012,0.462243391
020503051011,2013,0.433598706
020503051011,2014,0.424890517
020503051011,2015,0.438698932
020503051011,2016,0.451382255
020503051011,2017,0.42597403
020503051011,2018,0.365838649
020503051011,2019,0.432074118
020503051011,2020,0.433789411
020503060101,2010,0.000123286
020503060101,2011,0.000114307
020503060101,2012,0.000125261
020503060101,2013,0.000122169
020503060101,2014,0.000119865
020503060101,2015,0.000127456
020503060101,2016,0.000124849
020503060101,2017,0.000115204
020503060101,2018,9.5094e-05
020503060101,2019,0.00011338
020503060101,2020,0.000119231
020503060102,2010,0.374504376
020503060102,2011,0.341994018
020503060102,2012,0.374518348
020503060102,2013,0.362479763
020503060102,2014,0.349278867
020503060102,2015,0.36378816
020503060102,2016,0.3576398
020503060102,2017,0.329803305
020503060102,2018,0.275126288
020503060102,2019,0.325727695
020503060102,2020,0.337307307
020503060201,2010,0.011071824
020503060201,2011,0.009645705
020503060201,2012,0.010911987
020503060201,2013,0.010202199
020503060201,2014,0.010010693
020503060201,2015,0.009636452
020503060201,2016,0.010722577
020503060201,2017,0.010204236
020503060201,2018,0.008784195
020503060201,2019,0.012631211
020503060201,2020,0.011401825
020503060202,2010,0.021063734
020503060202,2011,0.018781347
020503060202,2012,0.021298396
020503060202,2013,0.019837017
020503060202,2014,0.019959441
020503060202,2015,0.019878152
020503060202,2016,0.020042723
020503060202,2017,0.020480685
020503060202,2018,0.016032314
020503060202,2019,0.019445167
020503060202,2020,0.017373598
020503060203,2010,0.000746701
020503060203,2011,0.000665655
020503060203,2012,0.000735512
020503060203,2013,0.00071664
020503060203,2014,0.000694423
020503060203,2015,0.000798351
020503060203,2016,0.00070231
020503060203,2017,0.000689179
020503060203,2018,0.000575035
020503060203,2019,0.000701615
020503060203,2020,0.000666194
020503060204,2010,0.022912646
020503060204,2011,0.019886495
020503060204,2012,0.021275738
020503060204,2013,0.0211368
020503060204,2014,0.020853814
020503060204,2015,0.022034863
020503060204,2016,0.023954108
020503060204,2017,0.021517508
020503060204,2018,0.016611096
020503060204,2019,0.020103664
020503060204,2020,0.020441925
020503060301,2010,0.003565934
020503060301,2011,0.003199896
020503060301,2012,0.003845169
020503060301,2013,0.003529272
020503060301,2014,0.003506052
020503060301,2015,0.003386686
020503060301,2016,0.003408359
020503060301,2017,0.003178957
020503060301,2018,0.002841564
020503060301,2019,0.0034983
020503060301,2020,0.003057994
020503060302,2010,0.008625927
020503060302,2011,0.007585372
020503060302,2012,0.008299338
020503060302,2013,0.007886074
020503060302,2014,0.00788443
020503060302,2015,0.007706778
020503060302,2016,0.008155735
020503060302,2017,0.008354918
020503060302,2018,0.006614146
020503060302,2019,0.008482367
020503060302,2020,0.007971475
020503060303,2010,0.031286624
020503060303,2011,0.030268512
020503060303,2012,0.033830497
020503060303,2013,0.031728798
020503060303,2014,0.029886884
020503060303,2015,0.029925351
020503060303,2016,0.027843167
020503060303,2017,0.033229509
020503060303,2018,0.024984524
020503060303,2019,0.041595886
020503060303,2020,0.033495196
020503060401,2010,0.299061741
020503060401,2011,0.277723239
020503060401,2012,0.301879855
020503060401,2013,0.296825242
020503060401,2014,0.289858239
020503060401,2015,0.295020581
020503060401,2016,0.298721798
020503060401,2017,0.285406902
020503060401,2018,0.246050533
020503060401,2019,0.289425359
020503060401,2020,0.277146045
020503060402,2010,0.114033891
020503060402,2011,0.108142337
020503060402,2012,0.11222427
020503060402,2013,0.115554332
020503060402,2014,0.106725339
020503060402,2015,0.108986093
020503060402,2016,0.109449231
020503060402,2017,0.106141033
020503060402,2018,0.092186403
020503060402,2019,0.108137745
020503060402,2020,0.105861832
020503060501,2010,0.030626738
020503060501,2011,0.02739367
020503060501,2012,0.030723905
020503060501,2013,0.029489482
020503060501,2014,0.02967089
020503060501,2015,0.030565084
020503060501,2016,0.031381845
020503060501,2017,0.029437211
020503060501,2018,0.024639045
020503060501,2019,0.029138916
020503060501,2020,0.027836274
020503060502,2010,0.001436158
020503060502,2011,0.001397642
020503060502,2012,0.001535685
020503060502,2013,0.001440138
020503060502,2014,0.001418154
020503060502,2015,0.001450109
020503060502,2016,0.001463107
020503060502,2017,0.001418461
020503060502,2018,0.001217882
020503060502,2019,0.001426073
020503060502,2020,0.001381159
020503060503,2010,0.0
020503060503,2011,0.0
020503060503,2012,0.0
020503060503,2013,0.0
020503060503,2014,0.0
020503060503,2015,0.0
020503060503,2016,0.0
020503060503,2017,0.0
020503060503,2018,0.0
020503060503,2019,0.0
020503060503,2020,0.0
020503060504,2010,0.05370461
020503060504,2011,0.049043688
020503060504,2012,0.054920275
020503060504,2013,0.052257589
020503060504,2014,0.052308142
020503060504,2015,0.05342828
020503060504,2016,0.054173215
020503060504,2017,0.050888613
020503060504,2018,0.044432858
020503060504,2019,0.051953128
020503060504,2020,0.050540927
020503060601,2010,0.119521826
020503060601,2011,0.107133886
020503060601,2012,0.119201053
020503060601,2013,0.112758041
020503060601,2014,0.113957041
020503060601,2015,0.11874241
020503060601,2016,0.11949466
020503060601,2017,0.114712049
020503060601,2018,0.09974812
020503060601,2019,0.112288959
020503060601,2020,0.107430279
020503060602,2010,0.186673873
020503060602,2011,0.170117154
020503060602,2012,0.1915544
020503060602,2013,0.181053367
020503060602,2014,0.183228959
020503060602,2015,0.183277524
020503060602,2016,0.181988804
020503060602,2017,0.169618104
020503060602,2018,0.145297527
020503060602,2019,0.174217037
020503060602,2020,0.164100615
020503060603,2010,0.00946503
020503060603,2011,0.008645214
020503060603,2012,0.009692861
020503060603,2013,0.009207638
020503060603,2014,0.009321579
020503060603,2015,0.009457937
020503060603,2016,0.009611057
020503060603,2017,0.009058758
020503060603,2018,0.007819031
020503060603,2019,0.009214669
020503060603,2020,0.008738865
020503060701,2010,0.000945194
020503060701,2011,0.000876352
020503060701,2012,0.000960332
020503060701,2013,0.000936628
020503060701,2014,0.000918968
020503060701,2015,0.00097716
020503060701,2016,0.000957174
020503060701,2017,0.000883227
020503060701,2018,0.000729054
020503060701,2019,0.000869245
020503060701,2020,0.000914104
020503060702,2010,0.116358961
020503060702,2011,0.107879901
020503060702,2012,0.11822544
020503060702,2013,0.115296304
020503060702,2014,0.113131496
020503060702,2015,0.120257185
020503060702,2016,0.11780915
020503060702,2017,0.108734421
020503060702,2018,0.089788606
020503060702,2019,0.107055915
020503060702,2020,0.112501682
020503060703,2010,0.018431901
020503060703,2011,0.016835417
020503060703,2012,0.018875572
020503060703,2013,0.017930663
020503060703,2014,0.018152549
020503060703,2015,0.018418088
020503060703,2016,0.018716269
020503060703,2017,0.01764074
020503060703,2018,0.015226534
020503060703,2019,0.017944355
020503060703,2020,0.017017789
020503060704,2010,0.047325151
020503060704,2011,0.043226071
020503060704,2012,0.048464307
020503060704,2013,0.04603819
020503060704,2014,0.046607897
020503060704,2015,0.047289685
020503060704,2016,0.048055284
020503060704,2017,0.045293791
020503060704,2018,0.039095155
020503060704,2019,0.046073344
020503060704,2020,0.043694324
020503060705,2010,0.713987074
020503060705,2011,0.652144905
020503060705,2012,0.731173345
020503060705,2013,0.694570898
020503060705,2014,0.703165978
020503060705,2015,0.713452012
020503060705,2016,0.725002483
020503060705,2017,0.683340275
020503060705,2018,0.589822434
020503060705,2019,0.695101266
020503060705,2020,0.659209367
020503060706,2010,0.379295442
020503060706,2011,0.345990704
020503060706,2012,0.388914752
020503060706,2013,0.368328891
020503060706,2014,0.3728533
020503060706,2015,0.374859572
020503060706,2016,0.375654018
020503060706,2017,0.351598021
020503060706,2018,0.302029742
020503060706,2019,0.359533769
020503060706,2020,0.339555883
020503060707,2010,0.070497521
020503060707,2011,0.064426387
020503060707,2012,0.072251004
020503060707,2013,0.068554594
020503060707,2014,0.069510241
020503060707,2015,0.070403157
020503060707,2016,0.071540814
020503060707,2017,0.067431592
020503060707,2018,0.058239918
020503060707,2019,0.068518443
020503060707,2020,0.065075575
020503060801,2010,0.086421725
020503060801,2011,0.08485328
020503060801,2012,0.079549189
020503060801,2013,0.077970409
020503060801,2014,0.079379599
020503060801,2015,0.085425877
020503060801,2016,0.085915556
020503060801,2017,0.083847978
020503060801,2018,0.074119231
020503060801,2019,0.08675128
020503060801,2020,0.082087317
020503060802,2010,0.083920666
020503060802,2011,0.07576789
020503060802,2012,0.085270762
020503060802,2013,0.079673781
020503060802,2014,0.077344655
020503060802,2015,0.079884856
020503060802,2016,0.08006004
020503060802,2017,0.082781656
020503060802,2018,0.069673769
020503060802,2019,0.084088077
020503060802,2020,0.078590234
020503060803,2010,0.058017406
020503060803,2011,0.052396213
020503060803,2012,0.059003517
020503060803,2013,0.055105428
020503060803,2014,0.053653574
020503060803,2015,0.05530976
020503060803,2016,0.055361596
020503060803,2017,0.057592542
020503060803,2018,0.048223909
020503060803,2019,0.058253195
020503060803,2020,0.054456997
020503060804,2010,0.063292747
020503060804,2011,0.05954471
020503060804,2012,0.061143552
020503060804,2013,0.058471281
020503060804,2014,0.058513863
020503060804,2015,0.061410121
020503060804,2016,0.061690305
020503060804,2017,0.062229548
020503060804,2018,0.053429385
020503060804,2019,0.063687379
020503060804,2020,0.05976099
020503060901,2010,0.173588026
020503060901,2011,0.155611776
020503060901,2012,0.175307211
020503060901,2013,0.162910592
020503060901,2014,0.15928417
020503060901,2015,0.162088347
020503060901,2016,0.162819157
020503060901,2017,0.164879251
020503060901,2018,0.140032978
020503060901,2019,0.168188213
020503060901,2020,0.157904161
020503060902,2010,0.056209059
020503060902,2011,0.050952575
020503060902,2012,0.057649224
020503060902,2013,0.053349788
020503060902,2014,0.052093123
020503060902,2015,0.053065606
020503060902,2016,0.053218062
020503060902,2017,0.054532012
020503060902,2018,0.046216175
020503060902,2019,0.055349404
020503060902,2020,0.052034282
020503060903,2010,0.001575388
020503060903,2011,0.001500633
020503060903,2012,0.001684295
020503060903,2013,0.001409854
020503060903,2014,0.00148637
020503060903,2015,0.001515614
020503060903,2016,0.001614837
020503060903,2017,0.001562421
020503060903,2018,0.001364501
020503060903,2019,0.001606103
020503060903,2020,0.001501824
020503060904,2010,0.2575596
020503060904,2011,0.236557982
020503060904,2012,0.271307877
020503060904,2013,0.244830893
020503060904,2014,0.243248922
020503060904,2015,0.240453735
020503060904,2016,0.24344716
020503060904,2017,0.239235545
020503060904,2018,0.212061816
020503060904,2019,0.245872672
020503060904,2020,0.233420206
020503061001,2010,0.119914546
020503061001,2011,0.105920132
020503061001,2012,0.117105892
020503061001,2013,0.114978828
020503061001,2014,0.110272668
020503061001,2015,0.106704652
020503061001,2016,0.106292291
020503061001,2017,0.110809303
020503061001,2018,0.094667106
020503061001,2019,0.111769199
020503061001,2020,0.107276314
020503061002,2010,0.027829203
020503061002,2011,0.025233645
020503061002,2012,0.028043158
020503061002,2013,0.026392413
020503061002,2014,0.025520815
020503061002,2015,0.02588733
020503061002,2016,0.026332559
020503061002,2017,0.028933782
020503061002,2018,0.023240514
020503061002,2019,0.028377513
020503061002,2020,0.02659955
020503061101,2010,0.049418575
020503061101,2011,0.04567768
020503061101,2012,0.051436804
020503061101,2013,0.048876192
020503061101,2014,0.047018301
020503061101,2015,0.048181202
020503061101,2016,0.047290286
020503061101,2017,0.048041321
020503061101,2018,0.041491295
020503061101,2019,0.04875145
020503061101,2020,0.046752145
020503061102,2010,0.071434973
020503061102,2011,0.06469133
020503061102,2012,0.070462444
020503061102,2013,0.06586752
020503061102,2014,0.064529381
020503061102,2015,0.06634303
020503061102,2016,0.066240238
020503061102,2017,0.070685619
020503061102,2018,0.057948927
020503061102,2019,0.069416405
020503061102,2020,0.064781984
020503061103,2010,0.065637872
020503061103,2011,0.060190313
020503061103,2012,0.067408771
020503061103,2013,0.062664799
020503061103,2014,0.06265143
020503061103,2015,0.064001866
020503061103,2016,0.064539264
020503061103,2017,0.064584091
020503061103,2018,0.055273293
020503061103,2019,0.068376197
020503061103,2020,0.067874153
020503061104,2010,0.117985394
020503061104,2011,0.107163099
020503061104,2012,0.120864776
020503061104,2013,0.11273332
020503061104,2014,0.110266422
020503061104,2015,0.113550831
020503061104,2016,0.1140666
020503061104,2017,0.117221491
020503061104,2018,0.101013825
020503061104,2019,0.119901665
020503061104,2020,0.112787794
020503061105,2010,0.147846472
020503061105,2011,0.118500834
020503061105,2012,0.140487018
020503061105,2013,0.128724119
020503061105,2014,0.132779314
020503061105,2015,0.133915453
020503061105,2016,0.122830247
020503061105,2017,0.115554066
020503061105,2018,0.09494099
020503061105,2019,0.106660334
020503061105,2020,0.102504969
020503061106,2010,0.177156984
020503061106,2011,0.160499577
020503061106,2012,0.180548353
020503061106,2013,0.168755968
020503061106,2014,0.16569636
020503061106,2015,0.170610833
020503061106,2016,0.171170216
020503061106,2017,0.174980649
020503061106,2018,0.148163286
020503061106,2019,0.181307849
020503061106,2020,0.174288545
020503061107,2010,0.358786379
020503061107,2011,0.324557545
020503061107,2012,0.363150131
020503061107,2013,0.340256455
020503061107,2014,0.330166878
020503061107,2015,0.337764258
020503061107,2016,0.340799456
020503061107,2017,0.363349322
020503061107,2018,0.29872069
020503061107,2019,0.362225287
020503061107,2020,0.338790836
020503061201,2010,0.004875095
020503061201,2011,0.004137505
020503061201,2012,0.004573205
020503061201,2013,0.004594686
020503061201,2014,0.004716272
020503061201,2015,0.004810227
020503061201,2016,0.004289057
020503061201,2017,0.004201702
020503061201,2018,0.003819932
020503061201,2019,0.004716964
020503061201,2020,0.004471417
020503061202,2010,0.12519586
020503061202,2011,0.113808182
020503061202,2012,0.130232416
020503061202,2013,0.119773108
020503061202,2014,0.118797549
020503061202,2015,0.120611094
020503061202,2016,0.121164097
020503061202,2017,0.123195838
020503061202,2018,0.106496277
020503061202,2019,0.126188687
020503061202,2020,0.119664386
020503061203,2010,0.030322692
020503061203,2011,0.027508209
020503061203,2012,0.030840746
020503061203,2013,0.028469929
020503061203,2014,0.028092073
020503061203,2015,0.029119063
020503061203,2016,0.029357804
020503061203,2017,0.028417073
020503061203,2018,0.024209707
020503061203,2019,0.028773068
020503061203,2020,0.027456945
020503061204,2010,0.045732717
020503061204,2011,0.041314022
020503061204,2012,0.046588661
020503061204,2013,0.043387984
020503061204,2014,0.042267933
020503061204,2015,0.04355037
020503061204,2016,0.043475584
020503061204,2017,0.045034743
020503061204,2018,0.037989735
020503061204,2019,0.045522939
020503061204,2020,0.042466888
020503061301,2010,0.017513902
020503061301,2011,0.015688713
020503061301,2012,0.018005856
020503061301,2013,0.016647235
020503061301,2014,0.016476853
020503061301,2015,0.017171595
020503061301,2016,0.015878704
020503061301,2017,0.015042816
020503061301,2018,0.013171066
020503061301,2019,0.01740897
020503061301,2020,0.016319619
020503061302,2010,0.014170245
020503061302,2011,0.012912508
020503061302,2012,0.014662442
020503061302,2013,0.013760949
020503061302,2014,0.014120791
020503061302,2015,0.01578741
020503061302,2016,0.014760738
020503061302,2017,0.013366357
020503061302,2018,0.011444501
020503061302,2019,0.013456952
020503061302,2020,0.012609918
020503061303,2010,0.0
020503061303,2011,0.0
020503061303,2012,0.0
020503061303,2013,0.0
020503061303,2014,0.0
020503061303,2015,0.0
020503061303,2016,0.0
020503061303,2017,0.0
020503061303,2018,0.0
020503061303,2019,0.0
020503061303,2020,0.0
020503061304,2010,0.016540281
020503061304,2011,0.020684273
020503061304,2012,0.02318504
020503061304,2013,0.020449088
020503061304,2014,0.013260114
020503061304,2015,0.014484989
020503061304,2016,0.013584136
020503061304,2017,0.012582368
020503061304,2018,0.01166273
020503061304,2019,0.014253764
020503061304,2020,0.013305302
020503061401,2010,0.01446119
020503061401,2011,0.01380758
020503061401,2012,0.014774567
020503061401,2013,0.01378222
020503061401,2014,0.012895515
020503061401,2015,0.011516705
020503061401,2016,0.011835726
020503061401,2017,0.012844593
020503061401,2018,0.010668228
020503061401,2019,0.012286111
020503061401,2020,0.011550947
020503061402,2010,0.027350748
020503061402,2011,0.024212147
020503061402,2012,0.024780006
020503061402,2013,0.023421197
020503061402,2014,0.022750693
020503061402,2015,0.02291786
020503061402,2016,0.022353235
020503061402,2017,0.020968553
020503061402,2018,0.019009359
020503061402,2019,0.021936372
020503061402,2020,0.020608611
020503061403,2010,0.008829727
020503061403,2011,0.00825311
020503061403,2012,0.009291654
020503061403,2013,0.008830609
020503061403,2014,0.008378658
020503061403,2015,0.008606609
020503061403,2016,0.008368429
020503061403,2017,0.008212129
020503061403,2018,0.006994437
020503061403,2019,0.00798456
020503061403,2020,0.007716702
020503061501,2010,0.000291443
020503061501,2011,0.000268672
020503061501,2012,0.000300929
020503061501,2013,0.00027781
020503061501,2014,0.000269196
020503061501,2015,0.000281917
020503061501,2016,0.000292048
020503061501,2017,0.000266811
020503061501,2018,0.000234782
020503061501,2019,0.000255941
020503061501,2020,0.000245244
020503061502,2010,0.05619688
020503061502,2011,0.052056153
020503061502,2012,0.058758002
020503061502,2013,0.05519007
020503061502,2014,0.053367303
020503061502,2015,0.054460795
020503061502,2016,0.053262571
020503061502,2017,0.051874363
020503061502,2018,0.043943362
020503061502,2019,0.05076239
020503061502,2020,0.049330704
020503061503,2010,0.027921731
020503061503,2011,0.038359807
020503061503,2012,0.040961313
020503061503,2013,0.041065535
020503061503,2014,0.036457222
020503061503,2015,0.037562484
020503061503,2016,0.035913325
020503061503,2017,0.035555889
020503061503,2018,0.031487154
020503061503,2019,0.040093179
020503061503,2020,0.035901208
020503061601,2010,0.048654318
020503061601,2011,0.043852473
020503061601,2012,0.049044765
020503061601,2013,0.045700862
020503061601,2014,0.046472923
020503061601,2015,0.049819298
020503061601,2016,0.047519438
020503061601,2017,0.043750621
020503061601,2018,0.037741045
020503061601,2019,0.044626286
020503061601,2020,0.041459524
020503061602,2010,2.3172e-05
020503061602,2011,0.000219581
020503061602,2012,0.000246049
020503061602,2013,0.000237338
020503061602,2014,0.000229803
020503061602,2015,0.000231369
020503061602,2016,0.000229704
020503061602,2017,0.000218702
020503061602,2018,0.000229464
020503061602,2019,0.000275567
020503061602,2020,0.000244752
020503061701,2010,0.183982066
020503061701,2011,0.159703963
020503061701,2012,0.188227894
020503061701,2013,0.179316148
020503061701,2014,0.174433717
020503061701,2015,0.178614715
020503061701,2016,0.173994342
020503061701,2017,0.164486677
020503061701,2018,0.149433117
020503061701,2019,0.184495268
020503061701,2020,0.178136803
020503061702,2010,0.152397835
020503061702,2011,0.139895124
020503061702,2012,0.155458889
020503061702,2013,0.144352662
020503061702,2014,0.147287989
020503061702,2015,0.150438389
020503061702,2016,0.151802586
020503061702,2017,0.14688573
020503061702,2018,0.127886839
020503061702,2019,0.152012572
020503061702,2020,0.14565997
020503061703,2010,0.159651513
020503061703,2011,0.145672341
020503061703,2012,0.163465238
020503061703,2013,0.155199598
020503061703,2014,0.156873142
020503061703,2015,0.159492971
020503061703,2016,0.161771853
020503061703,2017,0.152570737
020503061703,2018,0.131587114
020503061703,2019,0.154712284
020503061703,2020,0.147319558
020503061704,2010,0.309599435
020503061704,2011,0.278549245
020503061704,2012,0.310836187
020503061704,2013,0.285073877
020503061704,2014,0.286679246
020503061704,2015,0.294264153
020503061704,2016,0.320024032
020503061704,2017,0.316607908
020503061704,2018,0.268132307
020503061704,2019,0.289959745
020503061704,2020,0.276632095
020503061705,2010,0.056828076
020503061705,2011,0.051602803
020503061705,2012,0.058441734
020503061705,2013,0.054825334
020503061705,2014,0.055418705
020503061705,2015,0.054559467
020503061705,2016,0.052471857
020503061705,2017,0.048227534
020503061705,2018,0.040937156
020503061705,2019,0.050429072
020503061705,2020,0.046999418
020503061706,2010,0.0
020503061706,2011,0.0
020503061706,2012,0.0
020503061706,2013,0.0
020503061706,2014,0.0
020503061706,2015,0.0
020503061706,2016,0.0
020503061706,2017,0.0
020503061706,2018,0.0
020503061706,2019,0.0
020503061706,2020,0.0
020503061707,2010,0.000243526
020503061707,2011,0.000219784
020503061707,2012,0.000246348
020503061707,2013,0.000230707
020503061707,2014,0.000232613
020503061707,2015,0.000236082
020503061707,2016,0.000232985
020503061707,2017,0.000230223
020503061707,2018,0.000203903
020503061707,2019,0.000236849
020503061707,2020,0.000223715
020503061708,2010,0.000904253
020503061708,2011,0.000946047
020503061708,2012,0.000925721
020503061708,2013,0.000874001
020503061708,2014,0.000846878
020503061708,2015,0.000913217
020503061708,2016,0.000880506
020503061708,2017,0.000860926
020503061708,2018,0.000753269
020503061708,2019,0.000909464
020503061708,2020,0.000842201
020503061709,2010,0.000176988
020503061709,2011,0.000164443
020503061709,2012,0.000184346
020503061709,2013,0.000167268
020503061709,2014,0.000164349
020503061709,2015,0.000169338
020503061709,2016,0.000165889
020503061709,2017,0.000164733
020503061709,2018,0.000144856
020503061709,2019,0.000170088
020503061709,2020,0.000159854
020503061710,2010,0.0
020503061710,2011,0.0
020503061710,2012,0.0
020503061710,2013,0.0
020503061710,2014,0.0
020503061710,2015,0.0
020503061710,2016,0.0
020503061710,2017,0.0
020503061710,2018,0.0
020503061710,2019,0.0
020503061710,2020,0.0
020503061711,2010,0.00015238
020503061711,2011,0.000142215
020503061711,2012,0.000160077
020503061711,2013,0.000143007
020503061711,2014,0.000139885
020503061711,2015,0.000144547
020503061711,2016,0.000141279
020503061711,2017,0.000140005
020503061711,2018,0.000122479
020503061711,2019,0.000145034
020503061711,2020,0.000136101
020503061712,2010,0.001540796
020503061712,2011,0.001769052
020503061712,2012,0.002008652
020503061712,2013,0.001897674
020503061712,2014,0.001771273
020503061712,2015,0.001949464
020503061712,2016,0.001846674
020503061712,2017,0.001709496
020503061712,2018,0.001538613
020503061712,2019,0.00187996
020503061712,2020,0.00168954
020600020101,2010,0.001991912
020600020101,2011,0.001555559
020600020101,2012,0.001811384
020600020101,2013,0.001730745
020600020101,2014,0.001690679
020600020101,2015,0.0016992
020600020101,2016,0.00165373
020600020101,2017,0.00156694
020600020101,2018,0.001422648
020600020101,2019,0.001726243
020600020101,2020,0.00157174
020600020102,2010,0.041705358
020600020102,2011,0.032885626
020600020102,2012,0.038243873
020600020102,2013,0.036506211
020600020102,2014,0.035609027
020600020102,2015,0.035860235
020600020102,2016,0.034909033
020600020102,2017,0.033110533
020600020102,2018,0.030044075
020600020102,2019,0.036252925
020600020102,2020,0.033169291
020600020201,2010,0.12831686
020600020201,2011,0.118083098
020600020201,2012,0.132261714
020600020201,2013,0.123286556
020600020201,2014,0.122134166
020600020201,2015,0.123122109
020600020201,2016,0.120032835
020600020201,2017,0.116966665
020600020201,2018,0.098764607
020600020201,2019,0.114893759
020600020201,2020,0.114847776
020600020202,2010,0.096506647
020600020202,2011,0.089535926
020600020202,2012,0.1012962
020600020202,2013,0.09397761
020600020202,2014,0.091879845
020600020202,2015,0.092870622
020600020202,2016,0.091087019
020600020202,2017,0.088456142
020600020202,2018,0.07589245
020600020202,2019,0.088214507
020600020202,2020,0.084423748
020600020203,2010,0.357665636
020600020203,2011,0.333311013
020600020203,2012,0.378807357
020600020203,2013,0.347710095
020600020203,2014,0.340441078
020600020203,2015,0.342855289
020600020203,2016,0.33663111
020600020203,2017,0.323971484
020600020203,2018,0.284405276
020600020203,2019,0.334498028
020600020203,2020,0.30768231
020600030301,2010,0.009338862
020600030301,2011,0.012503227
020600030301,2012,0.01366369
020600030301,2013,0.013280418
020600030301,2014,0.014108868
020600030301,2015,0.014431094
020600030301,2016,0.013787076
020600030301,2017,0.014205849
020600030301,2018,0.012385347
020600030301,2019,0.016066703
020600030301,2020,0.015331192
020600030401,2010,0.043806964
020600030401,2011,0.038991852
020600030401,2012,0.043715534
020600030401,2013,0.041935096
020600030401,2014,0.042585504
020600030401,2015,0.046881871
020600030401,2016,0.047120442
020600030401,2017,0.046143717
020600030401,2018,0.040225323
020600030401,2019,0.042162577
020600030401,2020,0.041744721
020700020501,2010,0.0
020700020501,2011,0.0
020700020501,2012,0.0
020700020501,2013,0.0
020700020501,2014,0.0
020700020501,2015,0.0
020700020501,2016,0.0
020700020501,2017,0.0
020700020501,2018,0.0
020700020501,2019,0.0
020700020501,2020,0.0
020700020502,2010,0.0
020700020502,2011,0.0
020700020502,2012,0.0
020700020502,2013,0.0
020700020502,2014,0.0
020700020502,2015,0.0
020700020502,2016,0.0
020700020502,2017,0.0
020700020502,2018,0.0
020700020502,2019,0.0
020700020502,2020,0.0
020700020503,2010,0.0
020700020503,2011,0.0
020700020503,2012,0.0
020700020503,2013,0.0
020700020503,2014,0.0
020700020503,2015,0.0
020700020503,2016,0.0
020700020503,2017,0.0
020700020503,2018,0.0
020700020503,2019,0.0
020700020503,2020,0.0
020700020504,2010,0.0
020700020504,2011,0.0
020700020504,2012,0.0
020700020504,2013,0.0
020700020504,2014,0.0
020700020504,2015,0.0
020700020504,2016,0.0
020700020504,2017,0.0
020700020504,2018,0.0
020700020504,2019,0.0
020700020504,2020,0.0
020700020505,2010,0.051669333
020700020505,2011,0.051811092
020700020505,2012,0.055997187
020700020505,2013,0.050235535
020700020505,2014,0.048622376
020700020505,2015,0.049436586
020700020505,2016,0.050399428
020700020505,2017,0.047075959
020700020505,2018,0.040610295
020700020505,2019,0.047176678
020700020505,2020,0.04515069
020700020506,2010,0.055898633
020700020506,2011,0.054937276
020700020506,2012,0.062246341
020700020506,2013,0.058178911
020700020506,2014,0.055218009
020700020506,2015,0.054495992
020700020506,2016,0.05805646
020700020506,2017,0.054030924
020700020506,2018,0.045461393
020700020506,2019,0.049962754
020700020506,2020,0.047340336
020700020601,2010,0.0
020700020601,2011,0.0
020700020601,2012,0.0
020700020601,2013,0.0
020700020601,2014,0.0
020700020601,2015,0.0
020700020601,2016,0.0
020700020601,2017,0.0
020700020601,2018,0.0
020700020601,2019,0.0
020700020601,2020,0.0
020700020602,2010,0.000774287
020700020602,2011,0.000767558
020700020602,2012,0.000831058
020700020602,2013,0.000750924
020700020602,2014,0.000731427
020700020602,2015,0.000744536
020700020602,2016,0.000762219
020700020602,2017,0.000711665
020700020602,2018,0.000608525
020700020602,2019,0.000714019
020700020602,2020,0.000686737
020700030101,2010,0.0
020700030101,2011,0.0
020700030101,2012,0.0
020700030101,2013,0.0
020700030101,2014,0.0
020700030101,2015,0.0
020700030101,2016,0.0
020700030101,2017,0.0
020700030101,2018,0.0
020700030101,2019,0.0
020700030101,2020,0.0
020700030102,2010,0.0
020700030102,2011,0.0
020700030102,2012,0.0
020700030102,2013,0.0
020700030102,2014,0.0
020700030102,2015,0.0
020700030102,2016,0.0
020700030102,2017,0.0
020700030102,2018,0.0
020700030102,2019,0.0
020700030102,2020,0.0
020700030104,2010,0.0
020700030104,2011,0.0
020700030104,2012,0.0
020700030104,2013,0.0
020700030104,2014,0.0
020700030104,2015,0.0
020700030104,2016,0.0
020700030104,2017,0.0
020700030104,2018,0.0
020700030104,2019,0.0
020700030104,2020,0.0
020700030301,2010,0.0
020700030301,2011,0.0
020700030301,2012,0.0
020700030301,2013,0.0
020700030301,2014,0.0
020700030301,2015,0.0
020700030301,2016,0.0
020700030301,2017,0.0
020700030301,2018,0.0
020700030301,2019,0.0
020700030301,2020,0.0
020700030401,2010,0.0
020700030401,2011,0.0
020700030401,2012,0.0
020700030401,2013,0.0
020700030401,2014,0.0
020700030401,2015,0.0
020700030401,2016,0.0
020700030401,2017,0.0
020700030401,2018,0.0
020700030401,2019,0.0
020700030401,2020,0.0
020700030402,2010,0.0
020700030402,2011,0.0
020700030402,2012,0.0
020700030402,2013,0.0
020700030402,2014,0.0
020700030402,2015,0.0
020700030402,2016,0.0
020700030402,2017,0.0
020700030402,2018,0.0
020700030402,2019,0.0
020700030402,2020,0.0
020700030403,2010,0.0
020700030403,2011,0.0
020700030403,2012,0.0
020700030403,2013,0.0
020700030403,2014,0.0
020700030403,2015,0.0
020700030403,2016,0.0
020700030403,2017,0.0
020700030403,2018,0.0
020700030403,2019,0.0
020700030403,2020,0.0
020700030404,2010,0.0
020700030404,2011,0.0
020700030404,2012,0.0
020700030404,2013,0.0
020700030404,2014,0.0
020700030404,2015,0.0
020700030404,2016,0.0
020700030404,2017,0.0
020700030404,2018,0.0
020700030404,2019,0.0
020700030404,2020,0.0
020700030405,2010,0.0
020700030405,2011,0.0
020700030405,2012,0.0
020700030405,2013,0.0
020700030405,2014,0.0
020700030405,2015,0.0
020700030405,2016,0.0
020700030405,2017,0.0
020700030405,2018,0.0
020700030405,2019,0.0
020700030405,2020,0.0
020700040101,2010,0.0
020700040101,2011,0.0
020700040101,2012,0.0
020700040101,2013,0.0
020700040101,2014,0.0
020700040101,2015,0.0
020700040101,2016,0.0
020700040101,2017,0.0
020700040101,2018,0.0
020700040101,2019,0.0
020700040101,2020,0.0
020700040102,2010,0.002171599
020700040102,2011,0.002212304
020700040102,2012,0.002450976
020700040102,2013,0.002296728
020700040102,2014,0.002232112
020700040102,2015,0.002298344
020700040102,2016,0.002290896
020700040102,2017,0.002223238
020700040102,2018,0.001906155
020700040102,2019,0.002447411
020700040102,2020,0.002139034
020700040301,2010,0.0
020700040301,2011,0.0
020700040301,2012,0.0
020700040301,2013,0.0
020700040301,2014,0.0
020700040301,2015,0.0
020700040301,2016,0.0
020700040301,2017,0.0
020700040301,2018,0.0
020700040301,2019,0.0
020700040301,2020,0.0
020700040302,2010,0.021166369
020700040302,2011,0.019722757
020700040302,2012,0.0231251
020700040302,2013,0.020268608
020700040302,2014,0.020293503
020700040302,2015,0.016889471
020700040302,2016,0.014921396
020700040302,2017,0.016797797
020700040302,2018,0.01371113
020700040302,2019,0.020560332
020700040302,2020,0.019259326
020700040303,2010,0.0
020700040303,2011,0.0
020700040303,2012,0.0
020700040303,2013,0.0
020700040303,2014,0.0
020700040303,2015,0.0
020700040303,2016,0.0
020700040303,2017,0.0
020700040303,2018,0.0
020700040303,2019,0.0
020700040303,2020,0.0
020700040304,2010,0.0
020700040304,2011,0.0
020700040304,2012,0.0
020700040304,2013,0.0
020700040304,2014,0.0
020700040304,2015,0.0
020700040304,2016,0.0
020700040304,2017,0.0
020700040304,2018,0.0
020700040304,2019,0.0
020700040304,2020,0.0
020700040305,2010,0.0
020700040305,2011,0.0
020700040305,2012,0.0
020700040305,2013,0.0
020700040305,2014,0.0
020700040305,2015,0.0
020700040305,2016,0.0
020700040305,2017,0.0
020700040305,2018,0.0
020700040305,2019,0.0
020700040305,2020,0.0
020700040501,2010,0.007993617
020700040501,2011,0.008786399
020700040501,2012,0.009793165
020700040501,2013,0.00911065
020700040501,2014,0.008905499
020700040501,2015,0.00909626
020700040501,2016,0.00892145
020700040501,2017,0.008770984
020700040501,2018,0.007526443
020700040501,2019,0.008678717
020700040501,2020,0.008359374
020700040504,2010,0.024804934
020700040504,2011,0.027265011
020700040504,2012,0.030389099
020700040504,2013,0.028271194
020700040504,2014,0.02763459
020700040504,2015,0.02822654
020700040504,2016,0.027684087
020700040504,2017,0.027217176
020700040504,2018,0.02335525
020700040504,2019,0.026930865
020700040504,2020,0.025939913
020700040601,2010,0.0
020700040601,2011,0.0
020700040601,2012,0.0
020700040601,2013,0.0
020700040601,2014,0.0
020700040601,2015,0.0
020700040601,2016,0.0
020700040601,2017,0.0
020700040601,2018,0.0
020700040601,2019,0.0
020700040601,2020,0.0
020700040602,2010,0.001778009
020700040602,2011,0.001581304
020700040602,2012,0.001595934
020700040602,2013,0.001459676
020700040602,2014,0.001319917
020700040602,2015,0.001511106
020700040602,2016,0.00146854
020700040602,2017,0.001426757
020700040602,2018,0.001202308
020700040602,2019,0.001484297
020700040602,2020,0.001450042
020700040603,2010,0.0
020700040603,2011,0.0
020700040603,2012,0.0
020700040603,2013,0.0
020700040603,2014,0.0
020700040603,2015,0.0
020700040603,2016,0.0
020700040603,2017,0.0
020700040603,2018,0.0
020700040603,2019,0.0
020700040603,2020,0.0
020700040604,2010,0.0
020700040604,2011,0.0
020700040604,2012,0.0
020700040604,2013,0.0
020700040604,2014,0.0
020700040604,2015,0.0
020700040604,2016,0.0
020700040604,2017,0.0
020700040604,2018,0.0
020700040604,2019,0.0
020700040604,2020,0.0
020700040605,2010,0.022194217
020700040605,2011,0.018500602
020700040605,2012,0.022229309
020700040605,2013,0.020926258
020700040605,2014,0.018607591
020700040605,2015,0.016955073
020700040605,2016,0.019191793
020700040605,2017,0.018001704
020700040605,2018,0.014904141
020700040605,2019,0.019191635
020700040605,2020,0.01912561
020700040701,2010,0.001280649
020700040701,2011,0.001161581
020700040701,2012,0.001323284
020700040701,2013,0.001349235
020700040701,2014,0.001275179
020700040701,2015,0.00133976
020700040701,2016,0.00134786
020700040701,2017,0.001344186
020700040701,2018,0.001150164
020700040701,2019,0.001383233
020700040701,2020,0.001429899
020700040702,2010,0.003203435
020700040702,2011,0.003088895
020700040702,2012,0.003439852
020700040702,2013,0.003401748
020700040702,2014,0.003300029
020700040702,2015,0.002984026
020700040702,2016,0.002565921
020700040702,2017,0.002505273
020700040702,2018,0.002141893
020700040702,2019,0.00315884
020700040702,2020,0.00297463
020700040703,2010,0.0
020700040703,2011,0.0
020700040703,2012,0.0
020700040703,2013,0.0
020700040703,2014,0.0
020700040703,2015,0.0
020700040703,2016,0.0
020700040703,2017,0.0
020700040703,2018,0.0
020700040703,2019,0.0
020700040703,2020,0.0
020700040801,2010,0.000110734
020700040801,2011,9.9351e-05
020700040801,2012,0.000103418
020700040801,2013,0.000102009
020700040801,2014,9.6477e-05
020700040801,2015,9.9806e-05
020700040801,2016,9.2453e-05
020700040801,2017,8.7878e-05
020700040801,2018,7.8263e-05
020700040801,2019,9.0101e-05
020700040801,2020,8.9431e-05
020700040802,2010,0.0
020700040802,2011,0.0
020700040802,2012,0.0
020700040802,2013,0.0
020700040802,2014,0.0
020700040802,2015,0.0
020700040802,2016,0.0
020700040802,2017,0.0
020700040802,2018,0.0
020700040802,2019,0.0
020700040802,2020,0.0
020700040803,2010,0.101208397
020700040803,2011,0.091999702
020700040803,2012,0.103718887
020700040803,2013,0.101266892
020700040803,2014,0.098175602
020700040803,2015,0.101859154
020700040803,2016,0.102801285
020700040803,2017,0.100705033
020700040803,2018,0.084433402
020700040803,2019,0.100291159
020700040803,2020,0.101063139
020700040804,2010,0.01539625
020700040804,2011,0.01396316
020700040804,2012,0.014660545
020700040804,2013,0.013549682
020700040804,2014,0.013728415
020700040804,2015,0.014391777
020700040804,2016,0.015480889
020700040804,2017,0.014737096
020700040804,2018,0.012008564
020700040804,2019,0.015106079
020700040804,2020,0.013656492
020700040805,2010,0.175160261
020700040805,2011,0.160114614
020700040805,2012,0.181752605
020700040805,2013,0.176244234
020700040805,2014,0.169733833
020700040805,2015,0.172127133
020700040805,2016,0.173944108
020700040805,2017,0.170494514
020700040805,2018,0.14387429
020700040805,2019,0.173013321
020700040805,2020,0.174093737
020700040806,2010,0.160509196
020700040806,2011,0.151933683
020700040806,2012,0.164965328
020700040806,2013,0.157446251
020700040806,2014,0.154729031
020700040806,2015,0.162610448
020700040806,2016,0.165723321
020700040806,2017,0.162889508
020700040806,2018,0.140117238
020700040806,2019,0.169254499
020700040806,2020,0.159506946
020700040807,2010,0.555405274
020700040807,2011,0.536348406
020700040807,2012,0.590695534
020700040807,2013,0.571708067
020700040807,2014,0.554434258
020700040807,2015,0.583582633
020700040807,2016,0.580737102
020700040807,2017,0.579135392
020700040807,2018,0.509742268
020700040807,2019,0.605377897
020700040807,2020,0.580589512
020700041001,2010,0.116332905
020700041001,2011,0.125397349
020700041001,2012,0.141967847
020700041001,2013,0.140886537
020700041001,2014,0.128968043
020700041001,2015,0.127724046
020700041001,2016,0.126293511
020700041001,2017,0.120152256
020700041001,2018,0.104752552
020700041001,2019,0.121314929
020700041001,2020,0.117223009
020700041002,2010,0.134262181
020700041002,2011,0.124785661
020700041002,2012,0.14366865
020700041002,2013,0.14281079
020700041002,2014,0.133241546
020700041002,2015,0.131965005
020700041002,2016,0.131718484
020700041002,2017,0.129307098
020700041002,2018,0.110731369
020700041002,2019,0.128296684
020700041002,2020,0.124289814
020700041003,2010,0.066606875
020700041003,2011,0.063643195
020700041003,2012,0.067938588
020700041003,2013,0.067920489
020700041003,2014,0.063806499
020700041003,2015,0.062054743
020700041003,2016,0.061636158
020700041003,2017,0.063114396
020700041003,2018,0.052265671
020700041003,2019,0.061547931
020700041003,2020,0.059077702
020700041005,2010,0.177519605
020700041005,2011,0.171428616
020700041005,2012,0.18879914
020700041005,2013,0.182730333
020700041005,2014,0.177209248
020700041005,2015,0.186525702
020700041005,2016,0.185616208
020700041005,2017,0.185104267
020700041005,2018,0.162924715
020700041005,2019,0.193491942
020700041005,2020,0.185569035
020700041006,2010,0.106879407
020700041006,2011,0.103212199
020700041006,2012,0.113670488
020700041006,2013,0.110016635
020700041006,2014,0.10669255
020700041006,2015,0.112301717
020700041006,2016,0.111754137
020700041006,2017,0.111445912
020700041006,2018,0.098092247
020700041006,2019,0.116495888
020700041006,2020,0.111725736
020700041102,2010,0.005413262
020700041102,2011,0.00434929
020700041102,2012,0.004941952
020700041102,2013,0.004316091
020700041102,2014,0.004242443
020700041102,2015,0.004444341
020700041102,2016,0.003648196
020700041102,2017,0.004185319
020700041102,2018,0.003522549
020700041102,2019,0.004144847
020700041102,2020,0.004052802
020700090101,2010,0.090755445
020700090101,2011,0.080948279
020700090101,2012,0.091383794
020700090101,2013,0.086931872
020700090101,2014,0.082723032
020700090101,2015,0.082488534
020700090101,2016,0.08224547
020700090101,2017,0.079309708
020700090101,2018,0.06698628
020700090101,2019,0.078408941
020700090101,2020,0.076629213
020700090102,2010,0.049295929
020700090102,2011,0.044500341
020700090102,2012,0.048881889
020700090102,2013,0.047189332
020700090102,2014,0.044291959
020700090102,2015,0.046662515
020700090102,2016,0.047695087
020700090102,2017,0.046280797
020700090102,2018,0.039884352
020700090102,2019,0.049737863
020700090102,2020,0.045138719
020700090201,2010,0.0
020700090201,2011,0.0
020700090201,2012,0.0
020700090201,2013,0.0
020700090201,2014,0.0
020700090201,2015,0.0
020700090201,2016,0.0
020700090201,2017,0.0
020700090201,2018,0.0
020700090201,2019,0.0
020700090201,2020,0.0
020700090202,2010,0.0
020700090202,2011,0.0
020700090202,2012,0.0
020700090202,2013,0.0
020700090202,2014,0.0
020700090202,2015,0.0
020700090202,2016,0.0
020700090202,2017,0.0
020700090202,2018,0.0
020700090202,2019,0.0
020700090202,2020,0.0
020700090203,2010,0.00206285
020700090203,2011,0.001908081
020700090203,2012,0.00214062
020700090203,2013,0.00206267
020700090203,2014,0.002097377
020700090203,2015,0.002094945
020700090203,2016,0.002145566
020700090203,2017,0.002064181
020700090203,2018,0.001735296
020700090203,2019,0.00204562
020700090203,2020,0.002002781
020700090301,2010,0.059139835
020700090301,2011,0.064835063
020700090301,2012,0.073262254
020700090301,2013,0.07153766
020700090301,2014,0.068085381
020700090301,2015,0.069106006
020700090301,2016,0.069241316
020700090301,2017,0.067696675
020700090301,2018,0.058163843
020700090301,2019,0.069683773
020700090301,2020,0.067967607
020700090302,2010,0.000231842
020700090302,2011,0.000264298
020700090302,2012,0.000297449
020700090302,2013,0.000289308
020700090302,2014,0.000276555
020700090302,2015,0.00028218
020700090302,2016,0.000282961
020700090302,2017,0.000276411
020700090302,2018,0.000237654
020700090302,2019,0.000286697
020700090302,2020,0.000280019
020700090303,2010,0.045132979
020700090303,2011,0.050798101
020700090303,2012,0.057253065
020700090303,2013,0.055824079
020700090303,2014,0.05311017
020700090303,2015,0.053968267
020700090303,2016,0.054058225
020700090303,2017,0.052701243
020700090303,2018,0.045382162
020700090303,2019,0.054516072
020700090303,2020,0.053182802
020700090501,2010,0.026260486
020700090501,2011,0.022498213
020700090501,2012,0.023630135
020700090501,2013,0.02499974
020700090501,2014,0.022067243
020700090501,2015,0.023647232
020700090501,2016,0.022415251
020700090501,2017,0.021756364
020700090501,2018,0.01824143
020700090501,2019,0.023373992
020700090501,2020,0.022219531
020700090502,2010,0.078312882
020700090502,2011,0.077363508
020700090502,2012,0.087608183
020700090502,2013,0.087318227
020700090502,2014,0.082716375
020700090502,2015,0.084778728
020700090502,2016,0.082777205
020700090502,2017,0.081133805
020700090502,2018,0.072478496
020700090502,2019,0.092447188
020700090502,2020,0.089648023
020700090503,2010,0.0
020700090503,2011,0.0
020700090503,2012,0.0
020700090503,2013,0.0
020700090503,2014,0.0
020700090503,2015,0.0
020700090503,2016,0.0
020700090503,2017,0.0
020700090503,2018,0.0
020700090503,2019,0.0
020700090503,2020,0.0
041100030101,2010,0.0
041100030101,2011,0.0
041100030101,2012,0.0
041100030101,2013,0.0
041100030101,2014,0.0
041100030101,2015,0.0
041100030101,2016,0.0
041100030101,2017,0.0
041100030101,2018,0.0
041100030101,2019,0.0
041100030101,2020,0.0
041100030103,2010,0.0
041100030103,2011,0.0
041100030103,2012,0.0
041100030103,2013,0.0
041100030103,2014,0.0
041100030103,2015,0.0
041100030103,2016,0.0
041100030103,2017,0.0
041100030103,2018,0.0
041100030103,2019,0.0
041100030103,2020,0.0
041201010401,2010,0.008468444
041201010401,2011,0.008159703
041201010401,2012,0.010281892
041201010401,2013,0.00988663
041201010401,2014,0.009255481
041201010401,2015,0.009867462
041201010401,2016,0.011061445
041201010401,2017,0.00931961
041201010401,2018,0.008485132
041201010401,2019,0.008619919
041201010401,2020,0.008889376
041201010402,2010,0.0
041201010402,2011,0.0
041201010402,2012,0.0
041201010402,2013,0.0
041201010402,2014,0.0
041201010402,2015,0.0
041201010402,2016,0.0
041201010402,2017,0.0
041201010402,2018,0.0
041201010402,2019,0.0
041201010402,2020,0.0
041201010403,2010,0.037520665
041201010403,2011,0.035072778
041201010403,2012,0.041603201
041201010403,2013,0.038708194
041201010403,2014,0.036198694
041201010403,2015,0.035917091
041201010403,2016,0.039466046
041201010403,2017,0.034316176
041201010403,2018,0.032725316
041201010403,2019,0.033810786
041201010403,2020,0.036956856
041201010404,2010,0.001109799
041201010404,2011,0.001037395
041201010404,2012,0.001230554
041201010404,2013,0.001144925
041201010404,2014,0.001070698
041201010404,2015,0.001062368
041201010404,2016,0.001167341
041201010404,2017,0.001015016
041201010404,2018,0.000967961
041201010404,2019,0.001000067
041201010404,2020,0.001093123
041201010405,2010,0.019398767
041201010405,2011,0.018191989
041201010405,2012,0.020000419
041201010405,2013,0.018841265
041201010405,2014,0.018119585
041201010405,2015,0.01853047
041201010405,2016,0.018667329
041201010405,2017,0.017675348
041201010405,2018,0.019278943
041201010405,2019,0.020405436
041201010405,2020,0.020674287
041201010406,2010,1.39408746
041201010406,2011,1.307755939
041201010406,2012,1.433628787
041201010406,2013,1.347443985
041201010406,2014,1.30078969
041201010406,2015,1.330039653
041201010406,2016,1.344373713
041201010406,2017,1.245973935
041201010406,2018,1.390197237
041201010406,2019,1.47379753
041201010406,2020,1.493155837
041201010407,2010,0.097962412
041201010407,2011,0.09554873
041201010407,2012,0.102796614
041201010407,2013,0.097414562
041201010407,2014,0.098098945
041201010407,2015,0.102219925
041201010407,2016,0.099168853
041201010407,2017,0.092375478
041201010407,2018,0.10006878
041201010407,2019,0.11629414
041201010407,2020,0.111815087
041201010408,2010,0.06484482
041201010408,2011,0.057014435
041201010408,2012,0.065189026
041201010408,2013,0.059628038
041201010408,2014,0.064662757
041201010408,2015,0.06308019
041201010408,2016,0.064613853
041201010408,2017,0.05883059
041201010408,2018,0.059649389
041201010408,2019,0.062417428
041201010408,2020,0.065151865
041201010501,2010,0.018809131
041201010501,2011,0.018230818
041201010501,2012,0.019469731
041201010501,2013,0.018476173
041201010501,2014,0.018548182
041201010501,2015,0.01925663
041201010501,2016,0.018699688
041201010501,2017,0.017458267
041201010501,2018,0.019109787
041201010501,2019,0.022204586
041201010501,2020,0.021320741
041201010502,2010,0.0
041201010502,2011,0.0
041201010502,2012,0.0
041201010502,2013,0.0
041201010502,2014,0.0
041201010502,2015,0.0
041201010502,2016,0.0
041201010502,2017,0.0
041201010502,2018,0.0
041201010502,2019,0.0
041201010502,2020,0.0
041201010503,2010,0.027553302
041201010503,2011,0.023011324
041201010503,2012,0.026193687
041201010503,2013,0.023092414
041201010503,2014,0.024506823
041201010503,2015,0.023393572
041201010503,2016,0.02377123
041201010503,2017,0.021627903
041201010503,2018,0.021319085
041201010503,2019,0.022091617
041201010503,2020,0.02331648
041201010601,2010,0.015116975
041201010601,2011,0.014393772
041201010601,2012,0.017220532
041201010601,2013,0.016165494
041201010601,2014,0.016330716
041201010601,2015,0.01082698
041201010601,2016,0.013734399
041201010601,2017,0.010767945
041201010601,2018,0.010256359
041201010601,2019,0.011789941
041201010601,2020,0.009681722
041201010602,2010,0.0
041201010602,2011,0.0
041201010602,2012,0.0
041201010602,2013,0.0
041201010602,2014,0.0
041201010602,2015,0.0
041201010602,2016,0.0
041201010602,2017,0.0
041201010602,2018,0.0
041201010602,2019,0.0
041201010602,2020,0.0
041201010603,2010,0.0
041201010603,2011,0.0
041201010603,2012,0.0
041201010603,2013,0.0
041201010603,2014,0.0
041201010603,2015,0.0
041201010603,2016,0.0
041201010603,2017,0.0
041201010603,2018,0.0
041201010603,2019,0.0
041201010603,2020,0.0
041201010604,2010,0.016341243
041201010604,2011,0.013911808
041201010604,2012,0.015929398
041201010604,2013,0.01520947
041201010604,2014,0.014651559
041201010604,2015,0.014112769
041201010604,2016,0.014943818
041201010604,2017,0.014602226
041201010604,2018,0.013666626
041201010604,2019,0.015890855
041201010604,2020,0.015664469
041201010605,2010,0.112160654
041201010605,2011,0.105940356
041201010605,2012,0.124657471
041201010605,2013,0.116454367
041201010605,2014,0.113751415
041201010605,2015,0.119690962
041201010605,2016,0.128896833
041201010605,2017,0.125077299
041201010605,2018,0.104526038
041201010605,2019,0.107734943
041201010605,2020,0.107195403
041201010701,2010,0.000816911
041201010701,2011,0.000777909
041201010701,2012,0.000872906
041201010701,2013,0.000826325
041201010701,2014,0.000828854
041201010701,2015,0.000807794
041201010701,2016,0.000795822
041201010701,2017,0.000713119
041201010701,2018,0.000664862
041201010701,2019,0.000715403
041201010701,2020,0.000722861
041201010702,2010,0.001017166
041201010702,2011,0.000960551
041201010702,2012,0.001092282
041201010702,2013,0.000913889
041201010702,2014,0.000880034
041201010702,2015,0.0008465
041201010702,2016,0.000801536
041201010702,2017,0.000747402
041201010702,2018,0.000703397
041201010702,2019,0.00074795
041201010702,2020,0.000726481
041300020101,2010,0.0
041300020101,2011,0.0
041300020101,2012,0.0
041300020101,2013,0.0
041300020101,2014,0.0
041300020101,2015,0.0
041300020101,2016,0.0
041300020101,2017,0.0
041300020101,2018,0.0
041300020101,2019,0.0
041300020101,2020,0.0
041300020102,2010,0.0
041300020102,2011,0.0
041300020102,2012,0.0
041300020102,2013,0.0
041300020102,2014,0.0
041300020102,2015,0.0
041300020102,2016,0.0
041300020102,2017,0.0
041300020102,2018,0.0
041300020102,2019,0.0
041300020102,2020,0.0
041300020103,2010,0.003713132
041300020103,2011,0.003559204
041300020103,2012,0.003920302
041300020103,2013,0.00367236
041300020103,2014,0.003590356
041300020103,2015,0.003655483
041300020103,2016,0.00371179
041300020103,2017,0.003541413
041300020103,2018,0.003598088
041300020103,2019,0.00349714
041300020103,2020,0.003588632
041300020301,2010,0.0
041300020301,2011,0.0
041300020301,2012,0.0
041300020301,2013,0.0
041300020301,2014,0.0
041300020301,2015,0.0
041300020301,2016,0.0
041300020301,2017,0.0
041300020301,2018,0.0
041300020301,2019,0.0
041300020301,2020,0.0
041300020302,2010,0.0
041300020302,2011,0.0
041300020302,2012,0.0
041300020302,2013,0.0
041300020302,2014,0.0
041300020302,2015,0.0
041300020302,2016,0.0
041300020302,2017,0.0
041300020302,2018,0.0
041300020302,2019,0.0
041300020302,2020,0.0
041300020303,2010,0.0
041300020303,2011,0.0
041300020303,2012,0.0
041300020303,2013,0.0
041300020303,2014,0.0
041300020303,2015,0.0
041300020303,2016,0.0
041300020303,2017,0.0
041300020303,2018,0.0
041300020303,2019,0.0
041300020303,2020,0.0
042600000101,2010,
042600000101,2011,
042600000101,2012,
042600000101,2013,
042600000101,2014,
042600000101,2015,
042600000101,2016,
042600000101,2017,
042600000101,2018,
042600000101,2019,
042600000101,2020,
042600000102,2010,
042600000102,2011,
042600000102,2012,
042600000102,2013,
042600000102,2014,
042600000102,2015,
042600000102,2016,
042600000102,2017,
042600000102,2018,
042600000102,2019,
042600000102,2020,
042600000200,2010,
042600000200,2011,
042600000200,2012,
042600000200,2013,
042600000200,2014,
042600000200,2015,
042600000200,2016,
042600000200,2017,
042600000200,2018,
042600000200,2019,
042600000200,2020,
050100010101,2010,0.0
050100010101,2011,0.0
050100010101,2012,0.0
050100010101,2013,0.0
050100010101,2014,0.0
050100010101,2015,0.0
050100010101,2016,0.0
050100010101,2017,0.0
050100010101,2018,0.0
050100010101,2019,0.0
050100010101,2020,0.0
050100010102,2010,0.000621691
050100010102,2011,0.000567409
050100010102,2012,0.000624249
050100010102,2013,0.000554418
050100010102,2014,0.000537505
050100010102,2015,0.000554458
050100010102,2016,0.00055571
050100010102,2017,0.000527285
050100010102,2018,0.000476341
050100010102,2019,0.000528534
050100010102,2020,0.000539965
050100010103,2010,0.018575664
050100010103,2011,0.017686113
050100010103,2012,0.018255681
050100010103,2013,0.018437264
050100010103,2014,0.018257649
050100010103,2015,0.018616513
050100010103,2016,0.019072625
050100010103,2017,0.016800792
050100010103,2018,0.016337959
050100010103,2019,0.014402932
050100010103,2020,0.013594835
050100010104,2010,0.000972277
050100010104,2011,0.000969129
050100010104,2012,0.001125274
050100010104,2013,0.001004746
050100010104,2014,0.00096502
050100010104,2015,0.000961305
050100010104,2016,0.000957144
050100010104,2017,0.000925328
050100010104,2018,0.00083165
050100010104,2019,0.00085773
050100010104,2020,0.000876993
050100010105,2010,0.001210159
050100010105,2011,0.001107074
050100010105,2012,0.00114717
050100010105,2013,0.001151564
050100010105,2014,0.001134589
050100010105,2015,0.001191209
050100010105,2016,0.001184457
050100010105,2017,0.001044431
050100010105,2018,0.001010205
050100010105,2019,0.000948546
050100010105,2020,0.000910951
050100010201,2010,0.0
050100010201,2011,0.0
050100010201,2012,0.0
050100010201,2013,0.0
050100010201,2014,0.0
050100010201,2015,0.0
050100010201,2016,0.0
050100010201,2017,0.0
050100010201,2018,0.0
050100010201,2019,0.0
050100010201,2020,0.0
050100010202,2010,0.0
050100010202,2011,0.0
050100010202,2012,0.0
050100010202,2013,0.0
050100010202,2014,0.0
050100010202,2015,0.0
050100010202,2016,0.0
050100010202,2017,0.0
050100010202,2018,0.0
050100010202,2019,0.0
050100010202,2020,0.0
050100010203,2010,0.0
050100010203,2011,0.0
050100010203,2012,0.0
050100010203,2013,0.0
050100010203,2014,0.0
050100010203,2015,0.0
050100010203,2016,0.0
050100010203,2017,0.0
050100010203,2018,0.0
050100010203,2019,0.0
050100010203,2020,0.0
050100010204,2010,0.00405651
050100010204,2011,0.003993864
050100010204,2012,0.004270863
050100010204,2013,0.003908684
050100010204,2014,0.003999087
050100010204,2015,0.003770699
050100010204,2016,0.004069273
050100010204,2017,0.0035142
050100010204,2018,0.003329553
050100010204,2019,0.003669772
050100010204,2020,0.003636926
050100010205,2010,0.01639364
050100010205,2011,0.016390625
050100010205,2012,0.01791756
050100010205,2013,0.016798273
050100010205,2014,0.015829825
050100010205,2015,0.016429281
050100010205,2016,0.016668078
050100010205,2017,0.016202808
050100010205,2018,0.015269852
050100010205,2019,0.014087252
050100010205,2020,0.013617442
050100010206,2010,0.0
050100010206,2011,0.0
050100010206,2012,0.0
050100010206,2013,0.0
050100010206,2014,0.0
050100010206,2015,0.0
050100010206,2016,0.0
050100010206,2017,0.0
050100010206,2018,0.0
050100010206,2019,0.0
050100010206,2020,0.0
050100010207,2010,0.007259017
050100010207,2011,0.007146914
050100010207,2012,0.007642596
050100010207,2013,0.006994487
050100010207,2014,0.007156261
050100010207,2015,0.006747566
050100010207,2016,0.007281858
050100010207,2017,0.006288568
050100010207,2018,0.005958147
050100010207,2019,0.006566961
050100010207,2020,0.006508183
050100010301,2010,0.00540392
050100010301,2011,0.005021385
050100010301,2012,0.00552123
050100010301,2013,0.005262862
050100010301,2014,0.004867199
050100010301,2015,0.004775462
050100010301,2016,0.004878819
050100010301,2017,0.004578905
050100010301,2018,0.004008983
050100010301,2019,0.004690849
050100010301,2020,0.004788547
050100010302,2010,0.004949079
050100010302,2011,0.004600124
050100010302,2012,0.005054475
050100010302,2013,0.004818125
050100010302,2014,0.00445981
050100010302,2015,0.004375884
050100010302,2016,0.004471919
050100010302,2017,0.004199756
050100010302,2018,0.003679575
050100010302,2019,0.004298076
050100010302,2020,0.004388024
050100010303,2010,0.013049494
050100010303,2011,0.012264693
050100010303,2012,0.013483218
050100010303,2013,0.012802463
050100010303,2014,0.011923829
050100010303,2015,0.01162967
050100010303,2016,0.01189235
050100010303,2017,0.011136702
050100010303,2018,0.010051925
050100010303,2019,0.011287996
050100010303,2020,0.011577361
050100010304,2010,0.00035163
050100010304,2011,0.000336274
050100010304,2012,0.000369587
050100010304,2013,0.000348875
050100010304,2014,0.000328401
050100010304,2015,0.000317447
050100010304,2016,0.000325071
050100010304,2017,0.0003034
050100010304,2018,0.000286319
050100010304,2019,0.000302516
050100010304,2020,0.00031254
050100010305,2010,0.0
050100010305,2011,0.0
050100010305,2012,0.0
050100010305,2013,0.0
050100010305,2014,0.0
050100010305,2015,0.0
050100010305,2016,0.0
050100010305,2017,0.0
050100010305,2018,0.0
050100010305,2019,0.0
050100010305,2020,0.0
050100010306,2010,0.001040225
050100010306,2011,0.001025593
050100010306,2012,0.001037387
050100010306,2013,0.000925442
050100010306,2014,0.000864591
050100010306,2015,0.000868685
050100010306,2016,0.000833919
050100010306,2017,0.000747909
050100010306,2018,0.000643703
050100010306,2019,0.000747562
050100010306,2020,0.000816331
050100010307,2010,0.0
050100010307,2011,0.0
050100010307,2012,0.0
050100010307,2013,0.0
050100010307,2014,0.0
050100010307,2015,0.0
050100010307,2016,0.0
050100010307,2017,0.0
050100010307,2018,0.0
050100010307,2019,0.0
050100010307,2020,0.0
050100010308,2010,0.045939709
050100010308,2011,0.045929706
050100010308,2012,0.044658142
050100010308,2013,0.038667431
050100010308,2014,0.035974186
050100010308,2015,0.036909071
050100010308,2016,0.034189482
050100010308,2017,0.02993848
050100010308,2018,0.024227455
050100010308,2019,0.029970043
050100010308,2020,0.033815177
050100010309,2010,0.01323175
050100010309,2011,0.011438561
050100010309,2012,0.021117453
050100010309,2013,0.024872771
050100010309,2014,0.023835292
050100010309,2015,0.024615315
050100010309,2016,0.025270515
050100010309,2017,0.022965014
050100010309,2018,0.020189037
050100010309,2019,0.022840077
050100010309,2020,0.018165602
050100010310,2010,0.001379148
050100010310,2011,0.00092204
050100010310,2012,0.001003398
050100010310,2013,0.000933612
050100010310,2014,0.000900121
050100010310,2015,0.000901372
050100010310,2016,0.000935679
050100010310,2017,0.000882452
050100010310,2018,0.000820484
050100010310,2019,0.000852681
050100010310,2020,0.000886395
050100010311,2010,0.0
050100010311,2011,0.0
050100010311,2012,0.0
050100010311,2013,0.0
050100010311,2014,0.0
050100010311,2015,0.0
050100010311,2016,0.0
050100010311,2017,0.0
050100010311,2018,0.0
050100010311,2019,0.0
050100010311,2020,0.0
050100010601,2010,0.035539191
050100010601,2011,0.034458808
050100010601,2012,0.037217996
050100010601,2013,0.035233813
050100010601,2014,0.034028793
050100010601,2015,0.032768825
050100010601,2016,0.033803973
050100010601,2017,0.031145728
050100010601,2018,0.028827149
050100010601,2019,0.029392389
050100010601,2020,0.031558737
050100010602,2010,0.036865065
050100010602,2011,0.035744375
050100010602,2012,0.038606502
050100010602,2013,0.036548294
050100010602,2014,0.035298318
050100010602,2015,0.033991344
050100010602,2016,0.03506511
050100010602,2017,0.032307693
050100010602,2018,0.029902614
050100010602,2019,0.030488942
050100010602,2020,0.03273611
050100010603,2010,0.004044124
050100010603,2011,0.003931602
050100010603,2012,0.004277399
050100010603,2013,0.004025479
050100010603,2014,0.003885689
050100010603,2015,0.003754446
050100010603,2016,0.003859425
050100010603,2017,0.003573073
050100010603,2018,0.003297302
050100010603,2019,0.00336581
050100010603,2020,0.003596545
050100010604,2010,0.0624602
050100010604,2011,0.060561424
050100010604,2012,0.065410703
050100010604,2013,0.061923498
050100010604,2014,0.059805672
050100010604,2015,0.057591277
050100010604,2016,0.059410551
050100010604,2017,0.054738679
050100010604,2018,0.050663772
050100010604,2019,0.051657183
050100010604,2020,0.055464543
050100010901,2010,0.0
050100010901,2011,0.0
050100010901,2012,0.0
050100010901,2013,0.0
050100010901,2014,0.0
050100010901,2015,0.0
050100010901,2016,0.0
050100010901,2017,0.0
050100010901,2018,0.0
050100010901,2019,0.0
050100010901,2020,0.0
050100010902,2010,0.0
050100010902,2011,0.0
050100010902,2012,0.0
050100010902,2013,0.0
050100010902,2014,0.0
050100010902,2015,0.0
050100010902,2016,0.0
050100010902,2017,0.0
050100010902,2018,0.0
050100010902,2019,0.0
050100010902,2020,0.0
050100010903,2010,0.016742238
050100010903,2011,0.015505065
050100010903,2012,0.017022896
050100010903,2013,0.016009778
050100010903,2014,0.015693482
050100010903,2015,0.015708261
050100010903,2016,0.016148815
050100010903,2017,0.015476721
050100010903,2018,0.013499117
050100010903,2019,0.014547229
050100010903,2020,0.014634323
050100010904,2010,0.0
050100010904,2011,0.0
050100010904,2012,0.0
050100010904,2013,0.0
050100010904,2014,0.0
050100010904,2015,0.0
050100010904,2016,0.0
050100010904,2017,0.0
050100010904,2018,0.0
050100010904,2019,0.0
050100010904,2020,0.0
050100010905,2010,0.0
050100010905,2011,0.0
050100010905,2012,0.0
050100010905,2013,0.0
050100010905,2014,0.0
050100010905,2015,0.0
050100010905,2016,0.0
050100010905,2017,0.0
050100010905,2018,0.0
050100010905,2019,0.0
050100010905,2020,0.0
050100011001,2010,0.0
050100011001,2011,0.0
050100011001,2012,0.0
050100011001,2013,0.0
050100011001,2014,0.0
050100011001,2015,0.0
050100011001,2016,0.0
050100011001,2017,0.0
050100011001,2018,0.0
050100011001,2019,0.0
050100011001,2020,0.0
050100011003,2010,0.0
050100011003,2011,0.0
050100011003,2012,0.0
050100011003,2013,0.0
050100011003,2014,0.0
050100011003,2015,0.0
050100011003,2016,0.0
050100011003,2017,0.0
050100011003,2018,0.0
050100011003,2019,0.0
050100011003,2020,0.0
050100011004,2010,0.0
050100011004,2011,0.0
050100011004,2012,0.0
050100011004,2013,0.0
050100011004,2014,0.0
050100011004,2015,0.0
050100011004,2016,0.0
050100011004,2017,0.0
050100011004,2018,0.0
050100011004,2019,0.0
050100011004,2020,0.0
050100011101,2010,0.0
050100011101,2011,0.0
050100011101,2012,0.0
050100011101,2013,0.0
050100011101,2014,0.0
050100011101,2015,0.0
050100011101,2016,0.0
050100011101,2017,0.0
050100011101,2018,0.0
050100011101,2019,0.0
050100011101,2020,0.0
050100011102,2010,0.0
050100011102,2011,0.0
050100011102,2012,0.0
050100011102,2013,0.0
050100011102,2014,0.0
050100011102,2015,0.0
050100011102,2016,0.0
050100011102,2017,0.0
050100011102,2018,0.0
050100011102,2019,0.0
050100011102,2020,0.0
050100011103,2010,0.071625401
050100011103,2011,0.067011495
050100011103,2012,0.101557516
050100011103,2013,0.06913374
050100011103,2014,0.064700652
050100011103,2015,0.077397284
050100011103,2016,0.064610801
050100011103,2017,0.057942951
050100011103,2018,0.052231727
050100011103,2019,0.047194696
050100011103,2020,0.051017922
050100011104,2010,0.0
050100011104,2011,0.0
050100011104,2012,0.0
050100011104,2013,0.0
050100011104,2014,0.0
050100011104,2015,0.0
050100011104,2016,0.0
050100011104,2017,0.0
050100011104,2018,0.0
050100011104,2019,0.0
050100011104,2020,0.0
050100011105,2010,0.000281384
050100011105,2011,0.000273838
050100011105,2012,0.000298878
050100011105,2013,0.000274648
050100011105,2014,0.000280183
050100011105,2015,0.000271768
050100011105,2016,0.0003218
050100011105,2017,0.000297602
050100011105,2018,0.000263763
050100011105,2019,0.00025019
050100011105,2020,0.000260831
050100011106,2010,0.000121428
050100011106,2011,0.0001167
050100011106,2012,0.000124392
050100011106,2013,0.000124516
050100011106,2014,0.000112276
050100011106,2015,0.000111498
050100011106,2016,0.000115832
050100011106,2017,0.000109868
050100011106,2018,9.9354e-05
050100011106,2019,0.000102942
050100011106,2020,0.000107737
050100011107,2010,0.00810486
050100011107,2011,0.005201719
050100011107,2012,0.005784907
050100011107,2013,0.005485697
050100011107,2014,0.005501575
050100011107,2015,0.00446137
050100011107,2016,0.004416157
050100011107,2017,0.005352505
050100011107,2018,0.005106182
050100011107,2019,0.005119325
050100011107,2020,0.00549921
050100011108,2010,0.024780327
050100011108,2011,0.016099314
050100011108,2012,0.018120855
050100011108,2013,0.01719314
050100011108,2014,0.017199014
050100011108,2015,0.013948024
050100011108,2016,0.013852695
050100011108,2017,0.016751889
050100011108,2018,0.015964409
050100011108,2019,0.016034881
050100011108,2020,0.017192613
050100011201,2010,0.0
050100011201,2011,0.0
050100011201,2012,0.0
050100011201,2013,0.0
050100011201,2014,0.0
050100011201,2015,0.0
050100011201,2016,0.0
050100011201,2017,0.0
050100011201,2018,0.0
050100011201,2019,0.0
050100011201,2020,0.0
050100011202,2010,0.0
050100011202,2011,0.0
050100011202,2012,0.0
050100011202,2013,0.0
050100011202,2014,0.0
050100011202,2015,0.0
050100011202,2016,0.0
050100011202,2017,0.0
050100011202,2018,0.0
050100011202,2019,0.0
050100011202,2020,0.0
050100011203,2010,0.0
050100011203,2011,0.0
050100011203,2012,0.0
050100011203,2013,0.0
050100011203,2014,0.0
050100011203,2015,0.0
050100011203,2016,0.0
050100011203,2017,0.0
050100011203,2018,0.0
050100011203,2019,0.0
050100011203,2020,0.0
050100011204,2010,0.0
050100011204,2011,0.0
050100011204,2012,0.0
050100011204,2013,0.0
050100011204,2014,0.0
050100011204,2015,0.0
050100011204,2016,0.0
050100011204,2017,0.0
050100011204,2018,0.0
050100011204,2019,0.0
050100011204,2020,0.0
050100011205,2010,0.0
050100011205,2011,0.0
050100011205,2012,0.0
050100011205,2013,0.0
050100011205,2014,0.0
050100011205,2015,0.0
050100011205,2016,0.0
050100011205,2017,0.0
050100011205,2018,0.0
050100011205,2019,0.0
050100011205,2020,0.0
050100011206,2010,0.0
050100011206,2011,0.0
050100011206,2012,0.0
050100011206,2013,0.0
050100011206,2014,0.0
050100011206,2015,0.0
050100011206,2016,0.0
050100011206,2017,0.0
050100011206,2018,0.0
050100011206,2019,0.0
050100011206,2020,0.0
050100011207,2010,0.000442966
050100011207,2011,0.000412295
050100011207,2012,0.00045364
050100011207,2013,0.000431165
050100011207,2014,0.00040681
050100011207,2015,0.000355735
050100011207,2016,0.000407526
050100011207,2017,0.000380977
050100011207,2018,0.000328887
050100011207,2019,0.000326334
050100011207,2020,0.000329633
050100011208,2010,0.0
050100011208,2011,0.0
050100011208,2012,0.0
050100011208,2013,0.0
050100011208,2014,0.0
050100011208,2015,0.0
050100011208,2016,0.0
050100011208,2017,0.0
050100011208,2018,0.0
050100011208,2019,0.0
050100011208,2020,0.0
050100011209,2010,0.07205165
050100011209,2011,0.069820709
050100011209,2012,0.077241041
050100011209,2013,0.072220536
050100011209,2014,0.069380994
050100011209,2015,0.068702904
050100011209,2016,0.072207033
050100011209,2017,0.067635896
050100011209,2018,0.059704152
050100011209,2019,0.055156495
050100011209,2020,0.070722871
050100020501,2010,0.0
050100020501,2011,0.0
050100020501,2012,0.0
050100020501,2013,0.0
050100020501,2014,0.0
050100020501,2015,0.0
050100020501,2016,0.0
050100020501,2017,0.0
050100020501,2018,0.0
050100020501,2019,0.0
050100020501,2020,0.0
050100020504,2010,0.0
050100020504,2011,0.0
050100020504,2012,0.0
050100020504,2013,0.0
050100020504,2014,0.0
050100020504,2015,0.0
050100020504,2016,0.0
050100020504,2017,0.0
050100020504,2018,0.0
050100020504,2019,0.0
050100020504,2020,0.0
050100020505,2010,0.011689107
050100020505,2011,0.011161772
050100020505,2012,0.013093883
050100020505,2013,0.012664561
050100020505,2014,0.012174628
050100020505,2015,0.01148775
050100020505,2016,0.012447157
050100020505,2017,0.01177764
050100020505,2018,0.011698886
050100020505,2019,0.011831644
050100020505,2020,0.012227818
050100020506,2010,9.9567e-05
050100020506,2011,9.5075e-05
050100020506,2012,0.000111532
050100020506,2013,0.000107875
050100020506,2014,0.000103702
050100020506,2015,9.7851e-05
050100020506,2016,0.000106023
050100020506,2017,0.000100321
050100020506,2018,9.965e-05
050100020506,2019,0.000100781
050100020506,2020,0.000104155
050100020507,2010,0.011160526
050100020507,2011,0.01047519
050100020507,2012,0.011533157
050100020507,2013,0.010735134
050100020507,2014,0.010448574
050100020507,2015,0.00982521
050100020507,2016,0.010171696
050100020507,2017,0.009681617
050100020507,2018,0.008710739
050100020507,2019,0.00896756
050100020507,2020,0.009885783
050100020508,2010,0.05527889
050100020508,2011,0.053369355
050100020508,2012,0.058878794
050100020508,2013,0.054948275
050100020508,2014,0.052879817
050100020508,2015,0.05210667
050100020508,2016,0.054590542
050100020508,2017,0.051219626
050100020508,2018,0.045115433
050100020508,2019,0.04212884
050100020508,2020,0.053426026
050100030101,2010,0.0
050100030101,2011,0.0
050100030101,2012,0.0
050100030101,2013,0.0
050100030101,2014,0.0
050100030101,2015,0.0
050100030101,2016,0.0
050100030101,2017,0.0
050100030101,2018,0.0
050100030101,2019,0.0
050100030101,2020,0.0
050100030102,2010,0.0
050100030102,2011,0.0
050100030102,2012,0.0
050100030102,2013,0.0
050100030102,2014,0.0
050100030102,2015,0.0
050100030102,2016,0.0
050100030102,2017,0.0
050100030102,2018,0.0
050100030102,2019,0.0
050100030102,2020,0.0
050100030103,2010,5.606e-06
050100030103,2011,4.931e-06
050100030103,2012,5.618e-06
050100030103,2013,5.15e-06
050100030103,2014,5.255e-06
050100030103,2015,4.961e-06
050100030103,2016,5.076e-06
050100030103,2017,4.772e-06
050100030103,2018,4.286e-06
050100030103,2019,4.3e-06
050100030103,2020,4.267e-06
050100030104,2010,0.0
050100030104,2011,0.0
050100030104,2012,0.0
050100030104,2013,0.0
050100030104,2014,0.0
050100030104,2015,0.0
050100030104,2016,0.0
050100030104,2017,0.0
050100030104,2018,0.0
050100030104,2019,0.0
050100030104,2020,0.0
050100030105,2010,1.1212e-05
050100030105,2011,9.861e-06
050100030105,2012,1.1237e-05
050100030105,2013,1.03e-05
050100030105,2014,1.0509e-05
050100030105,2015,9.923e-06
050100030105,2016,1.0152e-05
050100030105,2017,9.544e-06
050100030105,2018,8.571e-06
050100030105,2019,8.599e-06
050100030105,2020,8.535e-06
050100030106,2010,0.004840617
050100030106,2011,0.004247503
050100030106,2012,0.004995188
050100030106,2013,0.004366424
050100030106,2014,0.004455143
050100030106,2015,0.005097586
050100030106,2016,0.005713954
050100030106,2017,0.005138255
050100030106,2018,0.00481024
050100030106,2019,0.004036415
050100030106,2020,0.00432394
050100030201,2010,0.019490695
050100030201,2011,0.018050425
050100030201,2012,0.019817428
050100030201,2013,0.018637993
050100030201,2014,0.018269772
050100030201,2015,0.018286977
050100030201,2016,0.018799854
050100030201,2017,0.018017427
050100030201,2018,0.015715174
050100030201,2019,0.016935347
050100030201,2020,0.017036738
050100030202,2010,0.0
050100030202,2011,0.0
050100030202,2012,0.0
050100030202,2013,0.0
050100030202,2014,0.0
050100030202,2015,0.0
050100030202,2016,0.0
050100030202,2017,0.0
050100030202,2018,0.0
050100030202,2019,0.0
050100030202,2020,0.0
050100030301,2010,0.0
050100030301,2011,0.0
050100030301,2012,0.0
050100030301,2013,0.0
050100030301,2014,0.0
050100030301,2015,0.0
050100030301,2016,0.0
050100030301,2017,0.0
050100030301,2018,0.0
050100030301,2019,0.0
050100030301,2020,0.0
050100030302,2010,0.0
050100030302,2011,0.0
050100030302,2012,0.0
050100030302,2013,0.0
050100030302,2014,0.0
050100030302,2015,0.0
050100030302,2016,0.0
050100030302,2017,0.0
050100030302,2018,0.0
050100030302,2019,0.0
050100030302,2020,0.0
050100030303,2010,0.0
050100030303,2011,0.0
050100030303,2012,0.0
050100030303,2013,0.0
050100030303,2014,0.0
050100030303,2015,0.0
050100030303,2016,0.0
050100030303,2017,0.0
050100030303,2018,0.0
050100030303,2019,0.0
050100030303,2020,0.0
050100030304,2010,0.004955586
050100030304,2011,0.004811623
050100030304,2012,0.006194802
050100030304,2013,0.004850015
050100030304,2014,0.004708626
050100030304,2015,0.004781379
050100030304,2016,0.005560682
050100030304,2017,0.005338671
050100030304,2018,0.00511976
050100030304,2019,0.004923157
050100030304,2020,0.005561738
050100030305,2010,0.013481252
050100030305,2011,0.015234122
050100030305,2012,0.014835254
050100030305,2013,0.012701196
050100030305,2014,0.013147995
050100030305,2015,0.014151286
050100030305,2016,0.014992736
050100030305,2017,0.013385272
050100030305,2018,0.012806147
050100030305,2019,0.012485376
050100030305,2020,0.013819723
050100030401,2010,0.0
050100030401,2011,0.0
050100030401,2012,0.0
050100030401,2013,0.0
050100030401,2014,0.0
050100030401,2015,0.0
050100030401,2016,0.0
050100030401,2017,0.0
050100030401,2018,0.0
050100030401,2019,0.0
050100030401,2020,0.0
050100030402,2010,0.0
050100030402,2011,0.0
050100030402,2012,0.0
050100030402,2013,0.0
050100030402,2014,0.0
050100030402,2015,0.0
050100030402,2016,0.0
050100030402,2017,0.0
050100030402,2018,0.0
050100030402,2019,0.0
050100030402,2020,0.0
050100030403,2010,0.0
050100030403,2011,0.0
050100030403,2012,0.0
050100030403,2013,0.0
050100030403,2014,0.0
050100030403,2015,0.0
050100030403,2016,0.0
050100030403,2017,0.0
050100030403,2018,0.0
050100030403,2019,0.0
050100030403,2020,0.0
050100030404,2010,0.00778191
050100030404,2011,0.007533436
050100030404,2012,0.008607192
050100030404,2013,0.008573834
050100030404,2014,0.00851378
050100030404,2015,0.008308669
050100030404,2016,0.008413963
050100030404,2017,0.008076102
050100030404,2018,0.007464305
050100030404,2019,0.007919007
050100030404,2020,0.008444588
050100030405,2010,0.0
050100030405,2011,0.0
050100030405,2012,0.0
050100030405,2013,0.0
050100030405,2014,0.0
050100030405,2015,0.0
050100030405,2016,0.0
050100030405,2017,0.0
050100030405,2018,0.0
050100030405,2019,0.0
050100030405,2020,0.0
050100030406,2010,0.000197852
050100030406,2011,0.00017353
050100030406,2012,0.000205318
050100030406,2013,0.000177831
050100030406,2014,0.000181442
050100030406,2015,0.000214847
050100030406,2016,0.000244166
050100030406,2017,0.000218138
050100030406,2018,0.000205464
050100030406,2019,0.000167566
050100030406,2020,0.000181834
050100030501,2010,0.0
050100030501,2011,0.0
050100030501,2012,0.0
050100030501,2013,0.0
050100030501,2014,0.0
050100030501,2015,0.0
050100030501,2016,0.0
050100030501,2017,0.0
050100030501,2018,0.0
050100030501,2019,0.0
050100030501,2020,0.0
050100030502,2010,0.0
050100030502,2011,0.0
050100030502,2012,0.0
050100030502,2013,0.0
050100030502,2014,0.0
050100030502,2015,0.0
050100030502,2016,0.0
050100030502,2017,0.0
050100030502,2018,0.0
050100030502,2019,0.0
050100030502,2020,0.0
050100030503,2010,0.001729876
050100030503,2011,0.001632652
050100030503,2012,0.001777823
050100030503,2013,0.001591272
050100030503,2014,0.001600806
050100030503,2015,0.001558732
050100030503,2016,0.001525682
050100030503,2017,0.001489196
050100030503,2018,0.001336073
050100030503,2019,0.001356198
050100030503,2020,0.001472325
050100030601,2010,0.0
050100030601,2011,0.0
050100030601,2012,0.0
050100030601,2013,0.0
050100030601,2014,0.0
050100030601,2015,0.0
050100030601,2016,0.0
050100030601,2017,0.0
050100030601,2018,0.0
050100030601,2019,0.0
050100030601,2020,0.0
050100030602,2010,0.0
050100030602,2011,0.0
050100030602,2012,0.0
050100030602,2013,0.0
050100030602,2014,0.0
050100030602,2015,0.0
050100030602,2016,0.0
050100030602,2017,0.0
050100030602,2018,0.0
050100030602,2019,0.0
050100030602,2020,0.0
050100030603,2010,0.000198622
050100030603,2011,0.00018926
050100030603,2012,0.000211702
050100030603,2013,0.000199129
050100030603,2014,0.00019318
050100030603,2015,0.000187347
050100030603,2016,0.000191343
050100030603,2017,0.000188298
050100030603,2018,0.000173168
050100030603,2019,0.000166294
050100030603,2020,0.000173327
050100030604,2010,0.047093493
050100030604,2011,0.044333209
050100030604,2012,0.048067072
050100030604,2013,0.042884979
050100030604,2014,0.043349967
050100030604,2015,0.041379142
050100030604,2016,0.040825982
050100030604,2017,0.039555674
050100030604,2018,0.035842919
050100030604,2019,0.036323142
050100030604,2020,0.039715193
050100030605,2010,0.0
050100030605,2011,0.0
050100030605,2012,0.0
050100030605,2013,0.0
050100030605,2014,0.0
050100030605,2015,0.0
050100030605,2016,0.0
050100030605,2017,0.0
050100030605,2018,0.0
050100030605,2019,0.0
050100030605,2020,0.0
050100030606,2010,0.024213003
050100030606,2011,0.024922868
050100030606,2012,0.029584335
050100030606,2013,0.02821151
050100030606,2014,0.024793183
050100030606,2015,0.02376218
050100030606,2016,0.023141799
050100030606,2017,0.022436591
050100030606,2018,0.021021877
050100030606,2019,0.022329522
050100030606,2020,0.024729341
050100030701,2010,0.0
050100030701,2011,0.0
050100030701,2012,0.0
050100030701,2013,0.0
050100030701,2014,0.0
050100030701,2015,0.0
050100030701,2016,0.0
050100030701,2017,0.0
050100030701,2018,0.0
050100030701,2019,0.0
050100030701,2020,0.0
050100030702,2010,0.0
050100030702,2011,0.0
050100030702,2012,0.0
050100030702,2013,0.0
050100030702,2014,0.0
050100030702,2015,0.0
050100030702,2016,0.0
050100030702,2017,0.0
050100030702,2018,0.0
050100030702,2019,0.0
050100030702,2020,0.0
050100030703,2010,0.0
050100030703,2011,0.0
050100030703,2012,0.0
050100030703,2013,0.0
050100030703,2014,0.0
050100030703,2015,0.0
050100030703,2016,0.0
050100030703,2017,0.0
050100030703,2018,0.0
050100030703,2019,0.0
050100030703,2020,0.0
050100030801,2010,0.0
050100030801,2011,0.0
050100030801,2012,0.0
050100030801,2013,0.0
050100030801,2014,0.0
050100030801,2015,0.0
050100030801,2016,0.0
050100030801,2017,0.0
050100030801,2018,0.0
050100030801,2019,0.0
050100030801,2020,0.0
050100030802,2010,0.007201056
050100030802,2011,0.004250957
050100030802,2012,0.005669012
050100030802,2013,0.005264919
050100030802,2014,0.006932738
050100030802,2015,0.005970487
050100030802,2016,0.004797169
050100030802,2017,0.006304361
050100030802,2018,0.007062349
050100030802,2019,0.00710303
050100030802,2020,0.004185982
050100030803,2010,0.0
050100030803,2011,0.0
050100030803,2012,0.0
050100030803,2013,0.0
050100030803,2014,0.0
050100030803,2015,0.0
050100030803,2016,0.0
050100030803,2017,0.0
050100030803,2018,0.0
050100030803,2019,0.0
050100030803,2020,0.0
050100030804,2010,0.031891402
050100030804,2011,0.038754625
050100030804,2012,0.042208239
050100030804,2013,0.03464995
050100030804,2014,0.036267118
050100030804,2015,0.040778549
050100030804,2016,0.035889707
050100030804,2017,0.042319761
050100030804,2018,0.037962521
050100030804,2019,0.039080515
050100030804,2020,0.033377725
050100030901,2010,0.000267972
050100030901,2011,0.000247492
050100030901,2012,0.000269447
050100030901,2013,0.000256339
050100030901,2014,0.000250513
050100030901,2015,0.000240656
050100030901,2016,0.000254305
050100030901,2017,0.00023837
050100030901,2018,0.000222191
050100030901,2019,0.000235776
050100030901,2020,0.000227986
050100030902,2010,0.0
050100030902,2011,0.0
050100030902,2012,0.0
050100030902,2013,0.0
050100030902,2014,0.0
050100030902,2015,0.0
050100030902,2016,0.0
050100030902,2017,0.0
050100030902,2018,0.0
050100030902,2019,0.0
050100030902,2020,0.0
050100030903,2010,0.008018834
050100030903,2011,0.007548827
050100030903,2012,0.00818461
050100030903,2013,0.00730223
050100030903,2014,0.007381406
050100030903,2015,0.007045824
050100030903,2016,0.006951635
050100030903,2017,0.006735333
050100030903,2018,0.006103145
050100030903,2019,0.006184915
050100030903,2020,0.006762495
050100030904,2010,0.033007605
050100030904,2011,0.036935717
050100030904,2012,0.042325307
050100030904,2013,0.043497331
050100030904,2014,0.024730155
050100030904,2015,0.030497776
050100030904,2016,0.033001605
050100030904,2017,0.033439956
050100030904,2018,0.03085102
050100030904,2019,0.03031353
050100030904,2020,0.027329685
050100030905,2010,0.165044395
050100030905,2011,0.175455803
050100030905,2012,0.205742119
050100030905,2013,0.204172916
050100030905,2014,0.147482162
050100030905,2015,0.157460975
050100030905,2016,0.161924759
050100030905,2017,0.160956488
050100030905,2018,0.145936932
050100030905,2019,0.153778197
050100030905,2020,0.153876288
050100030906,2010,0.006554639
050100030906,2011,0.008221379
050100030906,2012,0.009944893
050100030906,2013,0.009115328
050100030906,2014,0.008413824
050100030906,2015,0.006970895
050100030906,2016,0.009506611
050100030906,2017,0.006837287
050100030906,2018,0.006487246
050100030906,2019,0.007143048
050100030906,2020,0.007626452
050100030907,2010,0.026812969
050100030907,2011,0.025160476
050100030907,2012,0.026742838
050100030907,2013,0.024630703
050100030907,2014,0.025352415
050100030907,2015,0.021718749
050100030907,2016,0.020259949
050100030907,2017,0.019264405
050100030907,2018,0.017094293
050100030907,2019,0.023009115
050100030907,2020,0.02206073
050100030908,2010,0.0
050100030908,2011,0.0
050100030908,2012,0.0
050100030908,2013,0.0
050100030908,2014,0.0
050100030908,2015,0.0
050100030908,2016,0.0
050100030908,2017,0.0
050100030908,2018,0.0
050100030908,2019,0.0
050100030908,2020,0.0
050100030909,2010,0.0091273
050100030909,2011,0.010657621
050100030909,2012,0.011575106
050100030909,2013,0.009509496
050100030909,2014,0.009089748
050100030909,2015,0.008363499
050100030909,2016,0.009630776
050100030909,2017,0.009808706
050100030909,2018,0.008760477
050100030909,2019,0.009057884
050100030909,2020,0.007604238
050100040101,2010,0.0
050100040101,2011,0.0
050100040101,2012,0.0
050100040101,2013,0.0
050100040101,2014,0.0
050100040101,2015,0.0
050100040101,2016,0.0
050100040101,2017,0.0
050100040101,2018,0.0
050100040101,2019,0.0
050100040101,2020,0.0
050100040102,2010,0.0
050100040102,2011,0.0
050100040102,2012,0.0
050100040102,2013,0.0
050100040102,2014,0.0
050100040102,2015,0.0
050100040102,2016,0.0
050100040102,2017,0.0
050100040102,2018,0.0
050100040102,2019,0.0
050100040102,2020,0.0
050100040103,2010,0.001690595
050100040103,2011,0.002054099
050100040103,2012,0.001973464
050100040103,2013,0.001336791
050100040103,2014,0.001284651
050100040103,2015,0.001223523
050100040103,2016,0.001294327
050100040103,2017,0.001243442
050100040103,2018,0.001169821
050100040103,2019,0.001205789
050100040103,2020,0.001272408
050100040201,2010,0.007036403
050100040201,2011,0.006571971
050100040201,2012,0.009867601
050100040201,2013,0.006782702
050100040201,2014,0.006360422
050100040201,2015,0.007550198
050100040201,2016,0.006350339
050100040201,2017,0.005706245
050100040201,2018,0.00515464
050100040201,2019,0.004681374
050100040201,2020,0.005054056
050100040202,2010,0.02921933
050100040202,2011,0.02673301
050100040202,2012,0.030512359
050100040202,2013,0.028103945
050100040202,2014,0.02857899
050100040202,2015,0.028508327
050100040202,2016,0.024412056
050100040202,2017,0.022855268
050100040202,2018,0.024277254
050100040202,2019,0.024711806
050100040202,2020,0.02550071
050100040303,2010,0.002249566
050100040303,2011,0.0028755
050100040303,2012,0.002659928
050100040303,2013,0.001656786
050100040303,2014,0.001596656
050100040303,2015,0.001488177
050100040303,2016,0.001582015
050100040303,2017,0.001543106
050100040303,2018,0.001440785
050100040303,2019,0.001479927
050100040303,2020,0.001428049
050100040304,2010,0.0
050100040304,2011,0.0
050100040304,2012,0.0
050100040304,2013,0.0
050100040304,2014,0.0
050100040304,2015,0.0
050100040304,2016,0.0
050100040304,2017,0.0
050100040304,2018,0.0
050100040304,2019,0.0
050100040304,2020,0.0
050100040401,2010,0.0
050100040401,2011,0.0
050100040401,2012,0.0
050100040401,2013,0.0
050100040401,2014,0.0
050100040401,2015,0.0
050100040401,2016,0.0
050100040401,2017,0.0
050100040401,2018,0.0
050100040401,2019,0.0
050100040401,2020,0.0
050100040402,2010,0.042332595
050100040402,2011,0.040425842
050100040402,2012,0.047714806
050100040402,2013,0.047375255
050100040402,2014,0.042854893
050100040402,2015,0.047048502
050100040402,2016,0.043922124
050100040402,2017,0.042108237
050100040402,2018,0.043242534
050100040402,2019,0.048661271
050100040402,2020,0.046801363
050100040501,2010,0.0
050100040501,2011,0.0
050100040501,2012,0.0
050100040501,2013,0.0
050100040501,2014,0.0
050100040501,2015,0.0
050100040501,2016,0.0
050100040501,2017,0.0
050100040501,2018,0.0
050100040501,2019,0.0
050100040501,2020,0.0
050100040502,2010,0.0
050100040502,2011,0.0
050100040502,2012,0.0
050100040502,2013,0.0
050100040502,2014,0.0
050100040502,2015,0.0
050100040502,2016,0.0
050100040502,2017,0.0
050100040502,2018,0.0
050100040502,2019,0.0
050100040502,2020,0.0
050100040601,2010,0.0
050100040601,2011,0.0
050100040601,2012,0.0
050100040601,2013,0.0
050100040601,2014,0.0
050100040601,2015,0.0
050100040601,2016,0.0
050100040601,2017,0.0
050100040601,2018,0.0
050100040601,2019,0.0
050100040601,2020,0.0
050100040602,2010,0.0
050100040602,2011,0.0
050100040602,2012,0.0
050100040602,2013,0.0
050100040602,2014,0.0
050100040602,2015,0.0
050100040602,2016,0.0
050100040602,2017,0.0
050100040602,2018,0.0
050100040602,2019,0.0
050100040602,2020,0.0
050100040603,2010,0.012954363
050100040603,2011,0.012263499
050100040603,2012,0.014651164
050100040603,2013,0.01264587
050100040603,2014,0.012174553
050100040603,2015,0.012161581
050100040603,2016,0.012309177
050100040603,2017,0.014241697
050100040603,2018,0.010448653
050100040603,2019,0.010947173
050100040603,2020,0.011243849
050100040701,2010,0.012246635
050100040701,2011,0.011484688
050100040701,2012,0.029631179
050100040701,2013,0.027551944
050100040701,2014,0.011446993
050100040701,2015,0.026773381
050100040701,2016,0.026809173
050100040701,2017,0.027061119
050100040701,2018,0.023437721
050100040701,2019,0.023562459
050100040701,2020,0.023150633
050100040702,2010,0.003300826
050100040702,2011,0.003130196
050100040702,2012,0.003730609
050100040702,2013,0.003249334
050100040702,2014,0.003087276
050100040702,2015,0.003109179
050100040702,2016,0.003134604
050100040702,2017,0.003546838
050100040702,2018,0.002673151
050100040702,2019,0.002801407
050100040702,2020,0.002865912
050100040703,2010,0.0
050100040703,2011,0.0
050100040703,2012,0.0
050100040703,2013,0.0
050100040703,2014,0.0
050100040703,2015,0.0
050100040703,2016,0.0
050100040703,2017,0.0
050100040703,2018,0.0
050100040703,2019,0.0
050100040703,2020,0.0
050100040801,2010,0.0
050100040801,2011,0.0
050100040801,2012,0.0
050100040801,2013,0.0
050100040801,2014,0.0
050100040801,2015,0.0
050100040801,2016,0.0
050100040801,2017,0.0
050100040801,2018,0.0
050100040801,2019,0.0
050100040801,2020,0.0
050100040802,2010,7.8261e-05
050100040802,2011,7.4746e-05
050100040802,2012,8.629e-05
050100040802,2013,8.0057e-05
050100040802,2014,7.5241e-05
050100040802,2015,7.1545e-05
050100040802,2016,7.2597e-05
050100040802,2017,6.8784e-05
050100040802,2018,6.1216e-05
050100040802,2019,6.3676e-05
050100040802,2020,7.0791e-05
050100040803,2010,7.266e-06
050100040803,2011,7.022e-06
050100040803,2012,7.98e-06
050100040803,2013,7.557e-06
050100040803,2014,7.333e-06
050100040803,2015,7.385e-06
050100040803,2016,7.542e-06
050100040803,2017,7.361e-06
050100040803,2018,6.791e-06
050100040803,2019,6.896e-06
050100040803,2020,7.272e-06
050100040804,2010,0.0
050100040804,2011,0.0
050100040804,2012,0.0
050100040804,2013,0.0
050100040804,2014,0.0
050100040804,2015,0.0
050100040804,2016,0.0
050100040804,2017,0.0
050100040804,2018,0.0
050100040804,2019,0.0
050100040804,2020,0.0
050100040805,2010,0.0
050100040805,2011,0.0
050100040805,2012,0.0
050100040805,2013,0.0
050100040805,2014,0.0
050100040805,2015,0.0
050100040805,2016,0.0
050100040805,2017,0.0
050100040805,2018,0.0
050100040805,2019,0.0
050100040805,2020,0.0
050100040806,2010,0.003303686
050100040806,2011,0.003212783
050100040806,2012,0.003628254
050100040806,2013,0.003275164
050100040806,2014,0.003076232
050100040806,2015,0.002937359
050100040806,2016,0.003021618
050100040806,2017,0.002837909
050100040806,2018,0.002606942
050100040806,2019,0.002671283
050100040806,2020,0.00291729
050100040807,2010,0.039480098
050100040807,2011,0.043865751
050100040807,2012,0.050280216
050100040807,2013,0.051401004
050100040807,2014,0.029883884
050100040807,2015,0.036453125
050100040807,2016,0.039322603
050100040807,2017,0.039733651
050100040807,2018,0.036602597
050100040807,2019,0.03604332
050100040807,2020,0.032775644
050100040901,2010,0.020201025
050100040901,2011,0.019005191
050100040901,2012,0.021323245
050100040901,2013,0.019805907
050100040901,2014,0.018842986
050100040901,2015,0.018983301
050100040901,2016,0.019542388
050100040901,2017,0.019149557
050100040901,2018,0.017955805
050100040901,2019,0.018249771
050100040901,2020,0.018460047
050100040902,2010,0.000775128
050100040902,2011,0.000695788
050100040902,2012,0.000826374
050100040902,2013,0.000746044
050100040902,2014,0.000671653
050100040902,2015,0.000635005
050100040902,2016,0.000679163
050100040902,2017,0.000617888
050100040902,2018,0.000576349
050100040902,2019,0.000607075
050100040902,2020,0.000622693
050100040903,2010,0.045256572
050100040903,2011,0.042647802
050100040903,2012,0.048326491
050100040903,2013,0.047341015
050100040903,2014,0.043024526
050100040903,2015,0.042349836
050100040903,2016,0.042122761
050100040903,2017,0.040353521
050100040903,2018,0.040932105
050100040903,2019,0.043586217
050100040903,2020,0.045369312
050100040904,2010,0.005774046
050100040904,2011,0.005762296
050100040904,2012,0.006372398
050100040904,2013,0.005688106
050100040904,2014,0.005423351
050100040904,2015,0.005379896
050100040904,2016,0.005307086
050100040904,2017,0.005115044
050100040904,2018,0.004742992
050100040904,2019,0.004714836
050100040904,2020,0.004730039
050100040905,2010,0.003267039
050100040905,2011,0.003247739
050100040905,2012,0.003627657
050100040905,2013,0.003280092
050100040905,2014,0.003181954
050100040905,2015,0.003151734
050100040905,2016,0.003127937
050100040905,2017,0.003028459
050100040905,2018,0.002733199
050100040905,2019,0.002743639
050100040905,2020,0.002740541
050100040906,2010,0.110526478
050100040906,2011,0.104920461
050100040906,2012,0.124723093
050100040906,2013,0.108025158
050100040906,2014,0.103978722
050100040906,2015,0.104065794
050100040906,2016,0.105067071
050100040906,2017,0.120813177
050100040906,2018,0.089198797
050100040906,2019,0.093490456
050100040906,2020,0.096220108
050100040907,2010,0.004898779
050100040907,2011,0.006222526
050100040907,2012,0.005523114
050100040907,2013,0.005004601
050100040907,2014,0.005034189
050100040907,2015,0.006226709
050100040907,2016,0.005857251
050100040907,2017,0.005925653
050100040907,2018,0.004513024
050100040907,2019,0.004544784
050100040907,2020,0.005824931
050100040908,2010,0.0
050100040908,2011,0.0
050100040908,2012,0.0
050100040908,2013,0.0
050100040908,2014,0.0
050100040908,2015,0.0
050100040908,2016,0.0
050100040908,2017,0.0
050100040908,2018,0.0
050100040908,2019,0.0
050100040908,2020,0.0
050100040909,2010,0.123297099
050100040909,2011,0.139134458
050100040909,2012,0.157330987
050100040909,2013,0.160930267
050100040909,2014,0.09400444
050100040909,2015,0.116239437
050100040909,2016,0.12462259
050100040909,2017,0.12636479
050100040909,2018,0.115214644
050100040909,2019,0.113428325
050100040909,2020,0.10439787
050100050101,2010,0.0
050100050101,2011,0.0
050100050101,2012,0.0
050100050101,2013,0.0
050100050101,2014,0.0
050100050101,2015,0.0
050100050101,2016,0.0
050100050101,2017,0.0
050100050101,2018,0.0
050100050101,2019,0.0
050100050101,2020,0.0
050100050102,2010,0.00389634
050100050102,2011,0.003818778
050100050102,2012,0.003712193
050100050102,2013,0.002450936
050100050102,2014,0.002700891
050100050102,2015,0.002957635
050100050102,2016,0.00270722
050100050102,2017,0.002642896
050100050102,2018,0.002424502
050100050102,2019,0.002112271
050100050102,2020,0.002586506
050100050201,2010,8.9819e-05
050100050201,2011,8.3182e-05
050100050201,2012,9.1325e-05
050100050201,2013,8.5889e-05
050100050201,2014,8.4192e-05
050100050201,2015,8.4272e-05
050100050201,2016,8.6635e-05
050100050201,2017,8.303e-05
050100050201,2018,7.242e-05
050100050201,2019,7.8043e-05
050100050201,2020,7.851e-05
050100050202,2010,0.0
050100050202,2011,0.0
050100050202,2012,0.0
050100050202,2013,0.0
050100050202,2014,0.0
050100050202,2015,0.0
050100050202,2016,0.0
050100050202,2017,0.0
050100050202,2018,0.0
050100050202,2019,0.0
050100050202,2020,0.0
050100050203,2010,0.018077896
050100050203,2011,0.017759448
050100050203,2012,0.017172989
050100050203,2013,0.011175893
050100050203,2014,0.012329146
050100050203,2015,0.013545632
050100050203,2016,0.012301189
050100050203,2017,0.012069946
050100050203,2018,0.011051334
050100050203,2019,0.009499929
050100050203,2020,0.011754253
050100050301,2010,0.15461619
050100050301,2011,0.140478342
050100050301,2012,0.160797974
050100050301,2013,0.149527025
050100050301,2014,0.161172391
050100050301,2015,0.164613481
050100050301,2016,0.176729661
050100050301,2017,0.156233566
050100050301,2018,0.148989172
050100050301,2019,0.164033774
050100050301,2020,0.168430942
050100050302,2010,0.019166553
050100050302,2011,0.018562215
050100050302,2012,0.019612184
050100050302,2013,0.013446816
050100050302,2014,0.014750864
050100050302,2015,0.014205947
050100050302,2016,0.014563442
050100050302,2017,0.013826511
050100050302,2018,0.012770485
050100050302,2019,0.014107358
050100050302,2020,0.014504656
050100050401,2010,0.0
050100050401,2011,0.0
050100050401,2012,0.0
050100050401,2013,0.0
050100050401,2014,0.0
050100050401,2015,0.0
050100050401,2016,0.0
050100050401,2017,0.0
050100050401,2018,0.0
050100050401,2019,0.0
050100050401,2020,0.0
050100050402,2010,0.0
050100050402,2011,0.0
050100050402,2012,0.0
050100050402,2013,0.0
050100050402,2014,0.0
050100050402,2015,0.0
050100050402,2016,0.0
050100050402,2017,0.0
050100050402,2018,0.0
050100050402,2019,0.0
050100050402,2020,0.0
050100050403,2010,0.008827474
050100050403,2011,0.008933165
050100050403,2012,0.009073009
050100050403,2013,0.008968903
050100050403,2014,0.008800164
050100050403,2015,0.012105028
050100050403,2016,0.009024684
050100050403,2017,0.01244219
050100050403,2018,0.011265195
050100050403,2019,0.01286953
050100050403,2020,0.011965629
050100050404,2010,0.00055071
050100050404,2011,0.000548525
050100050404,2012,0.000607551
050100050404,2013,0.00054541
050100050404,2014,0.000578935
050100050404,2015,0.000623603
050100050404,2016,0.00062089
050100050404,2017,0.000607414
050100050404,2018,0.000550236
050100050404,2019,0.000613192
050100050404,2020,0.000653742
050100050405,2010,0.030239445
050100050405,2011,0.030601498
050100050405,2012,0.031080551
050100050405,2013,0.030723924
050100050405,2014,0.030145889
050100050405,2015,0.041467052
050100050405,2016,0.030915009
050100050405,2017,0.042622036
050100050405,2018,0.038590114
050100050405,2019,0.044085932
050100050405,2020,0.040989525
050100050501,2010,0.0
050100050501,2011,0.0
050100050501,2012,0.0
050100050501,2013,0.0
050100050501,2014,0.0
050100050501,2015,0.0
050100050501,2016,0.0
050100050501,2017,0.0
050100050501,2018,0.0
050100050501,2019,0.0
050100050501,2020,0.0
050100050502,2010,0.0
050100050502,2011,0.0
050100050502,2012,0.0
050100050502,2013,0.0
050100050502,2014,0.0
050100050502,2015,0.0
050100050502,2016,0.0
050100050502,2017,0.0
050100050502,2018,0.0
050100050502,2019,0.0
050100050502,2020,0.0
050100050601,2010,0.030668134
050100050601,2011,0.029801778
050100050601,2012,0.029899147
050100050601,2013,0.020615635
050100050601,2014,0.022636523
050100050601,2015,0.023930839
050100050601,2016,0.022860666
050100050601,2017,0.021919124
050100050601,2018,0.020229501
050100050601,2019,0.019198166
050100050601,2020,0.022036012
050100050602,2010,0.0
050100050602,2011,0.0
050100050602,2012,0.0
050100050602,2013,0.0
050100050602,2014,0.0
050100050602,2015,0.0
050100050602,2016,0.0
050100050602,2017,0.0
050100050602,2018,0.0
050100050602,2019,0.0
050100050602,2020,0.0
050100050603,2010,0.0
050100050603,2011,0.0
050100050603,2012,0.0
050100050603,2013,0.0
050100050603,2014,0.0
050100050603,2015,0.0
050100050603,2016,0.0
050100050603,2017,0.0
050100050603,2018,0.0
050100050603,2019,0.0
050100050603,2020,0.0
050100050604,2010,0.025584125
050100050604,2011,0.024856765
050100050604,2012,0.026156811
050100050604,2013,0.017597648
050100050604,2014,0.019328693
050100050604,2015,0.018534201
050100050604,2016,0.018932327
050100050604,2017,0.018073272
050100050604,2018,0.01665274
050100050604,2019,0.018400755
050100050604,2020,0.01892087
050100050605,2010,0.0
050100050605,2011,0.0
050100050605,2012,0.0
050100050605,2013,0.0
050100050605,2014,0.0
050100050605,2015,0.0
050100050605,2016,0.0
050100050605,2017,0.0
050100050605,2018,0.0
050100050605,2019,0.0
050100050605,2020,0.0
050100050606,2010,0.003650197
050100050606,2011,0.003533648
050100050606,2012,0.004037306
050100050606,2013,0.004021659
050100050606,2014,0.003993489
050100050606,2015,0.00389728
050100050606,2016,0.003946669
050100050606,2017,0.003788192
050100050606,2018,0.003501221
050100050606,2019,0.003714504
050100050606,2020,0.003961034
050100050607,2010,0.0
050100050607,2011,0.0
050100050607,2012,0.0
050100050607,2013,0.0
050100050607,2014,0.0
050100050607,2015,0.0
050100050607,2016,0.0
050100050607,2017,0.0
050100050607,2018,0.0
050100050607,2019,0.0
050100050607,2020,0.0
050100050608,2010,0.000497048
050100050608,2011,0.000481178
050100050608,2012,0.000549761
050100050608,2013,0.00054763
050100050608,2014,0.000543794
050100050608,2015,0.000530693
050100050608,2016,0.000537419
050100050608,2017,0.000515839
050100050608,2018,0.000476762
050100050608,2019,0.000505805
050100050608,2020,0.000539375
050100050609,2010,0.0
050100050609,2011,0.0
050100050609,2012,0.0
050100050609,2013,0.0
050100050609,2014,0.0
050100050609,2015,0.0
050100050609,2016,0.0
050100050609,2017,0.0
050100050609,2018,0.0
050100050609,2019,0.0
050100050609,2020,0.0
050100050701,2010,0.0
050100050701,2011,0.0
050100050701,2012,0.0
050100050701,2013,0.0
050100050701,2014,0.0
050100050701,2015,0.0
050100050701,2016,0.0
050100050701,2017,0.0
050100050701,2018,0.0
050100050701,2019,0.0
050100050701,2020,0.0
050100050702,2010,0.0
050100050702,2011,0.0
050100050702,2012,0.0
050100050702,2013,0.0
050100050702,2014,0.0
050100050702,2015,0.0
050100050702,2016,0.0
050100050702,2017,0.0
050100050702,2018,0.0
050100050702,2019,0.0
050100050702,2020,0.0
050100050703,2010,0.001696929
050100050703,2011,0.001399389
050100050703,2012,0.001742967
050100050703,2013,0.001648818
050100050703,2014,0.001574921
050100050703,2015,0.001584541
050100050703,2016,0.001654287
050100050703,2017,0.001439702
050100050703,2018,0.001328805
050100050703,2019,0.001528006
050100050703,2020,0.001662405
050100050704,2010,0.052477754
050100050704,2011,0.048085547
050100050704,2012,0.052024217
050100050704,2013,0.050946043
050100050704,2014,0.047063052
050100050704,2015,0.042039008
050100050704,2016,0.042704497
050100050704,2017,0.039375094
050100050704,2018,0.033750831
050100050704,2019,0.039429121
050100050704,2020,0.041642054
050100050801,2010,0.0
050100050801,2011,0.0
050100050801,2012,0.0
050100050801,2013,0.0
050100050801,2014,0.0
050100050801,2015,0.0
050100050801,2016,0.0
050100050801,2017,0.0
050100050801,2018,0.0
050100050801,2019,0.0
050100050801,2020,0.0
050100050802,2010,0.008073501
050100050802,2011,0.007397776
050100050802,2012,0.008003726
050100050802,2013,0.007837853
050100050802,2014,0.00724047
050100050802,2015,0.00646754
050100050802,2016,0.006569923
050100050802,2017,0.006057707
050100050802,2018,0.005192436
050100050802,2019,0.006066019
050100050802,2020,0.00640647
050100050901,2010,0.000641522
050100050901,2011,0.000529037
050100050901,2012,0.000658927
050100050901,2013,0.000623334
050100050901,2014,0.000595397
050100050901,2015,0.000599034
050100050901,2016,0.000625401
050100050901,2017,0.000544277
050100050901,2018,0.000502353
050100050901,2019,0.000577661
050100050901,2020,0.00062847
050100050902,2010,0.012867958
050100050902,2011,0.011776731
050100050902,2012,0.012762299
050100050902,2013,0.0124925
050100050902,2014,0.011545086
050100050902,2015,0.010328889
050100050902,2016,0.010496483
050100050902,2017,0.009670308
050100050902,2018,0.008297686
050100050902,2019,0.009691473
050100050902,2020,0.010239849
050100050903,2010,0.00090375
050100050903,2011,0.000828109
050100050903,2012,0.000895939
050100050903,2013,0.000877372
050100050903,2014,0.0008105
050100050903,2015,0.000723978
050100050903,2016,0.000735439
050100050903,2017,0.000678101
050100050903,2018,0.000581243
050100050903,2019,0.000679032
050100050903,2020,0.000717142
050100051001,2010,0.002387646
050100051001,2011,0.002375806
050100051001,2012,0.002735056
050100051001,2013,0.002564615
050100051001,2014,0.002444362
050100051001,2015,0.009069389
050100051001,2016,0.009519645
050100051001,2017,0.013865206
050100051001,2018,0.007652568
050100051001,2019,0.00809626
050100051001,2020,0.014558449
050100051002,2010,7.0687e-05
050100051002,2011,7.0336e-05
050100051002,2012,8.0972e-05
050100051002,2013,7.5926e-05
050100051002,2014,7.2366e-05
050100051002,2015,0.000268502
050100051002,2016,0.000281832
050100051002,2017,0.000410483
050100051002,2018,0.000226556
050100051002,2019,0.000239692
050100051002,2020,0.000431007
050100051003,2010,0.006891218
050100051003,2011,0.006991826
050100051003,2012,0.008213824
050100051003,2013,0.007757573
050100051003,2014,0.007232393
050100051003,2015,0.006758234
050100051003,2016,0.006493869
050100051003,2017,0.006724398
050100051003,2018,0.00597092
050100051003,2019,0.004734172
050100051003,2020,0.005185689
050100051004,2010,0.0
050100051004,2011,0.0
050100051004,2012,0.0
050100051004,2013,0.0
050100051004,2014,0.0
050100051004,2015,0.0
050100051004,2016,0.0
050100051004,2017,0.0
050100051004,2018,0.0
050100051004,2019,0.0
050100051004,2020,0.0
050100051005,2010,0.0
050100051005,2011,0.0
050100051005,2012,0.0
050100051005,2013,0.0
050100051005,2014,0.0
050100051005,2015,0.0
050100051005,2016,0.0
050100051005,2017,0.0
050100051005,2018,0.0
050100051005,2019,0.0
050100051005,2020,0.0
050100060101,2010,0.0
050100060101,2011,0.0
050100060101,2012,0.0
050100060101,2013,0.0
050100060101,2014,0.0
050100060101,2015,0.0
050100060101,2016,0.0
050100060101,2017,0.0
050100060101,2018,0.0
050100060101,2019,0.0
050100060101,2020,0.0
050100060102,2010,0.003577715
050100060102,2011,0.003628064
050100060102,2012,0.004278704
050100060102,2013,0.00403547
050100060102,2014,0.003768094
050100060102,2015,0.003527659
050100060102,2016,0.003396625
050100060102,2017,0.003511604
050100060102,2018,0.003118766
050100060102,2019,0.002488417
050100060102,2020,0.00271189
050100060201,2010,0.0
050100060201,2011,0.0
050100060201,2012,0.0
050100060201,2013,0.0
050100060201,2014,0.0
050100060201,2015,0.0
050100060201,2016,0.0
050100060201,2017,0.0
050100060201,2018,0.0
050100060201,2019,0.0
050100060201,2020,0.0
050100060202,2010,0.014009926
050100060202,2011,0.012459491
050100060202,2012,0.018503088
050100060202,2013,0.014810187
050100060202,2014,0.013964088
050100060202,2015,0.014537809
050100060202,2016,0.015191493
050100060202,2017,0.012974807
050100060202,2018,0.01192262
050100060202,2019,0.01514887
050100060202,2020,0.01588329
050100060301,2010,0.011446605
050100060301,2011,0.011393841
050100060301,2012,0.012785237
050100060301,2013,0.011814064
050100060301,2014,0.01133322
050100060301,2015,0.011570707
050100060301,2016,0.011735785
050100060301,2017,0.011176963
050100060301,2018,0.009896919
050100060301,2019,0.010791832
050100060301,2020,0.011149979
050100060302,2010,0.011020521
050100060302,2011,0.0125389
050100060302,2012,0.013200874
050100060302,2013,0.011001709
050100060302,2014,0.01134911
050100060302,2015,0.012040743
050100060302,2016,0.011826236
050100060302,2017,0.011482726
050100060302,2018,0.010307739
050100060302,2019,0.011098042
050100060302,2020,0.011634281
050100060303,2010,0.126899695
050100060303,2011,0.129683259
050100060303,2012,0.14476408
050100060303,2013,0.129764833
050100060303,2014,0.126892208
050100060303,2015,0.131784099
050100060303,2016,0.132146465
050100060303,2017,0.126436104
050100060303,2018,0.11370026
050100060303,2019,0.122869454
050100060303,2020,0.129949577
050100060304,2010,0.0
050100060304,2011,0.0
050100060304,2012,0.0
050100060304,2013,0.0
050100060304,2014,0.0
050100060304,2015,0.0
050100060304,2016,0.0
050100060304,2017,0.0
050100060304,2018,0.0
050100060304,2019,0.0
050100060304,2020,0.0
050100060305,2010,0.0
050100060305,2011,0.0
050100060305,2012,0.0
050100060305,2013,0.0
050100060305,2014,0.0
050100060305,2015,0.0
050100060305,2016,0.0
050100060305,2017,0.0
050100060305,2018,0.0
050100060305,2019,0.0
050100060305,2020,0.0
050100060306,2010,0.029291374
050100060306,2011,0.027297806
050100060306,2012,0.033292097
050100060306,2013,0.02822826
050100060306,2014,0.027592595
050100060306,2015,0.02848851
050100060306,2016,0.02865904
050100060306,2017,0.026017295
050100060306,2018,0.023855851
050100060306,2019,0.02761377
050100060306,2020,0.032064223
050100060401,2010,0.0
050100060401,2011,0.0
050100060401,2012,0.0
050100060401,2013,0.0
050100060401,2014,0.0
050100060401,2015,0.0
050100060401,2016,0.0
050100060401,2017,0.0
050100060401,2018,0.0
050100060401,2019,0.0
050100060401,2020,0.0
050100060402,2010,0.0
050100060402,2011,0.0
050100060402,2012,0.0
050100060402,2013,0.0
050100060402,2014,0.0
050100060402,2015,0.0
050100060402,2016,0.0
050100060402,2017,0.0
050100060402,2018,0.0
050100060402,2019,0.0
050100060402,2020,0.0
050100060501,2010,0.021733678
050100060501,2011,0.020103438
050100060501,2012,0.028466172
050100060501,2013,0.022792305
050100060501,2014,0.021633829
050100060501,2015,0.02254985
050100060501,2016,0.023460797
050100060501,2017,0.02044476
050100060501,2018,0.018755822
050100060501,2019,0.023206041
050100060501,2020,0.024039288
050100060502,2010,0.009986806
050100060502,2011,0.010079448
050100060502,2012,0.011997959
050100060502,2013,0.012034802
050100060502,2014,0.011407563
050100060502,2015,0.010364432
050100060502,2016,0.012056346
050100060502,2017,0.011252667
050100060502,2018,0.009328024
050100060502,2019,0.009161539
050100060502,2020,0.009401481
050100060503,2010,0.0
050100060503,2011,0.0
050100060503,2012,0.0
050100060503,2013,0.0
050100060503,2014,0.0
050100060503,2015,0.0
050100060503,2016,0.0
050100060503,2017,0.0
050100060503,2018,0.0
050100060503,2019,0.0
050100060503,2020,0.0
050100060504,2010,0.004742093
050100060504,2011,0.004811324
050100060504,2012,0.005652225
050100060504,2013,0.005338262
050100060504,2014,0.004976867
050100060504,2015,0.004650582
050100060504,2016,0.004468662
050100060504,2017,0.004627298
050100060504,2018,0.004108803
050100060504,2019,0.003257752
050100060504,2020,0.003568457
050100060601,2010,0.0
050100060601,2011,0.0
050100060601,2012,0.0
050100060601,2013,0.0
050100060601,2014,0.0
050100060601,2015,0.0
050100060601,2016,0.0
050100060601,2017,0.0
050100060601,2018,0.0
050100060601,2019,0.0
050100060601,2020,0.0
050100060602,2010,0.001928821
050100060602,2011,0.002021168
050100060602,2012,0.002233271
050100060602,2013,0.00235893
050100060602,2014,0.002238035
050100060602,2015,0.002308178
050100060602,2016,0.002220338
050100060602,2017,0.00200078
050100060602,2018,0.001828107
050100060602,2019,0.001937711
050100060602,2020,0.001929297
050100060701,2010,0.015521041
050100060701,2011,0.0154418
050100060701,2012,0.017315581
050100060701,2013,0.016009938
050100060701,2014,0.015369291
050100060701,2015,0.015689757
050100060701,2016,0.015915539
050100060701,2017,0.015160581
050100060701,2018,0.01341525
050100060701,2019,0.014639645
050100060701,2020,0.015120436
050100060702,2010,0.00232778
050100060702,2011,0.002261882
050100060702,2012,0.002452465
050100060702,2013,0.002335415
050100060702,2014,0.002319029
050100060702,2015,0.002356176
050100060702,2016,0.002403681
050100060702,2017,0.002309962
050100060702,2018,0.001980442
050100060702,2019,0.002240838
050100060702,2020,0.002278973
050100060703,2010,0.0
050100060703,2011,0.0
050100060703,2012,0.0
050100060703,2013,0.0
050100060703,2014,0.0
050100060703,2015,0.0
050100060703,2016,0.0
050100060703,2017,0.0
050100060703,2018,0.0
050100060703,2019,0.0
050100060703,2020,0.0
050100060704,2010,0.005340246
050100060704,2011,0.005260587
050100060704,2012,0.005745701
050100060704,2013,0.005567149
050100060704,2014,0.004439646
050100060704,2015,0.004752782
050100060704,2016,0.004752091
050100060704,2017,0.004436067
050100060704,2018,0.004019264
050100060704,2019,0.003893207
050100060704,2020,0.004391021
050100060705,2010,0.0
050100060705,2011,0.0
050100060705,2012,0.0
050100060705,2013,0.0
050100060705,2014,0.0
050100060705,2015,0.0
050100060705,2016,0.0
050100060705,2017,0.0
050100060705,2018,0.0
050100060705,2019,0.0
050100060705,2020,0.0
050100060706,2010,0.0
050100060706,2011,0.0
050100060706,2012,0.0
050100060706,2013,0.0
050100060706,2014,0.0
050100060706,2015,0.0
050100060706,2016,0.0
050100060706,2017,0.0
050100060706,2018,0.0
050100060706,2019,0.0
050100060706,2020,0.0
050100060707,2010,0.00440122
050100060707,2011,0.004611939
050100060707,2012,0.005095919
050100060707,2013,0.005382649
050100060707,2014,0.005106789
050100060707,2015,0.005266843
050100060707,2016,0.005066407
050100060707,2017,0.004565417
050100060707,2018,0.004171408
050100060707,2019,0.004421503
050100060707,2020,0.004402306
050100060708,2010,0.0
050100060708,2011,0.0
050100060708,2012,0.0
050100060708,2013,0.0
050100060708,2014,0.0
050100060708,2015,0.0
050100060708,2016,0.0
050100060708,2017,0.0
050100060708,2018,0.0
050100060708,2019,0.0
050100060708,2020,0.0
050100060709,2010,0.006240719
050100060709,2011,0.006355079
050100060709,2012,0.006994065
050100060709,2013,0.006632168
050100060709,2014,0.005952001
050100060709,2015,0.004421598
050100060709,2016,0.006954134
050100060709,2017,0.004258541
050100060709,2018,0.003796029
050100060709,2019,0.005954753
050100060709,2020,0.006860132
050100060801,2010,0.007815349
050100060801,2011,0.007645253
050100060801,2012,0.00852571
050100060801,2013,0.007979445
050100060801,2014,0.007285098
050100060801,2015,0.007410749
050100060801,2016,0.007880292
050100060801,2017,0.008948642
050100060801,2018,0.007268182
050100060801,2019,0.007951858
050100060801,2020,0.008562422
050100060802,2010,0.00181003
050100060802,2011,0.001774201
050100060802,2012,0.002172119
050100060802,2013,0.002042357
050100060802,2014,0.001699917
050100060802,2015,0.001625727
050100060802,2016,0.001711031
050100060802,2017,0.001743836
050100060802,2018,0.001533475
050100060802,2019,0.000959968
050100060802,2020,0.001328819
050100060901,2010,0.0
050100060901,2011,0.0
050100060901,2012,0.0
050100060901,2013,0.0
050100060901,2014,0.0
050100060901,2015,0.0
050100060901,2016,0.0
050100060901,2017,0.0
050100060901,2018,0.0
050100060901,2019,0.0
050100060901,2020,0.0
050100060902,2010,0.0
050100060902,2011,0.0
050100060902,2012,0.0
050100060902,2013,0.0
050100060902,2014,0.0
050100060902,2015,0.0
050100060902,2016,0.0
050100060902,2017,0.0
050100060902,2018,0.0
050100060902,2019,0.0
050100060902,2020,0.0
050100060903,2010,0.0
050100060903,2011,0.0
050100060903,2012,0.0
050100060903,2013,0.0
050100060903,2014,0.0
050100060903,2015,0.0
050100060903,2016,0.0
050100060903,2017,0.0
050100060903,2018,0.0
050100060903,2019,0.0
050100060903,2020,0.0
050100061001,2010,0.0
050100061001,2011,0.0
050100061001,2012,0.0
050100061001,2013,0.0
050100061001,2014,0.0
050100061001,2015,0.0
050100061001,2016,0.0
050100061001,2017,0.0
050100061001,2018,0.0
050100061001,2019,0.0
050100061001,2020,0.0
050100061002,2010,0.00346698
050100061002,2011,0.003246955
050100061002,2012,0.003905809
050100061002,2013,0.003466802
050100061002,2014,0.003290324
050100061002,2015,0.003317489
050100061002,2016,0.003429203
050100061002,2017,0.002834861
050100061002,2018,0.002732342
050100061002,2019,0.003057722
050100061002,2020,0.003178868
050100061003,2010,0.0
050100061003,2011,0.0
050100061003,2012,0.0
050100061003,2013,0.0
050100061003,2014,0.0
050100061003,2015,0.0
050100061003,2016,0.0
050100061003,2017,0.0
050100061003,2018,0.0
050100061003,2019,0.0
050100061003,2020,0.0
050100061004,2010,0.003029418
050100061004,2011,0.002969452
050100061004,2012,0.003635442
050100061004,2013,0.00341826
050100061004,2014,0.002845124
050100061004,2015,0.002720953
050100061004,2016,0.002863726
050100061004,2017,0.00291863
050100061004,2018,0.002566552
050100061004,2019,0.001606683
050100061004,2020,0.002224023
050100061005,2010,0.0
050100061005,2011,0.0
050100061005,2012,0.0
050100061005,2013,0.0
050100061005,2014,0.0
050100061005,2015,0.0
050100061005,2016,0.0
050100061005,2017,0.0
050100061005,2018,0.0
050100061005,2019,0.0
050100061005,2020,0.0
050100061101,2010,0.0
050100061101,2011,0.0
050100061101,2012,0.0
050100061101,2013,0.0
050100061101,2014,0.0
050100061101,2015,0.0
050100061101,2016,0.0
050100061101,2017,0.0
050100061101,2018,0.0
050100061101,2019,0.0
050100061101,2020,0.0
050100061102,2010,0.008712153
050100061102,2011,0.008535956
050100061102,2012,0.011216353
050100061102,2013,0.010193675
050100061102,2014,0.009959601
050100061102,2015,0.009808197
050100061102,2016,0.009986997
050100061102,2017,0.010014126
050100061102,2018,0.008826867
050100061102,2019,0.008325117
050100061102,2020,0.008026897
050100061103,2010,0.0
050100061103,2011,0.0
050100061103,2012,0.0
050100061103,2013,0.0
050100061103,2014,0.0
050100061103,2015,0.0
050100061103,2016,0.0
050100061103,2017,0.0
050100061103,2018,0.0
050100061103,2019,0.0
050100061103,2020,0.0
050100061104,2010,0.0
050100061104,2011,0.0
050100061104,2012,0.0
050100061104,2013,0.0
050100061104,2014,0.0
050100061104,2015,0.0
050100061104,2016,0.0
050100061104,2017,0.0
050100061104,2018,0.0
050100061104,2019,0.0
050100061104,2020,0.0
050100061105,2010,0.012732853
050100061105,2011,0.013630554
050100061105,2012,0.015885369
050100061105,2013,0.015057526
050100061105,2014,0.01417222
050100061105,2015,0.013722619
050100061105,2016,0.01343749
050100061105,2017,0.01250436
050100061105,2018,0.011115748
050100061105,2019,0.009209986
050100061105,2020,0.010015053
050100061106,2010,0.003600841
050100061106,2011,0.003469952
050100061106,2012,0.00420762
050100061106,2013,0.003828763
050100061106,2014,0.003578095
050100061106,2015,0.003692047
050100061106,2016,0.003657874
050100061106,2017,0.003323743
050100061106,2018,0.003071574
050100061106,2019,0.003280266
050100061106,2020,0.003281496
050100061107,2010,0.122406498
050100061107,2011,0.124424813
050100061107,2012,0.143496217
050100061107,2013,0.132649148
050100061107,2014,0.122388454
050100061107,2015,0.124350608
050100061107,2016,0.128784737
050100061107,2017,0.121599486
050100061107,2018,0.110160184
050100061107,2019,0.118286801
050100061107,2020,0.118028447
050100070101,2010,0.017203095
050100070101,2011,0.018265765
050100070101,2012,0.016356626
050100070101,2013,0.014221904
050100070101,2014,0.008015143
050100070101,2015,0.008744581
050100070101,2016,0.008632889
050100070101,2017,0.00860862
050100070101,2018,0.006977581
050100070101,2019,0.008390706
050100070101,2020,0.009769309
050100070102,2010,0.056819656
050100070102,2011,0.056331454
050100070102,2012,0.062282315
050100070102,2013,0.051682263
050100070102,2014,0.037636095
050100070102,2015,0.039875251
050100070102,2016,0.042826523
050100070102,2017,0.036687947
050100070102,2018,0.037962935
050100070102,2019,0.044191687
050100070102,2020,0.03910684
050100070103,2010,0.000548622
050100070103,2011,0.000557668
050100070103,2012,0.000605473
050100070103,2013,0.000535867
050100070103,2014,0.000504753
050100070103,2015,0.000480781
050100070103,2016,0.000536109
050100070103,2017,0.000512473
050100070103,2018,0.0004526
050100070103,2019,0.000476044
050100070103,2020,0.000464736
050100070201,2010,0.018687553
050100070201,2011,0.019527909
050100070201,2012,0.020194836
050100070201,2013,0.018038516
050100070201,2014,0.016868544
050100070201,2015,0.01789618
050100070201,2016,0.019071823
050100070201,2017,0.016681124
050100070201,2018,0.014853814
050100070201,2019,0.017991285
050100070201,2020,0.017075126
050100070202,2010,0.0
050100070202,2011,0.0
050100070202,2012,0.0
050100070202,2013,0.0
050100070202,2014,0.0
050100070202,2015,0.0
050100070202,2016,0.0
050100070202,2017,0.0
050100070202,2018,0.0
050100070202,2019,0.0
050100070202,2020,0.0
050100070203,2010,0.0
050100070203,2011,0.0
050100070203,2012,0.0
050100070203,2013,0.0
050100070203,2014,0.0
050100070203,2015,0.0
050100070203,2016,0.0
050100070203,2017,0.0
050100070203,2018,0.0
050100070203,2019,0.0
050100070203,2020,0.0
050100070301,2010,0.015683939
050100070301,2011,0.015869693
050100070301,2012,0.016451271
050100070301,2013,0.013726988
050100070301,2014,0.015292784
050100070301,2015,0.011379155
050100070301,2016,0.011657833
050100070301,2017,0.01509738
050100070301,2018,0.014693619
050100070301,2019,0.016747991
050100070301,2020,0.017714413
050100070302,2010,0.010499873
050100070302,2011,0.012996775
050100070302,2012,0.012744121
050100070302,2013,0.012248756
050100070302,2014,0.011445879
050100070302,2015,0.010940302
050100070302,2016,0.009922663
050100070302,2017,0.009446402
050100070302,2018,0.008461036
050100070302,2019,0.009499022
050100070302,2020,0.009390879
050100070303,2010,0.012910165
050100070303,2011,0.014625803
050100070303,2012,0.014736136
050100070303,2013,0.013094474
050100070303,2014,0.011515214
050100070303,2015,0.01315789
050100070303,2016,0.014575914
050100070303,2017,0.015388944
050100070303,2018,0.010076404
050100070303,2019,0.018564585
050100070303,2020,0.015928796
050100070304,2010,9.0071e-05
050100070304,2011,0.00010204
050100070304,2012,0.00010281
050100070304,2013,9.1357e-05
050100070304,2014,8.0339e-05
050100070304,2015,9.1799e-05
050100070304,2016,0.000101692
050100070304,2017,0.000107365
050100070304,2018,7.03e-05
050100070304,2019,0.00012952
050100070304,2020,0.000111131
050100070305,2010,0.0
050100070305,2011,0.0
050100070305,2012,0.0
050100070305,2013,0.0
050100070305,2014,0.0
050100070305,2015,0.0
050100070305,2016,0.0
050100070305,2017,0.0
050100070305,2018,0.0
050100070305,2019,0.0
050100070305,2020,0.0
050100070306,2010,0.008866947
050100070306,2011,0.008772228
050100070306,2012,0.009260914
050100070306,2013,0.008386223
050100070306,2014,0.007472642
050100070306,2015,0.00742872
050100070306,2016,0.007355599
050100070306,2017,0.007235868
050100070306,2018,0.005769573
050100070306,2019,0.006213967
050100070306,2020,0.00682109
050100070307,2010,0.095361845
050100070307,2011,0.096908125
050100070307,2012,0.106480378
050100070307,2013,0.09452421
050100070307,2014,0.09176979
050100070307,2015,0.094351617
050100070307,2016,0.099461088
050100070307,2017,0.091393546
050100070307,2018,0.083586257
050100070307,2019,0.092395096
050100070307,2020,0.086849302
050100070308,2010,0.0
050100070308,2011,0.0
050100070308,2012,0.0
050100070308,2013,0.0
050100070308,2014,0.0
050100070308,2015,0.0
050100070308,2016,0.0
050100070308,2017,0.0
050100070308,2018,0.0
050100070308,2019,0.0
050100070308,2020,0.0
050100070309,2010,0.016388148
050100070309,2011,0.01679981
050100070309,2012,0.018238973
050100070309,2013,0.016708016
050100070309,2014,0.017492047
050100070309,2015,0.0182802
050100070309,2016,0.018421581
050100070309,2017,0.017111851
050100070309,2018,0.015919059
050100070309,2019,0.017434468
050100070309,2020,0.017211481
