huc12_id,year,incrunoff_mm/mo,incbsflow_mm/mo,soilmstfr_frac
040102011601,2010,20.196304615,2.888717466,0.746348868
040102011601,2011,19.032735972,5.748721127,0.674367143
040102011601,2012,10.197586573,0.68404643,0.600327903
040102011601,2013,25.977961727,4.226334038,0.713082781
040102011601,2014,29.049157555,7.002318839,0.771244258
040102011601,2015,27.729020732,3.889532011,0.770253388
040102011601,2016,29.141576416,5.57689661,0.749684402
040102011601,2017,33.012706551,4.631402437,0.781126429
040102011601,2018,11.353454672,2.726612469,0.690647129
040102011601,2019,23.604026098,5.463733803,0.727529017
040102011602,2010,23.331831411,5.12413743,0.784723867
040102011602,2011,20.197781589,5.975082241,0.7312871
040102011602,2012,11.908205648,2.053377817,0.644700878
040102011602,2013,26.715178098,5.709500217,0.738059773
040102011602,2014,30.001564009,8.118706383,0.7947735
040102011602,2015,27.014855151,3.601518098,0.801137252
040102011602,2016,35.354658626,7.795190496,0.792512133
040102011602,2017,33.972001228,6.073883039,0.81564118
040102011602,2018,14.994936199,4.572322071,0.725771334
040102011602,2019,23.922525517,6.919745023,0.747465772
040102011603,2010,19.769525819,4.264118425,0.717669896
040102011603,2011,17.901851777,5.186962767,0.66224836
040102011603,2012,11.75934993,1.85345282,0.5844168
040102011603,2013,26.017998051,5.309519195,0.680758993
040102011603,2014,26.604609986,6.797492885,0.723251173
040102011603,2015,23.175209969,3.080071088,0.729042961
040102011603,2016,28.83159242,6.486230524,0.714336752
040102011603,2017,28.791792979,4.798267195,0.745322645
040102011603,2018,13.367594982,3.799840081,0.670738593
040102011603,2019,22.948283738,6.395709011,0.701930067
040102011604,2010,28.798478536,5.431022107,0.613749789
040102011604,2011,23.386903177,6.171539452,0.574981033
040102011604,2012,20.808123592,3.368286857,0.524325712
040102011604,2013,32.770178312,7.429046022,0.615114933
040102011604,2014,31.218642937,8.253344503,0.632873159
040102011604,2015,29.765713395,4.94809842,0.621973367
040102011604,2016,35.733316513,7.929340248,0.613394345
040102011604,2017,36.638370133,6.867718134,0.641556205
040102011604,2018,21.834243356,4.884449954,0.598339748
040102011604,2019,30.918170623,7.604920185,0.629895122
040103010103,2010,37.773749787,8.1458175,0.732811702
040103010103,2011,22.917301531,5.610778743,0.628759648
040103010103,2012,14.877806606,3.396350332,0.608108875
040103010103,2013,35.103510734,7.915787704,0.68643406
040103010103,2014,36.769626068,7.982656389,0.721676196
040103010103,2015,26.209522137,5.005671178,0.712426882
040103010103,2016,35.595495289,7.85073157,0.72614232
040103010103,2017,50.335445456,10.33980602,0.736621914
040103010103,2018,14.078482963,3.621668701,0.67101488
040103010103,2019,34.227653476,7.758821976,0.693609631
040103010205,2010,20.001169663,2.526396087,0.499746683
040103010205,2011,12.144154886,1.825428799,0.44511399
040103010205,2012,6.469697197,1.007321213,0.414798702
040103010205,2013,16.947935757,2.315486243,0.498988377
040103010205,2014,23.081971903,2.802412909,0.526798584
040103010205,2015,21.07149647,2.605780519,0.499520294
040103010205,2016,21.638053224,2.751042798,0.504290394
040103010205,2017,31.402698005,3.003177718,0.525085233
040103010205,2018,7.75651506,1.562387893,0.482950641
040103010205,2019,17.112100374,2.306736062,0.503879963
040103010301,2010,21.49810798,15.756252531,0.318154258
040103010301,2011,13.512764423,10.708757496,0.265422574
040103010301,2012,9.048190212,6.983755617,0.229255559
040103010301,2013,17.112602992,12.460877505,0.285939075
040103010301,2014,18.272455821,13.735570925,0.308891431
040103010301,2015,16.873776921,12.358079833,0.307783872
040103010301,2016,20.974783008,16.147368934,0.312662205
040103010301,2017,28.3080438,20.570660234,0.324500623
040103010301,2018,8.518398808,6.754767544,0.282192939
040103010301,2019,21.611591516,16.13451981,0.300265004
040103010302,2010,31.228945381,9.262810591,0.382685411
040103010302,2011,15.471142456,6.79866714,0.334919916
040103010302,2012,10.017088413,3.897724501,0.302518754
040103010302,2013,19.603533291,7.361508473,0.357733121
040103010302,2014,23.53376834,8.720161618,0.374147964
040103010302,2015,21.499327239,6.878663929,0.371533541
040103010302,2016,23.330750369,8.295272133,0.371660125
040103010302,2017,35.676472355,9.980362916,0.388616193
040103010302,2018,10.951724365,5.050957263,0.349492454
040103010302,2019,23.476040532,8.422726177,0.360681676
040103010303,2010,50.130199388,12.475775799,0.713671249
040103010303,2011,28.086021959,10.722427584,0.624970563
040103010303,2012,20.082962821,5.052405094,0.59538405
040103010303,2013,39.206236631,14.693637646,0.67733113
040103010303,2014,43.400255653,15.045515,0.707068647
040103010303,2015,38.72532351,9.265957592,0.707193882
040103010303,2016,41.850187971,12.501020446,0.696766424
040103010303,2017,51.827426863,13.226312052,0.726350347
040103010303,2018,23.199634194,8.161701637,0.673339267
040103010303,2019,40.842417462,14.038425216,0.687363575
040103010401,2010,15.590438342,12.314762721,0.418749301
040103010401,2011,10.310755958,8.289202233,0.369562552
040103010401,2012,6.543862317,4.661897835,0.332962454
040103010401,2013,15.297025389,10.540545506,0.417386964
040103010401,2014,21.000038214,15.159600992,0.440644196
040103010401,2015,20.424686905,14.476076892,0.4219565
040103010401,2016,22.984539014,15.357523623,0.426061415
040103010401,2017,27.306701511,17.742197914,0.432222576
040103010401,2018,7.233730176,6.377646811,0.385443173
040103010401,2019,13.691032337,10.912746123,0.423579997
040103010402,2010,44.718674793,18.891891537,0.668912144
040103010402,2011,28.753018983,14.431408155,0.597672683
040103010402,2012,18.734179031,5.491062415,0.549211034
040103010402,2013,36.925047047,19.020431822,0.659169186
040103010402,2014,41.712907395,20.709587197,0.666558205
040103010402,2015,34.672407202,12.24164481,0.662116002
040103010402,2016,40.917707631,18.585465829,0.654532401
040103010402,2017,50.571397577,19.074534263,0.695715781
040103010402,2018,18.140439176,8.779414224,0.633693168
040103010402,2019,35.577506265,18.026009598,0.651779602
040103010403,2010,23.445249527,10.392449134,0.50892261
040103010403,2011,14.61662783,7.346800058,0.451193004
040103010403,2012,7.68999571,2.999523707,0.409522658
040103010403,2013,19.294227175,8.931631412,0.501691587
040103010403,2014,25.724726851,11.568448296,0.524870781
040103010403,2015,24.400281835,10.020442154,0.509432384
040103010403,2016,28.039865706,11.430189133,0.511401027
040103010403,2017,32.956836071,11.62052761,0.522155773
040103010403,2018,9.290254731,5.501073647,0.472078663
040103010403,2019,18.480842809,9.142870181,0.504918254
040103010501,2010,53.358642565,13.656694724,0.827615219
040103010501,2011,32.791203894,8.005745057,0.735749257
040103010501,2012,31.876713787,3.313872387,0.72786392
040103010501,2013,44.856236546,9.087669578,0.794563867
040103010501,2014,46.125738202,12.258246656,0.823967399
040103010501,2015,43.43321365,10.891623356,0.824241993
040103010501,2016,54.444862646,12.58461262,0.807128182
040103010501,2017,54.122323046,14.001301541,0.830363023
040103010501,2018,27.976046042,6.089461395,0.79174614
040103010501,2019,44.105168865,11.375416215,0.796119826
040103010502,2010,41.418975988,30.922129056,0.567853165
040103010502,2011,20.341620099,18.369348843,0.516096856
040103010502,2012,18.228637829,12.851888424,0.471852085
040103010502,2013,28.119522967,23.531886899,0.546820461
040103010502,2014,29.9198184,25.047726948,0.558604224
040103010502,2015,33.587100369,27.629236754,0.544356444
040103010502,2016,46.164560191,32.114011975,0.557785323
040103010502,2017,42.115374558,30.88191402,0.551806441
040103010502,2018,19.943139836,18.462370399,0.51675687
040103010502,2019,25.827620923,22.844867768,0.530374262
040103010503,2010,35.765804284,16.968127776,0.718519949
040103010503,2011,25.441879988,13.965017362,0.651195
040103010503,2012,21.168259843,7.098992308,0.626964646
040103010503,2013,35.592427445,16.695989105,0.706847987
040103010503,2014,33.956939196,18.84744177,0.719900233
040103010503,2015,33.614004583,15.766070652,0.712986433
040103010503,2016,44.386876724,20.188782295,0.708042962
040103010503,2017,42.961921322,20.262405776,0.722452637
040103010503,2018,19.742402952,10.041374325,0.676189483
040103010503,2019,32.210207774,17.861885287,0.6933834
040103010504,2010,31.482605711,23.093906464,0.558070707
040103010504,2011,20.103379677,16.508900965,0.520108939
040103010504,2012,15.96222346,10.590587074,0.468244124
040103010504,2013,22.632041575,17.226085913,0.550695853
040103010504,2014,25.959339261,20.854194028,0.58254593
040103010504,2015,27.069771124,20.168489007,0.550597278
040103010504,2016,40.500983253,28.127453763,0.579152299
040103010504,2017,36.854845387,27.259939104,0.558600757
040103010504,2018,16.637138851,13.386886249,0.52048733
040103010504,2019,24.485044423,19.585737265,0.551973099
040103010601,2010,33.87836109,26.176974747,0.641919056
040103010601,2011,23.463292349,17.854491751,0.587380058
040103010601,2012,21.182694531,14.768760333,0.544739041
040103010601,2013,29.761066202,21.064004902,0.589059303
040103010601,2014,34.481433542,26.289445502,0.634413492
040103010601,2015,26.047795372,20.100495843,0.623919082
040103010601,2016,44.504606073,32.44597766,0.631581166
040103010601,2017,44.581170477,34.207004366,0.653237194
040103010601,2018,20.722054216,16.011314859,0.59408164
040103010601,2019,30.588127214,22.964291918,0.602196811
040103010602,2010,37.30673485,30.922577147,0.660822033
040103010602,2011,27.593299568,21.062353598,0.601369443
040103010602,2012,20.641345186,16.301263605,0.54994194
040103010602,2013,32.916446639,24.247172101,0.593991522
040103010602,2014,37.656574067,29.698001564,0.629365195
040103010602,2015,29.639665035,23.978942546,0.64739642
040103010602,2016,46.307373041,36.318135815,0.657236869
040103010602,2017,44.567752234,36.920058945,0.685681168
040103010602,2018,21.098256394,16.798683959,0.607513516
040103010602,2019,34.205252814,26.692066355,0.667120073
040103010603,2010,29.318142573,29.127125978,0.302445876
040103010603,2011,15.542372149,15.364220441,0.263787897
040103010603,2012,12.001524581,11.876971706,0.254581281
040103010603,2013,21.807127388,21.041491872,0.280929741
040103010603,2014,24.001038388,23.756756146,0.287545235
040103010603,2015,23.474010053,21.901213506,0.292322778
040103010603,2016,26.776754809,26.505116509,0.296864315
040103010603,2017,32.839009663,31.276353749,0.298862966
040103010603,2018,15.294989142,15.165304615,0.273988689
040103010603,2019,22.990399036,22.740095357,0.28303657
040103010604,2010,45.013252093,36.840905365,0.64375899
040103010604,2011,29.454285088,22.506997018,0.55825061
040103010604,2012,19.348551052,14.92811718,0.480780943
040103010604,2013,36.157890278,26.164467653,0.546931285
040103010604,2014,38.832925249,29.346553053,0.58828668
040103010604,2015,33.37831485,26.731186321,0.606607361
040103010604,2016,44.403515257,33.942528573,0.606693223
040103010604,2017,49.077816893,39.942745259,0.631339292
040103010604,2018,25.438276878,19.651708923,0.562080336
040103010604,2019,38.148888225,29.016350481,0.586185039
040103010605,2010,43.456545625,34.51524857,0.690350603
040103010605,2011,27.308261641,19.885953192,0.601269639
040103010605,2012,18.830138057,13.869311591,0.530078392
040103010605,2013,34.491367956,23.834960617,0.596594667
040103010605,2014,37.144642458,27.094132188,0.633466133
040103010605,2015,30.982676198,23.781152198,0.652234092
040103010605,2016,43.535595754,32.37646134,0.650835747
040103010605,2017,42.930674092,33.370912693,0.675277805
040103010605,2018,23.923828107,17.748109095,0.606454869
040103010605,2019,36.260549866,26.551525269,0.630389025
040103010606,2010,42.409302395,34.082752558,0.666376928
040103010606,2011,28.710037866,21.637299421,0.580846872
040103010606,2012,18.393874127,13.924594165,0.50423493
040103010606,2013,33.79341144,23.624805845,0.568317209
040103010606,2014,38.996166586,29.380848601,0.609192507
040103010606,2015,32.483463916,25.770498987,0.62961058
040103010606,2016,43.755165241,33.175788045,0.62861166
040103010606,2017,45.770665939,36.754248382,0.652809659
040103010606,2018,24.692622106,18.847878793,0.583748973
040103010606,2019,36.472906111,27.214946651,0.606176279
040103010607,2010,38.91883833,30.177146335,0.695852024
040103010607,2011,25.580429096,18.444953545,0.615243373
040103010607,2012,17.173666979,12.205645444,0.539493477
040103010607,2013,30.422467577,20.296454146,0.607529194
040103010607,2014,36.398264765,26.795156026,0.647086867
040103010607,2015,28.672689212,21.554571553,0.662622167
040103010607,2016,44.226850743,33.040682929,0.6648225
040103010607,2017,41.751152303,32.147896555,0.688816144
040103010607,2018,20.115142383,14.239728337,0.618400178
040103010607,2019,33.185685447,23.856138803,0.64517439
040103010608,2010,31.191530006,23.276121606,0.391642585
040103010608,2011,14.504226898,10.300343639,0.354347336
040103010608,2012,13.163224059,7.94515715,0.329380886
040103010608,2013,24.016551491,14.373301182,0.37855255
040103010608,2014,27.361424804,18.077042224,0.39539571
040103010608,2015,25.525575606,17.67245274,0.384903701
040103010608,2016,39.648724682,26.368635778,0.394945966
040103010608,2017,35.166007615,24.580829488,0.394012914
040103010608,2018,12.334929287,8.227679242,0.366392987
040103010608,2019,23.064711275,15.302512347,0.382136811
040103010701,2010,28.930503068,25.703410122,0.719182213
040103010701,2011,22.755113053,18.064783563,0.629681235
040103010701,2012,14.206880054,12.67772619,0.580975053
040103010701,2013,23.50879408,16.915307466,0.623708608
040103010701,2014,27.248156769,21.288397098,0.70153427
040103010701,2015,21.88750027,18.889883854,0.694933612
040103010701,2016,32.171005659,27.533402234,0.70610145
040103010701,2017,33.023152899,28.670776873,0.741174909
040103010701,2018,19.810735009,16.822639263,0.675893288
040103010701,2019,27.3598545,22.183829055,0.683452876
040103010702,2010,31.854837788,26.34093773,0.626859488
040103010702,2011,22.491081594,15.926266095,0.530200906
040103010702,2012,14.233164338,10.754925168,0.499203973
040103010702,2013,27.568417335,17.356905864,0.583543152
040103010702,2014,33.554893144,22.894072134,0.623034992
040103010702,2015,23.983069284,18.617027896,0.595134174
040103010702,2016,36.294852457,27.188635187,0.583314628
040103010702,2017,41.674334886,30.881497214,0.669356287
040103010702,2018,24.379554053,18.920869325,0.609921559
040103010702,2019,32.247739295,22.791349524,0.626480325
040103010703,2010,34.00643718,28.023217297,0.634687994
040103010703,2011,24.196136378,16.973523529,0.56163582
040103010703,2012,14.162818628,10.879394146,0.528142708
040103010703,2013,25.804874777,17.382403154,0.592760276
040103010703,2014,35.483337082,25.06222252,0.641315167
040103010703,2015,23.720219516,18.518128137,0.619389307
040103010703,2016,37.706632723,29.337594905,0.603097705
040103010703,2017,39.280383736,31.827934765,0.675954892
040103010703,2018,25.947630244,21.365514143,0.631846372
040103010703,2019,33.354685717,23.491547218,0.641100952
040103010704,2010,29.739529433,14.265309125,0.749544993
040103010704,2011,18.911602301,9.026635169,0.672915502
040103010704,2012,11.452044576,5.342684663,0.63314833
040103010704,2013,20.398836511,9.659019816,0.674094443
040103010704,2014,26.866213409,12.453833265,0.714527032
040103010704,2015,21.135094026,10.807057132,0.732123063
040103010704,2016,33.299941674,15.432975745,0.746036184
040103010704,2017,32.860386863,15.830732143,0.767404502
040103010704,2018,18.4743422,9.326101466,0.728224559
040103010704,2019,26.449997298,12.210771678,0.716162111
040103010705,2010,30.142897024,8.783046703,0.793330294
040103010705,2011,20.964791092,7.158880209,0.721920301
040103010705,2012,12.754433801,3.542442278,0.675702952
040103010705,2013,20.914414104,6.281526428,0.716619367
040103010705,2014,28.757504263,8.836614523,0.776567044
040103010705,2015,19.660727687,7.067144155,0.766037371
040103010705,2016,36.134806765,9.986757584,0.794722962
040103010705,2017,36.47564793,10.125350689,0.807952042
040103010705,2018,15.443960287,5.896849703,0.75527183
040103010705,2019,24.791590174,7.979778318,0.749036387
040103010801,2010,38.474301267,30.812384153,0.54698475
040103010801,2011,27.028702978,21.55930009,0.515940101
040103010801,2012,22.317775341,18.055784508,0.489342763
040103010801,2013,29.994784378,20.121576059,0.54425898
040103010801,2014,39.407710994,28.600098722,0.590794893
040103010801,2015,25.048115106,20.516547549,0.531261737
040103010801,2016,43.001521043,32.90898401,0.536375074
040103010801,2017,39.786406872,32.480739297,0.574828126
040103010801,2018,32.493155412,25.989787362,0.554973881
040103010801,2019,37.523086685,27.357126624,0.559240684
040103010802,2010,25.392862998,12.128112648,0.676168194
040103010802,2011,21.104997329,12.212435356,0.634270876
040103010802,2012,17.443778742,10.944106409,0.600814962
040103010802,2013,24.159584149,10.629729666,0.6687429
040103010802,2014,28.156714008,11.656930831,0.721540304
040103010802,2015,17.364703992,11.562250296,0.650927871
040103010802,2016,28.767724111,14.380626666,0.654405286
040103010802,2017,28.522703749,14.560908401,0.700068881
040103010802,2018,23.171140502,13.4160078,0.681159811
040103010802,2019,26.780530216,13.644958894,0.672830206
040103010803,2010,33.978329773,22.380726756,0.626667428
040103010803,2011,23.235112824,16.255856676,0.578719513
040103010803,2012,18.371793195,14.468918351,0.551331851
040103010803,2013,27.046509325,15.438260998,0.619011716
040103010803,2014,32.338586499,19.084697178,0.670773452
040103010803,2015,23.733387134,17.304743443,0.606599144
040103010803,2016,36.585318382,23.5069218,0.604223222
040103010803,2017,35.441885772,24.721850619,0.650283205
040103010803,2018,26.766002615,19.042868733,0.629686534
040103010803,2019,32.171378147,20.170881749,0.631723769
040103010804,2010,33.527443685,22.227361856,0.623388804
040103010804,2011,23.276820072,16.319469143,0.577669179
040103010804,2012,17.846286863,13.838581795,0.547157117
040103010804,2013,26.718672717,15.291994917,0.616925479
040103010804,2014,33.087274145,19.35187367,0.669260053
040103010804,2015,22.227734404,16.520213665,0.601741101
040103010804,2016,36.816848219,23.698939559,0.601717161
040103010804,2017,35.450598586,24.50474988,0.64797032
040103010804,2018,28.402492967,20.09434229,0.628200861
040103010804,2019,32.633573234,20.3597702,0.630864335
040103010805,2010,31.306244534,20.789708013,0.616644424
040103010805,2011,25.066668844,17.461978649,0.575348183
040103010805,2012,20.755215357,15.897954907,0.540722504
040103010805,2013,26.665798718,15.358865679,0.607757182
040103010805,2014,35.244687022,20.900375239,0.661850124
040103010805,2015,21.781221077,16.087496246,0.59437275
040103010805,2016,36.592618235,24.012288849,0.595778242
040103010805,2017,34.394524284,23.455208067,0.643783203
040103010805,2018,26.601744365,18.583630297,0.620823951
040103010805,2019,32.357495405,20.42761769,0.622670314
040103010806,2010,28.21484748,13.346006827,0.681215365
040103010806,2011,23.145933081,12.854943208,0.637020318
040103010806,2012,17.056360187,10.946418296,0.598883234
040103010806,2013,25.740570495,11.197252231,0.676010139
040103010806,2014,30.189344605,12.795456176,0.728224334
040103010806,2015,20.076319565,12.085957675,0.657173493
040103010806,2016,32.307635361,15.694952314,0.661245246
040103010806,2017,32.048071129,15.886442286,0.705391496
040103010806,2018,22.877154345,13.703608602,0.683298088
040103010806,2019,28.125839195,14.29719941,0.679097077
040103010807,2010,26.3699551,6.002761231,0.565586157
040103010807,2011,18.054240469,6.221948723,0.525863248
040103010807,2012,17.495648006,3.529947624,0.500414167
040103010807,2013,20.52875864,5.550200717,0.529830466
040103010807,2014,25.530708736,7.860492767,0.561093554
040103010807,2015,16.602439236,4.205969707,0.542714798
040103010807,2016,32.995513659,8.381245113,0.562963498
040103010807,2017,32.380798022,8.104243606,0.568818699
040103010807,2018,14.720703427,4.274998939,0.539109513
040103010807,2019,19.56478705,6.611954786,0.537658111
040103010901,2010,31.089682917,17.893131135,0.724761547
040103010901,2011,25.854033264,17.477086872,0.68552667
040103010901,2012,23.972660509,14.212513313,0.639388174
040103010901,2013,27.298185039,13.742881493,0.682683602
040103010901,2014,43.548830142,22.060116549,0.760293283
040103010901,2015,16.173430394,12.878450009,0.683513685
040103010901,2016,31.818520384,19.541078299,0.708436166
040103010901,2017,33.774780524,19.351190387,0.737289846
040103010901,2018,19.038930066,13.329403233,0.695391191
040103010901,2019,28.778960816,16.742234229,0.68023568
040103010902,2010,16.566675709,7.25740783,0.692498393
040103010902,2011,18.476016955,9.643318154,0.649088904
040103010902,2012,17.003183803,5.504160099,0.605969778
040103010902,2013,20.335422243,8.866802531,0.654704574
040103010902,2014,32.065050314,13.806238437,0.726936495
040103010902,2015,13.121985134,6.482386456,0.653908259
040103010902,2016,23.044121361,9.916832391,0.669418743
040103010902,2017,24.769562255,10.238590368,0.695730066
040103010902,2018,12.645692433,5.857174302,0.651893557
040103010902,2019,22.091508355,10.897595378,0.664802612
040103010903,2010,39.517390396,26.965980906,0.671785488
040103010903,2011,31.433946581,23.537271592,0.584350661
040103010903,2012,28.328332545,18.784795782,0.546198571
040103010903,2013,30.478664124,22.035042582,0.595449827
040103010903,2014,43.659090066,30.46145566,0.68078491
040103010903,2015,24.277404929,17.607345755,0.602140165
040103010903,2016,38.389686893,27.434073584,0.614874164
040103010903,2017,37.030732577,25.001895843,0.682054224
040103010903,2018,24.762344904,17.67441518,0.621769609
040103010903,2019,34.081938835,24.394316354,0.62638151
040103010904,2010,31.127928598,17.300241132,0.679461061
040103010904,2011,24.236364975,15.89236854,0.621952209
040103010904,2012,23.421320495,13.399284747,0.590748868
040103010904,2013,25.248811824,14.087794997,0.640941379
040103010904,2014,37.72678623,19.618366641,0.702673018
040103010904,2015,19.217740475,13.459206292,0.651714819
040103010904,2016,32.094179947,19.202582866,0.654125232
040103010904,2017,31.822102377,18.492332084,0.66775566
040103010904,2018,18.815006474,12.759341211,0.63379992
040103010904,2019,25.802744064,14.70575215,0.642645108
040103010905,2010,35.911843333,24.094590932,0.566326416
040103010905,2011,25.597050025,18.326100396,0.517119356
040103010905,2012,21.851360214,14.750368228,0.470680308
040103010905,2013,25.857334434,16.514267774,0.525429736
040103010905,2014,39.338338707,24.870107604,0.597820668
040103010905,2015,20.060022275,14.56854505,0.548671788
040103010905,2016,33.617384326,22.589305172,0.55180408
040103010905,2017,31.723917859,22.225194502,0.567575449
040103010905,2018,20.871282256,15.426867843,0.568541476
040103010905,2019,31.966589792,21.290398149,0.573949143
040103010906,2010,30.857732543,11.421655097,0.62466003
040103010906,2011,20.369138363,9.497165858,0.571057365
040103010906,2012,17.715862117,6.479460458,0.52677454
040103010906,2013,22.205547865,8.558383463,0.583094937
040103010906,2014,34.388297999,12.214666871,0.658568523
040103010906,2015,16.684586447,8.492862644,0.607659796
040103010906,2016,28.792098665,11.835431349,0.611410736
040103010906,2017,28.627724997,11.036236657,0.62329056
040103010906,2018,15.421609648,7.333579369,0.627895003
040103010906,2019,25.515202753,11.613226539,0.623114303
040103010907,2010,29.472867008,15.236499357,0.638839974
040103010907,2011,23.17569982,14.269447552,0.563577762
040103010907,2012,18.861385428,11.136832465,0.518210582
040103010907,2013,21.703535724,12.3374815,0.558304313
040103010907,2014,34.229379834,16.627976102,0.620551068
040103010907,2015,18.126242491,12.534566558,0.599660577
040103010907,2016,34.247686862,19.370426433,0.605389737
040103010907,2017,30.349714767,15.371687795,0.609835569
040103010907,2018,19.344036506,11.9720534,0.60990436
040103010907,2019,27.468218431,15.817049207,0.594887174
040103010908,2010,25.095416247,16.081287199,0.675206777
040103010908,2011,19.642780128,14.819580215,0.604387925
040103010908,2012,17.584697334,12.115975087,0.574673077
040103010908,2013,21.367964615,14.48442394,0.617643905
040103010908,2014,29.809677165,18.852894831,0.668101644
040103010908,2015,15.860743711,12.741164901,0.641760078
040103010908,2016,30.449388221,20.347126563,0.652677231
040103010908,2017,28.48492711,18.074327291,0.662372343
040103010908,2018,17.626998245,13.1680792,0.648377703
040103010908,2019,24.106731203,16.448360378,0.638082382
040103011002,2010,39.359795715,32.777316343,0.557603189
040103011002,2011,30.137878392,25.936052142,0.557413673
040103011002,2012,34.792601538,25.57963955,0.513088598
040103011002,2013,31.969367391,26.845133479,0.578039611
040103011002,2014,55.324988643,43.659494372,0.624465826
040103011002,2015,21.303758742,19.854870129,0.544857531
040103011002,2016,35.175846824,30.364668739,0.588343463
040103011002,2017,44.572518308,38.364634772,0.581857644
040103011002,2018,25.68460131,21.752365741,0.546295949
040103011002,2019,32.731540984,25.09832594,0.562029381
040103011003,2010,29.975378981,23.50144388,0.768325174
040103011003,2011,26.131009465,20.537463458,0.700865854
040103011003,2012,19.802368018,13.879734858,0.657358691
040103011003,2013,27.155881645,20.163317405,0.709311934
040103011003,2014,45.252743282,36.687742195,0.799236844
040103011003,2015,19.250842918,14.755710202,0.71602796
040103011003,2016,32.514416335,24.349171193,0.749701527
040103011003,2017,36.396594013,28.684810471,0.776563338
040103011003,2018,20.653609891,15.930973247,0.739260349
040103011003,2019,32.78636156,24.980721167,0.748416312
040103011004,2010,37.157220893,30.544485145,0.759418626
040103011004,2011,27.613488052,23.424922035,0.679048164
040103011004,2012,21.672377184,16.608907345,0.654183733
040103011004,2013,28.679473977,23.995610573,0.706456402
040103011004,2014,45.024923446,39.640138937,0.774258491
040103011004,2015,20.503360925,16.372738705,0.702262024
040103011004,2016,34.876645818,28.706996615,0.729908963
040103011004,2017,35.713020507,30.320961412,0.764763829
040103011004,2018,20.025789707,16.440010094,0.714361085
040103011004,2019,32.333274135,27.255946671,0.709889203
040103011005,2010,34.85801042,32.461923526,0.511231783
040103011005,2011,23.644092846,22.390886909,0.437770372
040103011005,2012,20.659178821,19.376042707,0.418891002
040103011005,2013,24.228887426,20.886136669,0.486562862
040103011005,2014,37.704293721,32.312693551,0.525257832
040103011005,2015,17.032830094,16.812339106,0.463896339
040103011005,2016,29.909159403,26.806240631,0.511240224
040103011005,2017,27.442110543,26.11231834,0.502202777
040103011005,2018,18.654990775,17.807000521,0.49748226
040103011005,2019,28.582439279,23.567226629,0.501804874
040103011006,2010,33.612111712,31.484925542,0.517290183
040103011006,2011,25.813734173,24.406615897,0.445729092
040103011006,2012,21.671260324,20.296175587,0.424629511
040103011006,2013,25.751713192,22.409882472,0.491649247
040103011006,2014,38.225286233,32.880812945,0.530267019
040103011006,2015,18.223372879,17.986561832,0.469648593
040103011006,2016,30.606996238,27.489411557,0.516723522
040103011006,2017,28.543504488,27.169305636,0.507166734
040103011006,2018,20.72385503,19.804988609,0.504029784
040103011006,2019,30.747676528,25.708640179,0.509611864
040103011007,2010,31.041464566,26.589851134,0.70293176
040103011007,2011,24.675389554,19.684393701,0.612738224
040103011007,2012,19.249032535,15.117121944,0.587566701
040103011007,2013,25.581670296,18.19959201,0.65272178
040103011007,2014,35.683752811,26.966988025,0.719993092
040103011007,2015,18.445031745,15.108473454,0.667567333
040103011007,2016,30.84955498,23.848490481,0.681765651
040103011007,2017,26.00601876,21.053573383,0.700607576
040103011007,2018,17.864858359,14.956416377,0.673439734
040103011007,2019,28.837049017,20.535432267,0.684832949
040103011008,2010,30.448911617,26.11556685,0.659327883
040103011008,2011,28.5526574,23.14206998,0.586196866
040103011008,2012,21.316162252,17.219218124,0.546616563
040103011008,2013,27.409242299,20.7263801,0.604978247
040103011008,2014,38.518354657,30.536368862,0.672068006
040103011008,2015,20.797925735,17.592965181,0.613341758
040103011008,2016,35.201520533,28.080092969,0.631532054
040103011008,2017,31.530639655,26.73722623,0.657981567
040103011008,2018,21.999879478,18.852993463,0.636811124
040103011008,2019,32.768053899,24.777588761,0.630817926
040103011101,2010,15.930724603,10.409510643,0.399480958
040103011101,2011,14.956513773,11.352766458,0.371650246
040103011101,2012,8.896110535,7.467575676,0.362287663
040103011101,2013,17.426139555,11.960249131,0.427378478
040103011101,2014,23.587545707,15.487636539,0.467510506
040103011101,2015,10.714514923,8.841755008,0.38037184
040103011101,2016,20.946196732,16.270802178,0.392089994
040103011101,2017,17.072905149,11.758599806,0.396808901
040103011101,2018,10.702280185,7.684131222,0.378919645
040103011101,2019,16.900452691,12.404416005,0.377687563
040103011102,2010,23.77377109,11.514801738,0.628964011
040103011102,2011,16.161687266,8.65842329,0.565955782
040103011102,2012,10.724891561,6.274085064,0.530784041
040103011102,2013,19.630160138,9.005236758,0.606812718
040103011102,2014,29.166522338,12.301154858,0.659321182
040103011102,2015,17.02494985,8.828650224,0.605453644
040103011102,2016,27.029880542,13.407231988,0.604495158
040103011102,2017,25.653659176,12.655741699,0.669144375
040103011102,2018,18.281697738,9.687052389,0.631133565
040103011102,2019,23.248796071,11.283811388,0.637975786
040103011103,2010,24.961163755,6.533936134,0.660304849
040103011103,2011,21.191373632,6.464382698,0.60673563
040103011103,2012,13.824060242,4.635663362,0.576479769
040103011103,2013,22.369304171,5.986525552,0.630730031
040103011103,2014,33.559765297,7.515579981,0.68114584
040103011103,2015,17.985918523,6.248290334,0.632461453
040103011103,2016,28.389416318,8.267404097,0.636787634
040103011103,2017,28.485612657,7.817160996,0.684603036
040103011103,2018,19.831908228,6.502228647,0.659974748
040103011103,2019,26.062082714,8.011843475,0.648760953
040103011104,2010,19.585118486,4.791102899,0.620484974
040103011104,2011,20.17548055,6.111718304,0.579010627
040103011104,2012,9.110421184,2.370932301,0.545009509
040103011104,2013,19.708853072,6.068930754,0.619265259
040103011104,2014,31.36130236,7.255908717,0.64687304
040103011104,2015,14.803826293,5.09547237,0.615501985
040103011104,2016,26.985256433,7.276145935,0.633839036
040103011104,2017,22.60047782,6.105953623,0.65974955
040103011104,2018,15.410760319,4.388835447,0.633726125
040103011104,2019,23.867427213,7.933170756,0.612357068
040103011105,2010,18.718061044,9.119531412,0.514760244
040103011105,2011,17.012120487,9.086921501,0.488647303
040103011105,2012,14.813533513,7.455117711,0.471326547
040103011105,2013,23.02946163,10.11650448,0.522206304
040103011105,2014,25.97065398,11.964002611,0.552113636
040103011105,2015,14.127612712,7.919467481,0.502371597
040103011105,2016,24.291698537,12.462907935,0.521312891
040103011105,2017,20.726392765,10.204471308,0.527380754
040103011105,2018,14.126792527,7.571605965,0.508565901
040103011105,2019,20.206279368,10.049823297,0.512784131
040103020101,2010,44.498480873,17.566004718,0.560457978
040103020101,2011,30.896627322,16.439399795,0.538567688
040103020101,2012,33.910575313,16.081970065,0.550320635
040103020101,2013,51.213541881,23.700635625,0.58139998
040103020101,2014,55.221935892,23.228313054,0.596983228
040103020101,2015,38.324073613,18.392160914,0.533170239
040103020101,2016,59.210190243,24.00221008,0.587368893
040103020101,2017,52.113354727,23.842163716,0.619057674
040103020101,2018,38.425706547,18.858451057,0.560065996
040103020101,2019,56.154179251,25.330464612,0.56999009
040103020102,2010,34.616657068,12.271686115,0.691199871
040103020102,2011,24.648303506,12.195862305,0.643158019
040103020102,2012,27.377913455,10.921845993,0.666330204
040103020102,2013,43.478690137,18.163017246,0.677250578
040103020102,2014,50.483020229,18.914054262,0.698195518
040103020102,2015,32.06628694,13.839215645,0.650854102
040103020102,2016,56.329131697,19.861819313,0.701078366
040103020102,2017,46.145876648,18.628811091,0.727740305
040103020102,2018,31.419634158,13.862911406,0.674889493
040103020102,2019,47.933667718,19.433099963,0.683031076
040103020103,2010,41.529476154,18.399746646,0.672335366
040103020103,2011,26.654811175,15.132725101,0.642943652
040103020103,2012,27.519529513,13.295209381,0.629700342
040103020103,2013,45.881588445,21.733051582,0.67930881
040103020103,2014,52.877123903,22.444556828,0.692583202
040103020103,2015,32.505318845,16.461275889,0.631309416
040103020103,2016,51.950395911,22.79970082,0.696537577
040103020103,2017,48.486679788,22.807996364,0.729279339
040103020103,2018,34.24116001,18.240000186,0.666451529
040103020103,2019,51.264722093,23.554359935,0.676890875
040103020104,2010,36.265640284,17.570352106,0.645287141
040103020104,2011,22.940801808,14.758343833,0.622899368
040103020104,2012,22.388961749,13.015976122,0.612570811
040103020104,2013,38.635907006,21.022023022,0.659877611
040103020104,2014,41.836529946,21.505234905,0.664217011
040103020104,2015,27.29535543,15.892225908,0.615420941
040103020104,2016,42.770042132,21.589169236,0.670440834
040103020104,2017,37.687499255,21.52283044,0.693818661
040103020104,2018,29.254495572,17.549140084,0.646816983
040103020104,2019,43.164621546,22.562473544,0.653273356
040103020106,2010,46.528489287,19.218747784,0.445862206
040103020106,2011,31.416627061,17.315694033,0.436640179
040103020106,2012,36.594272463,18.124243022,0.422887741
040103020106,2013,46.707119234,22.061129501,0.449303719
040103020106,2014,47.612635519,22.767423273,0.455736425
040103020106,2015,32.386247426,16.580056808,0.423165453
040103020106,2016,52.883570988,20.981634095,0.453465016
040103020106,2017,46.016878873,20.556375122,0.454816563
040103020106,2018,35.031388862,17.750328308,0.43909839
040103020106,2019,49.217015786,21.496112016,0.449547529
040103020107,2010,45.858299234,16.558503994,0.527457523
040103020107,2011,29.930569147,14.314574457,0.534252215
040103020107,2012,33.677254083,15.252950621,0.526708318
040103020107,2013,46.649875853,20.002641227,0.56653376
040103020107,2014,50.397783269,19.605126315,0.57845509
040103020107,2015,34.000778391,15.343476011,0.511344154
040103020107,2016,54.851180598,20.513157684,0.560991566
040103020107,2017,47.483200759,20.135075253,0.581996362
040103020107,2018,37.44648176,16.789297928,0.538351386
040103020107,2019,49.91047525,21.075000623,0.548417566
040103020109,2010,44.702010775,11.958816481,0.734574915
040103020109,2011,31.519872444,11.112621933,0.70721053
040103020109,2012,36.620324877,10.886196592,0.700728094
040103020109,2013,45.612359934,14.299972059,0.721349878
040103020109,2014,49.044562035,14.440815746,0.746595778
040103020109,2015,30.673129425,10.784969785,0.673536534
040103020109,2016,48.782860278,13.929275062,0.735446783
040103020109,2017,45.130991264,13.783784735,0.74688413
040103020109,2018,31.75038798,11.323743054,0.717599852
040103020109,2019,45.159868227,13.662555232,0.714636969
040103020201,2010,38.598407433,23.593983976,0.27514056
040103020201,2011,31.60132712,23.013419284,0.269229437
040103020201,2012,31.657770133,21.458759135,0.264306145
040103020201,2013,45.420235395,25.181650028,0.273225018
040103020201,2014,52.214027356,27.339944805,0.280907201
040103020201,2015,35.500771473,23.928918014,0.272858525
040103020201,2016,54.496102289,28.053881678,0.277798824
040103020201,2017,49.974074219,28.554909673,0.288410982
040103020201,2018,37.486657,24.262900115,0.272064531
040103020201,2019,55.651533621,27.591014623,0.277921626
040103020202,2010,44.205998798,24.77595946,0.255000525
040103020202,2011,33.886870347,24.277604207,0.250507433
040103020202,2012,36.615173199,22.883890288,0.246927756
040103020202,2013,48.487693653,26.264986809,0.253966792
040103020202,2014,55.688337158,28.456434211,0.257477175
040103020202,2015,39.844599971,25.636687626,0.254326564
040103020202,2016,59.778339772,29.502139966,0.257857695
040103020202,2017,54.587368459,29.69104442,0.26552889
040103020202,2018,42.360598017,25.724573017,0.25259729
040103020202,2019,58.628866397,28.38373842,0.255447846
040103020203,2010,44.229716608,23.41238491,0.267757147
040103020203,2011,32.177753884,22.637982479,0.265396915
040103020203,2012,34.227040552,21.29906588,0.262731101
040103020203,2013,48.268158412,24.507804412,0.269543691
040103020203,2014,51.663490682,26.555280758,0.271327698
040103020203,2015,37.446185609,23.768735447,0.266545644
040103020203,2016,53.414027644,27.24012058,0.270465818
040103020203,2017,49.036437076,27.154867636,0.275863907
040103020203,2018,38.616794185,23.944334439,0.265890397
040103020203,2019,51.833789109,25.899752185,0.265520785
040103020301,2010,27.246429167,12.83538663,0.610733682
040103020301,2011,20.535900267,12.461163662,0.561875219
040103020301,2012,19.556123663,10.284319537,0.534703311
040103020301,2013,32.421494064,14.596363578,0.620544566
040103020301,2014,36.919121187,15.878259654,0.665321459
040103020301,2015,24.254316964,13.293723052,0.591215872
040103020301,2016,38.470599918,17.096740577,0.613564401
040103020301,2017,39.146422691,16.520023973,0.663904598
040103020301,2018,26.627982305,13.939494506,0.618598546
040103020301,2019,46.439157939,18.634041046,0.654094454
040103020302,2010,29.305701577,11.515291656,0.607144832
040103020302,2011,16.948402556,10.116651394,0.564139708
040103020302,2012,15.63173144,8.121990967,0.525206703
040103020302,2013,30.035933329,12.075020829,0.608540243
040103020302,2014,38.561865049,14.365986417,0.653588378
040103020302,2015,22.204061331,11.887146891,0.588526319
040103020302,2016,35.976236529,13.924065715,0.616442445
040103020302,2017,36.519675431,13.635458989,0.651299913
040103020302,2018,24.46352355,11.815864157,0.610733179
040103020302,2019,46.234669595,15.597002967,0.633399315
040103020303,2010,35.807795248,16.261324712,0.561086315
040103020303,2011,23.248899388,14.130540998,0.523355865
040103020303,2012,23.158550535,12.29034836,0.502425517
040103020303,2013,41.081528955,18.56107429,0.567255605
040103020303,2014,45.631221239,19.73742986,0.600297907
040103020303,2015,29.494280516,15.882133676,0.543275259
040103020303,2016,46.672546385,20.932566291,0.565618378
040103020303,2017,48.847860605,19.945934537,0.598592914
040103020303,2018,32.410689948,16.970857486,0.565716278
040103020303,2019,54.59759021,21.993414572,0.586571785
040103020304,2010,38.287217761,23.321574391,0.260793744
040103020304,2011,29.350898991,23.00665002,0.258928515
040103020304,2012,31.135024721,21.20977107,0.25500298
040103020304,2013,44.33586714,24.881385348,0.261503729
040103020304,2014,49.181082804,26.775578828,0.262979322
040103020304,2015,34.945599677,24.267637349,0.261896477
040103020304,2016,50.810614983,27.59583731,0.263494985
040103020304,2017,45.025287178,27.928949164,0.270387307
040103020304,2018,36.23854647,24.115344136,0.259778504
040103020304,2019,51.743564353,26.627489218,0.262447443
040103020305,2010,41.956010625,17.345077613,0.452015578
040103020305,2011,29.305916228,16.590503092,0.430359987
040103020305,2012,27.510288955,14.516688764,0.410148625
040103020305,2013,45.824438554,18.414317794,0.457892145
040103020305,2014,54.869521202,20.617837906,0.480642571
040103020305,2015,37.867553929,18.272945707,0.442951911
040103020305,2016,54.237157077,20.888384984,0.459629946
040103020305,2017,52.300190547,20.962950479,0.480855286
040103020305,2018,36.952415344,17.878869481,0.454483937
040103020305,2019,56.186724893,20.994392471,0.467094979
040103020401,2010,26.879137793,14.336544602,0.575956521
040103020401,2011,18.134154163,13.093653531,0.549141364
040103020401,2012,15.875714752,10.439235831,0.509836068
040103020401,2013,29.541274035,14.934466106,0.587129291
040103020401,2014,37.647878831,17.659735636,0.626975467
040103020401,2015,22.554229551,14.532403555,0.564000129
040103020401,2016,37.296671152,18.099777233,0.590264532
040103020401,2017,31.957312276,17.180219575,0.615270696
040103020401,2018,24.39639649,14.815828915,0.593638221
040103020401,2019,42.987898111,18.253283504,0.606054495
040103020402,2010,26.244353757,12.913564388,0.580302042
040103020402,2011,17.774794121,11.865346882,0.551556155
040103020402,2012,14.702100902,9.253122725,0.518860979
040103020402,2013,26.794768806,12.618994299,0.591747302
040103020402,2014,35.36920748,15.568130734,0.628748124
040103020402,2015,22.743110575,13.695462977,0.562576663
040103020402,2016,39.320491451,16.553642297,0.593052524
040103020402,2017,29.754701816,15.048559045,0.608654557
040103020402,2018,20.809266353,12.138730066,0.593368404
040103020402,2019,38.080756289,15.848619996,0.608718311
040103020403,2010,39.291930699,20.57360442,0.3235798
040103020403,2011,27.522460491,20.095745363,0.319987519
040103020403,2012,24.517162669,17.618594049,0.305869168
040103020403,2013,41.086296053,20.787147184,0.328205234
040103020403,2014,53.452865229,23.627513225,0.335110452
040103020403,2015,32.992727422,21.443046717,0.322552747
040103020403,2016,50.672240651,23.924110666,0.329088532
040103020403,2017,44.218987798,23.303110712,0.335062605
040103020403,2018,32.933011238,20.76388422,0.326769143
040103020403,2019,48.554087497,23.009977982,0.325157771
040103020404,2010,27.995122072,11.529132181,0.51166342
040103020404,2011,21.199577036,10.932685615,0.489729613
040103020404,2012,15.350330045,8.265986349,0.470974912
040103020404,2013,28.619155779,10.938838632,0.522704142
040103020404,2014,40.222192621,14.100705415,0.54403936
040103020404,2015,22.846079333,11.649813482,0.504225323
040103020404,2016,37.364001636,13.777891178,0.53213794
040103020404,2017,30.644692352,12.641048066,0.531739806
040103020404,2018,21.247519653,10.817566581,0.519201118
040103020404,2019,34.187784097,13.257689174,0.52289047
040103020405,2010,36.479027872,8.079489278,0.629079919
040103020405,2011,23.050486578,7.26265703,0.617899622
040103020405,2012,20.100974829,5.390980134,0.575084209
040103020405,2013,37.450947458,8.066013355,0.651031351
040103020405,2014,50.913865679,9.988198064,0.679746225
040103020405,2015,29.639463719,8.729632143,0.618824217
040103020405,2016,44.55788694,9.846433122,0.642886263
040103020405,2017,39.782390712,8.911644064,0.648288318
040103020405,2018,27.871634986,7.939138825,0.639515167
040103020405,2019,41.781100518,10.44904302,0.651109283
040103020501,2010,50.043780205,25.186475342,0.256227891
040103020501,2011,33.930064416,24.88378115,0.253902445
040103020501,2012,36.802331573,23.400646629,0.250920462
040103020501,2013,45.882178468,25.830886993,0.258385555
040103020501,2014,46.7327643,26.166023882,0.259208144
040103020501,2015,35.925090176,23.99630105,0.254039638
040103020501,2016,51.195558487,26.8807611,0.258986992
040103020501,2017,45.129084603,27.175897117,0.263969947
040103020501,2018,41.212978334,25.262682868,0.255396317
040103020501,2019,50.134631193,26.34599462,0.255267902
040103020502,2010,34.933252165,15.679740471,0.457930926
040103020502,2011,22.080878839,15.164135789,0.45477139
040103020502,2012,24.881462078,13.49779055,0.434813443
040103020502,2013,35.245480292,16.138874048,0.493971304
040103020502,2014,41.20965946,17.72310501,0.497755235
040103020502,2015,25.536218769,15.887181116,0.452395663
040103020502,2016,42.235183338,17.942696995,0.490397304
040103020502,2017,35.223347861,17.704471883,0.516151996
040103020502,2018,30.294920412,16.181837372,0.467457418
040103020502,2019,43.128909801,18.706717672,0.488641395
040103020503,2010,33.941935028,10.230758167,0.593617607
040103020503,2011,20.235491327,9.777236517,0.592157973
040103020503,2012,25.019218386,8.680969599,0.569279474
040103020503,2013,35.20178612,12.194290234,0.634300379
040103020503,2014,35.89195333,12.858150184,0.644808534
040103020503,2015,19.137668935,9.386713548,0.578087187
040103020503,2016,34.003931718,12.385017926,0.598584413
040103020503,2017,29.145632144,10.69633058,0.630230533
040103020503,2018,25.488366179,10.78783137,0.622018216
040103020503,2019,34.451119627,13.075197568,0.599369416
040103020504,2010,40.041225259,15.626246885,0.452701258
040103020504,2011,25.026256648,15.095897749,0.456084049
040103020504,2012,28.272953757,13.657048733,0.438450247
040103020504,2013,39.088527609,16.610322334,0.484553901
040103020504,2014,40.88287228,17.677439104,0.49376844
040103020504,2015,27.30167153,15.198284552,0.45265313
040103020504,2016,41.573622003,17.802790541,0.468587306
040103020504,2017,37.122308409,17.031833431,0.4913223
040103020504,2018,32.071435318,15.898888321,0.47158407
040103020504,2019,40.652979058,17.756854941,0.470295591
040103020505,2010,30.000969322,11.038265691,0.57209604
040103020505,2011,19.454598631,10.233894724,0.575077631
040103020505,2012,20.958329324,9.018339165,0.552580986
040103020505,2013,28.320246741,11.946791587,0.615751086
040103020505,2014,32.32519845,13.758860938,0.628142395
040103020505,2015,18.306571311,9.889681759,0.563458189
040103020505,2016,28.110100135,13.148714224,0.577126275
040103020505,2017,25.97898021,11.155471509,0.611076023
040103020505,2018,24.18481528,11.2118372,0.603650535
040103020505,2019,29.345652707,13.356000116,0.583001356
040103020506,2010,55.129724291,8.947162729,0.531827038
040103020506,2011,32.885188864,8.689047723,0.536734197
040103020506,2012,35.025298879,7.085708367,0.516647482
040103020506,2013,52.456337844,9.490193633,0.56888574
040103020506,2014,60.015645685,11.526313559,0.617329199
040103020506,2015,35.090067481,9.231281201,0.559200228
040103020506,2016,53.566595457,11.379501646,0.564278345
040103020506,2017,53.29764245,9.589171315,0.591306758
040103020506,2018,39.104563432,8.357864248,0.567038384
040103020506,2019,50.093486259,11.113583356,0.578306107
040103020601,2010,37.989248343,23.830446412,0.456716918
040103020601,2011,35.116947714,25.510138766,0.444800238
040103020601,2012,31.966368406,20.72696356,0.419505291
040103020601,2013,38.089857476,24.769552902,0.476964214
040103020601,2014,45.142236007,28.865747741,0.50141955
040103020601,2015,37.615952447,25.991872737,0.472140245
040103020601,2016,49.676396348,28.805643099,0.472129128
040103020601,2017,41.612706502,26.649544857,0.500632883
040103020601,2018,37.22900311,24.729249896,0.480289879
040103020601,2019,45.541676246,29.071329844,0.491622987
040103020602,2010,51.885894313,31.233537701,0.31879223
040103020602,2011,36.072296321,26.791476259,0.343159825
040103020602,2012,36.526551415,24.331406946,0.341035854
040103020602,2013,45.766881082,28.422509192,0.349668592
040103020602,2014,55.334522317,31.95968,0.35485795
040103020602,2015,43.531902779,30.643654468,0.352248444
040103020602,2016,62.224250651,34.867076193,0.354099038
040103020602,2017,59.333859214,34.813496949,0.360066751
040103020602,2018,48.731316939,30.129251777,0.352806545
040103020602,2019,50.352702582,31.356125464,0.35597436
040103020603,2010,38.223463418,20.07063454,0.468648123
040103020603,2011,26.229223512,17.238424858,0.453094039
040103020603,2012,25.635651089,14.97091504,0.439764339
040103020603,2013,36.432102001,18.891138641,0.493917477
040103020603,2014,46.668668869,22.254884911,0.51158005
040103020603,2015,33.915294982,20.760471524,0.481855307
040103020603,2016,48.399558911,23.663472659,0.481601973
040103020603,2017,44.399361803,22.875930796,0.509849105
040103020603,2018,36.207062828,18.920886569,0.49540345
040103020603,2019,40.501111812,21.352279669,0.507460131
040103020604,2010,24.633516001,12.731373382,0.603810744
040103020604,2011,19.828904726,13.149882837,0.529513796
040103020604,2012,11.981619487,6.925003527,0.462898738
040103020604,2013,23.977353352,11.401741756,0.594257933
040103020604,2014,36.802400455,16.977516581,0.65030189
040103020604,2015,22.104840028,14.228417838,0.599953774
040103020604,2016,37.127338829,17.0541013,0.604765758
040103020604,2017,29.683636522,15.388793627,0.635539094
040103020604,2018,20.70675866,12.026959725,0.610395769
040103020604,2019,35.777572646,17.585267749,0.635272209
040103020605,2010,30.0822752,17.993539386,0.599422162
040103020605,2011,22.736446536,16.16056853,0.536165982
040103020605,2012,15.931411036,10.34352008,0.503759466
040103020605,2013,29.030553208,16.501166849,0.60172984
040103020605,2014,39.844556867,21.248862389,0.640167882
040103020605,2015,26.091998688,18.423159116,0.583310754
040103020605,2016,42.270923863,22.364400497,0.595617137
040103020605,2017,36.65181436,21.682463955,0.629546475
040103020605,2018,25.442119549,16.33706382,0.604560195
040103020605,2019,35.861960454,21.066701764,0.620608285
040103020606,2010,18.599270348,11.698417703,0.593412337
040103020606,2011,16.869637534,12.316080584,0.520003475
040103020606,2012,10.87816575,6.834437202,0.453108256
040103020606,2013,18.744062791,10.410634511,0.58327279
040103020606,2014,28.425234963,15.587568178,0.638868791
040103020606,2015,18.342168143,13.301211358,0.589345638
040103020606,2016,30.976365557,15.539531344,0.594537923
040103020606,2017,22.649447787,14.090037835,0.624439284
040103020606,2018,16.739641414,11.187219645,0.599095054
040103020606,2019,26.495593515,15.814823833,0.621899254
040103020607,2010,37.458708168,27.891081824,0.483845188
040103020607,2011,25.34403143,19.733324168,0.441367248
040103020607,2012,18.019456823,12.57039254,0.400418815
040103020607,2013,34.338404809,24.068170138,0.479075852
040103020607,2014,47.562734956,33.039051333,0.509934092
040103020607,2015,31.165346478,24.08898216,0.483960979
040103020607,2016,48.758924549,32.844312195,0.491122017
040103020607,2017,44.14695549,32.227363661,0.508725044
040103020607,2018,28.744607734,20.633087303,0.488219251
040103020607,2019,42.110159237,29.949866788,0.501411273
040103020608,2010,25.201333069,9.694272637,0.654137908
040103020608,2011,20.467829582,9.273311766,0.601327008
040103020608,2012,16.105343084,6.077380603,0.591474168
040103020608,2013,25.214336572,8.672209282,0.65713807
040103020608,2014,35.200661086,12.068444905,0.685850888
040103020608,2015,23.184304095,10.492005444,0.640182073
040103020608,2016,33.914934104,11.961999863,0.653276288
040103020608,2017,28.449530329,10.951109724,0.677328385
040103020608,2018,21.528259016,9.455791519,0.663339573
040103020608,2019,31.057388136,11.904408004,0.656686987
040103020609,2010,34.789989925,9.398723887,0.617781106
040103020609,2011,25.184472931,8.610201834,0.573608924
040103020609,2012,16.273285341,5.203605734,0.545422814
040103020609,2013,31.249565608,7.81156209,0.638491352
040103020609,2014,45.578251974,11.479616273,0.664863484
040103020609,2015,27.386902821,9.610595981,0.613365589
040103020609,2016,43.170147061,10.958717099,0.621101499
040103020609,2017,39.67991394,10.1121788,0.650452739
040103020609,2018,23.936621135,8.049445085,0.632837442
040103020609,2019,36.259381906,10.903163296,0.637189475
040103020610,2010,16.835146844,4.489050871,0.395821808
040103020610,2011,10.441593135,3.667351749,0.368228938
040103020610,2012,10.7520931,3.01703664,0.356048822
040103020610,2013,20.651780418,4.487762878,0.409517533
040103020610,2014,24.846638352,5.255983626,0.449099016
040103020610,2015,9.715026736,4.382678549,0.389349234
040103020610,2016,18.115044416,5.270284665,0.392296634
040103020610,2017,16.867881762,5.034226566,0.395913848
040103020610,2018,10.905436667,4.024958068,0.402070601
040103020610,2019,15.777874341,4.63965656,0.408479546
040103020611,2010,20.624928071,5.915073887,0.388253193
040103020611,2011,14.233760119,4.683850955,0.357658255
040103020611,2012,11.615477079,3.164353333,0.344892136
040103020611,2013,23.085141905,5.266169644,0.399038889
040103020611,2014,28.309321709,6.541869813,0.43441089
040103020611,2015,11.91507269,5.159049425,0.377678828
040103020611,2016,22.306997778,6.571256915,0.38406353
040103020611,2017,21.201858254,6.259366448,0.388806469
040103020611,2018,13.698312999,4.980592938,0.389566798
040103020611,2019,18.563262485,5.621044528,0.394382747
040103020612,2010,24.087043988,9.268118714,0.419015069
040103020612,2011,16.00256346,7.674814476,0.397895448
040103020612,2012,14.02999899,6.273597457,0.385555862
040103020612,2013,23.893319961,8.518999507,0.429886151
040103020612,2014,31.455872219,10.823986916,0.464648398
040103020612,2015,14.205947032,7.639141275,0.409096994
040103020612,2016,23.112496191,9.824964373,0.417435491
040103020612,2017,22.802278256,9.470047677,0.422597252
040103020612,2018,15.81608577,7.545917902,0.421406866
040103020612,2019,21.738682105,9.116813816,0.427039876
040103020701,2010,43.157381736,6.984812752,0.596869038
040103020701,2011,26.020413903,6.32965561,0.577869148
040103020701,2012,25.939080426,5.135180504,0.548382154
040103020701,2013,44.505648518,8.38200578,0.615540957
040103020701,2014,51.9963018,9.784079243,0.646707776
040103020701,2015,28.897642755,6.955032751,0.58618233
040103020701,2016,47.546870285,9.255297927,0.601211167
040103020701,2017,45.622019103,7.590804929,0.613527304
040103020701,2018,31.21421911,6.895437794,0.608312215
040103020701,2019,45.888726403,9.124611454,0.613374417
040103020702,2010,34.818125733,8.018592769,0.618662073
040103020702,2011,24.094387082,6.351655813,0.6012201
040103020702,2012,22.699160069,5.084133543,0.570604982
040103020702,2013,34.80978969,7.658670391,0.632261111
040103020702,2014,42.664791361,10.503583284,0.677635375
040103020702,2015,24.153513745,6.510737602,0.61874851
040103020702,2016,33.715542193,8.635357307,0.628425075
040103020702,2017,33.864047029,7.797584707,0.634119474
040103020702,2018,24.859492932,6.165743633,0.643528273
040103020702,2019,34.117377406,8.698959669,0.638582309
040103020703,2010,26.77957747,11.250166074,0.705949837
040103020703,2011,19.854969745,10.946325067,0.667968749
040103020703,2012,21.276349353,9.215701241,0.670148738
040103020703,2013,29.261819533,13.586249952,0.689589162
040103020703,2014,35.040323446,16.488229503,0.75191622
040103020703,2015,17.381601862,9.936213303,0.675709655
040103020703,2016,28.854010153,13.840214725,0.681044079
040103020703,2017,25.427471508,11.84299711,0.698256636
040103020703,2018,22.095646803,10.030653615,0.687425968
040103020703,2019,28.378073046,13.478990853,0.687982905
040103020704,2010,30.075279297,16.569038736,0.345505173
040103020704,2011,19.694457463,13.33588714,0.339769929
040103020704,2012,19.91612734,12.482641949,0.337410081
040103020704,2013,26.398365108,15.103677696,0.342437704
040103020704,2014,36.301838705,20.510285411,0.350995264
040103020704,2015,15.502987092,11.179386419,0.340391406
040103020704,2016,27.216993409,15.487393235,0.347538529
040103020704,2017,26.246187212,15.310436095,0.351856694
040103020704,2018,21.152173723,13.112906279,0.344515553
040103020704,2019,27.511155762,15.017913491,0.342343784
040103020705,2010,23.074909427,13.017021522,0.523996935
040103020705,2011,16.441090678,10.280013934,0.498355602
040103020705,2012,13.373305245,7.070119629,0.480338075
040103020705,2013,22.778885429,12.63263984,0.526949518
040103020705,2014,31.583547241,18.623823839,0.569243365
040103020705,2015,14.171745702,9.000813093,0.506609904
040103020705,2016,21.328980496,12.528106265,0.525121977
040103020705,2017,20.352713235,11.577249769,0.528790026
040103020705,2018,15.926571447,9.478329289,0.532711356
040103020705,2019,23.873518344,13.253728074,0.527718407
040201010201,2010,27.374817565,6.48942169,0.678386687
040201010201,2011,17.094389303,5.740808149,0.631900418
040201010201,2012,17.554876562,5.347456531,0.617845235
040201010201,2013,30.832147787,6.441562916,0.670411927
040201010201,2014,37.574498863,7.92193634,0.688315919
040201010201,2015,22.513704893,7.332272636,0.602139735
040201010201,2016,39.499775217,8.859493113,0.703566037
040201010201,2017,30.305551701,8.341758452,0.695696065
040201010201,2018,21.63511572,7.376487628,0.640442936
040201010201,2019,34.453084101,8.273808355,0.666487635
040201010202,2010,34.100555087,5.256287643,0.683243888
040201010202,2011,23.12915575,4.84543014,0.632964225
040201010202,2012,22.985583345,4.44293048,0.621442677
040201010202,2013,38.144472423,5.462621391,0.682511748
040201010202,2014,44.900135831,6.483567275,0.699324491
040201010202,2015,29.096430589,5.756811453,0.616898533
040201010202,2016,46.71788463,7.257245932,0.702904629
040201010202,2017,38.821870547,6.652624435,0.698901294
040201010202,2018,27.030618698,5.78296482,0.652169597
040201010202,2019,42.559487443,6.701736736,0.670360505
040201010301,2010,21.316435657,8.957626083,0.637116573
040201010301,2011,16.231801075,9.108234982,0.601143406
040201010301,2012,16.952837365,8.070235225,0.601675603
040201010301,2013,24.640855435,10.544158756,0.645215788
040201010301,2014,33.32636205,12.982059309,0.685523175
040201010301,2015,20.438358259,11.213032754,0.619808664
040201010301,2016,31.726048942,14.24630552,0.651140992
040201010301,2017,32.902039788,14.497028593,0.698129866
040201010301,2018,22.378105539,11.18126041,0.632032993
040201010301,2019,33.52769477,14.593048406,0.648649522
040201010302,2010,26.020326791,11.204040566,0.6685256
040201010302,2011,20.398350228,9.155767236,0.626517631
040201010302,2012,21.376584962,9.693912097,0.634714296
040201010302,2013,32.847519035,11.31862018,0.671811545
040201010302,2014,40.956505967,12.687712265,0.684226217
040201010302,2015,25.500712103,10.550474781,0.626188448
040201010302,2016,41.434658788,15.114503048,0.692402828
040201010302,2017,34.452897009,13.329102054,0.711105227
040201010302,2018,25.637812022,10.45278794,0.625003957
040201010302,2019,35.390021801,11.922643911,0.633937432
040201010303,2010,15.95089604,7.90536205,0.662442657
040201010303,2011,14.406406476,7.541145867,0.61997894
040201010303,2012,14.034311571,7.263708553,0.629546316
040201010303,2013,21.798410772,8.441923017,0.66989998
040201010303,2014,27.695123717,9.917500548,0.69291319
040201010303,2015,18.940126713,9.223326493,0.631820157
040201010303,2016,25.696054961,11.285495935,0.681431045
040201010303,2017,25.661909028,11.143493598,0.711123047
040201010303,2018,18.964316133,8.839996191,0.630896807
040201010303,2019,26.851259452,10.14337119,0.646875153
040201010305,2010,39.722289484,8.720448618,0.668631185
040201010305,2011,27.79534421,7.792894915,0.627682945
040201010305,2012,30.628560027,7.97160156,0.63369323
040201010305,2013,46.288235805,8.730710133,0.669426774
040201010305,2014,60.902169317,9.751365558,0.683170443
040201010305,2015,34.443068316,8.886470463,0.622847955
040201010305,2016,59.507512042,11.578981861,0.690582303
040201010305,2017,53.399090704,10.46408094,0.710685382
040201010305,2018,36.298667398,8.962950823,0.6232895
040201010305,2019,49.044864922,9.480994075,0.629229474
040201020101,2010,35.975605731,34.523017458,0.726512367
040201020101,2011,20.589737437,20.070563072,0.698709231
040201020101,2012,19.675579863,18.764737137,0.692939708
040201020101,2013,28.867687396,28.035285785,0.736748998
040201020101,2014,43.09811519,41.29619354,0.775286837
040201020101,2015,21.206448652,20.335948933,0.696165943
040201020101,2016,33.68471296,32.344631097,0.744852336
040201020101,2017,40.087681152,38.68040865,0.795798503
040201020101,2018,28.163919236,26.843154555,0.701189721
040201020101,2019,41.930010596,40.167940975,0.72860209
040201020102,2010,52.410516947,51.729803293,0.678821846
040201020102,2011,32.298195284,31.89696129,0.648651717
040201020102,2012,39.161712409,38.640886263,0.653463574
040201020102,2013,48.154483706,47.602605398,0.697037498
040201020102,2014,63.311984613,61.924666259,0.701478671
040201020102,2015,35.042117696,34.624415577,0.657880574
040201020102,2016,56.054679675,55.396998338,0.702065455
040201020102,2017,60.748770058,60.076535009,0.739748844
040201020102,2018,43.314048757,42.596527786,0.637196031
040201020102,2019,56.894959604,56.186597398,0.676449213
040301010101,2010,14.823910295,10.559315217,0.560779213
040301010101,2011,21.398102098,13.550764479,0.584075925
040301010101,2012,14.001729721,8.999319162,0.515240619
040301010101,2013,23.204010282,14.608823315,0.589002075
040301010101,2014,21.43215683,13.108713868,0.594877862
040301010101,2015,17.226543517,10.984685322,0.576468795
040301010101,2016,16.735550333,11.818949231,0.550243447
040301010101,2017,21.036271893,13.588329733,0.586140547
040301010101,2018,18.486972391,12.381258931,0.571377211
040301010101,2019,30.698525394,17.927840782,0.616742133
040301010102,2010,19.119379838,10.25008448,0.57021324
040301010102,2011,37.687604025,15.541589006,0.618374889
040301010102,2012,15.020830718,9.099291704,0.518984154
040301010102,2013,29.821338868,13.44393787,0.601807296
040301010102,2014,26.032867944,12.022669823,0.59806048
040301010102,2015,24.752261226,11.251129186,0.577266216
040301010102,2016,20.870593505,11.462372926,0.536287333
040301010102,2017,24.18164568,12.072979604,0.565894121
040301010102,2018,24.817973065,11.725285238,0.577864342
040301010102,2019,37.244999153,15.600673028,0.624029976
040301010103,2010,12.157103159,7.872404975,0.49924582
040301010103,2011,19.592502899,10.09135491,0.551337809
040301010103,2012,9.553475772,6.921000381,0.479859044
040301010103,2013,18.40381061,9.617262928,0.559078989
040301010103,2014,19.699720727,10.2553575,0.579167724
040301010103,2015,15.793477772,9.164162003,0.542711461
040301010103,2016,13.718435134,8.865962351,0.512371517
040301010103,2017,16.05885975,9.469185779,0.555579403
040301010103,2018,15.539866606,9.33578721,0.527142377
040301010103,2019,26.974807482,12.043098794,0.613231294
040301010104,2010,19.116786634,9.275721155,0.521551411
040301010104,2011,31.916693586,12.666682091,0.565042295
040301010104,2012,14.802343105,8.418084265,0.494567032
040301010104,2013,28.669327016,11.741837445,0.568050418
040301010104,2014,27.185416005,11.44522256,0.574404012
040301010104,2015,22.282132707,10.420293432,0.549883887
040301010104,2016,20.067618838,10.352077547,0.517618607
040301010104,2017,23.733717684,11.083393045,0.557410036
040301010104,2018,23.243462834,10.795129971,0.540645045
040301010104,2019,38.681394587,14.449826339,0.61560057
040301010105,2010,19.210282918,8.152747489,0.500927773
040301010105,2011,24.863564578,8.187166509,0.528616361
040301010105,2012,14.705415088,6.818040636,0.471897595
040301010105,2013,26.475034774,8.528290009,0.532365593
040301010105,2014,25.335836484,8.690371471,0.540652244
040301010105,2015,19.314081164,8.135296781,0.515748685
040301010105,2016,19.377699751,8.257935425,0.489304164
040301010105,2017,23.353611417,8.778950842,0.530552363
040301010105,2018,21.032892882,8.061424062,0.516394589
040301010105,2019,38.114436228,10.959201443,0.581785415
040301010201,2010,15.008394693,7.670394016,0.5725415
040301010201,2011,30.669571996,13.490933087,0.606424758
040301010201,2012,13.379880127,5.892770904,0.522684807
040301010201,2013,29.173406291,12.967943121,0.607965572
040301010201,2014,26.57254384,10.90915597,0.614542041
040301010201,2015,22.167434452,8.849755494,0.579073753
040301010201,2016,18.739781214,10.18123111,0.552284491
040301010201,2017,23.996117302,10.333573406,0.594243861
040301010201,2018,21.012336124,10.429954041,0.579836208
040301010201,2019,36.701990242,14.817157458,0.626849599
040301010202,2010,17.09927578,8.653114246,0.571592672
040301010202,2011,27.788183514,12.811000865,0.601058965
040301010202,2012,13.024713913,5.942830655,0.51454643
040301010202,2013,30.836191528,13.646993568,0.608062142
040301010202,2014,28.727638815,12.028342168,0.615712359
040301010202,2015,21.885127807,8.97839845,0.574959621
040301010202,2016,19.70531745,11.007617567,0.550115152
040301010202,2017,24.638390063,11.082520447,0.594675042
040301010202,2018,20.852125161,10.45843782,0.574452087
040301010202,2019,37.131319275,15.773136366,0.625871447
040301010203,2010,18.126194243,6.015065482,0.561682326
040301010203,2011,32.648497638,9.656093435,0.594048812
040301010203,2012,13.852566515,4.534967063,0.508344665
040301010203,2013,33.957665183,9.836309898,0.597666372
040301010203,2014,30.678213834,8.059431716,0.604954232
040301010203,2015,27.145292021,6.456388826,0.568229156
040301010203,2016,20.949994489,8.245147313,0.545423289
040301010203,2017,28.333220735,7.753393457,0.586623406
040301010203,2018,23.152709953,8.166683277,0.566524231
040301010203,2019,41.676434032,10.49536508,0.615003658
040301010204,2010,19.072042766,6.054046511,0.575313623
040301010204,2011,28.548284682,9.231771735,0.59859906
040301010204,2012,12.852672517,4.376801624,0.514516369
040301010204,2013,29.330326163,9.359334091,0.602919228
040301010204,2014,27.551619824,7.749984273,0.613479643
040301010204,2015,23.067697007,5.947412064,0.577217128
040301010204,2016,19.822370456,8.06686998,0.552119582
040301010204,2017,23.869867557,7.245556276,0.59320663
040301010204,2018,22.165634027,8.146237757,0.579052885
040301010204,2019,42.210626239,10.514409551,0.628090012
040301010205,2010,26.2035307,12.110372621,0.542047505
040301010205,2011,30.269889796,14.235530442,0.561298866
040301010205,2012,18.719156749,9.12032664,0.494059427
040301010205,2013,33.888071763,14.886629414,0.571408361
040301010205,2014,29.702975332,12.745949676,0.578979751
040301010205,2015,25.910277445,10.576187099,0.539061706
040301010205,2016,26.573699536,13.770905858,0.522452617
040301010205,2017,30.669752947,13.516307454,0.563601313
040301010205,2018,25.873006619,12.9950257,0.545994443
040301010205,2019,48.063057866,17.838801211,0.595436902
040301010301,2010,24.890367705,15.381446281,0.582917247
040301010301,2011,27.405456319,16.78668206,0.601283591
040301010301,2012,14.19367072,9.839877366,0.507432076
040301010301,2013,32.071529729,19.57987602,0.615913828
040301010301,2014,27.696601403,17.566858075,0.607863285
040301010301,2015,17.728626403,11.325082348,0.565705416
040301010301,2016,25.519730776,17.240062765,0.581657229
040301010301,2017,30.54577496,18.234197735,0.604466336
040301010301,2018,22.005619503,14.428780554,0.581616672
040301010301,2019,53.915907297,28.817297495,0.642475343
040301010302,2010,21.946288623,12.854686461,0.580399779
040301010302,2011,21.37565183,13.559635833,0.593019238
040301010302,2012,12.454577637,8.384792313,0.508768784
040301010302,2013,28.265069318,17.433094567,0.615737827
040301010302,2014,24.251438577,14.918086195,0.609439148
040301010302,2015,16.011402495,9.700400977,0.570121625
040301010302,2016,22.162800738,14.659170278,0.578759566
040301010302,2017,24.54231121,15.049845529,0.600930396
040301010302,2018,19.738916552,12.102300227,0.580575538
040301010302,2019,42.285769332,23.541784656,0.640287087
040301010303,2010,23.672429842,9.912369821,0.613200117
040301010303,2011,21.9635337,11.438925031,0.625374389
040301010303,2012,11.625717969,7.195391685,0.534704569
040301010303,2013,28.333215183,14.28754388,0.647639696
040301010303,2014,24.005775091,13.25750182,0.640058783
040301010303,2015,13.810264784,7.319804055,0.596298829
040301010303,2016,21.869263399,12.616439897,0.608206272
040301010303,2017,23.606678538,11.467444501,0.631687432
040301010303,2018,19.574982538,10.285860727,0.607826936
040301010303,2019,42.533842334,17.926181636,0.671418978
040301010401,2010,11.024284901,5.642208258,0.352036273
040301010401,2011,15.806860228,5.816521151,0.36992263
040301010401,2012,4.856162488,3.045706316,0.27332825
040301010401,2013,16.349386666,5.516025977,0.380759083
040301010401,2014,15.948198953,6.12432983,0.362306156
040301010401,2015,9.276199492,4.623343874,0.348588195
040301010401,2016,19.135359232,6.66095982,0.388808405
040301010401,2017,20.296164362,7.401643055,0.396278202
040301010401,2018,12.291564129,5.228750906,0.352499233
040301010401,2019,25.296289614,9.029407854,0.397860913
040301010402,2010,12.633211879,8.576547106,0.387518571
040301010402,2011,15.926403965,8.875469108,0.408752318
040301010402,2012,6.389702676,4.67484109,0.322023365
040301010402,2013,18.329695587,9.674996055,0.438576801
040301010402,2014,15.931946164,8.723595668,0.433510673
040301010402,2015,8.685572951,5.740154537,0.389159396
040301010402,2016,15.657528974,9.17671936,0.420997565
040301010402,2017,19.181023159,10.612820689,0.436209064
040301010402,2018,11.305298974,7.028803007,0.388620693
040301010402,2019,27.100805641,13.125161924,0.451692657
040301010403,2010,26.798111985,6.831922556,0.615545064
040301010403,2011,27.718161075,9.920133937,0.628987201
040301010403,2012,13.539788803,5.513599228,0.52891217
040301010403,2013,35.592401929,12.831587936,0.648094633
040301010403,2014,31.100070409,11.121816405,0.6627572
040301010403,2015,15.961801518,6.027286429,0.596650065
040301010403,2016,31.904524396,10.394151769,0.632043238
040301010403,2017,33.741733098,11.819838644,0.642781923
040301010403,2018,24.358808881,9.181797749,0.607067084
040301010403,2019,45.674008266,12.956405323,0.689789534
040301010404,2010,23.385430822,5.015337862,0.493286242
040301010404,2011,25.81033952,7.389931642,0.510846305
040301010404,2012,10.631584624,3.626971942,0.421397514
040301010404,2013,33.149937461,9.045566966,0.548148721
040301010404,2014,26.10460237,7.392389708,0.547399839
040301010404,2015,13.442055867,3.930167724,0.492700156
040301010404,2016,23.64278965,7.231675544,0.515764648
040301010404,2017,33.54978517,7.908046739,0.536734387
040301010404,2018,19.096443091,5.765440245,0.499322695
040301010404,2019,49.355830155,9.652456124,0.572238546
040301010405,2010,26.635915244,12.387028686,0.608412725
040301010405,2011,26.811428712,13.885066798,0.615736823
040301010405,2012,13.718545599,7.839832484,0.520217913
040301010405,2013,34.643080065,17.605284756,0.635020982
040301010405,2014,31.000206587,15.312533605,0.651475407
040301010405,2015,14.491536636,8.283389773,0.584872483
040301010405,2016,31.168696099,15.492273849,0.62306857
040301010405,2017,33.923127321,17.333214126,0.636098164
040301010405,2018,23.49766239,12.605733658,0.591904844
040301010405,2019,44.243457573,20.309137103,0.682886536
040301010406,2010,20.122650471,7.091378054,0.606750179
040301010406,2011,23.791192175,9.77206821,0.624044182
040301010406,2012,10.429700196,5.493840823,0.521462033
040301010406,2013,27.158156287,12.12976812,0.639292978
040301010406,2014,24.187217088,11.507226069,0.636415346
040301010406,2015,11.64118941,5.219097142,0.585959991
040301010406,2016,22.212206751,10.643741139,0.605713152
040301010406,2017,25.089922798,9.278939891,0.625957213
040301010406,2018,18.019078404,8.453401667,0.60398999
040301010406,2019,46.346780364,15.349615303,0.665860205
040301010407,2010,27.977581224,17.822602952,0.613660819
040301010407,2011,26.870973452,17.661077299,0.620176441
040301010407,2012,14.170545169,10.543851581,0.528081865
040301010407,2013,34.016044296,21.86110205,0.644452706
040301010407,2014,29.323785996,19.368700446,0.641776286
040301010407,2015,16.341051574,11.301011075,0.594589132
040301010407,2016,27.569258145,19.405986886,0.60820274
040301010407,2017,32.921916592,20.303560573,0.631473438
040301010407,2018,23.274655833,15.652734824,0.607515391
040301010407,2019,50.259574673,29.112294833,0.669569511
040301010408,2010,30.406727957,19.687931205,0.616671826
040301010408,2011,30.471118597,19.357970003,0.619608397
040301010408,2012,17.924648494,11.972374629,0.532918168
040301010408,2013,37.620259336,23.995522412,0.640500972
040301010408,2014,33.323125901,21.039190195,0.650148229
040301010408,2015,19.686051244,12.872316123,0.594761993
040301010408,2016,32.443741215,21.621521877,0.621891562
040301010408,2017,38.596131441,23.947497695,0.640180414
040301010408,2018,27.455503185,17.182076227,0.603756215
040301010408,2019,50.377514549,30.308102612,0.683036817
040301010501,2010,21.172521758,7.392682631,0.625101047
040301010501,2011,26.944611721,11.158576132,0.632466663
040301010501,2012,11.750153008,5.271784853,0.538604133
040301010501,2013,32.523684139,12.858835619,0.642397712
040301010501,2014,29.505586689,11.271904958,0.659764357
040301010501,2015,22.226885926,7.6954156,0.621851785
040301010501,2016,21.778728472,9.243246634,0.601334266
040301010501,2017,24.406750436,9.34473184,0.632581965
040301010501,2018,21.641972814,9.289706823,0.600788329
040301010501,2019,44.126800601,15.236945765,0.687125087
040301010502,2010,21.335520667,8.705913895,0.622717968
040301010502,2011,26.997488827,12.462755381,0.627323468
040301010502,2012,12.80896361,6.142026502,0.535811327
040301010502,2013,30.361075307,14.059205334,0.637827732
040301010502,2014,27.744719809,12.406559413,0.655532206
040301010502,2015,20.968328255,8.884679107,0.619528196
040301010502,2016,22.047841521,10.353557771,0.595852331
040301010502,2017,23.228777674,10.27201174,0.62819115
040301010502,2018,22.406661812,10.445683074,0.603928062
040301010502,2019,44.642181959,16.794833485,0.686798369
040301010503,2010,21.947058128,6.049268499,0.624338237
040301010503,2011,26.37795365,9.736007738,0.627282075
040301010503,2012,12.471244563,4.535115562,0.540260093
040301010503,2013,28.837857658,11.020836077,0.636037657
040301010503,2014,27.018181294,9.705549845,0.657444775
040301010503,2015,20.10194546,6.379468013,0.620314542
040301010503,2016,21.613057447,7.930551567,0.599770695
040301010503,2017,21.695652898,7.59488027,0.626371955
040301010503,2018,22.28918158,8.356942623,0.610228598
040301010503,2019,45.399766607,12.823130183,0.686299309
040301010601,2010,17.640130187,8.073052759,0.539318348
040301010601,2011,21.857418806,10.522057808,0.55046159
040301010601,2012,9.706052137,4.817594366,0.474648119
040301010601,2013,28.008026555,12.648799861,0.580113964
040301010601,2014,22.528996396,9.920435191,0.579104959
040301010601,2015,13.99115071,6.43617164,0.547982575
040301010601,2016,20.566440055,10.325613087,0.540793749
040301010601,2017,21.887212195,10.360836955,0.559623335
040301010601,2018,17.981024144,8.929401385,0.544293041
040301010601,2019,39.300982825,16.12365073,0.618586367
040301010602,2010,32.721218052,14.788511974,0.663209093
040301010602,2011,30.142890461,16.088022002,0.661484314
040301010602,2012,16.615642385,8.941715691,0.595305145
040301010602,2013,36.965596107,18.548527935,0.66782991
040301010602,2014,35.092289285,17.333597608,0.695136749
040301010602,2015,16.81696347,9.36689158,0.638100041
040301010602,2016,32.62598255,16.380978668,0.66665366
040301010602,2017,33.649101428,16.898439426,0.667998953
040301010602,2018,25.319545226,12.541185004,0.642366577
040301010602,2019,44.969972836,19.739747572,0.715708225
040301010603,2010,26.526992384,11.700136267,0.605672843
040301010603,2011,25.987284327,13.003989703,0.606675149
040301010603,2012,13.83435929,7.034792076,0.542793639
040301010603,2013,32.82401646,15.624838008,0.630062306
040301010603,2014,28.196302891,13.849034672,0.639814151
040301010603,2015,16.46355762,7.831746877,0.596084665
040301010603,2016,25.781368638,13.171792113,0.607279471
040301010603,2017,27.940100816,13.466076447,0.61719736
040301010603,2018,22.193291319,10.844507851,0.601114279
040301010603,2019,43.303484766,18.006479047,0.669904308
040301010604,2010,31.297547311,19.069548073,0.46954419
040301010604,2011,29.553614458,17.405624933,0.459909486
040301010604,2012,21.511485387,15.486302389,0.398445001
040301010604,2013,32.858466426,19.556866491,0.492566992
040301010604,2014,27.627614205,17.890521561,0.461881691
040301010604,2015,22.781536196,16.242013145,0.419836271
040301010604,2016,26.140485736,18.457202851,0.465202111
040301010604,2017,30.523496499,20.313733964,0.482142522
040301010604,2018,25.386946424,16.833349161,0.45990934
040301010604,2019,40.204112798,22.118074892,0.497055904
040301010605,2010,39.264049884,6.957551027,0.558271552
040301010605,2011,35.490852182,8.829442015,0.557144562
040301010605,2012,26.147759713,5.668937795,0.502383044
040301010605,2013,42.529634616,10.114728348,0.575273017
040301010605,2014,36.092970166,8.774867183,0.583262892
040301010605,2015,27.978703461,5.984685223,0.543951932
040301010605,2016,33.544683355,8.104963687,0.547559179
040301010605,2017,35.069577894,8.321161623,0.562523879
040301010605,2018,31.644539257,7.684061979,0.540738988
040301010605,2019,52.660207491,10.4289007,0.614809319
040301010701,2010,30.284650997,15.767618918,0.483209966
040301010701,2011,26.598226656,14.814986291,0.469148513
040301010701,2012,20.617731112,12.910518035,0.402324184
040301010701,2013,32.320243508,16.512862854,0.479617507
040301010701,2014,29.264240384,15.574317989,0.479974684
040301010701,2015,22.371870613,13.947665622,0.437161437
040301010701,2016,26.551880973,15.68904222,0.476677891
040301010701,2017,29.136258411,16.421516592,0.47975987
040301010701,2018,23.387471049,14.110854648,0.451582092
040301010701,2019,36.300644638,17.439416414,0.49671876
040301010702,2010,20.058795687,9.481246052,0.447148575
040301010702,2011,22.08027312,8.396199508,0.456153395
040301010702,2012,13.186285887,7.162050485,0.401074387
040301010702,2013,23.55386269,9.512106014,0.469439677
040301010702,2014,22.558055612,9.66959923,0.471812373
040301010702,2015,14.634618598,8.125963364,0.440536205
040301010702,2016,22.025200036,10.369534442,0.456655004
040301010702,2017,21.675447679,10.389396374,0.465292691
040301010702,2018,18.352002368,8.96798171,0.446492841
040301010702,2019,26.186338463,10.693233466,0.490372497
040301010703,2010,27.101916793,7.19331054,0.572202456
040301010703,2011,31.394700296,9.246712583,0.602306298
040301010703,2012,14.05360621,4.668927889,0.503537167
040301010703,2013,31.624017646,8.891280017,0.600492586
040301010703,2014,33.475398991,10.230288341,0.632693524
040301010703,2015,18.224616255,6.226494216,0.594081158
040301010703,2016,34.159742435,9.533407191,0.588591759
040301010703,2017,27.60684381,8.845092097,0.602520102
040301010703,2018,24.810529492,7.870788619,0.589808256
040301010703,2019,40.413863341,11.6298119,0.663454258
040301010704,2010,18.936532947,5.38066437,0.409862039
040301010704,2011,20.767413763,5.396042679,0.426238117
040301010704,2012,10.179385712,3.151203407,0.349314635
040301010704,2013,19.203799555,4.806543558,0.426466678
040301010704,2014,20.807223245,5.116291455,0.420793843
040301010704,2015,11.992595154,3.791423254,0.395681669
040301010704,2016,21.507772629,5.50712506,0.415237988
040301010704,2017,19.482129021,5.300087122,0.424758805
040301010704,2018,15.426884176,4.395759736,0.405136055
040301010704,2019,25.178856871,6.184639407,0.43722724
040301010705,2010,14.739236683,5.251451133,0.382809295
040301010705,2011,19.781424705,6.446791316,0.397114335
040301010705,2012,9.618893078,3.280900883,0.348792002
040301010705,2013,17.151618413,5.536499651,0.401229927
040301010705,2014,18.717138471,5.408989206,0.39660745
040301010705,2015,11.371949222,4.000907451,0.384220293
040301010705,2016,16.657195677,5.639562331,0.387128344
040301010705,2017,18.421716511,6.210598046,0.403807155
040301010705,2018,13.079902249,4.648480772,0.389389375
040301010705,2019,22.100358948,7.26852667,0.423386898
040301010801,2010,21.902816874,5.457705256,0.416863893
040301010801,2011,23.808502195,5.204891385,0.42262816
040301010801,2012,11.728226262,3.61058844,0.341332244
040301010801,2013,21.080926839,3.774114643,0.434420259
040301010801,2014,27.02020558,5.292458214,0.429285856
040301010801,2015,13.482749222,3.692684687,0.399916309
040301010801,2016,24.367602422,4.978333753,0.418831793
040301010801,2017,22.017632656,5.124570942,0.425932515
040301010801,2018,17.171611624,3.956939463,0.407291224
040301010801,2019,27.385242223,5.538804072,0.446137113
040301010802,2010,17.394097724,4.960987145,0.415922236
040301010802,2011,20.039284968,4.797171345,0.42069176
040301010802,2012,10.560855223,3.225805421,0.341756652
040301010802,2013,18.388443582,3.702756887,0.438225388
040301010802,2014,23.040844941,5.259455084,0.430940389
040301010802,2015,12.14013078,3.578701186,0.402854344
040301010802,2016,18.758096518,4.542958259,0.41553759
040301010802,2017,19.859532031,5.015092087,0.428606429
040301010802,2018,15.24026772,3.896162615,0.409345698
040301010802,2019,22.643415845,5.19792315,0.447106319
040301010803,2010,25.045027239,6.107080576,0.413787312
040301010803,2011,29.204284254,6.039878407,0.413491427
040301010803,2012,14.360762789,4.348139319,0.346711009
040301010803,2013,26.164923585,4.667970979,0.433330505
040301010803,2014,30.440886476,5.84264013,0.426545478
040301010803,2015,17.00332967,4.80058455,0.40427167
040301010803,2016,25.977229449,5.817915578,0.413226423
040301010803,2017,31.200356744,6.919607512,0.431318979
040301010803,2018,21.752298428,5.39167337,0.409136255
040301010803,2019,36.208896164,6.869974541,0.446844564
040301010804,2010,25.299040434,5.774653942,0.408332277
040301010804,2011,29.730427938,6.01925392,0.409927046
040301010804,2012,17.116654869,4.762335216,0.359973097
040301010804,2013,26.346785049,4.994643643,0.427150018
040301010804,2014,28.405117972,5.259570176,0.422059169
040301010804,2015,20.70911253,5.233055328,0.407906946
040301010804,2016,28.832335873,6.299427494,0.417081818
040301010804,2017,30.583993689,6.799528633,0.429381084
040301010804,2018,23.149825298,5.59226443,0.412178014
040301010804,2019,38.718801638,7.177303472,0.448997023
040301010901,2010,9.771898332,7.804551633,0.427973761
040301010901,2011,12.277527777,8.731904895,0.4464344
040301010901,2012,5.977566707,4.774429099,0.347291585
040301010901,2013,14.652649331,10.140024798,0.45820432
040301010901,2014,15.274339189,10.248325281,0.450925153
040301010901,2015,10.296597605,7.685962678,0.423765721
040301010901,2016,14.41749962,10.360024288,0.44010972
040301010901,2017,19.839222623,12.643016959,0.464369118
040301010901,2018,13.256289799,9.529605998,0.43388512
040301010901,2019,25.611627242,15.22424093,0.496386703
040301010902,2010,10.298998064,5.691306756,0.447905515
040301010902,2011,12.418995216,5.821900267,0.467859407
040301010902,2012,4.731507722,3.028507013,0.373920112
040301010902,2013,14.518820492,6.763144738,0.480152106
040301010902,2014,16.710065057,7.946553052,0.476650514
040301010902,2015,9.943743021,5.39835351,0.443643968
040301010902,2016,12.154954099,6.434061488,0.452845215
040301010902,2017,18.118658193,8.227766593,0.486509967
040301010902,2018,13.708159893,6.837829258,0.453076388
040301010902,2019,25.424586543,9.798363411,0.519543992
040301010903,2010,12.982330604,6.268856874,0.437996547
040301010903,2011,16.698340384,6.704961348,0.458737727
040301010903,2012,8.16662866,4.507890296,0.377699244
040301010903,2013,18.041386801,7.330845039,0.47117313
040301010903,2014,20.984817973,8.529227113,0.469611045
040301010903,2015,15.805034303,6.842732828,0.439066057
040301010903,2016,15.474023114,7.238412845,0.447261748
040301010903,2017,21.364933264,8.392391465,0.478213598
040301010903,2018,17.654998632,7.488744972,0.4455307
040301010903,2019,31.121929362,9.83005587,0.511496012
040301011001,2010,8.805119984,4.587912674,0.39261329
040301011001,2011,13.290252017,5.338106854,0.420016381
040301011001,2012,5.961100472,3.257149647,0.330578712
040301011001,2013,13.167603166,5.343609876,0.425536797
040301011001,2014,16.882541854,6.929144687,0.426748586
040301011001,2015,11.050688186,5.032534297,0.394483394
040301011001,2016,11.909572675,5.696665716,0.403184194
040301011001,2017,18.456142838,7.125402838,0.433830715
040301011001,2018,13.025939922,5.748983214,0.401266951
040301011001,2019,27.133985302,8.520598628,0.467471043
040301011002,2010,13.571856798,9.87947564,0.395116589
040301011002,2011,22.830074573,13.847334813,0.428944909
040301011002,2012,9.421010617,6.896655346,0.327931719
040301011002,2013,15.648263821,9.631614056,0.420281663
040301011002,2014,14.481990925,9.61778637,0.419575162
040301011002,2015,14.442403767,9.82733486,0.393690176
040301011002,2016,18.295329139,12.647133431,0.404959943
040301011002,2017,23.607077674,14.397461303,0.429652248
040301011002,2018,22.779666714,14.751373013,0.407234389
040301011002,2019,36.328228212,20.278050419,0.470905283
040301011003,2010,11.042235287,6.563761361,0.393545094
040301011003,2011,19.398868315,8.844061824,0.428360794
040301011003,2012,8.146793441,4.920163928,0.337900387
040301011003,2013,14.29184301,7.108705077,0.423460356
040301011003,2014,16.221381295,8.449715771,0.425794568
040301011003,2015,12.195348568,6.536975995,0.39404182
040301011003,2016,18.186022234,9.09226427,0.406629364
040301011003,2017,22.884426316,10.207426694,0.434463894
040301011003,2018,17.309839372,8.676024567,0.403973128
040301011003,2019,31.395385945,12.407620301,0.470657784
040301011004,2010,11.420621776,5.50721794,0.390834322
040301011004,2011,18.756646312,6.743341788,0.421157002
040301011004,2012,7.889762845,4.022771361,0.338296983
040301011004,2013,15.036323037,6.099834234,0.420887232
040301011004,2014,17.513181667,7.298700964,0.422784226
040301011004,2015,13.406050561,5.596610811,0.390853705
040301011004,2016,17.056847532,7.039464121,0.40210697
040301011004,2017,22.032268159,7.920228905,0.430608544
040301011004,2018,16.734396906,6.845301242,0.398710306
040301011004,2019,29.226781992,9.259403355,0.464018372
040301011101,2010,20.168357057,12.286398821,0.605582088
040301011101,2011,28.449993416,16.735852551,0.643893012
040301011101,2012,12.499954979,8.760032309,0.529123097
040301011101,2013,31.470924898,18.642407387,0.649415351
040301011101,2014,30.361869481,17.47261233,0.657364061
040301011101,2015,17.903775404,11.025943813,0.624024064
040301011101,2016,31.404595379,17.108931453,0.639616031
040301011101,2017,34.790200936,19.257059176,0.665409002
040301011101,2018,27.961126958,17.12294547,0.6478671
040301011101,2019,42.854005422,22.49940501,0.697065621
040301011102,2010,26.982233174,11.419084924,0.624764362
040301011102,2011,34.944876205,15.61904726,0.655296511
040301011102,2012,17.28844699,8.371776107,0.546243608
040301011102,2013,37.965380642,17.023760824,0.659094521
040301011102,2014,36.25579063,15.674169489,0.670741826
040301011102,2015,24.783771121,10.388595834,0.63908984
040301011102,2016,37.221648269,15.411483459,0.654174696
040301011102,2017,44.47593686,17.4199228,0.679065306
040301011102,2018,35.134599879,15.819375027,0.66201936
040301011102,2019,53.208019656,20.026529016,0.710003913
040301011103,2010,20.56027414,17.043893946,0.362092928
040301011103,2011,22.681617355,18.687994562,0.359644208
040301011103,2012,13.016724082,10.717152095,0.304703028
040301011103,2013,28.4559233,22.316899757,0.371478776
040301011103,2014,29.526874374,21.039906613,0.36360725
040301011103,2015,19.491926441,16.715245226,0.357152454
040301011103,2016,28.65501636,21.408827242,0.373667967
040301011103,2017,31.11344905,24.960329829,0.380375871
040301011103,2018,26.184464285,20.667351112,0.367663279
040301011103,2019,37.005296888,28.360750813,0.390427322
040301011104,2010,21.522559575,17.814110544,0.371429881
040301011104,2011,22.830157484,19.269232845,0.370195327
040301011104,2012,12.885129241,10.813994823,0.319955327
040301011104,2013,29.109355093,23.476232635,0.380946945
040301011104,2014,29.769919384,22.394944814,0.375092208
040301011104,2015,18.520594515,16.135866077,0.364166402
040301011104,2016,28.54927881,21.628996584,0.379125857
040301011104,2017,28.661048595,23.724715221,0.387557072
040301011104,2018,23.804007914,19.681354215,0.372146384
040301011104,2019,35.207995162,28.008685064,0.400436267
040301011105,2010,33.319249295,15.334128262,0.480242673
040301011105,2011,33.77160733,17.545760247,0.518005961
040301011105,2012,15.881712667,9.494676463,0.437278783
040301011105,2013,37.898565072,18.034784501,0.526728694
040301011105,2014,39.631010373,17.422976156,0.530682079
040301011105,2015,19.741418822,11.281096117,0.486124641
040301011105,2016,36.626916705,16.832109607,0.501128381
040301011105,2017,31.593493904,16.399586964,0.522427297
040301011105,2018,28.676405621,15.977071749,0.511330192
040301011105,2019,41.096585379,18.866371958,0.547273912
040301011106,2010,32.428831985,18.065443196,0.465264455
040301011106,2011,34.093953854,20.508658061,0.497647168
040301011106,2012,18.653517091,11.38067559,0.426753984
040301011106,2013,39.206487025,22.377072498,0.505756368
040301011106,2014,39.901651234,20.67930492,0.502342536
040301011106,2015,23.888854596,14.47464904,0.470426735
040301011106,2016,37.145606832,20.452784964,0.483491835
040301011106,2017,34.259799903,20.42422713,0.501729904
040301011106,2018,31.82706441,18.798597768,0.495933596
040301011106,2019,42.110983825,23.927783867,0.52129689
040301011107,2010,20.861209402,7.482630716,0.477636519
040301011107,2011,24.127369791,9.472295266,0.510816277
040301011107,2012,11.161534587,5.520153699,0.428757932
040301011107,2013,26.868576829,9.634379397,0.52038437
040301011107,2014,29.033773489,9.200441567,0.517179911
040301011107,2015,15.563455749,6.693100979,0.483124866
040301011107,2016,21.36909959,8.346735225,0.490066563
040301011107,2017,24.829705639,9.056414041,0.519887439
040301011107,2018,21.443639515,8.837309281,0.49989842
040301011107,2019,30.987792528,10.157177828,0.545389258
040301011108,2010,18.087533124,4.433710357,0.428226358
040301011108,2011,22.311507213,4.450192586,0.44019817
040301011108,2012,10.552371875,3.141421938,0.380213104
040301011108,2013,21.191235044,4.506548887,0.452792642
040301011108,2014,25.87490078,5.388530936,0.453023413
040301011108,2015,17.364267784,4.386383218,0.428051108
040301011108,2016,21.142233225,4.913732034,0.436251784
040301011108,2017,26.576325573,5.456855346,0.464237665
040301011108,2018,19.847748641,4.743099586,0.43836338
040301011108,2019,34.662590356,6.017026771,0.487152908
040301011109,2010,33.795942907,12.402121394,0.432368475
040301011109,2011,44.769489284,16.63448263,0.444352488
040301011109,2012,29.692286345,10.261489879,0.412386721
040301011109,2013,37.880246922,14.865048723,0.445708689
040301011109,2014,39.194612699,12.770564688,0.445038391
040301011109,2015,35.135358736,11.839337427,0.435509525
040301011109,2016,41.209142139,14.044109049,0.439162626
040301011109,2017,44.110647692,17.056989498,0.449300862
040301011109,2018,39.559810538,14.849717732,0.446623998
040301011109,2019,53.397054633,18.622552122,0.466740069
040301011201,2010,15.743582642,10.569780578,0.55349004
040301011201,2011,27.008919589,15.778644962,0.588190466
040301011201,2012,15.032927786,9.886154634,0.498930502
040301011201,2013,23.738021398,15.350143488,0.573024416
040301011201,2014,21.178672843,12.533645832,0.578592602
040301011201,2015,14.604398828,10.049701454,0.575326864
040301011201,2016,23.111576247,13.826251917,0.56719523
040301011201,2017,26.433265939,16.857374607,0.595196212
040301011201,2018,23.468523039,14.266228335,0.586078945
040301011201,2019,32.984496845,18.127511066,0.621340273
040301011202,2010,14.218035666,10.747034889,0.570047577
040301011202,2011,26.81613571,15.318500112,0.620790285
040301011202,2012,13.059361308,9.68651188,0.505584655
040301011202,2013,22.460335306,14.125732812,0.579975743
040301011202,2014,17.013662393,10.913215927,0.606565194
040301011202,2015,13.155811213,8.909006584,0.604243202
040301011202,2016,21.934733051,13.892357835,0.589637487
040301011202,2017,29.230817703,17.313480235,0.615462916
040301011202,2018,24.247286236,14.165864825,0.620822152
040301011202,2019,36.037607364,18.531500631,0.658465299
040301011203,2010,15.415963771,11.41164129,0.479953453
040301011203,2011,26.85032798,14.662011184,0.506610327
040301011203,2012,13.150443276,9.876236525,0.394028178
040301011203,2013,23.945316126,12.858991001,0.494068357
040301011203,2014,15.930573204,10.158433646,0.50129297
040301011203,2015,16.15286365,11.107175845,0.496526873
040301011203,2016,18.526221121,13.674750581,0.488793039
040301011203,2017,25.972749364,15.830658673,0.508708172
040301011203,2018,31.210486244,15.921599034,0.512231121
040301011203,2019,42.893551096,20.64457458,0.549790949
040301011204,2010,14.507570891,3.079139134,0.417720314
040301011204,2011,25.067814407,3.826025142,0.446483135
040301011204,2012,11.680457805,2.617924215,0.33545348
040301011204,2013,22.266202546,3.014762021,0.430517157
040301011204,2014,14.806909445,2.014178123,0.4361117
040301011204,2015,16.205022485,2.643666355,0.428810697
040301011204,2016,15.045205786,3.13370449,0.423582949
040301011204,2017,21.976485211,3.490810369,0.43881343
040301011204,2018,29.806337194,4.090628172,0.450620628
040301011204,2019,39.502429212,5.567073284,0.47982513
040301020101,2010,26.357858004,16.636129567,0.642450231
040301020101,2011,32.936401723,19.674998058,0.648720877
040301020101,2012,23.668899106,16.720798705,0.57021196
040301020101,2013,34.843272123,20.339092318,0.664659502
040301020101,2014,48.780139948,26.602282574,0.739863652
040301020101,2015,33.720619646,24.553825324,0.64674837
040301020101,2016,32.324053956,23.141507131,0.635609392
040301020101,2017,36.888034741,22.928366361,0.683498277
040301020101,2018,26.700793042,19.530142906,0.640176951
040301020101,2019,42.12187027,24.255914581,0.71090777
040301020102,2010,13.186672129,6.186908088,0.44029534
040301020102,2011,14.835874015,7.328699157,0.448476206
040301020102,2012,10.596683636,5.46509726,0.397031029
040301020102,2013,14.761518396,8.172334719,0.453210366
040301020102,2014,27.87325643,10.097772661,0.509804376
040301020102,2015,14.361928718,7.113858896,0.438908466
040301020102,2016,12.160242234,6.580856514,0.434692832
040301020102,2017,18.504170202,8.257581477,0.475461332
040301020102,2018,9.68380709,5.64403353,0.442266423
040301020102,2019,20.979173855,8.584159589,0.486863729
040301020103,2010,17.258917322,7.236270446,0.367265889
040301020103,2011,15.200439131,6.971422302,0.339076387
040301020103,2012,13.268526949,6.033287336,0.30046634
040301020103,2013,15.605204597,6.709628302,0.345319436
040301020103,2014,29.026552929,11.499334723,0.405200911
040301020103,2015,18.037584768,8.633677926,0.364364879
040301020103,2016,16.071119563,7.838935564,0.352182904
040301020103,2017,19.02835051,8.057983799,0.389255638
040301020103,2018,11.393771637,5.433923243,0.341516241
040301020103,2019,21.881653503,8.636937205,0.39371129
040301020104,2010,17.922602125,8.951794631,0.658007984
040301020104,2011,18.817617475,11.170505243,0.640009603
040301020104,2012,12.532133353,8.261158843,0.600446972
040301020104,2013,18.650578922,11.222960195,0.645666288
040301020104,2014,38.674855223,16.628250778,0.741093316
040301020104,2015,22.242117435,11.78894889,0.670166629
040301020104,2016,18.317059594,12.205364421,0.618776817
040301020104,2017,20.176879787,12.263470298,0.691787256
040301020104,2018,13.785891486,9.620939412,0.638571497
040301020104,2019,30.480459313,14.554854387,0.715987838
040301020105,2010,12.097316248,8.800098478,0.594690243
040301020105,2011,12.663120446,10.415809019,0.59518228
040301020105,2012,9.410828092,7.780625013,0.535498433
040301020105,2013,12.087655577,9.165831496,0.599484205
040301020105,2014,21.566182595,13.798055216,0.693009517
040301020105,2015,18.341681066,14.390822039,0.630844505
040301020105,2016,16.619363694,14.217296691,0.612152687
040301020105,2017,14.305220847,11.619774984,0.632609417
040301020105,2018,9.635631479,8.107395343,0.584470754
040301020105,2019,18.066697045,11.945931683,0.654973713
040301020106,2010,18.020081446,11.330450146,0.601187456
040301020106,2011,15.343408224,10.933994005,0.60580124
040301020106,2012,11.199537434,8.933813473,0.542842752
040301020106,2013,15.071326998,10.657449205,0.611211768
040301020106,2014,31.249777135,17.314758743,0.697900034
040301020106,2015,20.101105482,13.51564936,0.633959105
040301020106,2016,16.812321117,12.736209313,0.612482118
040301020106,2017,15.661216484,11.987298057,0.632669799
040301020106,2018,10.72166192,8.030020187,0.606926757
040301020106,2019,26.474972556,15.114625793,0.677062444
040301020107,2010,17.093648939,8.841462021,0.608422311
040301020107,2011,18.173412038,10.691301052,0.616004915
040301020107,2012,13.731118389,8.934316677,0.539168034
040301020107,2013,19.66691721,11.355443457,0.6284673
040301020107,2014,31.873949527,14.812569128,0.706971926
040301020107,2015,21.109482605,11.699938325,0.644450538
040301020107,2016,20.258595237,13.624415953,0.631445789
040301020107,2017,20.08291379,12.358630243,0.638089191
040301020107,2018,13.268641234,8.426716618,0.61114464
040301020107,2019,27.970849859,13.322099312,0.671859075
040301020108,2010,18.223326795,11.245703528,0.60256247
040301020108,2011,24.060688276,15.041295257,0.607802959
040301020108,2012,20.120136928,13.342837278,0.563622592
040301020108,2013,26.800388436,17.567397775,0.616624917
040301020108,2014,34.247726874,20.019437014,0.68889173
040301020108,2015,25.393406647,16.381336774,0.63706334
040301020108,2016,25.737633285,18.699989423,0.603676227
040301020108,2017,25.815079162,17.239229019,0.633261335
040301020108,2018,19.154220077,13.671987322,0.602643806
040301020108,2019,33.922118924,19.856541541,0.683299708
040301020109,2010,13.444035803,6.628269676,0.590314586
040301020109,2011,16.977771387,9.299110865,0.61087738
040301020109,2012,11.282586751,7.179012811,0.531218678
040301020109,2013,16.142599077,9.846539773,0.607091663
040301020109,2014,23.565183803,10.958854066,0.669988487
040301020109,2015,16.961337092,8.856811521,0.615623199
040301020109,2016,15.879649628,10.40123276,0.603488634
040301020109,2017,14.63322199,8.954258019,0.624584087
040301020109,2018,12.843638604,7.926376632,0.596742015
040301020109,2019,23.746001933,11.864389442,0.662567335
040301020110,2010,14.256984092,3.900602554,0.624683608
040301020110,2011,18.631972302,6.707684151,0.63341637
040301020110,2012,13.636429962,4.598003659,0.584426956
040301020110,2013,17.221788003,7.811472862,0.634189133
040301020110,2014,25.623777812,9.027799852,0.676527647
040301020110,2015,17.274403674,4.947568672,0.643846389
040301020110,2016,17.230021774,7.571651183,0.624188643
040301020110,2017,17.798804172,6.705091739,0.645890747
040301020110,2018,13.009023743,5.179461824,0.621016907
040301020110,2019,26.901881789,9.621173649,0.68777199
040301020111,2010,15.878367243,5.77987327,0.647038378
040301020111,2011,22.933101989,9.843395489,0.661186413
040301020111,2012,19.433879545,7.030497723,0.606730645
040301020111,2013,22.240974605,11.680879833,0.649324461
040301020111,2014,28.055404614,13.57588771,0.70465236
040301020111,2015,19.393964868,7.373694127,0.674332045
040301020111,2016,22.76844325,11.488101476,0.650209983
040301020111,2017,23.054780471,10.075840999,0.675977362
040301020111,2018,16.682446817,7.446172384,0.642869803
040301020111,2019,28.252002949,13.858563941,0.725413925
040301020201,2010,15.629717591,8.703183685,0.5642133
040301020201,2011,23.396926213,13.318896915,0.580015855
040301020201,2012,16.083022821,10.270692123,0.525499849
040301020201,2013,22.270282537,13.400182035,0.579414169
040301020201,2014,24.405106479,13.49163988,0.613642211
040301020201,2015,21.332401388,11.529267739,0.591810044
040301020201,2016,21.121186883,13.70341231,0.566840478
040301020201,2017,19.528209511,11.941258812,0.590709542
040301020201,2018,18.254028205,10.318155252,0.574967018
040301020201,2019,27.890142721,15.179027748,0.625343938
040301020202,2010,15.892281316,7.817958676,0.570962819
040301020202,2011,24.505305452,10.714346595,0.606902782
040301020202,2012,16.645474203,8.043270316,0.538976878
040301020202,2013,23.75676974,11.839686352,0.59566816
040301020202,2014,24.145392856,10.862010835,0.627425854
040301020202,2015,23.20142281,8.913005663,0.599793244
040301020202,2016,19.587428808,10.8174693,0.569521085
040301020202,2017,20.403735613,9.776365196,0.598101485
040301020202,2018,17.828559805,9.004978899,0.574635991
040301020202,2019,30.760825355,12.03774718,0.64302546
040301020203,2010,16.521430396,9.597353798,0.567903657
040301020203,2011,25.066431504,13.278996975,0.60534096
040301020203,2012,17.709485012,9.649813813,0.546860086
040301020203,2013,23.606245966,13.889611405,0.591539977
040301020203,2014,24.503311789,12.90590284,0.626121214
040301020203,2015,22.171219556,10.965110059,0.5923467
040301020203,2016,19.490268262,12.323433268,0.572434415
040301020203,2017,20.335228773,11.711194616,0.595154631
040301020203,2018,17.132012153,10.23618881,0.572109033
040301020203,2019,28.548828725,14.738740394,0.635443714
040301020204,2010,21.257333278,8.080958121,0.558005374
040301020204,2011,28.399447383,10.435990855,0.592380856
040301020204,2012,21.276349319,8.358630576,0.535755578
040301020204,2013,27.124322081,11.616553088,0.579220787
040301020204,2014,29.519743068,10.69014504,0.613242563
040301020204,2015,27.192721318,8.946660447,0.583158749
040301020204,2016,24.258335201,10.894239095,0.568669485
040301020204,2017,24.240591593,9.718973233,0.585870619
040301020204,2018,21.672087056,8.841150746,0.565590675
040301020204,2019,33.597448446,11.287378973,0.623712271
040301020205,2010,12.334478174,6.89629765,0.569088162
040301020205,2011,19.618001973,9.794185144,0.608536195
040301020205,2012,12.15491772,6.797964422,0.515256909
040301020205,2013,19.703263915,9.912364636,0.596474102
040301020205,2014,20.417864648,9.679107851,0.630874786
040301020205,2015,18.264194911,8.155296129,0.604580322
040301020205,2016,15.3860389,9.164979585,0.564805857
040301020205,2017,17.51019783,9.121215788,0.598254973
040301020205,2018,15.89082479,8.385940289,0.571021112
040301020205,2019,26.008875316,11.505172954,0.631055583
040301020301,2010,11.53255362,5.975233035,0.583679038
040301020301,2011,21.400480335,9.100623058,0.617739623
040301020301,2012,10.983065829,6.009214274,0.536339126
040301020301,2013,22.709147987,8.964793846,0.615763259
040301020301,2014,17.351978964,7.345172739,0.609728137
040301020301,2015,21.424262442,7.302284304,0.588689567
040301020301,2016,13.277948498,7.550195029,0.555510832
040301020301,2017,12.955655078,6.371316023,0.598732218
040301020301,2018,12.373121711,5.922052055,0.563005648
040301020301,2019,28.971406406,10.09104169,0.649145394
040301020302,2010,11.909693971,7.197333589,0.595736621
040301020302,2011,20.922671284,10.198153107,0.623810258
040301020302,2012,10.431460438,6.512024722,0.537459166
040301020302,2013,22.631269078,9.912417113,0.626750861
040301020302,2014,17.231177986,8.504893326,0.618772007
040301020302,2015,23.130817527,8.894921364,0.60064307
040301020302,2016,13.533750953,8.649159972,0.572649142
040301020302,2017,14.217900859,8.068836973,0.612561661
040301020302,2018,13.27493232,7.042698596,0.579334692
040301020302,2019,27.845730123,11.354298627,0.651819568
040301020303,2010,12.74545037,7.387637709,0.593701275
040301020303,2011,24.562076967,9.844995129,0.620446697
040301020303,2012,11.214440831,6.490959606,0.523358501
040301020303,2013,24.516577623,8.920649054,0.622796711
040301020303,2014,20.126519839,8.391523601,0.617131337
040301020303,2015,27.273434991,8.559610261,0.598409215
040301020303,2016,14.754642521,8.601812378,0.572691511
040301020303,2017,17.584820198,8.478195854,0.612314729
040301020303,2018,15.709707936,7.362948673,0.581182339
040301020303,2019,33.806113867,11.426431305,0.651854361
040301020304,2010,9.989247781,5.889707105,0.503633756
040301020304,2011,19.759891486,7.988440556,0.547441557
040301020304,2012,11.581638888,5.913224373,0.468288136
040301020304,2013,20.109520589,8.099731092,0.557791201
040301020304,2014,17.953616672,7.503596168,0.56495125
040301020304,2015,21.506369099,7.647408394,0.52376391
040301020304,2016,12.298115641,7.259124259,0.48725225
040301020304,2017,12.554605361,6.499725937,0.534758452
040301020304,2018,10.310929831,5.707570367,0.493943432
040301020304,2019,27.668665863,10.108019629,0.599583917
040301020305,2010,17.915196665,7.735045418,0.635695154
040301020305,2011,33.225393311,10.287777007,0.664217749
040301020305,2012,16.564153932,7.265502762,0.568077484
040301020305,2013,28.705825094,8.962366763,0.646348088
040301020305,2014,28.014029036,8.886746505,0.654435532
040301020305,2015,26.505781776,8.937653413,0.647365105
040301020305,2016,20.779422189,9.145242326,0.605187886
040301020305,2017,25.344995453,9.049705715,0.644115831
040301020305,2018,22.682737662,8.30168146,0.617476896
040301020305,2019,41.136280042,11.868146743,0.690680502
040301020401,2010,12.462969434,4.979687491,0.605272563
040301020401,2011,16.548646008,7.603549358,0.611294069
040301020401,2012,12.806447444,5.242251576,0.569976363
040301020401,2013,15.244512794,8.570530684,0.610719949
040301020401,2014,20.295104783,10.215118101,0.651675949
040301020401,2015,15.108288296,6.108560849,0.62252439
040301020401,2016,14.923502578,8.06808713,0.602345287
040301020401,2017,15.300378142,7.333136712,0.62724693
040301020401,2018,12.512627328,6.242353208,0.603995695
040301020401,2019,20.07411669,10.579044799,0.667929269
040301020402,2010,14.666535195,9.0423568,0.591620631
040301020402,2011,16.328252176,11.593218625,0.605039811
040301020402,2012,13.171563956,8.814160182,0.56040527
040301020402,2013,17.957069706,12.856041477,0.592487391
040301020402,2014,20.835197846,13.343476906,0.643877505
040301020402,2015,17.964467052,10.98655702,0.615654436
040301020402,2016,16.010837973,12.347538,0.596316633
040301020402,2017,15.937038974,11.556061844,0.613757322
040301020402,2018,13.295652306,9.680311071,0.594963763
040301020402,2019,22.969388509,15.030636312,0.655152486
040301020403,2010,15.921782965,9.280370801,0.589836708
040301020403,2011,17.22301225,11.4917853,0.615636737
040301020403,2012,14.385678603,10.235355759,0.56098881
040301020403,2013,20.260006362,13.028290559,0.597012555
040301020403,2014,22.222580856,13.416193161,0.640101616
040301020403,2015,20.159920838,12.331511358,0.612122117
040301020403,2016,18.147248637,13.278847868,0.602061137
040301020403,2017,17.783295082,12.334477242,0.607332683
040301020403,2018,12.777496426,9.051645273,0.5857809
040301020403,2019,22.86291599,13.329508218,0.649294972
040301020404,2010,10.793422438,2.665646043,0.473123954
040301020404,2011,11.300430267,2.94154628,0.479836179
040301020404,2012,11.515075598,2.617100327,0.444336817
040301020404,2013,14.226364418,3.524829814,0.476320457
040301020404,2014,15.057595031,3.576541953,0.506933437
040301020404,2015,13.822381141,3.216996401,0.478689131
040301020404,2016,11.933156282,3.348782676,0.489782107
040301020404,2017,12.329620345,3.001619185,0.491770605
040301020404,2018,9.793621302,2.576779503,0.463384451
040301020404,2019,13.743161082,3.554813106,0.519627997
040301020405,2010,11.415164281,6.603895847,0.604125977
040301020405,2011,15.061669546,8.52178923,0.619878399
040301020405,2012,13.062962506,6.837075705,0.575372496
040301020405,2013,17.742562793,9.200435286,0.625933918
040301020405,2014,18.30733689,9.600025943,0.656505008
040301020405,2015,15.423646135,7.993773128,0.628860926
040301020405,2016,15.227733995,9.195529034,0.609603451
040301020405,2017,15.361813864,8.309418785,0.625282121
040301020405,2018,13.306216386,7.499598839,0.604105591
040301020405,2019,18.379444094,10.382871157,0.657101072
040301020406,2010,16.146444608,7.555574845,0.591035843
040301020406,2011,24.401885551,9.94403978,0.618402887
040301020406,2012,17.865861599,8.41920283,0.574430343
040301020406,2013,26.6463924,11.230246204,0.60860324
040301020406,2014,24.108652808,10.159695868,0.624764414
040301020406,2015,21.774182593,9.561012693,0.621972065
040301020406,2016,20.330855235,10.030814821,0.604028512
040301020406,2017,20.224037827,9.91171789,0.606209096
040301020406,2018,17.264156788,8.457302516,0.581454338
040301020406,2019,27.34671634,12.118662747,0.669134753
040301020407,2010,12.363123089,7.605394557,0.574646823
040301020407,2011,17.450282856,9.172841793,0.599878627
040301020407,2012,13.37505286,8.036254726,0.542551766
040301020407,2013,20.890177111,10.317884963,0.609311442
040301020407,2014,18.285622773,9.706428425,0.61611847
040301020407,2015,16.981777294,9.335399364,0.599338845
040301020407,2016,15.960271865,10.086761099,0.575843909
040301020407,2017,16.297521029,9.461316882,0.596378634
040301020407,2018,11.96742055,7.524685943,0.565086466
040301020407,2019,23.807696873,11.457360015,0.645807856
040301030101,2010,16.714233329,2.254960381,0.50343924
040301030101,2011,18.022470945,2.382498744,0.533051283
040301030101,2012,8.048585219,1.794866965,0.44024026
040301030101,2013,20.766154574,2.902781582,0.512568442
040301030101,2014,19.229032169,2.784265885,0.533501555
040301030101,2015,16.487542714,2.499022085,0.515677938
040301030101,2016,20.100404269,3.174896288,0.537530078
040301030101,2017,17.776394037,2.929134271,0.532802329
040301030101,2018,8.500165525,1.980202094,0.457860798
040301030101,2019,25.699770975,3.370046185,0.557062001
040301030102,2010,21.095736771,6.482830804,0.589269952
040301030102,2011,24.083597196,8.184272918,0.601579032
040301030102,2012,14.357486921,7.019555636,0.53459034
040301030102,2013,25.246264997,8.882348355,0.558318329
040301030102,2014,27.253478075,9.136675897,0.623007464
040301030102,2015,20.833768678,8.009632139,0.567349966
040301030102,2016,24.520428713,9.114286639,0.558810808
040301030102,2017,22.493048554,8.628436708,0.606442701
040301030102,2018,14.463090176,7.345155992,0.569349347
040301030102,2019,32.626914092,10.025616723,0.647529809
040301030103,2010,23.167624142,8.035846481,0.550374258
040301030103,2011,22.483634547,9.315170212,0.567256807
040301030103,2012,18.147807351,8.645960388,0.507201138
040301030103,2013,25.551800304,10.691417407,0.542334447
040301030103,2014,30.125271671,11.260109503,0.592393591
040301030103,2015,26.525598086,9.844721734,0.550774382
040301030103,2016,24.071573877,10.859306251,0.52594638
040301030103,2017,23.760251415,10.336951735,0.570064045
040301030103,2018,16.238765433,8.821884989,0.536819192
040301030103,2019,33.693920716,10.928905654,0.612971353
040301030104,2010,12.675052944,6.565343081,0.491956283
040301030104,2011,15.347198614,9.265624536,0.516615679
040301030104,2012,14.029652748,7.664844503,0.448857076
040301030104,2013,19.853825509,11.954483717,0.505679525
040301030104,2014,20.082927127,11.260212774,0.545036375
040301030104,2015,16.869771266,8.55850242,0.520398914
040301030104,2016,17.886508071,11.15595306,0.506997069
040301030104,2017,15.252594581,9.085418171,0.524434104
040301030104,2018,10.724447505,6.901806268,0.486889862
040301030104,2019,23.856103524,12.157042032,0.566114853
040301030201,2010,17.815453758,8.356034378,0.515006685
040301030201,2011,16.048713683,9.06335221,0.545539367
040301030201,2012,16.217852348,9.235666183,0.456151809
040301030201,2013,23.075487052,12.164488803,0.528069509
040301030201,2014,20.482745778,10.34292094,0.547325049
040301030201,2015,21.870450756,9.339708004,0.522651491
040301030201,2016,20.569577451,11.596977253,0.546088291
040301030201,2017,20.034229856,11.238231993,0.563520727
040301030201,2018,9.775088122,6.520675689,0.485191379
040301030201,2019,29.13102847,13.59784745,0.569109379
040301030202,2010,23.139219502,8.455384584,0.456348265
040301030202,2011,21.202977872,9.013647031,0.489048592
040301030202,2012,25.12439152,9.573822741,0.402507902
040301030202,2013,28.151207514,12.160037298,0.46598316
040301030202,2014,27.900050669,10.393992551,0.486603845
040301030202,2015,28.059244135,9.400326515,0.462494143
040301030202,2016,25.439390282,11.43248223,0.485146575
040301030202,2017,25.436509144,11.184887102,0.502707889
040301030202,2018,15.343006858,6.79600944,0.439217448
040301030202,2019,38.262242328,13.246423957,0.505388291
040301030203,2010,16.853033784,8.999349154,0.493253009
040301030203,2011,18.127476492,11.971710571,0.514963407
040301030203,2012,19.558685281,10.2298912,0.461379649
040301030203,2013,24.091131351,15.324823959,0.505241668
040301030203,2014,21.931732449,12.092832954,0.52210763
040301030203,2015,20.382128593,10.137135928,0.507170208
040301030203,2016,19.864518263,13.127550977,0.497813007
040301030203,2017,19.202188364,12.809566589,0.520295377
040301030203,2018,14.259708688,9.515044944,0.488357285
040301030203,2019,27.403734133,14.710573961,0.555259979
040301030204,2010,26.730114013,17.940575971,0.460593052
040301030204,2011,23.761493215,17.043960103,0.500777893
040301030204,2012,21.943938587,17.59431416,0.402982101
040301030204,2013,30.465583364,19.385931604,0.493129709
040301030204,2014,25.021173234,17.933261283,0.493515439
040301030204,2015,26.355393245,17.731802931,0.464871099
040301030204,2016,26.004769349,19.927371334,0.509862087
040301030204,2017,30.913198972,22.095952192,0.494582774
040301030204,2018,16.396972267,13.589056186,0.4399837
040301030204,2019,37.15465854,20.513979538,0.528026625
040301030205,2010,29.760454096,16.974077582,0.44040506
040301030205,2011,27.133930983,16.214872968,0.483254966
040301030205,2012,26.587737964,17.366156246,0.391314264
040301030205,2013,34.807003099,18.712689009,0.469299613
040301030205,2014,28.910516436,17.123700912,0.467576829
040301030205,2015,32.049531483,17.207361549,0.445917635
040301030205,2016,28.542915573,19.198976325,0.485276173
040301030205,2017,34.638783044,21.066312651,0.476951509
040301030205,2018,19.185375858,13.237920288,0.42560477
040301030205,2019,43.12397573,19.022395992,0.50963714
040301040101,2010,24.91126976,14.257032223,0.663367049
040301040101,2011,25.423398337,18.155119387,0.643779436
040301040101,2012,17.385500712,12.331606341,0.594665549
040301040101,2013,23.293408794,15.881586335,0.604990943
040301040101,2014,30.243284944,16.593365868,0.689836766
040301040101,2015,33.507445105,17.314247251,0.658057304
040301040101,2016,29.745008912,20.01375641,0.689981666
040301040101,2017,26.213791327,18.046022704,0.672816758
040301040101,2018,29.15450066,16.493014409,0.6524161
040301040101,2019,37.026433724,21.436687607,0.696310378
040301040102,2010,27.749379808,14.399961037,0.664721703
040301040102,2011,27.03363853,18.220255352,0.64569163
040301040102,2012,18.783124081,12.409363375,0.594212053
040301040102,2013,24.538585434,15.89639328,0.606378738
040301040102,2014,32.145367593,16.666712397,0.689050645
040301040102,2015,36.026922412,17.037486615,0.65665822
040301040102,2016,33.925666443,20.237948975,0.694737635
040301040102,2017,31.122517841,19.005737276,0.677275517
040301040102,2018,31.981059799,16.993847963,0.653174454
040301040102,2019,41.208171587,21.429205193,0.696331455
040301040103,2010,16.973288392,8.948648796,0.618265175
040301040103,2011,17.879574261,10.402075685,0.601510137
040301040103,2012,11.53565422,7.459765685,0.574413991
040301040103,2013,14.692968675,7.832600449,0.566351868
040301040103,2014,21.256325059,8.726643852,0.663652831
040301040103,2015,21.184131431,10.69488474,0.614418592
040301040103,2016,22.048590298,12.296144368,0.594711665
040301040103,2017,19.996537177,11.310175422,0.615434953
040301040103,2018,19.225433267,9.987087355,0.622493524
040301040103,2019,25.710462072,12.36174832,0.658428381
040301040104,2010,19.53536086,11.664054555,0.610012694
040301040104,2011,20.144517848,13.500209209,0.591190676
040301040104,2012,13.059651674,9.324275138,0.559401369
040301040104,2013,19.828276902,11.503801994,0.555293397
040301040104,2014,23.437100142,12.721435904,0.66170123
040301040104,2015,24.292267911,14.915163634,0.604241043
040301040104,2016,25.140998061,16.263796222,0.580955636
040301040104,2017,23.002813529,14.920386784,0.613344303
040301040104,2018,16.910856754,11.859729403,0.602716734
040301040104,2019,28.622316862,16.213843202,0.655063528
040301040105,2010,20.147805514,10.420035561,0.610171259
040301040105,2011,20.34878369,12.335666908,0.599753244
040301040105,2012,13.704703127,9.328603937,0.56208009
040301040105,2013,18.122100548,9.920553819,0.556579363
040301040105,2014,23.547933839,10.353934357,0.655809788
040301040105,2015,24.34673308,12.195949833,0.602988068
040301040105,2016,24.354514714,14.094394328,0.589921658
040301040105,2017,22.830796852,13.465828008,0.613874751
040301040105,2018,17.978437285,11.407997545,0.604773718
040301040105,2019,28.811509245,13.721216127,0.653994162
040301040201,2010,16.954665229,7.043561538,0.652773226
040301040201,2011,16.344773187,8.571338926,0.593288396
040301040201,2012,9.68526435,5.535234782,0.553663734
040301040201,2013,13.113943801,5.449043453,0.562697876
040301040201,2014,19.063435893,6.566707364,0.642915333
040301040201,2015,21.478886891,8.463887213,0.614815813
040301040201,2016,24.507633137,10.920000088,0.604896901
040301040201,2017,21.126614909,10.500443299,0.630527602
040301040201,2018,22.426650277,8.996232556,0.651688883
040301040201,2019,28.989185663,10.8182321,0.688289726
040301040202,2010,16.948138574,7.033712775,0.650157699
040301040202,2011,16.962618863,8.802834337,0.587410894
040301040202,2012,9.027942761,5.190113104,0.558827559
040301040202,2013,13.154570287,5.31015277,0.568276826
040301040202,2014,17.750015414,6.236222007,0.636939068
040301040202,2015,21.680959693,8.500484333,0.612325158
040301040202,2016,22.487399148,10.614851743,0.594320153
040301040202,2017,19.176069407,9.633789091,0.621769345
040301040202,2018,19.725457726,8.327962018,0.650786694
040301040202,2019,27.29857697,10.576109471,0.685224818
040301040203,2010,22.685626616,8.639647972,0.714588766
040301040203,2011,18.681535798,9.938885976,0.646064244
040301040203,2012,12.579813169,7.186002205,0.597173187
040301040203,2013,13.262739579,6.561730314,0.607766075
040301040203,2014,23.036089459,8.042641675,0.705551411
040301040203,2015,26.498895437,10.339808268,0.679832527
040301040203,2016,30.851789164,13.055865408,0.706380855
040301040203,2017,27.655047042,12.774354294,0.710491849
040301040203,2018,28.557395032,10.88041571,0.677696957
040301040203,2019,34.045540762,13.166737153,0.729297859
040301040204,2010,21.353977921,9.359382963,0.660783205
040301040204,2011,19.01980676,10.235835239,0.594982757
040301040204,2012,11.366663976,6.521920938,0.55767794
040301040204,2013,15.498463823,6.64497784,0.574064958
040301040204,2014,24.727009994,8.612853301,0.675760054
040301040204,2015,27.716794479,11.419655348,0.640907733
040301040204,2016,25.89167806,13.043680037,0.63264571
040301040204,2017,23.636142764,12.100194727,0.651690634
040301040204,2018,26.878252157,10.415778893,0.649071581
040301040204,2019,32.872265042,12.621836908,0.683785345
040301040205,2010,20.633655926,14.28672501,0.568586418
040301040205,2011,19.283404967,15.404606217,0.565667878
040301040205,2012,13.876223521,11.676129112,0.516980897
040301040205,2013,16.558607312,13.117031233,0.530972485
040301040205,2014,23.816844946,15.465297767,0.612886563
040301040205,2015,24.527575131,16.742367997,0.581427855
040301040205,2016,24.842054344,19.70584226,0.539318218
040301040205,2017,23.485362992,18.305219703,0.587242364
040301040205,2018,22.269013528,15.773959333,0.56733434
040301040205,2019,27.28650554,18.660001773,0.612701701
040301040206,2010,21.311221857,10.122031211,0.633736109
040301040206,2011,20.524354005,11.602617737,0.593114263
040301040206,2012,13.686940588,8.722398955,0.551958796
040301040206,2013,17.200549173,9.129960991,0.55872136
040301040206,2014,26.650329223,9.969321203,0.63967841
040301040206,2015,27.823375868,11.875542066,0.616985668
040301040206,2016,24.628200224,13.60699872,0.584610471
040301040206,2017,22.769996954,12.626508495,0.61658328
040301040206,2018,24.266148846,11.054013633,0.626158056
040301040206,2019,30.90361864,13.281502166,0.658502625
040301040207,2010,23.063337195,15.646789516,0.585511841
040301040207,2011,23.178105881,17.507219161,0.588452475
040301040207,2012,18.326844815,14.668204492,0.519307571
040301040207,2013,20.95847825,15.607332983,0.529047353
040301040207,2014,25.613344679,16.573482364,0.616790886
040301040207,2015,28.74294808,18.868227006,0.584089613
040301040207,2016,27.330967936,20.623489049,0.566293223
040301040207,2017,26.054782248,19.502397823,0.595946028
040301040207,2018,21.42794356,16.294881508,0.569988441
040301040207,2019,30.710622481,20.232769977,0.629049689
040301040301,2010,24.082885141,18.351617601,0.713810511
040301040301,2011,22.957875507,15.981375478,0.645383248
040301040301,2012,14.973662326,10.474068574,0.611882939
040301040301,2013,20.99863392,13.659865912,0.655528387
040301040301,2014,31.538400825,23.144474991,0.701000849
040301040301,2015,31.553048228,21.989592381,0.71885384
040301040301,2016,29.744732391,22.569827568,0.653043537
040301040301,2017,29.71148415,21.029979505,0.71281829
040301040301,2018,21.169757762,17.353426862,0.638920954
040301040301,2019,36.04300451,26.451406495,0.762099957
040301040302,2010,23.92130393,18.121471768,0.719120028
040301040302,2011,24.004294807,16.971232481,0.657274816
040301040302,2012,16.346115575,11.835580963,0.60229575
040301040302,2013,22.930687894,15.51515447,0.633780709
040301040302,2014,31.053481621,22.702958343,0.699013996
040301040302,2015,33.151139342,23.396514699,0.719993744
040301040302,2016,29.465934681,22.29534079,0.647538893
040301040302,2017,28.043061142,19.449666319,0.713397428
040301040302,2018,18.694001332,14.851767259,0.631980901
040301040302,2019,34.867416704,25.268395707,0.763911973
040301040401,2010,21.531138826,17.813639157,0.636083326
040301040401,2011,19.412911171,17.653435146,0.647500229
040301040401,2012,14.806676703,13.914891003,0.56262053
040301040401,2013,19.359421331,16.979508164,0.60019909
040301040401,2014,18.355117958,16.051576172,0.670188096
040301040401,2015,27.289061319,21.943559925,0.640749704
040301040401,2016,22.685379727,20.509415355,0.629398736
040301040401,2017,21.974139855,19.991025819,0.662084623
040301040401,2018,18.90806396,16.788944568,0.622154503
040301040401,2019,29.872188863,25.19607058,0.6977782
040301040402,2010,21.753233472,13.283102977,0.671463669
040301040402,2011,21.829943004,13.568025501,0.660264676
040301040402,2012,15.207886686,9.897952284,0.574848418
040301040402,2013,19.42245705,11.304708034,0.590887412
040301040402,2014,20.984778746,11.961761002,0.669099391
040301040402,2015,29.480145758,17.065181731,0.675845795
040301040402,2016,23.07279411,14.623917061,0.62857218
040301040402,2017,21.460994568,13.483788027,0.664422846
040301040402,2018,16.794318511,10.417170083,0.627928577
040301040402,2019,29.578744431,18.366633365,0.706911219
040301040403,2010,19.984509855,17.354566845,0.611958426
040301040403,2011,19.598173164,18.077201976,0.629523431
040301040403,2012,15.624368996,14.765245992,0.548228643
040301040403,2013,18.262728265,16.687216722,0.581055952
040301040403,2014,19.800750636,17.670818592,0.656891568
040301040403,2015,26.866198252,22.478791457,0.620154298
040301040403,2016,22.530171809,20.837112538,0.608844125
040301040403,2017,23.221714666,21.910704782,0.647885858
040301040403,2018,17.752692135,16.623512617,0.604169038
040301040403,2019,30.605269912,26.875982181,0.68292674
040301040404,2010,18.183586194,15.504962336,0.583713648
040301040404,2011,17.766895351,16.18302441,0.603210861
040301040404,2012,14.660918691,13.6349164,0.526309252
040301040404,2013,16.378245129,14.854491757,0.561368245
040301040404,2014,18.873436901,16.359229049,0.635874994
040301040404,2015,26.358268385,21.14859779,0.590805068
040301040404,2016,20.959961822,19.218427956,0.578319441
040301040404,2017,19.868283429,18.443902152,0.623964642
040301040404,2018,16.170431418,15.04458722,0.577247058
040301040404,2019,26.933373202,23.20965622,0.659011036
040301040405,2010,18.068179655,15.551553862,0.640021303
040301040405,2011,21.554064385,19.446549954,0.65501648
040301040405,2012,15.945115175,14.661520411,0.570260339
040301040405,2013,17.712709597,16.243322644,0.612019271
040301040405,2014,24.944672123,21.154709433,0.690914758
040301040405,2015,26.138886091,21.479520672,0.656419265
040301040405,2016,24.215128079,22.123863464,0.633364074
040301040405,2017,20.859813106,18.91673971,0.673841381
040301040405,2018,13.773923607,12.736897354,0.613695532
040301040405,2019,31.261509792,26.023397606,0.717120265
040301040406,2010,21.005931176,16.857402823,0.656522958
040301040406,2011,22.429667371,19.558105848,0.669181209
040301040406,2012,17.522669491,15.567457801,0.58540824
040301040406,2013,19.957179517,17.635957448,0.60827248
040301040406,2014,27.147146743,20.874481929,0.695177682
040301040406,2015,24.423881148,19.367797014,0.660941104
040301040406,2016,24.980534954,22.052494631,0.639144106
040301040406,2017,23.276963081,20.236507449,0.684840423
040301040406,2018,14.309237297,13.196443262,0.623871122
040301040406,2019,33.209876227,25.270181755,0.725807096
040301040501,2010,19.240382001,11.72289866,0.711254825
040301040501,2011,19.005988549,13.914962107,0.666865597
040301040501,2012,13.539606953,10.186554302,0.62207754
040301040501,2013,26.878353775,18.924784807,0.641756645
040301040501,2014,23.068098884,15.084932335,0.730375636
040301040501,2015,22.836055902,12.609212569,0.687576095
040301040501,2016,24.300286124,17.941659946,0.666631416
040301040501,2017,22.345895752,15.45759851,0.714403867
040301040501,2018,12.853233523,8.213901432,0.657128106
040301040501,2019,32.075640953,18.637794513,0.742517922
040301040502,2010,20.583083579,11.979640313,0.674313829
040301040502,2011,20.675270978,13.213431511,0.625226969
040301040502,2012,14.290655992,9.640677022,0.573650877
040301040502,2013,23.126082309,13.878068371,0.606015942
040301040502,2014,23.201331378,13.119390448,0.672156456
040301040502,2015,31.277271569,18.037953662,0.670012734
040301040502,2016,25.757509126,16.995807606,0.612337493
040301040502,2017,23.98725876,14.499659232,0.670045794
040301040502,2018,16.191810804,10.95387098,0.61421365
040301040502,2019,33.025278783,19.468492131,0.718450955
040301040503,2010,22.768974346,10.014361105,0.703707093
040301040503,2011,22.116809042,13.061663669,0.677241117
040301040503,2012,13.907281095,9.543399269,0.621970065
040301040503,2013,27.904482189,16.252187427,0.641242496
040301040503,2014,25.438205357,13.574007016,0.722209801
040301040503,2015,22.290585669,10.98804742,0.684588487
040301040503,2016,24.284265402,15.264841783,0.66879704
040301040503,2017,23.219275741,13.315161638,0.70388506
040301040503,2018,16.403717455,8.549569068,0.658701643
040301040503,2019,34.233802784,16.419230978,0.733934916
040301040504,2010,16.571081905,7.683670618,0.605320218
040301040504,2011,16.425337506,9.54000613,0.623167524
040301040504,2012,10.838511503,7.305914412,0.553423532
040301040504,2013,16.820648592,8.998135264,0.582842962
040301040504,2014,16.383096473,8.680395082,0.649712029
040301040504,2015,16.532413376,7.664460665,0.598460209
040301040504,2016,19.9814025,12.377727238,0.59742153
040301040504,2017,16.995034144,9.017582816,0.635020638
040301040504,2018,12.982917979,6.623066662,0.591447342
040301040504,2019,24.795446562,11.024467182,0.670434034
040301040505,2010,22.128554257,9.518135521,0.572001971
040301040505,2011,20.266798182,11.067942911,0.591505462
040301040505,2012,15.492380002,9.11008731,0.536078558
040301040505,2013,18.541180957,9.939850722,0.562668513
040301040505,2014,25.30519944,10.771365686,0.615937757
040301040505,2015,22.685738375,10.709189322,0.566135811
040301040505,2016,22.577924688,13.32185442,0.554415908
040301040505,2017,22.099755164,11.502396703,0.593714321
040301040505,2018,14.38755895,8.936528933,0.550479883
040301040505,2019,32.001722338,12.688191079,0.636686143
040301040506,2010,20.905904159,11.574035537,0.54866475
040301040506,2011,19.293247058,12.15616674,0.576938885
040301040506,2012,17.609896792,11.55593555,0.498087296
040301040506,2013,19.47242302,12.503343555,0.549913741
040301040506,2014,28.258484318,14.519712806,0.612703747
040301040506,2015,26.271823618,13.8080252,0.563396542
040301040506,2016,22.316755532,14.828762836,0.548258075
040301040506,2017,21.746852429,13.898014105,0.585592331
040301040506,2018,15.019264241,10.747082619,0.539759828
040301040506,2019,30.593241074,14.909533967,0.610103377
040301050101,2010,22.885652147,15.899505265,0.682913224
040301050101,2011,23.657375203,19.077042381,0.625631676
040301050101,2012,16.211552903,13.725066138,0.582767128
040301050101,2013,17.901396992,14.394337078,0.618967992
040301050101,2014,25.494636563,17.979763337,0.717586616
040301050101,2015,28.712760408,20.581453762,0.66401666
040301050101,2016,34.223786546,26.169382445,0.696485972
040301050101,2017,29.798646456,23.713083005,0.698263167
040301050101,2018,29.278350697,19.651185849,0.647572645
040301050101,2019,38.159556413,26.522833894,0.710131087
040301050102,2010,27.688533397,15.89293679,0.67913091
040301050102,2011,25.245482995,18.407700865,0.617779246
040301050102,2012,16.447618516,13.429878348,0.572282847
040301050102,2013,19.632783441,14.550206212,0.610506039
040301050102,2014,28.423907505,16.907786818,0.710729001
040301050102,2015,32.627222992,19.881760142,0.658625243
040301050102,2016,39.768590643,24.768386463,0.692100925
040301050102,2017,33.849536846,23.321069487,0.6925978
040301050102,2018,34.317809205,19.102242834,0.644121208
040301050102,2019,42.864783221,24.339842899,0.704622062
040301050103,2010,26.662303244,16.142875776,0.673459395
040301050103,2011,23.896910402,18.254498919,0.605817608
040301050103,2012,15.464592023,12.913939232,0.562387315
040301050103,2013,18.98658617,14.459995272,0.601077737
040301050103,2014,27.515838869,17.11235272,0.705668767
040301050103,2015,30.900547464,19.827607616,0.651337163
040301050103,2016,36.90788959,24.911302866,0.68603393
040301050103,2017,32.662997059,23.336335878,0.687293819
040301050103,2018,32.024826166,18.950818354,0.633099991
040301050103,2019,38.516700839,24.330499596,0.696611789
040301050104,2010,26.440965789,16.280401408,0.656448508
040301050104,2011,24.183241266,18.564040187,0.596957185
040301050104,2012,16.184919624,12.988901415,0.566526751
040301050104,2013,19.669920358,14.839301595,0.600592989
040301050104,2014,29.445590769,17.597226796,0.695331684
040301050104,2015,33.419496236,20.940323899,0.637920685
040301050104,2016,35.1662962,25.130153994,0.667379323
040301050104,2017,31.814691658,22.969029592,0.669285359
040301050104,2018,31.615826699,19.039020925,0.626971009
040301050104,2019,39.91559114,24.683510459,0.682179575
040301050201,2010,40.622970972,16.805657708,0.768875635
040301050201,2011,37.462604462,21.085917934,0.727823142
040301050201,2012,24.641841106,13.767254614,0.710575521
040301050201,2013,29.926532569,14.23169443,0.709874448
040301050201,2014,39.990179944,16.450523932,0.779128631
040301050201,2015,44.472544563,20.348794025,0.773030748
040301050201,2016,47.673654056,24.725668311,0.782486607
040301050201,2017,49.413502187,24.994572588,0.793450304
040301050201,2018,50.022685027,22.534056896,0.742289936
040301050201,2019,48.827318167,24.795223362,0.775545833
040301050202,2010,27.861198714,18.576349712,0.701484495
040301050202,2011,29.210519097,21.915613121,0.636345937
040301050202,2012,16.781045066,13.812438467,0.600166595
040301050202,2013,22.76198311,15.885650585,0.639610466
040301050202,2014,33.119795086,22.024035701,0.737070365
040301050202,2015,35.129117251,24.499137565,0.697895919
040301050202,2016,43.334944805,31.232557739,0.725163544
040301050202,2017,39.596376849,29.457469298,0.736049435
040301050202,2018,40.216050061,25.400269942,0.686609964
040301050202,2019,41.48096624,29.192339033,0.719354238
040301050203,2010,30.436460287,19.853998111,0.749829537
040301050203,2011,29.977958648,24.829688521,0.706068562
040301050203,2012,18.957081099,16.080345634,0.668122586
040301050203,2013,21.521821774,16.828702023,0.674855797
040301050203,2014,34.483586624,22.704879851,0.780296319
040301050203,2015,36.315922405,26.566240973,0.756025614
040301050203,2016,45.051915811,33.983034036,0.769306055
040301050203,2017,42.837032978,33.073339128,0.781878228
040301050203,2018,40.539004334,27.559889348,0.696874936
040301050203,2019,45.051402337,32.971177275,0.766691946
040301050204,2010,28.040378749,20.519185514,0.743213326
040301050204,2011,28.822512108,25.103597951,0.690736536
040301050204,2012,18.862776251,16.077727604,0.660758174
040301050204,2013,21.000037116,17.042439948,0.660898165
040301050204,2014,31.11686148,22.912720159,0.772421255
040301050204,2015,33.115007047,26.188405997,0.744480333
040301050204,2016,41.388545154,34.142823612,0.758667713
040301050204,2017,40.023869287,32.912364177,0.773640906
040301050204,2018,36.535087842,28.047959034,0.680574997
040301050204,2019,42.443508672,34.493407412,0.75654824
040301050205,2010,44.044188857,18.966829708,0.758862055
040301050205,2011,37.669406993,22.573122999,0.713960699
040301050205,2012,26.523931099,16.210912944,0.701384205
040301050205,2013,31.793383699,16.933165312,0.684554359
040301050205,2014,45.508628534,19.333366847,0.776361497
040301050205,2015,46.375248561,22.935379857,0.759425605
040301050205,2016,50.538712018,27.176897578,0.768223949
040301050205,2017,51.264778019,27.133381913,0.779686048
040301050205,2018,51.536052796,23.68958027,0.717776449
040301050205,2019,51.539415915,26.583926181,0.760299379
040301050206,2010,33.864032111,16.711124199,0.718902651
040301050206,2011,27.478957301,18.445780306,0.629472723
040301050206,2012,17.407023441,12.069808774,0.614600359
040301050206,2013,24.072063158,12.672676405,0.628074778
040301050206,2014,37.775033629,15.866717046,0.750415148
040301050206,2015,32.752786235,18.65875186,0.713297664
040301050206,2016,42.795869795,23.229665275,0.740491485
040301050206,2017,43.001435057,23.800682225,0.730010304
040301050206,2018,41.283825842,20.120019242,0.673668771
040301050206,2019,44.498538842,22.718158334,0.721034957
040301050207,2010,42.531049006,15.596483407,0.747703504
040301050207,2011,30.706070299,16.898452533,0.656290013
040301050207,2012,18.824098082,11.134986979,0.650474261
040301050207,2013,26.127843709,11.353913876,0.652849213
040301050207,2014,40.98473529,14.065621226,0.763276526
040301050207,2015,39.442224517,16.917928619,0.739437291
040301050207,2016,47.977116778,20.802562335,0.762275225
040301050207,2017,47.261861724,21.311128105,0.757205125
040301050207,2018,43.164017475,17.991677937,0.702373477
040301050207,2019,49.428862418,20.237529572,0.750715597
040301050208,2010,31.478165184,14.556380874,0.676429243
040301050208,2011,27.3891608,16.64231284,0.597159657
040301050208,2012,16.831393423,10.670830061,0.582956491
040301050208,2013,22.441846735,12.181916159,0.603429611
040301050208,2014,35.843149706,15.027289864,0.705520509
040301050208,2015,36.814562265,17.930423125,0.666291919
040301050208,2016,39.049357109,21.749028651,0.686306026
040301050208,2017,38.441628209,20.6423743,0.688049802
040301050208,2018,35.92675137,16.732089905,0.638340899
040301050208,2019,45.314313591,21.504666602,0.697733353
040301050301,2010,22.30419917,15.354492236,0.675554979
040301050301,2011,19.867866491,12.238582455,0.621094709
040301050301,2012,11.926374172,7.504037237,0.563732004
040301050301,2013,16.877691038,9.136162782,0.633759821
040301050301,2014,34.80326002,21.50456653,0.758607129
040301050301,2015,26.296113957,16.587667728,0.647690729
040301050301,2016,24.557084507,17.85125779,0.644991764
040301050301,2017,24.554979834,15.831136339,0.680160649
040301050301,2018,23.504219424,16.388932754,0.644219722
040301050301,2019,36.792670614,24.264926912,0.741757099
040301050302,2010,23.31768466,16.216193269,0.661404988
040301050302,2011,19.902209337,12.219677597,0.616732442
040301050302,2012,11.731390199,7.235498338,0.568133601
040301050302,2013,16.266421301,8.454777662,0.62620193
040301050302,2014,35.96197717,22.353108395,0.744150233
040301050302,2015,27.204044166,17.323637099,0.635977268
040301050302,2016,25.395293733,18.549626497,0.631943746
040301050302,2017,26.75728825,17.718304291,0.664567443
040301050302,2018,24.663079845,17.482783513,0.634823627
040301050302,2019,38.075085111,25.232079126,0.724336172
040301050303,2010,21.456654522,14.343245465,0.719874951
040301050303,2011,18.793362602,10.988714162,0.642257632
040301050303,2012,11.308970665,6.762140068,0.601734055
040301050303,2013,17.548159162,9.565014899,0.647005976
040301050303,2014,35.150120499,21.413401454,0.796568832
040301050303,2015,24.726024645,14.7479635,0.681558146
040301050303,2016,20.515102085,13.653887376,0.675242991
040301050303,2017,21.355699979,12.32046702,0.7154588
040301050303,2018,18.702604729,11.875965085,0.672106978
040301050303,2019,36.400627112,23.547778442,0.784920149
040301050304,2010,23.352786469,16.460472361,0.662436815
040301050304,2011,20.18378016,12.723964011,0.614469127
040301050304,2012,12.069050678,7.648448052,0.567605975
040301050304,2013,17.246265251,9.623615332,0.630436332
040301050304,2014,34.67555823,21.697602552,0.743007089
040301050304,2015,27.966929587,18.376216799,0.637151828
040301050304,2016,25.031759087,18.405009965,0.634504638
040301050304,2017,25.788255422,17.061400847,0.664730096
040301050304,2018,22.470954836,15.689222506,0.631739369
040301050304,2019,39.185852148,26.82016683,0.73250902
040301050305,2010,21.595551244,14.322184479,0.699280332
040301050305,2011,18.754183245,10.914333255,0.632008937
040301050305,2012,11.532046925,6.976162107,0.584974302
040301050305,2013,17.164661532,9.195802833,0.643265735
040301050305,2014,31.674536237,18.049858764,0.776306068
040301050305,2015,25.199927444,15.128296719,0.669468572
040301050305,2016,20.54754276,13.666682732,0.661130393
040301050305,2017,22.371025834,13.263040408,0.696186804
040301050305,2018,18.796276982,11.921309273,0.656764394
040301050305,2019,34.899737801,21.967849111,0.766447494
040301050401,2010,26.236290169,15.064662461,0.669110241
040301050401,2011,23.656014187,17.461763478,0.606758175
040301050401,2012,15.559378114,12.528088592,0.569719955
040301050401,2013,18.939100098,13.924513453,0.605247086
040301050401,2014,28.991073906,16.269116481,0.705059522
040301050401,2015,33.456794138,19.260274764,0.650193569
040301050401,2016,35.955759504,23.533831371,0.680291099
040301050401,2017,32.137853852,21.870511527,0.683973849
040301050401,2018,33.023334365,18.100500856,0.638088824
040301050401,2019,39.73278102,22.720261708,0.692155776
040301050402,2010,25.915598575,15.648596861,0.644667728
040301050402,2011,23.913914099,15.864050504,0.601606531
040301050402,2012,15.299706662,9.132084069,0.555671943
040301050402,2013,18.795799413,9.396216669,0.583516117
040301050402,2014,31.849506779,16.074366271,0.707134355
040301050402,2015,32.717970801,19.331658782,0.648156524
040301050402,2016,32.046532544,21.205151645,0.646326954
040301050402,2017,30.436858594,19.290544323,0.67225291
040301050402,2018,32.070411937,19.016119877,0.62826976
040301050402,2019,42.3621581,24.621724493,0.689225814
040301050403,2010,28.666809044,20.223842731,0.594232911
040301050403,2011,25.091310854,17.98086056,0.569389484
040301050403,2012,18.251530474,11.748434356,0.510784922
040301050403,2013,19.604307822,12.526386782,0.561318963
040301050403,2014,31.144876781,20.872349372,0.676119229
040301050403,2015,33.507880261,22.482606832,0.595592881
040301050403,2016,33.404142658,24.826595764,0.610295783
040301050403,2017,31.647144557,22.479310273,0.606982619
040301050403,2018,32.264172721,22.342443779,0.556559695
040301050403,2019,39.607331272,28.496252283,0.630496995
040301050404,2010,27.242173588,15.378804423,0.672915828
040301050404,2011,23.943132943,15.306810287,0.62036507
040301050404,2012,13.676266185,7.493490727,0.573055116
040301050404,2013,15.966486801,7.80121136,0.612364708
040301050404,2014,31.376970068,15.958405508,0.718257669
040301050404,2015,35.207880832,20.285993914,0.677359977
040301050404,2016,29.337139295,19.133651389,0.652919018
040301050404,2017,28.492784991,16.751895255,0.677082289
040301050404,2018,29.344092722,17.236517198,0.653805098
040301050404,2019,40.845701564,25.118026122,0.706135393
040301050405,2010,23.348697713,15.852121145,0.620872581
040301050405,2011,23.119559215,16.502811164,0.599690608
040301050405,2012,13.68509095,7.829449272,0.548282384
040301050405,2013,16.936573439,9.815945852,0.597215491
040301050405,2014,29.270872002,18.483732142,0.684340844
040301050405,2015,31.550012118,21.539535951,0.626033904
040301050405,2016,25.437951509,19.812457745,0.5977197
040301050405,2017,23.337048336,16.313799937,0.613881218
040301050405,2018,25.282838344,16.797738591,0.612304407
040301050405,2019,33.629916761,24.304200207,0.666767531
040301050406,2010,23.657393384,18.555067246,0.57630345
040301050406,2011,24.326384264,19.742822772,0.572811175
040301050406,2012,15.458905748,11.306720904,0.518298624
040301050406,2013,17.794282142,12.918630883,0.573195116
040301050406,2014,27.890687605,21.013051242,0.650512407
040301050406,2015,29.85072265,23.435834573,0.580495514
040301050406,2016,29.53713648,25.202024582,0.564127113
040301050406,2017,27.200974851,22.174436126,0.589500506
040301050406,2018,27.45601125,21.85387537,0.579676154
040301050406,2019,35.820842773,29.521059984,0.634350504
040301050407,2010,25.573984163,20.570329265,0.459297205
040301050407,2011,22.41424552,19.018483186,0.468735755
040301050407,2012,16.090979499,12.14735833,0.412953717
040301050407,2013,16.944958396,13.434821971,0.463888386
040301050407,2014,28.785887238,22.796092974,0.533468139
040301050407,2015,27.828107041,22.672277607,0.464318855
040301050407,2016,30.706304075,25.513550824,0.465369064
040301050407,2017,28.10131769,23.344562803,0.491248281
040301050407,2018,30.360929573,24.414150633,0.473314883
040301050407,2019,36.438928342,30.468702436,0.514606672
040301050408,2010,26.607032977,23.249267155,0.518618551
040301050408,2011,27.238884456,24.09723123,0.52923065
040301050408,2012,19.449174831,16.628701816,0.472506565
040301050408,2013,21.369091168,18.128876066,0.529321496
040301050408,2014,30.973036897,26.755436499,0.595306417
040301050408,2015,31.734785515,27.932761784,0.52391638
040301050408,2016,34.124913502,30.637101751,0.52402626
040301050408,2017,32.583136388,28.928023081,0.552950965
040301050408,2018,29.61512936,26.17247006,0.527746885
040301050408,2019,40.842906739,36.498578538,0.597958948
040301050501,2010,29.098395907,24.284180824,0.589930163
040301050501,2011,28.385466063,24.966249599,0.577447485
040301050501,2012,20.720663202,18.080548624,0.520026342
040301050501,2013,24.020189745,20.872890477,0.575338414
040301050501,2014,30.584669027,24.991060498,0.639678117
040301050501,2015,33.308001972,27.746165801,0.593041659
040301050501,2016,34.429352131,30.711762664,0.598245739
040301050501,2017,32.074811827,27.951866699,0.591488869
040301050501,2018,26.842553145,23.209852222,0.544816518
040301050501,2019,38.580051668,32.035848788,0.650199569
040301050502,2010,30.927766981,23.70168124,0.629547
040301050502,2011,29.445506609,24.63857738,0.603547708
040301050502,2012,22.832484308,19.21725432,0.555790857
040301050502,2013,26.318334937,21.709168441,0.588911864
040301050502,2014,35.398367231,26.647311299,0.654021353
040301050502,2015,37.564269981,28.848630683,0.625378576
040301050502,2016,38.041603981,32.078281021,0.617144576
040301050502,2017,34.334009794,28.486323786,0.626271217
040301050502,2018,26.587539136,22.519309933,0.570826813
040301050502,2019,40.369235374,30.826012115,0.676876391
040301050503,2010,33.081869824,15.717349698,0.659751145
040301050503,2011,30.804594727,16.275027931,0.636013001
040301050503,2012,23.395536076,11.046725619,0.581496963
040301050503,2013,27.915668749,13.203676405,0.624637025
040301050503,2014,41.18650479,16.801834994,0.6780232
040301050503,2015,40.239697567,18.833230459,0.665923986
040301050503,2016,37.9474593,21.093232801,0.655036571
040301050503,2017,37.36552342,18.869617086,0.677527186
040301050503,2018,30.38912215,15.158542094,0.593126499
040301050503,2019,45.601633324,21.36776335,0.712664198
040301050504,2010,30.361107467,16.2065575,0.592666292
040301050504,2011,27.837563699,15.83663168,0.578184219
040301050504,2012,21.375115614,9.919871816,0.528023908
040301050504,2013,24.069749889,12.497978998,0.572210636
040301050504,2014,35.723194832,16.913645786,0.630621455
040301050504,2015,36.365241597,19.549035107,0.598558364
040301050504,2016,35.023996768,20.57381043,0.583755083
040301050504,2017,31.276312559,16.710744292,0.604778054
040301050504,2018,25.42126083,13.285613674,0.54508142
040301050504,2019,40.907895127,21.564730911,0.649971338
040301050505,2010,25.11519992,20.285423919,0.630177541
040301050505,2011,25.146593692,21.712596248,0.610496258
040301050505,2012,19.505055277,16.869699205,0.551485904
040301050505,2013,22.901449236,19.538082057,0.576696749
040301050505,2014,29.019784089,23.511240897,0.664541789
040301050505,2015,34.175518814,27.794971884,0.643699388
040301050505,2016,33.272870531,29.471781099,0.622150474
040301050505,2017,27.30820409,23.629799085,0.63736632
040301050505,2018,21.798537296,18.569036546,0.574249085
040301050505,2019,34.626287436,28.758032584,0.683759649
040301050506,2010,24.490923935,20.57449315,0.622682544
040301050506,2011,25.235854715,22.203833304,0.600362374
040301050506,2012,19.10120881,16.620258676,0.546216846
040301050506,2013,22.553529021,19.615467214,0.574581903
040301050506,2014,31.503727025,26.10364323,0.664097945
040301050506,2015,34.893144508,29.152382526,0.640814146
040301050506,2016,33.901247556,30.543311538,0.621536444
040301050506,2017,28.032358204,24.52508699,0.636664737
040301050506,2018,21.854965108,18.96432589,0.570892924
040301050506,2019,35.911389643,30.241235797,0.682628548
040301050507,2010,28.859599241,17.777157591,0.640492619
040301050507,2011,29.365210243,18.248636559,0.62103503
040301050507,2012,20.166919819,12.298244717,0.543113456
040301050507,2013,25.684398647,14.931039882,0.5894383
040301050507,2014,37.605420342,20.458824779,0.682649601
040301050507,2015,37.392152387,21.897201402,0.65368502
040301050507,2016,33.602288276,23.166356224,0.631052461
040301050507,2017,29.835992042,18.247612166,0.654123196
040301050507,2018,26.161854448,15.222273259,0.581587739
040301050507,2019,45.775253718,26.424384593,0.711182862
040301050601,2010,18.672993807,6.408022347,0.70694441
040301050601,2011,19.868010674,8.159934626,0.691311459
040301050601,2012,11.70784005,4.880265235,0.59652947
040301050601,2013,18.128164634,7.548393885,0.651986139
040301050601,2014,32.573458398,10.119134272,0.766858756
040301050601,2015,28.515253698,9.453786145,0.744004836
040301050601,2016,23.439392513,11.514623324,0.687087619
040301050601,2017,20.775647042,7.181648459,0.713128286
040301050601,2018,14.998573782,5.735239319,0.648949331
040301050601,2019,36.762903614,11.329075922,0.797082348
040301050602,2010,23.165464941,10.099866171,0.672715111
040301050602,2011,21.510156816,11.86560692,0.643289239
040301050602,2012,13.785807344,8.181057147,0.578137514
040301050602,2013,20.396276051,11.288515078,0.624276166
040301050602,2014,37.229258486,14.508045825,0.73051134
040301050602,2015,30.69777186,13.434109213,0.698949633
040301050602,2016,25.578063339,15.32537443,0.654585438
040301050602,2017,24.0863347,11.950409339,0.681798184
040301050602,2018,17.038357838,9.157241728,0.618021992
040301050602,2019,38.403292625,15.381346266,0.75148686
040301050603,2010,17.653259549,12.897795329,0.606766017
040301050603,2011,18.662135072,14.338826599,0.593455114
040301050603,2012,13.620967591,11.072621662,0.544954966
040301050603,2013,16.281365018,12.867966485,0.59565288
040301050603,2014,25.423351384,17.640078505,0.676505492
040301050603,2015,25.21259905,17.559338193,0.634643897
040301050603,2016,23.205197132,18.443231202,0.598889894
040301050603,2017,20.524448951,15.529309476,0.636987453
040301050603,2018,15.228221726,11.998719147,0.579183147
040301050603,2019,28.615360327,19.367108047,0.68641957
040301050604,2010,32.430559369,20.669481458,0.556258878
040301050604,2011,27.905949219,20.690429369,0.537912686
040301050604,2012,21.353331113,15.401780172,0.500461951
040301050604,2013,25.939196403,19.28215505,0.535769107
040301050604,2014,42.412652068,27.160382014,0.621062564
040301050604,2015,34.846835026,22.611547481,0.572888116
040301050604,2016,32.340332162,23.919215576,0.552782469
040301050604,2017,34.295960027,23.101059906,0.581067964
040301050604,2018,23.064361147,16.298950275,0.524765157
040301050604,2019,45.386229229,28.377242005,0.631404906
040301050605,2010,24.839192857,14.06340887,0.484723525
040301050605,2011,20.852277488,13.080188024,0.487940268
040301050605,2012,18.760136801,10.63059163,0.46105487
040301050605,2013,22.833559027,15.120990191,0.501856019
040301050605,2014,36.165326408,21.176513987,0.567050246
040301050605,2015,25.301553372,14.789880691,0.504962562
040301050605,2016,22.631889009,15.803418852,0.481497983
040301050605,2017,27.695713789,15.507519684,0.52082102
040301050605,2018,16.619816482,10.903952875,0.492100091
040301050605,2019,37.460910139,22.346750526,0.565436122
040301050606,2010,27.610399046,20.207442459,0.477260116
040301050606,2011,26.139625963,19.457716987,0.497885899
040301050606,2012,22.151194847,16.477560079,0.447171323
040301050606,2013,27.7737344,20.081387337,0.502379147
040301050606,2014,38.488436207,27.329107299,0.547171918
040301050606,2015,34.86843281,25.156681798,0.512383461
040301050606,2016,31.6794108,24.837939879,0.504046554
040301050606,2017,30.126515065,22.892342798,0.512087689
040301050606,2018,21.165085176,15.992801014,0.479107804
040301050606,2019,41.76982647,29.280026651,0.557413879
040301050607,2010,16.483648093,13.690499691,0.558274486
040301050607,2011,19.487804961,15.419184272,0.579617456
040301050607,2012,14.860221659,12.909592349,0.512947545
040301050607,2013,19.192782338,14.805019004,0.55861422
040301050607,2014,24.073643244,17.87999513,0.627981086
040301050607,2015,23.642397591,18.890663838,0.590082951
040301050607,2016,26.068652857,21.638936547,0.563989338
040301050607,2017,19.433739711,16.699138257,0.588799795
040301050607,2018,13.84664501,11.725295614,0.553786019
040301050607,2019,26.444088052,19.368545051,0.632752415
040301060103,2010,21.945661409,17.905237706,0.454177911
040301060103,2011,22.056266818,20.297201836,0.463325117
040301060103,2012,14.176940015,12.453968122,0.441593935
040301060103,2013,19.906744549,17.148408106,0.499085396
040301060103,2014,24.522451343,21.906782052,0.49766147
040301060103,2015,24.397655986,21.498236585,0.441734523
040301060103,2016,25.005482655,22.274873711,0.486570162
040301060103,2017,28.303548816,25.202049286,0.505470984
040301060103,2018,27.649771909,23.334138058,0.460413639
040301060103,2019,33.029267316,28.629160604,0.48930905
040301060301,2010,28.190005096,24.162627438,0.495851228
040301060301,2011,23.344159381,21.098699788,0.504533662
040301060301,2012,15.935968444,13.870903813,0.466589329
040301060301,2013,24.260473246,20.61118549,0.531393075
040301060301,2014,31.506045031,27.127901731,0.548467536
040301060301,2015,28.662991817,24.208924125,0.489951901
040301060301,2016,32.587581704,29.41045168,0.50160157
040301060301,2017,32.711490527,29.54196541,0.529329581
040301060301,2018,35.461392512,27.139583397,0.522679813
040301060301,2019,36.370875859,31.04816324,0.540901887
040301060302,2010,27.3542583,23.361216894,0.503286289
040301060302,2011,22.794926826,20.725796039,0.517940046
040301060302,2012,16.164061784,14.110752541,0.478783324
040301060302,2013,24.346089022,20.92746718,0.542458414
040301060302,2014,30.676735959,26.669956561,0.556396744
040301060302,2015,28.083284402,23.842219167,0.497990505
040301060302,2016,31.042518554,28.166599561,0.509656504
040301060302,2017,32.293987419,29.510735678,0.538168492
040301060302,2018,34.600619677,25.916635936,0.533708759
040301060302,2019,36.558973105,31.256214364,0.551497226
040301060303,2010,22.496398367,18.841828917,0.493153079
040301060303,2011,20.509193146,18.351702368,0.514754113
040301060303,2012,13.948253852,11.855876328,0.487277077
040301060303,2013,22.433279237,19.455538803,0.547392742
040301060303,2014,25.586367017,22.670755458,0.539246622
040301060303,2015,24.36144218,20.931070069,0.485356464
040301060303,2016,27.886712941,24.485033459,0.52223643
040301060303,2017,27.94248565,24.986841735,0.552332163
040301060303,2018,27.115334185,21.445807598,0.504413198
040301060303,2019,32.004452385,28.125515865,0.5383979
040301060305,2010,25.434080654,19.989917061,0.49499154
040301060305,2011,21.528305949,18.333682949,0.504432571
040301060305,2012,15.16624972,12.04385981,0.467388273
040301060305,2013,24.379483554,19.38569778,0.538064775
040301060305,2014,27.216060147,22.729909457,0.543045333
040301060305,2015,24.780559273,19.694565385,0.481587927
040301060305,2016,31.384329725,26.02313511,0.522679275
040301060305,2017,32.209029859,26.988843706,0.551103318
040301060305,2018,33.276232923,24.608150682,0.515116123
040301060305,2019,34.42766379,28.348831188,0.544844375
040301060306,2010,25.930812143,19.947269803,0.479165222
040301060306,2011,20.386110165,16.76345925,0.479501115
040301060306,2012,13.278434367,9.671576967,0.429534156
040301060306,2013,23.304163023,17.600362774,0.511225967
040301060306,2014,25.709495126,20.616412272,0.547813312
040301060306,2015,22.562358717,17.155433625,0.478589824
040301060306,2016,31.639421124,25.051286171,0.522307066
040301060306,2017,31.75326006,25.452609075,0.550916549
040301060306,2018,33.846401817,24.168099497,0.526788492
040301060306,2019,33.424265178,26.843700291,0.562663714
040301060309,2010,24.350479233,17.472357035,0.495975378
040301060309,2011,20.741221847,16.746182098,0.502139386
040301060309,2012,13.491810615,9.689222613,0.447905315
040301060309,2013,22.923032762,16.50520463,0.533286312
040301060309,2014,26.133813611,20.573801421,0.557684425
040301060309,2015,22.333521723,16.514235312,0.482734837
040301060309,2016,30.186678311,23.268460078,0.53591595
040301060309,2017,34.379764159,27.369292724,0.566136356
040301060309,2018,33.668830852,21.786550289,0.535486761
040301060309,2019,31.737748484,24.781453249,0.565274743
040301060502,2010,23.545280607,18.258847205,0.505261459
040301060502,2011,22.763900969,18.949629065,0.523136843
040301060502,2012,14.690066452,11.440870462,0.468597831
040301060502,2013,20.562624202,16.458094782,0.540315491
040301060502,2014,27.381261525,22.730107463,0.559618784
040301060502,2015,22.119698437,18.038742655,0.481383455
040301060502,2016,28.292821774,23.595329258,0.531830233
040301060502,2017,35.404476704,29.272473288,0.566311277
040301060502,2018,35.905963252,23.841285253,0.544311571
040301060502,2019,30.562188108,25.350883044,0.544695705
040301060503,2010,25.978101539,20.724792944,0.420162199
040301060503,2011,23.724403178,19.758420735,0.433378126
040301060503,2012,16.845332293,13.135576642,0.385809735
040301060503,2013,22.311200316,18.035078282,0.444725632
040301060503,2014,27.726458563,22.918521174,0.465892944
040301060503,2015,23.514573199,19.11092433,0.399442043
040301060503,2016,31.222166177,25.901654435,0.44216126
040301060503,2017,38.641884461,31.602336429,0.469420044
040301060503,2018,37.873918948,26.625003609,0.450359277
040301060503,2019,32.604541594,27.064823434,0.449142419
040301060504,2010,32.975118259,27.303355429,0.350749017
040301060504,2011,32.80944478,27.855140537,0.337877752
040301060504,2012,24.205922665,20.401957641,0.315742353
040301060504,2013,29.581135841,24.202556418,0.338058362
040301060504,2014,37.124961378,29.108925343,0.361914589
040301060504,2015,33.559421988,28.039899982,0.340418655
040301060504,2016,44.163368954,35.787725315,0.363195253
040301060504,2017,51.146303262,40.699618544,0.361185401
040301060504,2018,49.581252695,35.106992822,0.344948655
040301060504,2019,44.531431473,36.000736737,0.344417774
040301080101,2010,29.786884686,26.247260662,0.731826407
040301080101,2011,26.841946783,24.148957609,0.66920901
040301080101,2012,15.600828043,13.159728018,0.636459551
040301080101,2013,24.240104837,20.842350438,0.655449177
040301080101,2014,35.384304783,30.412934168,0.749517843
040301080101,2015,30.405073832,25.519983429,0.718918435
040301080101,2016,38.325471333,33.819425064,0.73071983
040301080101,2017,36.847869797,32.775100101,0.743117414
040301080101,2018,39.830917518,32.57088401,0.675127446
040301080101,2019,38.550156279,33.450483051,0.722098309
040301080102,2010,26.95330428,19.191740155,0.701590618
040301080102,2011,23.976912246,17.716032056,0.669466677
040301080102,2012,13.427774949,7.942543979,0.632790729
040301080102,2013,22.027989701,15.672235594,0.669674664
040301080102,2014,30.941602146,23.24763915,0.726546513
040301080102,2015,28.774262628,19.764210563,0.702972635
040301080102,2016,35.569651083,25.867823341,0.725301658
040301080102,2017,35.412378646,26.393628749,0.735148691
040301080102,2018,34.742751032,25.473005345,0.686459743
040301080102,2019,34.13757812,25.755991271,0.72841806
040301080103,2010,30.294884031,27.42892627,0.716746826
040301080103,2011,24.484791008,22.378220699,0.654049927
040301080103,2012,16.648644504,14.580980909,0.633479804
040301080103,2013,25.007558122,22.017985237,0.641463413
040301080103,2014,37.218440938,32.761882053,0.735373183
040301080103,2015,29.67398026,25.411687817,0.701566939
040301080103,2016,39.567196024,35.862206249,0.713480344
040301080103,2017,37.782314922,34.465415928,0.726488556
040301080103,2018,38.416015722,32.496782507,0.659139279
040301080103,2019,40.299642428,35.692817476,0.701547165
040301080104,2010,38.630105171,33.935276204,0.42675113
040301080104,2011,31.457194481,28.10701897,0.369771644
040301080104,2012,25.165820324,21.255576805,0.373620576
040301080104,2013,34.13361438,30.215392719,0.371443696
040301080104,2014,42.491557057,37.012874523,0.427952233
040301080104,2015,35.962236241,31.134521301,0.413451451
040301080104,2016,43.843402537,38.033111478,0.419369972
040301080104,2017,47.055640114,41.577669928,0.43457154
040301080104,2018,44.590861846,38.240362036,0.388106756
040301080104,2019,46.753080619,41.384816619,0.406918506
040301080105,2010,31.527124889,25.69378699,0.640534513
040301080105,2011,20.529201095,17.569202404,0.613179583
040301080105,2012,12.777939979,9.703860573,0.560723918
040301080105,2013,18.298984872,15.562035061,0.600551543
040301080105,2014,36.943774699,29.231358032,0.672755502
040301080105,2015,27.561276835,23.160024927,0.613867696
040301080105,2016,37.662140521,31.88441366,0.662562798
040301080105,2017,33.399797967,28.879696387,0.644418464
040301080105,2018,40.814388906,29.539639159,0.620391384
040301080105,2019,38.945383573,31.935395437,0.646872374
040301080106,2010,29.141574392,21.574396746,0.643897371
040301080106,2011,24.517292097,18.685689257,0.616255467
040301080106,2012,14.470729771,9.607287648,0.575646955
040301080106,2013,23.955264351,17.779768171,0.627400705
040301080106,2014,29.085419318,22.085883175,0.658964018
040301080106,2015,28.166985022,20.042688395,0.626320212
040301080106,2016,33.640736395,25.720353892,0.651048481
040301080106,2017,38.15896884,28.679831877,0.680218412
040301080106,2018,38.619317251,28.083560562,0.634456808
040301080106,2019,35.666893431,27.731926078,0.650032981
040301080107,2010,29.05798675,22.409045589,0.589899568
040301080107,2011,21.540842746,17.164135601,0.563113274
040301080107,2012,14.145430021,9.97191974,0.526278176
040301080107,2013,22.493643476,17.359866214,0.564165334
040301080107,2014,30.420228155,24.130560438,0.612351055
040301080107,2015,27.711330775,20.96162251,0.592819637
040301080107,2016,36.075292986,29.090841397,0.611426766
040301080107,2017,35.548564339,27.844433956,0.620482333
040301080107,2018,35.378486227,26.688869875,0.586151733
040301080107,2019,36.474653863,29.136064447,0.608964894
040301080201,2010,25.042206584,19.391400891,0.682379545
040301080201,2011,25.203908393,21.436694577,0.633679357
040301080201,2012,15.41892179,12.75887793,0.617666914
040301080201,2013,25.271593767,20.2784828,0.663986528
040301080201,2014,28.778973469,22.619884472,0.699631199
040301080201,2015,25.383114434,20.785754661,0.647173502
040301080201,2016,33.215067882,27.231974182,0.692757887
040301080201,2017,33.315898752,27.303800899,0.70587191
040301080201,2018,33.304752185,25.493727583,0.635123437
040301080201,2019,33.726830098,27.387545226,0.682782311
040301080202,2010,22.852806102,13.649060367,0.58069716
040301080202,2011,24.070696303,17.364749758,0.534788666
040301080202,2012,12.451367976,9.432084848,0.506209779
040301080202,2013,22.064721277,13.946642518,0.56419871
040301080202,2014,28.184258181,16.986076515,0.588876265
040301080202,2015,24.370681463,16.62722362,0.550607485
040301080202,2016,31.05550933,20.259615242,0.588110642
040301080202,2017,31.794849297,20.826920523,0.592421328
040301080202,2018,34.471132021,19.823615757,0.542840877
040301080202,2019,31.98004729,20.779497755,0.584609993
040301080203,2010,21.833469634,13.468792104,0.664319187
040301080203,2011,24.022746437,19.064592585,0.63049692
040301080203,2012,12.114399768,10.122708962,0.586567561
040301080203,2013,22.341745792,16.005892488,0.653953138
040301080203,2014,30.717250096,19.638287018,0.676501246
040301080203,2015,24.441843782,17.654191923,0.632932798
040301080203,2016,33.710913428,23.898338841,0.68237591
040301080203,2017,32.42780104,22.436260771,0.68475645
040301080203,2018,38.913630693,22.966262239,0.623617402
040301080203,2019,36.259892093,25.262597494,0.680173934
040301080204,2010,29.366594357,20.859743843,0.549014368
040301080204,2011,26.75605358,22.40469124,0.538645378
040301080204,2012,18.039100434,15.288848628,0.506704235
040301080204,2013,31.074566414,23.602395007,0.578314111
040301080204,2014,29.980359811,22.605195219,0.580903779
040301080204,2015,26.812959862,20.348958022,0.511952318
040301080204,2016,36.110715372,27.58716616,0.580531628
040301080204,2017,39.460191357,29.637906421,0.584441426
040301080204,2018,40.423014214,26.083991108,0.545589632
040301080204,2019,37.157479132,28.177285302,0.564578906
040301080205,2010,26.337886359,17.015742834,0.623433249
040301080205,2011,26.48757825,21.011872156,0.600204246
040301080205,2012,15.459863145,12.452559517,0.551877447
040301080205,2013,25.13984288,18.007279605,0.628702146
040301080205,2014,30.490234172,20.547144433,0.648228484
040301080205,2015,27.114868477,19.493372259,0.587918866
040301080205,2016,34.423272696,24.90560933,0.648039408
040301080205,2017,37.429627507,26.186604545,0.659465481
040301080205,2018,43.640581736,26.18291896,0.603856427
040301080205,2019,37.192592904,26.51794164,0.633320519
040301080206,2010,20.317132223,14.556169928,0.55620617
040301080206,2011,20.867333533,17.096731389,0.542946575
040301080206,2012,13.849389068,10.783064796,0.481432121
040301080206,2013,17.734139372,13.980408613,0.570469529
040301080206,2014,22.3852568,16.486007638,0.593767278
040301080206,2015,21.96116163,16.039852075,0.522632659
040301080206,2016,24.974466043,19.901225463,0.587713942
040301080206,2017,28.304454002,21.384167998,0.60356263
040301080206,2018,35.383831671,23.144945538,0.549758222
040301080206,2019,28.853270446,22.10250421,0.563090098
040301080207,2010,29.39466258,19.437934822,0.544485406
040301080207,2011,27.261372433,21.267189541,0.540369974
040301080207,2012,17.58988619,14.191170596,0.489194978
040301080207,2013,26.567857555,20.214405218,0.564040745
040301080207,2014,30.222632884,20.663499458,0.579281522
040301080207,2015,27.082642548,19.310043893,0.508636199
040301080207,2016,35.166639065,25.374239764,0.575289443
040301080207,2017,40.616664854,27.805075922,0.582501066
040301080207,2018,42.916225652,25.967978917,0.545631418
040301080207,2019,37.085518106,26.829453206,0.553888296
040301080208,2010,27.100057442,18.667973751,0.553356867
040301080208,2011,26.111970461,21.823789999,0.532001244
040301080208,2012,15.257431479,12.462946111,0.484085005
040301080208,2013,22.094560551,17.33356282,0.535848126
040301080208,2014,27.554981904,20.541376361,0.574282613
040301080208,2015,26.80854291,20.666972799,0.528428719
040301080208,2016,33.671121575,26.365397731,0.571394415
040301080208,2017,40.522925186,30.020340132,0.575321715
040301080208,2018,41.870743961,24.037908502,0.543648719
040301080208,2019,37.515185619,27.792982367,0.55429258
040301080209,2010,31.119415022,17.634854513,0.372958726
040301080209,2011,26.764209663,18.720434419,0.357840237
040301080209,2012,18.695028158,12.387567633,0.328270762
040301080209,2013,23.642457676,15.287728152,0.356273225
040301080209,2014,31.173555622,17.28540944,0.391696983
040301080209,2015,31.313348595,18.669836031,0.370043636
040301080209,2016,39.881785067,23.095220354,0.384588038
040301080209,2017,45.226477582,25.669851017,0.387448095
040301080209,2018,39.474264348,19.714740293,0.360073336
040301080209,2019,38.081503595,22.081924126,0.374848014
040301080501,2010,15.065890119,12.236042665,0.641193569
040301080501,2011,18.746739451,14.373374801,0.610753211
040301080501,2012,13.637608252,10.418575788,0.565937794
040301080501,2013,16.916298389,11.659170771,0.56591112
040301080501,2014,23.169313775,16.238901637,0.693948278
040301080501,2015,19.889667306,15.841660983,0.595454533
040301080501,2016,22.925960374,18.044628467,0.625221958
040301080501,2017,24.965754494,19.7337063,0.6568749
040301080501,2018,25.250103819,18.234927433,0.623889405
040301080501,2019,31.627194473,23.187811273,0.664447685
040301080502,2010,11.953446071,9.59713153,0.651785695
040301080502,2011,17.263403826,13.010417243,0.634455557
040301080502,2012,13.210390614,10.245464212,0.572697592
040301080502,2013,15.189884982,10.055681874,0.587869633
040301080502,2014,20.285648496,13.677910845,0.710382015
040301080502,2015,18.961394799,15.007494358,0.604806663
040301080502,2016,21.80689788,17.164416247,0.643265738
040301080502,2017,22.850545375,18.066019864,0.675031965
040301080502,2018,23.562144135,16.618337777,0.64257359
040301080502,2019,31.35767411,22.832062092,0.682802343
040301080503,2010,17.099453596,11.994849254,0.641212565
040301080503,2011,21.804791347,14.637518982,0.613768355
040301080503,2012,16.79426228,11.311778462,0.541736835
040301080503,2013,19.837927718,11.590414589,0.57799958
040301080503,2014,22.464636381,13.416118106,0.691171411
040301080503,2015,24.081669149,15.012396789,0.607561241
040301080503,2016,25.746105103,17.81471892,0.649300349
040301080503,2017,28.252529893,18.846044816,0.66428739
040301080503,2018,27.636402979,17.900045022,0.609804674
040301080503,2019,33.184146871,21.515042003,0.645300822
040301080504,2010,19.291708972,15.643382052,0.509757415
040301080504,2011,21.83059851,17.876580058,0.508192628
040301080504,2012,16.877335347,13.138965028,0.453827132
040301080504,2013,19.008043164,15.087389145,0.475593867
040301080504,2014,25.331493248,19.795452795,0.536335297
040301080504,2015,22.179808616,18.010431321,0.501832403
040301080504,2016,26.584487451,21.83531639,0.527338976
040301080504,2017,29.255021099,23.924155817,0.53867969
040301080504,2018,29.570596473,23.026066564,0.504292119
040301080504,2019,34.664529791,28.092500724,0.522374971
040301080505,2010,13.908825949,10.051305421,0.640935105
040301080505,2011,18.760693233,12.606200774,0.627386705
040301080505,2012,14.393701821,9.839108145,0.551884994
040301080505,2013,16.298246034,9.154516257,0.586470279
040301080505,2014,20.529403138,12.425450391,0.692418812
040301080505,2015,21.665840286,14.38392118,0.609515415
040301080505,2016,23.253588646,16.564995341,0.648345755
040301080505,2017,25.198116252,17.495742904,0.668367538
040301080505,2018,25.594439689,16.623040762,0.623067515
040301080505,2019,32.218757488,21.241837693,0.662617867
040301080506,2010,9.841315444,6.946177817,0.670429701
040301080506,2011,14.518276515,9.580364812,0.656707461
040301080506,2012,10.563741021,7.174898223,0.584483596
040301080506,2013,12.508666803,6.608312446,0.612028661
040301080506,2014,14.438427743,7.664540779,0.718266565
040301080506,2015,16.765765605,11.495705762,0.636379418
040301080506,2016,19.300476682,13.917821736,0.669816566
040301080506,2017,18.734493125,13.05199832,0.700217889
040301080506,2018,19.586621884,12.4829312,0.661509582
040301080506,2019,26.704695286,17.525554902,0.705171388
040301080601,2010,17.419437417,13.785786444,0.631494651
040301080601,2011,21.49081979,15.530942547,0.591340334
040301080601,2012,11.942187712,8.723382934,0.562656367
040301080601,2013,16.108077918,9.468337509,0.584397468
040301080601,2014,23.182498417,15.824640026,0.673370164
040301080601,2015,22.328558844,16.320005684,0.613477579
040301080601,2016,26.253789467,20.11335852,0.629817291
040301080601,2017,27.098922537,21.084884633,0.650239467
040301080601,2018,27.197499541,20.010077899,0.643517226
040301080601,2019,33.274050478,23.762449051,0.682169771
040301080602,2010,19.837383388,14.600276225,0.517662053
040301080602,2011,21.475392648,17.13760297,0.51360383
040301080602,2012,13.592659731,9.95588795,0.472211582
040301080602,2013,16.83400032,12.580473403,0.532343438
040301080602,2014,32.643676731,24.08142355,0.579087025
040301080602,2015,25.38019057,19.231747425,0.556610269
040301080602,2016,29.853875438,22.911625682,0.552723642
040301080602,2017,25.833070205,19.720463536,0.555488513
040301080602,2018,24.392855361,18.331783013,0.560914198
040301080602,2019,35.158291824,27.112162621,0.598960242
040301080603,2010,16.496610924,12.820721675,0.587403737
040301080603,2011,21.230135847,17.037096796,0.56716459
040301080603,2012,13.785218456,10.650653491,0.52098577
040301080603,2013,17.078233071,12.268042008,0.562455667
040301080603,2014,25.88155759,19.107985422,0.645701
040301080603,2015,23.826495546,18.507511365,0.595930434
040301080603,2016,28.028022027,22.434676655,0.611125241
040301080603,2017,25.236691451,20.29932768,0.611361325
040301080603,2018,24.793447734,18.016532262,0.600751214
040301080603,2019,33.398250178,25.894757348,0.645721391
040301080604,2010,21.358767728,16.20631886,0.638674716
040301080604,2011,20.98994769,16.676871919,0.618838039
040301080604,2012,14.965597279,11.171404429,0.549304164
040301080604,2013,17.022765134,11.316657661,0.575031639
040301080604,2014,29.315117045,19.630582499,0.67942128
040301080604,2015,26.337583394,19.251481591,0.614125839
040301080604,2016,27.869001267,21.221164117,0.654766507
040301080604,2017,27.444611417,21.351546239,0.64330824
040301080604,2018,31.010186675,20.119366548,0.621474133
040301080604,2019,32.265050424,22.827015916,0.658046497
040301080605,2010,18.654870101,13.998264575,0.646430494
040301080605,2011,21.410172292,17.227140911,0.625196972
040301080605,2012,16.944903841,12.999427034,0.552141625
040301080605,2013,19.586955276,14.002984877,0.575705837
040301080605,2014,29.44108629,20.209019516,0.698803166
040301080605,2015,25.98236207,19.126700935,0.621116275
040301080605,2016,27.327192057,20.953856895,0.663748676
040301080605,2017,27.583913095,21.675634464,0.650294976
040301080605,2018,29.876480497,19.34816538,0.621313792
040301080605,2019,35.065638082,25.896700029,0.668379558
040301080606,2010,16.900968567,12.540914652,0.651583793
040301080606,2011,19.987175499,15.743589795,0.63071725
040301080606,2012,15.666509573,11.970067443,0.544152713
040301080606,2013,17.742903398,12.185150485,0.586528879
040301080606,2014,25.862104202,17.505681153,0.703583835
040301080606,2015,24.004750361,17.695270819,0.629338305
040301080606,2016,26.149724616,19.934271606,0.665427849
040301080606,2017,24.328542245,18.797036464,0.660579147
040301080606,2018,27.66822589,18.330673571,0.637758964
040301080606,2019,33.377246907,24.487676307,0.682337107
040301080607,2010,21.489732553,17.390814486,0.605196628
040301080607,2011,20.772161931,16.601019867,0.568232103
040301080607,2012,15.707936806,12.699159843,0.490379733
040301080607,2013,17.789440627,13.095925254,0.54500386
040301080607,2014,28.736153779,21.591362185,0.66774498
040301080607,2015,24.343710162,19.83711877,0.597188003
040301080607,2016,24.945983748,20.595470116,0.603720602
040301080607,2017,23.969106598,19.621939062,0.599031055
040301080607,2018,28.62972853,22.544310747,0.583767138
040301080607,2019,32.612881137,25.172924821,0.634209329
040301080701,2010,14.417977413,10.329901677,0.50949437
040301080701,2011,18.848197331,14.90885347,0.561593377
040301080701,2012,13.223755976,9.984080381,0.504244723
040301080701,2013,15.578217415,11.233542164,0.571904843
040301080701,2014,18.865069013,14.257082825,0.596222739
040301080701,2015,19.98567769,15.283345526,0.576218961
040301080701,2016,26.969267493,21.318983215,0.598682155
040301080701,2017,31.508394903,25.702812106,0.660692845
040301080701,2018,26.815136846,21.02757043,0.608684041
040301080701,2019,28.817064628,23.453309195,0.621472483
040301080702,2010,21.767045009,15.445990386,0.554983126
040301080702,2011,24.693943693,19.053191287,0.558748411
040301080702,2012,16.514911151,11.564202294,0.514780251
040301080702,2013,20.199513492,14.960902053,0.545299594
040301080702,2014,23.483403246,17.06622771,0.595060725
040301080702,2015,23.514261916,17.22553825,0.568998276
040301080702,2016,32.151589803,24.617365213,0.591850846
040301080702,2017,34.520057977,26.03664676,0.619106382
040301080702,2018,31.136667834,23.044444232,0.595726265
040301080702,2019,34.269404728,26.519328918,0.612842922
040301080703,2010,25.878431503,18.998793338,0.595299841
040301080703,2011,25.107741994,18.647994401,0.548710887
040301080703,2012,16.173359444,11.579498371,0.508794557
040301080703,2013,21.148293633,14.400128275,0.539107448
040301080703,2014,32.506511555,23.243069019,0.654156567
040301080703,2015,29.456195838,21.244599549,0.555153794
040301080703,2016,35.081333097,26.269092106,0.575725853
040301080703,2017,38.208056183,27.932765065,0.622583509
040301080703,2018,36.274979175,27.594081889,0.594516249
040301080703,2019,38.530537201,28.682066341,0.618780947
040301080704,2010,33.237449148,25.309490052,0.566656686
040301080704,2011,28.092058931,21.278019054,0.556117965
040301080704,2012,21.351484012,16.121417151,0.51796599
040301080704,2013,25.219986694,18.872062515,0.556870576
040301080704,2014,35.655418048,26.807259013,0.634314201
040301080704,2015,30.229115712,22.676448323,0.559581772
040301080704,2016,37.748957637,28.913048089,0.58318746
040301080704,2017,42.169515187,31.35521444,0.626453922
040301080704,2018,40.971779621,31.778856074,0.615927276
040301080704,2019,41.729125635,31.859902774,0.628280922
040301080705,2010,26.950752395,18.58994289,0.543639893
040301080705,2011,24.633597642,17.695062201,0.545673423
040301080705,2012,16.686757747,11.117815914,0.503500415
040301080705,2013,19.862591008,13.796910117,0.547906305
040301080705,2014,25.685801931,17.223790685,0.612573845
040301080705,2015,23.850997258,16.736409216,0.554485753
040301080705,2016,31.192569931,22.440625168,0.580652906
040301080705,2017,34.701060186,23.709797966,0.617421863
040301080705,2018,32.536932312,23.263770583,0.612789797
040301080705,2019,35.099909117,25.331765364,0.619441155
040301080706,2010,25.353113961,16.410481951,0.468149935
040301080706,2011,20.324521844,13.87125394,0.452459417
040301080706,2012,13.825326964,9.351682931,0.4163435
040301080706,2013,16.904554718,10.715783431,0.444938351
040301080706,2014,23.821984912,14.296484098,0.503844043
040301080706,2015,21.458850379,14.307143098,0.452563398
040301080706,2016,24.983256572,17.336764155,0.458428153
040301080706,2017,29.390057604,19.65556185,0.494056362
040301080706,2018,27.592322829,19.418687616,0.468755116
040301080706,2019,32.614108672,22.620543437,0.493135301
040301080707,2010,16.826709404,9.344125205,0.602366163
040301080707,2011,22.209351052,15.532328797,0.604761552
040301080707,2012,13.931781447,8.552237682,0.51890716
040301080707,2013,17.976574375,10.86513468,0.573879578
040301080707,2014,22.379589927,13.807585262,0.684921405
040301080707,2015,25.107079601,15.862467269,0.635734913
040301080707,2016,29.199031822,20.657813297,0.632024565
040301080707,2017,27.806719354,18.7554036,0.682328008
040301080707,2018,26.094918416,18.293657389,0.646356257
040301080707,2019,37.858809881,25.9265089,0.683359229
040301080709,2010,18.825719189,13.691437285,0.539594515
040301080709,2011,23.588683131,18.203577925,0.550270687
040301080709,2012,14.84602335,10.974204033,0.481755526
040301080709,2013,20.756902996,14.651093629,0.552805233
040301080709,2014,28.430060356,21.511091545,0.632053338
040301080709,2015,25.097008689,19.284254388,0.599027846
040301080709,2016,32.190113133,24.90540082,0.579919564
040301080709,2017,27.637253903,21.653675656,0.606972532
040301080709,2018,28.426430151,21.580760289,0.59014248
040301080709,2019,39.643386579,30.106904755,0.636373145
040301080710,2010,19.346941334,14.152885457,0.558185493
040301080710,2011,23.466403146,17.95799521,0.564774013
040301080710,2012,14.991346048,11.116598756,0.497357789
040301080710,2013,20.396142694,14.295549001,0.56501598
040301080710,2014,26.546055157,19.346964637,0.653287203
040301080710,2015,28.068383998,20.859134024,0.614038156
040301080710,2016,32.40905045,25.493232551,0.5920305
040301080710,2017,28.482511654,22.173260622,0.645508313
040301080710,2018,27.716564532,21.495876732,0.600392773
040301080710,2019,38.186889874,28.853061063,0.64020545
040301080711,2010,18.129737881,12.452155354,0.581945727
040301080711,2011,24.469377366,18.133060865,0.588924766
040301080711,2012,14.538287463,10.286124956,0.521783975
040301080711,2013,20.675018901,14.022819371,0.585009194
040301080711,2014,26.271812843,18.484760625,0.684895558
040301080711,2015,28.28842509,19.650873949,0.644871067
040301080711,2016,32.109216399,24.637668401,0.614903191
040301080711,2017,28.606646792,21.563528676,0.688131329
040301080711,2018,26.003018112,19.687105642,0.623394648
040301080711,2019,36.657197642,27.450328343,0.664146995
040301080712,2010,18.555619738,14.683189445,0.548424787
040301080712,2011,22.923797233,18.775199888,0.542832116
040301080712,2012,13.630010723,10.500321646,0.481190197
040301080712,2013,17.321577632,13.551757167,0.538340621
040301080712,2014,27.940251459,21.470014006,0.628949384
040301080712,2015,26.674373412,21.400830304,0.588798658
040301080712,2016,28.616292857,23.657077668,0.56880072
040301080712,2017,23.79608324,19.518334747,0.598143878
040301080712,2018,24.361337938,19.158044462,0.598683711
040301080712,2019,34.410513596,28.07882373,0.62601108
040301080903,2010,23.276405819,8.347930795,0.501357933
040301080903,2011,21.732487204,9.788302391,0.498304243
040301080903,2012,13.107757328,6.373497723,0.438519339
040301080903,2013,19.794238004,10.16120067,0.504144462
040301080903,2014,39.022595857,13.331522111,0.593841523
040301080903,2015,29.214417342,12.123278234,0.526211884
040301080903,2016,29.235784542,14.310963645,0.502058812
040301080903,2017,25.087299003,10.685073736,0.539023494
040301080903,2018,27.933773186,10.314170544,0.546031531
040301080903,2019,37.531201265,15.302948598,0.58097663
040301080904,2010,12.376815259,6.430244618,0.507305352
040301080904,2011,15.102122093,8.293165563,0.508711026
040301080904,2012,7.395072859,4.858954922,0.456104086
040301080904,2013,13.527062514,8.774690118,0.519621865
040301080904,2014,24.391286976,11.085473341,0.600108986
040301080904,2015,19.113573169,10.207097735,0.531172868
040301080904,2016,17.476229391,12.211567537,0.508476737
040301080904,2017,14.613235349,8.815573404,0.552057261
040301080904,2018,17.380103124,8.705116129,0.558613782
040301080904,2019,24.979362249,13.445619792,0.591792218
040301080905,2010,20.7202901,8.192275722,0.50258381
040301080905,2011,18.98676754,9.317707309,0.505617232
040301080905,2012,10.922137904,5.636879016,0.453777151
040301080905,2013,17.156138393,9.483349373,0.515043393
040301080905,2014,34.351835628,13.11530653,0.589279145
040301080905,2015,25.171886057,11.301625729,0.521633845
040301080905,2016,25.445110237,13.837070281,0.504968748
040301080905,2017,22.121684893,10.491955097,0.538954613
040301080905,2018,24.513875669,10.246878855,0.551087632
040301080905,2019,33.940672813,15.224655447,0.583536667
040301080906,2010,25.30700686,10.550939073,0.530016245
040301080906,2011,22.882162339,11.802201048,0.531934372
040301080906,2012,14.002173425,7.136502507,0.473466524
040301080906,2013,21.835599954,11.677484978,0.536672849
040301080906,2014,39.845486047,16.555720989,0.611344098
040301080906,2015,30.110088902,13.203879983,0.567577848
040301080906,2016,28.603772202,15.993258163,0.543995974
040301080906,2017,26.368599528,12.720252367,0.58249882
040301080906,2018,26.328561796,11.976157967,0.567095669
040301080906,2019,40.937396164,18.693791274,0.622941498
040301080908,2010,21.106404767,10.189100655,0.525374408
040301080908,2011,20.968447756,12.053718326,0.52953733
040301080908,2012,13.333708776,7.62968923,0.47219877
040301080908,2013,20.726238625,12.109845933,0.535184845
040301080908,2014,34.2611472,15.931960506,0.603978729
040301080908,2015,26.897081831,13.060905445,0.574433918
040301080908,2016,24.517549879,15.756048862,0.540041349
040301080908,2017,22.957345913,12.632435056,0.58324741
040301080908,2018,21.84501076,11.297604101,0.556945062
040301080908,2019,36.511120776,17.974677771,0.619613129
040301080909,2010,30.70156906,7.936992318,0.544085559
040301080909,2011,24.613282305,9.203388678,0.549364993
040301080909,2012,18.23160057,5.286579076,0.432083785
040301080909,2013,23.871195333,9.40317776,0.541878852
040301080909,2014,45.536553862,13.244679514,0.672153023
040301080909,2015,33.052459879,10.707546742,0.623706663
040301080909,2016,28.927065736,11.163488453,0.577634334
040301080909,2017,26.361566657,8.098288314,0.629079595
040301080909,2018,25.849111962,7.833604464,0.546970106
040301080909,2019,44.637401341,13.585267459,0.68297089
040301080910,2010,24.214225033,8.236851585,0.528878059
040301080910,2011,18.938867202,8.879480401,0.54548966
040301080910,2012,14.504847122,5.445994537,0.417281846
040301080910,2013,18.477280895,8.872702147,0.528988146
040301080910,2014,34.918141455,12.636925472,0.672624804
040301080910,2015,27.17848639,10.482838222,0.633608976
040301080910,2016,22.347967919,10.715956177,0.582293282
040301080910,2017,19.55966319,7.511901229,0.632420369
040301080910,2018,18.698038859,7.394995409,0.530208414
040301080910,2019,36.252171728,13.618958841,0.701502627
040301080913,2010,30.965601741,13.807735086,0.599417232
040301080913,2011,24.411967019,14.288093609,0.570881835
040301080913,2012,18.52243552,9.672399348,0.479448896
040301080913,2013,24.739356123,14.270898437,0.575519268
040301080913,2014,42.478068727,20.109315236,0.693297344
040301080913,2015,33.181956157,16.976316923,0.638174825
040301080913,2016,29.338060306,17.323660261,0.608197816
040301080913,2017,28.462443242,14.348133444,0.660928236
040301080913,2018,22.328410631,11.643706373,0.563287598
040301080913,2019,42.874136743,20.321399231,0.697237268
040302010101,2010,13.077977703,3.400197648,0.522410447
040302010101,2011,18.887503124,4.116485068,0.561004497
040302010101,2012,7.725162078,2.9287982,0.429946417
040302010101,2013,20.276380155,3.046864604,0.536341298
040302010101,2014,10.534534217,2.536391851,0.560153729
040302010101,2015,11.449654756,2.892892746,0.560181715
040302010101,2016,21.201890623,4.357989412,0.58798109
040302010101,2017,21.861523453,5.111343267,0.573426233
040302010101,2018,13.272053554,3.518462803,0.539797397
040302010101,2019,30.972811277,4.887020935,0.640663779
040302010102,2010,14.80133993,5.137423544,0.438048124
040302010102,2011,17.575276317,5.414229984,0.461032258
040302010102,2012,7.965406525,4.00132692,0.35066448
040302010102,2013,15.193035681,3.484999131,0.442997046
040302010102,2014,10.137319281,3.472143444,0.447499192
040302010102,2015,12.677919853,4.131536799,0.45628523
040302010102,2016,21.476891042,5.992740283,0.471197535
040302010102,2017,19.944241679,6.775195385,0.472865774
040302010102,2018,15.034139513,5.305289564,0.447461046
040302010102,2019,24.519001415,6.400817013,0.496011963
040302010201,2010,31.065064939,18.812574711,0.466339888
040302010201,2011,32.39110703,18.519106375,0.505271131
040302010201,2012,21.760340088,15.694464291,0.47251778
040302010201,2013,27.64900156,16.862880938,0.488680245
040302010201,2014,35.833874643,17.544339357,0.538403995
040302010201,2015,33.701626246,18.323313161,0.500760482
040302010201,2016,40.742319535,20.790299785,0.519335331
040302010201,2017,32.395927189,20.774478415,0.495586252
040302010201,2018,31.880238795,18.523659511,0.519216858
040302010201,2019,34.516999923,19.563408399,0.563517705
040302010202,2010,30.282764198,16.716034128,0.532000113
040302010202,2011,29.826531151,16.32706347,0.568992954
040302010202,2012,19.13618313,13.917077323,0.515617226
040302010202,2013,25.333530969,14.491511706,0.555975371
040302010202,2014,31.785999045,16.008672266,0.603247334
040302010202,2015,31.156717222,16.265610616,0.565392953
040302010202,2016,41.583486017,18.899669251,0.584033519
040302010202,2017,30.896015525,18.607805155,0.561123038
040302010202,2018,29.86360718,16.367605887,0.584231777
040302010202,2019,34.513128983,17.647673,0.629967236
040302010203,2010,23.511428654,14.046085229,0.53987783
040302010203,2011,22.36794743,13.737734088,0.572698315
040302010203,2012,16.124179288,11.988178394,0.518256609
040302010203,2013,20.523203344,12.806555131,0.560007366
040302010203,2014,23.981268737,13.744106264,0.609551986
040302010203,2015,23.229052056,13.637338756,0.572537402
040302010203,2016,30.021324732,15.469195057,0.590005371
040302010203,2017,24.378399271,16.021910441,0.570012135
040302010203,2018,22.715072765,13.979388133,0.590190213
040302010203,2019,26.442233508,15.056889431,0.637174156
040302010204,2010,26.516245922,21.341689307,0.569008542
040302010204,2011,26.227353465,20.06659428,0.600656464
040302010204,2012,18.098680871,15.102289324,0.531468247
040302010204,2013,22.724949309,16.771401283,0.586831797
040302010204,2014,21.185427707,16.460659963,0.628972538
040302010204,2015,20.931782262,16.504471358,0.596477354
040302010204,2016,30.847551251,23.204019746,0.619596199
040302010204,2017,30.415654367,23.892627429,0.602999188
040302010204,2018,24.303732231,19.319802118,0.616043176
040302010204,2019,31.482534059,23.400129702,0.670130588
040302010205,2010,27.819893726,18.795425857,0.555073105
040302010205,2011,28.160056806,18.216361584,0.590251978
040302010205,2012,19.015973308,14.74917049,0.530943298
040302010205,2013,24.300606923,15.844405314,0.57212841
040302010205,2014,26.384085097,16.528312967,0.620855154
040302010205,2015,25.106766639,16.715685561,0.584802164
040302010205,2016,34.752277946,20.408505165,0.606386818
040302010205,2017,31.198287809,21.445909899,0.585605651
040302010205,2018,25.419780132,17.523307172,0.601660964
040302010205,2019,31.860311868,19.658959754,0.65335557
040302010301,2010,31.448715561,19.927657742,0.489502788
040302010301,2011,33.196534527,20.110902525,0.520737919
040302010301,2012,22.888371071,17.131553621,0.476816677
040302010301,2013,26.814812407,17.856563618,0.486761669
040302010301,2014,32.000637539,18.895788708,0.557285779
040302010301,2015,33.479393071,18.664749917,0.529876311
040302010301,2016,36.01891938,21.904532373,0.536422289
040302010301,2017,29.787804607,21.211806687,0.496252462
040302010301,2018,29.454394702,18.040163624,0.527625138
040302010301,2019,33.88171433,20.291452634,0.562812529
040302010302,2010,33.933290567,21.341727269,0.524714198
040302010302,2011,33.760488038,21.243769013,0.553198931
040302010302,2012,23.986157398,17.846682423,0.509281791
040302010302,2013,29.115846539,19.427531549,0.51605104
040302010302,2014,35.522520326,20.469508563,0.592617262
040302010302,2015,35.188795117,20.251194766,0.563414635
040302010302,2016,38.684000417,23.553145831,0.570435556
040302010302,2017,31.399770326,22.64731645,0.52648292
040302010302,2018,30.414241976,18.8043535,0.559831802
040302010302,2019,34.945622707,21.696470007,0.596652618
040302010303,2010,29.5653543,19.31771018,0.533919983
040302010303,2011,28.484847115,19.299570363,0.560756788
040302010303,2012,20.941761026,16.268571803,0.51646888
040302010303,2013,26.714074773,17.865179696,0.523272693
040302010303,2014,33.118924577,18.836258139,0.603264826
040302010303,2015,29.051513766,18.168706651,0.571923029
040302010303,2016,35.38795845,21.476340615,0.580652586
040302010303,2017,29.441943898,21.048476878,0.534750967
040302010303,2018,24.069441404,16.673338921,0.565306129
040302010303,2019,31.216895572,19.332873493,0.606307816
040302010304,2010,27.588026162,18.099844388,0.515078671
040302010304,2011,28.488654841,17.156674912,0.540442422
040302010304,2012,19.508130661,13.978910262,0.504626141
040302010304,2013,28.920465638,16.098310855,0.521671945
040302010304,2014,33.783213432,17.676583865,0.585930178
040302010304,2015,25.479606346,16.332122832,0.549341589
040302010304,2016,36.037126537,20.930756586,0.557539285
040302010304,2017,30.688513743,20.071332561,0.526778851
040302010304,2018,21.97983549,14.233144991,0.54824963
040302010304,2019,35.486331424,19.001324604,0.603834874
040302010401,2010,10.99747031,5.185607319,0.511240282
040302010401,2011,17.624753927,6.686653822,0.57551717
040302010401,2012,7.615779452,4.474505916,0.457534271
040302010401,2013,19.142566051,5.788112453,0.552083441
040302010401,2014,12.574565262,4.84760921,0.579407813
040302010401,2015,10.193728114,4.350609984,0.557721039
040302010401,2016,18.564135123,6.595824035,0.584042631
040302010401,2017,27.957804674,9.49953845,0.604379202
040302010401,2018,14.182443818,6.770053724,0.559043832
040302010401,2019,27.994372853,9.37332753,0.643132306
040302010402,2010,12.888977354,5.105624058,0.534986498
040302010402,2011,18.63601487,7.153724992,0.585622538
040302010402,2012,9.977192925,5.578601767,0.481453923
040302010402,2013,22.499321498,7.891229108,0.55552134
040302010402,2014,14.520333426,6.130963413,0.593035842
040302010402,2015,13.967918795,4.930423571,0.571262819
040302010402,2016,20.71077085,6.805165792,0.591006527
040302010402,2017,27.84538787,9.059627103,0.609660674
040302010402,2018,15.486660074,6.633246719,0.579542439
040302010402,2019,31.226909253,7.930850016,0.648723544
040302010501,2010,15.998944211,5.675765294,0.609656991
040302010501,2011,23.437434362,6.44338512,0.636380235
040302010501,2012,14.229626196,6.709904184,0.534370569
040302010501,2013,27.591901782,6.541737653,0.616116225
040302010501,2014,19.119923971,6.172040664,0.66042643
040302010501,2015,15.239916976,5.665386039,0.630566694
040302010501,2016,22.657874259,7.646108742,0.646330516
040302010501,2017,27.581712889,8.43750026,0.657358174
040302010501,2018,18.748815268,7.335981079,0.640500651
040302010501,2019,35.385948618,8.555316987,0.710320761
040302010502,2010,15.289740471,6.941143716,0.589495499
040302010502,2011,22.396597529,9.496750485,0.624542861
040302010502,2012,13.589657149,7.773972731,0.51965853
040302010502,2013,24.901899256,10.547222536,0.593998014
040302010502,2014,18.648668252,8.26899654,0.641591348
040302010502,2015,16.020214903,6.829671952,0.613635346
040302010502,2016,23.351453121,9.489812059,0.626805775
040302010502,2017,28.438239186,11.924967122,0.643892856
040302010502,2018,17.366791013,8.742109787,0.623633815
040302010502,2019,33.388031036,10.505440351,0.691352941
040302010503,2010,17.84035501,11.104689202,0.553214879
040302010503,2011,23.005063828,16.015028908,0.566982728
040302010503,2012,14.69102829,10.275886696,0.528657644
040302010503,2013,29.323388296,19.288487054,0.577422771
040302010503,2014,21.283947926,13.82410089,0.611508413
040302010503,2015,14.907330717,9.373411518,0.581428442
040302010503,2016,29.540018691,17.828167395,0.61538088
040302010503,2017,28.12111161,19.045749752,0.573199102
040302010503,2018,18.17136666,12.237991514,0.569946183
040302010503,2019,31.726754612,18.15426315,0.67140537
040302010504,2010,21.304580993,14.846646347,0.519518042
040302010504,2011,25.048105974,17.110977563,0.538410139
040302010504,2012,16.352127047,11.960588694,0.484054716
040302010504,2013,30.047161676,19.227424492,0.536170182
040302010504,2014,23.155761477,15.31647514,0.570521641
040302010504,2015,18.839648098,13.070359281,0.54399922
040302010504,2016,31.031921871,21.034584863,0.565376698
040302010504,2017,31.964942738,21.643798134,0.551724238
040302010504,2018,20.599293852,14.83448909,0.540730229
040302010504,2019,32.840681413,20.477059183,0.616001285
040302010601,2010,26.797844651,20.405461849,0.551126831
040302010601,2011,27.53245292,19.350980356,0.571307972
040302010601,2012,18.654548568,15.05597834,0.522110092
040302010601,2013,27.038903841,17.451971523,0.567082524
040302010601,2014,23.49001914,16.984392515,0.593503699
040302010601,2015,21.425396103,16.758138277,0.575078195
040302010601,2016,32.889507454,22.23011519,0.598316646
040302010601,2017,33.101580823,23.613517553,0.581768333
040302010601,2018,26.053280677,19.876357495,0.585709707
040302010601,2019,34.742322103,23.39447409,0.644654604
040302010602,2010,23.710768588,12.670951444,0.565091647
040302010602,2011,26.931536325,12.293074328,0.564504057
040302010602,2012,16.009826567,9.81338524,0.531008097
040302010602,2013,28.978291561,10.336142217,0.560585255
040302010602,2014,22.154132381,9.844080067,0.574393461
040302010602,2015,17.591501398,10.189455884,0.584545801
040302010602,2016,32.543911019,13.769359261,0.60435201
040302010602,2017,31.139834372,14.841834231,0.585522335
040302010602,2018,20.735742903,11.323255363,0.567495422
040302010602,2019,34.89729482,13.735776368,0.645692049
040302010603,2010,17.100527831,12.619283473,0.408482241
040302010603,2011,16.029844257,11.870118444,0.422937917
040302010603,2012,9.67578067,7.971724843,0.334148897
040302010603,2013,15.912832156,9.110091756,0.40413517
040302010603,2014,12.45335661,8.688799511,0.409828285
040302010603,2015,12.715188142,9.170470479,0.407230818
040302010603,2016,21.497974699,14.218321168,0.429444301
040302010603,2017,20.141524599,14.815371737,0.425470943
040302010603,2018,12.099095227,9.502223779,0.406247205
040302010603,2019,19.368060112,12.628257827,0.442838507
040302010604,2010,16.463238186,10.390442075,0.344924355
040302010604,2011,14.227176398,9.720174356,0.351679385
040302010604,2012,8.275958882,6.405027415,0.282283159
040302010604,2013,14.160587824,7.406418984,0.339936402
040302010604,2014,15.195964053,8.13690065,0.34294729
040302010604,2015,13.696185167,8.454550943,0.341639751
040302010604,2016,21.219444261,11.759629611,0.358978973
040302010604,2017,16.55691331,11.337373449,0.350040404
040302010604,2018,11.046843513,7.558026549,0.341276813
040302010604,2019,17.568812688,10.018880572,0.36388383
040302010605,2010,11.147883989,6.248312854,0.364033383
040302010605,2011,10.987259143,5.939967751,0.365627174
040302010605,2012,8.111058915,4.380362698,0.304830265
040302010605,2013,11.00296031,5.558529296,0.352516254
040302010605,2014,11.570232421,5.312703457,0.370264847
040302010605,2015,11.288699147,5.711427271,0.369502423
040302010605,2016,14.99697471,7.784386548,0.378012615
040302010605,2017,15.926421633,8.279277066,0.379444732
040302010605,2018,10.210123972,5.906623967,0.36062743
040302010605,2019,16.471705674,7.398309705,0.389866369
040302010701,2010,23.996555855,12.888021697,0.420369534
040302010701,2011,27.564349287,12.357173849,0.454869042
040302010701,2012,14.13750223,8.107189842,0.406863094
040302010701,2013,24.989787964,8.584970879,0.449511774
040302010701,2014,24.386514885,9.088811721,0.493100832
040302010701,2015,22.964053039,11.284247239,0.46327091
040302010701,2016,29.71465983,14.140734627,0.458890109
040302010701,2017,25.763691753,13.151971466,0.458948762
040302010701,2018,22.428058639,10.458702455,0.476793885
040302010701,2019,32.177804455,13.792702572,0.51030231
040302010702,2010,28.224481357,17.408922674,0.466488039
040302010702,2011,31.878735709,17.149363035,0.498933329
040302010702,2012,16.287472653,10.08633835,0.443117208
040302010702,2013,26.892416032,11.036618827,0.489472444
040302010702,2014,26.679126065,11.588370661,0.534992784
040302010702,2015,26.617439337,14.961306385,0.510221399
040302010702,2016,34.207321988,18.752927111,0.503977413
040302010702,2017,28.491638267,17.254604124,0.499548508
040302010702,2018,24.287725563,13.304527734,0.520888559
040302010702,2019,36.653326403,17.873756464,0.5581005
040302010703,2010,36.132576398,19.553360295,0.485520364
040302010703,2011,32.871048257,19.209068288,0.501259884
040302010703,2012,21.961769443,15.821030396,0.437373718
040302010703,2013,29.42969176,16.659462913,0.472568507
040302010703,2014,32.123910257,16.587053446,0.516637127
040302010703,2015,32.43944391,18.041852704,0.499523319
040302010703,2016,39.760929311,20.567828056,0.492111071
040302010703,2017,36.671562322,21.450560199,0.492789859
040302010703,2018,29.639622632,17.874048631,0.515558041
040302010703,2019,39.115256234,20.66427151,0.548689027
040302010704,2010,21.120471339,14.221763729,0.438278193
040302010704,2011,23.312397267,13.306993487,0.462958223
040302010704,2012,14.428434448,9.30882831,0.412704379
040302010704,2013,24.965220189,12.223598299,0.45971505
040302010704,2014,24.399191266,12.498628068,0.49631186
040302010704,2015,19.300954033,12.140562905,0.46860563
040302010704,2016,27.890406248,16.895171098,0.473036627
040302010704,2017,25.052690761,15.539428531,0.466771596
040302010704,2018,17.906428652,10.525778404,0.470918772
040302010704,2019,32.336118285,16.767020891,0.517301579
040302010801,2010,25.130624926,15.78646859,0.439944551
040302010801,2011,25.243246737,15.909203256,0.471035993
040302010801,2012,15.656629312,12.002177001,0.41632524
040302010801,2013,23.946356589,12.419092268,0.479144376
040302010801,2014,24.021039953,13.624490377,0.497989602
040302010801,2015,22.958922053,14.453627745,0.477819292
040302010801,2016,29.981739422,17.419672147,0.488065151
040302010801,2017,28.868081026,17.46212355,0.473671373
040302010801,2018,19.879403136,14.055878668,0.44293689
040302010801,2019,29.522073962,17.520724302,0.534298925
040302010802,2010,28.045579797,16.573207751,0.371691647
040302010802,2011,29.435486546,16.799837113,0.416569028
040302010802,2012,15.303251339,11.14470799,0.373613444
040302010802,2013,31.117449094,14.38961674,0.44546891
040302010802,2014,26.359265586,13.596104021,0.450583848
040302010802,2015,25.554796995,14.302930519,0.42700258
040302010802,2016,36.137924401,19.217901936,0.44522591
040302010802,2017,35.465060339,19.88263501,0.425213909
040302010802,2018,21.571312334,13.948876072,0.373390999
040302010802,2019,37.230251996,19.912017365,0.475941861
040302010803,2010,18.00435116,12.980384627,0.407790769
040302010803,2011,20.176171515,12.668858837,0.450227459
040302010803,2012,9.854457829,8.521960742,0.394054184
040302010803,2013,20.99971306,9.831827157,0.477759615
040302010803,2014,17.592195159,9.59814845,0.485903711
040302010803,2015,15.847159003,10.725284234,0.466199555
040302010803,2016,23.841010728,14.831317597,0.483535966
040302010803,2017,23.504436586,15.465065229,0.462033102
040302010803,2018,13.987600171,10.694151425,0.411834233
040302010803,2019,24.017624377,14.8118368,0.518360964
040302010804,2010,24.233975006,14.591316353,0.427170508
040302010804,2011,26.326082202,14.668350018,0.461923216
040302010804,2012,15.416631096,10.893356578,0.41236322
040302010804,2013,26.131423995,12.17498341,0.482667071
040302010804,2014,22.536320124,11.83234651,0.483364556
040302010804,2015,24.04559106,12.890741681,0.470937694
040302010804,2016,30.050632778,16.027810358,0.48822409
040302010804,2017,30.549486608,16.911003201,0.472660721
040302010804,2018,19.13626993,12.5783219,0.420258309
040302010804,2019,36.611608189,17.071508932,0.527651556
040302010805,2010,16.212842639,10.833457476,0.427852664
040302010805,2011,18.941326334,10.918605561,0.471296902
040302010805,2012,8.496981704,7.332933285,0.416758709
040302010805,2013,20.261665388,8.971393476,0.497789435
040302010805,2014,15.251457664,7.794670367,0.502309154
040302010805,2015,15.1860889,9.011125402,0.485087637
040302010805,2016,20.080183406,12.352149377,0.500646844
040302010805,2017,22.577404329,12.638411018,0.478153828
040302010805,2018,10.411269982,8.224108215,0.426617521
040302010805,2019,25.600170836,11.988986531,0.540181331
040302010806,2010,22.428517033,18.094493988,0.439118717
040302010806,2011,24.141852034,17.107311767,0.480104305
040302010806,2012,12.510425835,10.863919294,0.429379264
040302010806,2013,26.255001646,15.511579183,0.508018144
040302010806,2014,21.392689059,14.041928054,0.517475565
040302010806,2015,20.856367696,16.303389294,0.497047517
040302010806,2016,28.093022671,20.406912451,0.513464757
040302010806,2017,28.237892357,20.735700575,0.49071243
040302010806,2018,15.440740094,12.636139613,0.437600304
040302010806,2019,33.827315241,22.966094409,0.553944917
040302010901,2010,15.510851336,10.499214923,0.444974451
040302010901,2011,20.050049726,11.587803188,0.481108178
040302010901,2012,13.051765526,9.854083905,0.376560951
040302010901,2013,19.852989916,9.167930743,0.469504634
040302010901,2014,19.704671321,11.017748425,0.487189688
040302010901,2015,17.731394012,11.603109829,0.462755894
040302010901,2016,20.507232113,12.747850644,0.472217078
040302010901,2017,28.343664931,16.169692916,0.494635812
040302010901,2018,18.028613792,12.26880168,0.459180365
040302010901,2019,30.761746246,14.774483079,0.532704642
040302010902,2010,7.123821169,4.674147014,0.355888838
040302010902,2011,9.203507682,4.891495073,0.363539511
040302010902,2012,6.876294828,4.733656053,0.306117249
040302010902,2013,9.236285243,4.593682596,0.365121325
040302010902,2014,8.243898624,4.581737622,0.369024539
040302010902,2015,8.217369025,4.705263602,0.358971452
040302010902,2016,9.731234182,4.968572277,0.367201008
040302010902,2017,11.338182059,5.542519149,0.373376428
040302010902,2018,7.648689509,4.908788518,0.350996118
040302010902,2019,14.010870839,4.860498512,0.389671095
040302011001,2010,6.290324768,4.369032977,0.452920317
040302011001,2011,10.677796793,5.407527083,0.467406743
040302011001,2012,7.052917099,3.554699642,0.373031457
040302011001,2013,11.619442568,5.901321454,0.484063811
040302011001,2014,12.601773008,6.5390654,0.484486147
040302011001,2015,9.554981955,5.737266267,0.466496687
040302011001,2016,10.247578679,6.377636254,0.483009754
040302011001,2017,18.352703032,8.216513238,0.499649296
040302011001,2018,7.650842733,4.957218141,0.450297778
040302011001,2019,22.526447914,9.32102879,0.533949712
040302011002,2010,5.294801384,4.184758322,0.437114521
040302011002,2011,8.135228457,4.699724807,0.448907025
040302011002,2012,4.890392195,3.011865391,0.362781082
040302011002,2013,10.278432499,5.328421174,0.466264047
040302011002,2014,9.379313532,5.116690577,0.464128087
040302011002,2015,6.444578978,4.535673281,0.444612498
040302011002,2016,8.496465346,5.766207671,0.466659832
040302011002,2017,16.138504348,6.908339819,0.479347076
040302011002,2018,5.737641873,3.976878622,0.425331489
040302011002,2019,14.174709649,7.529677539,0.510580632
040302011101,2010,20.530722066,13.173322636,0.43317285
040302011101,2011,21.349419434,12.03809856,0.470999761
040302011101,2012,11.228782693,8.487233112,0.42504585
040302011101,2013,25.460803182,11.483658048,0.49879762
040302011101,2014,22.952445643,11.425718073,0.511587835
040302011101,2015,18.64264408,11.299645249,0.489699127
040302011101,2016,27.393998043,15.453249114,0.50679944
040302011101,2017,24.969988562,14.966630424,0.482670534
040302011101,2018,14.568731194,9.882993238,0.433759263
040302011101,2019,33.115814189,16.355026305,0.543677449
040302011102,2010,17.107445937,7.061291941,0.551607878
040302011102,2011,20.973976149,7.453294052,0.566872848
040302011102,2012,12.989493128,5.808279132,0.497183382
040302011102,2013,24.758894485,7.575798503,0.557149598
040302011102,2014,23.387203743,6.615591611,0.596437986
040302011102,2015,17.554789824,6.782857255,0.572787793
040302011102,2016,23.76284607,8.999918691,0.598311412
040302011102,2017,27.519268747,9.842758808,0.590398134
040302011102,2018,15.661136417,6.472027785,0.538421879
040302011102,2019,34.721019957,9.326733465,0.640604162
040302011103,2010,15.777326709,11.302627312,0.474108778
040302011103,2011,20.421002048,12.500695093,0.511929667
040302011103,2012,12.886691775,10.464065916,0.411352803
040302011103,2013,21.983454436,10.139569581,0.497833859
040302011103,2014,22.335348236,11.564814256,0.515967556
040302011103,2015,17.705556381,11.983592926,0.494266043
040302011103,2016,21.432493352,13.769248656,0.507982578
040302011103,2017,26.741477541,15.941359199,0.528231212
040302011103,2018,14.271864852,10.459095889,0.473989853
040302011103,2019,30.866178256,14.048997635,0.558518371
040302011104,2010,20.971885228,9.310943486,0.390758349
040302011104,2011,24.524994094,10.362965831,0.400334429
040302011104,2012,14.709867924,5.581779967,0.317918085
040302011104,2013,20.080247664,7.110889514,0.392641731
040302011104,2014,19.82598035,6.07467174,0.388787187
040302011104,2015,18.411562077,6.868049468,0.388674538
040302011104,2016,22.295077719,9.96866973,0.39473083
040302011104,2017,27.740203062,10.829631603,0.397577987
040302011104,2018,12.139426409,5.581762236,0.372151611
040302011104,2019,29.70167536,10.324246647,0.421729316
040302011105,2010,25.659101401,18.413388594,0.518789377
040302011105,2011,30.013657717,21.594388699,0.525680633
040302011105,2012,15.737299526,11.555868976,0.383070603
040302011105,2013,27.627080543,19.946486583,0.50128122
040302011105,2014,22.197453194,16.213864965,0.492947377
040302011105,2015,19.964407056,14.457601361,0.479382648
040302011105,2016,27.420786989,21.047100065,0.532621327
040302011105,2017,32.454737397,22.80505692,0.533045076
040302011105,2018,14.636574852,11.080783021,0.480472509
040302011105,2019,39.724758163,27.400293594,0.575027937
040302011106,2010,16.372024445,8.312558584,0.457827299
040302011106,2011,18.758943146,9.204287863,0.467148234
040302011106,2012,11.917704399,6.604642137,0.380154044
040302011106,2013,19.029485169,7.783210374,0.465935932
040302011106,2014,18.599146511,7.849764196,0.474393361
040302011106,2015,16.099983232,8.262608588,0.456322243
040302011106,2016,19.047435998,9.743101534,0.475304255
040302011106,2017,24.211796398,10.623312968,0.481311141
040302011106,2018,11.940051208,6.950035695,0.431422573
040302011106,2019,25.626380885,9.805627654,0.504610115
040302011107,2010,19.196494196,12.690360225,0.4759735
040302011107,2011,22.180795166,14.455091564,0.483499753
040302011107,2012,13.08086568,8.151137928,0.359116556
040302011107,2013,23.630158337,14.287602312,0.486762018
040302011107,2014,19.296070388,12.497370254,0.478597277
040302011107,2015,16.661226414,10.649425252,0.454816764
040302011107,2016,22.697766895,15.485490808,0.50134969
040302011107,2017,30.976387208,17.959799989,0.511924641
040302011107,2018,14.984230512,9.827350413,0.452811399
040302011107,2019,34.249329522,19.981839489,0.536542472
040302011201,2010,13.213496992,6.978856196,0.433948533
040302011201,2011,14.517662673,7.739999089,0.440108533
040302011201,2012,11.497958857,5.241169482,0.341489088
040302011201,2013,19.151904726,9.611976531,0.473521968
040302011201,2014,15.607742439,8.13362252,0.453252408
040302011201,2015,14.186273108,7.117507685,0.434289271
040302011201,2016,17.167967725,9.595629121,0.457781567
040302011201,2017,21.492197597,11.818407822,0.480364095
040302011201,2018,13.305626832,6.90906397,0.426228914
040302011201,2019,27.284912952,15.579631644,0.505650776
040302011202,2010,8.882060818,3.537942106,0.46064439
040302011202,2011,10.604453132,4.501050733,0.461782033
040302011202,2012,6.679457979,0.489415905,0.375977125
040302011202,2013,13.751037441,4.380524591,0.49827194
040302011202,2014,10.185685067,3.095300435,0.506767659
040302011202,2015,10.444864662,3.507396994,0.466760085
040302011202,2016,11.915418594,5.377292372,0.48800758
040302011202,2017,13.794054398,5.129857517,0.504099271
040302011202,2018,6.813241531,2.676057216,0.471144756
040302011202,2019,29.720374587,14.782902651,0.542110825
040302011203,2010,8.636930509,3.065369495,0.375365806
040302011203,2011,11.713147106,3.692513588,0.377840095
040302011203,2012,8.384869156,1.138773533,0.311850455
040302011203,2013,17.23931002,5.958590393,0.415350883
040302011203,2014,12.306407487,4.724526684,0.413947844
040302011203,2015,11.742238854,4.032425397,0.390965965
040302011203,2016,11.617611079,4.884914804,0.404413128
040302011203,2017,14.889187208,5.187260207,0.411109625
040302011203,2018,10.12073308,3.108292396,0.389779406
040302011203,2019,27.672690351,13.697676177,0.435849952
040302011204,2010,13.057225192,6.323920097,0.40827541
040302011204,2011,16.18713873,7.669402319,0.410611158
040302011204,2012,11.484631279,4.82678286,0.348206805
040302011204,2013,21.873909734,9.149332386,0.438838625
040302011204,2014,18.056698196,8.15305841,0.427722332
040302011204,2015,15.764002812,6.896120356,0.411622651
040302011204,2016,17.187130261,8.644898389,0.426097138
040302011204,2017,23.074924643,10.608354832,0.441484766
040302011204,2018,12.585630925,6.352175712,0.403466571
040302011204,2019,32.245771861,15.043572255,0.46577301
040302011205,2010,16.112082594,9.390933729,0.453470137
040302011205,2011,16.928355619,9.528553354,0.46650414
040302011205,2012,14.187385292,7.489947861,0.389127829
040302011205,2013,21.787902644,11.571022793,0.481692782
040302011205,2014,18.231072098,10.021763121,0.469993184
040302011205,2015,17.62650619,9.396279839,0.449312387
040302011205,2016,18.830809415,10.829280183,0.472566039
040302011205,2017,22.552004716,12.09269709,0.488222469
040302011205,2018,15.862967066,9.144564612,0.454350744
040302011205,2019,29.611344946,16.178442751,0.511757506
040302020101,2010,14.54799769,6.182501311,0.478093696
040302020101,2011,12.680813371,7.128335774,0.433876183
040302020101,2012,6.937506533,4.441223968,0.409150087
040302020101,2013,11.193739176,5.238379164,0.4451569
040302020101,2014,15.021396646,6.219566478,0.480643709
040302020101,2015,16.383540563,7.271162671,0.46937374
040302020101,2016,20.115823616,8.83780414,0.488407993
040302020101,2017,18.730830408,8.710897844,0.48895246
040302020101,2018,19.866815726,8.060552433,0.464813405
040302020101,2019,18.160820246,8.743210538,0.483674807
040302020102,2010,25.069497443,11.949501862,0.648268685
040302020102,2011,21.510967867,13.591391615,0.602983008
040302020102,2012,12.838838258,8.881680865,0.558715473
040302020102,2013,20.808049753,12.080900575,0.607251145
040302020102,2014,26.683099385,13.420722471,0.666264694
040302020102,2015,29.385995264,14.513299187,0.640847397
040302020102,2016,36.741823311,17.602115891,0.672546545
040302020102,2017,30.402447814,16.369249497,0.663239058
040302020102,2018,32.297977307,14.809309301,0.627115244
040302020102,2019,32.915523561,17.636615154,0.668338309
040302020103,2010,32.762337,18.74534687,0.69052033
040302020103,2011,29.51628833,21.525099636,0.678528418
040302020103,2012,18.945403189,15.200262605,0.595874402
040302020103,2013,27.16328558,18.750466685,0.667258265
040302020103,2014,33.336544055,21.320252705,0.726572573
040302020103,2015,37.705446694,22.372479197,0.697736528
040302020103,2016,46.712351864,27.962461508,0.727518569
040302020103,2017,37.155664082,24.810052246,0.720807035
040302020103,2018,40.323406824,21.93415072,0.665594394
040302020103,2019,43.902041848,26.843775041,0.739835782
040302020104,2010,27.875763232,17.929945856,0.70935758
040302020104,2011,26.168083521,20.479273667,0.681921425
040302020104,2012,19.334348042,16.274150387,0.60134676
040302020104,2013,21.735608099,16.789773518,0.655895085
040302020104,2014,29.678477423,20.254547923,0.735289407
040302020104,2015,33.257505623,22.262088316,0.707200955
040302020104,2016,36.795900345,26.166217368,0.725581027
040302020104,2017,33.510926132,24.763429299,0.723006386
040302020104,2018,32.556465855,21.678462185,0.684578578
040302020104,2019,40.229808936,26.440880419,0.749472869
040302020105,2010,37.530861919,16.208741577,0.630579387
040302020105,2011,30.472474005,17.584201283,0.603092312
040302020105,2012,16.723541878,10.02716872,0.536415432
040302020105,2013,27.001437812,15.751848037,0.591946393
040302020105,2014,37.629392213,17.71774834,0.65237896
040302020105,2015,41.348453228,18.739710195,0.630211781
040302020105,2016,48.791099929,23.741138715,0.647400423
040302020105,2017,37.89499193,19.222343109,0.638640837
040302020105,2018,40.441859941,17.643801108,0.620077655
040302020105,2019,51.653905565,24.332377107,0.672947898
040302020106,2010,30.314123544,19.511492999,0.629814306
040302020106,2011,28.944931267,21.903349364,0.621439683
040302020106,2012,19.666648972,15.972086964,0.529305469
040302020106,2013,23.864334191,17.615672625,0.601314891
040302020106,2014,30.369491788,20.847270673,0.660059299
040302020106,2015,42.039107134,24.636367848,0.650571913
040302020106,2016,40.495821842,28.060175251,0.66038471
040302020106,2017,32.084679514,24.391679218,0.651184042
040302020106,2018,37.859117506,21.958579453,0.610798041
040302020106,2019,44.823128457,27.668029156,0.680680991
040302020201,2010,23.981893889,16.728217406,0.617708952
040302020201,2011,22.91770089,18.292474399,0.611892707
040302020201,2012,17.635014398,14.765288488,0.523797564
040302020201,2013,19.555321831,15.121367685,0.58916772
040302020201,2014,24.29658695,17.584420152,0.649121281
040302020201,2015,32.64341197,19.906617102,0.63977413
040302020201,2016,32.018031911,23.481202452,0.649994582
040302020201,2017,25.93845698,20.987693213,0.646531235
040302020201,2018,31.120143361,19.014996465,0.600608258
040302020201,2019,35.063281017,22.961595078,0.66928312
040302020202,2010,32.537825026,21.027788173,0.663757243
040302020202,2011,31.154903159,24.45268547,0.607987329
040302020202,2012,21.113362934,18.444095376,0.545854422
040302020202,2013,27.69622266,20.551274263,0.604153363
040302020202,2014,36.764094584,24.891634056,0.680894271
040302020202,2015,45.547820494,27.872243488,0.662217095
040302020202,2016,47.16499359,33.307559205,0.682358776
040302020202,2017,35.959183663,28.540933067,0.671914437
040302020202,2018,42.9092655,26.29328784,0.623837703
040302020202,2019,49.893976211,32.151651153,0.670503468
040302020203,2010,34.408629674,20.93649886,0.733455605
040302020203,2011,33.87576452,24.421242336,0.69236176
040302020203,2012,28.432011658,21.568129879,0.62496458
040302020203,2013,33.127338523,22.40005254,0.663233365
040302020203,2014,39.496698778,24.288216873,0.751589685
040302020203,2015,45.550123765,25.514304324,0.734070895
040302020203,2016,45.972291138,30.460096391,0.748365213
040302020203,2017,40.610231765,29.496980116,0.752082058
040302020203,2018,46.282991242,25.99745839,0.693122044
040302020203,2019,50.431290585,31.585123651,0.755593944
040302020204,2010,31.777558632,15.706277263,0.695831259
040302020204,2011,28.784969406,18.183157032,0.668450704
040302020204,2012,20.36756115,14.828384594,0.584758556
040302020204,2013,21.681034356,14.212680259,0.629125351
040302020204,2014,32.177240904,16.612450768,0.71089158
040302020204,2015,38.147173954,18.485615011,0.696887817
040302020204,2016,39.833686698,21.556484684,0.710427254
040302020204,2017,32.219716388,20.094371986,0.705790572
040302020204,2018,39.572031819,18.115710474,0.666012632
040302020204,2019,47.442877811,22.649389763,0.734286888
040302020205,2010,40.542789737,24.694316518,0.686800891
040302020205,2011,36.118567077,26.458375876,0.646593953
040302020205,2012,26.632161891,21.47028227,0.578389558
040302020205,2013,27.222161889,20.89264418,0.626437156
040302020205,2014,41.226069437,24.375450438,0.70299833
040302020205,2015,43.43985279,27.250713688,0.67534948
040302020205,2016,51.206397532,32.0403161,0.691820986
040302020205,2017,43.795019627,30.422084404,0.702491535
040302020205,2018,48.042940498,28.18451495,0.661980359
040302020205,2019,54.213455219,31.972838778,0.711612296
040302020206,2010,33.583328752,17.808938983,0.673845417
040302020206,2011,30.081793588,20.515220606,0.633636956
040302020206,2012,20.751672963,16.169067294,0.564390976
040302020206,2013,25.110675105,17.713571803,0.624377314
040302020206,2014,38.515109534,20.693100317,0.698366533
040302020206,2015,42.380267407,22.501585087,0.677304011
040302020206,2016,47.267250733,27.479132136,0.698798667
040302020206,2017,36.977437409,24.096852397,0.690678444
040302020206,2018,42.025210122,21.899939158,0.643813647
040302020206,2019,49.605984931,26.699318108,0.697226122
040302020301,2010,27.834930419,18.217035586,0.666945033
040302020301,2011,25.282292975,20.357354514,0.642619012
040302020301,2012,17.208717273,15.641066288,0.56769393
040302020301,2013,20.194639748,17.138597927,0.606139434
040302020301,2014,29.846664104,19.536044469,0.697497639
040302020301,2015,29.63616324,20.752005007,0.646092383
040302020301,2016,37.086271375,25.303785111,0.700655813
040302020301,2017,33.582719827,23.99883941,0.677602494
040302020301,2018,32.473285337,21.434339745,0.663881647
040302020301,2019,39.172167483,25.618990757,0.709491676
040302020302,2010,34.766923193,17.595722073,0.630083399
040302020302,2011,28.018707467,18.742981148,0.59209981
040302020302,2012,20.814115688,14.823701316,0.548251592
040302020302,2013,25.327957126,16.369951884,0.589683305
040302020302,2014,37.979863021,18.764236722,0.651386387
040302020302,2015,39.536867653,19.890134762,0.618433589
040302020302,2016,45.09293089,23.314721779,0.660176787
040302020302,2017,41.291674591,23.12754145,0.659931791
040302020302,2018,41.033273221,20.670185486,0.623575718
040302020302,2019,45.598699859,23.226471811,0.665322347
040302020303,2010,30.19935299,28.304781928,0.629718871
040302020303,2011,29.757568591,28.259343754,0.605830672
040302020303,2012,21.651750028,20.340589995,0.565530414
040302020303,2013,25.150773819,23.951600866,0.59706595
040302020303,2014,31.824175943,30.164522251,0.652265194
040302020303,2015,35.857657868,33.223604409,0.605741165
040302020303,2016,42.016151584,40.011331128,0.610505426
040302020303,2017,37.449823251,35.555213073,0.656028627
040302020303,2018,32.571276394,30.832252,0.626588303
040302020303,2019,40.731424076,38.31869205,0.671695045
040302020304,2010,27.15243116,25.457896165,0.669739342
040302020304,2011,30.329669354,29.028705788,0.644927451
040302020304,2012,22.549473016,21.399917112,0.592353603
040302020304,2013,26.379395429,25.33666669,0.620148104
040302020304,2014,27.690992553,26.375191653,0.682401776
040302020304,2015,32.283468927,29.998241549,0.637379197
040302020304,2016,36.958862916,35.38394979,0.64937676
040302020304,2017,34.889230128,33.2690146,0.697677543
040302020304,2018,27.918042732,26.633648435,0.655568969
040302020304,2019,37.490722268,35.435268374,0.70632201
040302020305,2010,24.444584025,20.007193072,0.678554376
040302020305,2011,29.311619044,25.665610938,0.665480678
040302020305,2012,19.673503925,16.249430267,0.616339157
040302020305,2013,23.260592695,19.728550617,0.637202049
040302020305,2014,26.258988824,21.183949215,0.696134627
040302020305,2015,33.17155573,26.44649748,0.667285355
040302020305,2016,37.594087547,32.184641416,0.683510656
040302020305,2017,34.075244002,29.290069256,0.702500185
040302020305,2018,28.366132316,23.503767536,0.670956267
040302020305,2019,39.491122032,33.092317177,0.716397523
040302020401,2010,32.463787543,21.814138074,0.66049261
040302020401,2011,30.699972107,23.775620114,0.642481707
040302020401,2012,23.262230972,19.513734379,0.58627844
040302020401,2013,27.396580405,20.582376006,0.613960296
040302020401,2014,34.397506122,22.642783694,0.68267969
040302020401,2015,37.181233613,24.476291416,0.647636945
040302020401,2016,44.64036507,30.822940071,0.682681915
040302020401,2017,37.45072684,28.27198057,0.685673959
040302020401,2018,31.982475379,23.305555818,0.624218216
040302020401,2019,40.781269587,26.845750606,0.685739114
040302020402,2010,32.808635243,16.34394028,0.64923808
040302020402,2011,31.797287062,18.375231569,0.643750513
040302020402,2012,24.855411501,15.025614831,0.583072266
040302020402,2013,29.95443273,16.186747367,0.607172456
040302020402,2014,37.51910452,17.468210169,0.67368566
040302020402,2015,39.298287252,18.09858919,0.640777073
040302020402,2016,43.79322215,21.967737787,0.656438651
040302020402,2017,36.210211789,21.253627272,0.678575835
040302020402,2018,33.166693523,17.635076208,0.62325763
040302020402,2019,44.958749566,20.776207893,0.682373689
040302020403,2010,32.317526845,24.463424639,0.673054024
040302020403,2011,35.630700317,29.740300651,0.671887907
040302020403,2012,25.291937792,22.571011361,0.588674964
040302020403,2013,34.19047384,28.792521078,0.601458566
040302020403,2014,35.109058489,27.786495883,0.67372363
040302020403,2015,35.657828283,26.023231279,0.651074132
040302020403,2016,44.047347801,35.699764159,0.684970846
040302020403,2017,37.260286953,30.753912611,0.709315859
040302020403,2018,30.909735132,24.715410298,0.635801087
040302020403,2019,44.293594057,34.138217615,0.691823495
040302020404,2010,42.620060531,28.693021049,0.55686352
040302020404,2011,40.649241184,30.198204499,0.569825162
040302020404,2012,31.554407568,24.732765978,0.501165803
040302020404,2013,38.458393421,27.228110454,0.52056836
040302020404,2014,42.362317543,28.206754173,0.580024198
040302020404,2015,44.372914981,28.792748482,0.557658612
040302020404,2016,48.895189965,34.820863213,0.565324246
040302020404,2017,40.214105716,30.11954723,0.589398373
040302020404,2018,38.467436341,27.012539174,0.545532575
040302020404,2019,51.895813664,34.027020028,0.590177302
040302020501,2010,35.404259363,27.232646142,0.682215556
040302020501,2011,34.913832748,29.604741404,0.691034621
040302020501,2012,29.298978415,24.66794989,0.606860487
040302020501,2013,34.161863342,27.25696096,0.633414246
040302020501,2014,36.901212812,28.489209279,0.706971782
040302020501,2015,38.360173993,28.628095427,0.687960853
040302020501,2016,45.499782798,35.809870368,0.701627876
040302020501,2017,38.439118254,32.585767586,0.710182891
040302020501,2018,33.768830391,26.559585673,0.645355241
040302020501,2019,41.516192822,32.008391031,0.707859546
040302020502,2010,42.486144799,27.350996604,0.699462013
040302020502,2011,38.724312128,29.170866282,0.708139728
040302020502,2012,31.129842524,24.761415191,0.620306265
040302020502,2013,36.624569457,26.499899151,0.651838405
040302020502,2014,42.084551159,27.928497702,0.723201138
040302020502,2015,41.888776957,27.721039911,0.705235725
040302020502,2016,49.977436749,34.096326599,0.717393169
040302020502,2017,41.643380487,31.723100459,0.72485716
040302020502,2018,37.715926614,26.406822548,0.662335355
040302020502,2019,47.978353995,31.061881837,0.722498305
040302020503,2010,33.828177858,23.913769451,0.566272703
040302020503,2011,33.026986501,25.698723698,0.573305695
040302020503,2012,25.422014568,21.3154484,0.515016897
040302020503,2013,29.889647944,22.687321741,0.537410876
040302020503,2014,36.338365469,24.799785868,0.581495869
040302020503,2015,36.873522909,25.733341607,0.567619074
040302020503,2016,44.989758502,32.739414747,0.58705298
040302020503,2017,37.300211966,29.065227968,0.590335552
040302020503,2018,32.300358534,23.902158453,0.547371685
040302020503,2019,41.351920759,28.575689838,0.588205005
040302020504,2010,39.145407279,29.860952098,0.557419764
040302020504,2011,38.69843947,32.174793766,0.584678976
040302020504,2012,31.676204487,27.431179076,0.510367729
040302020504,2013,36.253832316,28.753591078,0.548855986
040302020504,2014,38.126691406,28.390879134,0.603784429
040302020504,2015,37.679754876,29.455679278,0.571124701
040302020504,2016,44.184329304,34.783623322,0.584594822
040302020504,2017,38.015654981,31.737554712,0.595837638
040302020504,2018,35.207663104,27.597879553,0.55849149
040302020504,2019,44.449635834,33.026410071,0.599458198
040302020505,2010,43.93706753,33.860046157,0.49355316
040302020505,2011,42.417851358,34.888569211,0.506430981
040302020505,2012,31.86238507,27.908201935,0.449673878
040302020505,2013,43.976568165,33.649909941,0.464316603
040302020505,2014,43.489097673,33.414490219,0.517695918
040302020505,2015,36.281770366,29.439975655,0.48980022
040302020505,2016,49.903293907,39.525170526,0.512109977
040302020505,2017,41.111768956,34.550180075,0.514776932
040302020505,2018,35.355007812,28.788400877,0.483436955
040302020505,2019,47.697718844,36.498053773,0.517248362
040302020601,2010,10.85796854,5.5547016,0.428189675
040302020601,2011,10.584288866,8.414157089,0.443078264
040302020601,2012,4.873152227,4.266215932,0.359555014
040302020601,2013,9.30119943,6.199883094,0.403691843
040302020601,2014,8.367656081,5.752222989,0.451712179
040302020601,2015,8.283429787,6.026021568,0.432007695
040302020601,2016,10.881986861,8.563366387,0.444550379
040302020601,2017,7.772767275,6.711983556,0.441293809
040302020601,2018,5.090113031,4.354896803,0.397884641
040302020601,2019,13.261876164,8.341435171,0.463568365
040302020602,2010,24.455893453,20.326772163,0.499729878
040302020602,2011,25.274864579,23.495859933,0.495836781
040302020602,2012,20.450400131,18.249718963,0.44647963
040302020602,2013,28.038620953,24.942919282,0.476052554
040302020602,2014,26.839926264,24.077275681,0.536955494
040302020602,2015,25.633311165,22.981496669,0.533987837
040302020602,2016,30.031544022,27.488059579,0.52068471
040302020602,2017,25.587606874,24.011689675,0.523561316
040302020602,2018,20.537716173,19.025670593,0.472159626
040302020602,2019,29.526766187,26.563808565,0.527765811
040302020603,2010,20.818588584,14.385029788,0.428569537
040302020603,2011,21.314599614,16.760943388,0.455237445
040302020603,2012,17.514802558,13.749614663,0.382469773
040302020603,2013,21.448284424,16.602678235,0.42772511
040302020603,2014,22.632882894,16.958547086,0.462716573
040302020603,2015,20.149659457,16.363989019,0.467567175
040302020603,2016,23.79495202,18.447372537,0.458566062
040302020603,2017,20.352278772,16.950791106,0.454078249
040302020603,2018,17.628148793,14.215503495,0.416886867
040302020603,2019,23.899713243,18.579212015,0.457487817
040302020701,2010,32.684405439,26.877873111,0.594889474
040302020701,2011,29.310976217,26.748699543,0.581479119
040302020701,2012,23.087882343,20.977352524,0.529772848
040302020701,2013,31.305677774,27.007077655,0.550085945
040302020701,2014,35.407629496,31.330218839,0.621380934
040302020701,2015,34.947757348,28.465804104,0.576754461
040302020701,2016,37.347190255,34.312980572,0.594793888
040302020701,2017,33.272979139,30.985503535,0.618920552
040302020701,2018,29.541292455,25.864736476,0.581665533
040302020701,2019,40.687605692,34.813548775,0.631440853
040302020702,2010,43.410154591,36.413761236,0.520071892
040302020702,2011,39.577383203,35.447123462,0.514525517
040302020702,2012,31.570201131,28.353789975,0.468844068
040302020702,2013,45.311360507,37.868899263,0.480590609
040302020702,2014,46.063356835,39.805853294,0.537002658
040302020702,2015,38.6722831,33.509096898,0.502374485
040302020702,2016,48.741735447,43.55376389,0.517182116
040302020702,2017,42.528490217,38.8605195,0.531262685
040302020702,2018,34.665220115,30.489486996,0.49453474
040302020702,2019,49.81954917,43.027023086,0.537016645
040302020801,2010,28.14987627,25.182739494,0.603927748
040302020801,2011,26.821088072,25.454830716,0.62618444
040302020801,2012,23.467210241,22.099228162,0.560861244
040302020801,2013,31.620791551,28.284408532,0.586495289
040302020801,2014,27.755112122,26.085617834,0.644262241
040302020801,2015,32.760701174,29.828950675,0.604368707
040302020801,2016,31.045646398,29.413508026,0.616114679
040302020801,2017,29.555804267,28.240364194,0.632874337
040302020801,2018,22.887094875,21.700304449,0.593818079
040302020801,2019,37.54624326,34.481453098,0.659703593
040302020802,2010,32.384039793,26.874416351,0.507684637
040302020802,2011,29.622400146,26.148241316,0.531591283
040302020802,2012,24.616740142,21.501673705,0.465686498
040302020802,2013,31.358905349,26.794676921,0.493573852
040302020802,2014,30.568342607,26.506859232,0.544435617
040302020802,2015,33.355322304,28.571507425,0.507544704
040302020802,2016,34.098207012,29.729981058,0.518716728
040302020802,2017,30.296838793,26.82154726,0.530481291
040302020802,2018,22.86960028,20.297300825,0.497599981
040302020802,2019,41.1291041,35.220808271,0.553357533
040302020803,2010,16.354616869,15.089495882,0.625121632
040302020803,2011,26.392090527,24.921294391,0.644807378
040302020803,2012,15.621131706,14.525294363,0.589270195
040302020803,2013,30.163615442,27.201247926,0.613503909
040302020803,2014,22.856816499,21.191797892,0.667323331
040302020803,2015,21.548581433,20.05868415,0.631028069
040302020803,2016,24.113533498,22.826138835,0.627545583
040302020803,2017,23.745626825,22.494873971,0.642585457
040302020803,2018,17.014493121,15.904397071,0.615348089
040302020803,2019,31.752607514,29.418983151,0.685434318
040302020804,2010,15.159652854,14.329251741,0.543327581
040302020804,2011,21.269274291,16.211681441,0.599059608
040302020804,2012,14.642720439,12.519467503,0.536311573
040302020804,2013,26.429746183,19.001824708,0.595450463
040302020804,2014,20.267038385,15.201669079,0.617894639
040302020804,2015,22.5737899,19.757279563,0.592584741
040302020804,2016,20.094325629,15.656392377,0.595239526
040302020804,2017,23.88518986,18.807353783,0.59837052
040302020804,2018,15.011836676,11.865519446,0.558571709
040302020804,2019,29.049825128,23.09052554,0.636594924
040302020805,2010,19.882451374,18.273085784,0.542762113
040302020805,2011,22.882401986,17.65068803,0.598906291
040302020805,2012,16.192282828,13.801089416,0.535132782
040302020805,2013,27.390724713,19.737707755,0.5970002
040302020805,2014,23.486215055,18.146878283,0.621463841
040302020805,2015,23.37024552,20.04288941,0.589854087
040302020805,2016,23.470080663,18.898313344,0.597672129
040302020805,2017,25.831380026,20.598151346,0.596914212
040302020805,2018,16.984193879,13.693023405,0.555508611
040302020805,2019,32.420287109,25.689435316,0.63458079
040302020806,2010,16.778085517,16.122761512,0.542245375
040302020806,2011,22.559267123,17.430420982,0.598398839
040302020806,2012,15.671814344,13.613760864,0.534696653
040302020806,2013,27.853352454,21.033621286,0.59773658
040302020806,2014,20.22225657,15.234353666,0.606779518
040302020806,2015,22.94606031,20.141892259,0.590780315
040302020806,2016,21.42938339,16.974052783,0.597161828
040302020806,2017,25.926851409,20.82302911,0.598474836
040302020806,2018,15.76864251,12.622709326,0.55457574
040302020806,2019,32.735808247,26.533565204,0.635595689
040302020807,2010,21.8840025,19.016783755,0.565586013
040302020807,2011,26.937419008,22.772105291,0.589697437
040302020807,2012,20.176367502,17.208447581,0.537666338
040302020807,2013,30.329864583,25.196645565,0.564784408
040302020807,2014,25.006497986,21.065893286,0.605404995
040302020807,2015,26.881954103,23.128756689,0.575449668
040302020807,2016,26.20945491,22.75276043,0.575448641
040302020807,2017,28.522260535,24.351903722,0.595206806
040302020807,2018,20.498705743,17.377030458,0.5655909
040302020807,2019,38.838934174,32.614553466,0.6309629
040302020901,2010,26.007531471,9.983056381,0.545450577
040302020901,2011,32.511305408,15.451014421,0.585350717
040302020901,2012,18.001960201,8.760726119,0.504150105
040302020901,2013,34.725892008,16.80602035,0.552837281
040302020901,2014,32.72502029,14.163854636,0.60246985
040302020901,2015,22.434899532,9.422882555,0.550049981
040302020901,2016,37.2002135,17.986360298,0.561758543
040302020901,2017,27.367897056,13.558982898,0.565296327
040302020901,2018,21.624807103,10.246086247,0.546081471
040302020901,2019,38.184047571,15.478986473,0.607017187
040302020902,2010,24.321517185,13.314722082,0.53931026
040302020902,2011,32.115422787,19.676328159,0.581734645
040302020902,2012,18.561154409,11.433667873,0.499551949
040302020902,2013,34.822223938,20.598352252,0.550162909
040302020902,2014,31.813971928,18.047506219,0.598712899
040302020902,2015,22.84230732,12.717690855,0.545069954
040302020902,2016,37.881634404,22.48361679,0.556339943
040302020902,2017,27.065643615,17.50268061,0.562062631
040302020902,2018,21.106421166,13.004458439,0.546013527
040302020902,2019,39.059574172,21.565838749,0.607697177
040302020903,2010,26.113603253,18.434703751,0.434774566
040302020903,2011,29.01265502,20.796726599,0.459072847
040302020903,2012,21.805781621,14.672201699,0.406447737
040302020903,2013,31.18751113,22.085372543,0.442875283
040302020903,2014,30.333771352,21.142590148,0.477716618
040302020903,2015,27.352953434,19.304400485,0.443237625
040302020903,2016,35.441003718,25.779973394,0.451110301
040302020903,2017,29.792169512,20.941606111,0.455236165
040302020903,2018,20.448766392,14.461616003,0.427744349
040302020903,2019,40.580926712,27.570408985,0.489916913
040302020904,2010,24.847256496,15.770170515,0.309306207
040302020904,2011,24.52293585,15.62922462,0.320057791
040302020904,2012,21.157535367,12.082507766,0.28730482
040302020904,2013,26.791694464,16.658360105,0.31736303
040302020904,2014,25.536109449,15.668647418,0.335474124
040302020904,2015,26.405037802,16.743354603,0.31508758
040302020904,2016,28.451890208,18.070177297,0.324412878
040302020904,2017,32.362313808,20.150003205,0.328641318
040302020904,2018,19.984544241,12.615061775,0.310381001
040302020904,2019,43.945799205,26.224256368,0.352470917
040302021001,2010,31.133091308,21.395046501,0.582582259
040302021001,2011,28.952273798,23.938617315,0.599273192
040302021001,2012,16.122123063,13.444762771,0.506608467
040302021001,2013,27.985838337,20.265880166,0.58081352
040302021001,2014,31.44500575,22.446742104,0.625373166
040302021001,2015,27.211646068,19.11599753,0.570880439
040302021001,2016,39.101539027,29.525138086,0.578208682
040302021001,2017,30.160473511,22.975077843,0.566110176
040302021001,2018,24.731044837,17.877609589,0.580528184
040302021001,2019,39.388596019,27.921195231,0.611575785
040302021002,2010,34.710396463,22.488676758,0.58947234
040302021002,2011,33.860594041,25.875761317,0.612988584
040302021002,2012,17.502769496,14.503905901,0.522445297
040302021002,2013,29.938085619,20.753018204,0.598557428
040302021002,2014,33.797083805,23.257770502,0.637445198
040302021002,2015,29.546280865,19.865922721,0.576527174
040302021002,2016,42.484671944,30.982312109,0.58681124
040302021002,2017,29.327070035,22.998864396,0.568209911
040302021002,2018,26.692063068,18.220613615,0.595365691
040302021002,2019,41.842846808,28.948036547,0.621534441
040302021003,2010,30.468225301,17.335992338,0.591181292
040302021003,2011,27.668509694,19.032709708,0.592969493
040302021003,2012,18.952886373,10.472316514,0.50400292
040302021003,2013,27.452720034,16.858086311,0.567165131
040302021003,2014,30.104736835,18.823712614,0.631099174
040302021003,2015,25.818542379,14.17800872,0.583674025
040302021003,2016,41.742754815,25.857865894,0.597684198
040302021003,2017,29.43092406,19.584000227,0.60502669
040302021003,2018,26.781400276,16.158475549,0.57856297
040302021003,2019,37.266304159,24.00839294,0.630412807
040302021004,2010,27.860468404,12.794231621,0.520969239
040302021004,2011,25.169680714,14.412163008,0.526321895
040302021004,2012,18.168989519,9.207207273,0.462067325
040302021004,2013,24.318813241,13.062109096,0.491202725
040302021004,2014,29.381935318,15.208512721,0.539977049
040302021004,2015,27.510684717,11.78179429,0.511976124
040302021004,2016,37.877816563,18.197935615,0.525631128
040302021004,2017,26.333075082,14.993196847,0.526218464
040302021004,2018,26.031712452,12.6420766,0.513040237
040302021004,2019,33.966208253,17.532587651,0.54991629
040302021005,2010,39.53235376,9.499668845,0.537349019
040302021005,2011,30.819856845,12.300912099,0.544030548
040302021005,2012,18.605498326,6.142794746,0.468970841
040302021005,2013,30.034640691,9.509950377,0.524626647
040302021005,2014,34.661367739,11.143888533,0.565775965
040302021005,2015,31.831566666,8.576898905,0.528575161
040302021005,2016,43.430706263,13.542648143,0.539569097
040302021005,2017,31.225770259,11.283977147,0.536697604
040302021005,2018,29.432530716,9.241908519,0.531278473
040302021005,2019,42.654951487,13.0073447,0.560246046
040302021006,2010,32.707087011,14.905707122,0.57351681
040302021006,2011,30.096967321,18.27023609,0.59337887
040302021006,2012,17.612480031,10.067965064,0.513845457
040302021006,2013,30.392834727,16.061442407,0.571654995
040302021006,2014,30.724579252,16.217037947,0.612827268
040302021006,2015,25.884226355,12.770801968,0.556795935
040302021006,2016,40.435145118,21.426335444,0.576291798
040302021006,2017,25.356873128,15.443934702,0.560803206
040302021006,2018,24.989024631,13.156175784,0.568991919
040302021006,2019,38.783818783,20.446030975,0.610620537
040302021007,2010,34.737529572,20.019241361,0.580356214
040302021007,2011,33.688249402,23.103888409,0.600602293
040302021007,2012,17.846733279,13.377888887,0.522556833
040302021007,2013,32.844470687,20.67089539,0.586533006
040302021007,2014,35.462271903,21.550980868,0.622682216
040302021007,2015,27.737081368,17.561334877,0.559743474
040302021007,2016,43.664812601,27.564293523,0.578956706
040302021007,2017,29.50733206,20.562905217,0.559824725
040302021007,2018,25.429267723,16.514530949,0.580509704
040302021007,2019,42.786311567,25.840141794,0.616562249
040302021101,2010,37.258222877,17.538355398,0.501524614
040302021101,2011,35.676721808,20.511858873,0.533696282
040302021101,2012,23.884174414,14.305709756,0.463072704
040302021101,2013,36.764982034,20.333728078,0.517774846
040302021101,2014,41.421967763,20.621592644,0.547983528
040302021101,2015,29.069437022,14.584058712,0.50599031
040302021101,2016,47.24751139,23.097660472,0.529415229
040302021101,2017,33.312386767,18.434401318,0.532696924
040302021101,2018,27.974316425,15.465215145,0.51427399
040302021101,2019,45.879746871,24.008521212,0.546257323
040302021102,2010,36.683906181,17.306908176,0.554346862
040302021102,2011,40.808323612,23.435498977,0.589945557
040302021102,2012,20.823199326,13.396668581,0.5031553
040302021102,2013,40.435821563,22.681451634,0.578613385
040302021102,2014,44.057334239,22.160766019,0.605901579
040302021102,2015,31.3465177,15.447603427,0.54457101
040302021102,2016,52.367424362,25.501527252,0.571852386
040302021102,2017,33.217763145,17.855620056,0.549192767
040302021102,2018,27.86443841,15.324780388,0.556699413
040302021102,2019,48.01381969,24.296253677,0.592560512
040302021103,2010,49.289121813,19.620923768,0.530592875
040302021103,2011,53.902836948,24.913983948,0.569129191
040302021103,2012,35.528311832,15.911287965,0.495059001
040302021103,2013,53.401475768,24.830925354,0.553088542
040302021103,2014,54.930117753,24.45439274,0.585799712
040302021103,2015,42.420252899,17.405625599,0.529343141
040302021103,2016,65.422792303,28.094462738,0.553929084
040302021103,2017,49.037827665,21.101569511,0.543847493
040302021103,2018,37.439767253,17.364356068,0.54258926
040302021103,2019,68.409401243,27.872678526,0.577972383
040302021201,2010,30.041316027,14.531623437,0.561119849
040302021201,2011,23.929676662,15.137343751,0.574155943
040302021201,2012,14.458788143,9.348143284,0.49856312
040302021201,2013,22.905916369,13.544233593,0.558046226
040302021201,2014,26.149551524,14.101868294,0.603763339
040302021201,2015,24.499080098,12.402957689,0.555865884
040302021201,2016,35.166555162,19.260266653,0.566072458
040302021201,2017,22.412772956,13.327478118,0.554970604
040302021201,2018,23.093428308,12.734206245,0.56802213
040302021201,2019,33.079636006,18.321689427,0.596778717
040302021202,2010,28.453151484,14.000689796,0.554206431
040302021202,2011,24.991057238,15.17152761,0.571745497
040302021202,2012,14.606914162,9.634602461,0.503016886
040302021202,2013,26.83861226,14.826214977,0.555148547
040302021202,2014,27.12323097,14.416266393,0.597296749
040302021202,2015,21.397648049,11.676463893,0.541491521
040302021202,2016,36.415269562,19.093082051,0.559350168
040302021202,2017,20.201469095,12.681896727,0.546529105
040302021202,2018,21.777705645,12.226151832,0.557885787
040302021202,2019,33.440039503,17.879100567,0.594568944
040302021203,2010,26.821639061,13.553986347,0.541766516
040302021203,2011,25.348759573,15.167970331,0.560968292
040302021203,2012,15.609633142,9.909959322,0.496524196
040302021203,2013,28.968112311,15.662431569,0.537429554
040302021203,2014,26.551338984,14.47991196,0.589855538
040302021203,2015,20.748727919,11.766431139,0.528651228
040302021203,2016,34.076748766,18.70658468,0.548429249
040302021203,2017,21.635223572,13.04137515,0.538182616
040302021203,2018,21.053299379,12.31536607,0.549206053
040302021203,2019,32.06659825,17.721481668,0.582282207
040302021204,2010,43.096606123,29.543127956,0.424707464
040302021204,2011,48.310144645,35.897117602,0.439752481
040302021204,2012,31.711787956,23.957587225,0.396610792
040302021204,2013,48.346627851,33.457026577,0.417739101
040302021204,2014,46.731946918,33.408593719,0.442855041
040302021204,2015,35.551981801,26.51672462,0.419022789
040302021204,2016,51.013462447,35.940178833,0.430969777
040302021204,2017,43.619362276,33.071704102,0.425948484
040302021204,2018,35.170732024,26.303199552,0.425251263
040302021204,2019,57.032974862,39.508401067,0.447898516
040302021301,2010,22.923539327,13.961714803,0.353929645
040302021301,2011,25.852488989,15.954598155,0.377699933
040302021301,2012,16.867151452,10.515650538,0.333138321
040302021301,2013,27.120027368,15.77998537,0.39162125
040302021301,2014,26.516956389,16.20022657,0.402722347
040302021301,2015,24.026751491,14.701119402,0.369951129
040302021301,2016,33.388748218,19.072817329,0.386240822
040302021301,2017,30.613112547,18.856876148,0.38434842
040302021301,2018,20.346719459,12.692162797,0.365081112
040302021301,2019,41.98275145,23.842746825,0.409671895
040302021302,2010,21.53930102,15.449151599,0.530369485
040302021302,2011,26.33918903,19.735279346,0.568401381
040302021302,2012,14.931289326,11.455088037,0.48685022
040302021302,2013,25.14138617,18.552664638,0.560143902
040302021302,2014,23.245658039,16.605076592,0.574058709
040302021302,2015,22.559301014,15.609652886,0.541477364
040302021302,2016,28.365299828,20.53541223,0.545182232
040302021302,2017,34.170393963,23.782492617,0.580259003
040302021302,2018,21.629187299,15.781042926,0.548947556
040302021302,2019,40.71252064,26.912631005,0.608931276
040302021303,2010,22.529644499,15.341552153,0.511499594
040302021303,2011,26.599962348,20.058153716,0.553466046
040302021303,2012,16.091750288,12.413762956,0.468064597
040302021303,2013,28.049933178,19.78839148,0.552251288
040302021303,2014,26.435509609,18.705680226,0.565689124
040302021303,2015,24.28746782,15.889816623,0.519160175
040302021303,2016,31.28482691,21.709161455,0.527535157
040302021303,2017,32.794610437,22.377609346,0.556068504
040302021303,2018,21.664918391,16.242510242,0.540333852
040302021303,2019,43.048936596,27.331592988,0.585961402
040302021304,2010,23.383311346,16.566492576,0.396676652
040302021304,2011,23.879280627,17.721493026,0.443961384
040302021304,2012,15.905962126,10.772246149,0.366182155
040302021304,2013,21.941115312,15.912782549,0.433688576
040302021304,2014,21.079905796,15.283702975,0.438991204
040302021304,2015,21.258268534,14.428588316,0.404761661
040302021304,2016,24.867485735,18.458419339,0.437869996
040302021304,2017,31.469910467,22.752898243,0.444697221
040302021304,2018,20.556947685,14.962492176,0.430897188
040302021304,2019,42.945782033,29.529253497,0.467357869
040302021401,2010,27.914463171,14.13009328,0.450671693
040302021401,2011,23.475906532,13.678509057,0.510719686
040302021401,2012,15.698250417,8.091248662,0.401838448
040302021401,2013,27.210697948,15.297970525,0.510364051
040302021401,2014,23.880758936,12.504931221,0.517363878
040302021401,2015,27.811661006,13.65019591,0.486909148
040302021401,2016,30.090314972,16.95766953,0.512025123
040302021401,2017,30.144729745,15.694786301,0.517123886
040302021401,2018,18.064307866,10.110636588,0.487571295
040302021401,2019,42.250698955,20.247417159,0.537203955
040302021402,2010,26.388614916,13.26424943,0.45308866
040302021402,2011,21.948776827,13.05247154,0.512801382
040302021402,2012,14.868161862,7.799896269,0.404691944
040302021402,2013,25.10832454,14.457462386,0.510687031
040302021402,2014,21.606744159,11.296792779,0.516407915
040302021402,2015,24.524872766,12.448009032,0.489432915
040302021402,2016,27.206078223,15.949881356,0.514541773
040302021402,2017,30.287542302,15.955649745,0.52124612
040302021402,2018,16.913845247,9.827865377,0.488613158
040302021402,2019,41.379724479,19.774038369,0.541664918
040302021403,2010,23.501509848,16.712833156,0.398350639
040302021403,2011,22.560025252,15.547623036,0.447683942
040302021403,2012,16.284723947,10.142933321,0.364885097
040302021403,2013,23.66990547,16.322029337,0.441277639
040302021403,2014,20.181932405,12.880778172,0.445913802
040302021403,2015,23.350747437,15.4830025,0.423019539
040302021403,2016,24.819019046,17.537257356,0.445855713
040302021403,2017,30.506102109,20.032297333,0.451469492
040302021403,2018,17.973024019,12.171081514,0.425798032
040302021403,2019,42.350331437,27.043500788,0.469886469
040302021404,2010,25.774965843,12.947365406,0.409903498
040302021404,2011,23.166100881,12.990301646,0.45708223
040302021404,2012,16.282503873,8.038782084,0.367079923
040302021404,2013,23.796715143,12.892847792,0.449193296
040302021404,2014,21.435983255,10.665695953,0.458566381
040302021404,2015,21.691487607,10.28335294,0.432683236
040302021404,2016,27.801755941,15.317516009,0.457206694
040302021404,2017,31.640829723,15.628758062,0.463499174
040302021404,2018,18.272483649,9.825979522,0.436178903
040302021404,2019,42.123275387,19.306535206,0.481068315
040302021501,2010,23.588943049,12.252317021,0.602016419
040302021501,2011,20.2549573,11.815284025,0.586603434
040302021501,2012,9.524462693,6.604765555,0.510151893
040302021501,2013,14.460969131,7.19385482,0.578782288
040302021501,2014,20.147944217,9.665911805,0.642451817
040302021501,2015,17.211870644,10.093326552,0.586805481
040302021501,2016,23.317725713,13.147031298,0.575185244
040302021501,2017,19.082957257,12.160424386,0.565898898
040302021501,2018,22.130213649,9.961749772,0.611769339
040302021501,2019,24.493229831,13.007399113,0.632688978
040302021502,2010,27.68809852,18.748999667,0.665420199
040302021502,2011,25.348834454,19.150885917,0.637918025
040302021502,2012,16.90487699,14.188022102,0.556535779
040302021502,2013,21.167194511,15.158412027,0.626236668
040302021502,2014,25.360547,17.425586297,0.668151313
040302021502,2015,24.344647841,17.580487015,0.618079575
040302021502,2016,32.306252839,22.68061762,0.65408824
040302021502,2017,24.436739938,19.436579318,0.621727731
040302021502,2018,23.791294178,16.758785194,0.63122586
040302021502,2019,32.471135725,22.697661837,0.667389781
040302021503,2010,26.866495095,11.726275024,0.677600729
040302021503,2011,29.176703449,12.423514779,0.640100712
040302021503,2012,13.628153572,7.957019301,0.577281466
040302021503,2013,22.20203596,8.277204714,0.633343558
040302021503,2014,30.689805427,10.517880068,0.695725892
040302021503,2015,21.926155481,10.496656216,0.632569177
040302021503,2016,35.28966454,13.82590528,0.679452815
040302021503,2017,24.496865875,12.822184297,0.632428345
040302021503,2018,27.145790033,10.491789129,0.664389715
040302021503,2019,34.247083075,13.816973022,0.680651829
040302021504,2010,29.715624459,11.428966031,0.673184352
040302021504,2011,28.91584868,12.465928598,0.638261166
040302021504,2012,15.520470341,9.668835231,0.568008153
040302021504,2013,22.433979087,9.328019817,0.629496036
040302021504,2014,30.162969861,10.671835348,0.683868152
040302021504,2015,24.988428182,11.183678621,0.627017187
040302021504,2016,36.173277573,13.507297958,0.667330712
040302021504,2017,23.924489185,12.607876379,0.625836464
040302021504,2018,27.685436873,10.942168774,0.648824389
040302021504,2019,35.922073896,13.695308551,0.676610483
040302021601,2010,19.638982303,10.328870036,0.571177341
040302021601,2011,21.621056217,14.11119595,0.595385715
040302021601,2012,8.610506752,5.606795058,0.544923382
040302021601,2013,19.328447805,11.088060081,0.604710456
040302021601,2014,22.930077561,11.580298019,0.649161951
040302021601,2015,18.27500033,9.26217078,0.580305767
040302021601,2016,29.332747141,16.530565412,0.57411538
040302021601,2017,17.107182129,11.061627344,0.549359373
040302021601,2018,15.788437952,9.657174746,0.580188567
040302021601,2019,33.493050477,16.664633205,0.634291051
040302021602,2010,22.570037423,11.805389743,0.616059031
040302021602,2011,24.062697545,15.021937599,0.626723922
040302021602,2012,12.947997138,9.774471588,0.562384664
040302021602,2013,22.284860115,12.84716186,0.625312332
040302021602,2014,24.66672649,13.304939817,0.668230991
040302021602,2015,20.978863446,11.830169388,0.602387243
040302021602,2016,30.812108768,16.574244212,0.620672159
040302021602,2017,19.814940041,14.061072939,0.587143598
040302021602,2018,18.269136301,11.178185912,0.608951292
040302021602,2019,33.49384994,17.022677173,0.664364425
040302021603,2010,20.330984758,15.020718281,0.607694834
040302021603,2011,24.899473204,19.913892001,0.598227563
040302021603,2012,14.889451625,11.731408988,0.568168646
040302021603,2013,25.036172654,18.408241663,0.636807665
040302021603,2014,30.937231988,22.132187141,0.655821811
040302021603,2015,23.062134275,16.593698088,0.605382245
040302021603,2016,29.308493331,22.63268336,0.599049664
040302021603,2017,26.756334337,21.086517424,0.59429704
040302021603,2018,18.44106941,14.402894885,0.555861737
040302021603,2019,34.392287818,23.88373921,0.674395216
040302021604,2010,23.335972651,14.708778588,0.570233388
040302021604,2011,25.563071174,17.610414541,0.592423635
040302021604,2012,14.966194601,11.038335579,0.528200125
040302021604,2013,24.353846681,15.940489032,0.588801126
040302021604,2014,29.80631078,18.115437739,0.623986163
040302021604,2015,22.006814921,13.96150823,0.571640788
040302021604,2016,30.008268824,19.772391415,0.563187151
040302021604,2017,25.407897898,17.432399267,0.562791693
040302021604,2018,19.463081412,13.523667243,0.580324288
040302021604,2019,35.178855471,20.419696083,0.628904212
040302021605,2010,23.343195302,14.168313933,0.616135213
040302021605,2011,26.164265123,16.261699864,0.609069484
040302021605,2012,18.954614087,12.723667197,0.547392096
040302021605,2013,26.583312722,15.836818041,0.605599511
040302021605,2014,28.672110985,17.247557397,0.599054561
040302021605,2015,23.022089051,14.786435372,0.612176981
040302021605,2016,29.386113735,17.940057313,0.616090709
040302021605,2017,32.526381434,19.69197632,0.677510617
040302021605,2018,24.596305099,15.690322842,0.581258209
040302021605,2019,35.539543844,20.441397009,0.70240374
040302021701,2010,19.966679124,11.030371342,0.64640356
040302021701,2011,28.961221488,15.422280792,0.64256512
040302021701,2012,13.044749514,9.229120204,0.57511976
040302021701,2013,25.513836687,12.405813421,0.629031348
040302021701,2014,27.028965768,13.482265921,0.674342081
040302021701,2015,19.90195135,11.906177356,0.610627425
040302021701,2016,32.122405217,17.341231693,0.628953653
040302021701,2017,22.868540227,14.150111394,0.605268475
040302021701,2018,18.950386312,10.810642789,0.620556723
040302021701,2019,30.876602028,16.372367646,0.670038949
040302021702,2010,20.178949263,11.519075899,0.646599745
040302021702,2011,28.996406972,15.734038405,0.640854075
040302021702,2012,13.378069643,9.094282395,0.578096355
040302021702,2013,26.075960226,12.872650925,0.628094673
040302021702,2014,27.854997585,14.158341626,0.675035494
040302021702,2015,21.144686544,12.634951557,0.612905734
040302021702,2016,31.569911505,17.88090965,0.627807254
040302021702,2017,24.948123162,15.173817102,0.608249092
040302021702,2018,19.141693093,11.091462222,0.619979596
040302021702,2019,34.647107698,17.992395306,0.673721217
040302021703,2010,24.027685123,15.065597565,0.670510977
040302021703,2011,27.749145506,17.776414125,0.654046119
040302021703,2012,16.178992702,12.476198008,0.592799005
040302021703,2013,26.976549248,16.054245638,0.648598187
040302021703,2014,30.324992977,18.102683189,0.686510573
040302021703,2015,24.671390791,16.572814376,0.650759643
040302021703,2016,35.258429345,21.546640791,0.674262453
040302021703,2017,27.251271693,19.228591731,0.654016364
040302021703,2018,22.877819948,14.957483892,0.653008096
040302021703,2019,34.898084944,20.936171749,0.701548339
040302021704,2010,16.208403512,11.210592784,0.578073503
040302021704,2011,18.665233113,13.061263278,0.582849136
040302021704,2012,10.415596719,7.995908839,0.50915505
040302021704,2013,21.082898558,12.04358024,0.593267684
040302021704,2014,22.263716071,13.718341539,0.614587111
040302021704,2015,17.860321506,11.974881248,0.582470726
040302021704,2016,22.159989904,14.982536997,0.609092979
040302021704,2017,24.170237131,16.350836433,0.608768726
040302021704,2018,16.099645683,11.075544471,0.566822727
040302021704,2019,28.152988223,16.46260663,0.651770769
040302021705,2010,13.456796778,7.56147587,0.51629061
040302021705,2011,17.066620491,8.825117375,0.528505974
040302021705,2012,8.862804333,5.26531324,0.467849371
040302021705,2013,16.252314024,7.445104932,0.512957063
040302021705,2014,17.39389237,7.419089639,0.528799895
040302021705,2015,14.343830894,7.485542244,0.526668176
040302021705,2016,19.336816198,9.732155848,0.533648245
040302021705,2017,24.310602434,12.015537042,0.556044548
040302021705,2018,14.889740107,8.148852627,0.49620561
040302021705,2019,25.249000921,11.525894405,0.582428195
040302021801,2010,24.788509291,10.711675722,0.533476312
040302021801,2011,17.972383607,10.855216888,0.503267247
040302021801,2012,10.37934212,7.022325456,0.429487978
040302021801,2013,15.073971869,8.029140223,0.502107441
040302021801,2014,22.813022249,10.379473491,0.529648545
040302021801,2015,19.119481011,9.621814779,0.49579659
040302021801,2016,25.789091708,12.536469914,0.502758539
040302021801,2017,17.904601639,10.6904247,0.494899218
040302021801,2018,17.179755932,8.586902372,0.500460399
040302021801,2019,27.717445771,12.51073039,0.542912168
040302021802,2010,20.330433473,18.3498703,0.648545467
040302021802,2011,22.226151299,20.966358902,0.628678767
040302021802,2012,22.74357711,20.940054718,0.585132115
040302021802,2013,24.767538882,22.786857974,0.650790074
040302021802,2014,27.114047714,24.833821973,0.693585529
040302021802,2015,26.468267959,24.218656395,0.620107575
040302021802,2016,27.232081709,26.116964274,0.632125603
040302021802,2017,27.434113444,25.798390948,0.61097483
040302021802,2018,25.560316974,24.432694874,0.619442372
040302021802,2019,29.427841826,26.735611293,0.704141124
040302021803,2010,25.798849024,11.846193341,0.637027891
040302021803,2011,22.870404562,13.37808823,0.632546603
040302021803,2012,15.851324108,11.896858751,0.591648395
040302021803,2013,22.60928287,12.979328395,0.650228273
040302021803,2014,28.472640391,14.448942249,0.683244363
040302021803,2015,24.652292962,14.1395473,0.616341882
040302021803,2016,32.206088814,15.917313773,0.623867308
040302021803,2017,23.623501186,15.555070383,0.604577814
040302021803,2018,23.680634438,13.928105176,0.618979603
040302021803,2019,35.592142719,16.611185481,0.690957912
040302021804,2010,28.63043082,11.632441694,0.6447009
040302021804,2011,22.120848711,13.109277272,0.623235886
040302021804,2012,16.152309057,11.396279955,0.577529615
040302021804,2013,23.164888732,12.628196532,0.645589412
040302021804,2014,30.408221115,14.14443152,0.675091277
040302021804,2015,25.241079859,13.54211008,0.616432122
040302021804,2016,32.872924988,15.386370817,0.627320002
040302021804,2017,23.822068633,14.712315783,0.603078568
040302021804,2018,24.120937914,13.137495849,0.607651693
040302021804,2019,37.927198502,15.561861733,0.689797672
040302021805,2010,9.357822018,5.555797122,0.505599664
040302021805,2011,23.684869352,13.281419274,0.54019267
040302021805,2012,9.503963607,5.876347546,0.483836024
040302021805,2013,26.045678602,14.839593749,0.546864448
040302021805,2014,15.217804306,8.589839158,0.582353483
040302021805,2015,8.240653967,5.062608641,0.532273379
040302021805,2016,19.520092858,12.239984715,0.529700157
040302021805,2017,18.016728841,10.739808366,0.504788741
040302021805,2018,18.766370627,10.865809299,0.524715317
040302021805,2019,23.964477513,13.402083931,0.571577034
040302021806,2010,26.249960736,9.610869128,0.492779314
040302021806,2011,29.065042279,13.938650456,0.526923438
040302021806,2012,12.595784565,7.252697182,0.478871294
040302021806,2013,28.189391977,12.594086205,0.537293625
040302021806,2014,26.814412836,10.47951359,0.572901762
040302021806,2015,25.850552665,9.260011662,0.522203292
040302021806,2016,37.002607836,14.730288613,0.520588918
040302021806,2017,26.664775007,13.022494898,0.494011198
040302021806,2018,24.272912225,11.129504723,0.515522229
040302021806,2019,35.998126646,14.398204281,0.556023761
040302021807,2010,22.764697902,8.648367046,0.496873768
040302021807,2011,26.534895841,12.466176007,0.531111067
040302021807,2012,12.361601629,6.612147115,0.475573157
040302021807,2013,24.315830402,11.098099817,0.536017242
040302021807,2014,21.510088532,8.357070634,0.574914695
040302021807,2015,19.691636571,7.198220421,0.525069978
040302021807,2016,31.219781071,13.238509522,0.524899392
040302021807,2017,25.235743539,11.915251019,0.49864267
040302021807,2018,22.087233167,9.785102008,0.518133523
040302021807,2019,31.73552186,12.855970791,0.558587419
040302021808,2010,30.869507252,11.556874636,0.511730537
040302021808,2011,32.226356942,14.621489404,0.5431657
040302021808,2012,16.346680597,8.090553326,0.50107996
040302021808,2013,30.894101589,13.620208666,0.553212913
040302021808,2014,30.488267982,11.657759751,0.591434391
040302021808,2015,25.518748321,10.01860434,0.538500417
040302021808,2016,39.686719783,16.294007331,0.539849428
040302021808,2017,29.608143957,13.782612383,0.511803565
040302021808,2018,26.621190276,11.689159296,0.530261255
040302021808,2019,40.292481427,15.851763507,0.575868108
040302021809,2010,24.055769936,11.600162317,0.575162239
040302021809,2011,27.090096212,15.715879063,0.585950852
040302021809,2012,12.650131491,7.316080852,0.540795198
040302021809,2013,26.442624892,14.560771421,0.604601806
040302021809,2014,27.246226734,13.700796986,0.633631147
040302021809,2015,21.3783826,9.956691406,0.589153286
040302021809,2016,34.111276926,17.437828943,0.590826432
040302021809,2017,23.697285958,13.958954168,0.565866191
040302021809,2018,21.189699973,11.857737926,0.566037286
040302021809,2019,35.640504411,17.748743359,0.651229969
040302021810,2010,22.846430148,9.257531552,0.586427377
040302021810,2011,25.709024335,11.431893712,0.603250524
040302021810,2012,16.071934613,8.121680545,0.523167783
040302021810,2013,21.842619133,10.150105147,0.576672631
040302021810,2014,23.360751389,9.973028626,0.589864551
040302021810,2015,19.597275463,8.744770472,0.581024886
040302021810,2016,30.140313132,12.327494842,0.609272972
040302021810,2017,29.339787983,13.053638858,0.626668132
040302021810,2018,22.27584598,10.343658609,0.579310489
040302021810,2019,33.620923585,13.370942331,0.657321265
040302021901,2010,21.872434836,12.153894441,0.386758984
040302021901,2011,18.234966473,10.877617826,0.391880732
040302021901,2012,12.606221693,5.960547374,0.322139012
040302021901,2013,17.327647387,9.529465321,0.375884686
040302021901,2014,16.896745019,8.64275563,0.385543513
040302021901,2015,15.997324773,8.804518917,0.378374796
040302021901,2016,22.992578669,13.841363692,0.396686898
040302021901,2017,25.612215217,14.656838394,0.403051863
040302021901,2018,14.1173332,8.100347698,0.372204628
040302021901,2019,33.715767294,18.882375247,0.417726058
040302021902,2010,24.340362597,15.465231005,0.391051757
040302021902,2011,23.323782559,15.38010717,0.401339337
040302021902,2012,18.173605499,10.819310595,0.333363284
040302021902,2013,21.370114161,13.981323199,0.381221578
040302021902,2014,22.683538155,14.129358776,0.387445075
040302021902,2015,22.818114349,14.242608171,0.387371166
040302021902,2016,27.483697155,18.457595333,0.411011679
040302021902,2017,33.114715836,21.213379215,0.423643574
040302021902,2018,19.550403875,13.026850094,0.378862405
040302021902,2019,36.581762338,23.531648365,0.429851998
040302021903,2010,22.695271114,16.089088137,0.453789586
040302021903,2011,24.350647714,17.776481898,0.525477171
040302021903,2012,15.244691174,9.911154837,0.368770416
040302021903,2013,23.17661562,16.052999176,0.493900647
040302021903,2014,19.64895802,12.396688053,0.485497765
040302021903,2015,19.887046799,13.687951247,0.475179855
040302021903,2016,32.502876093,22.989070549,0.527672491
040302021903,2017,29.540536209,20.389141539,0.518177549
040302021903,2018,19.578849413,13.51219127,0.485970946
040302021903,2019,35.642135987,24.881659655,0.525793094
040302021904,2010,25.318875539,19.049664589,0.419293657
040302021904,2011,25.551039547,18.89303899,0.488357854
040302021904,2012,17.616718916,12.296747067,0.349799011
040302021904,2013,24.356322508,17.497366749,0.458375942
040302021904,2014,23.70387109,16.522020916,0.457339542
040302021904,2015,21.753930783,15.587497261,0.440929475
040302021904,2016,35.302703987,25.695609076,0.495733884
040302021904,2017,30.548062586,21.909460334,0.48200504
040302021904,2018,21.230977803,15.273216899,0.454339784
040302021904,2019,37.096449238,26.669865005,0.488529757
040302021905,2010,21.576659708,14.751329526,0.479426358
040302021905,2011,22.259344619,16.089897849,0.550695375
040302021905,2012,14.655815561,9.356268082,0.389374157
040302021905,2013,21.03544856,14.324732796,0.506000987
040302021905,2014,19.17672382,12.16372163,0.516222449
040302021905,2015,19.384359306,13.396632118,0.504904162
040302021905,2016,32.510169223,22.445353488,0.557472063
040302021905,2017,25.304586245,17.147382151,0.541225916
040302021905,2018,16.84814437,11.218594174,0.505585026
040302021905,2019,33.674552122,23.410598976,0.551898315
040302021906,2010,20.284631816,13.178156648,0.467144105
040302021906,2011,19.700290649,13.930450428,0.494289
040302021906,2012,14.092433881,9.209847871,0.378275203
040302021906,2013,17.690535226,12.43605079,0.45799079
040302021906,2014,18.183759726,11.395311863,0.47204528
040302021906,2015,18.763279013,12.61399839,0.466095365
040302021906,2016,27.79711025,18.909599148,0.505685501
040302021906,2017,24.783392626,17.116960198,0.513581908
040302021906,2018,15.801168329,10.931100361,0.465644243
040302021906,2019,30.253176451,20.358501174,0.514512756
040302022001,2010,31.913379741,11.67754178,0.528799069
040302022001,2011,30.717785318,12.590714437,0.5469912
040302022001,2012,16.809115813,9.167553916,0.500397616
040302022001,2013,26.982259319,10.000153751,0.550554152
040302022001,2014,29.721849465,10.331038009,0.55536296
040302022001,2015,28.741180445,10.374138113,0.559771052
040302022001,2016,38.597109571,13.817660685,0.54610083
040302022001,2017,34.34720434,14.088048736,0.546931681
040302022001,2018,25.448875136,11.065092159,0.509575789
040302022001,2019,39.856384143,14.339897101,0.597039943
040302022002,2010,21.836515275,9.698910142,0.517218386
040302022002,2011,25.78856723,10.269078943,0.53575415
040302022002,2012,15.464256037,8.091397814,0.49268706
040302022002,2013,24.116932794,8.889615753,0.539378323
040302022002,2014,22.241173156,8.89172205,0.53891081
040302022002,2015,20.03310238,8.399087173,0.547432064
040302022002,2016,30.979166787,11.278150726,0.532544786
040302022002,2017,28.988139529,12.167850087,0.536713613
040302022002,2018,19.862025387,9.003269344,0.491625814
040302022002,2019,33.832569008,11.879059936,0.588148933
040302022003,2010,17.601936201,9.528089594,0.582757624
040302022003,2011,20.975358213,10.280696829,0.601088281
040302022003,2012,12.307598449,7.642155483,0.53656718
040302022003,2013,19.205628755,8.079978968,0.594365351
040302022003,2014,17.145654825,8.128222923,0.597800667
040302022003,2015,15.877597067,7.905724978,0.612883772
040302022003,2016,24.368707623,11.557030366,0.603181044
040302022003,2017,23.45582,11.957810604,0.598177448
040302022003,2018,14.472353404,8.014294516,0.539527688
040302022003,2019,27.482393408,11.514629655,0.661594328
040302022004,2010,24.479038881,13.852636035,0.562306845
040302022004,2011,27.225934406,15.602858779,0.565649051
040302022004,2012,18.588445117,12.349600793,0.512427943
040302022004,2013,23.651114998,13.810870208,0.551649285
040302022004,2014,23.795682083,13.806094577,0.560977327
040302022004,2015,22.900817528,12.676593928,0.557191953
040302022004,2016,30.235107002,16.235467557,0.573590682
040302022004,2017,30.623815839,16.863559441,0.576269933
040302022004,2018,21.898336255,13.534214947,0.534472092
040302022004,2019,33.997246959,16.824128169,0.625669976
040302022005,2010,28.034326887,17.710586612,0.606010058
040302022005,2011,29.65870869,19.654040811,0.606680302
040302022005,2012,18.849897077,13.744439166,0.539761789
040302022005,2013,23.120249203,15.458902915,0.583524318
040302022005,2014,21.360150226,14.495585916,0.596375975
040302022005,2015,21.284222845,13.669847558,0.595373809
040302022005,2016,29.726603942,19.408010498,0.61595412
040302022005,2017,33.182592064,20.748981083,0.620121035
040302022005,2018,19.465091529,14.211695816,0.567881219
040302022005,2019,37.330136959,21.375341402,0.683934715
040302022006,2010,14.676088024,10.644715138,0.574148305
040302022006,2011,17.815479295,12.106689288,0.593645493
040302022006,2012,10.033208586,7.84054258,0.449181615
040302022006,2013,14.111842058,8.150572423,0.557072329
040302022006,2014,12.021862128,7.77394821,0.550276888
040302022006,2015,10.047190794,7.374474013,0.552381038
040302022006,2016,15.912528439,11.073652406,0.594763487
040302022006,2017,18.520847586,12.423142583,0.591036702
040302022006,2018,10.23268892,7.731030382,0.53795561
040302022006,2019,22.689954862,13.979517916,0.644987595
040302022101,2010,22.098991428,13.224559071,0.464089261
040302022101,2011,18.6371245,12.973485076,0.45687832
040302022101,2012,13.137382304,9.736263571,0.37124385
040302022101,2013,17.804682988,12.404278336,0.447731888
040302022101,2014,19.046917474,12.124930688,0.451147449
040302022101,2015,22.06977379,13.21575671,0.447718293
040302022101,2016,27.400335018,17.184103707,0.484108629
040302022101,2017,24.815027544,16.703181328,0.502751728
040302022101,2018,15.776799157,11.846207125,0.44459262
040302022101,2019,34.825049518,17.356509507,0.499877167
040302022102,2010,19.966415431,14.057129233,0.483091675
040302022102,2011,18.586202703,14.128309253,0.48104808
040302022102,2012,12.497252141,9.224593125,0.385546732
040302022102,2013,16.500470833,12.331964615,0.462014469
040302022102,2014,16.941758463,11.35443571,0.467873979
040302022102,2015,17.83033433,12.407164476,0.464082669
040302022102,2016,26.532870629,18.844488575,0.507863193
040302022102,2017,23.800299426,17.356282332,0.520294901
040302022102,2018,13.897487153,10.946190966,0.460501493
040302022102,2019,30.552360591,18.62830561,0.524248519
040302022103,2010,16.235735579,10.807994714,0.608998909
040302022103,2011,17.708619212,10.473079923,0.621382137
040302022103,2012,9.635003788,7.004326613,0.564854309
040302022103,2013,15.483375182,7.618485031,0.609636633
040302022103,2014,13.564493309,7.770964035,0.61975132
040302022103,2015,14.582282061,9.256253675,0.640868118
040302022103,2016,23.113519771,13.144098795,0.629474689
040302022103,2017,20.052831554,11.924437408,0.623304998
040302022103,2018,11.92305053,7.775775281,0.56833657
040302022103,2019,25.017638047,13.189907587,0.688385671
040302022104,2010,12.457396501,7.819812009,0.534007682
040302022104,2011,15.523486707,8.507787757,0.554810707
040302022104,2012,6.194594356,3.793309296,0.431085728
040302022104,2013,12.38592605,5.17547083,0.533061126
040302022104,2014,9.126743176,5.032924693,0.530451546
040302022104,2015,7.98062246,5.129592861,0.507645459
040302022104,2016,13.804854046,8.318936672,0.562249163
040302022104,2017,16.339171701,9.588772655,0.559573097
040302022104,2018,7.897585268,4.815076624,0.513836508
040302022104,2019,25.346484598,11.746712787,0.626506744
040302022105,2010,18.136162987,6.140692944,0.560890747
040302022105,2011,20.950785979,8.312518445,0.578646171
040302022105,2012,13.156234582,2.794974068,0.494718103
040302022105,2013,20.871016739,7.533734769,0.584458982
040302022105,2014,19.689104568,5.796002597,0.59313105
040302022105,2015,21.369503318,5.814444693,0.582390264
040302022105,2016,28.134606756,9.39466726,0.576515158
040302022105,2017,24.984102207,8.578467176,0.58685378
040302022105,2018,17.35535941,6.608091272,0.574071747
040302022105,2019,40.674077308,11.805092525,0.649277315
040302022106,2010,12.332593903,6.392517955,0.494023921
040302022106,2011,13.772161886,7.001572225,0.508072544
040302022106,2012,9.511715493,4.274478407,0.425054409
040302022106,2013,13.483466345,6.26229316,0.493358209
040302022106,2014,12.41517853,5.609979718,0.498836811
040302022106,2015,11.830505774,5.421630232,0.495197452
040302022106,2016,16.9060265,8.569245334,0.519109815
040302022106,2017,16.010879303,8.119719094,0.517771121
040302022106,2018,10.261611763,5.288256502,0.476233497
040302022106,2019,19.767462727,9.259499003,0.558522987
040302030101,2010,16.889336108,2.856739088,0.281703664
040302030101,2011,16.841377785,2.564532123,0.279231149
040302030101,2012,15.435909753,2.22902435,0.263593989
040302030101,2013,21.78623628,3.27288887,0.288389901
040302030101,2014,19.582686077,3.008824123,0.285167519
040302030101,2015,19.944166588,3.048100653,0.284282229
040302030101,2016,19.605859523,3.123808357,0.293546046
040302030101,2017,21.634901728,3.288729511,0.294804458
040302030101,2018,17.705946132,2.720970278,0.289554831
040302030101,2019,27.524255269,4.188115851,0.300028269
040302030102,2010,12.271327753,3.587881797,0.283792051
040302030102,2011,16.349557319,4.194131158,0.288640905
040302030102,2012,11.7211186,2.404766297,0.253919072
040302030102,2013,17.87032036,4.084639497,0.300791324
040302030102,2014,18.319133079,4.356753571,0.296974666
040302030102,2015,17.396408383,4.535238235,0.292304104
040302030102,2016,18.164185461,5.073032838,0.302170033
040302030102,2017,22.775297437,5.881148175,0.304802023
040302030102,2018,15.085351059,3.79916059,0.29065434
040302030102,2019,30.131123314,7.44023259,0.317722664
040302030103,2010,8.53523139,5.524931981,0.295369939
040302030103,2011,10.186282198,6.450508663,0.30217341
040302030103,2012,6.601470905,3.677422598,0.25790524
040302030103,2013,11.100211294,6.053483396,0.313687743
040302030103,2014,12.258166163,6.084847806,0.313742723
040302030103,2015,10.048290909,6.25458029,0.296684264
040302030103,2016,13.266634192,8.090937473,0.31663892
040302030103,2017,19.185495213,9.998315171,0.32446362
040302030103,2018,10.04614925,6.040181828,0.301802956
040302030103,2019,21.48491118,11.299747836,0.334172255
040302030201,2010,12.999076871,10.252002876,0.559644241
040302030201,2011,16.01363778,10.782698475,0.596019526
040302030201,2012,11.51637612,9.169490469,0.488240256
040302030201,2013,17.485015214,10.310877897,0.575098046
040302030201,2014,16.838533537,11.222874862,0.599082498
040302030201,2015,13.960261476,10.984485539,0.603078944
040302030201,2016,16.555128286,11.73398366,0.60767898
040302030201,2017,25.504086427,15.222161133,0.638259277
040302030201,2018,17.329013017,13.122353786,0.579231735
040302030201,2019,27.865063215,16.391573763,0.69616144
040302030202,2010,14.874491642,11.735476642,0.594527624
040302030202,2011,18.474276671,11.594499969,0.623607207
040302030202,2012,13.248358419,10.295770906,0.513490973
040302030202,2013,20.385384569,11.075240102,0.595708698
040302030202,2014,17.609200903,10.861987935,0.619868852
040302030202,2015,13.101929857,9.670878792,0.61288126
040302030202,2016,18.621532033,10.860278985,0.638049342
040302030202,2017,29.170781889,15.443488193,0.658914744
040302030202,2018,20.330553471,13.680359387,0.622807737
040302030202,2019,32.782282043,16.730953261,0.698089867
040302030203,2010,16.379244371,9.435705332,0.502529614
040302030203,2011,18.383607352,9.244793662,0.531486602
040302030203,2012,11.143949965,7.311861644,0.425131095
040302030203,2013,19.454981674,8.657003559,0.523268707
040302030203,2014,17.396266318,8.422381684,0.529645214
040302030203,2015,13.209690457,7.639316206,0.507132592
040302030203,2016,20.005448583,8.742080383,0.537903994
040302030203,2017,28.638278594,11.794057169,0.570984411
040302030203,2018,20.424671956,10.255050341,0.532284042
040302030203,2019,32.172089991,12.771668786,0.606109027
040302030204,2010,16.995896972,11.966691042,0.562135266
040302030204,2011,19.948801755,12.460261905,0.59305809
040302030204,2012,14.301456629,10.287547254,0.499378609
040302030204,2013,22.313208559,12.79268654,0.578320104
040302030204,2014,19.907901492,12.362544918,0.59469699
040302030204,2015,16.501147998,11.638153722,0.602996605
040302030204,2016,21.539104258,13.804067458,0.611936043
040302030204,2017,31.807576703,18.832861013,0.637505833
040302030204,2018,21.855930988,15.116734143,0.58457494
040302030204,2019,33.887145191,19.891096858,0.691711583
040302030301,2010,18.813869553,2.543790134,0.381338503
040302030301,2011,19.330760654,2.279391509,0.405678288
040302030301,2012,10.921480685,1.853785489,0.334558859
040302030301,2013,22.468432156,2.448067869,0.420292643
040302030301,2014,21.781477345,2.776255936,0.394908013
040302030301,2015,16.040571682,2.677501718,0.380969706
040302030301,2016,25.352448242,2.369369478,0.397489321
040302030301,2017,29.256467961,2.887306818,0.419309658
040302030301,2018,21.761875215,2.506141396,0.391568102
040302030301,2019,33.94661325,3.093451233,0.434312894
040302030302,2010,7.381864718,2.433694855,0.380372492
040302030302,2011,7.146969931,2.227363888,0.410205876
040302030302,2012,4.444553363,1.835057857,0.33872383
040302030302,2013,8.194751699,2.395852494,0.422972473
040302030302,2014,9.043616826,2.791274959,0.397308627
040302030302,2015,6.742576922,2.570788326,0.383003
040302030302,2016,9.630308292,2.343924664,0.398449651
040302030302,2017,10.677156466,2.721707732,0.420238038
040302030302,2018,6.987547154,2.426005288,0.388950888
040302030302,2019,13.641839031,3.011097146,0.436172317
040302030303,2010,12.558515717,1.531117581,0.35008746
040302030303,2011,12.920945425,1.533807406,0.362918909
040302030303,2012,9.05455389,1.35221062,0.322102318
040302030303,2013,14.759923646,1.741901274,0.368827156
040302030303,2014,14.400845138,1.772110178,0.36021384
040302030303,2015,10.347481277,1.492711472,0.34944953
040302030303,2016,13.944550923,1.647039525,0.361419489
040302030303,2017,15.854786127,1.853874143,0.371067262
040302030303,2018,11.367404414,1.637986354,0.357063696
040302030303,2019,25.611829486,2.259118254,0.381177011
040302030304,2010,14.132521228,1.037525411,0.332487583
040302030304,2011,13.869436172,1.067765006,0.331799932
040302030304,2012,11.393573259,0.914630449,0.309084525
040302030304,2013,16.308463557,1.205901784,0.332452798
040302030304,2014,15.352592564,1.115759351,0.333908307
040302030304,2015,16.235113231,1.062593639,0.32978646
040302030304,2016,14.560025064,1.227396374,0.336583978
040302030304,2017,16.165818606,1.256736264,0.338900901
040302030304,2018,13.937315567,1.102112629,0.332807934
040302030304,2019,27.118749391,1.586264542,0.344683718
040302030401,2010,9.841697699,0.89082124,0.520556529
040302030401,2011,10.735507929,0.884884728,0.530946002
040302030401,2012,9.139468605,0.762647618,0.522781733
040302030401,2013,12.526520838,0.993965824,0.541200385
040302030401,2014,11.995779501,1.016773879,0.53266716
040302030401,2015,10.714255511,0.955601804,0.516866224
040302030401,2016,11.695362906,0.981818062,0.531366524
040302030401,2017,13.635049207,1.107510649,0.536410889
040302030401,2018,10.590371657,0.972528846,0.530646955
040302030401,2019,17.478997142,1.320491285,0.54290782
040302040101,2010,27.62635854,21.873565853,0.395413884
040302040101,2011,22.586462839,19.630836011,0.433971671
040302040101,2012,22.329545479,17.943228145,0.364912296
040302040101,2013,29.673993111,25.000181233,0.44269237
040302040101,2014,24.611621834,19.896106384,0.43625363
040302040101,2015,23.853399785,19.516382293,0.400011937
040302040101,2016,22.571705713,19.711762952,0.418457514
040302040101,2017,26.505838604,22.469995647,0.450539062
040302040101,2018,18.403586471,15.818883372,0.409678509
040302040101,2019,35.795009401,28.315021069,0.46959614
040302040102,2010,20.531881911,7.601404228,0.47495015
040302040102,2011,15.215230643,7.363521044,0.4774685
040302040102,2012,8.321366951,4.457189438,0.42463042
040302040102,2013,23.604709899,8.4434324,0.509262811
040302040102,2014,15.241500658,6.36960692,0.494461711
040302040102,2015,19.222623035,7.151344501,0.488500126
040302040102,2016,19.610330017,8.719219646,0.501829216
040302040102,2017,19.944144211,8.533886142,0.502170443
040302040102,2018,11.252369127,5.46444815,0.454075499
040302040102,2019,27.91852969,10.255241061,0.520571807
040302040103,2010,18.919515438,11.587309381,0.502970561
040302040103,2011,16.02761406,9.449807699,0.54008638
040302040103,2012,8.85645194,6.073508672,0.464653694
040302040103,2013,22.655393668,10.381998663,0.558665254
040302040103,2014,17.531673074,9.133544546,0.559195348
040302040103,2015,17.471021752,9.266693056,0.521801946
040302040103,2016,19.814726443,11.59502831,0.518897804
040302040103,2017,21.067900499,12.304665559,0.532089025
040302040103,2018,10.396178077,6.650771495,0.470984516
040302040103,2019,29.834559122,14.591876034,0.581853743
040302040104,2010,19.736276653,6.537456907,0.538777275
040302040104,2011,16.615807994,6.16801825,0.567562457
040302040104,2012,7.335148167,3.805494265,0.481186093
040302040104,2013,26.261445404,6.830748523,0.589682805
040302040104,2014,17.102695701,5.301158379,0.581609048
040302040104,2015,19.666985078,5.873235939,0.550581179
040302040104,2016,19.009034344,6.96153243,0.541069089
040302040104,2017,20.546870366,7.186434906,0.55840521
040302040104,2018,9.96254568,4.399762352,0.492861547
040302040104,2019,31.727193319,8.305317563,0.60998771
040302040105,2010,21.373286833,11.594384921,0.539207711
040302040105,2011,15.743073485,9.666557188,0.550375752
040302040105,2012,11.758096147,7.745497838,0.507893407
040302040105,2013,22.181252131,10.987223611,0.577198924
040302040105,2014,17.654732657,9.872318457,0.578624289
040302040105,2015,17.587161671,10.019913653,0.526635264
040302040105,2016,18.065647282,11.490846096,0.524099424
040302040105,2017,20.673662421,12.348194616,0.559730046
040302040105,2018,12.185872681,8.261838404,0.512820872
040302040105,2019,29.343456423,13.880339889,0.600211552
040302040106,2010,42.195515171,13.640105799,0.513251089
040302040106,2011,32.11168526,12.100445823,0.51769567
040302040106,2012,27.594433021,11.172172602,0.481508902
040302040106,2013,40.088137477,13.082925485,0.536326459
040302040106,2014,32.355501793,11.514842163,0.532652027
040302040106,2015,34.241927307,12.12552537,0.502011304
040302040106,2016,34.460964523,12.899034046,0.502942261
040302040106,2017,39.150811949,13.702645024,0.529841646
040302040106,2018,26.835340692,10.841303686,0.490238627
040302040106,2019,50.183273065,15.181301188,0.55681798
040302040201,2010,22.171453407,6.057938548,0.403447239
040302040201,2011,19.110759553,5.362686688,0.407772581
040302040201,2012,16.141065037,4.54161544,0.376856023
040302040201,2013,24.717699583,6.189410159,0.424270205
040302040201,2014,23.160787853,5.937127488,0.418742633
040302040201,2015,26.690832664,6.412645012,0.409983908
040302040201,2016,23.684036493,6.446137952,0.417275927
040302040201,2017,25.623107286,6.621106941,0.42607361
040302040201,2018,20.543783362,5.561244933,0.413294174
040302040201,2019,39.462166799,8.465042723,0.4409006
040302040202,2010,41.073481134,10.274345031,0.390526612
040302040202,2011,34.023063326,10.047016332,0.412990938
040302040202,2012,27.243554477,8.554812813,0.374080968
040302040202,2013,35.40279114,10.578150024,0.40554901
040302040202,2014,35.06437119,9.191247918,0.407906572
040302040202,2015,46.090747168,10.776191429,0.403738145
040302040202,2016,43.267900653,11.614437849,0.412568652
040302040202,2017,40.30363657,11.52363964,0.411350944
040302040202,2018,32.700718677,9.305170996,0.390894071
040302040202,2019,53.904514786,12.32419495,0.416265376
040302040203,2010,14.747601741,3.863282743,0.429689523
040302040203,2011,15.998031791,4.00813355,0.439517765
040302040203,2012,9.667150012,2.410818576,0.384870191
040302040203,2013,20.747747273,4.276514355,0.450931458
040302040203,2014,17.280794301,3.682518921,0.438545544
040302040203,2015,15.788199914,3.417983656,0.426073792
040302040203,2016,15.166699558,3.87422692,0.437047909
040302040203,2017,20.653815563,4.752295249,0.457710006
040302040203,2018,12.515553413,3.557630971,0.431700513
040302040203,2019,37.249386627,6.620972263,0.47730647
040302040204,2010,16.274891777,8.715090059,0.418636315
040302040204,2011,17.155294479,9.467175124,0.444838387
040302040204,2012,10.193097744,7.27933607,0.375749251
040302040204,2013,22.362207497,11.097927523,0.454974669
040302040204,2014,15.94272298,7.741714201,0.433448586
040302040204,2015,17.826978793,8.950906893,0.422218738
040302040204,2016,15.185402087,8.924954665,0.446912667
040302040204,2017,21.483653772,11.306116597,0.458742671
040302040204,2018,15.612912709,9.161039437,0.437710953
040302040204,2019,35.866223649,13.866502093,0.481943365
040302040205,2010,41.669868165,5.049994494,0.419764838
040302040205,2011,36.972022065,4.891747101,0.428407717
040302040205,2012,29.188867369,4.313144069,0.404207242
040302040205,2013,43.723156319,5.303971361,0.442104633
040302040205,2014,37.77633157,4.871876527,0.434851894
040302040205,2015,42.296635387,4.907915882,0.419151857
040302040205,2016,40.605757768,5.210753803,0.429543631
040302040205,2017,43.914504571,5.43285846,0.441866426
040302040205,2018,34.519529982,4.771990492,0.427019156
040302040205,2019,61.455093866,6.205828034,0.454102386
040302040301,2010,16.567186327,7.470261497,0.487922586
040302040301,2011,19.951302647,10.164964158,0.513734496
040302040301,2012,10.060799719,7.121246803,0.445043799
040302040301,2013,25.72998472,11.86207879,0.518677189
040302040301,2014,19.07048984,9.589721356,0.516351325
040302040301,2015,18.072322015,9.62902827,0.502421273
040302040301,2016,16.456495533,9.586335099,0.488571976
040302040301,2017,23.115546482,11.545112342,0.522764321
040302040301,2018,14.347141113,8.044260209,0.492743307
040302040301,2019,37.536754032,15.470556041,0.562499935
040302040302,2010,26.92855816,13.328007352,0.426634836
040302040302,2011,29.743910347,14.104965115,0.479578127
040302040302,2012,16.642145591,11.349708483,0.408914905
040302040302,2013,34.775579134,14.658848211,0.475332933
040302040302,2014,28.646136267,13.274378315,0.47971246
040302040302,2015,28.505959889,14.240908875,0.458606019
040302040302,2016,24.042319052,13.973028002,0.455474009
040302040302,2017,29.742705277,14.80258523,0.473396014
040302040302,2018,21.306442371,12.649621462,0.440861525
040302040302,2019,41.367237,16.947785128,0.492330892
040302040303,2010,23.898942765,15.809222178,0.40016054
040302040303,2011,25.323521677,17.678805267,0.44567267
040302040303,2012,16.039083224,11.674245899,0.379248317
040302040303,2013,27.78746009,18.186288111,0.453495405
040302040303,2014,24.080742295,16.271636668,0.452715558
040302040303,2015,29.17091069,19.473214534,0.422753494
040302040303,2016,22.512514491,16.062536623,0.433288519
040302040303,2017,25.673575962,17.805462497,0.435231699
040302040303,2018,17.636745243,12.991248534,0.406479538
040302040303,2019,34.383150242,22.517586571,0.46713847
040302040304,2010,38.237053841,21.005631373,0.387062632
040302040304,2011,36.367697365,20.685316835,0.44260686
040302040304,2012,27.799652895,18.908917273,0.381201052
040302040304,2013,42.143593652,21.547120411,0.436738494
040302040304,2014,36.660018782,20.399797928,0.429931779
040302040304,2015,36.213835408,20.873315502,0.420885174
040302040304,2016,34.642927132,21.759387767,0.426073531
040302040304,2017,40.181775617,22.532063996,0.439725752
040302040304,2018,28.873117009,18.383878253,0.401653822
040302040304,2019,50.185859224,24.659193722,0.454801124
040302040401,2010,28.460320655,24.112056805,0.606259436
040302040401,2011,31.161166338,25.219322814,0.629064429
040302040401,2012,22.656299303,18.155370903,0.572094005
040302040401,2013,35.474408351,28.953210535,0.638998295
040302040401,2014,28.979355301,23.281830362,0.622097427
040302040401,2015,28.993203022,23.877176885,0.611801163
040302040401,2016,28.041103736,23.294718628,0.609201927
040302040401,2017,28.933330827,23.106861901,0.623356892
040302040401,2018,19.672190473,15.845827482,0.593450445
040302040401,2019,40.617531569,32.476334581,0.65035649
040302040402,2010,23.767785083,15.002374658,0.644756535
040302040402,2011,24.767588833,14.411916548,0.65512276
040302040402,2012,18.528212962,8.276410254,0.584894101
040302040402,2013,34.95724876,20.806714283,0.665239185
040302040402,2014,25.341019183,14.405263205,0.654992117
040302040402,2015,25.768411799,14.366513964,0.639634682
040302040402,2016,27.545851583,15.956996262,0.629419013
040302040402,2017,29.543367766,16.239104211,0.664128556
040302040402,2018,20.855437756,12.39138548,0.626175469
040302040402,2019,44.203080922,27.496721642,0.69359123
040302040403,2010,24.393003671,14.152599582,0.448679672
040302040403,2011,20.596033984,12.025834802,0.449375204
040302040403,2012,17.136429667,8.23322669,0.39814479
040302040403,2013,29.643712312,15.79082349,0.476669553
040302040403,2014,21.012110869,10.860132388,0.46214424
040302040403,2015,21.256520157,11.29014665,0.437423617
040302040403,2016,22.931402079,12.582095615,0.451887798
040302040403,2017,25.911646488,14.138866734,0.466778941
040302040403,2018,15.507848408,8.571965005,0.421823952
040302040403,2019,35.604020314,19.819447437,0.503736899
040302040404,2010,31.200682937,20.590681965,0.452098621
040302040404,2011,24.014576752,15.262887292,0.44891176
040302040404,2012,20.849869479,11.779289402,0.400736781
040302040404,2013,33.001440364,19.114516294,0.478008389
040302040404,2014,24.539638566,14.234421958,0.459316999
040302040404,2015,25.090249192,14.858777529,0.438066125
040302040404,2016,27.219440312,16.719922174,0.456425832
040302040404,2017,29.660345075,17.804387724,0.467787615
040302040404,2018,18.604742756,11.542038917,0.426703776
040302040404,2019,39.30365073,23.378063461,0.505705958
040302040405,2010,39.031846687,28.550160095,0.560700158
040302040405,2011,35.595514876,25.670319059,0.575634172
040302040405,2012,31.404890107,21.185873732,0.52758668
040302040405,2013,43.370884228,30.017944526,0.587208069
040302040405,2014,35.372275789,24.579477968,0.589196998
040302040405,2015,36.442115077,25.091390143,0.557362973
040302040405,2016,36.512879974,26.084382749,0.555059109
040302040405,2017,39.889821271,27.294349877,0.58320938
040302040405,2018,29.388253128,21.687180941,0.549919947
040302040405,2019,51.467468484,35.515698631,0.609895827
040400020101,2010,35.212207902,23.306387599,0.581357719
040400020101,2011,51.855549687,30.349640654,0.609795027
040400020101,2012,23.276660025,17.310214045,0.548868383
040400020101,2013,37.678436849,23.537682018,0.573344337
040400020101,2014,27.675214261,18.636002209,0.587084916
040400020101,2015,30.709429491,20.504919262,0.59134923
040400020101,2016,30.754705754,22.372480531,0.582213668
040400020101,2017,37.713046956,24.869177203,0.591511992
040400020101,2018,49.449941947,28.715954423,0.625268485
040400020101,2019,48.312788433,31.078438182,0.634609899
040400020102,2010,45.586894538,25.108430511,0.601051733
040400020102,2011,56.476442548,30.638424934,0.678258006
040400020102,2012,27.061664464,18.871515043,0.604133719
040400020102,2013,40.853604074,26.128223871,0.607450865
040400020102,2014,31.745292601,19.692393479,0.634879839
040400020102,2015,40.947807363,23.550601092,0.644887598
040400020102,2016,35.229463723,24.012100633,0.623119698
040400020102,2017,43.082581942,26.162705669,0.648071736
040400020102,2018,54.735605121,27.521340217,0.681773405
040400020102,2019,55.42069096,31.102132166,0.688765048
040400020201,2010,25.690704837,15.448064972,0.581077881
040400020201,2011,37.323243302,21.986962365,0.629739858
040400020201,2012,14.926627493,7.273548994,0.495969271
040400020201,2013,30.656557861,17.971671416,0.558928537
040400020201,2014,15.806968845,7.826788774,0.583657648
040400020201,2015,23.281420601,12.841983403,0.583730468
040400020201,2016,23.910590939,14.501165042,0.597991384
040400020201,2017,28.894861682,16.284117167,0.599198711
040400020201,2018,45.222059218,27.76787679,0.634123724
040400020201,2019,43.821569893,28.070944133,0.645850536
040400020202,2010,29.511965718,25.467687148,0.627913786
040400020202,2011,49.010644939,41.932857546,0.673109249
040400020202,2012,17.657680075,15.635540304,0.534017367
040400020202,2013,36.797328209,29.22734218,0.586104304
040400020202,2014,19.958064334,16.664636145,0.614528615
040400020202,2015,25.711838493,22.853135089,0.62967677
040400020202,2016,27.396907729,24.74085356,0.633628502
040400020202,2017,34.547493389,29.956711228,0.637317734
040400020202,2018,44.850898619,39.363277396,0.673758456
040400020202,2019,48.553595785,43.104227208,0.680012222
040400020203,2010,21.662008244,15.830638256,0.601187329
040400020203,2011,37.098184678,26.031969791,0.662095368
040400020203,2012,13.115694636,7.915466216,0.523715523
040400020203,2013,27.880382754,18.693289887,0.574126501
040400020203,2014,15.403360379,10.557331232,0.614619619
040400020203,2015,22.817944643,15.676462182,0.621362751
040400020203,2016,19.605287697,13.64449941,0.615999299
040400020203,2017,25.209399341,16.604812267,0.633801469
040400020203,2018,42.157840887,29.650852949,0.67274025
040400020203,2019,39.549298979,28.857428173,0.678500025
040400020204,2010,28.155405304,18.186075992,0.60060419
040400020204,2011,44.103417759,29.456262162,0.643175488
040400020204,2012,14.870160484,8.882298276,0.508349476
040400020204,2013,31.737270334,20.01211034,0.568443908
040400020204,2014,18.09093193,10.444573481,0.592513283
040400020204,2015,27.802814307,17.87303854,0.597918191
040400020204,2016,21.15770887,13.865413222,0.593533114
040400020204,2017,30.872809277,19.510135569,0.617315752
040400020204,2018,43.730890153,29.810192827,0.645735186
040400020204,2019,45.301702826,31.590794094,0.670262119
040400020301,2010,46.46391211,38.360525669,0.56669216
040400020301,2011,60.961408328,48.94105398,0.597374448
040400020301,2012,26.353724682,22.144624465,0.511260857
040400020301,2013,43.052302649,34.171625757,0.568353615
040400020301,2014,33.748957517,28.096270248,0.578617152
040400020301,2015,39.137624277,31.983842799,0.563554829
040400020301,2016,41.849025942,35.319165992,0.568715567
040400020301,2017,50.543517414,41.239930985,0.585969411
040400020301,2018,63.649790115,51.279010669,0.591695849
040400020301,2019,66.060480533,54.250246308,0.617383531
040400020302,2010,38.013241465,28.362760733,0.597765987
040400020302,2011,53.671876066,37.404668905,0.635425819
040400020302,2012,22.512390498,16.655667784,0.526312075
040400020302,2013,38.592260113,26.246291495,0.573824085
040400020302,2014,26.482354062,19.624578076,0.589092911
040400020302,2015,33.608551189,24.223242798,0.596666491
040400020302,2016,31.651416099,24.061637168,0.595254841
040400020302,2017,39.224901152,27.605472114,0.618078177
040400020302,2018,56.893182835,41.00772481,0.642159826
040400020302,2019,55.529216258,40.836828861,0.665433959
040400020303,2010,15.412679935,10.597891083,0.571367943
040400020303,2011,36.231666624,23.748930388,0.658284192
040400020303,2012,10.53022327,6.826227542,0.50526458
040400020303,2013,24.788280507,15.145137174,0.522456767
040400020303,2014,11.330063446,7.467206698,0.559973267
040400020303,2015,16.178374628,10.000100732,0.597568526
040400020303,2016,14.139423753,9.564881549,0.56187653
040400020303,2017,17.662988336,10.22851904,0.602087013
040400020303,2018,30.892818087,20.862870166,0.64846652
040400020303,2019,30.101230512,20.901439354,0.667990887
040400020304,2010,20.05731638,14.723423355,0.566237294
040400020304,2011,40.079289191,26.788334638,0.652163962
040400020304,2012,13.007760592,9.072625215,0.500073765
040400020304,2013,27.964148953,18.026642628,0.518364326
040400020304,2014,14.355397525,10.450334828,0.549050358
040400020304,2015,18.442440025,11.908670534,0.579333476
040400020304,2016,17.436280919,12.569412614,0.566916838
040400020304,2017,21.601305408,13.840277789,0.600374142
040400020304,2018,35.221152924,24.258921642,0.638087105
040400020304,2019,35.407514217,25.499366176,0.657638677
040400020305,2010,16.691052976,12.161852632,0.582331439
040400020305,2011,38.141019619,26.644574953,0.661672126
040400020305,2012,11.539811555,8.156908427,0.518730577
040400020305,2013,26.618351493,17.256689626,0.536407351
040400020305,2014,12.465325593,8.527916412,0.577615628
040400020305,2015,16.853667007,11.271844418,0.606027399
040400020305,2016,15.410756321,11.14923463,0.571524141
040400020305,2017,19.724078258,12.809706115,0.608305056
040400020305,2018,32.944254053,23.567830074,0.66070284
040400020305,2019,31.821018897,23.479518786,0.676389158
040400020306,2010,41.056863788,29.564325142,0.494487472
040400020306,2011,53.06653613,37.288860025,0.541666538
040400020306,2012,26.491210729,19.400696267,0.468948106
040400020306,2013,38.373840435,26.699730546,0.486949075
040400020306,2014,29.670530345,21.679627144,0.491463072
040400020306,2015,35.555146499,25.47316918,0.505507107
040400020306,2016,34.286686922,25.252117369,0.495590843
040400020306,2017,39.721671485,28.101728513,0.508771282
040400020306,2018,58.062583464,39.280922747,0.54028181
040400020306,2019,52.597647394,37.915817772,0.550217173
040400020401,2010,21.999833535,4.799815364,0.528011953
040400020401,2011,29.217542729,6.956959005,0.575789356
040400020401,2012,12.272905664,3.142153642,0.506259579
040400020401,2013,27.309388651,6.156853067,0.531800364
040400020401,2014,19.307826399,4.828968169,0.546321172
040400020401,2015,18.056724719,3.758223649,0.547151852
040400020401,2016,19.495432542,4.505782682,0.553658302
040400020401,2017,26.218268021,5.979454886,0.563318515
040400020401,2018,25.851801308,5.595110539,0.568908501
040400020401,2019,26.265383242,6.447639657,0.588520739
040400020402,2010,22.306917858,1.505052148,0.476249573
040400020402,2011,32.295358627,4.271839536,0.523127721
040400020402,2012,10.044382955,0.771352174,0.403755282
040400020402,2013,24.780804115,1.965370645,0.429589288
040400020402,2014,14.130988709,1.994197627,0.478435861
040400020402,2015,19.619991821,1.484243797,0.485541149
040400020402,2016,20.645053012,1.57477486,0.494292645
040400020402,2017,22.237041103,1.451516195,0.477938241
040400020402,2018,31.406881049,1.700142576,0.511299196
040400020402,2019,29.741871759,2.491514031,0.522798344
040400020403,2010,42.803952025,9.193868467,0.40532142
040400020403,2011,54.825735885,12.691189192,0.42687221
040400020403,2012,24.827918309,6.570830344,0.366526202
040400020403,2013,37.910842538,9.048248034,0.377314458
040400020403,2014,29.955010716,8.497301912,0.402809929
040400020403,2015,34.649784043,8.4002558,0.410894054
040400020403,2016,37.03677742,9.331387516,0.414517061
040400020403,2017,38.836039385,9.122931269,0.406376073
040400020403,2018,54.055371569,10.475733318,0.419462865
040400020403,2019,51.054661054,11.50869644,0.428379458
040400020501,2010,40.613215583,20.146710646,0.488478609
040400020501,2011,48.664936865,24.182648067,0.529134789
040400020501,2012,23.450556966,13.957105594,0.445084546
040400020501,2013,41.490864083,19.888417488,0.501696161
040400020501,2014,29.391098918,15.681921118,0.50572645
040400020501,2015,32.855020382,15.894845321,0.494389785
040400020501,2016,36.646292493,19.942371803,0.50107596
040400020501,2017,44.383052168,21.733616469,0.499440449
040400020501,2018,39.715323575,19.671876615,0.507182887
040400020501,2019,47.647550772,24.38710966,0.527469543
040400030101,2010,16.243449255,9.002402693,0.554207647
040400030101,2011,32.34691906,17.715150635,0.611196614
040400030101,2012,14.35130284,8.061831475,0.495538415
040400030101,2013,28.890622398,15.582012137,0.596716311
040400030101,2014,27.300527528,13.315333201,0.611956764
040400030101,2015,18.472658806,8.731361023,0.592624223
040400030101,2016,22.482997728,11.445506562,0.588292209
040400030101,2017,37.637868311,17.201705924,0.618264095
040400030101,2018,26.937956232,13.5634228,0.610362206
040400030101,2019,48.900073341,20.78714479,0.64820244
040400030102,2010,12.80032923,8.860514291,0.556563702
040400030102,2011,26.761189495,17.504079219,0.616917617
040400030102,2012,11.637800642,8.047730782,0.493754668
040400030102,2013,25.287690104,15.510339606,0.595954434
040400030102,2014,21.642288539,13.012339069,0.61644318
040400030102,2015,14.362801487,8.645098256,0.59748852
040400030102,2016,16.971075425,11.246389175,0.591752843
040400030102,2017,30.331373056,17.032813452,0.624775081
040400030102,2018,22.20169004,13.350766561,0.614150555
040400030102,2019,40.789191956,20.758699428,0.656887854
040400030103,2010,18.631439406,8.480262728,0.557636741
040400030103,2011,35.732251097,17.033048863,0.614953283
040400030103,2012,15.828512383,7.622752232,0.497199225
040400030103,2013,29.882315883,14.942686944,0.592725912
040400030103,2014,28.016387744,12.408719903,0.612271219
040400030103,2015,19.472314635,8.00504636,0.593996104
040400030103,2016,26.829666527,10.733544204,0.593927296
040400030103,2017,40.6700593,16.218936815,0.621818724
040400030103,2018,29.654941107,12.874420715,0.612514417
040400030103,2019,54.14882773,19.690917724,0.652201729
040400030104,2010,19.204069136,12.417648653,0.561451183
040400030104,2011,34.989901238,21.676014843,0.621492077
040400030104,2012,15.567990471,10.535128567,0.502707162
040400030104,2013,28.749414521,18.081022904,0.59579199
040400030104,2014,24.86064861,15.630265884,0.613761044
040400030104,2015,18.019666422,11.301545685,0.593995173
040400030104,2016,25.684578462,15.690925285,0.59749772
040400030104,2017,35.3877503,21.344187231,0.622728399
040400030104,2018,29.406138575,17.284266293,0.618121185
040400030104,2019,50.828180475,26.260835703,0.659547479
040400030105,2010,12.775956938,8.361951713,0.546909601
040400030105,2011,27.280404831,16.979913443,0.607446525
040400030105,2012,11.791973823,7.561007358,0.485610287
040400030105,2013,25.313463409,14.966478199,0.584962559
040400030105,2014,20.868120998,12.441719911,0.603716575
040400030105,2015,13.421843281,8.018584463,0.585047379
040400030105,2016,17.16398408,10.63760576,0.581602477
040400030105,2017,27.756086993,16.023812271,0.609680768
040400030105,2018,22.550677226,12.788657011,0.60354469
040400030105,2019,39.772439318,19.538262128,0.642673345
040400030106,2010,17.119265771,8.607618614,0.54282032
040400030106,2011,35.329363551,17.108605204,0.607790983
040400030106,2012,14.476823243,7.748125312,0.47470928
040400030106,2013,30.464533574,15.407438426,0.586396566
040400030106,2014,25.717968468,12.752963021,0.599195071
040400030106,2015,17.856440569,8.312769001,0.578059825
040400030106,2016,23.927300714,11.115467398,0.576957288
040400030106,2017,35.007158091,16.342608763,0.601709102
040400030106,2018,29.08294768,13.107806054,0.598356621
040400030106,2019,50.506470101,20.219670811,0.639612015
040400030107,2010,24.050732915,12.832737963,0.55648442
040400030107,2011,41.63101374,22.030438011,0.615162372
040400030107,2012,18.147998801,10.417794905,0.484718423
040400030107,2013,34.218167898,18.47708513,0.590996459
040400030107,2014,30.979659763,16.203123416,0.607226091
040400030107,2015,22.969230878,11.72533629,0.589330727
040400030107,2016,30.082182575,15.265348097,0.588129895
040400030107,2017,41.237033977,21.170948436,0.613297701
040400030107,2018,35.609009629,17.457897882,0.612338512
040400030107,2019,61.127383526,26.474957593,0.65020491
040400030201,2010,19.567427014,15.311173456,0.589391216
040400030201,2011,33.386076175,24.911296879,0.623808353
040400030201,2012,17.253425433,13.372709805,0.510080382
040400030201,2013,32.60985669,24.039737068,0.628920809
040400030201,2014,33.561192122,22.557615044,0.631162152
040400030201,2015,21.293155806,15.644158339,0.600217069
040400030201,2016,33.665230429,22.452192357,0.61935007
040400030201,2017,44.835993678,26.921784311,0.644438722
040400030201,2018,30.550745149,21.779598936,0.632962131
040400030201,2019,56.411049236,31.489560563,0.667096937
040400030202,2010,19.401406319,15.945574295,0.487462356
040400030202,2011,29.907374035,23.102806,0.512226083
040400030202,2012,18.216147566,14.44499804,0.422678
040400030202,2013,29.887995039,22.761623447,0.512542201
040400030202,2014,30.545520583,21.921773231,0.513974075
040400030202,2015,22.064504672,16.925999733,0.494035606
040400030202,2016,28.85246856,21.846994407,0.507369447
040400030202,2017,38.848374741,27.806708993,0.526094027
040400030202,2018,26.644995488,20.275046251,0.5103596
040400030202,2019,48.248519555,31.829175897,0.547135157
040400030203,2010,18.838586684,14.671910114,0.587828265
040400030203,2011,34.615804939,25.361345257,0.628198745
040400030203,2012,18.063456769,13.735865874,0.510759773
040400030203,2013,33.352847311,24.051708633,0.626364589
040400030203,2014,33.66595231,22.225141614,0.632786649
040400030203,2015,22.363112739,16.183397782,0.604644911
040400030203,2016,32.968853593,22.465999695,0.620586165
040400030203,2017,44.779055135,27.156627875,0.646159234
040400030203,2018,32.003210044,22.709118659,0.637387615
040400030203,2019,54.161537568,31.367215335,0.667380337
040400030204,2010,18.530723917,13.935510752,0.571482905
040400030204,2011,34.085606291,24.203777468,0.617052578
040400030204,2012,17.928510926,13.757023683,0.502720247
040400030204,2013,33.469444144,23.505448558,0.619568626
040400030204,2014,33.300380005,22.347668115,0.626915601
040400030204,2015,23.710237596,16.866932577,0.589648898
040400030204,2016,29.438844743,20.338908069,0.594968305
040400030204,2017,42.044531294,26.443967031,0.631806447
040400030204,2018,29.793669327,20.916176635,0.613719009
040400030204,2019,54.909110364,30.836831894,0.656099039
040400030205,2010,14.710806893,11.076869972,0.495852093
040400030205,2011,25.536415329,18.257131331,0.563590743
040400030205,2012,12.567794017,9.370498416,0.450309817
040400030205,2013,26.741765645,18.818372737,0.548203565
040400030205,2014,25.097394739,16.817213098,0.572064857
040400030205,2015,19.454939105,13.011622685,0.536664678
040400030205,2016,22.520555626,15.75628882,0.517854329
040400030205,2017,35.156762245,21.554585935,0.544801026
040400030205,2018,23.500944258,15.919534852,0.545919496
040400030205,2019,44.919584353,26.309459243,0.595014598
040400030206,2010,16.61476745,13.366134391,0.500826563
040400030206,2011,29.810138214,22.118299032,0.576501606
040400030206,2012,15.410282637,11.971730955,0.458954622
040400030206,2013,28.528741907,21.55934218,0.552881456
040400030206,2014,27.686344318,20.176972604,0.581603124
040400030206,2015,21.181828962,15.615077995,0.543880935
040400030206,2016,25.086866354,18.92750192,0.524671175
040400030206,2017,38.507685823,26.715919376,0.557234402
040400030206,2018,26.802994745,19.253576885,0.554213422
040400030206,2019,48.92343604,32.041170374,0.608523522
040400030207,2010,19.274967358,14.739218136,0.587392442
040400030207,2011,36.042822674,25.744356545,0.62634912
040400030207,2012,18.341141469,13.805177472,0.52139415
040400030207,2013,33.649309668,24.16752264,0.624357322
040400030207,2014,32.697663095,21.684632054,0.629734698
040400030207,2015,23.215433638,16.221640565,0.603734229
040400030207,2016,32.492941652,21.56593266,0.616083165
040400030207,2017,43.787320537,26.807381201,0.641480249
040400030207,2018,31.950976661,22.109972827,0.632885682
040400030207,2019,53.441442868,31.729825818,0.66235721
040400030208,2010,28.249079661,10.305045412,0.51294614
040400030208,2011,44.794216907,18.109244958,0.577720202
040400030208,2012,22.030672827,8.873307675,0.487755867
040400030208,2013,40.260099422,16.232963512,0.568136156
040400030208,2014,33.635587011,13.44278941,0.571975356
040400030208,2015,30.639768557,11.008702261,0.552317586
040400030208,2016,34.006067955,12.902052871,0.541028628
040400030208,2017,45.509521131,16.25946969,0.563725308
040400030208,2018,40.430824305,14.828494832,0.569455456
040400030208,2019,58.416447399,20.329836168,0.599706892
040400030209,2010,20.970799473,11.784522316,0.510230548
040400030209,2011,36.973479817,19.731844917,0.578063127
040400030209,2012,16.135123743,9.568057484,0.463981186
040400030209,2013,32.295694498,17.160129468,0.563345344
040400030209,2014,25.562530736,14.45200118,0.569573304
040400030209,2015,21.593800674,11.589628145,0.545972427
040400030209,2016,24.00167432,13.605905637,0.539177883
040400030209,2017,36.105586089,18.489699271,0.561532538
040400030209,2018,34.509668306,16.970036279,0.572584405
040400030209,2019,51.379733166,24.263031135,0.603765123
040400030301,2010,34.530573733,15.30532815,0.537434296
040400030301,2011,45.008597494,22.754819054,0.589926682
040400030301,2012,20.154957829,11.045941761,0.467581775
040400030301,2013,37.091878634,18.611834453,0.574543409
040400030301,2014,28.887284991,14.953223309,0.574358987
040400030301,2015,31.164319908,15.328526291,0.565718498
040400030301,2016,27.570419221,14.94720523,0.552960301
040400030301,2017,50.536898044,21.267538375,0.583155052
040400030301,2018,45.318398043,21.140404949,0.593140382
040400030301,2019,59.867019668,26.219367672,0.623139641
040400030302,2010,24.96937881,11.580036762,0.592542485
040400030302,2011,38.98208844,19.800841703,0.641446786
040400030302,2012,15.627531266,8.523769678,0.509444791
040400030302,2013,28.673372873,14.787751466,0.611495585
040400030302,2014,24.109985184,12.773448603,0.627876882
040400030302,2015,25.733678412,12.396912963,0.621162242
040400030302,2016,25.067924556,12.542348934,0.623322705
040400030302,2017,43.723097165,16.755833572,0.636126662
040400030302,2018,35.70880572,16.188223481,0.640552433
040400030302,2019,49.91294788,21.10120367,0.673521541
040400030303,2010,29.098735516,15.779134932,0.574225679
040400030303,2011,44.206680014,25.17169892,0.62489874
040400030303,2012,18.728509792,11.379375135,0.50328328
040400030303,2013,36.430257644,20.108814737,0.608697196
040400030303,2014,26.639216595,15.566830851,0.613952686
040400030303,2015,28.172295936,15.729648078,0.603831273
040400030303,2016,24.165816234,14.623081984,0.589371294
040400030303,2017,45.776579695,23.241844187,0.619859971
040400030303,2018,42.350480952,22.185195927,0.629320114
040400030303,2019,56.707181927,28.394596302,0.655351878
040400030304,2010,29.610967366,13.728447244,0.551800081
040400030304,2011,43.096085834,22.183960047,0.601141926
040400030304,2012,20.100792473,10.153446868,0.492948196
040400030304,2013,37.261900432,19.158019442,0.589186814
040400030304,2014,27.180626487,13.951461257,0.588725233
040400030304,2015,29.928855242,13.824783339,0.578400733
040400030304,2016,24.535162398,12.703938671,0.558542614
040400030304,2017,40.927933164,19.127805113,0.59112875
040400030304,2018,43.195649144,20.280952656,0.610068963
040400030304,2019,56.048590224,26.708600489,0.632938685
040400030401,2010,36.75938715,20.591448357,0.559153758
040400030401,2011,43.886369171,27.465449021,0.603543292
040400030401,2012,21.685082674,13.761530531,0.509263163
040400030401,2013,40.121543218,23.495401035,0.598395429
040400030401,2014,31.046356246,19.434872396,0.58607412
040400030401,2015,37.855567247,21.407667029,0.57302891
040400030401,2016,31.585213836,20.719963196,0.568600446
040400030401,2017,44.700189901,24.390941077,0.592979951
040400030401,2018,49.335560341,27.173995643,0.608562744
040400030401,2019,54.936809173,32.494816313,0.628202309
040400030402,2010,43.364501568,21.220878015,0.493996176
040400030402,2011,56.809792947,28.22280753,0.530543895
040400030402,2012,28.00059392,15.993846614,0.451038935
040400030402,2013,45.059343635,22.631606646,0.516786612
040400030402,2014,35.40915423,18.466946267,0.51386842
040400030402,2015,42.149620758,20.397104574,0.495549528
040400030402,2016,36.457907371,21.24977843,0.494769318
040400030402,2017,56.971498608,25.734604336,0.513253744
040400030402,2018,59.966718542,27.092699922,0.524715916
040400030402,2019,60.879711375,31.065693416,0.539626095
040400030403,2010,53.185523613,25.713790088,0.548446434
040400030403,2011,66.868008834,32.288219342,0.597453886
040400030403,2012,31.112870441,19.593433866,0.53107256
040400030403,2013,55.962267218,28.864946009,0.592291235
040400030403,2014,42.642750105,23.640507771,0.580199859
040400030403,2015,50.137144877,24.695059433,0.573621314
040400030403,2016,44.283988261,26.144266116,0.562851279
040400030403,2017,59.43056691,28.786101293,0.58585252
040400030403,2018,68.664945357,29.455983888,0.607237038
040400030403,2019,67.375631517,33.917339038,0.618773885
040400030404,2010,59.030770305,33.041880886,0.458021535
040400030404,2011,69.131962166,39.29809526,0.485073495
040400030404,2012,30.043817029,21.297387,0.433420672
040400030404,2013,47.805872198,30.263190372,0.490857354
040400030404,2014,42.734075199,27.543946502,0.483403487
040400030404,2015,44.877535175,27.622381495,0.466327113
040400030404,2016,46.79705631,30.74438614,0.456636237
040400030404,2017,58.855127018,35.014108058,0.464810614
040400030404,2018,65.239872696,35.767873069,0.499700101
040400030404,2019,70.210524067,39.808572985,0.503328494
040400030405,2010,59.593594114,27.7590831,0.406916443
040400030405,2011,73.503029748,32.865646271,0.424847437
040400030405,2012,34.43276786,21.493943014,0.388057284
040400030405,2013,49.740330354,27.258817111,0.415190259
040400030405,2014,45.40090437,24.550439025,0.407539681
040400030405,2015,48.183179106,25.412707563,0.407654378
040400030405,2016,55.664634998,28.873165581,0.408459626
040400030405,2017,65.862519113,31.019265583,0.406312368
040400030405,2018,70.165387335,30.920184129,0.418263703
040400030405,2019,73.884363159,34.123080204,0.43718845
040400030501,2010,55.43104706,8.470832151,0.382515043
040400030501,2011,66.469014723,10.26894155,0.383090583
040400030501,2012,30.913751291,4.899881413,0.35951747
040400030501,2013,46.405665018,7.551661892,0.386092935
040400030501,2014,41.770975707,6.699413073,0.383517557
040400030501,2015,47.319574765,6.578006111,0.380625104
040400030501,2016,50.96659678,7.904900729,0.381241941
040400030501,2017,55.843113564,8.660013724,0.3731619
040400030501,2018,67.351965258,10.023011007,0.397912243
040400030501,2019,67.163973306,10.332355901,0.403479023
040400030601,2010,34.298711834,26.772585321,0.587927643
040400030601,2011,52.47009367,38.38582238,0.64070848
040400030601,2012,24.567272657,19.52498865,0.525521891
040400030601,2013,39.357336574,27.784632471,0.593941636
040400030601,2014,28.64067654,21.61141238,0.601641187
040400030601,2015,32.73426487,25.260136374,0.607190794
040400030601,2016,32.595864205,26.059401935,0.59653313
040400030601,2017,51.715559775,35.68333858,0.615904798
040400030601,2018,44.738759752,33.469785327,0.64002958
040400030601,2019,52.682960808,39.593923732,0.666950986
040400030602,2010,14.169614577,11.706514061,0.567710081
040400030602,2011,28.013738927,22.997050198,0.631787786
040400030602,2012,11.440916718,9.231743864,0.493590949
040400030602,2013,24.883823811,19.365137676,0.604728265
040400030602,2014,17.00784725,13.208669951,0.614135499
040400030602,2015,12.52163235,9.593499154,0.591313464
040400030602,2016,15.257606428,12.190179503,0.590436211
040400030602,2017,24.261250975,19.736180803,0.622527888
040400030602,2018,24.712280852,18.908266579,0.637773957
040400030602,2019,42.372038339,34.042327843,0.674298868
040400030603,2010,24.572678211,18.714199689,0.559464882
040400030603,2011,40.097249955,31.306142533,0.621985331
040400030603,2012,18.029001854,13.609156526,0.49857263
040400030603,2013,35.935068166,26.665743554,0.596896958
040400030603,2014,24.583392353,18.0792609,0.60271557
040400030603,2015,25.682146343,19.166511913,0.584449207
040400030603,2016,22.846413164,17.883188655,0.566145971
040400030603,2017,31.818071717,23.693869374,0.597977151
040400030603,2018,41.452436632,31.264021444,0.630856224
040400030603,2019,54.314616957,41.905219475,0.654285088
040400030604,2010,23.001585831,16.314323093,0.499538413
040400030604,2011,35.678421365,26.285084279,0.544520918
040400030604,2012,16.967341571,12.502679967,0.446915839
040400030604,2013,30.203410306,21.449293304,0.523082493
040400030604,2014,21.000984163,14.513698699,0.51790234
040400030604,2015,23.267425918,16.202122062,0.518098128
040400030604,2016,18.063458306,13.85228104,0.506382833
040400030604,2017,33.652365739,22.586461031,0.530512147
040400030604,2018,36.915696863,26.781353645,0.560012481
040400030604,2019,42.946515658,33.45644039,0.582080895
040400030605,2010,58.113524921,44.905071475,0.425539323
040400030605,2011,76.898814201,58.421755255,0.459391416
040400030605,2012,35.999448025,28.761455631,0.406231632
040400030605,2013,50.765130337,38.23956749,0.457689054
040400030605,2014,46.785991571,35.982660731,0.461754758
040400030605,2015,48.940329688,38.02626301,0.430907048
040400030605,2016,53.247459249,41.805581875,0.426544068
040400030605,2017,72.26021296,53.327281039,0.428987164
040400030605,2018,70.578479202,53.78705156,0.448258621
040400030605,2019,75.027343107,58.722863142,0.484645034
040400030606,2010,44.331919407,32.401815422,0.45604143
040400030606,2011,61.151588129,44.062223251,0.492863681
040400030606,2012,28.701275254,22.078216586,0.431910454
040400030606,2013,43.32963776,31.397873841,0.479317186
040400030606,2014,36.416449604,26.610247678,0.477390501
040400030606,2015,38.771448956,28.796814964,0.464973871
040400030606,2016,40.223277004,30.725584931,0.462256858
040400030606,2017,60.016883646,41.051963238,0.473759618
040400030606,2018,56.070674561,40.469818965,0.490058801
040400030606,2019,59.939037561,45.12863084,0.513498785
041800000101,2010,,,
041800000101,2011,,,
041800000101,2012,,,
041800000101,2013,,,
041800000101,2014,,,
041800000101,2015,,,
041800000101,2016,,,
041800000101,2017,,,
041800000101,2018,,,
041800000101,2019,,,
041800000200,2010,,,
041800000200,2011,,,
041800000200,2012,,,
041800000200,2013,,,
041800000200,2014,,,
041800000200,2015,,,
041800000200,2016,,,
041800000200,2017,,,
041800000200,2018,,,
041800000200,2019,,,
041900000100,2010,1.789646709,0.983874108,0.635012688
041900000100,2011,1.282391751,0.893642208,0.626078952
041900000100,2012,0.796908878,0.651989303,0.572070731
041900000100,2013,0.992070446,0.730446618,0.598386042
041900000100,2014,3.592762316,1.287459746,0.647827186
041900000100,2015,1.355598797,0.881603254,0.62084119
041900000100,2016,1.054187065,0.768341719,0.600773511
041900000100,2017,0.875398748,0.797032525,0.63355825
041900000100,2018,1.361917807,0.896999709,0.61751324
041900000100,2019,3.182723791,1.2079262,0.643853933
041900000200,2010,,,
041900000200,2011,,,
041900000200,2012,,,
041900000200,2013,,,
041900000200,2014,,,
041900000200,2015,,,
041900000200,2016,,,
041900000200,2017,,,
041900000200,2018,,,
041900000200,2019,,,
070300010101,2010,11.431509482,7.448750995,0.626177059
070300010101,2011,14.11751594,9.617327577,0.577105594
070300010101,2012,5.807886044,3.954052722,0.513559421
070300010101,2013,14.611006021,8.766094577,0.61633983
070300010101,2014,19.165499544,12.419304094,0.674245061
070300010101,2015,12.508694848,8.453730301,0.633309091
070300010101,2016,17.240771142,11.155308177,0.625695496
070300010101,2017,12.601487796,7.588374072,0.683124891
070300010101,2018,10.702655614,6.977742975,0.648825496
070300010101,2019,20.729280764,13.623348098,0.6603547
070300010102,2010,25.248067575,17.834963842,0.565433026
070300010102,2011,19.526098486,14.602252849,0.499981458
070300010102,2012,9.412950473,8.353308526,0.449349163
070300010102,2013,20.297458659,10.817572037,0.532150807
070300010102,2014,26.162674683,16.210967929,0.582465809
070300010102,2015,18.405624827,14.348514543,0.551071043
070300010102,2016,29.231303129,20.366493004,0.556922441
070300010102,2017,30.477502205,21.646454,0.604772603
070300010102,2018,22.131770948,15.731388974,0.580886827
070300010102,2019,27.572784804,18.109585663,0.588374677
070300010103,2010,19.397369766,11.393752853,0.570004799
070300010103,2011,16.498932336,11.40351721,0.501357864
070300010103,2012,6.17755439,5.572203524,0.447149362
070300010103,2013,16.382435206,6.874539501,0.532815602
070300010103,2014,19.662276682,10.299884051,0.584478167
070300010103,2015,16.97685458,11.259844698,0.560792234
070300010103,2016,25.606702047,15.103816665,0.563771911
070300010103,2017,23.931637277,14.730214502,0.6101583
070300010103,2018,19.669863239,12.271688657,0.589075274
070300010103,2019,23.360187775,13.324097625,0.593855958
070300010104,2010,16.934318428,9.220068881,0.559794602
070300010104,2011,13.642176291,8.68884572,0.490641396
070300010104,2012,6.350425008,5.19349794,0.441738606
070300010104,2013,15.517896623,6.057278205,0.520000624
070300010104,2014,17.290583425,8.352354556,0.571404727
070300010104,2015,14.378266499,8.739974276,0.549714987
070300010104,2016,21.513113175,11.402819081,0.549583044
070300010104,2017,21.106393695,11.538520143,0.59635782
070300010104,2018,15.220012181,9.764284164,0.573167927
070300010104,2019,19.399739081,9.951907048,0.575861648
070300010105,2010,18.365759475,11.649527803,0.531402239
070300010105,2011,14.415891948,11.201162631,0.504862611
070300010105,2012,9.019147695,6.770525504,0.452487781
070300010105,2013,12.502754851,8.289231268,0.560323889
070300010105,2014,18.532217222,12.263640168,0.592651023
070300010105,2015,15.954973134,11.672925283,0.558569415
070300010105,2016,25.6025546,15.247141066,0.546430626
070300010105,2017,24.556863996,15.369485528,0.60478634
070300010105,2018,16.328935036,11.94109785,0.57225573
070300010105,2019,19.848348593,13.761396936,0.589323876
070300010106,2010,20.050438171,12.157370604,0.544274067
070300010106,2011,17.121884739,11.824415959,0.486175052
070300010106,2012,6.31639371,5.363841448,0.425001741
070300010106,2013,16.737206912,6.763278768,0.530652402
070300010106,2014,21.718690554,11.378521651,0.570571344
070300010106,2015,19.552163682,11.874354648,0.548867151
070300010106,2016,30.444041987,17.285833373,0.548834254
070300010106,2017,31.046617959,17.220653621,0.581251929
070300010106,2018,21.786639867,13.226488827,0.568818218
070300010106,2019,25.974922059,14.458752048,0.578985741
070300010107,2010,19.359368388,11.6527355,0.542001462
070300010107,2011,15.975762234,11.114857809,0.463183462
070300010107,2012,6.992377207,5.821041038,0.414788347
070300010107,2013,16.028010953,7.058784996,0.516262052
070300010107,2014,19.133021045,10.503718773,0.555314497
070300010107,2015,16.326080503,10.756068196,0.537077665
070300010107,2016,23.914527874,14.419158277,0.537635028
070300010107,2017,22.418973603,14.104652844,0.571167101
070300010107,2018,18.234206297,11.783545323,0.557577366
070300010107,2019,21.640470416,12.290573523,0.557462287
070300010201,2010,17.655252925,7.774183321,0.55275583
070300010201,2011,13.8940166,8.375822308,0.519874922
070300010201,2012,5.212006179,4.003689829,0.434516225
070300010201,2013,13.655309828,4.570610947,0.548785585
070300010201,2014,19.461003387,7.335237784,0.590170113
070300010201,2015,16.102313142,8.012506404,0.554933061
070300010201,2016,21.717432549,10.160097218,0.587221317
070300010201,2017,23.093178366,10.415454891,0.594206439
070300010201,2018,11.772074564,7.812140921,0.551459716
070300010201,2019,17.504633365,7.828280177,0.601469276
070300010202,2010,12.814869731,8.180612087,0.540635902
070300010202,2011,12.81946166,9.085285604,0.503678285
070300010202,2012,4.821757201,4.087369381,0.425388941
070300010202,2013,12.246572554,5.171634934,0.541057502
070300010202,2014,16.948960864,8.193368499,0.578466325
070300010202,2015,13.152853208,8.528936521,0.54377044
070300010202,2016,19.233617751,11.431864779,0.576449544
070300010202,2017,19.22112551,12.144698015,0.584341695
070300010202,2018,10.720097886,8.087671732,0.544138778
070300010202,2019,16.563187107,8.808695906,0.59535957
070300010203,2010,10.427123975,8.191453791,0.545976615
070300010203,2011,13.051995665,10.045425619,0.505267658
070300010203,2012,5.026272138,4.339932567,0.427498333
070300010203,2013,11.305905379,5.267517952,0.541308153
070300010203,2014,15.781919534,8.720694729,0.585275141
070300010203,2015,12.725710099,9.518935742,0.551149846
070300010203,2016,19.024002114,13.058748934,0.585351765
070300010203,2017,18.389561196,13.333657123,0.591649237
070300010203,2018,11.248044002,9.538594536,0.550050086
070300010203,2019,16.342213736,10.14503493,0.605283679
070300010204,2010,20.691972805,8.268198212,0.397077627
070300010204,2011,16.285966465,9.415936715,0.348114997
070300010204,2012,6.486559921,4.361942831,0.315974208
070300010204,2013,12.665299395,4.778655325,0.370232583
070300010204,2014,19.892451131,7.68792592,0.39520656
070300010204,2015,23.875671884,9.516607438,0.395779263
070300010204,2016,30.780418872,12.538682281,0.404723129
070300010204,2017,28.088322765,11.432862952,0.404767827
070300010204,2018,17.983715166,9.089629185,0.381561728
070300010204,2019,25.418604365,10.749686933,0.412614245
070300010205,2010,8.959265257,5.669473401,0.539499279
070300010205,2011,11.614293458,8.050749941,0.514482375
070300010205,2012,4.110860411,3.484282691,0.422706326
070300010205,2013,8.853392145,3.002244161,0.529371458
070300010205,2014,13.28277029,5.31715978,0.580731877
070300010205,2015,13.646210566,8.22520151,0.549026637
070300010205,2016,20.591369806,12.070466828,0.58252789
070300010205,2017,18.021319845,10.901145129,0.584517545
070300010205,2018,10.825982471,8.219488004,0.549423003
070300010205,2019,17.365444584,8.882219271,0.607424761
070300010206,2010,17.720979597,7.453573231,0.433151669
070300010206,2011,16.742223966,9.145176776,0.397156147
070300010206,2012,7.195398522,4.925803405,0.340189159
070300010206,2013,10.95943345,4.491367828,0.402602576
070300010206,2014,19.108695036,7.050168069,0.440692353
070300010206,2015,23.831325682,9.680939222,0.436453586
070300010206,2016,27.791550193,11.79583171,0.450457833
070300010206,2017,24.750079177,10.532844286,0.449205677
070300010206,2018,16.456631028,8.411405668,0.423140835
070300010206,2019,26.57074151,10.303245562,0.463427242
070300010301,2010,22.91829514,13.36181372,0.519290251
070300010301,2011,20.388932149,14.27269274,0.480452352
070300010301,2012,9.427020891,5.734724891,0.383012889
070300010301,2013,15.09566125,9.372769781,0.483993197
070300010301,2014,26.192278653,16.174708611,0.547355286
070300010301,2015,24.018400196,14.077849271,0.488702075
070300010301,2016,30.420005006,18.881762855,0.520426542
070300010301,2017,35.028977445,20.897509765,0.507019158
070300010301,2018,20.013042551,14.20928256,0.483818559
070300010301,2019,29.470908942,17.57321604,0.550258861
070300010302,2010,21.523027392,12.322780188,0.525697597
070300010302,2011,19.6411519,13.74297223,0.485319759
070300010302,2012,8.358548893,4.957027207,0.396664608
070300010302,2013,14.052118868,8.692394936,0.492096888
070300010302,2014,25.360858137,15.402864326,0.555929066
070300010302,2015,24.895234226,14.050312152,0.496669539
070300010302,2016,30.694116752,18.85341892,0.527346269
070300010302,2017,33.541251628,19.615555158,0.513564159
070300010302,2018,20.466690077,13.874183173,0.493413102
070300010302,2019,28.475786731,16.860044497,0.558053453
070300010303,2010,21.04953032,6.48618055,0.517836792
070300010303,2011,18.558866279,8.425280485,0.50234924
070300010303,2012,6.777421898,3.249464487,0.395973204
070300010303,2013,11.650497463,5.655074502,0.480836338
070300010303,2014,24.509954588,9.888828074,0.547473477
070300010303,2015,28.021466145,8.857546398,0.492001563
070300010303,2016,32.964539296,12.338409958,0.523087462
070300010303,2017,32.932016665,11.727848061,0.505184124
070300010303,2018,19.793488668,10.106827818,0.488116541
070300010303,2019,31.325104602,11.652218477,0.55729005
070300010401,2010,21.416388781,9.51459239,0.578383209
070300010401,2011,23.396790097,15.176984614,0.543786668
070300010401,2012,5.413074149,5.107890721,0.412432057
070300010401,2013,14.065595403,8.290562659,0.517722108
070300010401,2014,27.36794162,13.329176909,0.581490656
070300010401,2015,15.588414022,11.418474095,0.576148986
070300010401,2016,21.03644673,13.067636473,0.582377588
070300010401,2017,24.155056018,12.612881141,0.573910875
070300010401,2018,14.784885149,8.58932902,0.531941916
070300010401,2019,35.422758332,15.569931344,0.68385858
070300010402,2010,19.620793224,8.351805594,0.574740184
070300010402,2011,22.502999284,13.811592612,0.540027337
070300010402,2012,5.450166493,5.011024826,0.415807402
070300010402,2013,13.947993163,7.855865216,0.522166234
070300010402,2014,29.270177608,12.689403303,0.581886825
070300010402,2015,16.164409965,10.704833674,0.574446406
070300010402,2016,20.18141831,11.956663636,0.578346759
070300010402,2017,24.066152974,11.490361077,0.571012559
070300010402,2018,15.332635254,8.077904282,0.53518516
070300010402,2019,33.972096999,14.11742463,0.674388278
070300010403,2010,12.027209261,7.635544776,0.578863039
070300010403,2011,18.034495298,13.170493148,0.544556678
070300010403,2012,4.977564543,4.704158782,0.411787786
070300010403,2013,11.520786503,7.72154874,0.51885023
070300010403,2014,18.797319493,11.9722187,0.579773161
070300010403,2015,10.680192701,9.474957981,0.575732075
070300010403,2016,13.278520457,10.873118846,0.581171643
070300010403,2017,13.551503199,10.170809181,0.571785697
070300010403,2018,8.97187025,6.777719673,0.528051641
070300010403,2019,22.981588028,13.221928036,0.684696576
070300010404,2010,17.861749701,12.983650349,0.556247022
070300010404,2011,22.579636067,18.005106769,0.521747074
070300010404,2012,5.681753443,5.438022966,0.392760705
070300010404,2013,11.673456835,8.382131343,0.497844908
070300010404,2014,25.237975351,16.197110599,0.560953205
070300010404,2015,15.928105765,13.924885022,0.552051831
070300010404,2016,20.435383612,17.108202552,0.559501198
070300010404,2017,18.682873397,15.234141434,0.54210931
070300010404,2018,13.856868596,10.580662451,0.50943895
070300010404,2019,29.312759645,19.649187844,0.656686985
070300010405,2010,23.17141471,10.688950387,0.554233443
070300010405,2011,23.721744546,16.164831575,0.521220465
070300010405,2012,6.123420309,5.748647039,0.392150019
070300010405,2013,14.707307113,8.77647505,0.497823014
070300010405,2014,30.581611977,14.713777512,0.558355759
070300010405,2015,17.365297018,12.648378119,0.552198871
070300010405,2016,22.096947209,14.671758143,0.555968179
070300010405,2017,22.450419546,13.273038584,0.542528717
070300010405,2018,15.496734913,9.366525738,0.507542566
070300010405,2019,36.307714577,16.903523445,0.655696415
070300010501,2010,16.819162717,15.472550029,0.575138475
070300010501,2011,27.197828341,23.36558774,0.549840578
070300010501,2012,8.230021701,7.914509995,0.419329338
070300010501,2013,14.418118355,11.300566755,0.525828783
070300010501,2014,27.473298095,22.385067104,0.584463204
070300010501,2015,19.499508161,18.852167752,0.579816083
070300010501,2016,23.192928615,22.197769758,0.581129659
070300010501,2017,20.201447217,19.236154044,0.565756189
070300010501,2018,16.787879103,15.622609128,0.534695168
070300010501,2019,35.329942413,29.358397627,0.678984343
070300010502,2010,13.117491224,12.247584811,0.550845589
070300010502,2011,22.034994682,18.926108163,0.529371606
070300010502,2012,6.923020586,6.680494274,0.414452282
070300010502,2013,12.029446475,9.494791081,0.505856583
070300010502,2014,19.929282519,16.104142131,0.557128206
070300010502,2015,14.776015189,14.30986123,0.556061729
070300010502,2016,17.855179924,17.190167017,0.55472697
070300010502,2017,15.108070873,14.478933325,0.540469915
070300010502,2018,11.531495941,10.771625457,0.511118795
070300010502,2019,23.653661716,19.284345992,0.633296241
070300010503,2010,18.009916595,16.996258025,0.545315082
070300010503,2011,29.390202164,25.63582733,0.51811045
070300010503,2012,9.812602827,9.514084452,0.392278284
070300010503,2013,16.924734469,13.8467005,0.491249927
070300010503,2014,28.702480196,23.972644818,0.553928688
070300010503,2015,24.719875972,23.706233267,0.551620513
070300010503,2016,23.750259951,23.051282042,0.550743906
070300010503,2017,21.479606857,20.648023653,0.534847549
070300010503,2018,17.012646252,15.940753387,0.49818805
070300010503,2019,33.638848605,28.288049279,0.644929743
070300010504,2010,10.73996075,9.957019493,0.569308839
070300010504,2011,21.981213483,18.387501097,0.549270212
070300010504,2012,7.181085424,6.923110825,0.425317833
070300010504,2013,12.568086893,9.634010132,0.524874953
070300010504,2014,19.807481235,15.576105936,0.579471244
070300010504,2015,16.288009308,15.728602051,0.576345486
070300010504,2016,16.89393996,16.330484043,0.574628394
070300010504,2017,14.650934159,14.056934595,0.562783647
070300010504,2018,11.525126917,10.741211562,0.531618617
070300010504,2019,23.643548603,18.592427016,0.670247344
070300010505,2010,13.513691041,12.59666313,0.581259771
070300010505,2011,26.542824637,22.754248958,0.558787156
070300010505,2012,7.731637994,7.438859531,0.433734118
070300010505,2013,12.920802531,9.90167269,0.539420518
070300010505,2014,22.470538049,17.937080351,0.589023929
070300010505,2015,19.976185744,19.183704697,0.587139722
070300010505,2016,21.216529175,20.497924747,0.586160783
070300010505,2017,20.822227055,19.745422903,0.575614024
070300010505,2018,14.868694998,13.999670429,0.542863738
070300010505,2019,30.777460392,25.256175491,0.682742006
070300010506,2010,15.220349024,13.792067031,0.549143858
070300010506,2011,29.167541451,24.799113856,0.530944227
070300010506,2012,8.971887294,8.519120204,0.404153623
070300010506,2013,13.659143066,10.546809233,0.505888958
070300010506,2014,23.128224714,18.324552849,0.556659363
070300010506,2015,20.908162522,19.347777995,0.554222475
070300010506,2016,22.438941225,21.499356419,0.553637544
070300010506,2017,20.746089493,19.102550407,0.542189025
070300010506,2018,17.082282547,15.31709753,0.511340524
070300010506,2019,29.426988179,23.622859107,0.645757267
070300010604,2010,24.418293066,19.965083879,0.532953946
070300010604,2011,19.741507294,16.833411272,0.509991138
070300010604,2012,10.164719853,7.301672149,0.408734459
070300010604,2013,17.751051205,14.186723492,0.493996493
070300010604,2014,29.340570592,24.00151055,0.564030056
070300010604,2015,27.288212768,22.295240225,0.506043015
070300010604,2016,35.458556011,29.008144898,0.539047199
070300010604,2017,36.659689268,29.276042412,0.522568958
070300010604,2018,20.134978118,16.461423841,0.498848166
070300010604,2019,34.913065728,28.85768176,0.573562857
070300010801,2010,24.406362386,13.681325667,0.588839562
070300010801,2011,22.307847202,12.789565974,0.551121179
070300010801,2012,4.887154746,4.131975681,0.442401486
070300010801,2013,15.533197745,7.459819979,0.540620074
070300010801,2014,25.971341036,13.406592695,0.618251565
070300010801,2015,17.425057397,12.454212399,0.588398836
070300010801,2016,23.13357822,15.491574545,0.567700612
070300010801,2017,21.740137928,14.05978797,0.575310879
070300010801,2018,14.012826972,8.714696485,0.567782412
070300010801,2019,39.861367811,19.223754256,0.689327271
070300010802,2010,25.663200814,18.753030441,0.534666562
070300010802,2011,23.914794614,16.677473756,0.478376749
070300010802,2012,8.582423418,7.531589098,0.396318854
070300010802,2013,16.194805055,10.069588056,0.510904784
070300010802,2014,29.958438491,19.157238634,0.544541901
070300010802,2015,18.686933586,15.908368402,0.548988288
070300010802,2016,24.817654546,20.515369518,0.54292163
070300010802,2017,21.870668305,17.680766799,0.555987657
070300010802,2018,16.535520695,12.978297453,0.545512758
070300010802,2019,37.404999183,25.534734298,0.614908362
070300010803,2010,21.803390947,13.616557952,0.633752931
070300010803,2011,21.486846634,13.382522751,0.572180295
070300010803,2012,5.830400471,5.380539549,0.46988579
070300010803,2013,13.43141946,7.2908301,0.555631495
070300010803,2014,26.309528459,13.476374401,0.669844542
070300010803,2015,18.579163935,13.5697001,0.60864144
070300010803,2016,23.746512161,15.902295473,0.602198485
070300010803,2017,23.210744325,15.228260671,0.613457979
070300010803,2018,14.400093693,9.965424275,0.601381872
070300010803,2019,35.269833198,18.660301552,0.694938779
070300010804,2010,15.743957561,11.092680811,0.628978217
070300010804,2011,17.337003966,11.858545953,0.567237114
070300010804,2012,6.24147889,5.765626306,0.465619891
070300010804,2013,12.278880945,7.440132677,0.544866433
070300010804,2014,21.15896488,11.972782054,0.665338244
070300010804,2015,15.504224124,12.3875221,0.606227319
070300010804,2016,18.783344652,14.356914156,0.598172909
070300010804,2017,18.292074667,13.475706232,0.609219138
070300010804,2018,14.084786173,10.147583494,0.602900645
070300010804,2019,28.630067199,17.398315385,0.691943593
070300010805,2010,22.717273012,18.284264249,0.483233246
070300010805,2011,21.449875267,16.41792805,0.444386037
070300010805,2012,7.897403034,7.080157049,0.381934927
070300010805,2013,14.640204853,10.654179735,0.457310462
070300010805,2014,24.333671099,17.551744424,0.503170095
070300010805,2015,19.590736748,16.94673331,0.487587888
070300010805,2016,24.311686689,20.660094404,0.476989186
070300010805,2017,21.486496765,17.947705989,0.485110972
070300010805,2018,16.263783354,13.596854426,0.48136014
070300010805,2019,31.483678164,23.630375217,0.529255963
070300010901,2010,33.507749928,32.077643154,0.536764876
070300010901,2011,29.698177288,24.380616405,0.515164836
070300010901,2012,11.953299381,11.649899605,0.445629799
070300010901,2013,32.996818138,27.506138934,0.534526856
070300010901,2014,41.019324062,34.372603872,0.589044033
070300010901,2015,30.342591558,28.473758137,0.571175245
070300010901,2016,35.250428544,31.781539473,0.551637194
070300010901,2017,32.697176764,30.919565121,0.560994964
070300010901,2018,27.076011445,24.839775017,0.557582979
070300010901,2019,50.684497242,44.627855503,0.643045376
070300010902,2010,34.913216429,32.771742018,0.553814996
070300010902,2011,32.886596636,24.59637129,0.507996721
070300010902,2012,14.12712796,13.189730423,0.403485499
070300010902,2013,32.571735881,25.748249393,0.529166239
070300010902,2014,43.05961506,33.697186376,0.589783552
070300010902,2015,30.396181357,26.933519967,0.564160322
070300010902,2016,33.799151234,29.833414879,0.540898042
070300010902,2017,33.240718305,30.929204455,0.56812213
070300010902,2018,27.895714519,24.041924211,0.583950398
070300010902,2019,50.451479661,41.697404084,0.644059495
070300010903,2010,30.206561518,29.283861985,0.543866619
070300010903,2011,28.315563233,24.804520229,0.520291029
070300010903,2012,14.856975847,14.519729346,0.446566075
070300010903,2013,28.761049351,24.811995683,0.541109009
070300010903,2014,39.180005232,34.444580386,0.591017239
070300010903,2015,29.561391329,28.164678192,0.568410892
070300010903,2016,34.68171469,32.959128995,0.551916632
070300010903,2017,32.729908052,31.545943912,0.569730119
070300010903,2018,27.137729262,25.608768039,0.571867098
070300010903,2019,43.780278882,39.768985737,0.629816228
070300010904,2010,30.144900804,28.33095001,0.329105856
070300010904,2011,22.754822988,21.001494895,0.340594687
070300010904,2012,15.253999706,14.022146365,0.298409072
070300010904,2013,22.104593983,19.43273493,0.34398603
070300010904,2014,30.910670534,28.157197851,0.366922099
070300010904,2015,30.47550288,27.315439663,0.365093645
070300010904,2016,30.33603172,28.241285173,0.345824139
070300010904,2017,28.820757296,26.708492524,0.344023313
070300010904,2018,23.240147527,21.517576163,0.326704427
070300010904,2019,30.134491088,27.611403313,0.366271557
