huc12_id,year,incrunoff_mm/mo,incbsflow_mm/mo,soilmstfr_frac
050800010403,2010,25.211677486,4.357215358,0.536613349
050800010403,2011,49.186743484,6.86235841,0.622878354
050800010403,2012,20.861561974,4.490276601,0.539589532
050800010403,2013,35.705040652,5.641838646,0.579871825
050800010403,2014,32.113520828,6.212647405,0.618255154
050800010403,2015,37.021540324,6.34052997,0.595039874
050800010403,2016,29.38268537,5.531712382,0.571109328
050800010403,2017,31.687588387,4.990503927,0.585471263
050800010403,2018,46.145659658,6.273017715,0.615080106
050800010403,2019,36.027790503,6.031210191,0.59117368
050800010404,2010,13.336584978,4.406552392,0.530259704
050800010404,2011,37.64576813,9.549464812,0.617657584
050800010404,2012,13.108672407,5.041995279,0.536082028
050800010404,2013,24.893070509,6.867157464,0.572210431
050800010404,2014,21.774920201,7.292394627,0.612067874
050800010404,2015,24.66434707,7.894267793,0.587920859
050800010404,2016,19.709306093,7.385288567,0.565299194
050800010404,2017,24.207526412,7.773173057,0.58528537
050800010404,2018,33.935616648,8.350015626,0.608716792
050800010404,2019,24.155037031,7.817920582,0.585632083
050800010405,2010,20.378063767,5.059868761,0.523497157
050800010405,2011,37.629849605,7.507289024,0.590247702
050800010405,2012,12.18638587,4.176831892,0.51671857
050800010405,2013,27.739646293,6.076069109,0.566348698
050800010405,2014,23.503727469,7.087706809,0.586378102
050800010405,2015,25.649888494,5.905089967,0.553109502
050800010405,2016,21.9912081,6.380670881,0.542125112
050800010405,2017,21.41199533,5.322333629,0.539444275
050800010405,2018,35.700929393,7.118361059,0.588483678
050800010405,2019,25.038185864,5.995413394,0.541828189
050800010406,2010,21.372684897,3.328080919,0.526694729
050800010406,2011,41.135023207,5.520848924,0.601717438
050800010406,2012,15.36475837,3.286634346,0.525781244
050800010406,2013,29.29983198,4.251522886,0.566111272
050800010406,2014,29.091177105,5.218454184,0.598705532
050800010406,2015,27.930326699,4.212049773,0.568047869
050800010406,2016,23.438773925,4.221375175,0.551609614
050800010406,2017,26.55166838,3.646353479,0.559450385
050800010406,2018,40.471114726,5.232508929,0.597482704
050800010406,2019,29.318142726,4.462879767,0.562191705
050800010501,2010,30.483007207,4.393920094,0.607480716
050800010501,2011,53.45678459,5.441147132,0.667291777
050800010501,2012,18.815449984,4.73552446,0.594841709
050800010501,2013,37.219543063,5.04051765,0.659601709
050800010501,2014,31.195923181,4.512152849,0.717633394
050800010501,2015,36.27842024,4.664101707,0.673196593
050800010501,2016,42.348875536,5.470333656,0.691483319
050800010501,2017,38.02031456,4.946454015,0.675584159
050800010501,2018,44.286727723,5.097501556,0.688414234
050800010501,2019,36.044649003,5.378791037,0.660918919
050800010502,2010,15.780074182,0.665220443,0.479599275
050800010502,2011,40.742687458,1.21793799,0.558443152
050800010502,2012,10.63301443,0.734204491,0.494789601
050800010502,2013,20.927398104,0.833133725,0.522738265
050800010502,2014,19.375114207,0.883539986,0.553210181
050800010502,2015,22.996833317,0.828135722,0.53345942
050800010502,2016,28.365544293,1.187939116,0.534101452
050800010502,2017,18.12826231,0.704903414,0.494234778
050800010502,2018,26.221651173,0.975816528,0.531385701
050800010502,2019,23.339421814,1.003964911,0.524031041
050800010503,2010,19.793045675,0.713408395,0.487162061
050800010503,2011,45.032104204,1.830748101,0.563686607
050800010503,2012,13.072442834,1.050034683,0.482900897
050800010503,2013,29.12158281,0.999885535,0.534631727
050800010503,2014,27.05626993,1.300096366,0.55730938
050800010503,2015,29.948839052,0.912193065,0.541061254
050800010503,2016,31.405731557,1.125017922,0.540360968
050800010503,2017,26.347383257,0.666407851,0.513534017
050800010503,2018,32.577571966,1.11795829,0.544064399
050800010503,2019,26.882216669,1.067107942,0.519356479
050800010601,2010,15.352625839,2.887885453,0.542736451
050800010601,2011,39.274119469,4.383435971,0.597413494
050800010601,2012,11.432512382,4.049383865,0.503714265
050800010601,2013,24.200247692,3.2569905,0.546333512
050800010601,2014,20.43677792,3.528017005,0.598182093
050800010601,2015,22.088492476,3.299767643,0.579197192
050800010601,2016,17.237357672,3.392108137,0.567747752
050800010601,2017,18.807285849,2.624070707,0.563129384
050800010601,2018,28.926933529,3.444789383,0.596794475
050800010601,2019,23.609569583,3.907468388,0.576418562
050800010602,2010,18.135071844,1.207507067,0.556364429
050800010602,2011,42.26052512,2.177963628,0.621278072
050800010602,2012,12.848657233,1.807997977,0.530951122
050800010602,2013,28.902085829,1.53839174,0.587550667
050800010602,2014,23.090814291,1.684400678,0.629153166
050800010602,2015,29.104030265,1.432409457,0.608417622
050800010602,2016,21.548614168,1.518517913,0.593280801
050800010602,2017,22.552381992,1.106198652,0.579926175
050800010602,2018,30.346642585,1.593685668,0.610839216
050800010602,2019,27.319032662,1.698904237,0.594644744
050800010603,2010,17.50742918,0.366413057,0.582098664
050800010603,2011,41.313511444,0.853769578,0.662585409
050800010603,2012,13.067918796,0.554079551,0.564753738
050800010603,2013,30.099962885,0.657921856,0.633097769
050800010603,2014,21.382631388,0.65222444,0.677748795
050800010603,2015,28.29490185,0.494361244,0.64960455
050800010603,2016,19.475327287,0.556859528,0.631830663
050800010603,2017,23.207079555,0.42402525,0.622073191
050800010603,2018,32.942223082,0.682411186,0.64805873
050800010603,2019,25.02014093,0.527137491,0.628490949
050800010604,2010,29.250559906,1.068786668,0.567474436
050800010604,2011,51.800748394,1.952805566,0.63666346
050800010604,2012,19.508341147,1.617388197,0.545699551
050800010604,2013,34.320781435,1.377817442,0.5864709
050800010604,2014,33.440848765,1.469029219,0.640179329
050800010604,2015,37.069164327,1.341958149,0.619657301
050800010604,2016,30.209120402,1.338634178,0.599375502
050800010604,2017,32.932678421,1.01500247,0.601560609
050800010604,2018,44.494867655,1.428272527,0.62785544
050800010604,2019,37.881849921,1.517380529,0.610888714
050800010701,2010,11.197750745,0.811013052,0.520432316
050800010701,2011,37.026254676,2.604422033,0.615830114
050800010701,2012,10.962357761,1.671209467,0.529233723
050800010701,2013,25.517152272,1.813896333,0.565692951
050800010701,2014,16.30460003,1.746208914,0.611446166
050800010701,2015,20.215408166,1.538530695,0.586311251
050800010701,2016,16.692795092,1.244073038,0.563417126
050800010701,2017,17.985835697,0.993215802,0.583311911
050800010701,2018,31.674043615,1.923211571,0.606567909
050800010701,2019,24.375768004,1.696623855,0.58552008
050800010702,2010,15.970361211,0.830047395,0.520850092
050800010702,2011,41.326048183,2.600561223,0.615139361
050800010702,2012,14.502479183,1.672308585,0.528503939
050800010702,2013,27.703703474,1.832977151,0.566314359
050800010702,2014,22.839704908,1.789349573,0.61116579
050800010702,2015,26.404269176,1.564202821,0.585398457
050800010702,2016,21.755158014,1.29136071,0.564169996
050800010702,2017,25.531817654,1.020854084,0.582608351
050800010702,2018,35.86976036,1.94195729,0.606244436
050800010702,2019,29.857699616,1.685067775,0.584554902
050800010703,2010,36.363679431,2.564070565,0.606990361
050800010703,2011,64.896793084,3.855042843,0.689173351
050800010703,2012,31.193986631,3.124719056,0.609144282
050800010703,2013,42.048461441,3.138610831,0.635256301
050800010703,2014,42.974618817,2.953159265,0.687662056
050800010703,2015,46.41042762,2.909547417,0.665823194
050800010703,2016,42.860939062,2.98054492,0.652984368
050800010703,2017,46.378693558,2.715883626,0.655982232
050800010703,2018,54.522584225,3.270529528,0.670780835
050800010703,2019,50.380460043,3.307792023,0.655490518
050800010704,2010,11.349709653,0.407848826,0.540160864
050800010704,2011,30.880675205,1.730589248,0.615055127
050800010704,2012,12.516675298,1.244296059,0.552214652
050800010704,2013,18.207699307,1.168713151,0.565331327
050800010704,2014,17.548394556,1.397138257,0.61634426
050800010704,2015,17.479570789,0.970022404,0.601446773
050800010704,2016,15.59906465,0.494332911,0.584141064
050800010704,2017,15.093364635,0.452943262,0.577409002
050800010704,2018,23.152048703,0.522203584,0.61605347
050800010704,2019,21.314523694,1.217977995,0.597973862
050800010705,2010,35.336734818,2.397493919,0.567903734
050800010705,2011,60.669324936,4.988062966,0.623355516
050800010705,2012,31.111332414,3.261505926,0.577040298
050800010705,2013,40.53499125,3.199206462,0.581932801
050800010705,2014,43.829857273,3.851015856,0.636718035
050800010705,2015,43.8327659,3.010752272,0.60538554
050800010705,2016,41.01547043,2.95110615,0.592760285
050800010705,2017,37.682108047,2.554340987,0.591131794
050800010705,2018,52.337525787,3.865980577,0.628831545
050800010705,2019,52.098014755,4.069888834,0.616463613
050800010801,2010,13.278887198,0.083294118,0.521846226
050800010801,2011,37.251090584,1.38200534,0.591365929
050800010801,2012,14.58911345,0.930354748,0.538141655
050800010801,2013,23.927500315,0.843294788,0.54218724
050800010801,2014,20.566565416,1.042595769,0.594531832
050800010801,2015,21.056919368,0.590448812,0.576485059
050800010801,2016,18.692397025,0.113291841,0.559608427
050800010801,2017,16.776746519,0.093033876,0.553779265
050800010801,2018,28.418455411,0.146374232,0.594094697
050800010801,2019,26.002343242,0.837106446,0.574369226
050800010802,2010,11.896549828,0.632471307,0.529959377
050800010802,2011,33.501812651,1.360951141,0.609211857
050800010802,2012,11.000247575,0.93186683,0.550144218
050800010802,2013,26.735141928,1.049806795,0.563120397
050800010802,2014,14.82393226,1.013668091,0.607046793
050800010802,2015,18.072244972,0.847199421,0.57245721
050800010802,2016,17.36943829,0.696340221,0.553396327
050800010802,2017,13.225063645,0.481913506,0.563233831
050800010802,2018,27.514737457,1.028644659,0.600962071
050800010802,2019,23.352558753,1.202814481,0.588122506
050800010803,2010,14.614949506,1.151785746,0.530895819
050800010803,2011,37.427550581,2.258984864,0.612243102
050800010803,2012,11.805664842,1.556050468,0.547335573
050800010803,2013,30.404055394,1.743281222,0.568657149
050800010803,2014,18.871521396,1.657458417,0.61591535
050800010803,2015,19.792859796,1.487668039,0.567119761
050800010803,2016,20.684948924,1.162069443,0.5561928
050800010803,2017,15.660903648,0.806351413,0.56393056
050800010803,2018,32.475285447,1.783619465,0.607920038
050800010803,2019,26.21993305,2.010266045,0.59074461
050800010804,2010,20.785102961,0.926755094,0.527459071
050800010804,2011,46.127328554,1.805840196,0.601521436
050800010804,2012,17.299626734,1.262904269,0.540852412
050800010804,2013,34.375219575,1.408680548,0.561284923
050800010804,2014,27.640229299,1.356438151,0.607874882
050800010804,2015,25.839881886,1.191901813,0.560817159
050800010804,2016,28.191266403,0.9455464,0.550103724
050800010804,2017,23.178897179,0.657780888,0.55839883
050800010804,2018,37.137307602,1.418332076,0.598388403
050800010804,2019,40.88374347,1.635678661,0.581106817
050800010805,2010,32.602590158,1.74453579,0.570229111
050800010805,2011,54.78482257,3.394685729,0.612267582
050800010805,2012,30.967678617,2.480671756,0.573436889
050800010805,2013,37.565226272,2.46730642,0.569995495
050800010805,2014,43.249839998,2.719324534,0.63124867
050800010805,2015,34.513876161,1.824698537,0.579551497
050800010805,2016,36.245937435,2.189038439,0.576844292
050800010805,2017,36.53894851,1.724691571,0.592377823
050800010805,2018,43.897221324,2.303283316,0.61458403
050800010805,2019,50.624610252,3.181410638,0.598441994
050800010901,2010,19.229893318,2.59284056,0.521378084
050800010901,2011,33.828860213,4.709714306,0.570615114
050800010901,2012,9.778921874,2.768901424,0.493893857
050800010901,2013,25.311752045,2.929865403,0.545299603
050800010901,2014,20.084267455,3.212933161,0.558453913
050800010901,2015,16.158335045,2.565272744,0.545898659
050800010901,2016,19.178168364,1.804611633,0.554928088
050800010901,2017,16.496328824,1.854051943,0.527117455
050800010901,2018,23.281547437,2.100498399,0.573925858
050800010901,2019,21.854514425,3.442148816,0.540029698
050800010902,2010,23.632325448,2.651717563,0.52149993
050800010902,2011,43.35167945,5.169638011,0.569870121
050800010902,2012,13.428599853,2.971448374,0.507291305
050800010902,2013,29.547767514,3.559599263,0.555558386
050800010902,2014,26.990957777,3.757304029,0.56571288
050800010902,2015,22.917256338,2.921801218,0.549496539
050800010902,2016,33.95974796,3.153660754,0.561900436
050800010902,2017,24.433245575,2.620291556,0.541481086
050800010902,2018,28.762037904,3.083988496,0.57313235
050800010902,2019,26.442738836,3.642259148,0.546926107
050800010903,2010,21.958374738,2.769886922,0.521812708
050800010903,2011,43.356164625,5.489228892,0.571150349
050800010903,2012,11.480098382,3.162669183,0.513192923
050800010903,2013,27.703029858,4.007307431,0.559919299
050800010903,2014,25.007011054,4.190118182,0.569890524
050800010903,2015,21.448751754,3.240361279,0.55038057
050800010903,2016,32.519603963,4.065257109,0.564955793
050800010903,2017,21.963242813,3.139675048,0.543934426
050800010903,2018,28.019264976,3.739484461,0.572375356
050800010903,2019,25.384122755,3.851429777,0.553740818
050800010904,2010,19.907253407,0.164564702,0.489945936
050800010904,2011,42.505083467,0.835302628,0.56559447
050800010904,2012,12.187283359,0.59173325,0.506619145
050800010904,2013,23.650981199,0.30065139,0.528999554
050800010904,2014,24.603547178,0.368253354,0.57325171
050800010904,2015,18.95897602,0.192517934,0.518277216
050800010904,2016,23.711920213,0.162506943,0.526314208
050800010904,2017,20.224120249,0.143165912,0.500755051
050800010904,2018,32.072868892,0.247798333,0.531837395
050800010904,2019,30.090837905,0.188712038,0.531014842
050800010905,2010,30.546321644,2.646262149,0.523995098
050800010905,2011,48.263957252,4.896709611,0.573242483
050800010905,2012,19.544997098,2.860545148,0.49937562
050800010905,2013,36.728457397,3.154558759,0.548171599
050800010905,2014,31.977818738,3.420255662,0.562316488
050800010905,2015,29.065053525,2.719832443,0.547919496
050800010905,2016,35.232803856,2.260557752,0.558584966
050800010905,2017,27.295917834,2.116280352,0.529869424
050800010905,2018,36.050019776,2.448262949,0.575823461
050800010905,2019,37.076743614,3.548411971,0.545972428
050800010906,2010,26.813847676,0.933836285,0.503765161
050800010906,2011,47.43297639,1.889685206,0.565734585
050800010906,2012,17.681436179,1.271788794,0.503268587
050800010906,2013,28.184778728,0.981178171,0.526855239
050800010906,2014,31.806707925,1.295455386,0.56958686
050800010906,2015,27.008867176,1.029129289,0.52545936
050800010906,2016,30.29523496,0.879926715,0.530110464
050800010906,2017,27.124143565,0.71490495,0.509541001
050800010906,2018,36.849087414,1.091634184,0.540943366
050800010906,2019,36.05326841,1.148444123,0.531477138
050800011001,2010,16.96166223,0.42506009,0.474172158
050800011001,2011,41.877638903,0.547332382,0.539935885
050800011001,2012,10.171031556,0.399294169,0.445688198
050800011001,2013,25.548321456,0.444849984,0.516688899
050800011001,2014,21.007717979,0.459237694,0.54868028
050800011001,2015,19.78942646,0.429178484,0.509766212
050800011001,2016,27.863776595,0.534006874,0.531580245
050800011001,2017,20.891758834,0.426701764,0.50534653
050800011001,2018,31.004261979,0.502463865,0.52995877
050800011001,2019,22.403415916,0.474962189,0.494979556
050800011002,2010,16.369542578,1.431858626,0.55998441
050800011002,2011,40.000240483,2.142863644,0.639709388
050800011002,2012,9.706129593,1.282238827,0.526962386
050800011002,2013,23.709149495,1.333110245,0.590758188
050800011002,2014,20.998108705,1.359256655,0.650603739
050800011002,2015,16.045388303,1.364579114,0.580518738
050800011002,2016,19.545059098,1.30121213,0.613380272
050800011002,2017,18.29085862,1.01950557,0.609283351
050800011002,2018,25.426332108,1.384497877,0.629336455
050800011002,2019,25.311869382,1.839108651,0.611392489
050800011003,2010,22.093159186,1.638914422,0.571206164
050800011003,2011,47.206465553,2.340240116,0.642190285
050800011003,2012,13.213186028,1.444380454,0.53079558
050800011003,2013,27.261114342,1.514628858,0.594079725
050800011003,2014,28.53470152,1.595931654,0.660628264
050800011003,2015,20.307266367,1.567347312,0.586306429
050800011003,2016,24.358841829,1.54348874,0.619642074
050800011003,2017,24.059813361,1.210296376,0.617324386
050800011003,2018,32.321328348,1.644845551,0.640640623
050800011003,2019,35.439716775,2.068806022,0.622679108
050800011004,2010,16.273830847,0.67462049,0.502895996
050800011004,2011,40.223826553,1.394736192,0.57743547
050800011004,2012,10.588028215,0.722942518,0.474599489
050800011004,2013,23.600149879,0.747852744,0.540725914
050800011004,2014,22.693018479,0.940139769,0.584850504
050800011004,2015,17.365091604,0.699952009,0.533770138
050800011004,2016,23.757313709,0.724544459,0.552255066
050800011004,2017,18.47286625,0.587215518,0.539690919
050800011004,2018,28.155737918,0.879371229,0.559394776
050800011004,2019,23.844486452,0.909977727,0.535916885
050800011101,2010,18.853207805,6.262434105,0.554539851
050800011101,2011,44.355818734,8.13680895,0.622995104
050800011101,2012,13.579732247,5.417792566,0.499449768
050800011101,2013,22.904306584,5.032180988,0.563759923
050800011101,2014,27.894240986,7.540546693,0.6454829
050800011101,2015,18.332489293,6.031197847,0.564603211
050800011101,2016,19.988470462,6.680693039,0.598039104
050800011101,2017,21.283461529,6.149998142,0.59721989
050800011101,2018,28.248605345,6.773783311,0.620965343
050800011101,2019,35.483115102,9.038472383,0.605139184
050800011102,2010,21.757719321,6.446532727,0.559131904
050800011102,2011,43.528795862,7.50245679,0.624535362
050800011102,2012,15.639916557,5.70753618,0.524913353
050800011102,2013,25.367969635,5.72740659,0.57026393
050800011102,2014,29.543075951,7.174576897,0.645884791
050800011102,2015,21.421306603,6.566049531,0.57703776
050800011102,2016,25.146911875,6.866607967,0.603669345
050800011102,2017,24.444487861,6.149714226,0.59657444
050800011102,2018,32.265113227,6.880808654,0.621342149
050800011102,2019,36.024740731,7.879006551,0.609630174
050800011103,2010,18.688800605,6.407730984,0.538932696
050800011103,2011,38.103964859,9.326326453,0.586065105
050800011103,2012,14.054676437,5.897159465,0.503019839
050800011103,2013,22.37313537,5.828909781,0.531521218
050800011103,2014,25.648735757,8.021892931,0.620990513
050800011103,2015,19.261402903,6.679044878,0.555667051
050800011103,2016,19.647437476,6.999660576,0.570671359
050800011103,2017,20.768456126,6.492085701,0.563755744
050800011103,2018,26.993029005,7.299485393,0.594821253
050800011103,2019,30.56499444,9.614226337,0.583449289
050800011201,2010,32.308011553,7.681053127,0.627814232
050800011201,2011,57.489431673,7.540552302,0.668555918
050800011201,2012,18.865153026,6.463015009,0.602440693
050800011201,2013,39.63089734,7.209696291,0.655413978
050800011201,2014,34.631048676,7.891496861,0.717091006
050800011201,2015,39.190058567,8.746933395,0.689419947
050800011201,2016,39.242995077,10.175716144,0.706516417
050800011201,2017,35.087418657,7.566780721,0.651368762
050800011201,2018,41.267187075,8.000574085,0.693509658
050800011201,2019,40.577733374,8.908471969,0.665762145
050800011202,2010,25.493905043,7.025988413,0.58930891
050800011202,2011,50.893182047,8.838331541,0.630888029
050800011202,2012,16.753238686,6.392215894,0.543797967
050800011202,2013,30.251971375,7.023995614,0.608392291
050800011202,2014,31.64572729,8.329683607,0.649240559
050800011202,2015,34.575856489,8.397183843,0.640189418
050800011202,2016,34.967935902,9.32540516,0.639896718
050800011202,2017,29.396528944,6.834238223,0.609649088
050800011202,2018,39.310171525,8.375251373,0.647279884
050800011202,2019,34.401734925,8.788110986,0.628152992
050800011203,2010,16.168597044,6.424583952,0.562273537
050800011203,2011,32.229642979,8.41812158,0.609128219
050800011203,2012,12.532175385,6.398741275,0.553907404
050800011203,2013,19.557833865,6.164319093,0.560700213
050800011203,2014,18.546944291,7.660371141,0.641267946
050800011203,2015,20.966858317,8.302095281,0.599004209
050800011203,2016,15.961197007,7.467957514,0.591121912
050800011203,2017,17.531169979,6.187885508,0.586072361
050800011203,2018,24.951070079,7.798257031,0.622676515
050800011203,2019,20.166607083,7.816508129,0.609547779
050800011204,2010,17.644820913,4.799303957,0.507131526
050800011204,2011,33.317588822,5.063923032,0.554520265
050800011204,2012,11.316743195,4.1308448,0.495118541
050800011204,2013,16.680000983,3.575346735,0.488377818
050800011204,2014,19.912946605,5.070242274,0.581500612
050800011204,2015,19.66862809,5.324180696,0.53955209
050800011204,2016,17.696147905,5.488753337,0.521853473
050800011204,2017,17.975645999,4.767583412,0.517542028
050800011204,2018,27.163872791,5.317124435,0.545539845
050800011204,2019,24.32239273,5.36294022,0.543931163
050800011205,2010,24.586133618,5.668488,0.536625667
050800011205,2011,45.588544219,6.79166585,0.5849249
050800011205,2012,16.657021508,5.231243533,0.526115817
050800011205,2013,25.006929556,4.789044707,0.524062517
050800011205,2014,27.939937613,6.476329089,0.613593552
050800011205,2015,30.587256735,6.968656707,0.571637072
050800011205,2016,25.378176361,6.414929532,0.556097455
050800011205,2017,26.840995271,5.43914622,0.551712669
050800011205,2018,39.34146749,6.651945395,0.585682211
050800011205,2019,33.439500356,6.526315243,0.577810175
050800011301,2010,9.359370246,1.010583929,0.480072805
050800011301,2011,25.482548381,1.252492943,0.542690556
050800011301,2012,7.317888606,0.919237991,0.478990329
050800011301,2013,14.644472449,1.155071604,0.481058669
050800011301,2014,16.703375649,1.892069292,0.583094987
050800011301,2015,11.511475523,1.107874117,0.512334749
050800011301,2016,10.355387436,1.128874241,0.493423544
050800011301,2017,11.607785597,1.076842655,0.502729761
050800011301,2018,13.507349103,1.129724433,0.519657636
050800011301,2019,17.986937809,1.282036165,0.533151269
050800011302,2010,19.595564972,0.931623151,0.489014973
050800011302,2011,42.770086482,1.207116846,0.553579665
050800011302,2012,14.940900887,0.860197564,0.485878453
050800011302,2013,24.237449021,1.142256497,0.489322019
050800011302,2014,31.888024103,1.726543614,0.589979892
050800011302,2015,21.312107385,0.927542277,0.518688616
050800011302,2016,20.055738085,0.992977512,0.500139228
050800011302,2017,23.48150727,1.010866809,0.512033253
050800011302,2018,25.127401155,1.043901553,0.530643483
050800011302,2019,35.114672365,1.241849702,0.540305172
050800011303,2010,23.656087878,2.860271776,0.569213552
050800011303,2011,44.275153342,4.332812978,0.616646608
050800011303,2012,21.022290038,3.443397803,0.561696449
050800011303,2013,28.935559016,3.289027601,0.572403863
050800011303,2014,34.769275775,3.691703591,0.644865884
050800011303,2015,28.142280947,3.093658539,0.591133833
050800011303,2016,24.540334253,2.922074216,0.575230166
050800011303,2017,25.660134346,2.585343787,0.583390634
050800011303,2018,35.907208674,3.096717011,0.62599872
050800011303,2019,36.241528827,4.048877533,0.604453304
050800011401,2010,22.855776317,13.434289597,0.62525604
050800011401,2011,46.09398755,19.146590535,0.673148378
050800011401,2012,20.781094205,12.257069788,0.617972705
050800011401,2013,28.522686221,13.136678027,0.629905064
050800011401,2014,31.907939755,16.241281887,0.695389735
050800011401,2015,24.926016493,12.63779667,0.650845101
050800011401,2016,29.29279793,16.288193736,0.641599605
050800011401,2017,26.183240092,14.08389138,0.649832827
050800011401,2018,33.698178719,16.987243333,0.688546309
050800011401,2019,37.581844847,19.852808655,0.669570033
050800011402,2010,22.701683693,10.074996035,0.619444009
050800011402,2011,46.940837053,14.759382978,0.666930245
050800011402,2012,21.794647703,9.703084481,0.613763294
050800011402,2013,29.209279289,10.11133028,0.624760214
050800011402,2014,33.839007514,12.755756975,0.693815313
050800011402,2015,26.613920284,9.93321289,0.647033254
050800011402,2016,27.45504099,11.532655264,0.636111049
050800011402,2017,28.011887811,10.914383536,0.646893025
050800011402,2018,34.372596294,12.328315142,0.682895754
050800011402,2019,39.640971583,15.565743335,0.666173875
050800011403,2010,17.368831082,2.793991977,0.538895842
050800011403,2011,36.561866237,4.723867105,0.581582468
050800011403,2012,16.361711872,2.979667362,0.514948469
050800011403,2013,23.304290639,3.265495475,0.531532572
050800011403,2014,29.103414388,5.150273043,0.579800377
050800011403,2015,15.967534824,2.515746279,0.526429863
050800011403,2016,17.83126327,3.096797062,0.52068935
050800011403,2017,19.032103776,2.941296093,0.521204149
050800011403,2018,23.731811603,3.22820418,0.569920871
050800011403,2019,28.880368769,4.828184175,0.551280168
050800011404,2010,31.16734533,4.690391764,0.598090246
050800011404,2011,54.953431931,6.288300059,0.642771474
050800011404,2012,30.004800671,5.101508262,0.588818225
050800011404,2013,38.180667009,5.082933781,0.598654127
050800011404,2014,43.856044298,5.640087799,0.660041515
050800011404,2015,32.256068093,4.542938266,0.611441266
050800011404,2016,37.616011909,4.995942609,0.603734996
050800011404,2017,36.509577685,4.538260172,0.609818529
050800011404,2018,43.191282025,5.07736527,0.650794289
050800011404,2019,47.612714619,6.514427133,0.630559215
050800011405,2010,25.340490909,7.479033413,0.594397646
050800011405,2011,45.465500829,9.442589682,0.637619896
050800011405,2012,23.038303857,7.433803182,0.58049087
050800011405,2013,31.094278663,7.752945912,0.593278925
050800011405,2014,36.310811234,9.463951855,0.650095569
050800011405,2015,24.219978477,7.019357477,0.600112995
050800011405,2016,26.910617439,7.745234632,0.592053462
050800011405,2017,25.51915765,7.343196982,0.597249005
050800011405,2018,31.000422515,8.031102089,0.639109116
050800011405,2019,37.7055795,9.871160844,0.621144931
050800011406,2010,45.027073361,8.473420594,0.688906978
050800011406,2011,63.632478213,9.466085156,0.717883297
050800011406,2012,40.818719,8.057858781,0.693779894
050800011406,2013,54.313071993,8.462510137,0.706369969
050800011406,2014,56.105413727,8.999222694,0.751199358
050800011406,2015,48.487653903,8.894666992,0.689085114
050800011406,2016,42.969973297,7.819246623,0.686906628
050800011406,2017,53.340907218,8.502980503,0.714794547
050800011406,2018,54.661290392,8.971983989,0.730859448
050800011406,2019,59.620345543,10.313793976,0.709517928
050800011501,2010,30.38848488,17.020069705,0.496294651
050800011501,2011,48.98411243,20.990203977,0.534437509
050800011501,2012,22.906036526,15.480322028,0.505795972
050800011501,2013,37.721407997,18.402615986,0.528985035
050800011501,2014,29.868897139,18.311019427,0.533668072
050800011501,2015,31.310007953,15.796489975,0.521293207
050800011501,2016,42.142062008,20.030117832,0.524488515
050800011501,2017,32.745001369,16.562685939,0.503065972
050800011501,2018,48.979459089,21.700627894,0.548856594
050800011501,2019,39.490326425,20.80929619,0.520797421
050800011502,2010,31.927786694,15.788838112,0.514680727
050800011502,2011,48.983097053,19.307856719,0.551888312
050800011502,2012,24.098242279,14.076454135,0.517190142
050800011502,2013,38.484525805,16.644015555,0.549026667
050800011502,2014,28.891284866,15.669694252,0.551687303
050800011502,2015,39.297616338,17.222049957,0.542332936
050800011502,2016,42.197363797,19.115005466,0.548529554
050800011502,2017,38.070331972,16.865468906,0.530910163
050800011502,2018,51.742831095,21.030058686,0.570205888
050800011502,2019,41.573742216,18.854689998,0.540290381
050800011503,2010,37.280103026,17.197362755,0.502479274
050800011503,2011,58.059852794,21.189572777,0.536805266
050800011503,2012,28.568863934,15.64291368,0.50921809
050800011503,2013,44.874691816,18.639032938,0.534933439
050800011503,2014,39.184837815,18.617592339,0.542037377
050800011503,2015,37.429380443,15.922297295,0.523630993
050800011503,2016,48.822703962,20.206494661,0.527785559
050800011503,2017,37.531409811,16.708067444,0.504897591
050800011503,2018,55.883325647,21.901071037,0.552300439
050800011503,2019,47.361911087,21.032017657,0.526382038
050800011504,2010,36.950355415,10.734953782,0.513840427
050800011504,2011,59.457371508,14.372830532,0.554739139
050800011504,2012,26.109842481,9.315376877,0.507861761
050800011504,2013,45.589493761,11.913220924,0.550930461
050800011504,2014,37.734639513,11.628189137,0.556262343
050800011504,2015,45.473621263,10.324613578,0.54338179
050800011504,2016,48.473743396,11.794602816,0.542675259
050800011504,2017,39.812155485,10.436208673,0.528907323
050800011504,2018,58.536517329,13.475391121,0.569235742
050800011504,2019,46.178888335,13.28930441,0.548698753
050800011601,2010,28.54005207,13.724785649,0.534348743
050800011601,2011,48.575226892,18.58827056,0.56580549
050800011601,2012,16.756954698,10.78423606,0.521906456
050800011601,2013,35.923739297,15.644491799,0.56593314
050800011601,2014,30.561092652,16.134782365,0.570090931
050800011601,2015,35.412696173,14.314799848,0.554796561
050800011601,2016,35.456189575,15.523469629,0.552840426
050800011601,2017,29.382305219,13.690038721,0.547585433
050800011601,2018,45.617111354,17.836694156,0.58080738
050800011601,2019,36.48821333,17.529041116,0.569073397
050800011602,2010,27.113393615,14.687090345,0.599986565
050800011602,2011,53.382191362,23.296334278,0.649521736
050800011602,2012,23.256048058,14.320091141,0.61322492
050800011602,2013,40.177324621,18.918571762,0.650005793
050800011602,2014,36.474602124,19.224175612,0.665203921
050800011602,2015,29.0806426,15.351778702,0.633605016
050800011602,2016,36.794247892,18.955895772,0.630951428
050800011602,2017,31.852922782,16.724884111,0.626402154
050800011602,2018,47.363879331,22.940025544,0.663450497
050800011602,2019,45.645461502,22.29884317,0.637720686
050800011603,2010,23.330701444,12.617158893,0.51956699
050800011603,2011,45.401047263,16.495909367,0.554138168
050800011603,2012,15.274625635,10.459492398,0.508948209
050800011603,2013,32.4544579,15.21624363,0.551770877
050800011603,2014,33.028278419,17.935932467,0.558620196
050800011603,2015,26.422613444,13.583788296,0.525994275
050800011603,2016,30.57178699,15.459688356,0.531841809
050800011603,2017,25.134008947,14.200416312,0.522930816
050800011603,2018,39.783807894,18.136734994,0.568125271
050800011603,2019,37.227562057,18.026589629,0.553599625
050800011604,2010,30.230607827,9.765463068,0.405641049
050800011604,2011,49.193402948,11.803928663,0.418182249
050800011604,2012,20.636311198,8.514733452,0.395203528
050800011604,2013,39.834662414,11.239057518,0.4193829
050800011604,2014,42.797778163,12.75547704,0.420886761
050800011604,2015,31.820458238,9.632139744,0.409806106
050800011604,2016,36.513538828,10.6218449,0.414029896
050800011604,2017,33.148515439,10.93354972,0.403538665
050800011604,2018,44.879194109,12.376445328,0.433603439
050800011604,2019,44.528016159,13.489859145,0.42742018
050800011605,2010,16.327381351,5.106502845,0.484727364
050800011605,2011,33.034893434,8.436790514,0.520447848
050800011605,2012,9.695454957,4.202238072,0.463478023
050800011605,2013,23.980860276,6.374535728,0.507497844
050800011605,2014,23.995858838,7.433753532,0.517200125
050800011605,2015,17.027287054,5.570014882,0.487818281
050800011605,2016,21.866503054,5.415460633,0.475635856
050800011605,2017,19.756659595,5.780634437,0.486616343
050800011605,2018,30.862640443,7.198525215,0.522774485
050800011605,2019,26.539144843,7.367384931,0.515232896
050800011606,2010,21.140551788,6.980214812,0.490456451
050800011606,2011,39.071513793,11.176106497,0.526907748
050800011606,2012,13.654255953,5.740355236,0.469526367
050800011606,2013,30.075494922,8.728175923,0.515119014
050800011606,2014,31.170857224,10.484682907,0.525089465
050800011606,2015,22.318577081,7.489332603,0.49420294
050800011606,2016,27.972466835,8.056384616,0.483636583
050800011606,2017,25.507458412,8.194462201,0.492979506
050800011606,2018,35.592882681,9.925174453,0.530001072
050800011606,2019,33.670932511,10.397946116,0.52243916
050800011607,2010,39.519754668,19.863763359,0.46604759
050800011607,2011,62.072017127,26.739925407,0.488215225
050800011607,2012,32.606014249,18.19358953,0.461348083
050800011607,2013,53.624453445,24.48446783,0.48630039
050800011607,2014,53.900078893,26.919379959,0.496860995
050800011607,2015,43.343504417,22.417854901,0.476261089
050800011607,2016,55.1122526,25.490667707,0.474291729
050800011607,2017,44.895539676,22.721494062,0.470809211
050800011607,2018,65.107298542,30.362113934,0.498638108
050800011607,2019,56.407059342,27.366172119,0.489805719
050800011701,2010,17.162331856,3.058542811,0.626850856
050800011701,2011,49.656381669,5.207461295,0.679471122
050800011701,2012,15.71566867,2.60131726,0.64416153
050800011701,2013,39.898846503,4.592176936,0.688205639
050800011701,2014,30.188736034,3.943457704,0.710257412
050800011701,2015,24.305778352,3.141564813,0.668066549
050800011701,2016,33.303900528,3.162375181,0.675389836
050800011701,2017,26.262209289,2.823986347,0.680245801
050800011701,2018,40.230904292,4.744418437,0.712648343
050800011701,2019,39.219432884,5.155045722,0.684791865
050800011702,2010,11.894014457,2.215581331,0.553679571
050800011702,2011,36.677319519,5.410068367,0.608107789
050800011702,2012,10.332899325,2.26900642,0.545580654
050800011702,2013,26.975322356,3.569357816,0.606116627
050800011702,2014,20.27892933,3.929778857,0.6079017
050800011702,2015,14.031234735,2.001447025,0.565771727
050800011702,2016,21.947643028,2.594356586,0.575931718
050800011702,2017,16.670097048,1.864125479,0.588167579
050800011702,2018,27.639192352,4.050870921,0.622726717
050800011702,2019,25.467231549,4.446942312,0.601768886
050800011703,2010,23.362085291,10.113407709,0.5701105
050800011703,2011,42.820501037,11.76872853,0.606000967
050800011703,2012,15.536410193,8.938477488,0.587368572
050800011703,2013,41.78077912,10.992488708,0.614247323
050800011703,2014,33.152050805,11.778240051,0.647089389
050800011703,2015,29.08836041,11.202463114,0.629861473
050800011703,2016,33.617503337,10.812754894,0.599615686
050800011703,2017,28.34634403,10.519457856,0.621124939
050800011703,2018,39.906682492,13.751681217,0.645587306
050800011703,2019,40.959678735,14.495040342,0.634301991
050800011704,2010,24.02915909,11.544301537,0.443233403
050800011704,2011,49.585700766,17.927532638,0.463052182
050800011704,2012,19.018412482,10.07594991,0.420828877
050800011704,2013,39.693999278,14.451551638,0.462463984
050800011704,2014,39.290439673,17.564654735,0.48364134
050800011704,2015,33.811986569,13.625908131,0.456945044
050800011704,2016,35.966191955,14.982913551,0.449734267
050800011704,2017,32.594909289,13.655495773,0.442011654
050800011704,2018,44.772585313,17.052029913,0.487845879
050800011704,2019,47.049494849,19.053735014,0.481189505
050800011705,2010,30.650673246,5.247234213,0.496875631
050800011705,2011,51.771760661,8.125649553,0.536839773
050800011705,2012,27.947657201,5.23026572,0.489121405
050800011705,2013,46.966731171,6.466917447,0.538628193
050800011705,2014,45.375641198,6.852356464,0.541809386
050800011705,2015,37.44815311,5.822061431,0.51252392
050800011705,2016,43.119645114,6.157687885,0.517570403
050800011705,2017,36.909741616,5.320859629,0.525938507
050800011705,2018,53.017246015,7.655621915,0.555585763
050800011705,2019,50.037486848,7.884187283,0.538423923
050800011706,2010,62.628426169,13.830982199,0.383843113
050800011706,2011,83.27417794,16.446539702,0.386118149
050800011706,2012,55.465939419,13.830982645,0.377623203
050800011706,2013,78.480461823,15.314193444,0.388562955
050800011706,2014,77.798398783,15.420994629,0.391272323
050800011706,2015,75.062443086,15.258492924,0.385608235
050800011706,2016,78.782383202,16.098082306,0.382313809
050800011706,2017,72.823703953,15.597126795,0.382721574
050800011706,2018,87.930531793,17.973418101,0.394139473
050800011706,2019,87.332526034,18.467903231,0.392767845
050800011801,2010,46.343202661,17.078371281,0.374673843
050800011801,2011,68.097080346,21.103426702,0.370651331
050800011801,2012,38.832353496,16.220462816,0.368700127
050800011801,2013,62.286453257,19.819563987,0.376084501
050800011801,2014,58.348334846,20.237246372,0.386378926
050800011801,2015,48.122176877,19.323492557,0.375825273
050800011801,2016,65.7044524,21.152673771,0.378909997
050800011801,2017,51.906327106,19.353384903,0.369363346
050800011801,2018,73.691959415,24.356998705,0.382163561
050800011801,2019,64.020020368,22.37387282,0.382372198
050800011802,2010,37.732771364,19.714235018,0.504348444
050800011802,2011,59.702356962,25.607894836,0.533574407
050800011802,2012,33.179448149,18.438713056,0.505784008
050800011802,2013,51.634347832,23.973147652,0.535250299
050800011802,2014,50.238899586,26.481355477,0.542895261
050800011802,2015,41.633721849,21.721844971,0.523486504
050800011802,2016,55.630846254,25.692004234,0.515298839
050800011802,2017,44.096785554,22.544762821,0.523014532
050800011802,2018,59.912976781,27.973728539,0.548854373
050800011802,2019,56.586888108,27.182167514,0.537195734
050800011803,2010,30.578744832,16.790406085,0.511614818
050800011803,2011,52.323271704,22.838189665,0.542262282
050800011803,2012,28.911388378,16.813481954,0.526177952
050800011803,2013,48.037928448,21.069864178,0.547145735
050800011803,2014,43.9159356,22.236761461,0.556644789
050800011803,2015,36.727104806,18.562729384,0.543108574
050800011803,2016,47.598279748,21.939616361,0.526148947
050800011803,2017,42.607129033,21.38177566,0.542913129
050800011803,2018,48.976165395,22.702107724,0.561218539
050800011803,2019,54.656581569,26.586596989,0.5546951
050800011804,2010,15.472174057,4.973449874,0.522864733
050800011804,2011,36.086825792,8.158632581,0.565126155
050800011804,2012,12.921606048,4.516002351,0.507490598
050800011804,2013,29.632850517,6.902161537,0.558413325
050800011804,2014,26.219582562,7.472759245,0.565499103
050800011804,2015,17.721556642,5.297019696,0.53188774
050800011804,2016,25.719611349,6.582543155,0.536621694
050800011804,2017,20.83218763,6.067309087,0.539799556
050800011804,2018,32.301246856,8.640724216,0.58107033
050800011804,2019,31.724437438,8.243036054,0.568942666
050800011805,2010,22.671819994,10.065483982,0.514727037
050800011805,2011,47.191262432,15.233115099,0.555663526
050800011805,2012,22.067395566,10.356372412,0.50875989
050800011805,2013,38.655864778,13.594691463,0.550718405
050800011805,2014,34.736526393,14.028867711,0.552129605
050800011805,2015,27.976669163,11.459500326,0.529599397
050800011805,2016,37.026797019,13.506626912,0.533558609
050800011805,2017,31.621818171,12.861256151,0.543844607
050800011805,2018,45.110343821,16.271339438,0.572942485
050800011805,2019,44.255477883,16.554659109,0.558502542
050800011806,2010,30.138494585,13.403028991,0.473064175
050800011806,2011,56.389124391,19.314940203,0.502745577
050800011806,2012,28.463572302,13.17521929,0.459356403
050800011806,2013,47.721320819,17.373155697,0.498712148
050800011806,2014,46.131986268,18.190398192,0.505489519
050800011806,2015,37.553278021,15.576463303,0.480801849
050800011806,2016,44.146759509,17.178121348,0.483491991
050800011806,2017,40.560010582,16.748612455,0.485032248
050800011806,2018,56.907677972,21.525897321,0.515237037
050800011806,2019,55.020390113,21.058260387,0.510681723
050800011901,2010,13.700130956,2.367321146,0.514090731
050800011901,2011,35.631788024,4.704869653,0.54965427
050800011901,2012,11.545065112,2.381104115,0.489863029
050800011901,2013,29.154076902,3.818532075,0.538593518
050800011901,2014,24.455633708,3.707433666,0.559559718
050800011901,2015,19.493226441,3.048891772,0.531552605
050800011901,2016,22.057026541,3.017878132,0.520755586
050800011901,2017,20.649543609,3.27644864,0.522874333
050800011901,2018,27.306590789,3.926542079,0.568753091
050800011901,2019,32.580392823,5.218037355,0.569556422
050800011902,2010,31.8507817,12.560151229,0.308968002
050800011902,2011,53.616468873,15.166057261,0.323874354
050800011902,2012,28.537254806,12.172274118,0.306039867
050800011902,2013,46.430391688,13.575302286,0.336328448
050800011902,2014,42.80121948,13.324275614,0.34449727
050800011902,2015,36.600811454,13.331965408,0.327969717
050800011902,2016,46.675273321,13.73548128,0.339026186
050800011902,2017,40.900106089,13.400519574,0.338577513
050800011902,2018,54.231429311,16.161777833,0.344829444
050800011902,2019,53.580434424,16.145380579,0.348071429
050800011903,2010,37.802533179,10.484299014,0.413532261
050800011903,2011,59.821996316,12.514538142,0.417861672
050800011903,2012,33.267189777,9.920126625,0.403645443
050800011903,2013,48.669036099,11.130568614,0.421156546
050800011903,2014,47.008732646,10.942560454,0.433804074
050800011903,2015,39.872309744,10.632053326,0.413252804
050800011903,2016,49.422541135,11.147432991,0.418219458
050800011903,2017,43.389220594,10.937130622,0.415802736
050800011903,2018,58.224742974,13.013453604,0.429708121
050800011903,2019,56.117368747,13.225806115,0.42768866
050800011904,2010,53.020217794,8.904202434,0.453508845
050800011904,2011,68.910661013,11.435109292,0.442235191
050800011904,2012,47.451883295,8.83325026,0.425517801
050800011904,2013,58.863600281,9.490023154,0.450534376
050800011904,2014,59.373685327,11.264163018,0.463539513
050800011904,2015,49.491902956,8.299027033,0.440892198
050800011904,2016,58.052327288,9.102815135,0.434752182
050800011904,2017,51.36186765,8.600857781,0.435355588
050800011904,2018,69.875739693,11.088901194,0.455271488
050800011904,2019,66.117024065,11.474018468,0.44993492
050800012001,2010,20.653790137,3.536067255,0.615755747
050800012001,2011,41.472365723,3.979515488,0.666386988
050800012001,2012,15.439582437,3.654100694,0.59747782
050800012001,2013,37.141041394,3.950785793,0.673523577
050800012001,2014,27.919538671,4.507720885,0.719795151
050800012001,2015,22.740527025,3.719510722,0.673178164
050800012001,2016,28.030396547,3.711297579,0.679376702
050800012001,2017,25.225098474,3.381029634,0.666360713
050800012001,2018,31.803926667,3.620637368,0.703594683
050800012001,2019,38.536469844,4.389856638,0.680881158
050800012002,2010,18.705524738,2.976375844,0.572508144
050800012002,2011,39.817466533,3.841963289,0.639530762
050800012002,2012,12.575557909,3.086239878,0.555455225
050800012002,2013,32.847921665,3.335351545,0.627598957
050800012002,2014,24.443521077,3.717423835,0.678388813
050800012002,2015,20.633076368,3.050279787,0.620221272
050800012002,2016,23.935565968,2.969443251,0.627530295
050800012002,2017,22.110241629,2.589108597,0.624901515
050800012002,2018,32.318191143,3.244898594,0.668783458
050800012002,2019,36.596609201,4.342236707,0.628858716
050800012003,2010,15.599735222,1.723171648,0.509080142
050800012003,2011,34.688983042,2.580302294,0.567942374
050800012003,2012,11.82332181,2.153942731,0.469804358
050800012003,2013,29.092746304,2.13894468,0.54042912
050800012003,2014,23.9918389,2.500730563,0.574698341
050800012003,2015,16.953788998,1.706961613,0.532100693
050800012003,2016,23.01319841,1.516665563,0.523127241
050800012003,2017,19.765473592,1.397349402,0.524713683
050800012003,2018,29.612388178,1.961010334,0.590419547
050800012003,2019,33.941991606,2.67222203,0.554036467
050800012004,2010,34.403114029,2.569514855,0.55616135
050800012004,2011,60.982361735,3.309668936,0.606114911
050800012004,2012,28.194269941,2.897317461,0.526718248
050800012004,2013,50.311869469,2.984580217,0.588846956
050800012004,2014,47.984207803,3.438197779,0.628200797
050800012004,2015,37.160539016,2.680341687,0.584798149
050800012004,2016,42.292786919,2.47467879,0.577772834
050800012004,2017,40.602968655,2.343336256,0.578341657
050800012004,2018,52.179772938,2.802318367,0.632234018
050800012004,2019,60.685504003,3.560811036,0.605399666
050800012005,2010,37.318796725,2.358689713,0.557129258
050800012005,2011,57.87090231,2.634982631,0.594241225
050800012005,2012,33.36896626,2.375414531,0.54813072
050800012005,2013,46.960088098,2.519276964,0.57426153
050800012005,2014,49.729997909,2.914646413,0.614104183
050800012005,2015,40.591124597,2.415945352,0.571014804
050800012005,2016,39.950584508,2.376685986,0.556536759
050800012005,2017,42.753485812,2.323685378,0.570345352
050800012005,2018,50.750582072,2.49869666,0.595780248
050800012005,2019,56.020682984,2.697463139,0.588495936
050800020101,2010,17.755599435,6.805336192,0.619773808
050800020101,2011,34.948926874,7.836997464,0.635964356
050800020101,2012,12.861833117,5.50513654,0.57920411
050800020101,2013,23.635530562,5.848969207,0.621795336
050800020101,2014,27.386912514,8.174585151,0.667085711
050800020101,2015,17.374694647,6.070182829,0.603920297
050800020101,2016,18.074847645,6.316044343,0.609423929
050800020101,2017,17.383849049,6.056810065,0.630532319
050800020101,2018,24.509830954,7.341704794,0.671129203
050800020101,2019,29.857164735,8.388854751,0.648996301
050800020102,2010,27.854080389,13.61527961,0.625172442
050800020102,2011,43.310767661,15.563885388,0.662809254
050800020102,2012,21.73177209,11.232049341,0.620320705
050800020102,2013,31.346938458,13.144025219,0.654182484
050800020102,2014,35.538017299,15.904072788,0.680694131
050800020102,2015,27.990446747,12.768405596,0.645395309
050800020102,2016,26.475518998,12.061879323,0.627555707
050800020102,2017,25.329689601,11.743673634,0.643394093
050800020102,2018,33.88490288,14.391981435,0.68629554
050800020102,2019,38.713897369,16.236042428,0.665172777
050800020103,2010,37.35341652,9.027560674,0.636851353
050800020103,2011,55.466189436,10.373048768,0.657277888
050800020103,2012,34.270455111,8.523438102,0.616260768
050800020103,2013,46.91314861,8.995291376,0.646875014
050800020103,2014,46.931006339,10.073198824,0.673997714
050800020103,2015,36.053247539,8.300121781,0.620078486
050800020103,2016,38.741914934,8.761609812,0.623663791
050800020103,2017,40.412699991,8.997086175,0.651112117
050800020103,2018,46.37317086,9.894673835,0.6818793
050800020103,2019,48.303888955,10.265119328,0.659074122
050800020104,2010,39.888374887,8.937305785,0.598237092
050800020104,2011,51.439032006,10.465496583,0.621498731
050800020104,2012,26.786241069,7.496287698,0.562323936
050800020104,2013,39.45411932,8.400155188,0.603037603
050800020104,2014,43.863195847,9.641869022,0.62832274
050800020104,2015,32.432933185,8.210270846,0.583690955
050800020104,2016,34.849611711,7.589082991,0.569160217
050800020104,2017,34.129761306,7.514074622,0.585009023
050800020104,2018,46.713411298,9.463199538,0.632882413
050800020104,2019,48.724655259,10.713492632,0.616537221
050800020105,2010,66.775106518,8.895133291,0.438686403
050800020105,2011,82.26856263,10.961969668,0.44688437
050800020105,2012,53.849538191,6.340572909,0.427175899
050800020105,2013,70.279315292,8.952514653,0.446220928
050800020105,2014,67.605713453,9.91356798,0.448386761
050800020105,2015,57.881133561,6.930987984,0.434050815
050800020105,2016,66.810943193,9.490480304,0.428288146
050800020105,2017,60.100589663,7.459763508,0.430267845
050800020105,2018,80.920631077,10.923186841,0.449730002
050800020105,2019,77.639456235,11.772006744,0.445535574
050800020106,2010,55.728756306,5.691410494,0.500425091
050800020106,2011,71.414928595,7.094395417,0.520815555
050800020106,2012,40.886905638,4.170403225,0.489439371
050800020106,2013,59.421170001,5.622897765,0.523678736
050800020106,2014,55.609229886,6.483017851,0.542684311
050800020106,2015,48.925419155,4.859409374,0.50837591
050800020106,2016,54.983678428,5.514339957,0.503256086
050800020106,2017,52.114657755,5.027373448,0.512742504
050800020106,2018,73.537770026,7.172342445,0.543760303
050800020106,2019,68.36057189,7.050298487,0.523910934
050800020201,2010,20.137580675,4.167746128,0.552715542
050800020201,2011,40.369875053,5.147078754,0.593585218
050800020201,2012,11.656513622,2.94876465,0.505454422
050800020201,2013,20.170991012,2.949024246,0.547644231
050800020201,2014,25.303568546,4.457195804,0.605031731
050800020201,2015,22.879733177,4.048301014,0.567125318
050800020201,2016,17.819753647,3.685779221,0.557212273
050800020201,2017,20.100606297,4.148597529,0.549962458
050800020201,2018,24.486375528,3.985572644,0.607900679
050800020201,2019,30.867553055,4.917615708,0.602732028
050800020202,2010,16.799052875,3.681154426,0.53480971
050800020202,2011,34.328140416,4.840054211,0.585178964
050800020202,2012,10.068548651,2.817282325,0.479939065
050800020202,2013,16.813683117,2.530399525,0.530176757
050800020202,2014,21.041614713,4.198935138,0.595510115
050800020202,2015,19.241206991,3.527536526,0.551713597
050800020202,2016,12.903121956,3.000016337,0.533856197
050800020202,2017,15.839742218,3.643301577,0.52755524
050800020202,2018,19.078476552,3.493191568,0.5882193
050800020202,2019,25.032032751,4.402592013,0.587896759
050800020203,2010,20.376767054,5.263994812,0.56909711
050800020203,2011,39.624596527,6.84132495,0.614956371
050800020203,2012,12.487518875,3.90985181,0.524502443
050800020203,2013,19.23299297,3.894478203,0.567715474
050800020203,2014,23.747043838,5.696562926,0.612353565
050800020203,2015,22.268274485,5.147131994,0.586903441
050800020203,2016,20.030815083,5.229081774,0.577913717
050800020203,2017,19.899134182,5.194051267,0.569052879
050800020203,2018,25.853227032,5.580804796,0.630193125
050800020203,2019,30.131039959,7.075150276,0.621670542
050800020204,2010,16.914541306,0.665396626,0.553623508
050800020204,2011,33.162300076,0.907507192,0.591040284
050800020204,2012,6.848602908,0.450996817,0.492705161
050800020204,2013,15.488817064,0.444126229,0.528691084
050800020204,2014,19.113212017,0.694625419,0.598377085
050800020204,2015,18.634432182,0.675462596,0.56849932
050800020204,2016,11.55238681,0.528057111,0.534546622
050800020204,2017,10.544800887,0.479484556,0.525645406
050800020204,2018,15.615014715,0.465502172,0.601250494
050800020204,2019,21.913780221,0.743249602,0.571365543
050800020205,2010,19.150748774,1.181905103,0.52321296
050800020205,2011,31.869933152,1.465227812,0.55651975
050800020205,2012,10.468075738,0.848288041,0.501921272
050800020205,2013,16.415210407,0.846090343,0.51789866
050800020205,2014,19.02870425,1.220556275,0.578314039
050800020205,2015,19.556102287,1.159393669,0.531976055
050800020205,2016,15.719356882,1.035925818,0.50726047
050800020205,2017,12.689177023,1.041982239,0.498657437
050800020205,2018,19.298984002,1.074241576,0.565168604
050800020205,2019,23.635170175,1.36872771,0.556338317
050800020301,2010,20.81413627,0.672759607,0.556180938
050800020301,2011,35.092095515,0.859771533,0.590696083
050800020301,2012,7.71252866,0.443761709,0.501498453
050800020301,2013,17.336139032,0.44754533,0.530643321
050800020301,2014,21.683922528,0.713077032,0.599796477
050800020301,2015,20.758722785,0.691657899,0.569653965
050800020301,2016,13.268022296,0.526305108,0.532505674
050800020301,2017,11.706268886,0.477043,0.527344707
050800020301,2018,17.758862034,0.498449757,0.602757126
050800020301,2019,24.227944124,0.723947178,0.571747067
050800020302,2010,29.697961298,0.938947376,0.660424694
050800020302,2011,55.704607986,0.892411786,0.665574274
050800020302,2012,19.576342808,0.74544481,0.638392363
050800020302,2013,33.70716808,0.713957663,0.676162561
050800020302,2014,35.092564476,0.821325309,0.738128332
050800020302,2015,36.709763912,0.926386035,0.693562704
050800020302,2016,35.928637181,0.82374423,0.651741085
050800020302,2017,23.116102946,0.665423724,0.678237066
050800020302,2018,36.466635489,0.842851951,0.719725053
050800020302,2019,45.287392864,1.125897018,0.683015962
050800020303,2010,14.115974234,0.947309404,0.506407255
050800020303,2011,27.324176542,1.203352693,0.536443199
050800020303,2012,8.825388353,0.728391961,0.50775559
050800020303,2013,14.401843096,0.739814228,0.532081613
050800020303,2014,16.104020076,1.064095711,0.581038246
050800020303,2015,15.613071445,0.842535531,0.512333048
050800020303,2016,16.177059567,0.824301282,0.492333135
050800020303,2017,8.861356903,0.688532247,0.480680564
050800020303,2018,14.873689547,0.896900592,0.54233952
050800020303,2019,21.634405887,1.285646782,0.54402854
050800020304,2010,25.879062428,0.805304499,0.609432804
050800020304,2011,46.333957804,0.806505276,0.623625602
050800020304,2012,16.48890944,0.621949907,0.593319701
050800020304,2013,28.264346099,0.600935793,0.625958639
050800020304,2014,30.002306106,0.757286926,0.682172123
050800020304,2015,30.280114168,0.794972513,0.630661152
050800020304,2016,29.595632621,0.695999777,0.596998721
050800020304,2017,18.362628055,0.543967875,0.613793333
050800020304,2018,30.155819615,0.685151541,0.657775551
050800020304,2019,37.123358848,0.978008432,0.634359297
050800020305,2010,17.633336519,1.340539497,0.527743253
050800020305,2011,29.681646431,1.684512855,0.540145185
050800020305,2012,11.457696491,1.279573099,0.504283299
050800020305,2013,24.778611889,1.40119877,0.551277064
050800020305,2014,19.016148692,1.836451914,0.573533532
050800020305,2015,15.327622076,1.234045237,0.518126892
050800020305,2016,15.65062329,1.094893785,0.508059471
050800020305,2017,10.477682973,0.774371308,0.478811355
050800020305,2018,20.460729995,1.023599715,0.55967936
050800020305,2019,23.079834211,1.535808683,0.525505993
050800020306,2010,34.40870257,3.58561444,0.602839257
050800020306,2011,58.367439888,4.115654376,0.629455558
050800020306,2012,27.550351745,3.224027425,0.606995734
050800020306,2013,41.271566953,3.355020247,0.640495865
050800020306,2014,44.033571608,3.973261228,0.689928946
050800020306,2015,36.141691659,3.290258431,0.631982097
050800020306,2016,35.360642749,3.242390936,0.599542333
050800020306,2017,28.639059646,2.452377411,0.619103385
050800020306,2018,47.06880826,4.091727878,0.669965353
050800020306,2019,48.560377033,4.169651038,0.638702483
050800020401,2010,21.982628468,12.307768593,0.519992876
050800020401,2011,38.192796818,16.103326925,0.556759864
050800020401,2012,17.31326525,11.362373373,0.539290974
050800020401,2013,30.936576967,13.09117204,0.577478838
050800020401,2014,27.164353365,12.950007264,0.601692479
050800020401,2015,22.312880271,12.546735407,0.543941294
050800020401,2016,23.884974803,13.54559608,0.528532361
050800020401,2017,18.787176186,11.450988903,0.530161655
050800020401,2018,27.064583728,14.936402018,0.578512661
050800020401,2019,32.728641379,16.422471447,0.556328586
050800020402,2010,18.773961304,9.992527372,0.529110446
050800020402,2011,32.939474344,13.797195481,0.539071499
050800020402,2012,12.946473115,8.31123179,0.499296014
050800020402,2013,27.561966365,11.526973026,0.558589778
050800020402,2014,22.683361779,10.951620914,0.574228506
050800020402,2015,16.616408501,8.999355006,0.527227576
050800020402,2016,18.96612975,11.05724163,0.526033688
050800020402,2017,15.31887335,8.987992376,0.520095326
050800020402,2018,26.057157116,13.593210456,0.595168329
050800020402,2019,27.94164709,14.057040151,0.554710631
050800020403,2010,33.49015674,11.893748765,0.596002753
050800020403,2011,49.83142677,13.974443323,0.617665419
050800020403,2012,24.22635865,10.695439903,0.575336543
050800020403,2013,30.971832201,10.73527713,0.585263643
050800020403,2014,40.644353989,14.435856804,0.670480716
050800020403,2015,31.325270492,11.526258034,0.609825286
050800020403,2016,36.019949737,12.663539628,0.621027614
050800020403,2017,31.422623238,12.114234914,0.638765175
050800020403,2018,44.354330303,13.768208564,0.660276223
050800020403,2019,40.670058494,13.785907482,0.618878557
050800020404,2010,44.578625856,16.192712394,0.561449706
050800020404,2011,61.075457714,21.010631364,0.593385632
050800020404,2012,30.628820133,13.835742125,0.537770511
050800020404,2013,40.820366371,15.168808389,0.57578471
050800020404,2014,47.755317625,18.412930287,0.629838721
050800020404,2015,36.802025707,15.108370376,0.563877482
050800020404,2016,40.869809038,16.569436727,0.551025709
050800020404,2017,38.814063545,15.558951107,0.564938956
050800020404,2018,55.658087257,19.879063382,0.60431876
050800020404,2019,52.928128848,20.227446593,0.589231898
050800020501,2010,30.360373155,4.413964206,0.531810398
050800020501,2011,44.010126703,5.187836112,0.573415332
050800020501,2012,17.839037934,3.434906921,0.521387406
050800020501,2013,25.263219809,3.703098857,0.53754134
050800020501,2014,33.518385082,5.094471771,0.591021211
050800020501,2015,28.154129274,4.130984635,0.543582576
050800020501,2016,22.68833533,3.743231085,0.526874715
050800020501,2017,22.327913443,3.557427541,0.523309375
050800020501,2018,31.579289789,4.452413334,0.568923126
050800020501,2019,35.783460735,5.267325478,0.566466655
050800020502,2010,37.224325285,4.638766473,0.66517805
050800020502,2011,63.525583345,4.900290692,0.687904622
050800020502,2012,27.62292633,4.21685698,0.671780155
050800020502,2013,35.248774743,3.89068685,0.669886544
050800020502,2014,44.007455816,5.332157991,0.765086529
050800020502,2015,41.51921345,4.581737176,0.714100182
050800020502,2016,40.667708305,4.960226142,0.697177054
050800020502,2017,32.796355296,4.118017629,0.689401106
050800020502,2018,44.658262187,4.714702904,0.746576576
050800020502,2019,55.250900597,6.140274965,0.707703558
050800020503,2010,31.579416269,4.098145685,0.603679293
050800020503,2011,51.529464396,4.56813316,0.624878317
050800020503,2012,20.185069337,3.316029863,0.589796928
050800020503,2013,32.847659729,3.156088352,0.595027004
050800020503,2014,37.777010026,4.237363052,0.65916234
050800020503,2015,36.667856723,4.209024314,0.620542442
050800020503,2016,30.754875001,3.841915921,0.596683349
050800020503,2017,26.46900094,3.336301375,0.601343747
050800020503,2018,39.805607015,4.282968715,0.647922713
050800020503,2019,45.982930097,5.103701105,0.630484806
050800020504,2010,28.095858525,2.400912891,0.55008408
050800020504,2011,58.08504805,3.14797596,0.597803924
050800020504,2012,21.754566243,2.169348131,0.56259027
050800020504,2013,32.164002146,2.305019551,0.604788044
050800020504,2014,40.969794803,3.203950829,0.676590284
050800020504,2015,38.286198447,2.453826973,0.625924291
050800020504,2016,39.232583658,2.808865482,0.599481239
050800020504,2017,25.222242357,2.082171334,0.569066028
050800020504,2018,39.217810734,2.4637046,0.642221149
050800020504,2019,51.859819161,3.770834783,0.637299102
050800020505,2010,28.077992349,1.98066728,0.5189974
050800020505,2011,57.565816535,2.821042516,0.572802018
050800020505,2012,24.138853676,1.780222148,0.539137149
050800020505,2013,34.167222735,2.019147189,0.585619251
050800020505,2014,40.478253995,2.788593563,0.649137207
050800020505,2015,35.862302401,2.034502699,0.595893717
050800020505,2016,38.41657885,2.375084501,0.56566233
050800020505,2017,25.520740667,1.680371508,0.536435971
050800020505,2018,44.609019847,2.041867407,0.612877968
050800020505,2019,53.244715336,3.322218714,0.617942223
050800020601,2010,23.641174435,0.531409672,0.549363283
050800020601,2011,45.008211568,0.634147416,0.599295318
050800020601,2012,14.09343158,0.481355663,0.550247585
050800020601,2013,25.55440344,0.434842325,0.559263716
050800020601,2014,28.598527087,0.646597397,0.630846964
050800020601,2015,25.368915216,0.522110535,0.58875094
050800020601,2016,21.042551903,0.49305696,0.586825381
050800020601,2017,19.172446831,0.431744796,0.543906684
050800020601,2018,27.527466356,0.546413014,0.627787026
050800020601,2019,36.156751293,0.645525881,0.60766933
050800020602,2010,17.806128606,0.639185456,0.502856763
050800020602,2011,41.059596559,1.033718541,0.540652273
050800020602,2012,12.491698297,0.676697625,0.476627372
050800020602,2013,23.909912138,0.665196176,0.504132151
050800020602,2014,25.283151405,0.93884832,0.571627818
050800020602,2015,22.538318989,0.666300226,0.540169552
050800020602,2016,21.651234844,0.67418989,0.524671674
050800020602,2017,16.095608245,0.498997228,0.47425171
050800020602,2018,25.508338081,0.685160762,0.573522736
050800020602,2019,34.780818056,1.015539914,0.54884244
050800020603,2010,18.37111789,0.447018617,0.472367597
050800020603,2011,46.74628947,1.087935813,0.516370766
050800020603,2012,14.173497258,0.466883035,0.459256665
050800020603,2013,22.940329597,0.503444886,0.471554825
050800020603,2014,30.407361588,0.9990332,0.557321983
050800020603,2015,26.877435764,0.531623113,0.519079024
050800020603,2016,24.877277052,0.464323721,0.497290462
050800020603,2017,18.222312294,0.36807178,0.448701769
050800020603,2018,27.494340485,0.503440144,0.538253214
050800020603,2019,38.744380225,0.859181701,0.521213411
050800020604,2010,15.686846134,0.345531875,0.475008793
050800020604,2011,38.736656869,0.94434465,0.517713534
050800020604,2012,10.900669098,0.395233448,0.461290719
050800020604,2013,21.816559629,0.435352156,0.490920008
050800020604,2014,24.744524254,0.847154357,0.558579136
050800020604,2015,20.366241428,0.441726004,0.523742815
050800020604,2016,24.088502376,0.403408139,0.505365009
050800020604,2017,13.7294033,0.29783555,0.462777676
050800020604,2018,23.743202724,0.388597848,0.541505493
050800020604,2019,32.293459396,0.772496453,0.53268904
050800020605,2010,22.695719895,1.827686631,0.481124448
050800020605,2011,50.155206038,2.517729567,0.531076428
050800020605,2012,18.1602691,1.905479773,0.481823314
050800020605,2013,31.162829522,1.811863225,0.510337631
050800020605,2014,29.754849243,2.151433269,0.566946667
050800020605,2015,24.368647667,1.680022796,0.528842319
050800020605,2016,31.604824426,1.74760585,0.501819894
050800020605,2017,19.014124446,1.507172795,0.477401183
050800020605,2018,37.344723947,1.817531261,0.565529153
050800020605,2019,38.889942038,2.606809658,0.546164317
050800020701,2010,20.910943482,6.302519673,0.39846801
050800020701,2011,35.885797644,8.630804429,0.420040657
050800020701,2012,15.693654286,5.551370695,0.391220714
050800020701,2013,23.238770676,5.818620372,0.432216073
050800020701,2014,29.041579186,8.850765303,0.479349942
050800020701,2015,23.592990641,7.450856246,0.441691672
050800020701,2016,25.241474343,8.033599069,0.407161142
050800020701,2017,15.661025117,4.718496987,0.413656225
050800020701,2018,28.619959462,7.604971914,0.451980374
050800020701,2019,33.311712752,9.954291047,0.443494697
050800020702,2010,33.092395651,15.566517706,0.409685251
050800020702,2011,48.830182043,19.98190745,0.430330266
050800020702,2012,24.444423526,13.598080679,0.403444279
050800020702,2013,30.175672965,13.405947002,0.428580002
050800020702,2014,38.805157476,17.956132195,0.464680013
050800020702,2015,31.281827356,14.880902658,0.432725622
050800020702,2016,34.007079617,16.216156179,0.405349238
050800020702,2017,26.883421305,14.120600735,0.412778358
050800020702,2018,44.013114686,19.791425482,0.449374546
050800020702,2019,41.776382862,19.362913778,0.438315145
050800020703,2010,30.449521709,17.080961294,0.597589894
050800020703,2011,48.261672342,21.967295377,0.603999294
050800020703,2012,20.121624718,13.337612214,0.569962735
050800020703,2013,29.952634407,13.766908239,0.590202805
050800020703,2014,28.499942445,16.81343574,0.656355948
050800020703,2015,27.511209328,15.579321366,0.634050768
050800020703,2016,30.024483315,17.316955133,0.612799956
050800020703,2017,25.99598879,16.018150701,0.652226194
050800020703,2018,39.693821147,20.898733356,0.660409273
050800020703,2019,36.748135065,19.883742066,0.626124484
050800020704,2010,35.837729655,17.678243118,0.477098172
050800020704,2011,50.472630456,20.726821367,0.5056991
050800020704,2012,27.131822183,15.712497734,0.465196241
050800020704,2013,33.441262753,15.843568612,0.494199181
050800020704,2014,36.526872727,18.219971269,0.527754908
050800020704,2015,31.897776064,16.775343674,0.497298736
050800020704,2016,34.724532645,17.912532609,0.476287769
050800020704,2017,31.818315705,17.709336321,0.486141793
050800020704,2018,48.045919094,21.468268906,0.52797393
050800020704,2019,40.927146028,19.672408153,0.509459763
050800020705,2010,41.482693166,13.655263126,0.62264106
050800020705,2011,66.735018991,18.052946476,0.651342467
050800020705,2012,35.670774092,12.337960255,0.615270379
050800020705,2013,39.840804815,12.387530602,0.635303841
050800020705,2014,40.630410687,13.966512342,0.665032612
050800020705,2015,44.340828334,13.349061546,0.651521038
050800020705,2016,44.727787363,14.144074454,0.625742388
050800020705,2017,39.441513075,11.667390922,0.646123676
050800020705,2018,54.325770596,15.995487292,0.677713062
050800020705,2019,55.544459229,17.152687355,0.668233108
050800020706,2010,34.218880483,18.26517867,0.518370732
050800020706,2011,57.361873033,24.802916998,0.568056175
050800020706,2012,26.395828936,16.1076417,0.514478828
050800020706,2013,32.533852138,16.355997008,0.541857913
050800020706,2014,36.783459075,20.307277113,0.600602501
050800020706,2015,31.668885055,17.131618328,0.557332907
050800020706,2016,37.568054199,19.923977058,0.51944926
050800020706,2017,29.016969143,16.356318306,0.538481694
050800020706,2018,48.415728755,24.119194004,0.592957855
050800020706,2019,46.793320686,24.314650231,0.578222394
050800020802,2010,31.728736395,3.301572235,0.564957422
050800020802,2011,63.885052125,7.722309773,0.587024598
050800020802,2012,24.675327734,3.887058097,0.535217608
050800020802,2013,32.646568296,3.647156237,0.586522767
050800020802,2014,40.086548557,5.011189769,0.64835972
050800020802,2015,36.649540756,3.446242898,0.613033784
050800020802,2016,42.887996456,5.395329547,0.600079288
050800020802,2017,28.84133713,1.894850924,0.590158722
050800020802,2018,41.137766102,4.023441162,0.625159645
050800020802,2019,53.896290349,7.30871268,0.630263049
050800020803,2010,33.911873588,3.345845109,0.57087902
050800020803,2011,69.41239888,7.866987461,0.607175594
050800020803,2012,27.936982444,3.952852438,0.550265357
050800020803,2013,37.272786209,3.709123298,0.599862882
050800020803,2014,42.030116748,5.035424682,0.647372139
050800020803,2015,36.329791093,3.443260675,0.607796802
050800020803,2016,48.396545623,5.457210402,0.588330078
050800020803,2017,29.60800727,1.90013933,0.595819841
050800020803,2018,47.667229324,4.067420031,0.625669841
050800020803,2019,57.288318997,7.437740053,0.635809624
050800020901,2010,51.512462724,12.070379965,0.660831787
050800020901,2011,94.404733963,17.407588423,0.699962735
050800020901,2012,53.431087525,13.270922776,0.661625153
050800020901,2013,60.605040406,14.00699717,0.70576173
050800020901,2014,53.879851272,12.802391106,0.709088177
050800020901,2015,56.462025757,12.557844189,0.6875228
050800020901,2016,57.861018761,13.338917022,0.651511056
050800020901,2017,53.736357845,11.999334117,0.672852301
050800020901,2018,66.933704359,14.417595734,0.698077517
050800020901,2019,71.710076236,17.050756581,0.695775335
050800020902,2010,47.100666579,12.530077379,0.627338504
050800020902,2011,86.907024019,19.380946312,0.665621933
050800020902,2012,46.68908098,13.351413517,0.621283249
050800020902,2013,53.47653309,14.025057118,0.663149482
050800020902,2014,54.531793393,15.084630943,0.685110428
050800020902,2015,49.913021421,13.493656126,0.650863411
050800020902,2016,57.727962369,14.876034859,0.624851723
050800020902,2017,47.960631702,12.60197585,0.641090114
050800020902,2018,63.95549752,15.553115543,0.668153515
050800020902,2019,70.029092844,18.259984217,0.668016033
050800020903,2010,30.085821337,5.057419106,0.509670193
050800020903,2011,72.562381581,10.515436094,0.58562061
050800020903,2012,27.27311709,5.019357447,0.495599604
050800020903,2013,37.042281042,5.791754028,0.538010854
050800020903,2014,34.173325328,6.903081229,0.597774962
050800020903,2015,37.645938134,7.351095939,0.570450796
050800020903,2016,39.291342034,5.880838213,0.522055286
050800020903,2017,31.459440312,5.632542209,0.519700296
050800020903,2018,48.999879055,8.203324338,0.582281922
050800020903,2019,50.715150123,8.95285011,0.599172009
050800020904,2010,35.281336919,7.35322837,0.637687398
050800020904,2011,79.096403458,12.681520208,0.682873758
050800020904,2012,36.366734022,8.268951468,0.634831359
050800020904,2013,47.562132646,9.232967187,0.687857625
050800020904,2014,40.979835749,9.260470554,0.703412258
050800020904,2015,42.851254973,8.375284174,0.676382603
050800020904,2016,46.033414942,9.050201134,0.639146179
050800020904,2017,35.593378889,6.7736072,0.662242798
050800020904,2018,55.153965353,9.78865087,0.687654001
050800020904,2019,58.992138405,12.308824323,0.685823796
050800020905,2010,44.173710641,5.268222883,0.645240125
050800020905,2011,83.251626538,8.039748621,0.683247834
050800020905,2012,36.661485726,4.815782374,0.637771198
050800020905,2013,52.359522702,5.760601102,0.685812681
050800020905,2014,44.595472357,6.420634433,0.687747717
050800020905,2015,51.600972588,5.370318715,0.685401383
050800020905,2016,53.989050985,5.399985637,0.657054058
050800020905,2017,44.16926989,4.751956765,0.649851856
050800020905,2018,65.689930983,6.680631648,0.689031444
050800020905,2019,62.591197094,7.650189733,0.678980711
050800020906,2010,38.03971482,7.020173761,0.582024412
050800020906,2011,80.08201764,11.645288327,0.641782918
050800020906,2012,32.444773043,6.744727282,0.574366623
050800020906,2013,44.381614342,7.753650869,0.61557094
050800020906,2014,39.808240631,8.91914456,0.649295179
050800020906,2015,46.363658838,8.638120252,0.635013928
050800020906,2016,49.149035777,8.003834251,0.599836867
050800020906,2017,40.310877191,7.424064793,0.589248688
050800020906,2018,60.41850938,9.947936253,0.642627451
050800020906,2019,58.393551306,10.461880643,0.643532858
050800020907,2010,35.392115694,13.807738656,0.608006056
050800020907,2011,78.457483619,26.296525177,0.673577746
050800020907,2012,30.091151749,13.384820758,0.603067184
050800020907,2013,39.086402034,15.078620253,0.631488179
050800020907,2014,32.12320284,15.148768887,0.655693951
050800020907,2015,45.000850644,18.814489308,0.65955001
050800020907,2016,50.312000041,19.78058447,0.640106324
050800020907,2017,41.646431289,16.166171876,0.630593721
050800020907,2018,54.670184097,20.320692811,0.658537638
050800020907,2019,61.317025189,24.724082944,0.66560523
050800030701,2010,26.399484214,7.78492563,0.514708279
050800030701,2011,50.130413064,12.030366763,0.563201332
050800030701,2012,16.272523601,7.596918313,0.49815266
050800030701,2013,24.815618496,8.587998319,0.525379294
050800030701,2014,34.696508518,10.997358093,0.57370917
050800030701,2015,19.464772193,6.423282075,0.525999801
050800030701,2016,25.277797712,8.421204271,0.539163071
050800030701,2017,25.216458421,8.344239044,0.540616196
050800030701,2018,33.869870741,10.027420776,0.562144665
050800030701,2019,36.91147741,12.549008279,0.552207937
050800030702,2010,27.089847543,6.74679022,0.55652422
050800030702,2011,47.861166413,9.714663239,0.604620199
050800030702,2012,14.201243586,4.977745033,0.530217299
050800030702,2013,24.844632559,5.396165239,0.549692956
050800030702,2014,31.464947873,7.457861771,0.619807948
050800030702,2015,21.174668097,5.735824742,0.562476962
050800030702,2016,17.768564586,5.39951941,0.561148298
050800030702,2017,20.801332081,5.67873056,0.564181572
050800030702,2018,28.03707383,7.217086881,0.604720287
050800030702,2019,34.498270918,8.261149965,0.608912427
050800030703,2010,26.227045342,5.834603879,0.515370151
050800030703,2011,50.449441302,9.172233426,0.564788585
050800030703,2012,16.716296012,6.181499652,0.498854745
050800030703,2013,23.984670719,6.688251283,0.526809351
050800030703,2014,35.259086581,8.51726916,0.574874573
050800030703,2015,21.569022078,4.870373566,0.530163781
050800030703,2016,20.71606639,5.657851339,0.538267279
050800030703,2017,21.887168979,5.856401658,0.539741519
050800030703,2018,29.28877145,6.965755644,0.560051273
050800030703,2019,36.461153086,9.694603162,0.553866071
050800030704,2010,36.997970329,4.125159464,0.517264047
050800030704,2011,60.139895105,5.774069646,0.561871527
050800030704,2012,25.306650967,3.789967183,0.500699193
050800030704,2013,35.412978468,4.182222027,0.539357557
050800030704,2014,47.818197454,5.132070511,0.579847726
050800030704,2015,37.144639025,3.862488162,0.53661533
050800030704,2016,28.026027069,3.649712231,0.521035607
050800030704,2017,31.727217278,3.888953164,0.528282459
050800030704,2018,41.463678741,4.556403388,0.554428689
050800030704,2019,51.743805414,5.720995351,0.562101245
050800030707,2010,49.164065047,9.698630007,0.613896677
050800030707,2011,71.45282751,11.065518083,0.667380373
050800030707,2012,38.870130515,8.972918947,0.638815743
050800030707,2013,44.953589628,8.029658946,0.652284217
050800030707,2014,61.779816456,10.257772661,0.702325262
050800030707,2015,50.902855796,9.40556409,0.659024652
050800030707,2016,42.20721818,8.736576486,0.652588463
050800030707,2017,41.550561314,8.382822396,0.648375521
050800030707,2018,60.108212508,10.479727946,0.68580062
050800030707,2019,69.230230942,12.883381383,0.6768078
050800030708,2010,42.228786394,11.318510187,0.645353258
050800030708,2011,62.871875535,12.730329972,0.702764738
050800030708,2012,31.060017988,10.170948759,0.682247434
050800030708,2013,36.639470243,8.743174494,0.685839384
050800030708,2014,53.23112974,11.615772534,0.74646001
050800030708,2015,41.326734138,10.759187408,0.70068704
050800030708,2016,37.584283133,10.203631797,0.703024186
050800030708,2017,32.045413741,9.305546444,0.687909573
050800030708,2018,51.610386647,12.186043273,0.736382526
050800030708,2019,61.104842491,14.851028569,0.717312539
050800030807,2010,26.278425012,5.223022117,0.660015913
050800030807,2011,51.704993082,7.166364288,0.713204511
050800030807,2012,18.416467676,4.486878137,0.64754816
050800030807,2013,30.855524187,4.693756549,0.692191771
050800030807,2014,29.408603029,5.316874156,0.725829363
050800030807,2015,24.696136349,4.515240826,0.692648044
050800030807,2016,33.568558923,5.665155829,0.683858995
050800030807,2017,21.666562083,4.387827081,0.691557273
050800030807,2018,37.646591056,6.05020397,0.725856434
050800030807,2019,39.724099082,6.91888163,0.71262043
050800030808,2010,25.994397736,3.766048805,0.651055821
050800030808,2011,57.055238726,5.755417271,0.706095767
050800030808,2012,18.747603225,3.425461637,0.637901744
050800030808,2013,31.85282169,3.547799595,0.679363149
050800030808,2014,28.125686458,3.948778105,0.706704598
050800030808,2015,26.739821976,3.402994312,0.681516194
050800030808,2016,33.000769092,4.01112552,0.664081374
050800030808,2017,21.098303095,3.22918609,0.675168301
050800030808,2018,39.723010495,4.521600543,0.711740281
050800030808,2019,41.612503624,5.302132015,0.701057733
050800030809,2010,21.878886913,2.840513733,0.628998463
050800030809,2011,58.161958092,6.033062494,0.686376819
050800030809,2012,17.562706496,2.750937179,0.614863211
050800030809,2013,29.681184504,3.059709335,0.65124809
050800030809,2014,22.362957359,3.759349022,0.668016472
050800030809,2015,26.514653833,3.276932777,0.653245239
050800030809,2016,27.652615482,3.03135187,0.627150295
050800030809,2017,21.055425894,2.771554411,0.631753809
050800030809,2018,40.600188872,4.450894785,0.691362211
050800030809,2019,39.406764672,4.724494674,0.672366605
050800030810,2010,35.341532046,4.532030191,0.64430049
050800030810,2011,83.252151096,11.75375724,0.708463132
050800030810,2012,29.013351101,4.788945038,0.64247008
050800030810,2013,38.532230377,5.499748396,0.66864962
050800030810,2014,33.590001261,6.119578371,0.704740112
050800030810,2015,41.026805948,5.54643851,0.687898531
050800030810,2016,47.374916731,7.49061821,0.668375026
050800030810,2017,35.664589274,4.471624101,0.671109657
050800030810,2018,57.898096224,7.972546691,0.705365712
050800030810,2019,57.742801227,9.842933763,0.710216965
050901010101,2010,23.474372588,8.878610288,0.563269298
050901010101,2011,39.672504222,12.934147932,0.596097547
050901010101,2012,21.122017471,7.621805824,0.500049322
050901010101,2013,27.256799193,9.472997733,0.587337204
050901010101,2014,29.989077825,10.268797119,0.614761442
050901010101,2015,43.367133235,14.810365898,0.607175267
050901010101,2016,29.949346163,9.426719412,0.583168737
050901010101,2017,21.699121901,8.873824297,0.514386112
050901010101,2018,55.529282365,15.664612948,0.637142539
050901010101,2019,46.450973931,15.727219734,0.618630168
050901010103,2010,25.655683981,9.097379332,0.550806805
050901010103,2011,42.21666163,12.799622955,0.57857508
050901010103,2012,21.194032101,7.541158693,0.480226958
050901010103,2013,32.659299347,10.277217749,0.572321012
050901010103,2014,32.862246083,10.550340388,0.598865153
050901010103,2015,45.896354166,14.384729217,0.592668625
050901010103,2016,31.287764451,9.620911049,0.559921079
050901010103,2017,26.196403162,9.503138852,0.513527359
050901010103,2018,54.165258658,15.328816425,0.615001661
050901010103,2019,51.127106269,15.389749861,0.605201976
050901010201,2010,30.754516964,3.259730369,0.678405722
050901010201,2011,55.21310354,5.922261406,0.720638367
050901010201,2012,28.387878251,3.91939071,0.676504393
050901010201,2013,44.030494025,3.96664828,0.740670237
050901010201,2014,36.271195616,4.031952852,0.733984584
050901010201,2015,41.925977809,3.940840506,0.719097307
050901010201,2016,22.669330066,2.879510521,0.656912797
050901010201,2017,25.289986373,2.177222762,0.694829563
050901010201,2018,49.524791032,4.98903305,0.730384714
050901010201,2019,43.604782595,5.235988706,0.688968123
050901010202,2010,32.01908982,3.021983777,0.671230766
050901010202,2011,53.373656711,5.324901703,0.711999431
050901010202,2012,29.897058594,3.634268963,0.67163025
050901010202,2013,42.696100092,3.622075363,0.726371545
050901010202,2014,33.673107227,3.570674171,0.720315241
050901010202,2015,38.991158578,3.584758673,0.704912078
050901010202,2016,22.546284213,2.58754748,0.646478333
050901010202,2017,22.971611303,1.933601962,0.678481479
050901010202,2018,47.291902827,4.390983008,0.722146453
050901010202,2019,46.628490033,4.927297739,0.686743006
050901010203,2010,28.962871385,3.784648593,0.665311782
050901010203,2011,51.014546342,6.09566233,0.710822018
050901010203,2012,26.513570393,3.938647429,0.668481049
050901010203,2013,42.15950528,4.103916583,0.743903916
050901010203,2014,34.760816679,3.999229448,0.734834201
050901010203,2015,46.432634033,4.695876691,0.723664153
050901010203,2016,23.864876965,3.453433934,0.656940178
050901010203,2017,22.981550041,2.498536515,0.69753059
050901010203,2018,46.646402989,5.213443531,0.73302983
050901010203,2019,42.455517601,5.255176355,0.702730606
050901010204,2010,28.74816109,3.629140462,0.676370473
050901010204,2011,55.932510816,5.992766259,0.732106462
050901010204,2012,30.663010715,4.211720056,0.692692301
050901010204,2013,48.462030141,4.89023845,0.754118375
050901010204,2014,39.032849102,4.628262152,0.74403292
050901010204,2015,49.322026804,4.868513555,0.732914297
050901010204,2016,25.272339223,3.616606192,0.660977532
050901010204,2017,27.331798721,3.009273785,0.713330317
050901010204,2018,55.582080974,5.538729135,0.743105021
050901010204,2019,42.712653448,5.565034515,0.701358098
050901010205,2010,27.619577211,2.764862395,0.654288427
050901010205,2011,53.224729621,4.950723928,0.707662729
050901010205,2012,25.505608736,3.334125728,0.648035753
050901010205,2013,43.894106943,3.286398872,0.734117165
050901010205,2014,35.690441517,3.348069227,0.718666888
050901010205,2015,45.496337652,3.577412756,0.715641354
050901010205,2016,27.421403237,3.165605144,0.651967064
050901010205,2017,27.296971041,2.151577558,0.696798801
050901010205,2018,57.251192438,4.498352104,0.734771634
050901010205,2019,40.118722012,4.48529668,0.673725005
050901010301,2010,28.85652316,4.498053598,0.684748978
050901010301,2011,55.545768571,8.09925773,0.730028712
050901010301,2012,28.820649333,5.256209018,0.673921954
050901010301,2013,40.912499515,5.426636791,0.750065909
050901010301,2014,36.734197179,5.720853496,0.741914482
050901010301,2015,43.538789573,5.989100999,0.735143016
050901010301,2016,28.437798415,5.596243745,0.667598649
050901010301,2017,26.12843214,4.050862463,0.719234349
050901010301,2018,50.428812452,7.032199047,0.734744869
050901010301,2019,39.815824031,6.605168441,0.700216658
050901010302,2010,28.306873077,3.938450001,0.677343236
050901010302,2011,44.662979875,5.422676679,0.708621302
050901010302,2012,22.703615855,4.196716115,0.670526959
050901010302,2013,35.175422662,4.127317762,0.749993772
050901010302,2014,32.651533346,4.281122519,0.750071563
050901010302,2015,54.366488577,5.580334931,0.750131369
050901010302,2016,26.849076061,4.312031675,0.688976455
050901010302,2017,28.138503859,3.564481795,0.721509574
050901010302,2018,54.587270691,5.4742409,0.769011835
050901010302,2019,39.464864518,5.819103762,0.711357785
050901010303,2010,24.936549641,2.531847866,0.644808381
050901010303,2011,39.495263303,4.148448973,0.666813867
050901010303,2012,18.574450459,2.235982874,0.625649756
050901010303,2013,34.658410883,2.775416384,0.713866364
050901010303,2014,28.511106426,2.97497301,0.696942424
050901010303,2015,44.181707117,3.662128615,0.696353879
050901010303,2016,24.548784684,2.500332665,0.642945864
050901010303,2017,28.79641027,2.458363736,0.667073911
050901010303,2018,50.123635123,3.862573964,0.728740629
050901010303,2019,34.605357615,4.498125456,0.66026105
050901010304,2010,25.161314585,2.766708462,0.638276448
050901010304,2011,43.194392727,4.779494938,0.67564348
050901010304,2012,20.892722046,2.821253222,0.630044067
050901010304,2013,34.159398315,3.044270195,0.708372247
050901010304,2014,31.921687057,3.455367718,0.697482868
050901010304,2015,39.455137738,3.766377914,0.691824361
050901010304,2016,25.940482441,2.962725622,0.633282113
050901010304,2017,23.773450678,2.320672761,0.661799734
050901010304,2018,44.914117974,4.033723226,0.703153476
050901010304,2019,35.690883079,4.581390214,0.654468599
050901010401,2010,34.016832748,10.888722247,0.671039694
050901010401,2011,44.161178691,11.676876746,0.669265164
050901010401,2012,24.026518929,8.956012437,0.651749117
050901010401,2013,34.850110693,11.656785876,0.729553013
050901010401,2014,35.326693377,12.329776395,0.735797582
050901010401,2015,57.791773782,14.111171067,0.738766284
050901010401,2016,31.70221453,11.588936434,0.675370093
050901010401,2017,27.512872196,9.570861543,0.698917993
050901010401,2018,57.886829084,15.457040352,0.755969729
050901010401,2019,43.588869673,13.172517236,0.699403807
050901010402,2010,28.652053478,7.511536204,0.622400452
050901010402,2011,40.275013583,9.149869275,0.648632818
050901010402,2012,19.669589466,6.237438502,0.597554769
050901010402,2013,29.624838796,7.505133885,0.669824371
050901010402,2014,34.60486562,9.899699437,0.676565743
050901010402,2015,39.449857826,9.848826725,0.654876108
050901010402,2016,28.319874503,7.636573003,0.617822184
050901010402,2017,17.259324545,5.099223012,0.620981549
050901010402,2018,43.607380504,9.516960172,0.691254315
050901010402,2019,39.567513237,10.280301674,0.642787202
050901010403,2010,31.253978062,8.291417881,0.675536009
050901010403,2011,42.762677779,9.465474675,0.667609302
050901010403,2012,24.163332392,7.31322266,0.639085854
050901010403,2013,32.600168905,8.89388111,0.731078425
050901010403,2014,38.183518277,10.65639387,0.733351744
050901010403,2015,45.792855534,10.031268892,0.713255665
050901010403,2016,27.903658665,8.7368733,0.652878898
050901010403,2017,22.306174662,6.671321928,0.694682584
050901010403,2018,55.460805618,11.767942222,0.749667517
050901010403,2019,42.249816984,10.386312791,0.698976131
050901010404,2010,28.823950479,7.260162155,0.631410749
050901010404,2011,41.658775416,9.054758293,0.667839199
050901010404,2012,21.232669596,6.334646529,0.616632095
050901010404,2013,29.576678504,7.072617581,0.681965254
050901010404,2014,32.691007234,8.585599737,0.689357512
050901010404,2015,43.773446717,10.251136407,0.67874175
050901010404,2016,30.516980103,8.044543172,0.632607357
050901010404,2017,19.549292527,5.272932785,0.646293589
050901010404,2018,48.01763327,9.714987776,0.708437454
050901010404,2019,41.684649427,9.992148824,0.664465617
050901010501,2010,27.562864011,11.478175804,0.642604435
050901010501,2011,41.406299816,12.845340724,0.651206426
050901010501,2012,22.093678101,8.806321623,0.61585198
050901010501,2013,29.613698421,10.774854872,0.712878588
050901010501,2014,32.844162964,13.203301661,0.704944119
050901010501,2015,44.11396648,14.978614455,0.70712664
050901010501,2016,26.091199602,11.961948773,0.629093161
050901010501,2017,22.806936672,8.064775359,0.678489572
050901010501,2018,52.131396812,18.243108341,0.737450306
050901010501,2019,39.071573805,13.296893221,0.662290441
050901010502,2010,27.774776847,11.608997161,0.618851339
050901010502,2011,37.778850444,14.525400057,0.663127242
050901010502,2012,22.452402497,10.308167534,0.607086027
050901010502,2013,26.616833012,10.498985241,0.680901922
050901010502,2014,33.271965161,15.210229244,0.690583707
050901010502,2015,47.59658201,18.790020114,0.694598596
050901010502,2016,29.230034316,13.671076907,0.627798481
050901010502,2017,20.478141176,7.467611902,0.66309903
050901010502,2018,45.564661724,17.908117485,0.713403031
050901010502,2019,42.442848661,17.458098808,0.653251318
050901010503,2010,26.584121703,11.343530047,0.624736087
050901010503,2011,39.179462236,12.808806158,0.647171876
050901010503,2012,21.166789669,9.032045366,0.605201971
050901010503,2013,27.968273358,10.383632873,0.699057797
050901010503,2014,34.672628189,15.267307585,0.697684904
050901010503,2015,43.130521019,16.105751543,0.690958942
050901010503,2016,25.619323508,11.935018954,0.613044105
050901010503,2017,20.48486359,6.461982747,0.654179755
050901010503,2018,47.000780197,17.184576358,0.716013842
050901010503,2019,39.169361892,14.432258418,0.64990006
050901010504,2010,25.725310037,11.33171438,0.621121526
050901010504,2011,36.82633218,14.682919082,0.667595022
050901010504,2012,20.632057886,9.811657829,0.613427372
050901010504,2013,24.197396151,9.996815801,0.668094541
050901010504,2014,27.089281642,11.770438498,0.679068111
050901010504,2015,43.773560628,17.928308323,0.690523397
050901010504,2016,27.815790728,13.559183802,0.628119285
050901010504,2017,17.773802766,6.777322657,0.648334031
050901010504,2018,43.196121298,17.284227476,0.711293225
050901010504,2019,41.581994637,17.773502711,0.659934823
050901010601,2010,32.088402855,6.998454346,0.659791943
050901010601,2011,50.885599168,8.42696417,0.687714075
050901010601,2012,25.606104981,5.875206372,0.641704979
050901010601,2013,33.602543273,7.460937342,0.696949028
050901010601,2014,34.533997915,7.917461093,0.702245789
050901010601,2015,45.851448117,8.629405812,0.695120156
050901010601,2016,37.679314556,7.885881968,0.666065709
050901010601,2017,20.554923982,5.360914455,0.651412534
050901010601,2018,57.573778635,9.397703598,0.729824465
050901010601,2019,48.627330318,9.298540332,0.671635263
050901010602,2010,28.370781391,8.532974054,0.667322573
050901010602,2011,43.979077331,10.758413624,0.697930203
050901010602,2012,26.078420848,8.279580601,0.668289865
050901010602,2013,28.127510518,8.771624507,0.69990754
050901010602,2014,33.945452016,10.318653871,0.719714276
050901010602,2015,43.863098722,11.294772168,0.705071375
050901010602,2016,32.801382982,9.569924434,0.672161723
050901010602,2017,19.695999714,6.824413212,0.683917398
050901010602,2018,53.32147161,12.486466896,0.743894878
050901010602,2019,45.107473754,11.546306754,0.704972201
050901010603,2010,23.062190838,5.855261684,0.600898082
050901010603,2011,39.968935828,7.097907328,0.644788872
050901010603,2012,21.956362854,5.04490615,0.589995687
050901010603,2013,27.951091983,6.735177208,0.650988763
050901010603,2014,33.920468873,8.198107032,0.649627276
050901010603,2015,43.005147081,8.178608429,0.642159112
050901010603,2016,30.126088458,6.510027781,0.608004438
050901010603,2017,15.819841006,4.545622489,0.585882112
050901010603,2018,52.117107574,8.541467842,0.67784376
050901010603,2019,45.816104565,9.361614566,0.647581985
050901010604,2010,22.139510435,4.824189625,0.62644154
050901010604,2011,42.396801868,5.473358996,0.660503707
050901010604,2012,18.917152133,3.424360952,0.58318172
050901010604,2013,31.392072411,5.128456975,0.661353904
050901010604,2014,29.771052518,5.751432307,0.653384405
050901010604,2015,42.152651982,6.0972111,0.648036759
050901010604,2016,21.003360009,3.561940971,0.589752159
050901010604,2017,21.337104759,4.450220128,0.612138994
050901010604,2018,50.839898899,6.252333707,0.685430436
050901010604,2019,52.988309527,8.218819449,0.66289171
050901010605,2010,24.297355117,6.069178513,0.648901326
050901010605,2011,44.459979569,7.729484271,0.688328491
050901010605,2012,22.287740842,5.151695049,0.623056689
050901010605,2013,32.106268332,7.217101242,0.697718934
050901010605,2014,33.085858319,8.149686133,0.691399732
050901010605,2015,44.898177461,8.272078869,0.687849033
050901010605,2016,28.12549051,6.300621761,0.643773443
050901010605,2017,19.623261333,5.315360677,0.645024843
050901010605,2018,57.215804631,9.024807541,0.722048365
050901010605,2019,52.207061564,10.057728163,0.696423937
050901010703,2010,27.51765516,9.370494366,0.715043651
050901010703,2011,45.513524958,15.770816247,0.761740856
050901010703,2012,24.509365032,9.523638143,0.66801094
050901010703,2013,36.351072571,13.195867839,0.784609697
050901010703,2014,34.364361676,12.879055509,0.766208025
050901010703,2015,47.793160476,17.065458619,0.760852566
050901010703,2016,27.9822064,11.239388327,0.685237569
050901010703,2017,30.24892965,9.747856764,0.76297492
050901010703,2018,50.414547536,16.916840674,0.76152946
050901010703,2019,49.410781108,17.432096264,0.768101319
050901010704,2010,30.573614949,13.232553278,0.708900805
050901010704,2011,47.080953178,20.570539474,0.743586025
050901010704,2012,26.166764875,12.433359863,0.65431079
050901010704,2013,38.806487471,17.682920095,0.767741298
050901010704,2014,37.265152631,17.362870435,0.754509964
050901010704,2015,49.96562631,22.53027696,0.749430947
050901010704,2016,30.755390125,14.889574906,0.6789316
050901010704,2017,32.33465821,13.754557309,0.74584574
050901010704,2018,52.135525822,21.840661039,0.747664103
050901010704,2019,51.513485857,22.580141171,0.751392595
050901010706,2010,18.003740775,2.925853453,0.622634509
050901010706,2011,40.679359675,4.652267469,0.690050325
050901010706,2012,15.862521688,2.236845898,0.613866314
050901010706,2013,31.463559355,4.370271528,0.69833253
050901010706,2014,25.917436139,4.016296076,0.669999679
050901010706,2015,40.632453986,5.267648012,0.661046498
050901010706,2016,16.79642372,2.726858559,0.582863218
050901010706,2017,18.61274477,2.84973654,0.63717487
050901010706,2018,46.7960711,5.028644579,0.693431531
050901010706,2019,45.390618132,5.101571853,0.676832228
050901010707,2010,22.554975027,8.362587663,0.65935725
050901010707,2011,38.123575571,9.328942294,0.718551212
050901010707,2012,18.196953245,5.709671309,0.648282529
050901010707,2013,31.498713502,9.871323543,0.718840984
050901010707,2014,29.015291816,10.847167234,0.700953082
050901010707,2015,40.223903581,13.513113557,0.700184538
050901010707,2016,20.821987593,7.94832433,0.621128945
050901010707,2017,21.35563042,6.084034409,0.684312569
050901010707,2018,43.908353413,11.347723612,0.729220213
050901010707,2019,44.089026973,12.056649803,0.706009916
050901010708,2010,21.787389578,6.544807344,0.637716464
050901010708,2011,34.981652091,8.236095993,0.678622272
050901010708,2012,14.952844285,4.554797312,0.61382332
050901010708,2013,30.03187708,7.773694091,0.695421592
050901010708,2014,26.474896734,8.057420335,0.662238971
050901010708,2015,38.880599743,10.324352382,0.669328158
050901010708,2016,18.875746478,6.029903091,0.597650762
050901010708,2017,22.081237959,6.348194682,0.639425682
050901010708,2018,45.96684892,10.558647716,0.695752305
050901010708,2019,44.883589587,10.103929686,0.674592053
050901010709,2010,34.695832123,10.605878256,0.540018152
050901010709,2011,52.579137842,16.494526867,0.586018152
050901010709,2012,26.64292584,8.610356868,0.492672622
050901010709,2013,41.401534386,13.252968519,0.58082021
050901010709,2014,40.46944661,14.101794308,0.599412524
050901010709,2015,56.123455306,19.681206591,0.593605713
050901010709,2016,32.662579957,10.329541084,0.529254907
050901010709,2017,39.094593215,12.074203727,0.545899767
050901010709,2018,62.413112079,20.028660865,0.604889369
050901010709,2019,59.444546306,18.496718251,0.60060651
050901010801,2010,20.386474782,7.386642761,0.512239017
050901010801,2011,30.652412834,8.772750211,0.558194557
050901010801,2012,13.368568041,5.170978202,0.502013634
050901010801,2013,21.466167439,7.665369724,0.551391708
050901010801,2014,24.818033071,9.167233825,0.559303303
050901010801,2015,34.079397293,9.741150887,0.532438982
050901010801,2016,19.76589604,6.722041285,0.487567984
050901010801,2017,11.864208294,5.119517943,0.479647004
050901010801,2018,39.61602245,10.155077083,0.579268141
050901010801,2019,34.8887856,10.443854972,0.538132878
050901010802,2010,20.467468854,8.391347102,0.513016683
050901010802,2011,30.019644498,9.659488105,0.555560723
050901010802,2012,11.251019877,5.298580825,0.493524844
050901010802,2013,20.483693733,8.469822815,0.553345605
050901010802,2014,24.267610013,10.181450911,0.558853893
050901010802,2015,29.365015252,9.867346615,0.526483874
050901010802,2016,18.669528925,7.540250801,0.497207481
050901010802,2017,11.389014539,5.538143747,0.477304709
050901010802,2018,35.586708984,10.665795293,0.577435395
050901010802,2019,33.627999887,11.24842772,0.535711383
050901010803,2010,24.364533723,11.263858425,0.556748031
050901010803,2011,33.199581859,12.154208844,0.600548576
050901010803,2012,15.479649645,8.329338007,0.546206634
050901010803,2013,24.612777156,11.568156415,0.608005941
050901010803,2014,27.788613085,13.144832473,0.617882888
050901010803,2015,30.716675347,12.791445988,0.585332819
050901010803,2016,24.398533623,10.974926858,0.561190575
050901010803,2017,14.706748596,8.084974074,0.544225896
050901010803,2018,36.34924055,12.265312312,0.620048764
050901010803,2019,34.755078305,13.620140402,0.585195581
050901010901,2010,15.136189228,4.886066865,0.534979914
050901010901,2011,29.036665132,6.547801875,0.577352324
050901010901,2012,9.88118942,3.819346371,0.511589872
050901010901,2013,21.821283083,5.921558071,0.586772694
050901010901,2014,22.41907712,6.718026385,0.576351394
050901010901,2015,30.138663151,6.39391475,0.548834526
050901010901,2016,16.463048496,4.966735683,0.489227769
050901010901,2017,8.62823401,4.049425378,0.519672502
050901010901,2018,39.494802592,7.508911615,0.60985068
050901010901,2019,36.951324578,8.130554392,0.580992094
050901010902,2010,19.786208854,9.226958094,0.567914707
050901010902,2011,35.268886579,12.022681221,0.645071645
050901010902,2012,17.678661545,6.974129735,0.579690381
050901010902,2013,24.797604018,10.585915434,0.624801058
050901010902,2014,26.483992274,12.204087772,0.625249829
050901010902,2015,38.721071719,15.768791217,0.626371985
050901010902,2016,21.44341691,9.22567541,0.545135741
050901010902,2017,11.885507362,5.507653585,0.582591144
050901010902,2018,43.678129794,14.477388771,0.648041613
050901010902,2019,37.432148044,14.51199319,0.614211082
050901010903,2010,17.714448083,8.219448639,0.538877266
050901010903,2011,28.078023049,9.968468665,0.5935219
050901010903,2012,13.365252505,6.53280556,0.531849024
050901010903,2013,20.364328818,9.064560271,0.590397038
050901010903,2014,22.85862972,10.625831379,0.590267851
050901010903,2015,30.933402734,11.805956822,0.570072012
050901010903,2016,19.413189812,8.568839749,0.511866609
050901010903,2017,10.036422024,5.678761231,0.520642135
050901010903,2018,33.330416145,10.7929921,0.607916764
050901010903,2019,32.136734299,12.057958493,0.578636538
050901011001,2010,18.313677125,8.177593833,0.587338267
050901011001,2011,33.309271031,10.676434687,0.671394537
050901011001,2012,14.692218559,5.968366449,0.600148091
050901011001,2013,22.943185223,9.481632752,0.653818485
050901011001,2014,25.052807099,11.076754709,0.651465874
050901011001,2015,36.678993197,14.621149498,0.652612325
050901011001,2016,19.351001247,8.439295304,0.564492554
050901011001,2017,9.84280059,4.4910561,0.610643092
050901011001,2018,43.985732751,13.726143505,0.677786392
050901011001,2019,35.126814877,13.382197265,0.637752938
050901011002,2010,14.621327045,8.681566266,0.555339259
050901011002,2011,28.019283608,10.439704401,0.626546533
050901011002,2012,12.389432069,7.919654063,0.553643652
050901011002,2013,19.623532383,9.243570394,0.620006051
050901011002,2014,19.666597561,10.367598042,0.61155369
050901011002,2015,28.059097839,12.221595846,0.593288195
050901011002,2016,16.684582413,10.485655438,0.516020271
050901011002,2017,12.441267218,8.677757596,0.567782136
050901011002,2018,38.702351153,11.957589116,0.641434276
050901011002,2019,37.067164881,13.368197507,0.613937124
050901011003,2010,15.77730931,9.62460516,0.555737229
050901011003,2011,28.392568256,11.992229956,0.630507448
050901011003,2012,14.01662897,8.870861687,0.558328351
050901011003,2013,18.80827246,10.201487987,0.618568038
050901011003,2014,20.187820746,11.656774262,0.614742866
050901011003,2015,26.814914744,13.536334679,0.594991111
050901011003,2016,18.504909658,11.363110603,0.518490159
050901011003,2017,10.782060849,8.430873961,0.566411082
050901011003,2018,33.751581827,12.851528856,0.636970692
050901011003,2019,32.392396417,14.517145242,0.610430272
050901011004,2010,18.112203525,5.361358859,0.583603195
050901011004,2011,33.322642061,6.901138344,0.639223043
050901011004,2012,12.39113465,3.066322565,0.565401244
050901011004,2013,24.848174097,5.610883743,0.648569528
050901011004,2014,24.159338914,7.649580611,0.629072711
050901011004,2015,35.846364673,9.764383488,0.625538845
050901011004,2016,16.523054811,5.087703925,0.533341826
050901011004,2017,13.249944502,2.99173005,0.589903896
050901011004,2018,44.741141631,9.047777,0.662517087
050901011004,2019,41.762850942,9.128700609,0.63290587
050901011005,2010,19.98790681,2.253559438,0.576440844
050901011005,2011,35.114974488,2.942517809,0.616988664
050901011005,2012,13.569302246,0.96108316,0.542353847
050901011005,2013,29.266854568,2.663371333,0.629160202
050901011005,2014,26.829740213,3.897120622,0.607070183
050901011005,2015,36.360748628,4.597276797,0.596576657
050901011005,2016,18.083436433,1.864044102,0.525969783
050901011005,2017,17.745870769,1.18566256,0.561713098
050901011005,2018,45.074189043,4.259324541,0.637854636
050901011005,2019,45.37370179,4.053475916,0.612449
050901011007,2010,40.163777054,9.106957428,0.52725982
050901011007,2011,64.893968138,12.643725761,0.585360282
050901011007,2012,33.197823852,8.622990557,0.483610167
050901011007,2013,44.715568784,9.22862005,0.565515471
050901011007,2014,47.808454432,11.735810837,0.571206662
050901011007,2015,56.794879193,13.506694101,0.557652474
050901011007,2016,38.496111873,9.079194257,0.506233063
050901011007,2017,42.203084031,9.074831711,0.521098205
050901011007,2018,70.067328262,14.594355608,0.588165247
050901011007,2019,73.256992778,13.371444911,0.583422715
050901030101,2010,40.250949304,23.29664571,0.55909176
050901030101,2011,65.497572202,36.465266894,0.624495492
050901030101,2012,31.72429708,18.858237364,0.527648115
050901030101,2013,48.904515833,29.161661351,0.59381397
050901030101,2014,44.024695512,25.532643289,0.593782052
050901030101,2015,59.477943992,32.837397456,0.586777843
050901030101,2016,37.727884181,22.187540469,0.546562486
050901030101,2017,43.468219627,25.106338279,0.558928901
050901030101,2018,62.661698039,34.425437095,0.607003459
050901030101,2019,70.74654623,37.227692079,0.620584058
050901030103,2010,30.123155113,24.308674779,0.529540802
050901030103,2011,48.330355148,35.046976077,0.577728872
050901030103,2012,21.998994111,18.582548059,0.462234127
050901030103,2013,35.727885525,28.762927424,0.532375672
050901030103,2014,29.305759333,23.191281622,0.547154285
050901030103,2015,46.988604898,31.19573322,0.544037578
050901030103,2016,24.968500876,20.504538096,0.495955974
050901030103,2017,33.199774464,26.877866552,0.505270258
050901030103,2018,55.751839788,38.231366216,0.585031946
050901030103,2019,59.807251608,40.429813447,0.57832839
050901030104,2010,24.874354895,15.956664658,0.574096701
050901030104,2011,41.054557284,23.303462672,0.628910194
050901030104,2012,17.988986524,12.188255054,0.560755802
050901030104,2013,26.850899539,17.404551874,0.614461972
050901030104,2014,28.042016864,17.032527725,0.588753923
050901030104,2015,40.156792775,21.991905245,0.600244085
050901030104,2016,22.996917488,14.933953826,0.553545309
050901030104,2017,28.723699382,19.236366067,0.585371346
050901030104,2018,51.089536057,26.493188921,0.639441815
050901030104,2019,46.135401168,26.064685054,0.618811392
050901030105,2010,34.780617534,24.228471824,0.544458351
050901030105,2011,58.470990864,39.498501538,0.604950051
050901030105,2012,31.375312425,22.199443402,0.519459766
050901030105,2013,39.856555937,27.94170057,0.573917115
050901030105,2014,38.021184177,25.704335887,0.574171976
050901030105,2015,52.275268053,33.761931558,0.581522144
050901030105,2016,35.015228927,24.399501998,0.53817798
050901030105,2017,39.234680586,26.737332642,0.545297414
050901030105,2018,56.489389411,37.863505271,0.591797104
050901030105,2019,62.362059185,41.089127965,0.600535463
050901030106,2010,24.965327359,13.992430592,0.546470423
050901030106,2011,47.211240652,26.349675856,0.60156474
050901030106,2012,20.072251002,10.873224436,0.507259352
050901030106,2013,25.672602216,14.570987599,0.56093157
050901030106,2014,30.579870372,17.073111689,0.580537923
050901030106,2015,42.626802551,23.84635653,0.579690993
050901030106,2016,27.94759488,15.796169993,0.530688112
050901030106,2017,24.880748808,12.844143544,0.535934909
050901030106,2018,45.558788285,25.298163213,0.60219066
050901030106,2019,45.116891499,24.080502096,0.58345565
050901030107,2010,27.11905897,16.71694065,0.5112849
050901030107,2011,45.19311524,26.848130078,0.566597039
050901030107,2012,20.822477154,13.336087841,0.466410724
050901030107,2013,28.178771417,17.852770389,0.506526563
050901030107,2014,26.924047869,17.416060942,0.540337755
050901030107,2015,42.695391179,25.365317665,0.546275645
050901030107,2016,27.385329954,17.18462874,0.494458351
050901030107,2017,26.349153385,16.104920427,0.478831203
050901030107,2018,47.562446398,28.421023385,0.572256982
050901030107,2019,48.679406156,27.594210302,0.55637331
050901030201,2010,23.701222341,19.108019957,0.568408068
050901030201,2011,38.005884368,28.89987,0.636593116
050901030201,2012,20.28684154,16.215834837,0.598337846
050901030201,2013,24.289824293,19.814584937,0.629275527
050901030201,2014,29.988323777,25.221070258,0.628113654
050901030201,2015,44.709652999,34.511827267,0.636311765
050901030201,2016,24.310535524,20.615443389,0.593762362
050901030201,2017,19.72637316,16.12892922,0.589699382
050901030201,2018,49.369012056,37.048124127,0.669196938
050901030201,2019,42.383041275,30.846563188,0.631712348
050901030202,2010,21.477326307,15.92664078,0.528066115
050901030202,2011,33.664368095,22.894116281,0.596722447
050901030202,2012,19.875561647,14.497501924,0.54517305
050901030202,2013,23.644612823,17.689355297,0.587517017
050901030202,2014,27.640423403,21.46249404,0.585617773
050901030202,2015,42.128189372,31.207099629,0.592720893
050901030202,2016,22.444357653,17.648892458,0.534224954
050901030202,2017,18.000124709,13.247014489,0.539975787
050901030202,2018,49.198375896,33.765924924,0.626171316
050901030202,2019,39.704467124,26.893575697,0.589887097
050901030203,2010,16.52899298,11.942481021,0.534981334
050901030203,2011,26.672003093,17.69320036,0.606452757
050901030203,2012,11.548045841,9.316212606,0.520466523
050901030203,2013,15.648553375,12.026994566,0.586091668
050901030203,2014,20.068982604,13.526246023,0.580272116
050901030203,2015,32.104570606,20.664916773,0.598017573
050901030203,2016,17.39074152,12.775218747,0.518063442
050901030203,2017,14.292337142,11.288544724,0.555600964
050901030203,2018,35.668431495,24.556460749,0.621036854
050901030203,2019,30.448578937,19.40666417,0.573811555
050901030204,2010,20.201078656,14.239612583,0.518742383
050901030204,2011,28.616074171,18.826338807,0.596639224
050901030204,2012,16.578469804,12.545448925,0.536502556
050901030204,2013,19.263144006,14.225097123,0.585704661
050901030204,2014,23.801265661,16.486711842,0.578850488
050901030204,2015,35.587372636,23.630442171,0.594918406
050901030204,2016,21.518991477,16.126831187,0.52958542
050901030204,2017,18.256372418,13.302011802,0.531907956
050901030204,2018,41.709213788,27.728462597,0.624858384
050901030204,2019,36.158314938,23.611763526,0.583356623
050901030205,2010,19.971703633,13.221255624,0.522726114
050901030205,2011,30.667065077,19.111804484,0.585405604
050901030205,2012,13.825926605,10.209710149,0.505778503
050901030205,2013,16.826867699,11.442951429,0.561751061
050901030205,2014,21.997908218,13.753227826,0.562570942
050901030205,2015,32.673230868,19.796521196,0.575122978
050901030205,2016,20.571272778,13.921332456,0.49959875
050901030205,2017,15.55840374,10.587961261,0.526381529
050901030205,2018,36.932219231,23.290248235,0.601921636
050901030205,2019,35.859302462,21.995473897,0.567112055
050901030501,2010,24.291363959,3.169426335,0.615650599
050901030501,2011,43.898902865,4.385449694,0.669081586
050901030501,2012,19.878149051,3.054669871,0.628807906
050901030501,2013,30.474937384,3.485702643,0.67281428
050901030501,2014,32.712691468,3.620729345,0.689005294
050901030501,2015,39.217757238,3.383661343,0.686741354
050901030501,2016,28.479239729,3.348384021,0.662578703
050901030501,2017,21.143386889,2.483857045,0.657358186
050901030501,2018,45.38891948,3.93177731,0.70833872
050901030501,2019,46.275289815,4.83463336,0.695100497
050901030502,2010,25.664745235,2.91235372,0.616277759
050901030502,2011,45.07595601,4.898538819,0.669958737
050901030502,2012,19.261728077,2.722483834,0.619621226
050901030502,2013,31.311556031,2.774527322,0.660753804
050901030502,2014,32.238324483,3.078755734,0.673457436
050901030502,2015,39.773204976,3.395756689,0.665388167
050901030502,2016,26.805304521,2.531882654,0.644760003
050901030502,2017,22.810410304,1.968104371,0.641930086
050901030502,2018,45.852968825,3.684507097,0.689281917
050901030502,2019,45.314673944,5.626215942,0.666159914
050901030503,2010,24.781274567,3.048176516,0.619559812
050901030503,2011,44.322988002,5.078280492,0.673160771
050901030503,2012,19.734973879,2.834173952,0.624645793
050901030503,2013,29.49577296,2.923723597,0.660232339
050901030503,2014,29.845071617,3.243137341,0.67199887
050901030503,2015,37.100638766,3.540875676,0.663857415
050901030503,2016,26.176429057,2.684846917,0.64757697
050901030503,2017,20.182970379,2.086929029,0.641903638
050901030503,2018,44.145706093,3.859916657,0.687656598
050901030503,2019,42.718573803,5.784693335,0.663082695
050901030504,2010,25.951614219,4.488934513,0.607135052
050901030504,2011,44.778293515,6.298194729,0.663560453
050901030504,2012,21.117013143,3.982488266,0.618166844
050901030504,2013,33.457023253,4.679062395,0.657799528
050901030504,2014,32.94650886,5.135387738,0.674904931
050901030504,2015,41.568202438,5.519176642,0.669685125
050901030504,2016,29.01542973,4.363398448,0.648572602
050901030504,2017,22.508973321,3.292642374,0.644206183
050901030504,2018,46.566140761,5.348277747,0.687965255
050901030504,2019,47.224679989,7.646857395,0.670357087
050901030601,2010,23.378063781,7.286838659,0.603592514
050901030601,2011,37.505670374,9.22487113,0.66141912
050901030601,2012,17.182493839,5.465354058,0.626270811
050901030601,2013,28.99273957,7.423114612,0.666785033
050901030601,2014,25.06078543,7.557046095,0.669495527
050901030601,2015,32.798401149,8.476985904,0.665561719
050901030601,2016,23.064505612,6.088323315,0.652834302
050901030601,2017,16.707433478,4.487697197,0.635243346
050901030601,2018,39.705524478,8.389411183,0.702694874
050901030601,2019,41.240106585,10.505202101,0.680287467
050901030602,2010,20.575228732,4.972189647,0.583894007
050901030602,2011,30.545048277,6.115638361,0.627289088
050901030602,2012,10.505279226,3.571304134,0.557110383
050901030602,2013,23.194784484,5.430717589,0.626457161
050901030602,2014,19.464639659,5.095149607,0.622645393
050901030602,2015,26.767674119,5.739985216,0.615539472
050901030602,2016,16.108893207,4.292791302,0.595552818
050901030602,2017,11.770967141,3.467811642,0.573074864
050901030602,2018,35.476202982,6.909644163,0.657769925
050901030602,2019,34.28884494,7.452818082,0.61700866
050901030603,2010,22.685374038,4.145489363,0.589244056
050901030603,2011,38.424469954,4.792293311,0.64746639
050901030603,2012,14.97844371,3.37299947,0.594113566
050901030603,2013,28.649462376,4.522853294,0.647519057
050901030603,2014,25.545252888,4.8226924,0.656746885
050901030603,2015,33.20893794,4.945282997,0.639873626
050901030603,2016,22.033129005,4.13422277,0.629076915
050901030603,2017,16.502782145,3.35293547,0.60982766
050901030603,2018,40.578541917,5.409277306,0.680747773
050901030603,2019,41.27475911,5.932740375,0.654807536
050901030604,2010,17.707915212,3.261291221,0.605304043
050901030604,2011,30.026141095,4.292838872,0.673822015
050901030604,2012,12.39172335,2.786729484,0.602573368
050901030604,2013,19.045292152,3.5868959,0.658889462
050901030604,2014,17.931158283,3.629768937,0.649622845
050901030604,2015,33.449669041,5.356607332,0.663181851
050901030604,2016,15.837918106,3.271826214,0.61683435
050901030604,2017,13.939618255,2.870374006,0.617630249
050901030604,2018,39.672811712,5.464084344,0.688084893
050901030604,2019,37.050091667,6.162665964,0.653122705
050901030605,2010,20.334232769,3.207396835,0.593958657
050901030605,2011,30.130467232,3.726905104,0.642480165
050901030605,2012,10.975047363,2.537177438,0.570883901
050901030605,2013,19.841225133,3.321942501,0.634423366
050901030605,2014,17.094583308,3.254350342,0.622241266
050901030605,2015,31.713985941,4.509410132,0.629245231
050901030605,2016,16.773068156,3.191707385,0.588880314
050901030605,2017,14.059868377,2.743328942,0.592962556
050901030605,2018,37.179640546,4.523453355,0.66738616
050901030605,2019,38.161043425,5.0383699,0.637810413
050901030606,2010,32.325650916,6.520976766,0.479481249
050901030606,2011,42.045870367,7.608324613,0.500447217
050901030606,2012,20.486085419,5.218929758,0.420749877
050901030606,2013,32.364000407,6.734693569,0.499462006
050901030606,2014,27.717824078,6.547298682,0.495541201
050901030606,2015,41.745897867,7.652851136,0.515816509
050901030606,2016,28.883787808,6.647823334,0.482003752
050901030606,2017,29.236930258,6.403385247,0.464895853
050901030606,2018,54.000427065,9.343812254,0.557310539
050901030606,2019,49.095625957,8.84097089,0.532222862
050902010201,2010,29.221576377,13.86776506,0.423924271
050902010201,2011,39.149407603,18.242580723,0.451537684
050902010201,2012,13.378797039,9.256478616,0.347021891
050902010201,2013,23.285807142,11.48161608,0.445359081
050902010201,2014,24.741165603,14.243301742,0.451720513
050902010201,2015,30.082875411,13.920187778,0.451587517
050902010201,2016,26.283733933,14.795333345,0.435506758
050902010201,2017,24.335370875,14.520519816,0.409328211
050902010201,2018,48.445500988,23.573350604,0.522546664
050902010201,2019,41.608780077,17.072360875,0.470670256
050902010202,2010,28.102418086,13.921518003,0.41633399
050902010202,2011,36.760221152,17.266563831,0.44363839
050902010202,2012,13.878400628,9.537598748,0.349476155
050902010202,2013,25.604391619,13.35305396,0.448082256
050902010202,2014,23.603588456,13.581032149,0.443831112
050902010202,2015,28.992091609,14.111422335,0.451325135
050902010202,2016,25.39765289,14.657680172,0.432499246
050902010202,2017,23.399614457,13.893603349,0.40778368
050902010202,2018,51.067677742,26.304645727,0.52293965
050902010202,2019,41.70225386,18.866568279,0.472343479
050902010203,2010,26.707800892,12.818869026,0.413164
050902010203,2011,34.869250728,15.622707956,0.449220255
050902010203,2012,13.580001799,9.449822283,0.355785314
050902010203,2013,25.1875823,13.149651158,0.448157798
050902010203,2014,24.540781657,14.490264056,0.452124496
050902010203,2015,29.169001822,13.936483108,0.452803405
050902010203,2016,24.823637741,14.00772272,0.426710517
050902010203,2017,19.308493246,10.519963658,0.399291696
050902010203,2018,47.32059971,23.356676201,0.523417823
050902010203,2019,39.398365511,16.877573805,0.472060247
050902010204,2010,29.016987249,12.226435225,0.503427055
050902010204,2011,40.0987172,15.992572293,0.534137503
050902010204,2012,16.793917201,8.175418924,0.445651181
050902010204,2013,23.939722183,9.548650995,0.535089717
050902010204,2014,23.461302179,10.980376634,0.524374798
050902010204,2015,34.205559806,13.701501195,0.534104563
050902010204,2016,25.397956449,12.251825801,0.488825188
050902010204,2017,18.079590471,6.966331325,0.471893861
050902010204,2018,49.832610611,21.973912477,0.60080831
050902010204,2019,43.931838269,16.919051647,0.547430452
050902010205,2010,34.717782149,10.08908863,0.429502096
050902010205,2011,42.889930049,13.163341983,0.452084513
050902010205,2012,19.556811337,7.913189025,0.401901399
050902010205,2013,30.405929632,9.765092611,0.456301843
050902010205,2014,32.877648319,12.123940833,0.457410561
050902010205,2015,37.007605591,10.959412218,0.433991481
050902010205,2016,29.434873553,11.165271247,0.419758017
050902010205,2017,24.332537131,8.085282443,0.423135573
050902010205,2018,56.015377059,18.623520763,0.493058112
050902010205,2019,44.175386776,13.041037856,0.448624581
050902010206,2010,31.255144784,9.855804118,0.467266221
050902010206,2011,45.231117104,14.649489355,0.506274056
050902010206,2012,15.812686748,6.541434722,0.389108531
050902010206,2013,25.506001127,7.717244792,0.467146917
050902010206,2014,27.292719778,9.982256864,0.513669436
050902010206,2015,35.439601308,11.508946742,0.47381181
050902010206,2016,25.507898513,9.119625555,0.457343164
050902010206,2017,22.554051051,7.497549009,0.438148369
050902010206,2018,49.326187486,17.340510996,0.532091088
050902010206,2019,45.656087286,14.553112251,0.489910154
050902010207,2010,28.90166968,12.067640781,0.477662701
050902010207,2011,42.467904515,18.413428909,0.529177405
050902010207,2012,17.365684995,7.931395056,0.422042691
050902010207,2013,25.259607379,9.654065978,0.497630555
050902010207,2014,25.5198398,11.635041809,0.523834485
050902010207,2015,35.513616076,15.345770145,0.498929116
050902010207,2016,25.940697993,11.992946929,0.462645187
050902010207,2017,17.885841374,6.185642564,0.436574148
050902010207,2018,47.032583751,22.422923452,0.55740981
050902010207,2019,44.169861079,19.433550918,0.520272793
050902010209,2010,30.177803283,10.257106016,0.471031712
050902010209,2011,44.199874292,16.051951656,0.507662415
050902010209,2012,16.115535311,7.090341607,0.386490767
050902010209,2013,22.444396177,6.141277524,0.461220356
050902010209,2014,24.01509657,8.61798858,0.504541247
050902010209,2015,34.26617293,11.627677496,0.473337713
050902010209,2016,24.537272914,9.343053547,0.456051718
050902010209,2017,22.350343111,7.549597411,0.435721662
050902010209,2018,45.198040319,16.099968232,0.529381388
050902010209,2019,45.823249322,15.802739718,0.488106968
050902010210,2010,30.448495636,11.561925569,0.464826438
050902010210,2011,47.607804278,20.391894659,0.517569548
050902010210,2012,17.2246763,7.714770032,0.40801558
050902010210,2013,25.11055919,8.11861245,0.465740454
050902010210,2014,25.008488571,10.215361703,0.496241624
050902010210,2015,36.010380481,14.555060577,0.471512471
050902010210,2016,25.721252169,10.627979976,0.446804196
050902010210,2017,20.776690679,7.448025422,0.433975873
050902010210,2018,42.710185417,18.424386379,0.517410489
050902010210,2019,47.462745629,20.195840886,0.495486496
050902010301,2010,39.045049916,2.347433136,0.728763617
050902010301,2011,54.829870883,3.028143721,0.747624255
050902010301,2012,23.992235588,1.970111945,0.671353342
050902010301,2013,33.271743525,2.237942404,0.742753591
050902010301,2014,32.189650575,2.548923126,0.784789556
050902010301,2015,48.469978587,2.752346995,0.781628964
050902010301,2016,26.790855533,2.308945408,0.709449036
050902010301,2017,45.579932672,2.481464933,0.797996834
050902010301,2018,58.380123727,3.416104883,0.799302476
050902010301,2019,54.054024586,3.04609981,0.776232294
050902010302,2010,34.329404187,2.936022563,0.723898755
050902010302,2011,54.855335099,4.162548479,0.751813534
050902010302,2012,23.350329914,2.699143174,0.664572145
050902010302,2013,31.08176718,3.000724775,0.739221184
050902010302,2014,31.255262926,3.149080272,0.796957967
050902010302,2015,49.145035572,3.389843103,0.780371731
050902010302,2016,25.904933776,3.024432808,0.695549755
050902010302,2017,43.472069574,3.226323376,0.799097815
050902010302,2018,56.770301379,4.449972179,0.804525997
050902010302,2019,53.215428338,3.881133248,0.779842159
050902010303,2010,42.609473402,2.276052389,0.750544619
050902010303,2011,59.190358606,2.800865537,0.780771349
050902010303,2012,27.808536871,1.831341942,0.729662642
050902010303,2013,33.735676938,2.071031107,0.790732674
050902010303,2014,39.214354557,2.691853591,0.830785935
050902010303,2015,57.619003339,2.703400274,0.805147384
050902010303,2016,28.576625371,2.094532918,0.719724606
050902010303,2017,43.007001387,2.177004113,0.817155035
050902010303,2018,60.376214427,3.167352039,0.833228785
050902010303,2019,63.518118042,3.028161965,0.797354243
050902010304,2010,37.661925207,1.655833805,0.733683097
050902010304,2011,56.649393514,2.178054618,0.77088869
050902010304,2012,25.745739378,1.402436026,0.701856368
050902010304,2013,33.151105018,1.632803078,0.776299691
050902010304,2014,35.132824956,2.044810917,0.81493125
050902010304,2015,53.399921447,2.041620936,0.790238805
050902010304,2016,26.31779162,1.59090514,0.70696459
050902010304,2017,42.616696218,1.815978679,0.810543875
050902010304,2018,57.026420622,2.50307864,0.81885898
050902010304,2019,58.459225037,2.277082038,0.789610322
050902010305,2010,39.805636978,2.019212974,0.730959244
050902010305,2011,57.025243864,2.57140985,0.752880438
050902010305,2012,25.870834099,1.73728859,0.678906581
050902010305,2013,36.201566664,1.981593106,0.750167438
050902010305,2014,31.05980033,2.204252393,0.777892748
050902010305,2015,47.604804658,2.290877638,0.780587288
050902010305,2016,26.550040055,1.922046263,0.706023398
050902010305,2017,46.584800069,2.026421715,0.798707616
050902010305,2018,57.681692378,2.867800617,0.795808777
050902010305,2019,56.94382505,2.638028161,0.77431956
050902010401,2010,45.909246144,2.309611431,0.723411476
050902010401,2011,67.928380827,2.863185682,0.751816299
050902010401,2012,30.360358022,1.959412191,0.685912137
050902010401,2013,43.282240368,2.440163641,0.773452368
050902010401,2014,35.417773853,2.450899807,0.778746599
050902010401,2015,51.495955697,2.532941834,0.777907812
050902010401,2016,37.192543786,2.374546057,0.706103288
050902010401,2017,52.389920363,2.420481242,0.782466166
050902010401,2018,72.514117179,3.200349268,0.796432476
050902010401,2019,66.332833568,3.046649479,0.767226585
050902010402,2010,34.300438051,2.396143082,0.646402697
050902010402,2011,55.920843102,3.302686164,0.697643093
050902010402,2012,25.515375689,2.2200021,0.624316784
050902010402,2013,33.359090546,2.493331877,0.695845804
050902010402,2014,26.970507186,2.617997274,0.692386916
050902010402,2015,38.376143729,2.576383195,0.691510676
050902010402,2016,28.789496388,2.315983895,0.639767694
050902010402,2017,36.057285389,2.343851763,0.694427698
050902010402,2018,60.412148473,3.583898665,0.724967383
050902010402,2019,55.790567533,3.415714227,0.697999548
050902010403,2010,35.693474894,4.030843758,0.714363682
050902010403,2011,58.880208802,6.12453841,0.77278464
050902010403,2012,26.872973928,3.771687014,0.707796906
050902010403,2013,35.156619132,4.681966404,0.745293818
050902010403,2014,27.383239961,4.40133343,0.771467586
050902010403,2015,44.639183671,4.783091894,0.761966058
050902010403,2016,31.982167692,4.809856663,0.718099538
050902010403,2017,35.865649265,4.846309922,0.763154871
050902010403,2018,59.784270917,6.166418518,0.796688408
050902010403,2019,60.77172502,6.389012317,0.765754295
050902010404,2010,41.470280893,2.767540719,0.716853554
050902010404,2011,61.839334888,4.119497514,0.753498583
050902010404,2012,27.987911195,2.660291735,0.684058438
050902010404,2013,36.593691138,3.118951147,0.742812462
050902010404,2014,29.479342898,3.020219753,0.758131436
050902010404,2015,46.085187952,3.205659743,0.757612526
050902010404,2016,32.294287243,3.080931547,0.698783951
050902010404,2017,40.935588836,3.002763016,0.763144731
050902010404,2018,60.887977651,4.079623118,0.783296004
050902010404,2019,63.149259227,4.162102587,0.759653586
050902010501,2010,33.569019079,2.23901047,0.714502062
050902010501,2011,52.812820789,3.129613039,0.755500022
050902010501,2012,25.428333835,2.030102928,0.696066104
050902010501,2013,30.6750168,2.271397825,0.739758362
050902010501,2014,26.46433973,2.370732248,0.770465963
050902010501,2015,44.245246344,2.688791366,0.767209182
050902010501,2016,25.598993893,2.277509475,0.703737462
050902010501,2017,31.758165676,2.263395333,0.767198824
050902010501,2018,51.752000007,3.228910427,0.782659387
050902010501,2019,58.240301672,3.339062619,0.767932313
050902010502,2010,42.221308011,3.997874702,0.74179359
050902010502,2011,59.212637865,5.251468091,0.775812882
050902010502,2012,27.716381843,3.248077817,0.725390543
050902010502,2013,37.390798551,4.11739471,0.756015166
050902010502,2014,32.561325346,3.993825007,0.789971612
050902010502,2015,53.608015929,4.592029081,0.773513513
050902010502,2016,35.050822056,4.228016908,0.721706954
050902010502,2017,43.768417242,4.611230216,0.791940178
050902010502,2018,67.05749643,5.706999238,0.816408907
050902010502,2019,69.164199003,6.065419405,0.79264444
050902010503,2010,32.131829115,2.353265581,0.648864629
050902010503,2011,47.900600997,3.214200281,0.681739689
050902010503,2012,18.682067078,1.732912933,0.607930238
050902010503,2013,26.657501822,2.193600939,0.654937865
050902010503,2014,25.454604831,2.360478214,0.691565265
050902010503,2015,41.588937692,2.972892176,0.659966903
050902010503,2016,25.645128726,2.278061713,0.621202315
050902010503,2017,28.149734036,2.30136872,0.663834292
050902010503,2018,54.691959132,3.337167507,0.714068169
050902010503,2019,55.388328445,3.723806051,0.694077047
050902010504,2010,29.337341101,2.368789734,0.637181906
050902010504,2011,42.775341332,3.192908305,0.666708809
050902010504,2012,15.511064697,1.619341974,0.59263724
050902010504,2013,27.185647107,2.220857711,0.649577956
050902010504,2014,24.398420126,2.32342091,0.674744869
050902010504,2015,39.109741447,2.938167255,0.639639791
050902010504,2016,23.986465639,2.177336883,0.61382619
050902010504,2017,24.856771371,2.204246251,0.644981999
050902010504,2018,48.531018387,3.271558226,0.69766851
050902010504,2019,50.542699302,3.686077323,0.684194716
050902010505,2010,30.732818279,1.170615215,0.570931433
050902010505,2011,42.717903394,1.691301246,0.612969385
050902010505,2012,14.470196863,0.746059323,0.526609143
050902010505,2013,29.493177625,0.992102968,0.588202622
050902010505,2014,21.246649242,1.12655673,0.577179482
050902010505,2015,39.692874722,1.427805656,0.55191906
050902010505,2016,23.983054,0.825122026,0.5519637
050902010505,2017,25.513861475,0.916862394,0.566181161
050902010505,2018,46.723233288,1.957578219,0.62552021
050902010505,2019,49.477672558,1.945110043,0.612200586
050902010506,2010,28.237467842,0.909349828,0.547737334
050902010506,2011,39.719784676,1.229708419,0.580016752
050902010506,2012,12.230967289,0.620790038,0.498808337
050902010506,2013,27.863672686,0.779881697,0.560581267
050902010506,2014,20.347902546,0.86187649,0.557091436
050902010506,2015,35.781611267,1.03737067,0.528668596
050902010506,2016,21.150834384,0.707812041,0.516535839
050902010506,2017,22.959924467,0.742669419,0.538361807
050902010506,2018,43.565820376,1.385154857,0.599902068
050902010506,2019,47.043966076,1.40450014,0.581227888
050902010601,2010,35.730199664,13.345091612,0.606558269
050902010601,2011,47.754325369,15.868079649,0.654606717
050902010601,2012,23.730718155,9.679382879,0.552235791
050902010601,2013,31.117209825,11.680095935,0.627828523
050902010601,2014,25.074742145,10.314247625,0.598047703
050902010601,2015,41.471981553,13.871393379,0.625601457
050902010601,2016,31.509503631,12.612073935,0.607263409
050902010601,2017,25.495687916,9.707675194,0.590784126
050902010601,2018,45.003653162,14.29737486,0.656948251
050902010601,2019,54.838834668,18.857092476,0.651103747
050902010604,2010,34.245900105,6.937974366,0.60849479
050902010604,2011,54.491757705,9.760329994,0.654077543
050902010604,2012,25.264958553,6.140757472,0.556569542
050902010604,2013,36.154383745,7.529968116,0.641311913
050902010604,2014,28.931125882,6.71486517,0.614526947
050902010604,2015,44.597536386,7.700051462,0.612154341
050902010604,2016,33.43588534,7.07805607,0.6011972
050902010604,2017,27.52205786,6.098918291,0.587499125
050902010604,2018,53.167534548,8.147575022,0.65738709
050902010604,2019,61.555172858,11.473767463,0.675851177
050902010605,2010,33.677425753,9.766959531,0.541529621
050902010605,2011,49.241291474,11.870166812,0.596568827
050902010605,2012,25.312898652,8.106390847,0.510023369
050902010605,2013,34.587505959,9.778926929,0.568543309
050902010605,2014,27.166655229,8.744116718,0.552500753
050902010605,2015,41.688372511,10.366072018,0.561249688
050902010605,2016,30.696868348,9.358927611,0.535692526
050902010605,2017,26.366137641,7.915844262,0.518963777
050902010605,2018,47.63565185,11.238965296,0.599039418
050902010605,2019,57.114804367,14.111804229,0.601963864
050902010701,2010,24.761279649,8.675967676,0.5900625
050902010701,2011,50.884922765,11.655886915,0.656412782
050902010701,2012,20.197037124,7.81135999,0.578243605
050902010701,2013,29.80139898,10.61403306,0.646028484
050902010701,2014,22.481516154,10.14852659,0.641493956
050902010701,2015,34.066107117,10.989004401,0.63748156
050902010701,2016,27.764914952,9.748497074,0.616864139
050902010701,2017,28.073471496,9.853593192,0.632090374
050902010701,2018,48.474491718,14.268222482,0.686463935
050902010701,2019,49.057625767,13.307510998,0.658417804
050902010702,2010,25.727677292,11.310670003,0.616707789
050902010702,2011,36.955038325,13.920100798,0.660241619
050902010702,2012,17.857368131,10.014699011,0.587503848
050902010702,2013,27.065314156,12.518118266,0.647103864
050902010702,2014,21.352083988,11.832464962,0.64962635
050902010702,2015,36.50807094,13.47928527,0.643495996
050902010702,2016,21.778061225,11.204047717,0.614536415
050902010702,2017,23.438543261,11.814455502,0.632368849
050902010702,2018,45.092941191,16.878212449,0.687054437
050902010702,2019,44.996644382,17.120481404,0.673521932
050902010703,2010,23.701303131,9.848131948,0.601918596
050902010703,2011,39.291452753,12.596031423,0.652622704
050902010703,2012,19.004363001,9.49167632,0.584520006
050902010703,2013,26.387542889,11.000468296,0.635619804
050902010703,2014,22.22554761,11.175165507,0.643398503
050902010703,2015,35.280222157,11.700889636,0.631822654
050902010703,2016,22.404923229,9.981128634,0.601901964
050902010703,2017,23.490952154,10.308908528,0.619316864
050902010703,2018,46.000107152,15.486670983,0.680943784
050902010703,2019,45.272274066,15.175994181,0.663443375
050902010704,2010,24.60489639,8.230694379,0.607824326
050902010704,2011,51.011909559,11.405231232,0.677774801
050902010704,2012,20.642616991,7.592467822,0.598897641
050902010704,2013,29.485386758,9.46736695,0.650926091
050902010704,2014,23.039742703,9.528565188,0.659253906
050902010704,2015,36.105189148,9.876570831,0.650488436
050902010704,2016,27.754275514,8.977289911,0.631746762
050902010704,2017,26.895292958,8.720200095,0.63824229
050902010704,2018,47.927716587,13.03889841,0.700002805
050902010704,2019,49.817171681,12.438640395,0.675383352
050902010705,2010,22.549569181,8.007145692,0.633435853
050902010705,2011,39.904122908,11.341692981,0.693303481
050902010705,2012,17.0053575,7.331201927,0.604626296
050902010705,2013,26.490249726,9.434817853,0.667366909
050902010705,2014,20.478302401,9.076172253,0.672959719
050902010705,2015,30.928342615,8.420194212,0.646307902
050902010705,2016,21.494837349,8.332305161,0.636369356
050902010705,2017,19.752709061,7.910945875,0.638587583
050902010705,2018,42.783116926,12.128851216,0.707189778
050902010705,2019,45.898912591,13.517757966,0.698795484
050902010801,2010,38.453576689,9.254361786,0.716638553
050902010801,2011,55.891841437,13.244779598,0.772578682
050902010801,2012,31.471313852,7.172479146,0.68004298
050902010801,2013,41.800156564,9.341574548,0.753439778
050902010801,2014,33.233487634,7.926053786,0.767433771
050902010801,2015,41.388605284,10.853036351,0.731296467
050902010801,2016,36.517178767,8.1434309,0.718993327
050902010801,2017,29.567952726,4.602029026,0.731197845
050902010801,2018,63.825829243,12.472646163,0.811635994
050902010801,2019,62.025724347,15.522800172,0.785038392
050902010802,2010,23.335345653,4.173581823,0.625863662
050902010802,2011,46.804059603,5.717876409,0.697675605
050902010802,2012,21.687406544,4.096064373,0.61967367
050902010802,2013,30.32453637,4.741997725,0.675139733
050902010802,2014,25.566834411,5.146493359,0.689651817
050902010802,2015,31.912121666,5.344708331,0.64969392
050902010802,2016,26.165728491,4.583865573,0.63647182
050902010802,2017,26.37037585,4.337162289,0.656260651
050902010802,2018,44.732154926,5.924704817,0.711097037
050902010802,2019,43.351336118,6.268913004,0.676734982
050902010803,2010,25.780843769,3.267968672,0.666395215
050902010803,2011,42.396113892,4.200672872,0.729826391
050902010803,2012,19.212273439,2.816691278,0.637476716
050902010803,2013,30.462704676,3.349879974,0.711244437
050902010803,2014,22.718473547,3.509262265,0.703284887
050902010803,2015,29.701744151,3.825311,0.671064372
050902010803,2016,24.292839104,3.024474704,0.671018435
050902010803,2017,20.531435831,2.371257239,0.674576109
050902010803,2018,44.168065888,3.987822839,0.754308141
050902010803,2019,42.462876016,4.746010477,0.714937673
050902010804,2010,36.457511388,9.58288,0.703213362
050902010804,2011,52.994916983,13.641752826,0.746819466
050902010804,2012,26.773701653,6.908689448,0.663916988
050902010804,2013,39.506572107,9.71130616,0.731220727
050902010804,2014,32.453946803,8.928831892,0.746666795
050902010804,2015,41.436786839,11.965652201,0.714754488
050902010804,2016,33.086228422,7.945126029,0.694539557
050902010804,2017,27.109903452,5.035763818,0.710805716
050902010804,2018,65.839163808,15.444935313,0.785576352
050902010804,2019,61.306294911,16.263769483,0.753566748
050902010901,2010,40.544994289,3.171921882,0.610508584
050902010901,2011,63.75940842,3.796479981,0.644527735
050902010901,2012,25.775290792,2.415457543,0.606630198
050902010901,2013,36.856730043,3.212646364,0.645204346
050902010901,2014,41.820896326,3.739316572,0.681924268
050902010901,2015,50.827671147,3.823982468,0.669404748
050902010901,2016,32.770373711,3.095464548,0.615672307
050902010901,2017,49.368918676,3.921538209,0.675294504
050902010901,2018,65.149072366,4.414812056,0.685321697
050902010901,2019,56.567275671,4.064995243,0.657525559
050902010902,2010,29.836672331,3.274696595,0.589481433
050902010902,2011,58.127411251,4.425155975,0.638501442
050902010902,2012,24.349898776,2.790783105,0.570755746
050902010902,2013,34.370345905,3.67500554,0.62089844
050902010902,2014,33.018225953,3.780378209,0.663016786
050902010902,2015,38.341172864,3.855283139,0.629473168
050902010902,2016,27.094265596,3.004053148,0.582828101
050902010902,2017,38.835399484,4.107022057,0.653666826
050902010902,2018,61.319852342,5.072689273,0.677268997
050902010902,2019,48.400547828,4.451559225,0.638649528
050902010903,2010,25.360487011,4.098528628,0.548941909
050902010903,2011,47.012655086,6.304498047,0.597570094
050902010903,2012,17.796271254,3.453938568,0.517712379
050902010903,2013,26.463616918,4.408696625,0.566678743
050902010903,2014,28.73044865,5.002235301,0.620589046
050902010903,2015,34.752802204,5.525248861,0.572637508
050902010903,2016,20.799998241,4.017607745,0.549004798
050902010903,2017,34.143264885,5.663075471,0.601417938
050902010903,2018,46.880443547,6.652690324,0.633499427
050902010903,2019,41.519516238,6.38099078,0.602061857
050902010904,2010,22.393958911,4.611929982,0.550326219
050902010904,2011,47.590965257,7.487848928,0.604326582
050902010904,2012,17.428441432,3.892706726,0.517589322
050902010904,2013,26.416023777,5.131587879,0.568589916
050902010904,2014,26.085371886,5.547324163,0.61939619
050902010904,2015,30.75013102,5.984571659,0.570775544
050902010904,2016,19.946464067,4.566623783,0.545273615
050902010904,2017,31.149935984,6.180639027,0.601405954
050902010904,2018,47.45886262,7.881243163,0.635059196
050902010904,2019,40.093452748,7.309755218,0.60497633
050902011001,2010,25.687445756,1.054591094,0.523160848
050902011001,2011,51.360037633,2.534278285,0.579300502
050902011001,2012,21.985790925,1.237010216,0.497579674
050902011001,2013,30.217325314,1.39593573,0.543435753
050902011001,2014,27.220431189,1.339737026,0.592011054
050902011001,2015,33.610506395,1.440939426,0.543370164
050902011001,2016,23.980782129,1.170999952,0.526386892
050902011001,2017,37.148983576,1.432666858,0.573662933
050902011001,2018,51.25602196,2.206720088,0.606893784
050902011001,2019,45.671517433,2.254206935,0.577469609
050902011002,2010,36.817777886,0.801330553,0.552803855
050902011002,2011,81.458834939,1.15195813,0.624838892
050902011002,2012,37.00476191,0.826989282,0.550226403
050902011002,2013,48.932781907,0.920407452,0.600355009
050902011002,2014,48.807362051,0.878582697,0.625522024
050902011002,2015,52.186476879,0.892623479,0.590415312
050902011002,2016,44.94801717,0.871968547,0.57342314
050902011002,2017,54.9357363,0.916257803,0.617302241
050902011002,2018,78.380550132,1.134944504,0.645466281
050902011002,2019,68.723571003,1.123591308,0.605051901
050902011003,2010,48.638243367,0.83155137,0.614234263
050902011003,2011,86.183375481,1.000047338,0.690839715
050902011003,2012,41.373950412,0.813233773,0.622648549
050902011003,2013,61.302113535,0.926665434,0.673651876
050902011003,2014,53.150390295,0.84240578,0.672488563
050902011003,2015,57.896178028,0.793287778,0.652924838
050902011003,2016,54.087108072,0.885378476,0.641582769
050902011003,2017,54.981195888,0.818193666,0.666471066
050902011003,2018,87.483562186,0.9753642,0.694029783
050902011003,2019,76.19756829,0.96876989,0.665629359
050902011102,2010,32.467842156,9.45039633,0.722867986
050902011102,2011,52.84476961,15.061414132,0.755710318
050902011102,2012,23.806452756,7.964055381,0.673320174
050902011102,2013,41.549626503,11.711414788,0.765032943
050902011102,2014,31.321345159,10.011584709,0.766615571
050902011102,2015,41.418474085,11.827140695,0.738168099
050902011102,2016,32.892582475,9.679284941,0.719843574
050902011102,2017,31.891036279,8.528036912,0.742202805
050902011102,2018,54.793716978,14.832452535,0.786483948
050902011102,2019,52.93796574,15.901219296,0.760147083
050902011103,2010,21.264633274,5.224774134,0.632918165
050902011103,2011,48.664123477,7.893351498,0.709141519
050902011103,2012,17.820946314,4.463924469,0.61042494
050902011103,2013,28.271527145,5.88586871,0.671325452
050902011103,2014,24.38997243,6.231416617,0.682717015
050902011103,2015,28.908198704,6.411691464,0.655307664
050902011103,2016,20.80644176,4.79148196,0.643713029
050902011103,2017,23.92613607,5.27682411,0.676496624
050902011103,2018,50.565931396,8.066981286,0.724162374
050902011103,2019,41.452366508,7.707411647,0.693468354
050902011104,2010,23.044459404,4.919831607,0.647508313
050902011104,2011,49.059244435,7.173723497,0.725846802
050902011104,2012,17.904658022,4.127412595,0.620465045
050902011104,2013,31.204356991,5.611108853,0.692508746
050902011104,2014,24.732480453,5.689828061,0.699739897
050902011104,2015,30.952467852,5.495018655,0.676782082
050902011104,2016,21.944366683,4.667798871,0.659556671
050902011104,2017,23.370188383,4.67951688,0.694478785
050902011104,2018,50.67094109,7.487156349,0.73974614
050902011104,2019,41.492407237,6.731666003,0.704587636
050902011106,2010,26.979122573,6.903727381,0.665582059
050902011106,2011,58.973725385,14.674072449,0.739992295
050902011106,2012,21.912059634,5.88154906,0.646264371
050902011106,2013,33.382411765,8.585874097,0.712873149
050902011106,2014,30.662813141,7.955374105,0.727289532
050902011106,2015,41.802877908,10.675890247,0.72186846
050902011106,2016,31.201961505,8.140247484,0.67658039
050902011106,2017,30.500834717,6.734215155,0.70432873
050902011106,2018,56.905356965,13.108828002,0.75501958
050902011106,2019,51.694670511,14.000328379,0.726438163
050902011107,2010,28.165604655,6.661406555,0.648952929
050902011107,2011,62.584853177,14.097004419,0.729219431
050902011107,2012,23.198549869,5.801496475,0.642049969
050902011107,2013,32.036283241,7.948277888,0.689303748
050902011107,2014,31.210668399,7.618049828,0.717363888
050902011107,2015,42.719917514,10.551239127,0.711736305
050902011107,2016,33.923967448,8.046457614,0.673422354
050902011107,2017,34.56436837,6.937967273,0.698996317
050902011107,2018,59.171460733,12.882293043,0.74299403
050902011107,2019,54.251858674,13.630940831,0.717029575
050902011201,2010,23.042813854,4.32823789,0.530219766
050902011201,2011,59.554798525,9.393327969,0.611531025
050902011201,2012,20.287322161,4.086448389,0.534342967
050902011201,2013,25.867114627,4.536218699,0.56402246
050902011201,2014,27.791839714,5.649675866,0.598883768
050902011201,2015,34.552115617,6.278842606,0.571651249
050902011201,2016,26.940798735,4.41541865,0.562627067
050902011201,2017,30.867765834,5.165044028,0.585513555
050902011201,2018,55.593410653,9.95814145,0.62352109
050902011201,2019,51.587739118,9.515227416,0.616514626
050902011202,2010,25.999396189,4.040936604,0.533495134
050902011202,2011,65.752729559,8.81168498,0.616219944
050902011202,2012,21.291696951,3.765039369,0.540733155
050902011202,2013,27.724420309,4.188115523,0.56771484
050902011202,2014,30.457564926,5.478053409,0.604324369
050902011202,2015,38.193851396,5.990110999,0.5777839
050902011202,2016,29.576116906,4.315460336,0.567796271
050902011202,2017,35.931823621,5.12982035,0.590473618
050902011202,2018,61.563241039,9.093340763,0.624544021
050902011202,2019,57.044717839,8.762673865,0.619062991
050902011203,2010,23.042794221,6.729756923,0.589501905
050902011203,2011,56.199689905,14.227427903,0.672582187
050902011203,2012,19.424824889,5.623644854,0.587189363
050902011203,2013,25.293758563,7.373574149,0.62630494
050902011203,2014,27.302188662,8.34463879,0.659464694
050902011203,2015,34.611324765,10.202176087,0.641504879
050902011203,2016,28.198297937,8.23503768,0.618910062
050902011203,2017,31.518076096,8.044717812,0.645107957
050902011203,2018,48.72875202,12.488202646,0.675042774
050902011203,2019,48.25910598,13.76014624,0.664892371
050902011204,2010,24.650441158,4.046831311,0.534464705
050902011204,2011,64.746399992,9.406053666,0.617708557
050902011204,2012,22.142103602,4.043627038,0.548119867
050902011204,2013,26.822798655,4.319629674,0.570508625
050902011204,2014,29.818147367,5.401407527,0.601510625
050902011204,2015,37.662067678,6.40295777,0.581120065
050902011204,2016,31.474270826,4.737383406,0.571632969
050902011204,2017,36.904459736,5.307961653,0.589501101
050902011204,2018,57.434560984,9.196497048,0.624302817
050902011204,2019,54.681086212,9.003210523,0.619317103
050902011206,2010,25.076174354,3.572232018,0.47192498
050902011206,2011,58.581373537,6.084606965,0.559717726
050902011206,2012,22.987193591,3.521647917,0.46512874
050902011206,2013,26.093103165,3.564885224,0.471635047
050902011206,2014,29.563446423,4.038486248,0.530673389
050902011206,2015,35.012213832,5.155370972,0.533628015
050902011206,2016,34.566431292,4.578819931,0.485627502
050902011206,2017,43.885812127,5.142691983,0.526933811
050902011206,2018,53.537104215,5.680065623,0.548167902
050902011206,2019,46.748827088,5.76732526,0.548394366
050902011208,2010,26.619147714,5.321536412,0.501838644
050902011208,2011,58.626823841,9.010349002,0.585384433
050902011208,2012,23.566829124,4.891638584,0.495029249
050902011208,2013,30.085646513,5.7194144,0.5164627
050902011208,2014,30.935803282,6.481737671,0.566800916
050902011208,2015,34.715635146,7.010061828,0.553963179
050902011208,2016,35.265320201,6.469765864,0.517297733
050902011208,2017,44.740268542,7.332359112,0.556741401
050902011208,2018,51.663471177,8.244668301,0.578946337
050902011208,2019,49.052668536,8.908343915,0.573786092
050902020101,2010,29.711506244,17.581630483,0.605284489
050902020101,2011,59.410448481,30.76917548,0.670398217
050902020101,2012,25.825749122,15.885442903,0.581584884
050902020101,2013,40.576578947,21.646611072,0.648738914
050902020101,2014,45.959411985,27.834653512,0.704384736
050902020101,2015,38.46715213,22.248995274,0.659819035
050902020101,2016,40.212012614,24.924664372,0.646953407
050902020101,2017,42.392004102,24.968079628,0.671603828
050902020101,2018,46.814883281,27.291613697,0.679708663
050902020101,2019,56.727581105,33.759226472,0.696236176
050902020102,2010,22.393992682,18.36713324,0.538896241
050902020102,2011,46.274825038,36.265164918,0.615962684
050902020102,2012,21.741119659,18.222143238,0.556056019
050902020102,2013,39.138923992,29.589292428,0.60207444
050902020102,2014,39.28060357,33.248425259,0.647804822
050902020102,2015,28.531797185,23.792856049,0.594402906
050902020102,2016,37.352812584,31.245355468,0.595181278
050902020102,2017,31.748313539,26.545342588,0.610251862
050902020102,2018,42.315196912,33.676126324,0.636543533
050902020102,2019,47.069427881,38.739851418,0.629942842
050902020103,2010,26.953081385,16.226560236,0.601733589
050902020103,2011,55.000542269,29.440846011,0.655928516
050902020103,2012,24.127049052,15.343948934,0.579076976
050902020103,2013,38.292452122,21.383667784,0.638879928
050902020103,2014,42.6148356,26.780005794,0.692565582
050902020103,2015,35.174792883,21.063490851,0.6486977
050902020103,2016,37.499314856,24.629808757,0.636295953
050902020103,2017,37.868066834,22.899185982,0.658857155
050902020103,2018,42.26080212,24.795642931,0.669026601
050902020103,2019,54.55965798,34.212763131,0.687526464
050902020104,2010,22.18883151,18.027014131,0.529041879
050902020104,2011,44.804117759,33.552496513,0.60865613
050902020104,2012,22.241093675,18.721120047,0.554444998
050902020104,2013,34.291976158,25.08170415,0.584201166
050902020104,2014,39.179443354,32.423996495,0.635406929
050902020104,2015,26.631536985,21.775477873,0.57543056
050902020104,2016,36.164290504,30.284931968,0.584006812
050902020104,2017,31.753078032,26.594939603,0.601136156
050902020104,2018,42.059048661,32.971136782,0.624814208
050902020104,2019,52.458767074,41.483952652,0.622011547
050902020201,2010,23.158428006,8.264233949,0.550913525
050902020201,2011,47.800393215,10.508703172,0.614413211
050902020201,2012,18.54450182,7.819873621,0.533409571
050902020201,2013,29.622470159,9.097508695,0.581608489
050902020201,2014,33.55427172,10.98691529,0.640297187
050902020201,2015,27.711768725,9.631925302,0.587444876
050902020201,2016,27.58990705,10.051710205,0.581503116
050902020201,2017,30.659365858,10.039916498,0.608588634
050902020201,2018,33.572879327,10.720541407,0.619594471
050902020201,2019,48.70397001,13.48825492,0.631817382
050902020202,2010,31.770794518,9.734064596,0.645426744
050902020202,2011,63.863289868,13.839497128,0.706567209
050902020202,2012,26.508909534,8.912161736,0.627766306
050902020202,2013,35.592108987,9.794312311,0.667878407
050902020202,2014,43.475463968,11.70774957,0.733714132
050902020202,2015,36.179724837,10.646215347,0.6859615
050902020202,2016,39.455135533,11.962170045,0.67295523
050902020202,2017,37.744745835,10.461768796,0.716044711
050902020202,2018,45.862778454,13.272703231,0.71034501
050902020202,2019,61.461086757,15.69329372,0.732742083
050902020203,2010,29.459793896,8.123929821,0.629700404
050902020203,2011,63.419696881,10.702306679,0.695709494
050902020203,2012,24.720207563,7.726587541,0.627738997
050902020203,2013,35.068855812,7.991827742,0.647191744
050902020203,2014,48.28231734,9.885673509,0.739696929
050902020203,2015,38.283529321,9.474758897,0.678892383
050902020203,2016,41.785927985,10.202502437,0.673739425
050902020203,2017,37.538463449,8.880322141,0.705206386
050902020203,2018,47.168500184,10.897674046,0.71395112
050902020203,2019,65.444064418,13.477347736,0.718528921
050902020204,2010,47.826337222,8.168569664,0.680408946
050902020204,2011,70.058322978,9.913217176,0.730579511
050902020204,2012,35.957624236,7.037820434,0.696802151
050902020204,2013,51.116255391,7.858021073,0.710441057
050902020204,2014,59.055256181,9.099463262,0.763605393
050902020204,2015,46.20340001,8.186546957,0.722172079
050902020204,2016,58.119100854,9.921425028,0.7129345
050902020204,2017,48.505212463,8.357191326,0.733098482
050902020204,2018,65.408747736,9.699590087,0.75002961
050902020204,2019,71.149533751,11.953692286,0.72749346
050902020205,2010,42.018127994,8.243455473,0.668288789
050902020205,2011,70.289496264,10.096896689,0.724874327
050902020205,2012,32.42520309,7.06347834,0.681578265
050902020205,2013,48.914818311,7.990188862,0.701612258
050902020205,2014,61.410776392,9.427277371,0.763353595
050902020205,2015,45.047283052,8.355399442,0.713897635
050902020205,2016,58.524924594,10.229768582,0.709820725
050902020205,2017,50.698198237,8.712737478,0.731396746
050902020205,2018,65.972761408,10.020415172,0.749057721
050902020205,2019,73.107925559,12.345334894,0.724613327
050902020206,2010,38.514880625,6.1703708,0.640315098
050902020206,2011,70.861385987,8.135701378,0.692937257
050902020206,2012,32.237584771,5.502562636,0.637988204
050902020206,2013,43.814405511,5.812603431,0.65674494
050902020206,2014,62.482690178,7.260959985,0.736424022
050902020206,2015,44.582366283,6.153633364,0.687400246
050902020206,2016,53.246125412,7.121424729,0.682814903
050902020206,2017,47.1222678,5.551824955,0.698060664
050902020206,2018,61.983370876,8.05705639,0.721227276
050902020206,2019,73.177672688,9.41641179,0.704138143
050902020301,2010,25.102223963,5.639905963,0.527366085
050902020301,2011,39.15922175,6.860070434,0.561610752
050902020301,2012,16.019356599,4.226319675,0.512743708
050902020301,2013,19.446276439,4.185282845,0.535149235
050902020301,2014,31.058925577,6.82475011,0.621609614
050902020301,2015,23.38986693,4.777070347,0.565064519
050902020301,2016,22.558137654,5.171011407,0.551128692
050902020301,2017,28.297420335,5.835119408,0.579848435
050902020301,2018,26.946541245,4.825379681,0.597402488
050902020301,2019,31.595591314,6.99793736,0.579694595
050902020302,2010,22.857604741,1.748282535,0.498874729
050902020302,2011,38.798713067,2.422071613,0.519096364
050902020302,2012,17.213596964,1.805053224,0.473565685
050902020302,2013,19.78469222,1.408146619,0.489807991
050902020302,2014,29.480055322,2.111609612,0.571754621
050902020302,2015,20.906800674,1.444907871,0.527118922
050902020302,2016,23.589828061,1.243013938,0.514135621
050902020302,2017,26.153770568,1.519099711,0.518839283
050902020302,2018,29.990852911,1.566168885,0.560756821
050902020302,2019,33.732341203,2.842270659,0.54301913
050902020303,2010,26.800528628,6.08927369,0.573531379
050902020303,2011,49.969674312,9.118338504,0.609940399
050902020303,2012,22.162106233,6.111567437,0.570383999
050902020303,2013,24.172588035,5.655872235,0.589639295
050902020303,2014,36.386349674,8.001346952,0.673043049
050902020303,2015,25.621734877,5.953642067,0.627897708
050902020303,2016,31.685629801,7.648859773,0.610273787
050902020303,2017,26.388509936,6.353023188,0.626466012
050902020303,2018,39.207616662,8.426770822,0.660393325
050902020303,2019,36.857631971,9.102832432,0.62321717
050902020401,2010,14.086509122,1.245113713,0.501766554
050902020401,2011,36.443901408,1.973376741,0.57622304
050902020401,2012,11.976831022,1.532696199,0.466045333
050902020401,2013,16.263429387,1.311495009,0.508898193
050902020401,2014,20.541122352,1.668642186,0.583431709
050902020401,2015,14.204716832,1.342080421,0.518688323
050902020401,2016,14.619207742,1.016974059,0.513079091
050902020401,2017,12.56725497,0.840747189,0.520577088
050902020401,2018,22.629024673,1.592520003,0.577510795
050902020401,2019,28.069473183,2.536104902,0.572775373
050902020402,2010,16.684927531,2.143617217,0.592074932
050902020402,2011,36.976709801,2.446255767,0.650893844
050902020402,2012,15.967247768,2.230567506,0.588612533
050902020402,2013,18.502189311,2.119468162,0.617444846
050902020402,2014,23.080735315,2.384453327,0.694037647
050902020402,2015,17.691795935,2.080524014,0.637003659
050902020402,2016,17.958383086,2.131975715,0.63651844
050902020402,2017,16.010587951,2.021040168,0.654676779
050902020402,2018,25.792292563,2.420268426,0.686487663
050902020402,2019,28.289332869,3.025071944,0.670912498
050902020403,2010,28.005931526,2.523917615,0.640909951
050902020403,2011,53.108878536,2.565104329,0.6891736
050902020403,2012,26.2288097,2.457244114,0.657150093
050902020403,2013,29.405482225,2.404629409,0.676801069
050902020403,2014,40.204315283,2.630292708,0.761092527
050902020403,2015,31.021426946,2.418108461,0.708001944
050902020403,2016,34.345744928,2.593275714,0.708216953
050902020403,2017,31.60951653,2.506419897,0.733204671
050902020403,2018,43.665435644,2.721173848,0.750422285
050902020403,2019,47.878567061,3.040029177,0.727711549
050902020404,2010,33.598002015,7.096827282,0.598855023
050902020404,2011,61.733440506,10.787985209,0.648198867
050902020404,2012,28.230593924,6.418256229,0.583918993
050902020404,2013,32.564106822,6.293785482,0.610741087
050902020404,2014,48.514640765,9.274180799,0.701208664
050902020404,2015,34.467851838,6.801669424,0.639304098
050902020404,2016,38.157484801,8.131369023,0.631809221
050902020404,2017,34.763179809,6.622547743,0.643733319
050902020404,2018,51.50098881,9.318126825,0.688051122
050902020404,2019,51.901547357,10.025144972,0.65140856
050902020405,2010,19.028259079,3.66669571,0.55488064
050902020405,2011,39.354680917,6.049368245,0.582625742
050902020405,2012,12.754654796,3.085865184,0.508289723
050902020405,2013,17.086734012,2.822181338,0.532446116
050902020405,2014,18.59848733,4.255938287,0.632499585
050902020405,2015,19.05702891,3.800920533,0.561630112
050902020405,2016,16.536722219,2.713226768,0.554546817
050902020405,2017,25.129002448,3.735986591,0.610381185
050902020405,2018,32.382301405,4.485953369,0.628605024
050902020405,2019,23.151441214,4.916392855,0.574884786
050902020406,2010,23.471586514,6.301669581,0.574212959
050902020406,2011,42.026625572,10.80835444,0.599762359
050902020406,2012,17.822123494,5.97126559,0.567337559
050902020406,2013,20.041585125,5.82445434,0.563861665
050902020406,2014,30.605498265,8.580533903,0.671681795
050902020406,2015,24.273999128,5.829297465,0.622946153
050902020406,2016,24.328420299,6.900582785,0.602143199
050902020406,2017,25.561254288,6.570994689,0.627971384
050902020406,2018,36.234347803,9.226244553,0.649228705
050902020406,2019,29.256968131,8.169510649,0.611576931
050902020501,2010,53.52489337,9.171577706,0.690715862
050902020501,2011,76.622296002,10.895675447,0.740776727
050902020501,2012,38.465143245,7.851499708,0.701993127
050902020501,2013,51.988768836,8.664218001,0.716476499
050902020501,2014,70.167684558,10.315653355,0.780528073
050902020501,2015,50.287611704,9.176334167,0.732590678
050902020501,2016,60.471852976,10.891205064,0.724691643
050902020501,2017,55.294304647,9.395030405,0.744063468
050902020501,2018,68.726476581,10.733682227,0.763813288
050902020501,2019,76.837299488,13.02790354,0.739182775
050902020502,2010,64.208676983,7.890591389,0.664206272
050902020502,2011,94.989999005,9.845896934,0.712458795
050902020502,2012,56.698756844,6.832617432,0.65727741
050902020502,2013,68.342096558,7.390918373,0.682588518
050902020502,2014,90.179230923,9.371772941,0.757029937
050902020502,2015,69.463990834,8.004783632,0.710829756
050902020502,2016,77.121644711,9.072859767,0.700020226
050902020502,2017,72.52323745,7.545278906,0.715354197
050902020502,2018,89.16597268,9.90121031,0.740168351
050902020502,2019,95.347545102,11.509217569,0.722183431
050902020503,2010,26.747397692,5.372047328,0.64453647
050902020503,2011,54.838037261,7.364258184,0.685525684
050902020503,2012,21.657778511,4.872526605,0.625976566
050902020503,2013,27.882601406,4.854766274,0.645920855
050902020503,2014,45.000650503,6.361602421,0.733427848
050902020503,2015,29.29604927,5.160402523,0.685113819
050902020503,2016,31.69329149,5.490351014,0.675067482
050902020503,2017,27.676260801,4.008693524,0.687946537
050902020503,2018,42.538712087,7.245402527,0.718682921
050902020503,2019,49.965518234,7.986680828,0.700943999
050902020504,2010,38.713537061,8.673950637,0.67368338
050902020504,2011,67.662193833,11.195098522,0.691425745
050902020504,2012,26.997088063,7.058156427,0.63895365
050902020504,2013,32.169935012,7.259879063,0.656536064
050902020504,2014,54.666982692,11.897702514,0.787338425
050902020504,2015,39.54487263,9.410272473,0.707732743
050902020504,2016,45.764536725,10.327488547,0.692661644
050902020504,2017,39.680152201,8.489260267,0.709896673
050902020504,2018,56.92291232,12.361181118,0.752378936
050902020504,2019,51.271333165,11.62043567,0.707827798
050902020601,2010,22.857771281,3.398487698,0.54654222
050902020601,2011,36.432193607,5.098949294,0.581526504
050902020601,2012,15.38255421,3.031625202,0.521998638
050902020601,2013,16.86870507,2.303166861,0.530104515
050902020601,2014,23.385654474,3.884506524,0.630154476
050902020601,2015,20.525220347,2.702045713,0.578559111
050902020601,2016,19.58128492,2.352111114,0.563841483
050902020601,2017,28.638204133,4.084618936,0.59748392
050902020601,2018,28.849876226,3.765135296,0.621080749
050902020601,2019,27.070810768,4.42696489,0.590050418
050902020602,2010,23.566763241,1.523446327,0.518017819
050902020602,2011,39.571128124,2.117246551,0.560732492
050902020602,2012,17.508837288,1.613583839,0.501339229
050902020602,2013,19.874580476,1.324274874,0.504387935
050902020602,2014,29.478163683,1.929654726,0.61347497
050902020602,2015,25.059419908,1.719034855,0.555470934
050902020602,2016,23.878013264,1.376569701,0.53844633
050902020602,2017,30.143168522,1.669731909,0.55966684
050902020602,2018,29.365314166,1.477845347,0.580460998
050902020602,2019,33.053763667,2.579936013,0.563957256
050902020603,2010,25.929880109,4.183235918,0.505407512
050902020603,2011,41.774660891,6.524782798,0.553986921
050902020603,2012,18.130192789,3.752931414,0.503280681
050902020603,2013,19.712060231,3.105728031,0.512048661
050902020603,2014,30.853877503,5.500793564,0.596404793
050902020603,2015,27.54069042,4.420056366,0.525286901
050902020603,2016,25.659434971,3.969113615,0.498609853
050902020603,2017,33.56177875,5.338598795,0.52665398
050902020603,2018,29.110776564,3.474648534,0.556832
050902020603,2019,36.67691381,7.399270648,0.563736866
050902020604,2010,24.174139531,4.349958583,0.488153689
050902020604,2011,39.827963389,6.609621164,0.536987182
050902020604,2012,15.765133253,3.805084459,0.487653273
050902020604,2013,19.626226213,3.252544585,0.512682407
050902020604,2014,30.987443733,5.727055978,0.596486712
050902020604,2015,25.225163093,4.538544551,0.515034617
050902020604,2016,20.956151563,4.014212069,0.47710087
050902020604,2017,28.864852735,5.391868974,0.52224312
050902020604,2018,25.315533745,3.58842439,0.553404427
050902020604,2019,36.794823514,7.566739179,0.556544005
050902020605,2010,27.857298156,4.59489562,0.497184114
050902020605,2011,43.63794383,6.864713466,0.540741713
050902020605,2012,17.534847713,3.929742955,0.490712353
050902020605,2013,21.870032932,3.36809794,0.510696987
050902020605,2014,30.517563834,5.862873382,0.592313019
050902020605,2015,27.734091337,4.807840512,0.518081008
050902020605,2016,24.048554489,4.231797653,0.485328726
050902020605,2017,32.703355818,5.663420389,0.52128016
050902020605,2018,30.18643065,3.933261409,0.555043129
050902020605,2019,40.768896229,7.887444227,0.559233671
050902020606,2010,28.628725392,3.654626999,0.534213808
050902020606,2011,43.484447672,5.537587474,0.565792407
050902020606,2012,19.890438374,3.193860261,0.516684213
050902020606,2013,21.821861949,2.528952512,0.525319491
050902020606,2014,31.381791936,4.379280795,0.619262443
050902020606,2015,30.308068977,3.272772919,0.55775588
050902020606,2016,26.413643459,2.796837457,0.539210781
050902020606,2017,38.156896149,4.471179944,0.574112689
050902020606,2018,36.930841637,3.629589114,0.601388921
050902020606,2019,36.202686319,5.360130226,0.577088784
050902020701,2010,25.620852907,1.433612996,0.516315555
050902020701,2011,42.447329434,2.422185527,0.553365362
050902020701,2012,14.385528338,1.3912205,0.479956987
050902020701,2013,21.526586039,1.277286435,0.519518125
050902020701,2014,24.862815472,1.820296114,0.590010131
050902020701,2015,27.463127664,1.669897712,0.53517162
050902020701,2016,20.806508351,0.968919844,0.490353526
050902020701,2017,27.152377589,1.374645735,0.531857414
050902020701,2018,28.493045166,1.612612885,0.559190707
050902020701,2019,39.61129588,2.986340241,0.560500537
050902020702,2010,22.734310289,3.434890677,0.55944615
050902020702,2011,38.400329727,5.080869651,0.603542875
050902020702,2012,11.891459623,2.367469573,0.518549703
050902020702,2013,19.687267915,2.693521013,0.559723954
050902020702,2014,19.632383096,3.414682838,0.623536383
050902020702,2015,23.034659704,3.624419175,0.567003706
050902020702,2016,18.690675935,2.744331872,0.575598382
050902020702,2017,19.384587957,3.174246914,0.606469501
050902020702,2018,30.443720937,4.139562808,0.632974342
050902020702,2019,32.845686558,4.982997565,0.594902899
050902020703,2010,18.943809492,3.43974903,0.55727283
050902020703,2011,35.653642858,5.112706532,0.599578151
050902020703,2012,11.179581728,2.381243429,0.520625922
050902020703,2013,17.732747277,2.725566697,0.558755245
050902020703,2014,15.978628917,3.419112428,0.615404749
050902020703,2015,21.12728135,3.663374151,0.569006237
050902020703,2016,16.504208079,2.814656428,0.578729043
050902020703,2017,16.705478142,3.222036573,0.604607489
050902020703,2018,28.599174004,4.217087869,0.632166974
050902020703,2019,30.099519477,5.066851333,0.593626719
050902020704,2010,27.743977986,1.431013182,0.549121267
050902020704,2011,52.817631249,3.072803355,0.57809168
050902020704,2012,19.148585382,1.213935347,0.513502208
050902020704,2013,27.619453373,1.334155057,0.544453645
050902020704,2014,29.089745138,1.653855382,0.605519818
050902020704,2015,30.607892473,1.409950938,0.559803161
050902020704,2016,29.407564609,1.053016456,0.546081344
050902020704,2017,34.983422554,1.415781518,0.586642655
050902020704,2018,41.871072956,2.017474098,0.604160403
050902020704,2019,40.722212527,2.618014764,0.57671901
050902020801,2010,28.257919126,4.244892818,0.589586594
050902020801,2011,57.187535443,8.16142843,0.614451765
050902020801,2012,19.52407767,3.717567226,0.55488829
050902020801,2013,24.685458288,3.726980899,0.580805819
050902020801,2014,35.484607915,5.593687382,0.665094288
050902020801,2015,32.759172159,4.980279409,0.617409538
050902020801,2016,33.997796138,5.223837172,0.59443925
050902020801,2017,38.462960907,4.995899043,0.626713339
050902020801,2018,47.950136581,6.758013131,0.669960049
050902020801,2019,40.947390493,7.565990008,0.613951808
050902020802,2010,29.268634287,11.839422254,0.602969314
050902020802,2011,52.248177033,14.989927808,0.628797488
050902020802,2012,23.925095598,9.986100131,0.599786057
050902020802,2013,30.132298823,9.547581992,0.597725402
050902020802,2014,28.187639289,11.569991051,0.65695467
050902020802,2015,32.065887705,11.645720523,0.643593423
050902020802,2016,31.863040661,12.196499232,0.617218059
050902020802,2017,29.6969089,11.075189934,0.66190783
050902020802,2018,41.570044465,14.398845775,0.675733871
050902020802,2019,40.413082437,14.389791344,0.64318466
050902020803,2010,22.916452074,6.291689357,0.548193298
050902020803,2011,46.697082269,7.512835715,0.575339041
050902020803,2012,15.217962254,4.616339902,0.528138241
050902020803,2013,23.156603154,5.081966825,0.54281273
050902020803,2014,25.179573041,6.379671877,0.595371378
050902020803,2015,24.626723228,5.680559145,0.569102593
050902020803,2016,26.967113315,6.416646078,0.553572328
050902020803,2017,26.664340477,6.181630015,0.58771219
050902020803,2018,38.901672004,7.57739258,0.614663884
050902020803,2019,31.974055461,7.164216689,0.578160986
050902020804,2010,40.273218769,7.791672263,0.65522265
050902020804,2011,78.433201935,13.890661112,0.663372363
050902020804,2012,35.998541697,7.795680606,0.633383612
050902020804,2013,42.729137787,8.058707131,0.656564489
050902020804,2014,48.556944549,9.70349503,0.718915337
050902020804,2015,50.672034891,10.362436996,0.67941977
050902020804,2016,52.946832938,10.152245473,0.661680194
050902020804,2017,59.817641673,10.671308625,0.730785777
050902020804,2018,70.896502264,12.640487046,0.730806909
050902020804,2019,64.483193121,13.470665451,0.681604716
050902020901,2010,32.367432609,5.38247982,0.452555312
050902020901,2011,57.056985171,7.997010269,0.490177485
050902020901,2012,28.515635772,4.707377216,0.445860202
050902020901,2013,29.27799011,5.075766331,0.457005384
050902020901,2014,30.087220954,5.581082992,0.480921835
050902020901,2015,37.875831179,6.692258026,0.480893846
050902020901,2016,41.632851626,7.350570418,0.452841421
050902020901,2017,40.803477398,6.942476088,0.463283167
050902020901,2018,42.533928446,6.698006976,0.481091088
050902020901,2019,49.162393084,8.946127577,0.488595415
050902020902,2010,30.259730594,2.282353816,0.475180424
050902020902,2011,55.925023153,3.376329456,0.524009704
050902020902,2012,20.035193902,1.655449067,0.439842716
050902020902,2013,30.023949683,2.138276961,0.480226438
050902020902,2014,29.162567849,2.890722082,0.524182092
050902020902,2015,36.968611828,2.981228894,0.487552863
050902020902,2016,34.881440311,2.516304985,0.449777949
050902020902,2017,35.923243026,2.619154855,0.46608933
050902020902,2018,48.348023977,2.973230702,0.526603462
050902020902,2019,55.301525071,4.34931596,0.521658941
050902020903,2010,48.269742158,3.755724709,0.468089419
050902020903,2011,83.108272193,5.527247701,0.51386783
050902020903,2012,45.191969086,3.169383095,0.453290254
050902020903,2013,50.221011215,3.583429851,0.473946633
050902020903,2014,51.723762342,4.253823893,0.510836822
050902020903,2015,58.249807984,4.779541272,0.487431868
050902020903,2016,59.576733192,4.774064402,0.452123189
050902020903,2017,63.822722907,4.739284737,0.471111747
050902020903,2018,68.959252996,4.747026105,0.508199994
050902020903,2019,76.913400665,6.520596078,0.515290846
050902021001,2010,18.036854382,3.701304718,0.567757821
050902021001,2011,31.196922506,3.810411353,0.575535244
050902021001,2012,10.363955474,2.586348891,0.498677143
050902021001,2013,15.726913802,2.877527479,0.574993385
050902021001,2014,18.627276525,4.450735129,0.629612426
050902021001,2015,24.656454357,4.193749095,0.586774621
050902021001,2016,12.422951963,3.108341208,0.530457547
050902021001,2017,16.940675737,3.205253044,0.574626259
050902021001,2018,25.25057276,4.195795681,0.610799415
050902021001,2019,28.239089052,5.027652029,0.591281362
050902021002,2010,26.892989097,5.726557692,0.638320787
050902021002,2011,38.701859182,5.893749824,0.669192953
050902021002,2012,15.294530215,4.695943863,0.595729674
050902021002,2013,23.759039555,5.008084899,0.647672483
050902021002,2014,27.859466332,6.465368583,0.724212742
050902021002,2015,32.54270675,6.127623622,0.670150345
050902021002,2016,19.600790063,5.009375477,0.614054978
050902021002,2017,29.354267988,5.39005444,0.679825732
050902021002,2018,30.217154583,6.148966675,0.700158149
050902021002,2019,39.381385153,7.201767786,0.67502018
050902021003,2010,17.732375801,3.908624878,0.567218302
050902021003,2011,28.371351756,3.777854914,0.573460489
050902021003,2012,10.112538007,2.602956631,0.50681272
050902021003,2013,15.319748035,2.990478424,0.578426553
050902021003,2014,15.435628872,4.236336108,0.628294666
050902021003,2015,23.466610326,4.264009346,0.585926579
050902021003,2016,10.28348213,3.110210496,0.534080686
050902021003,2017,16.460083126,3.321259322,0.576407745
050902021003,2018,24.554358021,4.288462421,0.611648318
050902021003,2019,25.984800454,5.019720184,0.590393054
050902021004,2010,21.288459067,4.255929897,0.567878651
050902021004,2011,35.982364112,4.118392524,0.576865061
050902021004,2012,13.176637197,2.855591301,0.505831639
050902021004,2013,19.635462051,3.212863146,0.580959532
050902021004,2014,20.82156041,4.684917733,0.630612982
050902021004,2015,29.286238657,4.700901412,0.590125535
050902021004,2016,15.610603055,3.312829401,0.527841902
050902021004,2017,21.492247463,3.53394381,0.578330448
050902021004,2018,30.309160045,4.776991936,0.615483765
050902021004,2019,31.99938695,5.299899947,0.587792817
050902021005,2010,24.153986859,3.752759793,0.589216808
050902021005,2011,36.786009986,3.531953351,0.605398971
050902021005,2012,11.751552928,2.33835664,0.524293516
050902021005,2013,16.869541292,2.468934379,0.603879144
050902021005,2014,23.378022343,4.67341446,0.676391322
050902021005,2015,27.987957773,4.14198947,0.608358002
050902021005,2016,17.586079084,3.121996105,0.570229611
050902021005,2017,23.693038038,3.382580981,0.623797787
050902021005,2018,28.65888347,4.058162849,0.642356316
050902021005,2019,32.389617367,4.720007654,0.628097186
050902021006,2010,25.064381145,4.054383395,0.579798245
050902021006,2011,39.277258694,3.817887243,0.592434526
050902021006,2012,13.645115261,2.658508404,0.518826091
050902021006,2013,19.736938926,2.88969268,0.598264094
050902021006,2014,23.96630897,4.636802699,0.655764483
050902021006,2015,32.465936623,4.651825526,0.604806997
050902021006,2016,19.033351418,3.337347738,0.557876739
050902021006,2017,26.121993343,3.678459931,0.605932508
050902021006,2018,34.879926561,4.922095236,0.635028306
050902021006,2019,34.519927131,5.047648585,0.6118325
050902021101,2010,21.460224407,0.950283854,0.516009555
050902021101,2011,36.377129644,1.522173494,0.541771728
050902021101,2012,13.094495076,0.837510326,0.475528724
050902021101,2013,20.054626808,0.995817122,0.536406313
050902021101,2014,18.569058387,1.046360993,0.565045023
050902021101,2015,26.690603523,1.062989313,0.53539643
050902021101,2016,18.080092233,0.635560488,0.505405702
050902021101,2017,25.974842175,0.858307317,0.543548088
050902021101,2018,37.54334876,1.19366546,0.580696538
050902021101,2019,33.101399093,1.806431183,0.535520771
050902021102,2010,20.228902562,0.906097358,0.505352791
050902021102,2011,36.096023982,1.386470566,0.543525293
050902021102,2012,14.585336957,0.733805609,0.479212016
050902021102,2013,19.594109739,0.997380083,0.517780273
050902021102,2014,16.797480121,0.801482562,0.546074821
050902021102,2015,24.028154663,1.150496487,0.521642303
050902021102,2016,19.286670559,0.50885943,0.504966421
050902021102,2017,26.128032324,0.700215111,0.538446063
050902021102,2018,37.829327799,1.185195152,0.58164475
050902021102,2019,33.369026855,1.447478845,0.531195589
050902021103,2010,23.717304294,1.015713758,0.511621983
050902021103,2011,45.74194298,1.38831955,0.569250665
050902021103,2012,19.99046529,0.782811249,0.492731212
050902021103,2013,23.301279212,0.927570437,0.521177701
050902021103,2014,21.608408935,1.035716183,0.552822418
050902021103,2015,29.505873188,1.223555806,0.533340205
050902021103,2016,24.277039742,0.666431116,0.521997418
050902021103,2017,31.22562509,0.854086042,0.547861166
050902021103,2018,49.084024752,1.352461208,0.601201513
050902021103,2019,39.224901671,1.408642636,0.551145844
050902021201,2010,19.445152238,6.292162417,0.495598555
050902021201,2011,45.086104994,10.830336465,0.563206877
050902021201,2012,14.669840631,5.257222815,0.487656584
050902021201,2013,19.214735914,6.034446423,0.512255579
050902021201,2014,18.651838512,7.024289886,0.559715859
050902021201,2015,23.906698216,6.88651627,0.532019038
050902021201,2016,17.765987297,6.558725921,0.513823151
050902021201,2017,24.650306173,8.801537593,0.545679627
050902021201,2018,48.189977467,12.588294739,0.57348929
050902021201,2019,38.367090436,10.532575425,0.563624594
050902021202,2010,17.3434756,6.889007652,0.471533279
050902021202,2011,38.944996192,11.888933549,0.526865501
050902021202,2012,13.66769576,6.150441094,0.468775842
050902021202,2013,18.132881477,7.186136784,0.494090701
050902021202,2014,17.472341505,8.331138684,0.531630791
050902021202,2015,21.300098525,8.123632098,0.505587678
050902021202,2016,15.682126694,7.526420266,0.491302302
050902021202,2017,23.568523997,10.365767371,0.522944261
050902021202,2018,43.304854864,14.534525063,0.550463762
050902021202,2019,33.858237543,11.999924508,0.53360872
050902021203,2010,19.910877509,6.787426426,0.52404326
050902021203,2011,43.412777392,11.585142312,0.585390324
050902021203,2012,17.146854671,6.546931336,0.528059164
050902021203,2013,17.613099412,6.482760425,0.531567867
050902021203,2014,18.464088751,7.522014479,0.569305227
050902021203,2015,24.229124116,8.109617324,0.573372994
050902021203,2016,21.652265018,8.100332153,0.545418153
050902021203,2017,27.883155426,9.377107616,0.571397307
050902021203,2018,45.397973662,12.553017887,0.598717748
050902021203,2019,33.124262895,10.782102798,0.570704499
050902021204,2010,24.214200509,7.924318579,0.610949768
050902021204,2011,49.042653781,12.352880465,0.664621047
050902021204,2012,18.444203301,6.636967152,0.584839033
050902021204,2013,23.190295611,7.64779399,0.6080264
050902021204,2014,23.228031924,9.017304546,0.653705893
050902021204,2015,28.136018243,9.376264248,0.63965026
050902021204,2016,24.640342735,8.792682179,0.6193134
050902021204,2017,33.73465602,10.261488224,0.663053884
050902021204,2018,49.846770973,13.883042512,0.702237833
050902021204,2019,39.349008146,11.694927312,0.638041548
050902021301,2010,28.206322688,8.670069033,0.568575947
050902021301,2011,36.888192205,10.141932917,0.587833724
050902021301,2012,13.320118819,5.447379194,0.496682721
050902021301,2013,23.623216686,7.743734289,0.561529285
050902021301,2014,25.603825986,9.705235223,0.608493371
050902021301,2015,28.186051625,9.393658876,0.569644571
050902021301,2016,22.301338874,8.673556216,0.547004982
050902021301,2017,26.07742888,9.28332723,0.570126795
050902021301,2018,38.837938008,11.937510891,0.616747349
050902021301,2019,36.979372315,10.955860929,0.589491166
050902021302,2010,29.584729328,7.388822275,0.576382354
050902021302,2011,39.560217587,8.649942128,0.585860894
050902021302,2012,18.136271644,5.068100394,0.51891105
050902021302,2013,26.395841988,7.028998419,0.560068217
050902021302,2014,25.512516237,7.707735483,0.588751153
050902021302,2015,27.987954418,7.5977353,0.561747142
050902021302,2016,25.276681039,6.706708112,0.545317676
050902021302,2017,34.603548494,8.414434756,0.578002692
050902021302,2018,46.562754756,9.65041797,0.620962309
050902021302,2019,38.814403361,9.315106631,0.581891953
050902021303,2010,31.322370865,9.860822919,0.599155715
050902021303,2011,40.544183379,11.324309198,0.60982913
050902021303,2012,15.832249901,5.867663505,0.536349792
050902021303,2013,27.752826842,9.15697248,0.588090863
050902021303,2014,25.734179931,10.022293251,0.613511244
050902021303,2015,30.829195119,10.22628354,0.589959374
050902021303,2016,24.81909041,8.694531233,0.57417144
050902021303,2017,33.089026859,10.408185598,0.60425749
050902021303,2018,44.716272676,12.718856621,0.64601714
050902021303,2019,40.99953196,12.103193207,0.605582192
050902021304,2010,33.761789162,7.819994452,0.649264474
050902021304,2011,50.216455763,9.658522025,0.671953621
050902021304,2012,19.888007447,5.514185152,0.595721304
050902021304,2013,32.757609772,7.445886437,0.643455007
050902021304,2014,28.7201867,7.913808165,0.66680555
050902021304,2015,34.388076624,8.217350597,0.653801821
050902021304,2016,32.139068575,7.711450751,0.64445514
050902021304,2017,38.718065039,8.248560526,0.66558438
050902021304,2018,51.362041372,10.114563338,0.699217944
050902021304,2019,48.860922973,10.580098033,0.656698193
050902021305,2010,41.887477781,7.529823251,0.640876711
050902021305,2011,70.662793097,10.035925361,0.690501201
050902021305,2012,31.168732358,6.6190615,0.617188431
050902021305,2013,41.416110671,7.348826653,0.652690253
050902021305,2014,39.691451107,8.227490722,0.672682594
050902021305,2015,45.854333669,8.268097006,0.648299603
050902021305,2016,43.626148528,7.863395121,0.645684075
050902021305,2017,51.589121991,8.377607218,0.674156005
050902021305,2018,66.374325975,9.886590376,0.705877626
050902021305,2019,66.897407691,10.766510683,0.667687389
050902021401,2010,36.651335163,9.671841887,0.471954959
050902021401,2011,71.061645553,13.926879597,0.520759902
050902021401,2012,33.800378924,9.03790072,0.463799127
050902021401,2013,40.860323342,9.952855802,0.486905889
050902021401,2014,38.342067379,10.645300102,0.506495969
050902021401,2015,47.19830882,11.720554456,0.505838093
050902021401,2016,54.724475087,12.995554811,0.482922817
050902021401,2017,46.025657951,11.834686761,0.486138496
050902021401,2018,53.464028389,12.156403396,0.509652119
050902021401,2019,59.998313352,14.501959413,0.515069367
050902021402,2010,43.49771962,11.386303431,0.470668569
050902021402,2011,78.998003911,15.009934607,0.51655732
050902021402,2012,40.649166446,10.632255577,0.460212632
050902021402,2013,45.269191167,10.765854712,0.475459549
050902021402,2014,44.494656308,11.925821297,0.50233025
050902021402,2015,52.554334148,13.103693829,0.494226363
050902021402,2016,58.324427443,13.843113153,0.464843619
050902021402,2017,54.965662599,13.728519761,0.475152137
050902021402,2018,60.507208993,13.474478838,0.500951948
050902021402,2019,68.473613333,15.606366643,0.510446514
050902021403,2010,33.244282589,9.6584863,0.501281608
050902021403,2011,66.456046391,15.814529313,0.557485472
050902021403,2012,24.86665826,7.797639728,0.479461203
050902021403,2013,36.034352302,10.036978765,0.51505346
050902021403,2014,32.197894648,10.594563862,0.54851393
050902021403,2015,41.888417468,12.021351453,0.522526294
050902021403,2016,42.690296918,13.005650466,0.497720635
050902021403,2017,41.888564028,12.063759281,0.504847098
050902021403,2018,53.143590458,13.940088193,0.553623013
050902021403,2019,58.300181074,15.895010932,0.552106917
050902021404,2010,51.276749822,15.485947671,0.620609255
050902021404,2011,93.074745294,21.94939635,0.675431852
050902021404,2012,47.048639397,16.013295212,0.611470704
050902021404,2013,64.95951676,18.981116695,0.669772424
050902021404,2014,52.585650421,17.402064166,0.66679599
050902021404,2015,63.204815345,17.639723283,0.658108641
050902021404,2016,73.717259022,18.473726991,0.645809609
050902021404,2017,63.031672902,17.78706631,0.651865604
050902021404,2018,78.270433972,20.11291506,0.678693341
050902021404,2019,78.231046082,21.20614836,0.672720702
050902021405,2010,36.289569611,11.921288927,0.558503064
050902021405,2011,76.373163103,20.786067973,0.627638671
050902021405,2012,30.302548201,10.842581744,0.546839285
050902021405,2013,42.822881287,14.01323635,0.598848004
050902021405,2014,36.137320399,13.345797836,0.608731213
050902021405,2015,43.618111189,14.318415458,0.582543634
050902021405,2016,48.682424566,15.463647831,0.577580367
050902021405,2017,50.094247683,15.79887639,0.590538666
050902021405,2018,61.903706261,18.891328022,0.628846659
050902021405,2019,65.662307306,19.492829762,0.618756106
050902021406,2010,32.2231889,10.04708027,0.535560913
050902021406,2011,69.360763341,18.183043532,0.609845939
050902021406,2012,28.616870954,9.191051587,0.53265268
050902021406,2013,37.952902293,11.663658338,0.5719688
050902021406,2014,32.087274502,10.633497332,0.584995587
050902021406,2015,37.621017993,11.390852958,0.553662218
050902021406,2016,44.173961568,13.157131161,0.560548942
050902021406,2017,48.945263568,13.887630555,0.568042365
050902021406,2018,53.672276497,15.943401959,0.600602385
050902021406,2019,58.618519162,17.08220243,0.589551851
050902030101,2010,54.804932673,28.669008408,0.62523026
050902030101,2011,88.71852116,40.313979009,0.688791615
050902030101,2012,51.779387792,28.655336492,0.646548386
050902030101,2013,57.870571619,29.091421976,0.657595657
050902030101,2014,53.629037127,29.693549912,0.690571678
050902030101,2015,60.335463767,31.416222159,0.671015717
050902030101,2016,61.978661769,30.928131611,0.632616053
050902030101,2017,56.932764694,30.445483468,0.669054995
050902030101,2018,64.34233551,32.707594486,0.671525868
050902030101,2019,72.546056247,36.189998127,0.668010169
050902030102,2010,44.094600132,21.671033771,0.578167782
050902030102,2011,78.92369952,33.241562816,0.641590075
050902030102,2012,43.109809488,21.623899203,0.590848571
050902030102,2013,53.639768131,24.209368089,0.61554109
050902030102,2014,44.246586291,23.237123705,0.631289299
050902030102,2015,48.769543937,23.261301213,0.606944801
050902030102,2016,49.536513719,23.635781821,0.575469062
050902030102,2017,42.784069134,21.979764043,0.604073175
050902030102,2018,58.312121796,26.484012538,0.622223106
050902030102,2019,56.606343444,27.12535711,0.608323257
050902030103,2010,52.894646198,25.926922867,0.63047636
050902030103,2011,89.865997968,37.070318138,0.689586064
050902030103,2012,51.914283186,26.02241979,0.651584784
050902030103,2013,57.336593523,27.442415455,0.65614939
050902030103,2014,54.329070663,27.745747792,0.692470057
050902030103,2015,63.534754792,29.874454604,0.674842906
050902030103,2016,68.214044841,30.099540783,0.640083543
050902030103,2017,58.568821746,28.617258715,0.674492003
050902030103,2018,64.672127945,30.244433362,0.672142575
050902030103,2019,76.52891911,33.150795547,0.670088682
050902030104,2010,51.370340575,18.851960627,0.598069955
050902030104,2011,86.677973058,27.031272873,0.649671575
050902030104,2012,48.702796958,19.062138975,0.591113089
050902030104,2013,64.332009291,21.994263474,0.634247288
050902030104,2014,57.410659525,22.026439746,0.645015455
050902030104,2015,62.106298922,21.449499046,0.62118233
050902030104,2016,71.139504225,22.618877055,0.605812171
050902030104,2017,61.335065405,21.056008155,0.615850415
050902030104,2018,73.303801895,24.437635555,0.644536182
050902030104,2019,73.990410166,25.329419805,0.63165388
050902030105,2010,45.65412197,12.010998293,0.578616743
050902030105,2011,77.964538122,18.142299127,0.638350805
050902030105,2012,39.755970157,12.151468286,0.566533105
050902030105,2013,59.696264314,14.817733611,0.614460284
050902030105,2014,50.388209413,14.715731433,0.629362009
050902030105,2015,53.33654504,14.062399853,0.598951912
050902030105,2016,61.655582441,14.394335971,0.586104749
050902030105,2017,54.670577574,13.526679534,0.596054164
050902030105,2018,69.984851763,16.631626907,0.636067043
050902030105,2019,66.363530238,17.157374483,0.614541002
050902030201,2010,47.14337591,15.87980561,0.641046479
050902030201,2011,87.740531258,26.619578037,0.704704615
050902030201,2012,41.612674613,14.996089834,0.640842659
050902030201,2013,60.021527841,19.553015193,0.701666874
050902030201,2014,49.083526123,17.838572825,0.700528261
050902030201,2015,59.388645793,19.616696798,0.679700696
050902030201,2016,65.941421419,20.091342094,0.679518588
050902030201,2017,63.500858674,19.464312531,0.681378212
050902030201,2018,70.638182694,21.417708745,0.704084556
050902030201,2019,75.226320877,24.749106819,0.692155856
050902030202,2010,45.583502893,13.936834699,0.629146706
050902030202,2011,79.161812221,19.838615642,0.680459958
050902030202,2012,36.964165136,13.119044713,0.609894739
050902030202,2013,63.02687889,17.918201792,0.698376567
050902030202,2014,46.588543225,15.939075006,0.682741062
050902030202,2015,53.613666126,15.974799336,0.658388056
050902030202,2016,59.639477182,16.643846854,0.652009003
050902030202,2017,62.132009896,16.617299464,0.663056878
050902030202,2018,69.835935209,18.42633704,0.68769333
050902030202,2019,68.617837547,18.808875741,0.667677684
050902030203,2010,47.845491978,25.105234239,0.630540173
050902030203,2011,85.202510941,37.651469436,0.666447001
050902030203,2012,38.575266242,23.858794803,0.593964705
050902030203,2013,61.513416244,30.506899934,0.661474746
050902030203,2014,45.17322843,27.571032962,0.655646189
050902030203,2015,54.859439167,29.92887872,0.657759257
050902030203,2016,61.794805919,30.952470754,0.641302444
050902030203,2017,55.793455848,28.581302634,0.628366971
050902030203,2018,71.537627905,33.046875828,0.675945117
050902030203,2019,70.538929441,34.951817604,0.657792401
050902030204,2010,34.39207351,13.066969306,0.589142148
050902030204,2011,67.770307181,21.17413578,0.655691628
050902030204,2012,25.892197502,11.390908259,0.571509793
050902030204,2013,40.86202324,14.907745842,0.619707632
050902030204,2014,30.97648614,14.545803789,0.641314245
050902030204,2015,42.933026773,17.726584999,0.635917754
050902030204,2016,46.680884732,16.913491474,0.62199791
050902030204,2017,41.87913104,15.262093612,0.606734623
050902030204,2018,53.886746645,18.309713051,0.648443606
050902030204,2019,56.151901216,19.505790085,0.644438137
051201010101,2010,24.255090751,4.633303411,0.593897894
051201010101,2011,39.540393111,5.811143207,0.65756101
051201010101,2012,14.274310245,4.415145165,0.558422322
051201010101,2013,24.574223983,4.708782629,0.634579484
051201010101,2014,22.809506684,5.795001765,0.663715273
051201010101,2015,25.707318293,5.584188653,0.655613618
051201010101,2016,35.776662831,6.716778852,0.672456454
051201010101,2017,23.127724748,4.737891965,0.621344183
051201010101,2018,30.45403086,5.587655701,0.661125663
051201010101,2019,25.120362952,5.336819382,0.643201888
051201010102,2010,26.963670936,2.464012937,0.606655147
051201010102,2011,42.006306195,2.738687919,0.660426184
051201010102,2012,15.16956584,2.048822118,0.567760705
051201010102,2013,24.976765648,2.317673094,0.646075564
051201010102,2014,24.345606355,2.918309306,0.677530178
051201010102,2015,23.908102173,2.774032682,0.662389666
051201010102,2016,34.663585366,3.477379311,0.685079028
051201010102,2017,26.241385922,2.703061949,0.657691042
051201010102,2018,32.982820873,3.006237599,0.67302597
051201010102,2019,24.191021704,2.556940559,0.642578062
051201010103,2010,32.975845334,1.915120124,0.680150899
051201010103,2011,49.455116805,2.043441611,0.707613003
051201010103,2012,22.549916899,1.697419231,0.649936068
051201010103,2013,34.616795283,1.937681924,0.727388147
051201010103,2014,34.45878326,2.5018775,0.776293595
051201010103,2015,32.992505927,2.179033183,0.743356694
051201010103,2016,42.220489552,2.637417404,0.755859631
051201010103,2017,32.411024716,2.137645342,0.746956956
051201010103,2018,37.801705125,2.048634533,0.724245809
051201010103,2019,32.677742676,2.048336134,0.721784907
051201010201,2010,17.027666483,7.216081966,0.627504565
051201010201,2011,39.762189458,14.660108078,0.695359066
051201010201,2012,13.722260069,5.378135915,0.570098635
051201010201,2013,20.138845217,5.59938696,0.653273953
051201010201,2014,18.421827952,6.480143769,0.701789887
051201010201,2015,13.882197007,5.697069402,0.672313989
051201010201,2016,27.084098137,10.745622125,0.714894315
051201010201,2017,17.440628431,7.173602214,0.695409506
051201010201,2018,26.759556214,9.239763936,0.717140258
051201010201,2019,22.597839423,9.112763732,0.682570574
051201010202,2010,10.668780058,8.017758831,0.545039949
051201010202,2011,24.123738912,14.153730392,0.593047145
051201010202,2012,8.229593742,5.653171351,0.479355567
051201010202,2013,10.155787434,5.999491924,0.545029998
051201010202,2014,10.023662927,5.863983112,0.592206656
051201010202,2015,6.86498817,5.443877426,0.553576229
051201010202,2016,12.922277893,10.456634669,0.585031951
051201010202,2017,7.839019081,6.906256079,0.547207283
051201010202,2018,12.971781424,8.535454157,0.60516041
051201010202,2019,11.746519138,8.774131362,0.56743563
051201010203,2010,14.3108631,9.916340202,0.548401189
051201010203,2011,25.920066572,15.184519811,0.592631572
051201010203,2012,9.432949326,6.595290023,0.481726786
051201010203,2013,12.257638573,7.691042579,0.553109042
051201010203,2014,12.631049955,7.9079697,0.599561317
051201010203,2015,9.225912989,7.369861027,0.553717967
051201010203,2016,13.60824542,10.668449814,0.586077955
051201010203,2017,9.758092828,8.416623101,0.547813385
051201010203,2018,14.749052885,9.734661853,0.605149638
051201010203,2019,13.626372682,10.161516696,0.566279199
051201010204,2010,8.317840053,5.877647981,0.450652003
051201010204,2011,15.350780808,10.447343566,0.493931773
051201010204,2012,5.602824246,4.277616024,0.399818077
051201010204,2013,7.185247082,5.051918431,0.464026102
051201010204,2014,8.199495751,6.000598259,0.492648761
051201010204,2015,5.834865745,4.670617062,0.460820721
051201010204,2016,9.26260592,7.783560124,0.489061723
051201010204,2017,6.376766707,5.628080711,0.461372968
051201010204,2018,11.161742004,7.94574769,0.501367315
051201010204,2019,7.920941207,6.372780983,0.466588803
051201010301,2010,22.729657461,0.585906286,0.445664434
051201010301,2011,33.286920579,1.073770256,0.478999091
051201010301,2012,11.991776462,0.478043796,0.437088269
051201010301,2013,21.134883264,0.549942783,0.470017927
051201010301,2014,21.88121389,0.517881228,0.474748726
051201010301,2015,18.245400228,0.497469252,0.4524249
051201010301,2016,24.506785953,0.755659523,0.464651667
051201010301,2017,17.4489253,0.604120972,0.457796394
051201010301,2018,23.499555657,0.650483218,0.476970754
051201010301,2019,19.222377473,0.699026411,0.462005786
051201010302,2010,29.127221871,0.56070568,0.505924916
051201010302,2011,44.29235471,0.84120197,0.549379192
051201010302,2012,18.437698721,0.585374915,0.499806554
051201010302,2013,28.968130834,0.668192565,0.534540689
051201010302,2014,32.558904059,0.753145743,0.549501573
051201010302,2015,30.809499989,0.618177469,0.524673864
051201010302,2016,35.215426188,0.791544518,0.53552175
051201010302,2017,28.341138447,0.731618095,0.535690238
051201010302,2018,38.158922954,0.793867374,0.54679184
051201010302,2019,29.971500067,0.740719158,0.532467699
051201010303,2010,26.147842804,0.167707083,0.519228872
051201010303,2011,39.914237798,0.192032342,0.560242724
051201010303,2012,18.728666996,0.184921288,0.515846463
051201010303,2013,26.898779272,0.172645072,0.545014602
051201010303,2014,29.9338452,0.2180631,0.569093416
051201010303,2015,31.389309229,0.182430209,0.546121802
051201010303,2016,31.848878015,0.188243694,0.552652799
051201010303,2017,28.089215527,0.162035186,0.556391689
051201010303,2018,32.838303976,0.17239549,0.557958464
051201010303,2019,28.127230807,0.184352138,0.549046539
051201010401,2010,24.859381201,1.285388208,0.476907027
051201010401,2011,38.562193777,1.9611566,0.509416425
051201010401,2012,11.389328155,0.883170675,0.466315614
051201010401,2013,21.460469881,1.046750009,0.495294759
051201010401,2014,25.375602252,1.444294257,0.521432304
051201010401,2015,23.964943997,1.230895075,0.499274221
051201010401,2016,34.869289399,1.84772282,0.505823382
051201010401,2017,26.36579928,1.375381533,0.509704231
051201010401,2018,28.173076098,1.415389678,0.506858718
051201010401,2019,21.157607331,1.124949722,0.504929678
051201010501,2010,18.905479898,1.165924484,0.502498717
051201010501,2011,32.098329929,1.36257629,0.55179989
051201010501,2012,15.246732979,1.275666786,0.520131836
051201010501,2013,17.541556145,0.953586871,0.536583151
051201010501,2014,23.345318335,1.349396694,0.588215978
051201010501,2015,24.132076755,1.2737709,0.545810373
051201010501,2016,25.016998502,1.264457509,0.553352251
051201010501,2017,26.108654208,1.327590089,0.558986678
051201010501,2018,26.211346626,1.355920352,0.548054933
051201010501,2019,22.628298062,1.141602334,0.554099776
051201030101,2010,27.201187042,3.93953899,0.576275834
051201030101,2011,40.565435116,4.698993801,0.634306037
051201030101,2012,12.551872282,3.640686895,0.577436567
051201030101,2013,30.426103173,4.03851878,0.620195348
051201030101,2014,24.207108062,3.734933254,0.639798096
051201030101,2015,25.178071919,3.827850942,0.618124397
051201030101,2016,32.827603299,4.287512412,0.650066889
051201030101,2017,26.247035408,3.946562451,0.628086035
051201030101,2018,30.928097604,4.451481003,0.635262225
051201030101,2019,22.990072807,4.015163853,0.61580176
051201030102,2010,32.573383959,1.976484268,0.549279699
051201030102,2011,53.550809399,2.381339805,0.609262311
051201030102,2012,17.463049981,1.958475997,0.546380002
051201030102,2013,37.017921825,1.881060927,0.580219504
051201030102,2014,32.004889952,1.936620006,0.602613618
051201030102,2015,30.593471959,1.761329123,0.580573964
051201030102,2016,46.099512695,1.890517535,0.614453092
051201030102,2017,33.473642228,1.750693244,0.594131583
051201030102,2018,38.005274626,1.848394628,0.601204879
051201030102,2019,31.488851712,1.938681181,0.575394835
051201030103,2010,28.444422818,0.678952864,0.55964513
051201030103,2011,51.875345643,1.085887819,0.624652778
051201030103,2012,18.330947559,0.660784271,0.546451285
051201030103,2013,30.105559297,0.605366695,0.592937935
051201030103,2014,27.664817476,0.720972595,0.614815521
051201030103,2015,28.055661377,0.587562845,0.589567712
051201030103,2016,45.948648347,0.728342055,0.624010821
051201030103,2017,31.559122896,0.56494381,0.612864536
051201030103,2018,34.676960063,0.648307952,0.605814723
051201030103,2019,29.358955656,0.708658118,0.580155684
