huc12_id,year,pscutot_mgd
070300010905,2010,0.003084826
070300010905,2011,0.003096387
070300010905,2012,0.003972791
070300010905,2013,0.003480204
070300010905,2014,0.003270975
070300010905,2015,0.003762832
070300010905,2016,0.003570354
070300010905,2017,0.003298402
070300010905,2018,0.003133377
070300010905,2019,0.003452129
070300010905,2020,0.003268921
070300010906,2010,0.0
070300010906,2011,0.0
070300010906,2012,0.0
070300010906,2013,0.0
070300010906,2014,0.0
070300010906,2015,0.0
070300010906,2016,0.0
070300010906,2017,0.0
070300010906,2018,0.0
070300010906,2019,0.0
070300010906,2020,0.0
070300011201,2010,0.0
070300011201,2011,0.0
070300011201,2012,0.0
070300011201,2013,0.0
070300011201,2014,0.0
070300011201,2015,0.0
070300011201,2016,0.0
070300011201,2017,0.0
070300011201,2018,0.0
070300011201,2019,0.0
070300011201,2020,0.0
070300011202,2010,0.0
070300011202,2011,0.0
070300011202,2012,0.0
070300011202,2013,0.0
070300011202,2014,0.0
070300011202,2015,0.0
070300011202,2016,0.0
070300011202,2017,0.0
070300011202,2018,0.0
070300011202,2019,0.0
070300011202,2020,0.0
070300011203,2010,0.000902557
070300011203,2011,0.001144167
070300011203,2012,0.001380999
070300011203,2013,0.001228955
070300011203,2014,0.001033285
070300011203,2015,0.001160476
070300011203,2016,0.001083245
070300011203,2017,0.001066056
070300011203,2018,0.001004945
070300011203,2019,0.001039068
070300011203,2020,0.001076762
070300011205,2010,0.0
070300011205,2011,0.0
070300011205,2012,0.0
070300011205,2013,0.0
070300011205,2014,0.0
070300011205,2015,0.0
070300011205,2016,0.0
070300011205,2017,0.0
070300011205,2018,0.0
070300011205,2019,0.0
070300011205,2020,0.0
070300020101,2010,0.0
070300020101,2011,0.0
070300020101,2012,0.0
070300020101,2013,0.0
070300020101,2014,0.0
070300020101,2015,0.0
070300020101,2016,0.0
070300020101,2017,0.0
070300020101,2018,0.0
070300020101,2019,0.0
070300020101,2020,0.0
070300020102,2010,0.0
070300020102,2011,0.0
070300020102,2012,0.0
070300020102,2013,0.0
070300020102,2014,0.0
070300020102,2015,0.0
070300020102,2016,0.0
070300020102,2017,0.0
070300020102,2018,0.0
070300020102,2019,0.0
070300020102,2020,0.0
070300020103,2010,0.0
070300020103,2011,0.0
070300020103,2012,0.0
070300020103,2013,0.0
070300020103,2014,0.0
070300020103,2015,0.0
070300020103,2016,0.0
070300020103,2017,0.0
070300020103,2018,0.0
070300020103,2019,0.0
070300020103,2020,0.0
070300020104,2010,0.0
070300020104,2011,0.0
070300020104,2012,0.0
070300020104,2013,0.0
070300020104,2014,0.0
070300020104,2015,0.0
070300020104,2016,0.0
070300020104,2017,0.0
070300020104,2018,0.0
070300020104,2019,0.0
070300020104,2020,0.0
070300020105,2010,0.0
070300020105,2011,0.0
070300020105,2012,0.0
070300020105,2013,0.0
070300020105,2014,0.0
070300020105,2015,0.0
070300020105,2016,0.0
070300020105,2017,0.0
070300020105,2018,0.0
070300020105,2019,0.0
070300020105,2020,0.0
070300020106,2010,0.008457486
070300020106,2011,0.008534866
070300020106,2012,0.010298537
070300020106,2013,0.009844725
070300020106,2014,0.00817995
070300020106,2015,0.008916812
070300020106,2016,0.008274439
070300020106,2017,0.007128737
070300020106,2018,0.007163291
070300020106,2019,0.00753548
070300020106,2020,0.007981354
070300020201,2010,0.0
070300020201,2011,0.0
070300020201,2012,0.0
070300020201,2013,0.0
070300020201,2014,0.0
070300020201,2015,0.0
070300020201,2016,0.0
070300020201,2017,0.0
070300020201,2018,0.0
070300020201,2019,0.0
070300020201,2020,0.0
070300020202,2010,0.005708574
070300020202,2011,0.005760803
070300020202,2012,0.006951233
070300020202,2013,0.006644923
070300020202,2014,0.005521244
070300020202,2015,0.006018607
070300020202,2016,0.005585022
070300020202,2017,0.004811704
070300020202,2018,0.004835028
070300020202,2019,0.005086245
070300020202,2020,0.005387198
070300020203,2010,0.000553737
070300020203,2011,0.000584138
070300020203,2012,0.000726883
070300020203,2013,0.000633947
070300020203,2014,0.000533054
070300020203,2015,0.000599298
070300020203,2016,0.000568025
070300020203,2017,0.000542822
070300020203,2018,0.000654563
070300020203,2019,0.000687897
070300020203,2020,0.000717734
070300020204,2010,0.0
070300020204,2011,0.0
070300020204,2012,0.0
070300020204,2013,0.0
070300020204,2014,0.0
070300020204,2015,0.0
070300020204,2016,0.0
070300020204,2017,0.0
070300020204,2018,0.0
070300020204,2019,0.0
070300020204,2020,0.0
070300020205,2010,0.0
070300020205,2011,0.0
070300020205,2012,0.0
070300020205,2013,0.0
070300020205,2014,0.0
070300020205,2015,0.0
070300020205,2016,0.0
070300020205,2017,0.0
070300020205,2018,0.0
070300020205,2019,0.0
070300020205,2020,0.0
070300020206,2010,0.0
070300020206,2011,0.0
070300020206,2012,0.0
070300020206,2013,0.0
070300020206,2014,0.0
070300020206,2015,0.0
070300020206,2016,0.0
070300020206,2017,0.0
070300020206,2018,0.0
070300020206,2019,0.0
070300020206,2020,0.0
070300020207,2010,0.0
070300020207,2011,0.0
070300020207,2012,0.0
070300020207,2013,0.0
070300020207,2014,0.0
070300020207,2015,0.0
070300020207,2016,0.0
070300020207,2017,0.0
070300020207,2018,0.0
070300020207,2019,0.0
070300020207,2020,0.0
070300020301,2010,0.0
070300020301,2011,0.0
070300020301,2012,0.0
070300020301,2013,0.0
070300020301,2014,0.0
070300020301,2015,0.0
070300020301,2016,0.0
070300020301,2017,0.0
070300020301,2018,0.0
070300020301,2019,0.0
070300020301,2020,0.0
070300020302,2010,0.0
070300020302,2011,0.0
070300020302,2012,0.0
070300020302,2013,0.0
070300020302,2014,0.0
070300020302,2015,0.0
070300020302,2016,0.0
070300020302,2017,0.0
070300020302,2018,0.0
070300020302,2019,0.0
070300020302,2020,0.0
070300020303,2010,0.0
070300020303,2011,0.0
070300020303,2012,0.0
070300020303,2013,0.0
070300020303,2014,0.0
070300020303,2015,0.0
070300020303,2016,0.0
070300020303,2017,0.0
070300020303,2018,0.0
070300020303,2019,0.0
070300020303,2020,0.0
070300020304,2010,0.0
070300020304,2011,0.0
070300020304,2012,0.0
070300020304,2013,0.0
070300020304,2014,0.0
070300020304,2015,0.0
070300020304,2016,0.0
070300020304,2017,0.0
070300020304,2018,0.0
070300020304,2019,0.0
070300020304,2020,0.0
070300020305,2010,0.0
070300020305,2011,0.0
070300020305,2012,0.0
070300020305,2013,0.0
070300020305,2014,0.0
070300020305,2015,0.0
070300020305,2016,0.0
070300020305,2017,0.0
070300020305,2018,0.0
070300020305,2019,0.0
070300020305,2020,0.0
070300020306,2010,0.0
070300020306,2011,0.0
070300020306,2012,0.0
070300020306,2013,0.0
070300020306,2014,0.0
070300020306,2015,0.0
070300020306,2016,0.0
070300020306,2017,0.0
070300020306,2018,0.0
070300020306,2019,0.0
070300020306,2020,0.0
070300020307,2010,0.004422401
070300020307,2011,0.004551169
070300020307,2012,0.005480595
070300020307,2013,0.005016799
070300020307,2014,0.004280535
070300020307,2015,0.004826324
070300020307,2016,0.004364268
070300020307,2017,0.003884431
070300020307,2018,0.004131904
070300020307,2019,0.003991203
070300020307,2020,0.004832897
070300020308,2010,0.0
070300020308,2011,0.0
070300020308,2012,0.0
070300020308,2013,0.0
070300020308,2014,0.0
070300020308,2015,0.0
070300020308,2016,0.0
070300020308,2017,0.0
070300020308,2018,0.0
070300020308,2019,0.0
070300020308,2020,0.0
070300020309,2010,0.0
070300020309,2011,0.0
070300020309,2012,0.0
070300020309,2013,0.0
070300020309,2014,0.0
070300020309,2015,0.0
070300020309,2016,0.0
070300020309,2017,0.0
070300020309,2018,0.0
070300020309,2019,0.0
070300020309,2020,0.0
070300020310,2010,0.0
070300020310,2011,0.0
070300020310,2012,0.0
070300020310,2013,0.0
070300020310,2014,0.0
070300020310,2015,0.0
070300020310,2016,0.0
070300020310,2017,0.0
070300020310,2018,0.0
070300020310,2019,0.0
070300020310,2020,0.0
070300020311,2010,0.0
070300020311,2011,0.0
070300020311,2012,0.0
070300020311,2013,0.0
070300020311,2014,0.0
070300020311,2015,0.0
070300020311,2016,0.0
070300020311,2017,0.0
070300020311,2018,0.0
070300020311,2019,0.0
070300020311,2020,0.0
070300020401,2010,0.0
070300020401,2011,0.0
070300020401,2012,0.0
070300020401,2013,0.0
070300020401,2014,0.0
070300020401,2015,0.0
070300020401,2016,0.0
070300020401,2017,0.0
070300020401,2018,0.0
070300020401,2019,0.0
070300020401,2020,0.0
070300020402,2010,0.0
070300020402,2011,0.0
070300020402,2012,0.0
070300020402,2013,0.0
070300020402,2014,0.0
070300020402,2015,0.0
070300020402,2016,0.0
070300020402,2017,0.0
070300020402,2018,0.0
070300020402,2019,0.0
070300020402,2020,0.0
070300020403,2010,0.0
070300020403,2011,0.0
070300020403,2012,0.0
070300020403,2013,0.0
070300020403,2014,0.0
070300020403,2015,0.0
070300020403,2016,0.0
070300020403,2017,0.0
070300020403,2018,0.0
070300020403,2019,0.0
070300020403,2020,0.0
070300020404,2010,0.0
070300020404,2011,0.0
070300020404,2012,0.0
070300020404,2013,0.0
070300020404,2014,0.0
070300020404,2015,0.0
070300020404,2016,0.0
070300020404,2017,0.0
070300020404,2018,0.0
070300020404,2019,0.0
070300020404,2020,0.0
070300020405,2010,0.0
070300020405,2011,0.0
070300020405,2012,0.0
070300020405,2013,0.0
070300020405,2014,0.0
070300020405,2015,0.0
070300020405,2016,0.0
070300020405,2017,0.0
070300020405,2018,0.0
070300020405,2019,0.0
070300020405,2020,0.0
070300020406,2010,0.0
070300020406,2011,0.0
070300020406,2012,0.0
070300020406,2013,0.0
070300020406,2014,0.0
070300020406,2015,0.0
070300020406,2016,0.0
070300020406,2017,0.0
070300020406,2018,0.0
070300020406,2019,0.0
070300020406,2020,0.0
070300020407,2010,0.0
070300020407,2011,0.0
070300020407,2012,0.0
070300020407,2013,0.0
070300020407,2014,0.0
070300020407,2015,0.0
070300020407,2016,0.0
070300020407,2017,0.0
070300020407,2018,0.0
070300020407,2019,0.0
070300020407,2020,0.0
070300050101,2010,0.001901586
070300050101,2011,0.001888319
070300050101,2012,0.00336104
070300050101,2013,0.002514555
070300050101,2014,0.003018601
070300050101,2015,0.003147095
070300050101,2016,0.002205661
070300050101,2017,0.002073875
070300050101,2018,0.001863823
070300050101,2019,0.001791068
070300050101,2020,0.001805579
070300050102,2010,0.0
070300050102,2011,0.0
070300050102,2012,0.0
070300050102,2013,0.0
070300050102,2014,0.0
070300050102,2015,0.0
070300050102,2016,0.0
070300050102,2017,0.0
070300050102,2018,0.0
070300050102,2019,0.0
070300050102,2020,0.0
070300050103,2010,0.0
070300050103,2011,0.0
070300050103,2012,0.0
070300050103,2013,0.0
070300050103,2014,0.0
070300050103,2015,0.0
070300050103,2016,0.0
070300050103,2017,0.0
070300050103,2018,0.0
070300050103,2019,0.0
070300050103,2020,0.0
070300050104,2010,0.00990026
070300050104,2011,0.010490046
070300050104,2012,0.012944743
070300050104,2013,0.011821877
070300050104,2014,0.010423197
070300050104,2015,0.010823732
070300050104,2016,0.010627613
070300050104,2017,0.010471736
070300050104,2018,0.009385248
070300050104,2019,0.009107939
070300050104,2020,0.009396849
070300050201,2010,0.0
070300050201,2011,0.0
070300050201,2012,0.0
070300050201,2013,0.0
070300050201,2014,0.0
070300050201,2015,0.0
070300050201,2016,0.0
070300050201,2017,0.0
070300050201,2018,0.0
070300050201,2019,0.0
070300050201,2020,0.0
070300050207,2010,0.0
070300050207,2011,0.0
070300050207,2012,0.0
070300050207,2013,0.0
070300050207,2014,0.0
070300050207,2015,0.0
070300050207,2016,0.0
070300050207,2017,0.0
070300050207,2018,0.0
070300050207,2019,0.0
070300050207,2020,0.0
070300050501,2010,0.011207914
070300050501,2011,0.010609146
070300050501,2012,0.015511562
070300050501,2013,0.012569088
070300050501,2014,0.012480114
070300050501,2015,0.013869916
070300050501,2016,0.011349372
070300050501,2017,0.0109272
070300050501,2018,0.010011603
070300050501,2019,0.009926403
070300050501,2020,0.010619992
070300050502,2010,0.0
070300050502,2011,0.0
070300050502,2012,0.0
070300050502,2013,0.0
070300050502,2014,0.0
070300050502,2015,0.0
070300050502,2016,0.0
070300050502,2017,0.0
070300050502,2018,0.0
070300050502,2019,0.0
070300050502,2020,0.0
070300050503,2010,0.0
070300050503,2011,0.0
070300050503,2012,0.0
070300050503,2013,0.0
070300050503,2014,0.0
070300050503,2015,0.0
070300050503,2016,0.0
070300050503,2017,0.0
070300050503,2018,0.0
070300050503,2019,0.0
070300050503,2020,0.0
070300050504,2010,0.0
070300050504,2011,0.0
070300050504,2012,0.0
070300050504,2013,0.0
070300050504,2014,0.0
070300050504,2015,0.0
070300050504,2016,0.0
070300050504,2017,0.0
070300050504,2018,0.0
070300050504,2019,0.0
070300050504,2020,0.0
070300050505,2010,0.0
070300050505,2011,0.0
070300050505,2012,0.0
070300050505,2013,0.0
070300050505,2014,0.0
070300050505,2015,0.0
070300050505,2016,0.0
070300050505,2017,0.0
070300050505,2018,0.0
070300050505,2019,0.0
070300050505,2020,0.0
070300050601,2010,0.0
070300050601,2011,0.0
070300050601,2012,0.0
070300050601,2013,0.0
070300050601,2014,0.0
070300050601,2015,0.0
070300050601,2016,0.0
070300050601,2017,0.0
070300050601,2018,0.0
070300050601,2019,0.0
070300050601,2020,0.0
070300050602,2010,0.0
070300050602,2011,0.0
070300050602,2012,0.0
070300050602,2013,0.0
070300050602,2014,0.0
070300050602,2015,0.0
070300050602,2016,0.0
070300050602,2017,0.0
070300050602,2018,0.0
070300050602,2019,0.0
070300050602,2020,0.0
070300050604,2010,0.0
070300050604,2011,0.0
070300050604,2012,0.0
070300050604,2013,0.0
070300050604,2014,0.0
070300050604,2015,0.0
070300050604,2016,0.0
070300050604,2017,0.0
070300050604,2018,0.0
070300050604,2019,0.0
070300050604,2020,0.0
070300050605,2010,0.016229095
070300050605,2011,0.016730232
070300050605,2012,0.021832462
070300050605,2013,0.017483147
070300050605,2014,0.015005111
070300050605,2015,0.016611053
070300050605,2016,0.01619708
070300050605,2017,0.015301977
070300050605,2018,0.015529966
070300050605,2019,0.014436992
070300050605,2020,0.015230242
070300050701,2010,0.0
070300050701,2011,0.0
070300050701,2012,0.0
070300050701,2013,0.0
070300050701,2014,0.0
070300050701,2015,0.0
070300050701,2016,0.0
070300050701,2017,0.0
070300050701,2018,0.0
070300050701,2019,0.0
070300050701,2020,0.0
070300050702,2010,0.0
070300050702,2011,0.0
070300050702,2012,0.0
070300050702,2013,0.0
070300050702,2014,0.0
070300050702,2015,0.0
070300050702,2016,0.0
070300050702,2017,0.0
070300050702,2018,0.0
070300050702,2019,0.0
070300050702,2020,0.0
070300050703,2010,0.0
070300050703,2011,0.0
070300050703,2012,0.0
070300050703,2013,0.0
070300050703,2014,0.0
070300050703,2015,0.0
070300050703,2016,0.0
070300050703,2017,0.0
070300050703,2018,0.0
070300050703,2019,0.0
070300050703,2020,0.0
070300050704,2010,0.0
070300050704,2011,0.0
070300050704,2012,0.0
070300050704,2013,0.0
070300050704,2014,0.0
070300050704,2015,0.0
070300050704,2016,0.0
070300050704,2017,0.0
070300050704,2018,0.0
070300050704,2019,0.0
070300050704,2020,0.0
070300050705,2010,0.006320732
070300050705,2011,0.007099341
070300050705,2012,0.009667557
070300050705,2013,0.007772417
070300050705,2014,0.006660022
070300050705,2015,0.007125268
070300050705,2016,0.00696659
070300050705,2017,0.00616363
070300050705,2018,0.005900342
070300050705,2019,0.005883484
070300050705,2020,0.005298925
070300050706,2010,0.000672476
070300050706,2011,0.000750757
070300050706,2012,0.001036268
070300050706,2013,0.000826177
070300050706,2014,0.000709013
070300050706,2015,0.000756684
070300050706,2016,0.000727639
070300050706,2017,0.00065137
070300050706,2018,0.000604992
070300050706,2019,0.000606086
070300050706,2020,0.000542596
070300050707,2010,0.003385338
070300050707,2011,0.003433492
070300050707,2012,0.004627088
070300050707,2013,0.003752499
070300050707,2014,0.003289029
070300050707,2015,0.003649815
070300050707,2016,0.003545902
070300050707,2017,0.00338735
070300050707,2018,0.003394936
070300050707,2019,0.003269148
070300050707,2020,0.003368146
070300050708,2010,0.010313674
070300050708,2011,0.010518821
070300050708,2012,0.014156075
070300050708,2013,0.01145377
070300050708,2014,0.010032077
070300050708,2015,0.011097216
070300050708,2016,0.010745603
070300050708,2017,0.010362116
070300050708,2018,0.010383223
070300050708,2019,0.010008835
070300050708,2020,0.010319814
070300050801,2010,0.012833337
070300050801,2011,0.013281555
070300050801,2012,0.016946333
070300050801,2013,0.014016449
070300050801,2014,0.013534383
070300050801,2015,0.015456247
070300050801,2016,0.014070055
070300050801,2017,0.014039675
070300050801,2018,0.01316996
070300050801,2019,0.012570888
070300050801,2020,0.012704801
070300050802,2010,0.005938374
070300050802,2011,0.006004383
070300050802,2012,0.007901251
070300050802,2013,0.00650099
070300050802,2014,0.005684139
070300050802,2015,0.006281358
070300050802,2016,0.006059223
070300050802,2017,0.005816938
070300050802,2018,0.005766631
070300050802,2019,0.005602111
070300050802,2020,0.005797348
070300050803,2010,0.0
070300050803,2011,0.0
070300050803,2012,0.0
070300050803,2013,0.0
070300050803,2014,0.0
070300050803,2015,0.0
070300050803,2016,0.0
070300050803,2017,0.0
070300050803,2018,0.0
070300050803,2019,0.0
070300050803,2020,0.0
070300050804,2010,0.000192363
070300050804,2011,0.000198792
070300050804,2012,0.000260339
070300050804,2013,0.000206996
070300050804,2014,0.000176776
070300050804,2015,0.000195639
070300050804,2016,0.000193535
070300050804,2017,0.000182205
070300050804,2018,0.000186727
070300050804,2019,0.000170797
070300050804,2020,0.000179602
070300050805,2010,0.0
070300050805,2011,0.0
070300050805,2012,0.0
070300050805,2013,0.0
070300050805,2014,0.0
070300050805,2015,0.0
070300050805,2016,0.0
070300050805,2017,0.0
070300050805,2018,0.0
070300050805,2019,0.0
070300050805,2020,0.0
070300050806,2010,1.8989e-05
070300050806,2011,2.0615e-05
070300050806,2012,3.1288e-05
070300050806,2013,2.3312e-05
070300050806,2014,2.0858e-05
070300050806,2015,2.2329e-05
070300050806,2016,2.1271e-05
070300050806,2017,2.0531e-05
070300050806,2018,1.9232e-05
070300050806,2019,1.8831e-05
070300050806,2020,1.9792e-05
070300050807,2010,0.004508914
070300050807,2011,0.004821705
070300050807,2012,0.007141464
070300050807,2013,0.005413241
070300050807,2014,0.00482265
070300050807,2015,0.005201792
070300050807,2016,0.004976104
070300050807,2017,0.00479231
070300050807,2018,0.004556361
070300050807,2019,0.004444715
070300050807,2020,0.004651066
070300050808,2010,0.0
070300050808,2011,0.0
070300050808,2012,0.0
070300050808,2013,0.0
070300050808,2014,0.0
070300050808,2015,0.0
070300050808,2016,0.0
070300050808,2017,0.0
070300050808,2018,0.0
070300050808,2019,0.0
070300050808,2020,0.0
070300050809,2010,0.017072012
070300050809,2011,0.017628071
070300050809,2012,0.023587952
070300050809,2013,0.019670179
070300050809,2014,0.016958552
070300050809,2015,0.018714123
070300050809,2016,0.018054106
070300050809,2017,0.017600512
070300050809,2018,0.016653509
070300050809,2019,0.016644571
070300050809,2020,0.017529786
070300050902,2010,0.05859227
070300050902,2011,0.061414169
070300050902,2012,0.081693448
070300050902,2013,0.066161586
070300050902,2014,0.058149694
070300050902,2015,0.063160356
070300050902,2016,0.059254349
070300050902,2017,0.057941509
070300050902,2018,0.055623685
070300050902,2019,0.054175659
070300050902,2020,0.058997877
070300050903,2010,0.001151502
070300050903,2011,0.001212878
070300050903,2012,0.001635388
070300050903,2013,0.001324602
070300050903,2014,0.001137885
070300050903,2015,0.001270325
070300050903,2016,0.001194924
070300050903,2017,0.001181003
070300050903,2018,0.001120349
070300050903,2019,0.001099254
070300050903,2020,0.001220483
070300050904,2010,0.0
070300050904,2011,0.0
070300050904,2012,0.0
070300050904,2013,0.0
070300050904,2014,0.0
070300050904,2015,0.0
070300050904,2016,0.0
070300050904,2017,0.0
070300050904,2018,0.0
070300050904,2019,0.0
070300050904,2020,0.0
070300050905,2010,0.0
070300050905,2011,0.0
070300050905,2012,0.0
070300050905,2013,0.0
070300050905,2014,0.0
070300050905,2015,0.0
070300050905,2016,0.0
070300050905,2017,0.0
070300050905,2018,0.0
070300050905,2019,0.0
070300050905,2020,0.0
070300050908,2010,0.126183355
070300050908,2011,0.133417738
070300050908,2012,0.175939455
070300050908,2013,0.147850681
070300050908,2014,0.130747113
070300050908,2015,0.146067595
070300050908,2016,0.136650263
070300050908,2017,0.135037669
070300050908,2018,0.128452346
070300050908,2019,0.120982215
070300050908,2020,0.131894023
070300051001,2010,0.006470535
070300051001,2011,0.00694276
070300051001,2012,0.009229849
070300051001,2013,0.00731226
070300051001,2014,0.006363316
070300051001,2015,0.006831574
070300051001,2016,0.006405047
070300051001,2017,0.006749643
070300051001,2018,0.006751099
070300051001,2019,0.006568149
070300051001,2020,0.006818343
070300051002,2010,0.0
070300051002,2011,0.0
070300051002,2012,0.0
070300051002,2013,0.0
070300051002,2014,0.0
070300051002,2015,0.0
070300051002,2016,0.0
070300051002,2017,0.0
070300051002,2018,0.0
070300051002,2019,0.0
070300051002,2020,0.0
070300051003,2010,0.00013116
070300051003,2011,0.000140732
070300051003,2012,0.000187092
070300051003,2013,0.000148221
070300051003,2014,0.000128986
070300051003,2015,0.000138478
070300051003,2016,0.000129832
070300051003,2017,0.000136817
070300051003,2018,0.000136847
070300051003,2019,0.000133138
070300051003,2020,0.00013821
070300051004,2010,0.0
070300051004,2011,0.0
070300051004,2012,0.0
070300051004,2013,0.0
070300051004,2014,0.0
070300051004,2015,0.0
070300051004,2016,0.0
070300051004,2017,0.0
070300051004,2018,0.0
070300051004,2019,0.0
070300051004,2020,0.0
070300051005,2010,0.0
070300051005,2011,0.0
070300051005,2012,0.0
070300051005,2013,0.0
070300051005,2014,0.0
070300051005,2015,0.0
070300051005,2016,0.0
070300051005,2017,0.0
070300051005,2018,0.0
070300051005,2019,0.0
070300051005,2020,0.0
070300051006,2010,0.0
070300051006,2011,0.0
070300051006,2012,0.0
070300051006,2013,0.0
070300051006,2014,0.0
070300051006,2015,0.0
070300051006,2016,0.0
070300051006,2017,0.0
070300051006,2018,0.0
070300051006,2019,0.0
070300051006,2020,0.0
070300051007,2010,0.060793839
070300051007,2011,0.065724896
070300051007,2012,0.093357771
070300051007,2013,0.075255346
070300051007,2014,0.066125572
070300051007,2015,0.072879966
070300051007,2016,0.070689335
070300051007,2017,0.069089301
070300051007,2018,0.068837252
070300051007,2019,0.070913473
070300051007,2020,0.074789992
070300051008,2010,0.093991957
070300051008,2011,0.09805021
070300051008,2012,0.135860712
070300051008,2013,0.110393486
070300051008,2014,0.092358226
070300051008,2015,0.103586367
070300051008,2016,0.097605363
070300051008,2017,0.096021946
070300051008,2018,0.090632162
070300051008,2019,0.085035949
070300051008,2020,0.094936679
070300051101,2010,0.013203205
070300051101,2011,0.014201502
070300051101,2012,0.019641728
070300051101,2013,0.014986168
070300051101,2014,0.012670175
070300051101,2015,0.013257034
070300051101,2016,0.01245206
070300051101,2017,0.012431059
070300051101,2018,0.011878566
070300051101,2019,0.011662846
070300051101,2020,0.013746555
070300051102,2010,0.00784716
070300051102,2011,0.008246454
070300051102,2012,0.011265791
070300051102,2013,0.009031706
070300051102,2014,0.007609716
070300051102,2015,0.008281825
070300051102,2016,0.007810556
070300051102,2017,0.007698289
070300051102,2018,0.007061696
070300051102,2019,0.00700147
070300051102,2020,0.007412018
070300051103,2010,0.026283732
070300051103,2011,0.029976036
070300051103,2012,0.041513591
070300051103,2013,0.03166727
070300051103,2014,0.026323769
070300051103,2015,0.029525592
070300051103,2016,0.026874473
070300051103,2017,0.027690002
070300051103,2018,0.026095749
070300051103,2019,0.026495565
070300051103,2020,0.028999179
070300051104,2010,0.039023914
070300051104,2011,0.04449202
070300051104,2012,0.061613607
070300051104,2013,0.047008575
070300051104,2014,0.03907842
070300051104,2015,0.043826602
070300051104,2016,0.03989678
070300051104,2017,0.041100566
070300051104,2018,0.03873037
070300051104,2019,0.039320427
070300051104,2020,0.043030915
070300051105,2010,0.02691677
070300051105,2011,0.030698003
070300051105,2012,0.042513437
070300051105,2013,0.032429969
070300051105,2014,0.026957772
070300051105,2015,0.03023671
070300051105,2016,0.027521738
070300051105,2017,0.02835691
070300051105,2018,0.02672426
070300051105,2019,0.027133705
070300051105,2020,0.029697618
070300051201,2010,0.240613255
070300051201,2011,0.257216486
070300051201,2012,0.346935827
070300051201,2013,0.291922442
070300051201,2014,0.249500487
070300051201,2015,0.274779246
070300051201,2016,0.259654045
070300051201,2017,0.257259072
070300051201,2018,0.249842331
070300051201,2019,0.239886677
070300051201,2020,0.261641523
070300051204,2010,0.0
070300051204,2011,0.0
070300051204,2012,0.0
070300051204,2013,0.0
070300051204,2014,0.0
070300051204,2015,0.0
070300051204,2016,0.0
070300051204,2017,0.0
070300051204,2018,0.0
070300051204,2019,0.0
070300051204,2020,0.0
070300051205,2010,0.19021075
070300051205,2011,0.194539617
070300051205,2012,0.269418979
070300051205,2013,0.218915782
070300051205,2014,0.183297657
070300051205,2015,0.209231792
070300051205,2016,0.197031633
070300051205,2017,0.19392188
070300051205,2018,0.181821888
070300051205,2019,0.1689863
070300051205,2020,0.188506479
070300051206,2010,0.029698248
070300051206,2011,0.030898979
070300051206,2012,0.042916321
070300051206,2013,0.034935897
070300051206,2014,0.029812924
070300051206,2015,0.032944156
070300051206,2016,0.030938802
070300051206,2017,0.030659474
070300051206,2018,0.029154734
070300051206,2019,0.028975271
070300051206,2020,0.031087101
070400010101,2010,0.0
070400010101,2011,0.0
070400010101,2012,0.0
070400010101,2013,0.0
070400010101,2014,0.0
070400010101,2015,0.0
070400010101,2016,0.0
070400010101,2017,0.0
070400010101,2018,0.0
070400010101,2019,0.0
070400010101,2020,0.0
070400010102,2010,0.042257395
070400010102,2011,0.043613844
070400010102,2012,0.06099087
070400010102,2013,0.049669908
070400010102,2014,0.042535185
070400010102,2015,0.046446609
070400010102,2016,0.043536076
070400010102,2017,0.043224965
070400010102,2018,0.041179399
070400010102,2019,0.041102704
070400010102,2020,0.043909869
070400010301,2010,0.000250812
070400010301,2011,0.000250391
070400010301,2012,0.000393901
070400010301,2013,0.000287276
070400010301,2014,0.000257884
070400010301,2015,0.000276856
070400010301,2016,0.000251255
070400010301,2017,0.000238408
070400010301,2018,0.000248977
070400010301,2019,0.000257304
070400010301,2020,0.000274994
070400010302,2010,0.002362916
070400010302,2011,0.002358951
070400010302,2012,0.003710959
070400010302,2013,0.002706446
070400010302,2014,0.002429543
070400010302,2015,0.002608278
070400010302,2016,0.002367087
070400010302,2017,0.002246056
070400010302,2018,0.002345627
070400010302,2019,0.002424071
070400010302,2020,0.002590733
070400010303,2010,0.00653432
070400010303,2011,0.006523356
070400010303,2012,0.01026215
070400010303,2013,0.007484305
070400010303,2014,0.006718569
070400010303,2015,0.007212835
070400010303,2016,0.006545855
070400010303,2017,0.00621116
070400010303,2018,0.006486512
070400010303,2019,0.006703436
070400010303,2020,0.007164319
070400010403,2010,0.098209752
070400010403,2011,0.100699559
070400010403,2012,0.144489061
070400010403,2013,0.11792046
070400010403,2014,0.103849915
070400010403,2015,0.106822426
070400010403,2016,0.097686346
070400010403,2017,0.098983006
070400010403,2018,0.096083312
070400010403,2019,0.09571192
070400010403,2020,0.100436493
070400010501,2010,0.030949411
070400010501,2011,0.032387511
070400010501,2012,0.049037988
070400010501,2013,0.038105821
070400010501,2014,0.032152242
070400010501,2015,0.032835802
070400010501,2016,0.031516071
070400010501,2017,0.030688496
070400010501,2018,0.029746733
070400010501,2019,0.031750555
070400010501,2020,0.034034072
070400010502,2010,0.0
070400010502,2011,0.0
070400010502,2012,0.0
070400010502,2013,0.0
070400010502,2014,0.0
070400010502,2015,0.0
070400010502,2016,0.0
070400010502,2017,0.0
070400010502,2018,0.0
070400010502,2019,0.0
070400010502,2020,0.0
070400010503,2010,0.0
070400010503,2011,0.0
070400010503,2012,0.0
070400010503,2013,0.0
070400010503,2014,0.0
070400010503,2015,0.0
070400010503,2016,0.0
070400010503,2017,0.0
070400010503,2018,0.0
070400010503,2019,0.0
070400010503,2020,0.0
070400010504,2010,0.0
070400010504,2011,0.0
070400010504,2012,0.0
070400010504,2013,0.0
070400010504,2014,0.0
070400010504,2015,0.0
070400010504,2016,0.0
070400010504,2017,0.0
070400010504,2018,0.0
070400010504,2019,0.0
070400010504,2020,0.0
070400010505,2010,0.0
070400010505,2011,0.0
070400010505,2012,0.0
070400010505,2013,0.0
070400010505,2014,0.0
070400010505,2015,0.0
070400010505,2016,0.0
070400010505,2017,0.0
070400010505,2018,0.0
070400010505,2019,0.0
070400010505,2020,0.0
070400010506,2010,0.0
070400010506,2011,0.0
070400010506,2012,0.0
070400010506,2013,0.0
070400010506,2014,0.0
070400010506,2015,0.0
070400010506,2016,0.0
070400010506,2017,0.0
070400010506,2018,0.0
070400010506,2019,0.0
070400010506,2020,0.0
070400010507,2010,0.0
070400010507,2011,0.0
070400010507,2012,0.0
070400010507,2013,0.0
070400010507,2014,0.0
070400010507,2015,0.0
070400010507,2016,0.0
070400010507,2017,0.0
070400010507,2018,0.0
070400010507,2019,0.0
070400010507,2020,0.0
070400010701,2010,0.010914631
070400010701,2011,0.010913985
070400010701,2012,0.017096697
070400010701,2013,0.012522849
070400010701,2014,0.011255705
070400010701,2015,0.012075065
070400010701,2016,0.010957417
070400010701,2017,0.01040983
070400010701,2018,0.010819544
070400010701,2019,0.011159791
070400010701,2020,0.011910893
070400010702,2010,0.0
070400010702,2011,0.0
070400010702,2012,0.0
070400010702,2013,0.0
070400010702,2014,0.0
070400010702,2015,0.0
070400010702,2016,0.0
070400010702,2017,0.0
070400010702,2018,0.0
070400010702,2019,0.0
070400010702,2020,0.0
070400010705,2010,0.039250707
070400010705,2011,0.032965713
070400010705,2012,0.047379145
070400010705,2013,0.036841741
070400010705,2014,0.033686979
070400010705,2015,0.043992323
070400010705,2016,0.039841126
070400010705,2017,0.039816011
070400010705,2018,0.03702348
070400010705,2019,0.029211899
070400010705,2020,0.031251484
070400030101,2010,0.003166783
070400030101,2011,0.003343989
070400030101,2012,0.005045371
070400030101,2013,0.003959802
070400030101,2014,0.003565584
070400030101,2015,0.003889497
070400030101,2016,0.003382065
070400030101,2017,0.003176724
070400030101,2018,0.003088954
070400030101,2019,0.002966388
070400030101,2020,0.003003631
070400030102,2010,0.006969883
070400030102,2011,0.007359902
070400030102,2012,0.011104532
070400030102,2013,0.008715264
070400030102,2014,0.007847616
070400030102,2015,0.008560529
070400030102,2016,0.007443703
070400030102,2017,0.006991761
070400030102,2018,0.006798585
070400030102,2019,0.006528825
070400030102,2020,0.006610794
070400030103,2010,0.003097541
070400030103,2011,0.003267394
070400030103,2012,0.004698154
070400030103,2013,0.00362787
070400030103,2014,0.003361963
070400030103,2015,0.003435845
070400030103,2016,0.003158178
070400030103,2017,0.002942888
070400030103,2018,0.002894418
070400030103,2019,0.002766136
070400030103,2020,0.002807952
070400030104,2010,0.001374747
070400030104,2011,0.001427686
070400030104,2012,0.002052371
070400030104,2013,0.001534766
070400030104,2014,0.001410986
070400030104,2015,0.001396521
070400030104,2016,0.00129415
070400030104,2017,0.001259682
070400030104,2018,0.001238968
070400030104,2019,0.001223976
070400030104,2020,0.001214983
070400030105,2010,0.002517748
070400030105,2011,0.002651082
070400030105,2012,0.003726989
070400030105,2013,0.002847394
070400030105,2014,0.002674192
070400030105,2015,0.002638028
070400030105,2016,0.002495602
070400030105,2017,0.002324721
070400030105,2018,0.002299132
070400030105,2019,0.00219824
070400030105,2020,0.002229962
070400030106,2010,0.009743603
070400030106,2011,0.009558038
070400030106,2012,0.014013197
070400030106,2013,0.010594335
070400030106,2014,0.010223503
070400030106,2015,0.010288854
070400030106,2016,0.009912707
070400030106,2017,0.009379857
070400030106,2018,0.010392144
070400030106,2019,0.009856352
070400030106,2020,0.00976379
070400030107,2010,0.002059286
070400030107,2011,0.002020068
070400030107,2012,0.002961654
070400030107,2013,0.002239086
070400030107,2014,0.002160712
070400030107,2015,0.002174524
070400030107,2016,0.002095026
070400030107,2017,0.00198241
070400030107,2018,0.002196354
070400030107,2019,0.002083115
070400030107,2020,0.002063553
070400030108,2010,0.011148963
070400030108,2011,0.011038992
070400030108,2012,0.016131686
070400030108,2013,0.012174131
070400030108,2014,0.011657367
070400030108,2015,0.011701502
070400030108,2016,0.011207321
070400030108,2017,0.010650287
070400030108,2018,0.011597007
070400030108,2019,0.01106234
070400030108,2020,0.010961689
070400030201,2010,0.0
070400030201,2011,0.0
070400030201,2012,0.0
070400030201,2013,0.0
070400030201,2014,0.0
070400030201,2015,0.0
070400030201,2016,0.0
070400030201,2017,0.0
070400030201,2018,0.0
070400030201,2019,0.0
070400030201,2020,0.0
070400030202,2010,0.0
070400030202,2011,0.0
070400030202,2012,0.0
070400030202,2013,0.0
070400030202,2014,0.0
070400030202,2015,0.0
070400030202,2016,0.0
070400030202,2017,0.0
070400030202,2018,0.0
070400030202,2019,0.0
070400030202,2020,0.0
070400030203,2010,0.0
070400030203,2011,0.0
070400030203,2012,0.0
070400030203,2013,0.0
070400030203,2014,0.0
070400030203,2015,0.0
070400030203,2016,0.0
070400030203,2017,0.0
070400030203,2018,0.0
070400030203,2019,0.0
070400030203,2020,0.0
070400030204,2010,0.0
070400030204,2011,0.0
070400030204,2012,0.0
070400030204,2013,0.0
070400030204,2014,0.0
070400030204,2015,0.0
070400030204,2016,0.0
070400030204,2017,0.0
070400030204,2018,0.0
070400030204,2019,0.0
070400030204,2020,0.0
070400030205,2010,0.001291695
070400030205,2011,0.001282595
070400030205,2012,0.001828839
070400030205,2013,0.001390104
070400030205,2014,0.001312543
070400030205,2015,0.001324821
070400030205,2016,0.00121956
070400030205,2017,0.001142557
070400030205,2018,0.001253256
070400030205,2019,0.001211221
070400030205,2020,0.001266987
070400030401,2010,0.0
070400030401,2011,0.0
070400030401,2012,0.0
070400030401,2013,0.0
070400030401,2014,0.0
070400030401,2015,0.0
070400030401,2016,0.0
070400030401,2017,0.0
070400030401,2018,0.0
070400030401,2019,0.0
070400030401,2020,0.0
070400030402,2010,0.0
070400030402,2011,0.0
070400030402,2012,0.0
070400030402,2013,0.0
070400030402,2014,0.0
070400030402,2015,0.0
070400030402,2016,0.0
070400030402,2017,0.0
070400030402,2018,0.0
070400030402,2019,0.0
070400030402,2020,0.0
070400030403,2010,0.0
070400030403,2011,0.0
070400030403,2012,0.0
070400030403,2013,0.0
070400030403,2014,0.0
070400030403,2015,0.0
070400030403,2016,0.0
070400030403,2017,0.0
070400030403,2018,0.0
070400030403,2019,0.0
070400030403,2020,0.0
070400030404,2010,2.5696e-05
070400030404,2011,2.6241e-05
070400030404,2012,3.8016e-05
070400030404,2013,2.8856e-05
070400030404,2014,2.7621e-05
070400030404,2015,2.7935e-05
070400030404,2016,2.5104e-05
070400030404,2017,2.4795e-05
070400030404,2018,2.6087e-05
070400030404,2019,2.558e-05
070400030404,2020,2.5525e-05
070400030405,2010,0.0
070400030405,2011,0.0
070400030405,2012,0.0
070400030405,2013,0.0
070400030405,2014,0.0
070400030405,2015,0.0
070400030405,2016,0.0
070400030405,2017,0.0
070400030405,2018,0.0
070400030405,2019,0.0
070400030405,2020,0.0
070400030601,2010,0.040942344
070400030601,2011,0.040292111
070400030601,2012,0.058823674
070400030601,2013,0.045914138
070400030601,2014,0.042595884
070400030601,2015,0.043693374
070400030601,2016,0.041301656
070400030601,2017,0.040550284
070400030601,2018,0.038313206
070400030601,2019,0.038694807
070400030601,2020,0.040245966
070400030604,2010,0.005254188
070400030604,2011,0.005217173
070400030604,2012,0.007439112
070400030604,2013,0.005654485
070400030604,2014,0.005338992
070400030604,2015,0.005388935
070400030604,2016,0.004960765
070400030604,2017,0.004647542
070400030604,2018,0.005097831
070400030604,2019,0.004926848
070400030604,2020,0.005153682
070400030605,2010,0.003001052
070400030605,2011,0.003070653
070400030605,2012,0.004373627
070400030605,2013,0.003239175
070400030605,2014,0.004057639
070400030605,2015,0.003179394
070400030605,2016,0.002990443
070400030605,2017,0.00276368
070400030605,2018,0.002679719
070400030605,2019,0.002648671
070400030605,2020,0.002913429
070400030606,2010,0.010906069
070400030606,2011,0.011256878
070400030606,2012,0.01631336
070400030606,2013,0.012303995
070400030606,2014,0.011753759
070400030606,2015,0.011931502
070400030606,2016,0.010710822
070400030606,2017,0.010534258
070400030606,2018,0.010912304
070400030606,2019,0.010700228
070400030606,2020,0.010736508
070400030610,2010,0.142734329
070400030610,2011,0.157226333
070400030610,2012,0.227063409
070400030610,2013,0.167952435
070400030610,2014,0.158056288
070400030610,2015,0.163649701
070400030610,2016,0.145969246
070400030610,2017,0.141220275
070400030610,2018,0.133979128
070400030610,2019,0.1311627
070400030610,2020,0.136649126
070400050101,2010,0.0
070400050101,2011,0.0
070400050101,2012,0.0
070400050101,2013,0.0
070400050101,2014,0.0
070400050101,2015,0.0
070400050101,2016,0.0
070400050101,2017,0.0
070400050101,2018,0.0
070400050101,2019,0.0
070400050101,2020,0.0
070400050102,2010,0.000909148
070400050102,2011,0.000905061
070400050102,2012,0.001376561
070400050102,2013,0.001066932
070400050102,2014,0.001018055
070400050102,2015,0.000939634
070400050102,2016,0.000917553
070400050102,2017,0.000771499
070400050102,2018,0.000704766
070400050102,2019,0.000686294
070400050102,2020,0.000717536
070400050103,2010,0.001146521
070400050103,2011,0.001138169
070400050103,2012,0.001735377
070400050103,2013,0.001339365
070400050103,2014,0.001283025
070400050103,2015,0.001196161
070400050103,2016,0.001155452
070400050103,2017,0.000986333
070400050103,2018,0.000914003
070400050103,2019,0.000887502
070400050103,2020,0.0009325
070400050201,2010,0.0
070400050201,2011,0.0
070400050201,2012,0.0
070400050201,2013,0.0
070400050201,2014,0.0
070400050201,2015,0.0
070400050201,2016,0.0
070400050201,2017,0.0
070400050201,2018,0.0
070400050201,2019,0.0
070400050201,2020,0.0
070400050202,2010,0.0
070400050202,2011,0.0
070400050202,2012,0.0
070400050202,2013,0.0
070400050202,2014,0.0
070400050202,2015,0.0
070400050202,2016,0.0
070400050202,2017,0.0
070400050202,2018,0.0
070400050202,2019,0.0
070400050202,2020,0.0
070400050203,2010,0.00206043
070400050203,2011,0.002258805
070400050203,2012,0.003254908
070400050203,2013,0.002178573
070400050203,2014,0.002192293
070400050203,2015,0.002087593
070400050203,2016,0.001958554
070400050203,2017,0.00192846
070400050203,2018,0.001889164
070400050203,2019,0.001827355
070400050203,2020,0.001933501
070400050204,2010,0.001940602
070400050204,2011,0.002176733
070400050204,2012,0.003182759
070400050204,2013,0.00226195
070400050204,2014,0.002202766
070400050204,2015,0.002298862
070400050204,2016,0.002129465
070400050204,2017,0.002088068
070400050204,2018,0.002050178
070400050204,2019,0.002000309
070400050204,2020,0.002056804
070400050205,2010,0.000208219
070400050205,2011,0.000233555
070400050205,2012,0.000341498
070400050205,2013,0.000242698
070400050205,2014,0.000236348
070400050205,2015,0.000246659
070400050205,2016,0.000228483
070400050205,2017,0.000224042
070400050205,2018,0.000219976
070400050205,2019,0.000214625
070400050205,2020,0.000220687
070400050206,2010,0.004389203
070400050206,2011,0.004598522
070400050206,2012,0.006875106
070400050206,2013,0.005016315
070400050206,2014,0.004777234
070400050206,2015,0.004794769
070400050206,2016,0.00423246
070400050206,2017,0.004921045
070400050206,2018,0.004531263
070400050206,2019,0.003840672
070400050206,2020,0.004172586
070400050207,2010,0.005221899
070400050207,2011,0.005466916
070400050207,2012,0.008176439
070400050207,2013,0.005967137
070400050207,2014,0.005684855
070400050207,2015,0.0057058
070400050207,2016,0.005037107
070400050207,2017,0.005845718
070400050207,2018,0.005387527
070400050207,2019,0.004571816
070400050207,2020,0.004966777
070400050301,2010,0.0
070400050301,2011,0.0
070400050301,2012,0.0
070400050301,2013,0.0
070400050301,2014,0.0
070400050301,2015,0.0
070400050301,2016,0.0
070400050301,2017,0.0
070400050301,2018,0.0
070400050301,2019,0.0
070400050301,2020,0.0
070400050302,2010,0.0
070400050302,2011,0.0
070400050302,2012,0.0
070400050302,2013,0.0
070400050302,2014,0.0
070400050302,2015,0.0
070400050302,2016,0.0
070400050302,2017,0.0
070400050302,2018,0.0
070400050302,2019,0.0
070400050302,2020,0.0
070400050303,2010,0.0
070400050303,2011,0.0
070400050303,2012,0.0
070400050303,2013,0.0
070400050303,2014,0.0
070400050303,2015,0.0
070400050303,2016,0.0
070400050303,2017,0.0
070400050303,2018,0.0
070400050303,2019,0.0
070400050303,2020,0.0
070400050304,2010,0.003315816
070400050304,2011,0.003635069
070400050304,2012,0.005083005
070400050304,2013,0.003635023
070400050304,2014,0.003594056
070400050304,2015,0.003641774
070400050304,2016,0.003377284
070400050304,2017,0.003238569
070400050304,2018,0.003151597
070400050304,2019,0.00315644
070400050304,2020,0.003277466
070400050401,2010,0.010939682
070400050401,2011,0.010697604
070400050401,2012,0.016528062
070400050401,2013,0.012307658
070400050401,2014,0.012162661
070400050401,2015,0.012229155
070400050401,2016,0.010914487
070400050401,2017,0.010417802
070400050401,2018,0.010576971
070400050401,2019,0.010114317
070400050401,2020,0.010933827
070400050402,2010,0.0
070400050402,2011,0.0
070400050402,2012,0.0
070400050402,2013,0.0
070400050402,2014,0.0
070400050402,2015,0.0
070400050402,2016,0.0
070400050402,2017,0.0
070400050402,2018,0.0
070400050402,2019,0.0
070400050402,2020,0.0
070400050403,2010,0.001636478
070400050403,2011,0.001799015
070400050403,2012,0.002509581
070400050403,2013,0.00179281
070400050403,2014,0.001772629
070400050403,2015,0.001796529
070400050403,2016,0.001667691
070400050403,2017,0.001599379
070400050403,2018,0.001554742
070400050403,2019,0.001558971
070400050403,2020,0.001617088
070400050404,2010,0.009056871
070400050404,2011,0.009547199
070400050404,2012,0.014277541
070400050404,2013,0.01086332
070400050404,2014,0.010699156
070400050404,2015,0.011417573
070400050404,2016,0.010630749
070400050404,2017,0.010081371
070400050404,2018,0.009426663
070400050404,2019,0.009384236
070400050404,2020,0.009609159
070400050405,2010,0.003209567
070400050405,2011,0.003386881
070400050405,2012,0.005056291
070400050405,2013,0.003841565
070400050405,2014,0.003783845
070400050405,2015,0.004033349
070400050405,2016,0.003755155
070400050405,2017,0.003561954
070400050405,2018,0.003333478
070400050405,2019,0.003319014
070400050405,2020,0.003399562
070400050501,2010,0.006750652
070400050501,2011,0.007116125
070400050501,2012,0.010641945
070400050501,2013,0.008097112
070400050501,2014,0.00797475
070400050501,2015,0.008510232
070400050501,2016,0.007923762
070400050501,2017,0.007514277
070400050501,2018,0.007026281
070400050501,2019,0.006994658
070400050501,2020,0.007162308
070400050502,2010,0.0
070400050502,2011,0.0
070400050502,2012,0.0
070400050502,2013,0.0
070400050502,2014,0.0
070400050502,2015,0.0
070400050502,2016,0.0
070400050502,2017,0.0
070400050502,2018,0.0
070400050502,2019,0.0
070400050502,2020,0.0
070400050503,2010,0.0
070400050503,2011,0.0
070400050503,2012,0.0
070400050503,2013,0.0
070400050503,2014,0.0
070400050503,2015,0.0
070400050503,2016,0.0
070400050503,2017,0.0
070400050503,2018,0.0
070400050503,2019,0.0
070400050503,2020,0.0
070400050504,2010,0.000476514
070400050504,2011,0.00057333
070400050504,2012,0.000723017
070400050504,2013,0.00054719
070400050504,2014,0.000513261
070400050504,2015,0.000517807
070400050504,2016,0.000478238
070400050504,2017,0.000464062
070400050504,2018,0.000504051
070400050504,2019,0.0004993
070400050504,2020,0.000518604
070400060101,2010,0.017750387
070400060101,2011,0.01845158
070400060101,2012,0.024731965
070400060101,2013,0.020794631
070400060101,2014,0.020154623
070400060101,2015,0.020785701
070400060101,2016,0.019153095
070400060101,2017,0.01933406
070400060101,2018,0.019794003
070400060101,2019,0.018584366
070400060101,2020,0.020106281
070400060102,2010,0.031600643
070400060102,2011,0.03475612
070400060102,2012,0.055355419
070400060102,2013,0.038947091
070400060102,2014,0.036703311
070400060102,2015,0.038259277
070400060102,2016,0.035884148
070400060102,2017,0.036469543
070400060102,2018,0.036668057
070400060102,2019,0.032455846
070400060102,2020,0.03139772
070400060103,2010,0.174196521
070400060103,2011,0.183613248
070400060103,2012,0.288979536
070400060103,2013,0.206500702
070400060103,2014,0.188259593
070400060103,2015,0.201550838
070400060103,2016,0.185723758
070400060103,2017,0.181110469
070400060103,2018,0.166278914
070400060103,2019,0.160843199
070400060103,2020,0.164176175
070400060201,2010,0.0
070400060201,2011,0.0
070400060201,2012,0.0
070400060201,2013,0.0
070400060201,2014,0.0
070400060201,2015,0.0
070400060201,2016,0.0
070400060201,2017,0.0
070400060201,2018,0.0
070400060201,2019,0.0
070400060201,2020,0.0
070400060202,2010,0.0
070400060202,2011,0.0
070400060202,2012,0.0
070400060202,2013,0.0
070400060202,2014,0.0
070400060202,2015,0.0
070400060202,2016,0.0
070400060202,2017,0.0
070400060202,2018,0.0
070400060202,2019,0.0
070400060202,2020,0.0
070400060203,2010,0.0
070400060203,2011,0.0
070400060203,2012,0.0
070400060203,2013,0.0
070400060203,2014,0.0
070400060203,2015,0.0
070400060203,2016,0.0
070400060203,2017,0.0
070400060203,2018,0.0
070400060203,2019,0.0
070400060203,2020,0.0
070400060204,2010,0.016108896
070400060204,2011,0.017325601
070400060204,2012,0.026022023
070400060204,2013,0.018554203
070400060204,2014,0.016231911
070400060204,2015,0.019441916
070400060204,2016,0.017080319
070400060204,2017,0.01709366
070400060204,2018,0.016096352
070400060204,2019,0.015658475
070400060204,2020,0.016419866
070400060301,2010,0.002149037
070400060301,2011,0.002311354
070400060301,2012,0.003471516
070400060301,2013,0.002475257
070400060301,2014,0.002165448
070400060301,2015,0.002593685
070400060301,2016,0.002278631
070400060301,2017,0.002280411
070400060301,2018,0.002147363
070400060301,2019,0.002088948
070400060301,2020,0.002190522
070400060302,2010,0.016091136
070400060302,2011,0.017306499
070400060302,2012,0.025993333
070400060302,2013,0.018533746
070400060302,2014,0.016214015
070400060302,2015,0.019420481
070400060302,2016,0.017061488
070400060302,2017,0.017074813
070400060302,2018,0.016078605
070400060302,2019,0.015641211
070400060302,2020,0.016401762
070400060303,2010,0.004108439
070400060303,2011,0.004521547
070400060303,2012,0.006769809
070400060303,2013,0.004970824
070400060303,2014,0.004989967
070400060303,2015,0.004804886
070400060303,2016,0.004244944
070400060303,2017,0.004185785
070400060303,2018,0.004121456
070400060303,2019,0.00406874
070400060303,2020,0.004023643
070400060304,2010,7.1043e-05
070400060304,2011,7.6408e-05
070400060304,2012,0.000114761
070400060304,2013,8.1827e-05
070400060304,2014,7.1585e-05
070400060304,2015,8.5742e-05
070400060304,2016,7.5327e-05
070400060304,2017,7.5385e-05
070400060304,2018,7.0987e-05
070400060304,2019,6.9056e-05
070400060304,2020,7.2414e-05
070400060305,2010,0.0
070400060305,2011,0.0
070400060305,2012,0.0
070400060305,2013,0.0
070400060305,2014,0.0
070400060305,2015,0.0
070400060305,2016,0.0
070400060305,2017,0.0
070400060305,2018,0.0
070400060305,2019,0.0
070400060305,2020,0.0
070400060306,2010,0.044149054
070400060306,2011,0.047595581
070400060306,2012,0.071450728
070400060306,2013,0.05117875
070400060306,2014,0.044907293
070400060306,2015,0.053490106
070400060306,2016,0.047007804
070400060306,2017,0.047200792
070400060306,2018,0.044421991
070400060306,2019,0.043253359
070400060306,2020,0.045321212
070400060307,2010,0.001761282
070400060307,2011,0.001986228
070400060307,2012,0.002954455
070400060307,2013,0.002297894
070400060307,2014,0.002120475
070400060307,2015,0.002295141
070400060307,2016,0.002028754
070400060307,2017,0.002158647
070400060307,2018,0.002012233
070400060307,2019,0.001990173
070400060307,2020,0.002057934
070400060308,2010,0.003657493
070400060308,2011,0.00390465
070400060308,2012,0.005842411
070400060308,2013,0.004181744
070400060308,2014,0.004004612
070400060308,2015,0.004135133
070400060308,2016,0.003678076
070400060308,2017,0.003715049
070400060308,2018,0.004245313
070400060308,2019,0.003931177
070400060308,2020,0.003896416
070400060309,2010,0.0
070400060309,2011,0.0
070400060309,2012,0.0
070400060309,2013,0.0
070400060309,2014,0.0
070400060309,2015,0.0
070400060309,2016,0.0
070400060309,2017,0.0
070400060309,2018,0.0
070400060309,2019,0.0
070400060309,2020,0.0
070400060310,2010,0.012841045
070400060310,2011,0.013755236
070400060310,2012,0.020821118
070400060310,2013,0.01501925
070400060310,2014,0.014084186
070400060310,2015,0.014655608
070400060310,2016,0.01314728
070400060310,2017,0.01308213
070400060310,2018,0.0140906
070400060310,2019,0.013108006
070400060310,2020,0.013303069
070400060401,2010,0.000768998
070400060401,2011,0.000805651
070400060401,2012,0.001355754
070400060401,2013,0.001155161
070400060401,2014,0.001099129
070400060401,2015,0.001142957
070400060401,2016,0.000987895
070400060401,2017,0.000972747
070400060401,2018,0.0007624
070400060401,2019,0.000750848
070400060401,2020,0.000790059
070400060402,2010,0.035605303
070400060402,2011,0.038451127
070400060402,2012,0.059801263
070400060402,2013,0.043905069
070400060402,2014,0.039215917
070400060402,2015,0.041557976
070400060402,2016,0.038020678
070400060402,2017,0.036534946
070400060402,2018,0.033619521
070400060402,2019,0.031700334
070400060402,2020,0.034363971
070400060403,2010,0.217435112
070400060403,2011,0.23139071
070400060403,2012,0.349417053
070400060403,2013,0.257834749
070400060403,2014,0.243086762
070400060403,2015,0.256911402
070400060403,2016,0.232284892
070400060403,2017,0.235167304
070400060403,2018,0.211161572
070400060403,2019,0.209809572
070400060403,2020,0.219639959
070400060502,2010,0.641225553
070400060502,2011,0.688254076
070400060502,2012,1.032502688
070400060502,2013,0.768506205
070400060502,2014,0.728982048
070400060502,2015,0.762665556
070400060502,2016,0.687424924
070400060502,2017,0.704472055
070400060502,2018,0.633515332
070400060502,2019,0.634531902
070400060502,2020,0.666902995
070400070101,2010,0.0
070400070101,2011,0.0
070400070101,2012,0.0
070400070101,2013,0.0
070400070101,2014,0.0
070400070101,2015,0.0
070400070101,2016,0.0
070400070101,2017,0.0
070400070101,2018,0.0
070400070101,2019,0.0
070400070101,2020,0.0
070400070102,2010,0.0
070400070102,2011,0.0
070400070102,2012,0.0
070400070102,2013,0.0
070400070102,2014,0.0
070400070102,2015,0.0
070400070102,2016,0.0
070400070102,2017,0.0
070400070102,2018,0.0
070400070102,2019,0.0
070400070102,2020,0.0
070400070103,2010,0.006047788
070400070103,2011,0.006063425
070400070103,2012,0.008369934
070400070103,2013,0.006450728
070400070103,2014,0.005943803
070400070103,2015,0.006349725
070400070103,2016,0.005774951
070400070103,2017,0.005532221
070400070103,2018,0.005402824
070400070103,2019,0.005039967
070400070103,2020,0.005412993
070400070104,2010,0.020169176
070400070104,2011,0.020215137
070400070104,2012,0.027840448
070400070104,2013,0.02153114
070400070104,2014,0.019959396
070400070104,2015,0.021328476
070400070104,2016,0.019397436
070400070104,2017,0.018587773
070400070104,2018,0.018119019
070400070104,2019,0.016882961
070400070104,2020,0.018183903
070400070105,2010,0.0
070400070105,2011,0.0
070400070105,2012,0.0
070400070105,2013,0.0
070400070105,2014,0.0
070400070105,2015,0.0
070400070105,2016,0.0
070400070105,2017,0.0
070400070105,2018,0.0
070400070105,2019,0.0
070400070105,2020,0.0
070400070106,2010,0.001855703
070400070106,2011,0.001859932
070400070106,2012,0.002561513
070400070106,2013,0.001981013
070400070106,2014,0.001836402
070400070106,2015,0.001962367
070400070106,2016,0.001784698
070400070106,2017,0.001710203
070400070106,2018,0.001667075
070400070106,2019,0.001553349
070400070106,2020,0.001673045
070400070201,2010,0.005713949
070400070201,2011,0.005969293
070400070201,2012,0.008909637
070400070201,2013,0.006443624
070400070201,2014,0.005622196
070400070201,2015,0.006078606
070400070201,2016,0.005051575
070400070201,2017,0.00521142
070400070201,2018,0.005848881
070400070201,2019,0.005477031
070400070201,2020,0.00570293
070400070202,2010,0.001980529
070400070202,2011,0.00204835
070400070202,2012,0.003058113
070400070202,2013,0.002496008
070400070202,2014,0.002233354
070400070202,2015,0.002260539
070400070202,2016,0.00210379
070400070202,2017,0.001988893
070400070202,2018,0.001993304
070400070202,2019,0.001915651
070400070202,2020,0.001894046
070400070203,2010,0.006099588
070400070203,2011,0.006043549
070400070203,2012,0.008777157
070400070203,2013,0.0072013
070400070203,2014,0.005920265
070400070203,2015,0.006936965
070400070203,2016,0.006274223
070400070203,2017,0.006617404
070400070203,2018,0.006438853
070400070203,2019,0.005650254
070400070203,2020,0.006200233
070400070301,2010,0.0
070400070301,2011,0.0
070400070301,2012,0.0
070400070301,2013,0.0
070400070301,2014,0.0
070400070301,2015,0.0
070400070301,2016,0.0
070400070301,2017,0.0
070400070301,2018,0.0
070400070301,2019,0.0
070400070301,2020,0.0
070400070302,2010,0.0
070400070302,2011,0.0
070400070302,2012,0.0
070400070302,2013,0.0
070400070302,2014,0.0
070400070302,2015,0.0
070400070302,2016,0.0
070400070302,2017,0.0
070400070302,2018,0.0
070400070302,2019,0.0
070400070302,2020,0.0
070400070303,2010,0.0
070400070303,2011,0.0
070400070303,2012,0.0
070400070303,2013,0.0
070400070303,2014,0.0
070400070303,2015,0.0
070400070303,2016,0.0
070400070303,2017,0.0
070400070303,2018,0.0
070400070303,2019,0.0
070400070303,2020,0.0
070400070304,2010,0.0
070400070304,2011,0.0
070400070304,2012,0.0
070400070304,2013,0.0
070400070304,2014,0.0
070400070304,2015,0.0
070400070304,2016,0.0
070400070304,2017,0.0
070400070304,2018,0.0
070400070304,2019,0.0
070400070304,2020,0.0
070400070305,2010,0.002080461
070400070305,2011,0.002370514
070400070305,2012,0.002924639
070400070305,2013,0.002687007
070400070305,2014,0.002365833
070400070305,2015,0.0027248
070400070305,2016,0.003061577
070400070305,2017,0.002417834
070400070305,2018,0.002488444
070400070305,2019,0.002371451
070400070305,2020,0.002363764
070400070401,2010,0.0
070400070401,2011,0.0
070400070401,2012,0.0
070400070401,2013,0.0
070400070401,2014,0.0
070400070401,2015,0.0
070400070401,2016,0.0
070400070401,2017,0.0
070400070401,2018,0.0
070400070401,2019,0.0
070400070401,2020,0.0
070400070402,2010,0.0
070400070402,2011,0.0
070400070402,2012,0.0
070400070402,2013,0.0
070400070402,2014,0.0
070400070402,2015,0.0
070400070402,2016,0.0
070400070402,2017,0.0
070400070402,2018,0.0
070400070402,2019,0.0
070400070402,2020,0.0
070400070403,2010,0.011049135
070400070403,2011,0.010822283
070400070403,2012,0.015566653
070400070403,2013,0.01176945
070400070403,2014,0.010514003
070400070403,2015,0.011274012
070400070403,2016,0.010148852
070400070403,2017,0.00960772
070400070403,2018,0.009799812
070400070403,2019,0.009159042
070400070403,2020,0.009912687
070400070404,2010,0.0
070400070404,2011,0.0
070400070404,2012,0.0
070400070404,2013,0.0
070400070404,2014,0.0
070400070404,2015,0.0
070400070404,2016,0.0
070400070404,2017,0.0
070400070404,2018,0.0
070400070404,2019,0.0
070400070404,2020,0.0
070400070405,2010,0.00301318
070400070405,2011,0.003138218
070400070405,2012,0.004440888
070400070405,2013,0.003460749
070400070405,2014,0.003101708
070400070405,2015,0.003368618
070400070405,2016,0.003127054
070400070405,2017,0.003041292
070400070405,2018,0.003299756
070400070405,2019,0.003097538
070400070405,2020,0.003507767
070400070501,2010,0.0
070400070501,2011,0.0
070400070501,2012,0.0
070400070501,2013,0.0
070400070501,2014,0.0
070400070501,2015,0.0
070400070501,2016,0.0
070400070501,2017,0.0
070400070501,2018,0.0
070400070501,2019,0.0
070400070501,2020,0.0
070400070502,2010,0.0
070400070502,2011,0.0
070400070502,2012,0.0
070400070502,2013,0.0
070400070502,2014,0.0
070400070502,2015,0.0
070400070502,2016,0.0
070400070502,2017,0.0
070400070502,2018,0.0
070400070502,2019,0.0
070400070502,2020,0.0
070400070503,2010,0.0
070400070503,2011,0.0
070400070503,2012,0.0
070400070503,2013,0.0
070400070503,2014,0.0
070400070503,2015,0.0
070400070503,2016,0.0
070400070503,2017,0.0
070400070503,2018,0.0
070400070503,2019,0.0
070400070503,2020,0.0
070400070601,2010,0.0
070400070601,2011,0.0
070400070601,2012,0.0
070400070601,2013,0.0
070400070601,2014,0.0
070400070601,2015,0.0
070400070601,2016,0.0
070400070601,2017,0.0
070400070601,2018,0.0
070400070601,2019,0.0
070400070601,2020,0.0
070400070602,2010,0.000591667
070400070602,2011,0.000610161
070400070602,2012,0.000866621
070400070602,2013,0.000688336
070400070602,2014,0.000627559
070400070602,2015,0.000655697
070400070602,2016,0.000594012
070400070602,2017,0.000574721
070400070602,2018,0.000555115
070400070602,2019,0.000572321
070400070602,2020,0.000595414
070400070603,2010,0.0
070400070603,2011,0.0
070400070603,2012,0.0
070400070603,2013,0.0
070400070603,2014,0.0
070400070603,2015,0.0
070400070603,2016,0.0
070400070603,2017,0.0
070400070603,2018,0.0
070400070603,2019,0.0
070400070603,2020,0.0
070400070604,2010,0.001807871
070400070604,2011,0.001864381
070400070604,2012,0.002648009
070400070604,2013,0.002103248
070400070604,2014,0.00191754
070400070604,2015,0.002003519
070400070604,2016,0.001815037
070400070604,2017,0.001756091
070400070604,2018,0.001696185
070400070604,2019,0.001748759
070400070604,2020,0.001819319
070400070605,2010,0.001873611
070400070605,2011,0.001932176
070400070605,2012,0.002744301
070400070605,2013,0.00217973
070400070605,2014,0.001987269
070400070605,2015,0.002076374
070400070605,2016,0.001881038
070400070605,2017,0.001819949
070400070605,2018,0.001757864
070400070605,2019,0.00181235
070400070605,2020,0.001885476
070400070606,2010,0.002125617
070400070606,2011,0.00219206
070400070606,2012,0.003113417
070400070606,2013,0.00247291
070400070606,2014,0.002254562
070400070606,2015,0.002355653
070400070606,2016,0.002134043
070400070606,2017,0.002064738
070400070606,2018,0.001994302
070400070606,2019,0.002056116
070400070606,2020,0.002139078
070400070607,2010,0.000558796
070400070607,2011,0.000576263
070400070607,2012,0.000818476
070400070607,2013,0.000650095
070400070607,2014,0.000592694
070400070607,2015,0.000619269
070400070607,2016,0.000561011
070400070607,2017,0.000542792
070400070607,2018,0.000524275
070400070607,2019,0.000540525
070400070607,2020,0.000562335
070400070608,2010,0.000525926
070400070608,2011,0.000542365
070400070608,2012,0.00077033
070400070608,2013,0.000611854
070400070608,2014,0.00055783
070400070608,2015,0.000582842
070400070608,2016,0.000528011
070400070608,2017,0.000510863
070400070608,2018,0.000493436
070400070608,2019,0.00050873
070400070608,2020,0.000529256
070400070701,2010,0.00030679
070400070701,2011,0.00031638
070400070701,2012,0.000449359
070400070701,2013,0.000356915
070400070701,2014,0.000325401
070400070701,2015,0.000339991
070400070701,2016,0.000308006
070400070701,2017,0.000298003
070400070701,2018,0.000287837
070400070701,2019,0.000296759
070400070701,2020,0.000308733
070400070702,2010,7.6698e-05
070400070702,2011,7.9095e-05
070400070702,2012,0.00011234
070400070702,2013,8.9229e-05
070400070702,2014,8.135e-05
070400070702,2015,8.4998e-05
070400070702,2016,7.7002e-05
070400070702,2017,7.4501e-05
070400070702,2018,7.1959e-05
070400070702,2019,7.419e-05
070400070702,2020,7.7183e-05
070400070703,2010,0.0
070400070703,2011,0.0
070400070703,2012,0.0
070400070703,2013,0.0
070400070703,2014,0.0
070400070703,2015,0.0
070400070703,2016,0.0
070400070703,2017,0.0
070400070703,2018,0.0
070400070703,2019,0.0
070400070703,2020,0.0
070400070801,2010,0.000810784
070400070801,2011,0.000840665
070400070801,2012,0.001210898
070400070801,2013,0.000929144
070400070801,2014,0.000916663
070400070801,2015,0.00087793
070400070801,2016,0.000768707
070400070801,2017,0.000706085
070400070801,2018,0.000832224
070400070801,2019,0.000824763
070400070801,2020,0.000848214
070400070802,2010,0.004361443
070400070802,2011,0.004608042
070400070802,2012,0.006771451
070400070802,2013,0.005043262
070400070802,2014,0.004664689
070400070802,2015,0.004527812
070400070802,2016,0.004027139
070400070802,2017,0.003860104
070400070802,2018,0.004059339
070400070802,2019,0.004021691
070400070802,2020,0.004065873
070400070803,2010,0.000435988
070400070803,2011,0.000452055
070400070803,2012,0.000651143
070400070803,2013,0.000499634
070400070803,2014,0.000492922
070400070803,2015,0.000472094
070400070803,2016,0.000413361
070400070803,2017,0.000379687
070400070803,2018,0.000447517
070400070803,2019,0.000443504
070400070803,2020,0.000456115
070400070901,2010,0.00143783
070400070901,2011,0.001448385
070400070901,2012,0.002204631
070400070901,2013,0.001651315
070400070901,2014,0.001481552
070400070901,2015,0.001578656
070400070901,2016,0.001426955
070400070901,2017,0.001336676
070400070901,2018,0.001263031
070400070901,2019,0.001281566
070400070901,2020,0.001261777
070400070902,2010,0.010649941
070400070902,2011,0.01143787
070400070902,2012,0.01666647
070400070902,2013,0.012775053
070400070902,2014,0.011468083
070400070902,2015,0.011789512
070400070902,2016,0.010399698
070400070902,2017,0.010036145
070400070902,2018,0.009914147
070400070902,2019,0.009406417
070400070902,2020,0.010120912
070400070903,2010,0.000109763
070400070903,2011,0.000117892
070400070903,2012,0.000171776
070400070903,2013,0.000131672
070400070903,2014,0.000118201
070400070903,2015,0.000121509
070400070903,2016,0.000107181
070400070903,2017,0.000103438
070400070903,2018,0.000102186
070400070903,2019,9.6945e-05
070400070903,2020,0.00010432
070400070904,2010,0.000262963
070400070904,2011,0.000271183
070400070904,2012,0.000385165
070400070904,2013,0.000305927
070400070904,2014,0.000278915
070400070904,2015,0.000291421
070400070904,2016,0.000264005
070400070904,2017,0.000255431
070400070904,2018,0.000246718
070400070904,2019,0.000254365
070400070904,2020,0.000264628
070400070905,2010,0.003362725
070400070905,2011,0.003611787
070400070905,2012,0.005262577
070400070905,2013,0.00403394
070400070905,2014,0.003621244
070400070905,2015,0.003722582
070400070905,2016,0.003283645
070400070905,2017,0.00316897
070400070905,2018,0.003130612
070400070905,2019,0.002970049
070400070905,2020,0.003195982
070400070906,2010,0.0
070400070906,2011,0.0
070400070906,2012,0.0
070400070906,2013,0.0
070400070906,2014,0.0
070400070906,2015,0.0
070400070906,2016,0.0
070400070906,2017,0.0
070400070906,2018,0.0
070400070906,2019,0.0
070400070906,2020,0.0
070400071001,2010,0.000295631
070400071001,2011,0.000314283
070400071001,2012,0.000472872
070400071001,2013,0.000331823
070400071001,2014,0.000322836
070400071001,2015,0.000333669
070400071001,2016,0.000296935
070400071001,2017,0.00029859
070400071001,2018,0.000284808
070400071001,2019,0.000281178
070400071001,2020,0.000300765
070400071002,2010,0.0
070400071002,2011,0.0
070400071002,2012,0.0
070400071002,2013,0.0
070400071002,2014,0.0
070400071002,2015,0.0
070400071002,2016,0.0
070400071002,2017,0.0
070400071002,2018,0.0
070400071002,2019,0.0
070400071002,2020,0.0
070400071003,2010,0.0
070400071003,2011,0.0
070400071003,2012,0.0
070400071003,2013,0.0
070400071003,2014,0.0
070400071003,2015,0.0
070400071003,2016,0.0
070400071003,2017,0.0
070400071003,2018,0.0
070400071003,2019,0.0
070400071003,2020,0.0
070400071004,2010,0.02548339
070400071004,2011,0.02709119
070400071004,2012,0.040761587
070400071004,2013,0.028603145
070400071004,2014,0.027828471
070400071004,2015,0.028762288
070400071004,2016,0.025595785
070400071004,2017,0.025738491
070400071004,2018,0.024550432
070400071004,2019,0.024237523
070400071004,2020,0.025925921
070400071005,2010,0.0
070400071005,2011,0.0
070400071005,2012,0.0
070400071005,2013,0.0
070400071005,2014,0.0
070400071005,2015,0.0
070400071005,2016,0.0
070400071005,2017,0.0
070400071005,2018,0.0
070400071005,2019,0.0
070400071005,2020,0.0
070400071006,2010,0.0
070400071006,2011,0.0
070400071006,2012,0.0
070400071006,2013,0.0
070400071006,2014,0.0
070400071006,2015,0.0
070400071006,2016,0.0
070400071006,2017,0.0
070400071006,2018,0.0
070400071006,2019,0.0
070400071006,2020,0.0
070400071007,2010,0.0
070400071007,2011,0.0
070400071007,2012,0.0
070400071007,2013,0.0
070400071007,2014,0.0
070400071007,2015,0.0
070400071007,2016,0.0
070400071007,2017,0.0
070400071007,2018,0.0
070400071007,2019,0.0
070400071007,2020,0.0
070400071008,2010,0.0
070400071008,2011,0.0
070400071008,2012,0.0
070400071008,2013,0.0
070400071008,2014,0.0
070400071008,2015,0.0
070400071008,2016,0.0
070400071008,2017,0.0
070400071008,2018,0.0
070400071008,2019,0.0
070400071008,2020,0.0
070400071101,2010,0.000814967
070400071101,2011,0.000822288
070400071101,2012,0.001263023
070400071101,2013,0.000936351
070400071101,2014,0.000926236
070400071101,2015,0.000900337
070400071101,2016,0.000832615
070400071101,2017,0.000807969
070400071101,2018,0.00078777
070400071101,2019,0.000785602
070400071101,2020,0.000820883
070400071102,2010,0.001500116
070400071102,2011,0.001513592
070400071102,2012,0.002324857
070400071102,2013,0.001723549
070400071102,2014,0.001704929
070400071102,2015,0.001657257
070400071102,2016,0.001532602
070400071102,2017,0.001487235
070400071102,2018,0.001450055
070400071102,2019,0.001446064
070400071102,2020,0.001511006
070400071103,2010,0.0
070400071103,2011,0.0
070400071103,2012,0.0
070400071103,2013,0.0
070400071103,2014,0.0
070400071103,2015,0.0
070400071103,2016,0.0
070400071103,2017,0.0
070400071103,2018,0.0
070400071103,2019,0.0
070400071103,2020,0.0
070400071104,2010,0.0090659
070400071104,2011,0.01028769
070400071104,2012,0.015183207
070400071104,2013,0.011345232
070400071104,2014,0.010086431
070400071104,2015,0.010394974
070400071104,2016,0.009252219
070400071104,2017,0.00883959
070400071104,2018,0.007880201
070400071104,2019,0.007708848
070400071104,2020,0.00816878
070400071201,2010,0.0
070400071201,2011,0.0
070400071201,2012,0.0
070400071201,2013,0.0
070400071201,2014,0.0
070400071201,2015,0.0
070400071201,2016,0.0
070400071201,2017,0.0
070400071201,2018,0.0
070400071201,2019,0.0
070400071201,2020,0.0
070400071202,2010,0.0
070400071202,2011,0.0
070400071202,2012,0.0
070400071202,2013,0.0
070400071202,2014,0.0
070400071202,2015,0.0
070400071202,2016,0.0
070400071202,2017,0.0
070400071202,2018,0.0
070400071202,2019,0.0
070400071202,2020,0.0
070400071203,2010,0.003235292
070400071203,2011,0.003388431
070400071203,2012,0.004887565
070400071203,2013,0.003591277
070400071203,2014,0.003513793
070400071203,2015,0.003109521
070400071203,2016,0.002988491
070400071203,2017,0.002906466
070400071203,2018,0.003149829
070400071203,2019,0.00293929
070400071203,2020,0.003054843
070400071204,2010,0.0
070400071204,2011,0.0
070400071204,2012,0.0
070400071204,2013,0.0
070400071204,2014,0.0
070400071204,2015,0.0
070400071204,2016,0.0
070400071204,2017,0.0
070400071204,2018,0.0
070400071204,2019,0.0
070400071204,2020,0.0
070400071205,2010,0.000141899
070400071205,2011,0.000148615
070400071205,2012,0.000214367
070400071205,2013,0.000157512
070400071205,2014,0.000154114
070400071205,2015,0.000136382
070400071205,2016,0.000131074
070400071205,2017,0.000127477
070400071205,2018,0.00013815
070400071205,2019,0.000128916
070400071205,2020,0.000133984
070400071206,2010,0.0
070400071206,2011,0.0
070400071206,2012,0.0
070400071206,2013,0.0
070400071206,2014,0.0
070400071206,2015,0.0
070400071206,2016,0.0
070400071206,2017,0.0
070400071206,2018,0.0
070400071206,2019,0.0
070400071206,2020,0.0
070400071207,2010,0.0
070400071207,2011,0.0
070400071207,2012,0.0
070400071207,2013,0.0
070400071207,2014,0.0
070400071207,2015,0.0
070400071207,2016,0.0
070400071207,2017,0.0
070400071207,2018,0.0
070400071207,2019,0.0
070400071207,2020,0.0
070400071208,2010,0.0
070400071208,2011,0.0
070400071208,2012,0.0
070400071208,2013,0.0
070400071208,2014,0.0
070400071208,2015,0.0
070400071208,2016,0.0
070400071208,2017,0.0
070400071208,2018,0.0
070400071208,2019,0.0
070400071208,2020,0.0
070400071209,2010,0.028366579
070400071209,2011,0.031199119
070400071209,2012,0.04969025
070400071209,2013,0.034961179
070400071209,2014,0.032947031
070400071209,2015,0.034343757
070400071209,2016,0.032211703
070400071209,2017,0.032737188
070400071209,2018,0.032915385
070400071209,2019,0.029134259
070400071209,2020,0.028184423
070500010101,2010,0.0
070500010101,2011,0.0
070500010101,2012,0.0
070500010101,2013,0.0
070500010101,2014,0.0
070500010101,2015,0.0
070500010101,2016,0.0
070500010101,2017,0.0
070500010101,2018,0.0
070500010101,2019,0.0
070500010101,2020,0.0
070500010102,2010,0.0
070500010102,2011,0.0
070500010102,2012,0.0
070500010102,2013,0.0
070500010102,2014,0.0
070500010102,2015,0.0
070500010102,2016,0.0
070500010102,2017,0.0
070500010102,2018,0.0
070500010102,2019,0.0
070500010102,2020,0.0
070500010103,2010,0.0
070500010103,2011,0.0
070500010103,2012,0.0
070500010103,2013,0.0
070500010103,2014,0.0
070500010103,2015,0.0
070500010103,2016,0.0
070500010103,2017,0.0
070500010103,2018,0.0
070500010103,2019,0.0
070500010103,2020,0.0
070500010104,2010,0.0
070500010104,2011,0.0
070500010104,2012,0.0
070500010104,2013,0.0
070500010104,2014,0.0
070500010104,2015,0.0
070500010104,2016,0.0
070500010104,2017,0.0
070500010104,2018,0.0
070500010104,2019,0.0
070500010104,2020,0.0
070500010105,2010,0.0
070500010105,2011,0.0
070500010105,2012,0.0
070500010105,2013,0.0
070500010105,2014,0.0
070500010105,2015,0.0
070500010105,2016,0.0
070500010105,2017,0.0
070500010105,2018,0.0
070500010105,2019,0.0
070500010105,2020,0.0
070500010106,2010,0.0
070500010106,2011,0.0
070500010106,2012,0.0
070500010106,2013,0.0
070500010106,2014,0.0
070500010106,2015,0.0
070500010106,2016,0.0
070500010106,2017,0.0
070500010106,2018,0.0
070500010106,2019,0.0
070500010106,2020,0.0
070500010107,2010,0.0
070500010107,2011,0.0
070500010107,2012,0.0
070500010107,2013,0.0
070500010107,2014,0.0
070500010107,2015,0.0
070500010107,2016,0.0
070500010107,2017,0.0
070500010107,2018,0.0
070500010107,2019,0.0
070500010107,2020,0.0
070500010108,2010,0.0
070500010108,2011,0.0
070500010108,2012,0.0
070500010108,2013,0.0
070500010108,2014,0.0
070500010108,2015,0.0
070500010108,2016,0.0
070500010108,2017,0.0
070500010108,2018,0.0
070500010108,2019,0.0
070500010108,2020,0.0
070500010109,2010,0.0
070500010109,2011,0.0
070500010109,2012,0.0
070500010109,2013,0.0
070500010109,2014,0.0
070500010109,2015,0.0
070500010109,2016,0.0
070500010109,2017,0.0
070500010109,2018,0.0
070500010109,2019,0.0
070500010109,2020,0.0
070500010201,2010,0.0
070500010201,2011,0.0
070500010201,2012,0.0
070500010201,2013,0.0
070500010201,2014,0.0
070500010201,2015,0.0
070500010201,2016,0.0
070500010201,2017,0.0
070500010201,2018,0.0
070500010201,2019,0.0
070500010201,2020,0.0
070500010202,2010,0.0
070500010202,2011,0.0
070500010202,2012,0.0
070500010202,2013,0.0
070500010202,2014,0.0
070500010202,2015,0.0
070500010202,2016,0.0
070500010202,2017,0.0
070500010202,2018,0.0
070500010202,2019,0.0
070500010202,2020,0.0
070500010203,2010,0.0
070500010203,2011,0.0
070500010203,2012,0.0
070500010203,2013,0.0
070500010203,2014,0.0
070500010203,2015,0.0
070500010203,2016,0.0
070500010203,2017,0.0
070500010203,2018,0.0
070500010203,2019,0.0
070500010203,2020,0.0
070500010204,2010,2.6928e-05
070500010204,2011,2.6214e-05
070500010204,2012,2.9793e-05
070500010204,2013,2.5815e-05
070500010204,2014,2.342e-05
070500010204,2015,2.5145e-05
070500010204,2016,2.2902e-05
070500010204,2017,2.0223e-05
070500010204,2018,2.2236e-05
070500010204,2019,2.2632e-05
070500010204,2020,2.3597e-05
070500010205,2010,0.002498896
070500010205,2011,0.002432646
070500010205,2012,0.002764771
070500010205,2013,0.002395627
070500010205,2014,0.002173388
070500010205,2015,0.002333436
070500010205,2016,0.002125298
070500010205,2017,0.001876686
070500010205,2018,0.00206346
070500010205,2019,0.002100283
070500010205,2020,0.002189841
070500010206,2010,2.6928e-05
070500010206,2011,2.6214e-05
070500010206,2012,2.9793e-05
070500010206,2013,2.5815e-05
070500010206,2014,2.342e-05
070500010206,2015,2.5145e-05
070500010206,2016,2.2902e-05
070500010206,2017,2.0223e-05
070500010206,2018,2.2236e-05
070500010206,2019,2.2632e-05
070500010206,2020,2.3597e-05
070500010207,2010,5.3856e-05
070500010207,2011,5.2428e-05
070500010207,2012,5.9586e-05
070500010207,2013,5.163e-05
070500010207,2014,4.684e-05
070500010207,2015,5.029e-05
070500010207,2016,4.5804e-05
070500010207,2017,4.0446e-05
070500010207,2018,4.4471e-05
070500010207,2019,4.5265e-05
070500010207,2020,4.7195e-05
070500010208,2010,0.0
070500010208,2011,0.0
070500010208,2012,0.0
070500010208,2013,0.0
070500010208,2014,0.0
070500010208,2015,0.0
070500010208,2016,0.0
070500010208,2017,0.0
070500010208,2018,0.0
070500010208,2019,0.0
070500010208,2020,0.0
070500010209,2010,0.0
070500010209,2011,0.0
070500010209,2012,0.0
070500010209,2013,0.0
070500010209,2014,0.0
070500010209,2015,0.0
070500010209,2016,0.0
070500010209,2017,0.0
070500010209,2018,0.0
070500010209,2019,0.0
070500010209,2020,0.0
070500010210,2010,0.0
070500010210,2011,0.0
070500010210,2012,0.0
070500010210,2013,0.0
070500010210,2014,0.0
070500010210,2015,0.0
070500010210,2016,0.0
070500010210,2017,0.0
070500010210,2018,0.0
070500010210,2019,0.0
070500010210,2020,0.0
070500010211,2010,0.0
070500010211,2011,0.0
070500010211,2012,0.0
070500010211,2013,0.0
070500010211,2014,0.0
070500010211,2015,0.0
070500010211,2016,0.0
070500010211,2017,0.0
070500010211,2018,0.0
070500010211,2019,0.0
070500010211,2020,0.0
070500010212,2010,0.0
070500010212,2011,0.0
070500010212,2012,0.0
070500010212,2013,0.0
070500010212,2014,0.0
070500010212,2015,0.0
070500010212,2016,0.0
070500010212,2017,0.0
070500010212,2018,0.0
070500010212,2019,0.0
070500010212,2020,0.0
070500010213,2010,0.0
070500010213,2011,0.0
070500010213,2012,0.0
070500010213,2013,0.0
070500010213,2014,0.0
070500010213,2015,0.0
070500010213,2016,0.0
070500010213,2017,0.0
070500010213,2018,0.0
070500010213,2019,0.0
070500010213,2020,0.0
070500010301,2010,0.00092858
070500010301,2011,0.000977989
070500010301,2012,0.001159835
070500010301,2013,0.001074472
070500010301,2014,0.00086794
070500010301,2015,0.00096842
070500010301,2016,0.000910222
070500010301,2017,0.000854934
070500010301,2018,0.000838558
070500010301,2019,0.000845357
070500010301,2020,0.000876863
070500010302,2010,0.00021974
070500010302,2011,0.000231432
070500010302,2012,0.000274465
070500010302,2013,0.000254264
070500010302,2014,0.00020539
070500010302,2015,0.000229168
070500010302,2016,0.000215396
070500010302,2017,0.000202313
070500010302,2018,0.000198437
070500010302,2019,0.000200046
070500010302,2020,0.000207502
070500010303,2010,0.0
070500010303,2011,0.0
070500010303,2012,0.0
070500010303,2013,0.0
070500010303,2014,0.0
070500010303,2015,0.0
070500010303,2016,0.0
070500010303,2017,0.0
070500010303,2018,0.0
070500010303,2019,0.0
070500010303,2020,0.0
070500010304,2010,0.0
070500010304,2011,0.0
070500010304,2012,0.0
070500010304,2013,0.0
070500010304,2014,0.0
070500010304,2015,0.0
070500010304,2016,0.0
070500010304,2017,0.0
070500010304,2018,0.0
070500010304,2019,0.0
070500010304,2020,0.0
070500010305,2010,0.0
070500010305,2011,0.0
070500010305,2012,0.0
070500010305,2013,0.0
070500010305,2014,0.0
070500010305,2015,0.0
070500010305,2016,0.0
070500010305,2017,0.0
070500010305,2018,0.0
070500010305,2019,0.0
070500010305,2020,0.0
070500010306,2010,0.0
070500010306,2011,0.0
070500010306,2012,0.0
070500010306,2013,0.0
070500010306,2014,0.0
070500010306,2015,0.0
070500010306,2016,0.0
070500010306,2017,0.0
070500010306,2018,0.0
070500010306,2019,0.0
070500010306,2020,0.0
070500010307,2010,0.000411127
070500010307,2011,0.000433003
070500010307,2012,0.000513515
070500010307,2013,0.00047572
070500010307,2014,0.000384279
070500010307,2015,0.000428766
070500010307,2016,0.000402999
070500010307,2017,0.00037852
070500010307,2018,0.00037127
070500010307,2019,0.00037428
070500010307,2020,0.00038823
070500010401,2010,0.0
070500010401,2011,0.0
070500010401,2012,0.0
070500010401,2013,0.0
070500010401,2014,0.0
070500010401,2015,0.0
070500010401,2016,0.0
070500010401,2017,0.0
070500010401,2018,0.0
070500010401,2019,0.0
070500010401,2020,0.0
070500010402,2010,0.0
070500010402,2011,0.0
070500010402,2012,0.0
070500010402,2013,0.0
070500010402,2014,0.0
070500010402,2015,0.0
070500010402,2016,0.0
070500010402,2017,0.0
070500010402,2018,0.0
070500010402,2019,0.0
070500010402,2020,0.0
070500010403,2010,0.00010877
070500010403,2011,0.000114741
070500010403,2012,0.000142781
070500010403,2013,0.000124525
070500010403,2014,0.000104707
070500010403,2015,0.000117719
070500010403,2016,0.000111576
070500010403,2017,0.000106626
070500010403,2018,0.000128575
070500010403,2019,0.000135123
070500010403,2020,0.000140983
070500010404,2010,0.0
070500010404,2011,0.0
070500010404,2012,0.0
070500010404,2013,0.0
070500010404,2014,0.0
070500010404,2015,0.0
070500010404,2016,0.0
070500010404,2017,0.0
070500010404,2018,0.0
070500010404,2019,0.0
070500010404,2020,0.0
070500010405,2010,0.0
070500010405,2011,0.0
070500010405,2012,0.0
070500010405,2013,0.0
070500010405,2014,0.0
070500010405,2015,0.0
070500010405,2016,0.0
070500010405,2017,0.0
070500010405,2018,0.0
070500010405,2019,0.0
070500010405,2020,0.0
070500010406,2010,0.0
070500010406,2011,0.0
070500010406,2012,0.0
070500010406,2013,0.0
070500010406,2014,0.0
070500010406,2015,0.0
070500010406,2016,0.0
070500010406,2017,0.0
070500010406,2018,0.0
070500010406,2019,0.0
070500010406,2020,0.0
070500010407,2010,0.001350253
070500010407,2011,0.001582037
070500010407,2012,0.001815602
070500010407,2013,0.001565664
070500010407,2014,0.001457209
070500010407,2015,0.001552014
070500010407,2016,0.001275673
070500010407,2017,0.00146866
070500010407,2018,0.000966819
070500010407,2019,0.001119069
070500010407,2020,0.001098636
070500010501,2010,0.000149051
070500010501,2011,0.000146175
070500010501,2012,0.00017971
070500010501,2013,0.000169334
070500010501,2014,0.000161365
070500010501,2015,0.000140924
070500010501,2016,0.000143627
070500010501,2017,0.000159781
070500010501,2018,0.000114122
070500010501,2019,0.000118239
070500010501,2020,0.000124983
070500010502,2010,0.0
070500010502,2011,0.0
070500010502,2012,0.0
070500010502,2013,0.0
070500010502,2014,0.0
070500010502,2015,0.0
070500010502,2016,0.0
070500010502,2017,0.0
070500010502,2018,0.0
070500010502,2019,0.0
070500010502,2020,0.0
070500010503,2010,0.000931571
070500010503,2011,0.000913591
070500010503,2012,0.001123189
070500010503,2013,0.001058338
070500010503,2014,0.001008534
070500010503,2015,0.000880778
070500010503,2016,0.000897668
070500010503,2017,0.000998631
070500010503,2018,0.000713263
070500010503,2019,0.000738993
070500010503,2020,0.000781144
070500010504,2010,0.000367305
070500010504,2011,0.000360216
070500010504,2012,0.000442857
070500010504,2013,0.000417288
070500010504,2014,0.000397651
070500010504,2015,0.000347278
070500010504,2016,0.000353938
070500010504,2017,0.000393746
070500010504,2018,0.000281229
070500010504,2019,0.000291374
070500010504,2020,0.000307994
070500010505,2010,5.8556e-05
070500010505,2011,5.7426e-05
070500010505,2012,7.06e-05
070500010505,2013,6.6524e-05
070500010505,2014,6.3394e-05
070500010505,2015,5.5363e-05
070500010505,2016,5.6425e-05
070500010505,2017,6.2771e-05
070500010505,2018,4.4834e-05
070500010505,2019,4.6451e-05
070500010505,2020,4.91e-05
070500010506,2010,0.0
070500010506,2011,0.0
070500010506,2012,0.0
070500010506,2013,0.0
070500010506,2014,0.0
070500010506,2015,0.0
070500010506,2016,0.0
070500010506,2017,0.0
070500010506,2018,0.0
070500010506,2019,0.0
070500010506,2020,0.0
070500010507,2010,0.001372808
070500010507,2011,0.001506567
070500010507,2012,0.0018386
070500010507,2013,0.001645219
070500010507,2014,0.001351416
070500010507,2015,0.001445965
070500010507,2016,0.001362571
070500010507,2017,0.001832431
070500010507,2018,0.001054726
070500010507,2019,0.001170674
070500010507,2020,0.001170058
070500010508,2010,0.0
070500010508,2011,0.0
070500010508,2012,0.0
070500010508,2013,0.0
070500010508,2014,0.0
070500010508,2015,0.0
070500010508,2016,0.0
070500010508,2017,0.0
070500010508,2018,0.0
070500010508,2019,0.0
070500010508,2020,0.0
070500010509,2010,0.0
070500010509,2011,0.0
070500010509,2012,0.0
070500010509,2013,0.0
070500010509,2014,0.0
070500010509,2015,0.0
070500010509,2016,0.0
070500010509,2017,0.0
070500010509,2018,0.0
070500010509,2019,0.0
070500010509,2020,0.0
070500010601,2010,0.0
070500010601,2011,0.0
070500010601,2012,0.0
070500010601,2013,0.0
070500010601,2014,0.0
070500010601,2015,0.0
070500010601,2016,0.0
070500010601,2017,0.0
070500010601,2018,0.0
070500010601,2019,0.0
070500010601,2020,0.0
070500010602,2010,0.0
070500010602,2011,0.0
070500010602,2012,0.0
070500010602,2013,0.0
070500010602,2014,0.0
070500010602,2015,0.0
070500010602,2016,0.0
070500010602,2017,0.0
070500010602,2018,0.0
070500010602,2019,0.0
070500010602,2020,0.0
070500010603,2010,0.0
070500010603,2011,0.0
070500010603,2012,0.0
070500010603,2013,0.0
070500010603,2014,0.0
070500010603,2015,0.0
070500010603,2016,0.0
070500010603,2017,0.0
070500010603,2018,0.0
070500010603,2019,0.0
070500010603,2020,0.0
070500010604,2010,0.0
070500010604,2011,0.0
070500010604,2012,0.0
070500010604,2013,0.0
070500010604,2014,0.0
070500010604,2015,0.0
070500010604,2016,0.0
070500010604,2017,0.0
070500010604,2018,0.0
070500010604,2019,0.0
070500010604,2020,0.0
070500010605,2010,0.0
070500010605,2011,0.0
070500010605,2012,0.0
070500010605,2013,0.0
070500010605,2014,0.0
070500010605,2015,0.0
070500010605,2016,0.0
070500010605,2017,0.0
070500010605,2018,0.0
070500010605,2019,0.0
070500010605,2020,0.0
070500010606,2010,0.0
070500010606,2011,0.0
070500010606,2012,0.0
070500010606,2013,0.0
070500010606,2014,0.0
070500010606,2015,0.0
070500010606,2016,0.0
070500010606,2017,0.0
070500010606,2018,0.0
070500010606,2019,0.0
070500010606,2020,0.0
070500010607,2010,0.0
070500010607,2011,0.0
070500010607,2012,0.0
070500010607,2013,0.0
070500010607,2014,0.0
070500010607,2015,0.0
070500010607,2016,0.0
070500010607,2017,0.0
070500010607,2018,0.0
070500010607,2019,0.0
070500010607,2020,0.0
070500010701,2010,0.0
070500010701,2011,0.0
070500010701,2012,0.0
070500010701,2013,0.0
070500010701,2014,0.0
070500010701,2015,0.0
070500010701,2016,0.0
070500010701,2017,0.0
070500010701,2018,0.0
070500010701,2019,0.0
070500010701,2020,0.0
070500010702,2010,0.000173379
070500010702,2011,0.000174131
070500010702,2012,0.000220249
070500010702,2013,0.00018522
070500010702,2014,0.000191324
070500010702,2015,0.000178234
070500010702,2016,0.000165163
070500010702,2017,0.000164329
070500010702,2018,0.000181329
070500010702,2019,0.000186241
070500010702,2020,0.000196332
070500010703,2010,0.001056808
070500010703,2011,0.001109025
070500010703,2012,0.001474396
070500010703,2013,0.001204658
070500010703,2014,0.001013024
070500010703,2015,0.001162742
070500010703,2016,0.001024693
070500010703,2017,0.001141564
070500010703,2018,0.000968757
070500010703,2019,0.000907191
070500010703,2020,0.000983604
070500010704,2010,0.004093243
070500010704,2011,0.004111005
070500010704,2012,0.005199791
070500010704,2013,0.004372807
070500010704,2014,0.004516912
070500010704,2015,0.004207873
070500010704,2016,0.003899286
070500010704,2017,0.003879584
070500010704,2018,0.004280938
070500010704,2019,0.00439691
070500010704,2020,0.004635153
070500010801,2010,0.000823068
070500010801,2011,0.000983178
070500010801,2012,0.001258827
070500010801,2013,0.001031071
070500010801,2014,0.000879143
070500010801,2015,0.000918162
070500010801,2016,0.00082362
070500010801,2017,0.000689741
070500010801,2018,0.000705332
070500010801,2019,0.000758513
070500010801,2020,0.000825342
070500010802,2010,0.0
070500010802,2011,0.0
070500010802,2012,0.0
070500010802,2013,0.0
070500010802,2014,0.0
070500010802,2015,0.0
070500010802,2016,0.0
070500010802,2017,0.0
070500010802,2018,0.0
070500010802,2019,0.0
070500010802,2020,0.0
070500010901,2010,0.0
070500010901,2011,0.0
070500010901,2012,0.0
070500010901,2013,0.0
070500010901,2014,0.0
070500010901,2015,0.0
070500010901,2016,0.0
070500010901,2017,0.0
070500010901,2018,0.0
070500010901,2019,0.0
070500010901,2020,0.0
070500010902,2010,0.0
070500010902,2011,0.0
070500010902,2012,0.0
070500010902,2013,0.0
070500010902,2014,0.0
070500010902,2015,0.0
070500010902,2016,0.0
070500010902,2017,0.0
070500010902,2018,0.0
070500010902,2019,0.0
070500010902,2020,0.0
070500010903,2010,0.0
070500010903,2011,0.0
070500010903,2012,0.0
070500010903,2013,0.0
070500010903,2014,0.0
070500010903,2015,0.0
070500010903,2016,0.0
070500010903,2017,0.0
070500010903,2018,0.0
070500010903,2019,0.0
070500010903,2020,0.0
070500010904,2010,0.0
070500010904,2011,0.0
070500010904,2012,0.0
070500010904,2013,0.0
070500010904,2014,0.0
070500010904,2015,0.0
070500010904,2016,0.0
070500010904,2017,0.0
070500010904,2018,0.0
070500010904,2019,0.0
070500010904,2020,0.0
070500020101,2010,0.0
070500020101,2011,0.0
070500020101,2012,0.0
070500020101,2013,0.0
070500020101,2014,0.0
070500020101,2015,0.0
070500020101,2016,0.0
070500020101,2017,0.0
070500020101,2018,0.0
070500020101,2019,0.0
070500020101,2020,0.0
070500020102,2010,0.0
070500020102,2011,0.0
070500020102,2012,0.0
070500020102,2013,0.0
070500020102,2014,0.0
070500020102,2015,0.0
070500020102,2016,0.0
070500020102,2017,0.0
070500020102,2018,0.0
070500020102,2019,0.0
070500020102,2020,0.0
070500020103,2010,0.0
070500020103,2011,0.0
070500020103,2012,0.0
070500020103,2013,0.0
070500020103,2014,0.0
070500020103,2015,0.0
070500020103,2016,0.0
070500020103,2017,0.0
070500020103,2018,0.0
070500020103,2019,0.0
070500020103,2020,0.0
070500020104,2010,0.0
070500020104,2011,0.0
070500020104,2012,0.0
070500020104,2013,0.0
070500020104,2014,0.0
070500020104,2015,0.0
070500020104,2016,0.0
070500020104,2017,0.0
070500020104,2018,0.0
070500020104,2019,0.0
070500020104,2020,0.0
070500020105,2010,0.0
070500020105,2011,0.0
070500020105,2012,0.0
070500020105,2013,0.0
070500020105,2014,0.0
070500020105,2015,0.0
070500020105,2016,0.0
070500020105,2017,0.0
070500020105,2018,0.0
070500020105,2019,0.0
070500020105,2020,0.0
070500020106,2010,0.0
070500020106,2011,0.0
070500020106,2012,0.0
070500020106,2013,0.0
070500020106,2014,0.0
070500020106,2015,0.0
070500020106,2016,0.0
070500020106,2017,0.0
070500020106,2018,0.0
070500020106,2019,0.0
070500020106,2020,0.0
070500020107,2010,0.0
070500020107,2011,0.0
070500020107,2012,0.0
070500020107,2013,0.0
070500020107,2014,0.0
070500020107,2015,0.0
070500020107,2016,0.0
070500020107,2017,0.0
070500020107,2018,0.0
070500020107,2019,0.0
070500020107,2020,0.0
070500020108,2010,0.0
070500020108,2011,0.0
070500020108,2012,0.0
070500020108,2013,0.0
070500020108,2014,0.0
070500020108,2015,0.0
070500020108,2016,0.0
070500020108,2017,0.0
070500020108,2018,0.0
070500020108,2019,0.0
070500020108,2020,0.0
070500020201,2010,0.000702351
070500020201,2011,0.000674036
070500020201,2012,0.000816137
070500020201,2013,0.000741826
070500020201,2014,0.000627539
070500020201,2015,0.000675217
070500020201,2016,0.00064753
070500020201,2017,0.000615947
070500020201,2018,0.000601388
070500020201,2019,0.000601523
070500020201,2020,0.000602222
070500020202,2010,0.00729943
070500020202,2011,0.007005157
070500020202,2012,0.008481996
070500020202,2013,0.007709689
070500020202,2014,0.006521922
070500020202,2015,0.007017434
070500020202,2016,0.006729687
070500020202,2017,0.006401452
070500020202,2018,0.006250144
070500020202,2019,0.006251545
070500020202,2020,0.006258803
070500020203,2010,0.0
070500020203,2011,0.0
070500020203,2012,0.0
070500020203,2013,0.0
070500020203,2014,0.0
070500020203,2015,0.0
070500020203,2016,0.0
070500020203,2017,0.0
070500020203,2018,0.0
070500020203,2019,0.0
070500020203,2020,0.0
070500020204,2010,0.0
070500020204,2011,0.0
070500020204,2012,0.0
070500020204,2013,0.0
070500020204,2014,0.0
070500020204,2015,0.0
070500020204,2016,0.0
070500020204,2017,0.0
070500020204,2018,0.0
070500020204,2019,0.0
070500020204,2020,0.0
070500020301,2010,0.0
070500020301,2011,0.0
070500020301,2012,0.0
070500020301,2013,0.0
070500020301,2014,0.0
070500020301,2015,0.0
070500020301,2016,0.0
070500020301,2017,0.0
070500020301,2018,0.0
070500020301,2019,0.0
070500020301,2020,0.0
070500020302,2010,0.0
070500020302,2011,0.0
070500020302,2012,0.0
070500020302,2013,0.0
070500020302,2014,0.0
070500020302,2015,0.0
070500020302,2016,0.0
070500020302,2017,0.0
070500020302,2018,0.0
070500020302,2019,0.0
070500020302,2020,0.0
070500020303,2010,0.0
070500020303,2011,0.0
070500020303,2012,0.0
070500020303,2013,0.0
070500020303,2014,0.0
070500020303,2015,0.0
070500020303,2016,0.0
070500020303,2017,0.0
070500020303,2018,0.0
070500020303,2019,0.0
070500020303,2020,0.0
070500020304,2010,0.000681709
070500020304,2011,0.000690202
070500020304,2012,0.00081243
070500020304,2013,0.000791508
070500020304,2014,0.000662938
070500020304,2015,0.000729589
070500020304,2016,0.000697039
070500020304,2017,0.0006823
070500020304,2018,0.000702315
070500020304,2019,0.000714847
070500020304,2020,0.000736907
070500020305,2010,0.00169678
070500020305,2011,0.00171792
070500020305,2012,0.002022147
070500020305,2013,0.001970073
070500020305,2014,0.00165006
070500020305,2015,0.001815956
070500020305,2016,0.001734939
070500020305,2017,0.001698251
070500020305,2018,0.001748071
070500020305,2019,0.001779263
070500020305,2020,0.001834169
070500020306,2010,0.0
070500020306,2011,0.0
070500020306,2012,0.0
070500020306,2013,0.0
070500020306,2014,0.0
070500020306,2015,0.0
070500020306,2016,0.0
070500020306,2017,0.0
070500020306,2018,0.0
070500020306,2019,0.0
070500020306,2020,0.0
070500020307,2010,2.2474e-05
070500020307,2011,2.2754e-05
070500020307,2012,2.6783e-05
070500020307,2013,2.6094e-05
070500020307,2014,2.1855e-05
070500020307,2015,2.4052e-05
070500020307,2016,2.2979e-05
070500020307,2017,2.2493e-05
070500020307,2018,2.3153e-05
070500020307,2019,2.3566e-05
070500020307,2020,2.4294e-05
070500020401,2010,0.00156601
070500020401,2011,0.001572814
070500020401,2012,0.00194458
070500020401,2013,0.001733994
070500020401,2014,0.001427476
070500020401,2015,0.001662874
070500020401,2016,0.001434771
070500020401,2017,0.001349454
070500020401,2018,0.001371425
070500020401,2019,0.001352003
070500020401,2020,0.001372053
070500020402,2010,0.0
070500020402,2011,0.0
070500020402,2012,0.0
070500020402,2013,0.0
070500020402,2014,0.0
070500020402,2015,0.0
070500020402,2016,0.0
070500020402,2017,0.0
070500020402,2018,0.0
070500020402,2019,0.0
070500020402,2020,0.0
070500020501,2010,0.0
070500020501,2011,0.0
070500020501,2012,0.0
070500020501,2013,0.0
070500020501,2014,0.0
070500020501,2015,0.0
070500020501,2016,0.0
070500020501,2017,0.0
070500020501,2018,0.0
070500020501,2019,0.0
070500020501,2020,0.0
070500020502,2010,0.0
070500020502,2011,0.0
070500020502,2012,0.0
070500020502,2013,0.0
070500020502,2014,0.0
070500020502,2015,0.0
070500020502,2016,0.0
070500020502,2017,0.0
070500020502,2018,0.0
070500020502,2019,0.0
070500020502,2020,0.0
070500020503,2010,0.013311811
070500020503,2011,0.012843483
070500020503,2012,0.016068104
070500020503,2013,0.015084091
070500020503,2014,0.012404666
070500020503,2015,0.013809891
070500020503,2016,0.012578278
070500020503,2017,0.011852883
070500020503,2018,0.010914028
070500020503,2019,0.0116093
070500020503,2020,0.010710406
070500020504,2010,0.003434089
070500020504,2011,0.003313273
070500020504,2012,0.004145138
070500020504,2013,0.003891289
070500020504,2014,0.00320007
070500020504,2015,0.00356258
070500020504,2016,0.003244857
070500020504,2017,0.003057725
070500020504,2018,0.002815525
070500020504,2019,0.002994887
070500020504,2020,0.002762996
070500020505,2010,0.0
070500020505,2011,0.0
070500020505,2012,0.0
070500020505,2013,0.0
070500020505,2014,0.0
070500020505,2015,0.0
070500020505,2016,0.0
070500020505,2017,0.0
070500020505,2018,0.0
070500020505,2019,0.0
070500020505,2020,0.0
070500020601,2010,0.0
070500020601,2011,0.0
070500020601,2012,0.0
070500020601,2013,0.0
070500020601,2014,0.0
070500020601,2015,0.0
070500020601,2016,0.0
070500020601,2017,0.0
070500020601,2018,0.0
070500020601,2019,0.0
070500020601,2020,0.0
070500020602,2010,0.0
070500020602,2011,0.0
070500020602,2012,0.0
070500020602,2013,0.0
070500020602,2014,0.0
070500020602,2015,0.0
070500020602,2016,0.0
070500020602,2017,0.0
070500020602,2018,0.0
070500020602,2019,0.0
070500020602,2020,0.0
070500020603,2010,0.0
070500020603,2011,0.0
070500020603,2012,0.0
070500020603,2013,0.0
070500020603,2014,0.0
070500020603,2015,0.0
070500020603,2016,0.0
070500020603,2017,0.0
070500020603,2018,0.0
070500020603,2019,0.0
070500020603,2020,0.0
070500020604,2010,0.0
070500020604,2011,0.0
070500020604,2012,0.0
070500020604,2013,0.0
070500020604,2014,0.0
070500020604,2015,0.0
070500020604,2016,0.0
070500020604,2017,0.0
070500020604,2018,0.0
070500020604,2019,0.0
070500020604,2020,0.0
070500020605,2010,0.0
070500020605,2011,0.0
070500020605,2012,0.0
070500020605,2013,0.0
070500020605,2014,0.0
070500020605,2015,0.0
070500020605,2016,0.0
070500020605,2017,0.0
070500020605,2018,0.0
070500020605,2019,0.0
070500020605,2020,0.0
070500020606,2010,0.0
070500020606,2011,0.0
070500020606,2012,0.0
070500020606,2013,0.0
070500020606,2014,0.0
070500020606,2015,0.0
070500020606,2016,0.0
070500020606,2017,0.0
070500020606,2018,0.0
070500020606,2019,0.0
070500020606,2020,0.0
070500020607,2010,0.0
070500020607,2011,0.0
070500020607,2012,0.0
070500020607,2013,0.0
070500020607,2014,0.0
070500020607,2015,0.0
070500020607,2016,0.0
070500020607,2017,0.0
070500020607,2018,0.0
070500020607,2019,0.0
070500020607,2020,0.0
070500020701,2010,0.0
070500020701,2011,0.0
070500020701,2012,0.0
070500020701,2013,0.0
070500020701,2014,0.0
070500020701,2015,0.0
070500020701,2016,0.0
070500020701,2017,0.0
070500020701,2018,0.0
070500020701,2019,0.0
070500020701,2020,0.0
070500020702,2010,0.0
070500020702,2011,0.0
070500020702,2012,0.0
070500020702,2013,0.0
070500020702,2014,0.0
070500020702,2015,0.0
070500020702,2016,0.0
070500020702,2017,0.0
070500020702,2018,0.0
070500020702,2019,0.0
070500020702,2020,0.0
070500020703,2010,0.02154965
070500020703,2011,0.022178368
070500020703,2012,0.029782725
070500020703,2013,0.024563998
070500020703,2014,0.019568688
070500020703,2015,0.022471164
070500020703,2016,0.019715497
070500020703,2017,0.019309602
070500020703,2018,0.018923551
070500020703,2019,0.018786027
070500020703,2020,0.020110846
070500020704,2010,0.0
070500020704,2011,0.0
070500020704,2012,0.0
070500020704,2013,0.0
070500020704,2014,0.0
070500020704,2015,0.0
070500020704,2016,0.0
070500020704,2017,0.0
070500020704,2018,0.0
070500020704,2019,0.0
070500020704,2020,0.0
070500030101,2010,0.0
070500030101,2011,0.0
070500030101,2012,0.0
070500030101,2013,0.0
070500030101,2014,0.0
070500030101,2015,0.0
070500030101,2016,0.0
070500030101,2017,0.0
070500030101,2018,0.0
070500030101,2019,0.0
070500030101,2020,0.0
070500030102,2010,0.0
070500030102,2011,0.0
070500030102,2012,0.0
070500030102,2013,0.0
070500030102,2014,0.0
070500030102,2015,0.0
070500030102,2016,0.0
070500030102,2017,0.0
070500030102,2018,0.0
070500030102,2019,0.0
070500030102,2020,0.0
070500030103,2010,0.0
070500030103,2011,0.0
070500030103,2012,0.0
070500030103,2013,0.0
070500030103,2014,0.0
070500030103,2015,0.0
070500030103,2016,0.0
070500030103,2017,0.0
070500030103,2018,0.0
070500030103,2019,0.0
070500030103,2020,0.0
070500030104,2010,2.5626e-05
070500030104,2011,2.4568e-05
070500030104,2012,3.1064e-05
070500030104,2013,2.71e-05
070500030104,2014,2.5193e-05
070500030104,2015,2.664e-05
070500030104,2016,2.3343e-05
070500030104,2017,2.2236e-05
070500030104,2018,2.2798e-05
070500030104,2019,1.9438e-05
070500030104,2020,1.9753e-05
070500030105,2010,9.3961e-05
070500030105,2011,9.0083e-05
070500030105,2012,0.0001139
070500030105,2013,9.9366e-05
070500030105,2014,9.2373e-05
070500030105,2015,9.7682e-05
070500030105,2016,8.5592e-05
070500030105,2017,8.1531e-05
070500030105,2018,8.3593e-05
070500030105,2019,7.1274e-05
070500030105,2020,7.2427e-05
070500030106,2010,0.0
070500030106,2011,0.0
070500030106,2012,0.0
070500030106,2013,0.0
070500030106,2014,0.0
070500030106,2015,0.0
070500030106,2016,0.0
070500030106,2017,0.0
070500030106,2018,0.0
070500030106,2019,0.0
070500030106,2020,0.0
070500030107,2010,0.008781054
070500030107,2011,0.008418695
070500030107,2012,0.010644471
070500030107,2013,0.009286239
070500030107,2014,0.008632704
070500030107,2015,0.009128795
070500030107,2016,0.007998942
070500030107,2017,0.007619429
070500030107,2018,0.00781218
070500030107,2019,0.006660921
070500030107,2020,0.006768648
070500030108,2010,0.0
070500030108,2011,0.0
070500030108,2012,0.0
070500030108,2013,0.0
070500030108,2014,0.0
070500030108,2015,0.0
070500030108,2016,0.0
070500030108,2017,0.0
070500030108,2018,0.0
070500030108,2019,0.0
070500030108,2020,0.0
070500030109,2010,0.000341675
070500030109,2011,0.000327576
070500030109,2012,0.000414182
070500030109,2013,0.000361332
070500030109,2014,0.000335903
070500030109,2015,0.000355206
070500030109,2016,0.000311243
070500030109,2017,0.000296476
070500030109,2018,0.000303976
070500030109,2019,0.00025918
070500030109,2020,0.000263372
070500030201,2010,0.0
070500030201,2011,0.0
070500030201,2012,0.0
070500030201,2013,0.0
070500030201,2014,0.0
070500030201,2015,0.0
070500030201,2016,0.0
070500030201,2017,0.0
070500030201,2018,0.0
070500030201,2019,0.0
070500030201,2020,0.0
070500030202,2010,0.0
070500030202,2011,0.0
070500030202,2012,0.0
070500030202,2013,0.0
070500030202,2014,0.0
070500030202,2015,0.0
070500030202,2016,0.0
070500030202,2017,0.0
070500030202,2018,0.0
070500030202,2019,0.0
070500030202,2020,0.0
070500030203,2010,0.0
070500030203,2011,0.0
070500030203,2012,0.0
070500030203,2013,0.0
070500030203,2014,0.0
070500030203,2015,0.0
070500030203,2016,0.0
070500030203,2017,0.0
070500030203,2018,0.0
070500030203,2019,0.0
070500030203,2020,0.0
070500030204,2010,0.0
070500030204,2011,0.0
070500030204,2012,0.0
070500030204,2013,0.0
070500030204,2014,0.0
070500030204,2015,0.0
070500030204,2016,0.0
070500030204,2017,0.0
070500030204,2018,0.0
070500030204,2019,0.0
070500030204,2020,0.0
070500030205,2010,0.0
070500030205,2011,0.0
070500030205,2012,0.0
070500030205,2013,0.0
070500030205,2014,0.0
070500030205,2015,0.0
070500030205,2016,0.0
070500030205,2017,0.0
070500030205,2018,0.0
070500030205,2019,0.0
070500030205,2020,0.0
070500030206,2010,0.0
070500030206,2011,0.0
070500030206,2012,0.0
070500030206,2013,0.0
070500030206,2014,0.0
070500030206,2015,0.0
070500030206,2016,0.0
070500030206,2017,0.0
070500030206,2018,0.0
070500030206,2019,0.0
070500030206,2020,0.0
070500030207,2010,0.0
070500030207,2011,0.0
070500030207,2012,0.0
070500030207,2013,0.0
070500030207,2014,0.0
070500030207,2015,0.0
070500030207,2016,0.0
070500030207,2017,0.0
070500030207,2018,0.0
070500030207,2019,0.0
070500030207,2020,0.0
070500030208,2010,0.0
070500030208,2011,0.0
070500030208,2012,0.0
070500030208,2013,0.0
070500030208,2014,0.0
070500030208,2015,0.0
070500030208,2016,0.0
070500030208,2017,0.0
070500030208,2018,0.0
070500030208,2019,0.0
070500030208,2020,0.0
070500030209,2010,0.0
070500030209,2011,0.0
070500030209,2012,0.0
070500030209,2013,0.0
070500030209,2014,0.0
070500030209,2015,0.0
070500030209,2016,0.0
070500030209,2017,0.0
070500030209,2018,0.0
070500030209,2019,0.0
070500030209,2020,0.0
070500030210,2010,0.0
070500030210,2011,0.0
070500030210,2012,0.0
070500030210,2013,0.0
070500030210,2014,0.0
070500030210,2015,0.0
070500030210,2016,0.0
070500030210,2017,0.0
070500030210,2018,0.0
070500030210,2019,0.0
070500030210,2020,0.0
070500030301,2010,0.0
070500030301,2011,0.0
070500030301,2012,0.0
070500030301,2013,0.0
070500030301,2014,0.0
070500030301,2015,0.0
070500030301,2016,0.0
070500030301,2017,0.0
070500030301,2018,0.0
070500030301,2019,0.0
070500030301,2020,0.0
070500030302,2010,0.0
070500030302,2011,0.0
070500030302,2012,0.0
070500030302,2013,0.0
070500030302,2014,0.0
070500030302,2015,0.0
070500030302,2016,0.0
070500030302,2017,0.0
070500030302,2018,0.0
070500030302,2019,0.0
070500030302,2020,0.0
070500030303,2010,0.0
070500030303,2011,0.0
070500030303,2012,0.0
070500030303,2013,0.0
070500030303,2014,0.0
070500030303,2015,0.0
070500030303,2016,0.0
070500030303,2017,0.0
070500030303,2018,0.0
070500030303,2019,0.0
070500030303,2020,0.0
070500030304,2010,0.0
070500030304,2011,0.0
070500030304,2012,0.0
070500030304,2013,0.0
070500030304,2014,0.0
070500030304,2015,0.0
070500030304,2016,0.0
070500030304,2017,0.0
070500030304,2018,0.0
070500030304,2019,0.0
070500030304,2020,0.0
070500040101,2010,0.0
070500040101,2011,0.0
070500040101,2012,0.0
070500040101,2013,0.0
070500040101,2014,0.0
070500040101,2015,0.0
070500040101,2016,0.0
070500040101,2017,0.0
070500040101,2018,0.0
070500040101,2019,0.0
070500040101,2020,0.0
070500040102,2010,0.003970896
070500040102,2011,0.003532229
070500040102,2012,0.004226781
070500040102,2013,0.003618774
070500040102,2014,0.002855062
070500040102,2015,0.003021401
070500040102,2016,0.002925507
070500040102,2017,0.002621972
070500040102,2018,0.002627976
070500040102,2019,0.002757419
070500040102,2020,0.002651369
070500040103,2010,2.4715e-05
070500040103,2011,2.1985e-05
070500040103,2012,2.6308e-05
070500040103,2013,2.2523e-05
070500040103,2014,1.777e-05
070500040103,2015,1.8805e-05
070500040103,2016,1.8209e-05
070500040103,2017,1.6319e-05
070500040103,2018,1.6357e-05
070500040103,2019,1.7162e-05
070500040103,2020,1.6502e-05
070500040104,2010,0.0
070500040104,2011,0.0
070500040104,2012,0.0
070500040104,2013,0.0
070500040104,2014,0.0
070500040104,2015,0.0
070500040104,2016,0.0
070500040104,2017,0.0
070500040104,2018,0.0
070500040104,2019,0.0
070500040104,2020,0.0
070500040105,2010,0.0
070500040105,2011,0.0
070500040105,2012,0.0
070500040105,2013,0.0
070500040105,2014,0.0
070500040105,2015,0.0
070500040105,2016,0.0
070500040105,2017,0.0
070500040105,2018,0.0
070500040105,2019,0.0
070500040105,2020,0.0
070500040106,2010,0.000492518
070500040106,2011,0.000480835
070500040106,2012,0.000747567
070500040106,2013,0.000537276
070500040106,2014,0.000442144
070500040106,2015,0.000486219
070500040106,2016,0.000490683
070500040106,2017,0.000438016
070500040106,2018,0.000498475
070500040106,2019,0.000479602
070500040106,2020,0.000490856
070500040107,2010,0.00074602
070500040107,2011,0.000728324
070500040107,2012,0.001132344
070500040107,2013,0.000813816
070500040107,2014,0.000669718
070500040107,2015,0.000736479
070500040107,2016,0.00074324
070500040107,2017,0.000663466
070500040107,2018,0.000755042
070500040107,2019,0.000726455
070500040107,2020,0.000743502
070500040108,2010,0.0
070500040108,2011,0.0
070500040108,2012,0.0
070500040108,2013,0.0
070500040108,2014,0.0
070500040108,2015,0.0
070500040108,2016,0.0
070500040108,2017,0.0
070500040108,2018,0.0
070500040108,2019,0.0
070500040108,2020,0.0
070500040109,2010,0.0
070500040109,2011,0.0
070500040109,2012,0.0
070500040109,2013,0.0
070500040109,2014,0.0
070500040109,2015,0.0
070500040109,2016,0.0
070500040109,2017,0.0
070500040109,2018,0.0
070500040109,2019,0.0
070500040109,2020,0.0
070500040110,2010,0.0
070500040110,2011,0.0
070500040110,2012,0.0
070500040110,2013,0.0
070500040110,2014,0.0
070500040110,2015,0.0
070500040110,2016,0.0
070500040110,2017,0.0
070500040110,2018,0.0
070500040110,2019,0.0
070500040110,2020,0.0
070500040201,2010,0.0
070500040201,2011,0.0
070500040201,2012,0.0
070500040201,2013,0.0
070500040201,2014,0.0
070500040201,2015,0.0
070500040201,2016,0.0
070500040201,2017,0.0
070500040201,2018,0.0
070500040201,2019,0.0
070500040201,2020,0.0
070500040202,2010,0.0
070500040202,2011,0.0
070500040202,2012,0.0
070500040202,2013,0.0
070500040202,2014,0.0
070500040202,2015,0.0
070500040202,2016,0.0
070500040202,2017,0.0
070500040202,2018,0.0
070500040202,2019,0.0
070500040202,2020,0.0
070500040203,2010,0.0
070500040203,2011,0.0
070500040203,2012,0.0
070500040203,2013,0.0
070500040203,2014,0.0
070500040203,2015,0.0
070500040203,2016,0.0
070500040203,2017,0.0
070500040203,2018,0.0
070500040203,2019,0.0
070500040203,2020,0.0
070500040204,2010,0.0
070500040204,2011,0.0
070500040204,2012,0.0
070500040204,2013,0.0
070500040204,2014,0.0
070500040204,2015,0.0
070500040204,2016,0.0
070500040204,2017,0.0
070500040204,2018,0.0
070500040204,2019,0.0
070500040204,2020,0.0
070500040301,2010,0.0
070500040301,2011,0.0
070500040301,2012,0.0
070500040301,2013,0.0
070500040301,2014,0.0
070500040301,2015,0.0
070500040301,2016,0.0
070500040301,2017,0.0
070500040301,2018,0.0
070500040301,2019,0.0
070500040301,2020,0.0
070500040302,2010,0.0
070500040302,2011,0.0
070500040302,2012,0.0
070500040302,2013,0.0
070500040302,2014,0.0
070500040302,2015,0.0
070500040302,2016,0.0
070500040302,2017,0.0
070500040302,2018,0.0
070500040302,2019,0.0
070500040302,2020,0.0
070500040303,2010,0.002073876
070500040303,2011,0.001813651
070500040303,2012,0.002244813
070500040303,2013,0.001778296
070500040303,2014,0.001469637
070500040303,2015,0.001583897
070500040303,2016,0.001447763
070500040303,2017,0.001343233
070500040303,2018,0.001453383
070500040303,2019,0.00137063
070500040303,2020,0.001481555
070500040304,2010,0.000224069
070500040304,2011,0.000214184
070500040304,2012,0.000292647
070500040304,2013,0.000243629
070500040304,2014,0.000205953
070500040304,2015,0.00022187
070500040304,2016,0.000224645
070500040304,2017,0.00021113
070500040304,2018,0.000210586
070500040304,2019,0.000208668
070500040304,2020,0.000228895
070500040305,2010,0.0
070500040305,2011,0.0
070500040305,2012,0.0
070500040305,2013,0.0
070500040305,2014,0.0
070500040305,2015,0.0
070500040305,2016,0.0
070500040305,2017,0.0
070500040305,2018,0.0
070500040305,2019,0.0
070500040305,2020,0.0
070500040401,2010,0.0
070500040401,2011,0.0
070500040401,2012,0.0
070500040401,2013,0.0
070500040401,2014,0.0
070500040401,2015,0.0
070500040401,2016,0.0
070500040401,2017,0.0
070500040401,2018,0.0
070500040401,2019,0.0
070500040401,2020,0.0
070500040402,2010,3.4557e-05
070500040402,2011,3.4921e-05
070500040402,2012,4.9352e-05
070500040402,2013,4.0813e-05
070500040402,2014,3.6632e-05
070500040402,2015,3.9837e-05
070500040402,2016,3.6486e-05
070500040402,2017,3.5802e-05
070500040402,2018,3.688e-05
070500040402,2019,3.31e-05
070500040402,2020,3.6209e-05
070500040403,2010,0.0
070500040403,2011,0.0
070500040403,2012,0.0
070500040403,2013,0.0
070500040403,2014,0.0
070500040403,2015,0.0
070500040403,2016,0.0
070500040403,2017,0.0
070500040403,2018,0.0
070500040403,2019,0.0
070500040403,2020,0.0
070500040404,2010,0.0
070500040404,2011,0.0
070500040404,2012,0.0
070500040404,2013,0.0
070500040404,2014,0.0
070500040404,2015,0.0
070500040404,2016,0.0
070500040404,2017,0.0
070500040404,2018,0.0
070500040404,2019,0.0
070500040404,2020,0.0
070500040405,2010,0.0
070500040405,2011,0.0
070500040405,2012,0.0
070500040405,2013,0.0
070500040405,2014,0.0
070500040405,2015,0.0
070500040405,2016,0.0
070500040405,2017,0.0
070500040405,2018,0.0
070500040405,2019,0.0
070500040405,2020,0.0
070500040406,2010,0.000504528
070500040406,2011,0.000509853
070500040406,2012,0.000720543
070500040406,2013,0.000595869
070500040406,2014,0.000534822
070500040406,2015,0.000581621
070500040406,2016,0.00053269
070500040406,2017,0.000522707
070500040406,2018,0.000538447
070500040406,2019,0.000483259
070500040406,2020,0.000528649
070500040407,2010,0.00087083
070500040407,2011,0.00088002
070500040407,2012,0.001243677
070500040407,2013,0.001028485
070500040407,2014,0.000923118
070500040407,2015,0.001003894
070500040407,2016,0.000919438
070500040407,2017,0.000902207
070500040407,2018,0.000929373
070500040407,2019,0.000834119
070500040407,2020,0.000912463
070500040408,2010,0.0
070500040408,2011,0.0
070500040408,2012,0.0
070500040408,2013,0.0
070500040408,2014,0.0
070500040408,2015,0.0
070500040408,2016,0.0
070500040408,2017,0.0
070500040408,2018,0.0
070500040408,2019,0.0
070500040408,2020,0.0
070500050101,2010,0.0
070500050101,2011,0.0
070500050101,2012,0.0
070500050101,2013,0.0
070500050101,2014,0.0
070500050101,2015,0.0
070500050101,2016,0.0
070500050101,2017,0.0
070500050101,2018,0.0
070500050101,2019,0.0
070500050101,2020,0.0
070500050102,2010,0.000102853
070500050102,2011,0.000108592
070500050102,2012,0.000147335
070500050102,2013,0.000114638
070500050102,2014,9.8269e-05
070500050102,2015,0.000100392
070500050102,2016,9.4994e-05
070500050102,2017,9.7815e-05
070500050102,2018,8.6357e-05
070500050102,2019,8.5027e-05
070500050102,2020,9.0019e-05
070500050103,2010,0.0
070500050103,2011,0.0
070500050103,2012,0.0
070500050103,2013,0.0
070500050103,2014,0.0
070500050103,2015,0.0
070500050103,2016,0.0
070500050103,2017,0.0
070500050103,2018,0.0
070500050103,2019,0.0
070500050103,2020,0.0
070500050104,2010,0.007388247
070500050104,2011,0.007800526
070500050104,2012,0.010583599
070500050104,2013,0.008234806
070500050104,2014,0.00705896
070500050104,2015,0.007211514
070500050104,2016,0.006823762
070500050104,2017,0.007026358
070500050104,2018,0.006203318
070500050104,2019,0.006107753
070500050104,2020,0.006466342
070500050105,2010,0.0
070500050105,2011,0.0
070500050105,2012,0.0
070500050105,2013,0.0
070500050105,2014,0.0
070500050105,2015,0.0
070500050105,2016,0.0
070500050105,2017,0.0
070500050105,2018,0.0
070500050105,2019,0.0
070500050105,2020,0.0
070500050106,2010,0.0
070500050106,2011,0.0
070500050106,2012,0.0
070500050106,2013,0.0
070500050106,2014,0.0
070500050106,2015,0.0
070500050106,2016,0.0
070500050106,2017,0.0
070500050106,2018,0.0
070500050106,2019,0.0
070500050106,2020,0.0
070500050107,2010,0.0
070500050107,2011,0.0
070500050107,2012,0.0
070500050107,2013,0.0
070500050107,2014,0.0
070500050107,2015,0.0
070500050107,2016,0.0
070500050107,2017,0.0
070500050107,2018,0.0
070500050107,2019,0.0
070500050107,2020,0.0
070500050108,2010,0.0
070500050108,2011,0.0
070500050108,2012,0.0
070500050108,2013,0.0
070500050108,2014,0.0
070500050108,2015,0.0
070500050108,2016,0.0
070500050108,2017,0.0
070500050108,2018,0.0
070500050108,2019,0.0
070500050108,2020,0.0
070500050201,2010,0.0
070500050201,2011,0.0
070500050201,2012,0.0
070500050201,2013,0.0
070500050201,2014,0.0
070500050201,2015,0.0
070500050201,2016,0.0
070500050201,2017,0.0
070500050201,2018,0.0
070500050201,2019,0.0
070500050201,2020,0.0
070500050202,2010,0.0
070500050202,2011,0.0
070500050202,2012,0.0
070500050202,2013,0.0
070500050202,2014,0.0
070500050202,2015,0.0
070500050202,2016,0.0
070500050202,2017,0.0
070500050202,2018,0.0
070500050202,2019,0.0
070500050202,2020,0.0
070500050203,2010,0.0
070500050203,2011,0.0
070500050203,2012,0.0
070500050203,2013,0.0
070500050203,2014,0.0
070500050203,2015,0.0
070500050203,2016,0.0
070500050203,2017,0.0
070500050203,2018,0.0
070500050203,2019,0.0
070500050203,2020,0.0
070500050204,2010,0.0
070500050204,2011,0.0
070500050204,2012,0.0
070500050204,2013,0.0
070500050204,2014,0.0
070500050204,2015,0.0
070500050204,2016,0.0
070500050204,2017,0.0
070500050204,2018,0.0
070500050204,2019,0.0
070500050204,2020,0.0
070500050205,2010,1.1589e-05
070500050205,2011,1.142e-05
070500050205,2012,1.5854e-05
070500050205,2013,1.2714e-05
070500050205,2014,1.2329e-05
070500050205,2015,1.0396e-05
070500050205,2016,9.462e-06
070500050205,2017,8.794e-06
070500050205,2018,9.115e-06
070500050205,2019,1.043e-05
070500050205,2020,1.1061e-05
070500050206,2010,0.0
070500050206,2011,0.0
070500050206,2012,0.0
070500050206,2013,0.0
070500050206,2014,0.0
070500050206,2015,0.0
070500050206,2016,0.0
070500050206,2017,0.0
070500050206,2018,0.0
070500050206,2019,0.0
070500050206,2020,0.0
070500050207,2010,0.001709358
070500050207,2011,0.001684455
070500050207,2012,0.002338426
070500050207,2013,0.001875386
070500050207,2014,0.00181848
070500050207,2015,0.00153339
070500050207,2016,0.001395698
070500050207,2017,0.001297177
070500050207,2018,0.001344513
070500050207,2019,0.001538358
070500050207,2020,0.00163155
070500050301,2010,0.0
070500050301,2011,0.0
070500050301,2012,0.0
070500050301,2013,0.0
070500050301,2014,0.0
070500050301,2015,0.0
070500050301,2016,0.0
070500050301,2017,0.0
070500050301,2018,0.0
070500050301,2019,0.0
070500050301,2020,0.0
070500050302,2010,0.0
070500050302,2011,0.0
070500050302,2012,0.0
070500050302,2013,0.0
070500050302,2014,0.0
070500050302,2015,0.0
070500050302,2016,0.0
070500050302,2017,0.0
070500050302,2018,0.0
070500050302,2019,0.0
070500050302,2020,0.0
070500050303,2010,0.0
070500050303,2011,0.0
070500050303,2012,0.0
070500050303,2013,0.0
070500050303,2014,0.0
070500050303,2015,0.0
070500050303,2016,0.0
070500050303,2017,0.0
070500050303,2018,0.0
070500050303,2019,0.0
070500050303,2020,0.0
070500050304,2010,1.1692e-05
070500050304,2011,1.1505e-05
070500050304,2012,1.636e-05
070500050304,2013,1.2736e-05
070500050304,2014,1.1331e-05
070500050304,2015,1.2206e-05
070500050304,2016,1.1373e-05
070500050304,2017,1.1197e-05
070500050304,2018,1.1404e-05
070500050304,2019,1.1006e-05
070500050304,2020,1.1621e-05
070500050305,2010,0.008647368
070500050305,2011,0.008508266
070500050305,2012,0.012115414
070500050305,2013,0.009407503
070500050305,2014,0.008381854
070500050305,2015,0.009031941
070500050305,2016,0.008429513
070500050305,2017,0.008285625
070500050305,2018,0.008474518
070500050305,2019,0.008196757
070500050305,2020,0.008647051
070500050306,2010,0.0
070500050306,2011,0.0
070500050306,2012,0.0
070500050306,2013,0.0
070500050306,2014,0.0
070500050306,2015,0.0
070500050306,2016,0.0
070500050306,2017,0.0
070500050306,2018,0.0
070500050306,2019,0.0
070500050306,2020,0.0
070500050307,2010,0.022306733
070500050307,2011,0.023683434
070500050307,2012,0.035460298
070500050307,2013,0.027044594
070500050307,2014,0.02341919
070500050307,2015,0.024287099
070500050307,2016,0.023050984
070500050307,2017,0.022307235
070500050307,2018,0.022435139
070500050307,2019,0.020733026
070500050307,2020,0.0213546
070500050308,2010,0.007497261
070500050308,2011,0.007951163
070500050308,2012,0.011924394
070500050308,2013,0.00908265
070500050308,2014,0.007862787
070500050308,2015,0.008155585
070500050308,2016,0.007742602
070500050308,2017,0.007495634
070500050308,2018,0.007545306
070500050308,2019,0.006987422
070500050308,2020,0.007199699
070500050401,2010,0.010175303
070500050401,2011,0.010526287
070500050401,2012,0.015294021
070500050401,2013,0.011996555
070500050401,2014,0.010400609
070500050401,2015,0.011037327
070500050401,2016,0.01034652
070500050401,2017,0.009888945
070500050401,2018,0.009631375
070500050401,2019,0.009663125
070500050401,2020,0.009780878
070500050402,2010,0.0
070500050402,2011,0.0
070500050402,2012,0.0
070500050402,2013,0.0
070500050402,2014,0.0
070500050402,2015,0.0
070500050402,2016,0.0
070500050402,2017,0.0
070500050402,2018,0.0
070500050402,2019,0.0
070500050402,2020,0.0
070500050403,2010,0.016237506
070500050403,2011,0.016844124
070500050403,2012,0.024468167
070500050403,2013,0.018975937
070500050403,2014,0.016209357
070500050403,2015,0.017145973
070500050403,2016,0.016148334
070500050403,2017,0.015353718
070500050403,2018,0.014940893
070500050403,2019,0.015088637
070500050403,2020,0.01526622
070500050404,2010,0.028411491
070500050404,2011,0.030026457
070500050404,2012,0.044858293
070500050404,2013,0.034076612
070500050404,2014,0.031151984
070500050404,2015,0.0325737
070500050404,2016,0.029484784
070500050404,2017,0.029754292
070500050404,2018,0.027955535
070500050404,2019,0.027656372
070500050404,2020,0.029078902
070500050501,2010,0.086425453
070500050501,2011,0.090741528
070500050501,2012,0.137098202
070500050501,2013,0.103325172
070500050501,2014,0.093402939
070500050501,2015,0.097639166
070500050501,2016,0.089255821
070500050501,2017,0.089642752
070500050501,2018,0.085748596
070500050501,2019,0.084904738
070500050501,2020,0.089145562
070500050502,2010,0.195552656
070500050502,2011,0.206101178
070500050502,2012,0.311989159
070500050502,2013,0.235909428
070500050502,2014,0.203687182
070500050502,2015,0.211449384
070500050502,2016,0.201224465
070500050502,2017,0.195084268
070500050502,2018,0.197605069
070500050502,2019,0.184938928
070500050502,2020,0.190900661
070500050601,2010,0.0
070500050601,2011,0.0
070500050601,2012,0.0
070500050601,2013,0.0
070500050601,2014,0.0
070500050601,2015,0.0
070500050601,2016,0.0
070500050601,2017,0.0
070500050601,2018,0.0
070500050601,2019,0.0
070500050601,2020,0.0
070500050602,2010,0.000669145
070500050602,2011,0.000704522
070500050602,2012,0.001051937
070500050602,2013,0.000801647
070500050602,2014,0.000696251
070500050602,2015,0.000724418
070500050602,2016,0.000687701
070500050602,2017,0.000666461
070500050602,2018,0.000690934
070500050602,2019,0.000646496
070500050602,2020,0.000670575
070500050701,2010,0.111183166
070500050701,2011,0.11804504
070500050701,2012,0.176744313
070500050701,2013,0.134798028
070500050701,2014,0.116727973
070500050701,2015,0.121053879
070500050701,2016,0.114892728
070500050701,2017,0.11118567
070500050701,2018,0.111823178
070500050701,2019,0.103339357
070500050701,2020,0.106437462
070500050702,2010,0.0
070500050702,2011,0.0
070500050702,2012,0.0
070500050702,2013,0.0
070500050702,2014,0.0
070500050702,2015,0.0
070500050702,2016,0.0
070500050702,2017,0.0
070500050702,2018,0.0
070500050702,2019,0.0
070500050702,2020,0.0
070500050703,2010,0.072503141
070500050703,2011,0.076977806
070500050703,2012,0.115255918
070500050703,2013,0.087902519
070500050703,2014,0.076118939
070500050703,2015,0.078939886
070500050703,2016,0.074922166
070500050703,2017,0.072504774
070500050703,2018,0.072920496
070500050703,2019,0.067388151
070500050703,2020,0.069408442
070500050704,2010,0.0
070500050704,2011,0.0
070500050704,2012,0.0
070500050704,2013,0.0
070500050704,2014,0.0
070500050704,2015,0.0
070500050704,2016,0.0
070500050704,2017,0.0
070500050704,2018,0.0
070500050704,2019,0.0
070500050704,2020,0.0
070500050705,2010,0.079813541
070500050705,2011,0.08473938
070500050705,2012,0.126877025
070500050705,2013,0.096765619
070500050705,2014,0.083793915
070500050705,2015,0.086899294
070500050705,2016,0.082476473
070500050705,2017,0.079815338
070500050705,2018,0.080272977
070500050705,2019,0.074182812
070500050705,2020,0.076406807
070500050801,2010,0.004596284
070500050801,2011,0.004588366
070500050801,2012,0.006726357
070500050801,2013,0.005098654
070500050801,2014,0.004516974
070500050801,2015,0.00480079
070500050801,2016,0.004563981
070500050801,2017,0.004463484
070500050801,2018,0.00550618
070500050801,2019,0.005481531
070500050801,2020,0.005877191
070500050802,2010,0.0
070500050802,2011,0.0
070500050802,2012,0.0
070500050802,2013,0.0
070500050802,2014,0.0
070500050802,2015,0.0
070500050802,2016,0.0
070500050802,2017,0.0
070500050802,2018,0.0
070500050802,2019,0.0
070500050802,2020,0.0
070500050901,2010,0.0
070500050901,2011,0.0
070500050901,2012,0.0
070500050901,2013,0.0
070500050901,2014,0.0
070500050901,2015,0.0
070500050901,2016,0.0
070500050901,2017,0.0
070500050901,2018,0.0
070500050901,2019,0.0
070500050901,2020,0.0
070500050902,2010,0.0
070500050902,2011,0.0
070500050902,2012,0.0
070500050902,2013,0.0
070500050902,2014,0.0
070500050902,2015,0.0
070500050902,2016,0.0
070500050902,2017,0.0
070500050902,2018,0.0
070500050902,2019,0.0
070500050902,2020,0.0
070500050903,2010,0.0
070500050903,2011,0.0
070500050903,2012,0.0
070500050903,2013,0.0
070500050903,2014,0.0
070500050903,2015,0.0
070500050903,2016,0.0
070500050903,2017,0.0
070500050903,2018,0.0
070500050903,2019,0.0
070500050903,2020,0.0
070500050904,2010,0.0
070500050904,2011,0.0
070500050904,2012,0.0
070500050904,2013,0.0
070500050904,2014,0.0
070500050904,2015,0.0
070500050904,2016,0.0
070500050904,2017,0.0
070500050904,2018,0.0
070500050904,2019,0.0
070500050904,2020,0.0
070500050905,2010,0.0
070500050905,2011,0.0
070500050905,2012,0.0
070500050905,2013,0.0
070500050905,2014,0.0
070500050905,2015,0.0
070500050905,2016,0.0
070500050905,2017,0.0
070500050905,2018,0.0
070500050905,2019,0.0
070500050905,2020,0.0
070500050906,2010,0.0
070500050906,2011,0.0
070500050906,2012,0.0
070500050906,2013,0.0
070500050906,2014,0.0
070500050906,2015,0.0
070500050906,2016,0.0
070500050906,2017,0.0
070500050906,2018,0.0
070500050906,2019,0.0
070500050906,2020,0.0
070500051001,2010,0.009084284
070500051001,2011,0.009653339
070500051001,2012,0.013746783
070500051001,2013,0.010584422
070500051001,2014,0.00927411
070500051001,2015,0.009732189
070500051001,2016,0.009196262
070500051001,2017,0.008868602
070500051001,2018,0.008663359
070500051001,2019,0.008507974
070500051001,2020,0.009128488
070500051002,2010,0.00014927
070500051002,2011,0.000154074
070500051002,2012,0.000215126
070500051002,2013,0.00016516
070500051002,2014,0.000148357
070500051002,2015,0.000159199
070500051002,2016,0.000158496
070500051002,2017,0.000142808
070500051002,2018,0.000139297
070500051002,2019,0.000137841
070500051002,2020,0.000137503
070500051003,2010,0.0
070500051003,2011,0.0
070500051003,2012,0.0
070500051003,2013,0.0
070500051003,2014,0.0
070500051003,2015,0.0
070500051003,2016,0.0
070500051003,2017,0.0
070500051003,2018,0.0
070500051003,2019,0.0
070500051003,2020,0.0
070500051004,2010,0.013043377
070500051004,2011,0.013221212
070500051004,2012,0.019122623
070500051004,2013,0.014595782
070500051004,2014,0.013442369
070500051004,2015,0.014215772
070500051004,2016,0.013461426
070500051004,2017,0.012837845
070500051004,2018,0.01262269
070500051004,2019,0.012265954
070500051004,2020,0.012445713
070500051005,2010,0.0
070500051005,2011,0.0
070500051005,2012,0.0
070500051005,2013,0.0
070500051005,2014,0.0
070500051005,2015,0.0
070500051005,2016,0.0
070500051005,2017,0.0
070500051005,2018,0.0
070500051005,2019,0.0
070500051005,2020,0.0
070500051006,2010,0.0
070500051006,2011,0.0
070500051006,2012,0.0
070500051006,2013,0.0
070500051006,2014,0.0
070500051006,2015,0.0
070500051006,2016,0.0
070500051006,2017,0.0
070500051006,2018,0.0
070500051006,2019,0.0
070500051006,2020,0.0
070500051007,2010,0.0
070500051007,2011,0.0
070500051007,2012,0.0
070500051007,2013,0.0
070500051007,2014,0.0
070500051007,2015,0.0
070500051007,2016,0.0
070500051007,2017,0.0
070500051007,2018,0.0
070500051007,2019,0.0
070500051007,2020,0.0
070500051008,2010,0.0
070500051008,2011,0.0
070500051008,2012,0.0
070500051008,2013,0.0
070500051008,2014,0.0
070500051008,2015,0.0
070500051008,2016,0.0
070500051008,2017,0.0
070500051008,2018,0.0
070500051008,2019,0.0
070500051008,2020,0.0
070500051101,2010,0.0
070500051101,2011,0.0
070500051101,2012,0.0
070500051101,2013,0.0
070500051101,2014,0.0
070500051101,2015,0.0
070500051101,2016,0.0
070500051101,2017,0.0
070500051101,2018,0.0
070500051101,2019,0.0
070500051101,2020,0.0
070500051102,2010,0.0
070500051102,2011,0.0
070500051102,2012,0.0
070500051102,2013,0.0
070500051102,2014,0.0
070500051102,2015,0.0
070500051102,2016,0.0
070500051102,2017,0.0
070500051102,2018,0.0
070500051102,2019,0.0
070500051102,2020,0.0
070500051201,2010,0.0
070500051201,2011,0.0
070500051201,2012,0.0
070500051201,2013,0.0
070500051201,2014,0.0
070500051201,2015,0.0
070500051201,2016,0.0
070500051201,2017,0.0
070500051201,2018,0.0
070500051201,2019,0.0
070500051201,2020,0.0
070500051202,2010,0.014543275
070500051202,2011,0.015014707
070500051202,2012,0.021274967
070500051202,2013,0.015851064
070500051202,2014,0.015492041
070500051202,2015,0.015231051
070500051202,2016,0.013456769
070500051202,2017,0.013062915
070500051202,2018,0.01206229
070500051202,2019,0.011973085
070500051202,2020,0.012208986
070500051203,2010,0.0
070500051203,2011,0.0
070500051203,2012,0.0
070500051203,2013,0.0
070500051203,2014,0.0
070500051203,2015,0.0
070500051203,2016,0.0
070500051203,2017,0.0
070500051203,2018,0.0
070500051203,2019,0.0
070500051203,2020,0.0
070500051204,2010,0.0
070500051204,2011,0.0
070500051204,2012,0.0
070500051204,2013,0.0
070500051204,2014,0.0
070500051204,2015,0.0
070500051204,2016,0.0
070500051204,2017,0.0
070500051204,2018,0.0
070500051204,2019,0.0
070500051204,2020,0.0
070500051205,2010,0.0
070500051205,2011,0.0
070500051205,2012,0.0
070500051205,2013,0.0
070500051205,2014,0.0
070500051205,2015,0.0
070500051205,2016,0.0
070500051205,2017,0.0
070500051205,2018,0.0
070500051205,2019,0.0
070500051205,2020,0.0
070500060101,2010,0.0
070500060101,2011,0.0
070500060101,2012,0.0
070500060101,2013,0.0
070500060101,2014,0.0
070500060101,2015,0.0
070500060101,2016,0.0
070500060101,2017,0.0
070500060101,2018,0.0
070500060101,2019,0.0
070500060101,2020,0.0
070500060102,2010,0.009955219
070500060102,2011,0.010500309
070500060102,2012,0.0152032
070500060102,2013,0.011591402
070500060102,2014,0.010348196
070500060102,2015,0.011111415
070500060102,2016,0.010206832
070500060102,2017,0.010221674
070500060102,2018,0.010940984
070500060102,2019,0.010331032
070500060102,2020,0.011056277
070500060103,2010,5.3754e-05
070500060103,2011,5.6697e-05
070500060103,2012,8.2091e-05
070500060103,2013,6.2589e-05
070500060103,2014,5.5876e-05
070500060103,2015,5.9997e-05
070500060103,2016,5.5112e-05
070500060103,2017,5.5193e-05
070500060103,2018,5.9077e-05
070500060103,2019,5.5783e-05
070500060103,2020,5.9699e-05
070500060104,2010,0.017189066
070500060104,2011,0.017167785
070500060104,2012,0.024402087
070500060104,2013,0.018455536
070500060104,2014,0.015598495
070500060104,2015,0.016649196
070500060104,2016,0.015612408
070500060104,2017,0.015790536
070500060104,2018,0.014323113
070500060104,2019,0.013796592
070500060104,2020,0.014501573
070500060105,2010,0.000185288
070500060105,2011,0.000185059
070500060105,2012,0.000263041
070500060105,2013,0.00019894
070500060105,2014,0.000168143
070500060105,2015,0.000179469
070500060105,2016,0.000168293
070500060105,2017,0.000170213
070500060105,2018,0.000154395
070500060105,2019,0.000148719
070500060105,2020,0.000156319
070500060106,2010,0.0
070500060106,2011,0.0
070500060106,2012,0.0
070500060106,2013,0.0
070500060106,2014,0.0
070500060106,2015,0.0
070500060106,2016,0.0
070500060106,2017,0.0
070500060106,2018,0.0
070500060106,2019,0.0
070500060106,2020,0.0
070500060107,2010,0.0
070500060107,2011,0.0
070500060107,2012,0.0
070500060107,2013,0.0
070500060107,2014,0.0
070500060107,2015,0.0
070500060107,2016,0.0
070500060107,2017,0.0
070500060107,2018,0.0
070500060107,2019,0.0
070500060107,2020,0.0
070500060201,2010,0.0
070500060201,2011,0.0
070500060201,2012,0.0
070500060201,2013,0.0
070500060201,2014,0.0
070500060201,2015,0.0
070500060201,2016,0.0
070500060201,2017,0.0
070500060201,2018,0.0
070500060201,2019,0.0
070500060201,2020,0.0
070500060202,2010,0.0
070500060202,2011,0.0
070500060202,2012,0.0
070500060202,2013,0.0
070500060202,2014,0.0
070500060202,2015,0.0
070500060202,2016,0.0
070500060202,2017,0.0
070500060202,2018,0.0
070500060202,2019,0.0
070500060202,2020,0.0
070500060203,2010,0.0
070500060203,2011,0.0
070500060203,2012,0.0
070500060203,2013,0.0
070500060203,2014,0.0
070500060203,2015,0.0
070500060203,2016,0.0
070500060203,2017,0.0
070500060203,2018,0.0
070500060203,2019,0.0
070500060203,2020,0.0
070500060204,2010,0.0
070500060204,2011,0.0
070500060204,2012,0.0
070500060204,2013,0.0
070500060204,2014,0.0
070500060204,2015,0.0
070500060204,2016,0.0
070500060204,2017,0.0
070500060204,2018,0.0
070500060204,2019,0.0
070500060204,2020,0.0
070500060205,2010,0.0
070500060205,2011,0.0
070500060205,2012,0.0
070500060205,2013,0.0
070500060205,2014,0.0
070500060205,2015,0.0
070500060205,2016,0.0
070500060205,2017,0.0
070500060205,2018,0.0
070500060205,2019,0.0
070500060205,2020,0.0
070500060206,2010,0.0
070500060206,2011,0.0
070500060206,2012,0.0
070500060206,2013,0.0
070500060206,2014,0.0
070500060206,2015,0.0
070500060206,2016,0.0
070500060206,2017,0.0
070500060206,2018,0.0
070500060206,2019,0.0
070500060206,2020,0.0
070500060207,2010,0.0
070500060207,2011,0.0
070500060207,2012,0.0
070500060207,2013,0.0
070500060207,2014,0.0
070500060207,2015,0.0
070500060207,2016,0.0
070500060207,2017,0.0
070500060207,2018,0.0
070500060207,2019,0.0
070500060207,2020,0.0
070500060208,2010,0.0
070500060208,2011,0.0
070500060208,2012,0.0
070500060208,2013,0.0
070500060208,2014,0.0
070500060208,2015,0.0
070500060208,2016,0.0
070500060208,2017,0.0
070500060208,2018,0.0
070500060208,2019,0.0
070500060208,2020,0.0
070500060301,2010,0.00264664
070500060301,2011,0.002772908
070500060301,2012,0.003885048
070500060301,2013,0.003222365
070500060301,2014,0.003404452
070500060301,2015,0.003541704
070500060301,2016,0.002381947
070500060301,2017,0.002336782
070500060301,2018,0.002577335
070500060301,2019,0.002491681
070500060301,2020,0.002578746
070500060302,2010,0.0
070500060302,2011,0.0
070500060302,2012,0.0
070500060302,2013,0.0
070500060302,2014,0.0
070500060302,2015,0.0
070500060302,2016,0.0
070500060302,2017,0.0
070500060302,2018,0.0
070500060302,2019,0.0
070500060302,2020,0.0
070500060303,2010,0.005239894
070500060303,2011,0.005145622
070500060303,2012,0.007494766
070500060303,2013,0.005574579
070500060303,2014,0.005090796
070500060303,2015,0.00551414
070500060303,2016,0.005286602
070500060303,2017,0.005063705
070500060303,2018,0.005541095
070500060303,2019,0.00554274
070500060303,2020,0.005766417
070500060304,2010,0.0
070500060304,2011,0.0
070500060304,2012,0.0
070500060304,2013,0.0
070500060304,2014,0.0
070500060304,2015,0.0
070500060304,2016,0.0
070500060304,2017,0.0
070500060304,2018,0.0
070500060304,2019,0.0
070500060304,2020,0.0
070500060401,2010,0.0
070500060401,2011,0.0
070500060401,2012,0.0
070500060401,2013,0.0
070500060401,2014,0.0
070500060401,2015,0.0
070500060401,2016,0.0
070500060401,2017,0.0
070500060401,2018,0.0
070500060401,2019,0.0
070500060401,2020,0.0
070500060402,2010,0.086610352
070500060402,2011,0.090267496
070500060402,2012,0.138904012
070500060402,2013,0.106531909
070500060402,2014,0.090465402
070500060402,2015,0.092728142
070500060402,2016,0.08895355
070500060402,2017,0.085790288
070500060402,2018,0.086784478
070500060402,2019,0.08011913
070500060402,2020,0.082994879
070500060501,2010,0.0
070500060501,2011,0.0
070500060501,2012,0.0
070500060501,2013,0.0
070500060501,2014,0.0
070500060501,2015,0.0
070500060501,2016,0.0
070500060501,2017,0.0
070500060501,2018,0.0
070500060501,2019,0.0
070500060501,2020,0.0
070500060502,2010,0.00954613
070500060502,2011,0.00975648
070500060502,2012,0.016124093
070500060502,2013,0.012390381
070500060502,2014,0.011884128
070500060502,2015,0.010051531
070500060502,2016,0.009907588
070500060502,2017,0.010692631
070500060502,2018,0.009311834
070500060502,2019,0.009071215
070500060502,2020,0.009212016
070500060503,2010,0.0
070500060503,2011,0.0
070500060503,2012,0.0
070500060503,2013,0.0
070500060503,2014,0.0
070500060503,2015,0.0
070500060503,2016,0.0
070500060503,2017,0.0
070500060503,2018,0.0
070500060503,2019,0.0
070500060503,2020,0.0
070500060504,2010,0.006563852
070500060504,2011,0.006764218
070500060504,2012,0.009516604
070500060504,2013,0.007412548
070500060504,2014,0.006826058
070500060504,2015,0.007038766
070500060504,2016,0.006340089
070500060504,2017,0.006139512
070500060504,2018,0.006443469
070500060504,2019,0.006144453
070500060504,2020,0.006300636
070500060505,2010,0.0
070500060505,2011,0.0
070500060505,2012,0.0
070500060505,2013,0.0
070500060505,2014,0.0
070500060505,2015,0.0
070500060505,2016,0.0
070500060505,2017,0.0
070500060505,2018,0.0
070500060505,2019,0.0
070500060505,2020,0.0
070500060506,2010,1.0161e-05
070500060506,2011,1.0471e-05
070500060506,2012,1.4732e-05
070500060506,2013,1.1475e-05
070500060506,2014,1.0567e-05
070500060506,2015,1.0896e-05
070500060506,2016,9.814e-06
070500060506,2017,9.504e-06
070500060506,2018,9.974e-06
070500060506,2019,9.512e-06
070500060506,2020,9.753e-06
070500060507,2010,0.0
070500060507,2011,0.0
070500060507,2012,0.0
070500060507,2013,0.0
070500060507,2014,0.0
070500060507,2015,0.0
070500060507,2016,0.0
070500060507,2017,0.0
070500060507,2018,0.0
070500060507,2019,0.0
070500060507,2020,0.0
070500060508,2010,0.000100142
070500060508,2011,0.000106323
070500060508,2012,0.000159193
070500060508,2013,0.000121412
070500060508,2014,0.000105137
070500060508,2015,0.000109033
070500060508,2016,0.000103484
070500060508,2017,0.000100145
070500060508,2018,0.000100719
070500060508,2019,9.3078e-05
070500060508,2020,9.5868e-05
070500060509,2010,0.119276538
070500060509,2011,0.125273279
070500060509,2012,0.19059816
070500060509,2013,0.145841576
070500060509,2014,0.124848605
070500060509,2015,0.128595511
070500060509,2016,0.122814046
070500060509,2017,0.118614987
070500060509,2018,0.119701956
070500060509,2019,0.110556889
070500060509,2020,0.114254349
070500070101,2010,0.0
070500070101,2011,0.0
070500070101,2012,0.0
070500070101,2013,0.0
070500070101,2014,0.0
070500070101,2015,0.0
070500070101,2016,0.0
070500070101,2017,0.0
070500070101,2018,0.0
070500070101,2019,0.0
070500070101,2020,0.0
070500070102,2010,0.002711012
070500070102,2011,0.002761805
070500070102,2012,0.003621105
070500070102,2013,0.003091279
070500070102,2014,0.002366044
070500070102,2015,0.002466215
070500070102,2016,0.002177426
070500070102,2017,0.00287517
070500070102,2018,0.00210997
070500070102,2019,0.002208883
070500070102,2020,0.002031341
070500070103,2010,0.000147038
070500070103,2011,0.000149793
070500070103,2012,0.000196399
070500070103,2013,0.000167663
070500070103,2014,0.000128328
070500070103,2015,0.000133761
070500070103,2016,0.000118098
070500070103,2017,0.000155941
070500070103,2018,0.000114439
070500070103,2019,0.000119804
070500070103,2020,0.000110174
070500070104,2010,0.0
070500070104,2011,0.0
070500070104,2012,0.0
070500070104,2013,0.0
070500070104,2014,0.0
070500070104,2015,0.0
070500070104,2016,0.0
070500070104,2017,0.0
070500070104,2018,0.0
070500070104,2019,0.0
070500070104,2020,0.0
070500070105,2010,0.0
070500070105,2011,0.0
070500070105,2012,0.0
070500070105,2013,0.0
070500070105,2014,0.0
070500070105,2015,0.0
070500070105,2016,0.0
070500070105,2017,0.0
070500070105,2018,0.0
070500070105,2019,0.0
070500070105,2020,0.0
070500070201,2010,7.3872e-05
070500070201,2011,7.5443e-05
070500070201,2012,0.000101728
070500070201,2013,8.4849e-05
070500070201,2014,7.2437e-05
070500070201,2015,7.7671e-05
070500070201,2016,6.8333e-05
070500070201,2017,6.7647e-05
070500070201,2018,6.4717e-05
070500070201,2019,6.671e-05
070500070201,2020,6.6013e-05
070500070202,2010,0.0
070500070202,2011,0.0
070500070202,2012,0.0
070500070202,2013,0.0
070500070202,2014,0.0
070500070202,2015,0.0
070500070202,2016,0.0
070500070202,2017,0.0
070500070202,2018,0.0
070500070202,2019,0.0
070500070202,2020,0.0
070500070203,2010,0.0
070500070203,2011,0.0
070500070203,2012,0.0
070500070203,2013,0.0
070500070203,2014,0.0
070500070203,2015,0.0
070500070203,2016,0.0
070500070203,2017,0.0
070500070203,2018,0.0
070500070203,2019,0.0
070500070203,2020,0.0
070500070204,2010,0.014708039
070500070204,2011,0.015629796
070500070204,2012,0.021147037
070500070204,2013,0.016526918
070500070204,2014,0.014338154
070500070204,2015,0.016525802
070500070204,2016,0.015507549
070500070204,2017,0.014692421
070500070204,2018,0.014105393
070500070204,2019,0.014558251
070500070204,2020,0.014216542
070500070205,2010,0.000127619
070500070205,2011,0.000135616
070500070205,2012,0.000183488
070500070205,2013,0.000143401
070500070205,2014,0.000124409
070500070205,2015,0.000143391
070500070205,2016,0.000134556
070500070205,2017,0.000127483
070500070205,2018,0.00012239
070500070205,2019,0.000126319
070500070205,2020,0.000123354
070500070206,2010,0.009395916
070500070206,2011,0.009984761
070500070206,2012,0.013509333
070500070206,2013,0.010557868
070500070206,2014,0.009159623
070500070206,2015,0.010557156
070500070206,2016,0.009906666
070500070206,2017,0.009385939
070500070206,2018,0.009010929
070500070206,2019,0.009300227
070500070206,2020,0.009081934
070500070301,2010,0.0
070500070301,2011,0.0
070500070301,2012,0.0
070500070301,2013,0.0
070500070301,2014,0.0
070500070301,2015,0.0
070500070301,2016,0.0
070500070301,2017,0.0
070500070301,2018,0.0
070500070301,2019,0.0
070500070301,2020,0.0
070500070302,2010,0.0
070500070302,2011,0.0
070500070302,2012,0.0
070500070302,2013,0.0
070500070302,2014,0.0
070500070302,2015,0.0
070500070302,2016,0.0
070500070302,2017,0.0
070500070302,2018,0.0
070500070302,2019,0.0
070500070302,2020,0.0
070500070303,2010,0.0
070500070303,2011,0.0
070500070303,2012,0.0
070500070303,2013,0.0
070500070303,2014,0.0
070500070303,2015,0.0
070500070303,2016,0.0
070500070303,2017,0.0
070500070303,2018,0.0
070500070303,2019,0.0
070500070303,2020,0.0
070500070304,2010,0.0
070500070304,2011,0.0
070500070304,2012,0.0
070500070304,2013,0.0
070500070304,2014,0.0
070500070304,2015,0.0
070500070304,2016,0.0
070500070304,2017,0.0
070500070304,2018,0.0
070500070304,2019,0.0
070500070304,2020,0.0
070500070305,2010,0.0
070500070305,2011,0.0
070500070305,2012,0.0
070500070305,2013,0.0
070500070305,2014,0.0
070500070305,2015,0.0
070500070305,2016,0.0
070500070305,2017,0.0
070500070305,2018,0.0
070500070305,2019,0.0
070500070305,2020,0.0
070500070306,2010,0.000224213
070500070306,2011,0.000238074
070500070306,2012,0.00031632
070500070306,2013,0.000260567
070500070306,2014,0.000207783
070500070306,2015,0.00022747
070500070306,2016,0.000211024
070500070306,2017,0.000205809
070500070306,2018,0.000199077
070500070306,2019,0.000202862
070500070306,2020,0.000201984
070500070307,2010,0.001278015
070500070307,2011,0.001357023
070500070307,2012,0.001803023
070500070307,2013,0.001485231
070500070307,2014,0.001184365
070500070307,2015,0.001296578
070500070307,2016,0.001202837
070500070307,2017,0.001173112
070500070307,2018,0.001134739
070500070307,2019,0.001156315
070500070307,2020,0.00115131
070500070308,2010,0.001736828
070500070308,2011,0.001923276
070500070308,2012,0.002598301
070500070308,2013,0.002145752
070500070308,2014,0.001705827
070500070308,2015,0.001920487
070500070308,2016,0.001791487
070500070308,2017,0.001735644
070500070308,2018,0.001691832
070500070308,2019,0.001714905
070500070308,2020,0.001739002
070500070309,2010,0.061979962
070500070309,2011,0.068633495
070500070309,2012,0.092722223
070500070309,2013,0.076572697
070500070309,2014,0.060873668
070500070309,2015,0.068533947
070500070309,2016,0.063930491
070500070309,2017,0.06193768
070500070309,2018,0.060374239
070500070309,2019,0.061197597
070500070309,2020,0.062057516
070500070310,2010,0.008171058
070500070310,2011,0.008533962
070500070310,2012,0.011686075
070500070310,2013,0.009435979
070500070310,2014,0.008184368
070500070310,2015,0.008898178
070500070310,2016,0.008162718
070500070310,2017,0.008207161
070500070310,2018,0.008054356
070500070310,2019,0.007897444
070500070310,2020,0.008117035
070500070401,2010,0.0
070500070401,2011,0.0
070500070401,2012,0.0
070500070401,2013,0.0
070500070401,2014,0.0
070500070401,2015,0.0
070500070401,2016,0.0
070500070401,2017,0.0
070500070401,2018,0.0
070500070401,2019,0.0
070500070401,2020,0.0
070500070402,2010,0.0
070500070402,2011,0.0
070500070402,2012,0.0
070500070402,2013,0.0
070500070402,2014,0.0
070500070402,2015,0.0
070500070402,2016,0.0
070500070402,2017,0.0
070500070402,2018,0.0
070500070402,2019,0.0
070500070402,2020,0.0
070500070403,2010,0.0
070500070403,2011,0.0
070500070403,2012,0.0
070500070403,2013,0.0
070500070403,2014,0.0
070500070403,2015,0.0
070500070403,2016,0.0
070500070403,2017,0.0
070500070403,2018,0.0
070500070403,2019,0.0
070500070403,2020,0.0
070500070404,2010,0.0
070500070404,2011,0.0
070500070404,2012,0.0
070500070404,2013,0.0
070500070404,2014,0.0
070500070404,2015,0.0
070500070404,2016,0.0
070500070404,2017,0.0
070500070404,2018,0.0
070500070404,2019,0.0
070500070404,2020,0.0
070500070405,2010,0.018922418
070500070405,2011,0.019325527
070500070405,2012,0.025514907
070500070405,2013,0.020452212
070500070405,2014,0.01765581
070500070405,2015,0.019465637
070500070405,2016,0.018004589
070500070405,2017,0.017317067
070500070405,2018,0.016984668
070500070405,2019,0.016675456
070500070405,2020,0.017109705
070500070501,2010,7.1432e-05
070500070501,2011,8.545e-05
070500070501,2012,9.3335e-05
070500070501,2013,8.6584e-05
070500070501,2014,7.2873e-05
070500070501,2015,8.1789e-05
070500070501,2016,9.9745e-05
070500070501,2017,7.7347e-05
070500070501,2018,0.00010526
070500070501,2019,9.965e-05
070500070501,2020,9.7646e-05
070500070502,2010,0.0
070500070502,2011,0.0
070500070502,2012,0.0
070500070502,2013,0.0
070500070502,2014,0.0
070500070502,2015,0.0
070500070502,2016,0.0
070500070502,2017,0.0
070500070502,2018,0.0
070500070502,2019,0.0
070500070502,2020,0.0
070500070503,2010,0.0
070500070503,2011,0.0
070500070503,2012,0.0
070500070503,2013,0.0
070500070503,2014,0.0
070500070503,2015,0.0
070500070503,2016,0.0
070500070503,2017,0.0
070500070503,2018,0.0
070500070503,2019,0.0
070500070503,2020,0.0
070500070504,2010,0.008140803
070500070504,2011,0.008689356
070500070504,2012,0.011811915
070500070504,2013,0.009490102
070500070504,2014,0.008124363
070500070504,2015,0.008917542
070500070504,2016,0.008119073
070500070504,2017,0.00811994
070500070504,2018,0.007706415
070500070504,2019,0.007669958
070500070504,2020,0.00779573
070500070505,2010,0.007371251
070500070505,2011,0.007661152
070500070505,2012,0.011903827
070500070505,2013,0.009351156
070500070505,2014,0.008608593
070500070505,2015,0.007505174
070500070505,2016,0.006888322
070500070505,2017,0.006784697
070500070505,2018,0.006583203
070500070505,2019,0.00687171
070500070505,2020,0.007074232
070500070506,2010,0.0
070500070506,2011,0.0
070500070506,2012,0.0
070500070506,2013,0.0
070500070506,2014,0.0
070500070506,2015,0.0
070500070506,2016,0.0
070500070506,2017,0.0
070500070506,2018,0.0
070500070506,2019,0.0
070500070506,2020,0.0
070500070601,2010,0.003012893
070500070601,2011,0.003092432
070500070601,2012,0.00443897
070500070601,2013,0.003568287
070500070601,2014,0.00299421
070500070601,2015,0.003027144
070500070601,2016,0.00279851
070500070601,2017,0.002731376
070500070601,2018,0.002758056
070500070601,2019,0.00262209
070500070601,2020,0.002791378
070500070602,2010,0.014204469
070500070602,2011,0.014506606
070500070602,2012,0.019560808
070500070602,2013,0.016315263
070500070602,2014,0.013928514
070500070602,2015,0.014934948
070500070602,2016,0.013139384
070500070602,2017,0.013007509
070500070602,2018,0.012444198
070500070602,2019,0.012827388
070500070602,2020,0.012693415
070500070603,2010,0.003655431
070500070603,2011,0.004279329
070500070603,2012,0.005061468
070500070603,2013,0.004453298
070500070603,2014,0.003772073
070500070603,2015,0.004162789
070500070603,2016,0.004727908
070500070603,2017,0.003820378
070500070603,2018,0.004695516
070500070603,2019,0.004505527
070500070603,2020,0.004320534
070500070604,2010,0.0
070500070604,2011,0.0
070500070604,2012,0.0
070500070604,2013,0.0
070500070604,2014,0.0
070500070604,2015,0.0
070500070604,2016,0.0
070500070604,2017,0.0
070500070604,2018,0.0
070500070604,2019,0.0
070500070604,2020,0.0
070500070605,2010,0.0
070500070605,2011,0.0
070500070605,2012,0.0
070500070605,2013,0.0
070500070605,2014,0.0
070500070605,2015,0.0
070500070605,2016,0.0
070500070605,2017,0.0
070500070605,2018,0.0
070500070605,2019,0.0
070500070605,2020,0.0
070500070606,2010,0.0
070500070606,2011,0.0
070500070606,2012,0.0
070500070606,2013,0.0
070500070606,2014,0.0
070500070606,2015,0.0
070500070606,2016,0.0
070500070606,2017,0.0
070500070606,2018,0.0
070500070606,2019,0.0
070500070606,2020,0.0
070500070607,2010,0.0
070500070607,2011,0.0
070500070607,2012,0.0
070500070607,2013,0.0
070500070607,2014,0.0
070500070607,2015,0.0
070500070607,2016,0.0
070500070607,2017,0.0
070500070607,2018,0.0
070500070607,2019,0.0
070500070607,2020,0.0
070500070608,2010,0.0
070500070608,2011,0.0
070500070608,2012,0.0
070500070608,2013,0.0
070500070608,2014,0.0
070500070608,2015,0.0
070500070608,2016,0.0
070500070608,2017,0.0
070500070608,2018,0.0
070500070608,2019,0.0
070500070608,2020,0.0
070500070609,2010,0.0
070500070609,2011,0.0
070500070609,2012,0.0
070500070609,2013,0.0
070500070609,2014,0.0
070500070609,2015,0.0
070500070609,2016,0.0
070500070609,2017,0.0
070500070609,2018,0.0
070500070609,2019,0.0
070500070609,2020,0.0
070500070610,2010,0.00460946
070500070610,2011,0.004935989
070500070610,2012,0.007150665
070500070610,2013,0.005778438
070500070610,2014,0.004595733
070500070610,2015,0.004793679
070500070610,2016,0.004584586
070500070610,2017,0.00439898
070500070610,2018,0.004182207
070500070610,2019,0.003979942
070500070610,2020,0.00416311
070500070701,2010,0.001962684
070500070701,2011,0.002055319
070500070701,2012,0.002831397
070500070701,2013,0.00209162
070500070701,2014,0.00194331
070500070701,2015,0.002058232
070500070701,2016,0.001798642
070500070701,2017,0.001795966
070500070701,2018,0.00172153
070500070701,2019,0.001710616
070500070701,2020,0.001745707
070500070702,2010,0.000599086
070500070702,2011,0.000611789
070500070702,2012,0.000889792
070500070702,2013,0.000735045
070500070702,2014,0.000678698
070500070702,2015,0.000729781
070500070702,2016,0.000671185
070500070702,2017,0.000655271
070500070702,2018,0.000640414
070500070702,2019,0.00062567
070500070702,2020,0.00063437
070500070703,2010,0.0
070500070703,2011,0.0
070500070703,2012,0.0
070500070703,2013,0.0
070500070703,2014,0.0
070500070703,2015,0.0
070500070703,2016,0.0
070500070703,2017,0.0
070500070703,2018,0.0
070500070703,2019,0.0
070500070703,2020,0.0
070500070704,2010,0.000207668
070500070704,2011,0.00021083
070500070704,2012,0.000274596
070500070704,2013,0.000219682
070500070704,2014,0.000188765
070500070704,2015,0.000209439
070500070704,2016,0.000194411
070500070704,2017,0.000183662
070500070704,2018,0.000180055
070500070704,2019,0.000177063
070500070704,2020,0.00018147
070500070705,2010,0.0
070500070705,2011,0.0
070500070705,2012,0.0
070500070705,2013,0.0
070500070705,2014,0.0
070500070705,2015,0.0
070500070705,2016,0.0
070500070705,2017,0.0
070500070705,2018,0.0
070500070705,2019,0.0
070500070705,2020,0.0
070500070706,2010,0.0
070500070706,2011,0.0
070500070706,2012,0.0
070500070706,2013,0.0
070500070706,2014,0.0
070500070706,2015,0.0
070500070706,2016,0.0
070500070706,2017,0.0
070500070706,2018,0.0
070500070706,2019,0.0
070500070706,2020,0.0
070500070707,2010,0.0
070500070707,2011,0.0
070500070707,2012,0.0
070500070707,2013,0.0
070500070707,2014,0.0
070500070707,2015,0.0
070500070707,2016,0.0
070500070707,2017,0.0
070500070707,2018,0.0
070500070707,2019,0.0
070500070707,2020,0.0
070500070708,2010,0.003699076
070500070708,2011,0.003788237
070500070708,2012,0.004570787
070500070708,2013,0.004161409
070500070708,2014,0.003771904
070500070708,2015,0.003504136
070500070708,2016,0.003216782
070500070708,2017,0.003031238
070500070708,2018,0.003017618
070500070708,2019,0.003033007
070500070708,2020,0.003094462
070500070709,2010,0.000903405
070500070709,2011,0.00092518
070500070709,2012,0.001116298
070500070709,2013,0.001016318
070500070709,2014,0.000921191
070500070709,2015,0.000855796
070500070709,2016,0.000785617
070500070709,2017,0.000740302
070500070709,2018,0.000736976
070500070709,2019,0.000740734
070500070709,2020,0.000755743
070500070710,2010,0.008308076
070500070710,2011,0.008737547
070500070710,2012,0.011718119
070500070710,2013,0.009762863
070500070710,2014,0.008328931
070500070710,2015,0.008609456
070500070710,2016,0.00802316
070500070710,2017,0.007526485
070500070710,2018,0.007433414
070500070710,2019,0.007128292
070500070710,2020,0.007422425
070500071001,2010,0.0
070500071001,2011,0.0
070500071001,2012,0.0
070500071001,2013,0.0
070500071001,2014,0.0
070500071001,2015,0.0
070500071001,2016,0.0
070500071001,2017,0.0
070500071001,2018,0.0
070500071001,2019,0.0
070500071001,2020,0.0
070500071002,2010,0.012935781
070500071002,2011,0.013459925
070500071002,2012,0.0192951
070500071002,2013,0.015230124
070500071002,2014,0.012948563
070500071002,2015,0.014191398
070500071002,2016,0.013057534
070500071002,2017,0.012086134
070500071002,2018,0.012027047
070500071002,2019,0.011408662
070500071002,2020,0.011947361
070500071003,2010,0.054343561
070500071003,2011,0.058028878
070500071003,2012,0.082199532
070500071003,2013,0.065450977
070500071003,2014,0.053934477
070500071003,2015,0.059140393
070500071003,2016,0.055531293
070500071003,2017,0.051976933
070500071003,2018,0.051129328
070500071003,2019,0.047835133
070500071003,2020,0.050355758
070500071004,2010,0.001635534
070500071004,2011,0.001746448
070500071004,2012,0.002473892
070500071004,2013,0.001969825
070500071004,2014,0.001623222
070500071004,2015,0.0017799
070500071004,2016,0.00167128
070500071004,2017,0.001564307
070500071004,2018,0.001538798
070500071004,2019,0.001439655
070500071004,2020,0.001515516
070500071005,2010,0.0
070500071005,2011,0.0
070500071005,2012,0.0
070500071005,2013,0.0
070500071005,2014,0.0
070500071005,2015,0.0
070500071005,2016,0.0
070500071005,2017,0.0
070500071005,2018,0.0
070500071005,2019,0.0
070500071005,2020,0.0
070500071006,2010,0.03294043
070500071006,2011,0.035162798
070500071006,2012,0.04983386
070500071006,2013,0.039644861
070500071006,2014,0.03314143
070500071006,2015,0.036023689
070500071006,2016,0.033641599
070500071006,2017,0.0314954
070500071006,2018,0.031128846
070500071006,2019,0.029162609
070500071006,2020,0.030675627
070600010101,2010,0.001591405
070600010101,2011,0.001690322
070600010101,2012,0.002686576
070600010101,2013,0.002018381
070600010101,2014,0.001875177
070600010101,2015,0.001956921
070600010101,2016,0.00169742
070600010101,2017,0.001583558
070600010101,2018,0.001513793
070600010101,2019,0.001483961
070600010101,2020,0.001564808
070600010102,2010,0.0
070600010102,2011,0.0
070600010102,2012,0.0
070600010102,2013,0.0
070600010102,2014,0.0
070600010102,2015,0.0
070600010102,2016,0.0
070600010102,2017,0.0
070600010102,2018,0.0
070600010102,2019,0.0
070600010102,2020,0.0
070600010103,2010,0.004891177
070600010103,2011,0.005483987
070600010103,2012,0.007913144
070600010103,2013,0.005612241
070600010103,2014,0.005554036
070600010103,2015,0.005833711
070600010103,2016,0.005275276
070600010103,2017,0.005009653
070600010103,2018,0.004640362
070600010103,2019,0.004425918
070600010103,2020,0.004731159
070600010104,2010,0.003534856
070600010104,2011,0.003898956
070600010104,2012,0.005938687
070600010104,2013,0.004502877
070600010104,2014,0.004557831
070600010104,2015,0.004051026
070600010104,2016,0.003300239
070600010104,2017,0.003690806
070600010104,2018,0.003312243
070600010104,2019,0.003343856
070600010104,2020,0.00364302
070600010301,2010,0.013607985
070600010301,2011,0.014608966
070600010301,2012,0.021561814
070600010301,2013,0.016355148
070600010301,2014,0.016058111
070600010301,2015,0.016349057
070600010301,2016,0.014364566
070600010301,2017,0.014179807
070600010301,2018,0.013425798
070600010301,2019,0.013215653
070600010301,2020,0.013939797
070600010302,2010,0.009705952
070600010302,2011,0.010269848
070600010302,2012,0.01642684
070600010302,2013,0.012369999
070600010302,2014,0.011399474
070600010302,2015,0.011996968
070600010302,2016,0.010386803
070600010302,2017,0.009633718
070600010302,2018,0.009179301
070600010302,2019,0.008991285
070600010302,2020,0.009547767
070600010303,2010,0.0
070600010303,2011,0.0
070600010303,2012,0.0
070600010303,2013,0.0
070600010303,2014,0.0
070600010303,2015,0.0
070600010303,2016,0.0
070600010303,2017,0.0
070600010303,2018,0.0
070600010303,2019,0.0
070600010303,2020,0.0
070600010304,2010,0.006379776
070600010304,2011,0.006849062
070600010304,2012,0.010108737
070600010304,2013,0.007667717
070600010304,2014,0.007528458
070600010304,2015,0.007664861
070600010304,2016,0.006734481
070600010304,2017,0.006647861
070600010304,2018,0.006294362
070600010304,2019,0.00619584
070600010304,2020,0.006535338
070600010305,2010,0.0
070600010305,2011,0.0
070600010305,2012,0.0
070600010305,2013,0.0
070600010305,2014,0.0
070600010305,2015,0.0
070600010305,2016,0.0
070600010305,2017,0.0
070600010305,2018,0.0
070600010305,2019,0.0
070600010305,2020,0.0
070600010306,2010,0.0
070600010306,2011,0.0
070600010306,2012,0.0
070600010306,2013,0.0
070600010306,2014,0.0
070600010306,2015,0.0
070600010306,2016,0.0
070600010306,2017,0.0
070600010306,2018,0.0
070600010306,2019,0.0
070600010306,2020,0.0
070600010307,2010,0.0
070600010307,2011,0.0
070600010307,2012,0.0
070600010307,2013,0.0
070600010307,2014,0.0
070600010307,2015,0.0
070600010307,2016,0.0
070600010307,2017,0.0
070600010307,2018,0.0
070600010307,2019,0.0
070600010307,2020,0.0
070600010501,2010,0.010862945
070600010501,2011,0.011632322
070600010501,2012,0.017481466
070600010501,2013,0.013220182
070600010501,2014,0.012662984
070600010501,2015,0.013268568
070600010501,2016,0.011881677
070600010501,2017,0.012202658
070600010501,2018,0.010842724
070600010501,2019,0.010766263
070600010501,2020,0.011316038
070600010502,2010,0.0
070600010502,2011,0.0
070600010502,2012,0.0
070600010502,2013,0.0
070600010502,2014,0.0
070600010502,2015,0.0
070600010502,2016,0.0
070600010502,2017,0.0
070600010502,2018,0.0
070600010502,2019,0.0
070600010502,2020,0.0
070600010504,2010,0.018058278
070600010504,2011,0.019544557
070600010504,2012,0.029230176
070600010504,2013,0.022377024
070600010504,2014,0.021549186
070600010504,2015,0.021598746
070600010504,2016,0.018989801
070600010504,2017,0.01932269
070600010504,2018,0.018105812
070600010504,2019,0.017537936
070600010504,2020,0.018640609
070600010505,2010,0.005102148
070600010505,2011,0.005730922
070600010505,2012,0.008024603
070600010505,2013,0.005850875
070600010505,2014,0.00584234
070600010505,2015,0.006415361
070600010505,2016,0.005591308
070600010505,2017,0.005404104
070600010505,2018,0.004914824
070600010505,2019,0.004281653
070600010505,2020,0.004458027
070600010701,2010,0.0
070600010701,2011,0.0
070600010701,2012,0.0
070600010701,2013,0.0
070600010701,2014,0.0
070600010701,2015,0.0
070600010701,2016,0.0
070600010701,2017,0.0
070600010701,2018,0.0
070600010701,2019,0.0
070600010701,2020,0.0
070600010702,2010,0.010408124
070600010702,2011,0.014250643
070600010702,2012,0.019191278
070600010702,2013,0.014624388
070600010702,2014,0.014286154
070600010702,2015,0.014411252
070600010702,2016,0.012766847
070600010702,2017,0.012932832
070600010702,2018,0.011731884
070600010702,2019,0.011305864
070600010702,2020,0.011973687
070600010703,2010,0.0
070600010703,2011,0.0
070600010703,2012,0.0
070600010703,2013,0.0
070600010703,2014,0.0
070600010703,2015,0.0
070600010703,2016,0.0
070600010703,2017,0.0
070600010703,2018,0.0
070600010703,2019,0.0
070600010703,2020,0.0
070600010704,2010,0.000523349
070600010704,2011,0.000580316
070600010704,2012,0.000752394
070600010704,2013,0.000629723
070600010704,2014,0.000594642
070600010704,2015,0.00056604
070600010704,2016,0.000472655
070600010704,2017,0.000533446
070600010704,2018,0.000473087
070600010704,2019,0.000435246
070600010704,2020,0.000439371
070600010705,2010,0.0
070600010705,2011,0.0
070600010705,2012,0.0
070600010705,2013,0.0
070600010705,2014,0.0
070600010705,2015,0.0
070600010705,2016,0.0
070600010705,2017,0.0
070600010705,2018,0.0
070600010705,2019,0.0
070600010705,2020,0.0
070600010707,2010,0.0
070600010707,2011,0.0
070600010707,2012,0.0
070600010707,2013,0.0
070600010707,2014,0.0
070600010707,2015,0.0
070600010707,2016,0.0
070600010707,2017,0.0
070600010707,2018,0.0
070600010707,2019,0.0
070600010707,2020,0.0
070600011001,2010,0.000774504
070600011001,2011,0.000836982
070600011001,2012,0.001240706
070600011001,2013,0.000828209
070600011001,2014,0.000808306
070600011001,2015,0.000800869
070600011001,2016,0.000686371
070600011001,2017,0.000728287
070600011001,2018,0.000705724
070600011001,2019,0.000709938
070600011001,2020,0.000738158
070600011003,2010,0.053465116
070600011003,2011,0.059454617
070600011003,2012,0.081100019
070600011003,2013,0.058531308
070600011003,2014,0.057533711
070600011003,2015,0.05848563
070600011003,2016,0.050538729
070600011003,2017,0.050702541
070600011003,2018,0.045337814
070600011003,2019,0.044420421
070600011003,2020,0.045016278
070600030101,2010,0.0
070600030101,2011,0.0
070600030101,2012,0.0
070600030101,2013,0.0
070600030101,2014,0.0
070600030101,2015,0.0
070600030101,2016,0.0
070600030101,2017,0.0
070600030101,2018,0.0
070600030101,2019,0.0
070600030101,2020,0.0
070600030102,2010,0.0
070600030102,2011,0.0
070600030102,2012,0.0
070600030102,2013,0.0
070600030102,2014,0.0
070600030102,2015,0.0
070600030102,2016,0.0
070600030102,2017,0.0
070600030102,2018,0.0
070600030102,2019,0.0
070600030102,2020,0.0
070600030103,2010,0.001272606
070600030103,2011,0.001476578
070600030103,2012,0.002070883
070600030103,2013,0.001496934
070600030103,2014,0.001452563
070600030103,2015,0.001325304
070600030103,2016,0.000974044
070600030103,2017,0.001160473
070600030103,2018,0.000851692
070600030103,2019,0.000852157
070600030103,2020,0.000851441
070600030104,2010,0.01523119
070600030104,2011,0.017332427
070600030104,2012,0.024126512
070600030104,2013,0.017978905
070600030104,2014,0.018194773
070600030104,2015,0.018440785
070600030104,2016,0.016616332
070600030104,2017,0.017675522
070600030104,2018,0.015719294
070600030104,2019,0.015218922
070600030104,2020,0.015704379
070600030201,2010,0.005337765
070600030201,2011,0.006174103
070600030201,2012,0.008420945
070600030201,2013,0.006303063
070600030201,2014,0.005886329
070600030201,2015,0.00603041
070600030201,2016,0.005735671
070600030201,2017,0.006270022
070600030201,2018,0.005251612
070600030201,2019,0.004930429
070600030201,2020,0.005109613
070600030202,2010,0.028145266
070600030202,2011,0.032362319
070600030202,2012,0.045989392
070600030202,2013,0.0331267
070600030202,2014,0.033520761
070600030202,2015,0.034253289
070600030202,2016,0.032080752
070600030202,2017,0.034686574
070600030202,2018,0.027759497
070600030202,2019,0.026237343
070600030202,2020,0.027660557
070600030203,2010,0.0
070600030203,2011,0.0
070600030203,2012,0.0
070600030203,2013,0.0
070600030203,2014,0.0
070600030203,2015,0.0
070600030203,2016,0.0
070600030203,2017,0.0
070600030203,2018,0.0
070600030203,2019,0.0
070600030203,2020,0.0
070600030301,2010,0.0
070600030301,2011,0.0
070600030301,2012,0.0
070600030301,2013,0.0
070600030301,2014,0.0
070600030301,2015,0.0
070600030301,2016,0.0
070600030301,2017,0.0
070600030301,2018,0.0
070600030301,2019,0.0
070600030301,2020,0.0
070600030302,2010,0.0
070600030302,2011,0.0
070600030302,2012,0.0
070600030302,2013,0.0
070600030302,2014,0.0
070600030302,2015,0.0
070600030302,2016,0.0
070600030302,2017,0.0
070600030302,2018,0.0
070600030302,2019,0.0
070600030302,2020,0.0
070600030303,2010,3.7339e-05
070600030303,2011,4.0136e-05
070600030303,2012,5.6351e-05
070600030303,2013,4.0571e-05
070600030303,2014,3.9167e-05
070600030303,2015,3.976e-05
070600030303,2016,3.4921e-05
070600030303,2017,3.6715e-05
070600030303,2018,3.3486e-05
070600030303,2019,3.1541e-05
070600030303,2020,3.3073e-05
070600030401,2010,0.0
070600030401,2011,0.0
070600030401,2012,0.0
070600030401,2013,0.0
070600030401,2014,0.0
070600030401,2015,0.0
070600030401,2016,0.0
070600030401,2017,0.0
070600030401,2018,0.0
070600030401,2019,0.0
070600030401,2020,0.0
070600030402,2010,0.004276821
070600030402,2011,0.004293911
070600030402,2012,0.006278291
070600030402,2013,0.004516565
070600030402,2014,0.004584083
070600030402,2015,0.004667001
070600030402,2016,0.004128783
070600030402,2017,0.004069584
070600030402,2018,0.003798484
070600030402,2019,0.003606046
070600030402,2020,0.00365529
070600030403,2010,0.0
070600030403,2011,0.0
070600030403,2012,0.0
070600030403,2013,0.0
070600030403,2014,0.0
070600030403,2015,0.0
070600030403,2016,0.0
070600030403,2017,0.0
070600030403,2018,0.0
070600030403,2019,0.0
070600030403,2020,0.0
070600030404,2010,0.000260636
070600030404,2011,0.000286685
070600030404,2012,0.000397323
070600030404,2013,0.000318843
070600030404,2014,0.000289957
070600030404,2015,0.000274226
070600030404,2016,0.000260741
070600030404,2017,0.00028557
070600030404,2018,0.000253584
070600030404,2019,0.000251813
070600030404,2020,0.000275764
070600030405,2010,0.067656881
070600030405,2011,0.074418737
070600030405,2012,0.103138511
070600030405,2013,0.082766386
070600030405,2014,0.075267998
070600030405,2015,0.071184608
070600030405,2016,0.067683939
070600030405,2017,0.074129092
070600030405,2018,0.06582624
070600030405,2019,0.065366452
070600030405,2020,0.071583848
070600030406,2010,0.002951524
070600030406,2011,0.00324497
070600030406,2012,0.004906431
070600030406,2013,0.003264786
070600030406,2014,0.003279033
070600030406,2015,0.003062676
070600030406,2016,0.002779165
070600030406,2017,0.002928383
070600030406,2018,0.002501448
070600030406,2019,0.002279622
070600030406,2020,0.002483817
070600030501,2010,0.0
070600030501,2011,0.0
070600030501,2012,0.0
070600030501,2013,0.0
070600030501,2014,0.0
070600030501,2015,0.0
070600030501,2016,0.0
070600030501,2017,0.0
070600030501,2018,0.0
070600030501,2019,0.0
070600030501,2020,0.0
070600030502,2010,0.001124682
070600030502,2011,0.001319637
070600030502,2012,0.001679569
070600030502,2013,0.001215143
070600030502,2014,0.00133879
070600030502,2015,0.001350178
070600030502,2016,0.001075211
070600030502,2017,0.001071206
070600030502,2018,0.001018341
070600030502,2019,0.000974058
070600030502,2020,0.000987026
070600030503,2010,0.0
070600030503,2011,0.0
070600030503,2012,0.0
070600030503,2013,0.0
070600030503,2014,0.0
070600030503,2015,0.0
070600030503,2016,0.0
070600030503,2017,0.0
070600030503,2018,0.0
070600030503,2019,0.0
070600030503,2020,0.0
070600030504,2010,0.0
070600030504,2011,0.0
070600030504,2012,0.0
070600030504,2013,0.0
070600030504,2014,0.0
070600030504,2015,0.0
070600030504,2016,0.0
070600030504,2017,0.0
070600030504,2018,0.0
070600030504,2019,0.0
070600030504,2020,0.0
070600030505,2010,0.0
070600030505,2011,0.0
070600030505,2012,0.0
070600030505,2013,0.0
070600030505,2014,0.0
070600030505,2015,0.0
070600030505,2016,0.0
070600030505,2017,0.0
070600030505,2018,0.0
070600030505,2019,0.0
070600030505,2020,0.0
070600030506,2010,0.004822783
070600030506,2011,0.00540288
070600030506,2012,0.007865194
070600030506,2013,0.005414071
070600030506,2014,0.005409811
070600030506,2015,0.005134093
070600030506,2016,0.004650504
070600030506,2017,0.004863663
070600030506,2018,0.004167748
070600030506,2019,0.003849427
070600030506,2020,0.004125203
070600030702,2010,0.0
070600030702,2011,0.0
070600030702,2012,0.0
070600030702,2013,0.0
070600030702,2014,0.0
070600030702,2015,0.0
070600030702,2016,0.0
070600030702,2017,0.0
070600030702,2018,0.0
070600030702,2019,0.0
070600030702,2020,0.0
070600030704,2010,0.009167714
070600030704,2011,0.010528553
070600030704,2012,0.014042453
070600030704,2013,0.010000237
070600030704,2014,0.009778838
070600030704,2015,0.009698357
070600030704,2016,0.009190297
070600030704,2017,0.009360408
070600030704,2018,0.008496783
070600030704,2019,0.008128429
070600030704,2020,0.008436571
070600030705,2010,0.007120079
070600030705,2011,0.008142118
070600030705,2012,0.011049745
070600030705,2013,0.008198997
070600030705,2014,0.007917778
070600030705,2015,0.007965685
070600030705,2016,0.007420536
070600030705,2017,0.00747148
070600030705,2018,0.007079078
070600030705,2019,0.006496254
070600030705,2020,0.006758798
070600030706,2010,0.011835897
070600030706,2011,0.013997674
070600030706,2012,0.020186206
070600030706,2013,0.014086453
070600030706,2014,0.013372748
070600030706,2015,0.012146189
070600030706,2016,0.009675049
070600030706,2017,0.00981367
070600030706,2018,0.010579184
070600030706,2019,0.010144477
070600030706,2020,0.010717558
070600030707,2010,0.0
070600030707,2011,0.0
070600030707,2012,0.0
070600030707,2013,0.0
070600030707,2014,0.0
070600030707,2015,0.0
070600030707,2016,0.0
070600030707,2017,0.0
070600030707,2018,0.0
070600030707,2019,0.0
070600030707,2020,0.0
070600030708,2010,0.006168621
070600030708,2011,0.006810017
070600030708,2012,0.009455762
070600030708,2013,0.006916885
070600030708,2014,0.006679843
070600030708,2015,0.006742488
070600030708,2016,0.005952863
070600030708,2017,0.006243765
070600030708,2018,0.005650487
070600030708,2019,0.00531652
070600030708,2020,0.00571488
070600050201,2010,0.002521771
070600050201,2011,0.002880465
070600050201,2012,0.003733115
070600050201,2013,0.002977366
070600050201,2014,0.002867543
070600050201,2015,0.002881193
070600050201,2016,0.002408456
070600050201,2017,0.002732427
070600050201,2018,0.002218693
070600050201,2019,0.002127202
070600050201,2020,0.002255983
070600050202,2010,0.813379155
070600050202,2011,0.943089556
070600050202,2012,1.31103592
070600050202,2013,0.970582236
070600050202,2014,0.933127837
070600050202,2015,0.935018918
070600050202,2016,0.840273528
070600050202,2017,0.865760664
070600050202,2018,0.794737277
070600050202,2019,0.743202962
070600050202,2020,0.847239596
070600050203,2010,0.009918869
070600050203,2011,0.01135443
070600050203,2012,0.016517747
070600050203,2013,0.011900202
070600050203,2014,0.011560466
070600050203,2015,0.011233212
070600050203,2016,0.010571834
070600050203,2017,0.0109144
070600050203,2018,0.009963001
070600050203,2019,0.009223244
070600050203,2020,0.009638722
070600050205,2010,0.000526177
070600050205,2011,0.000677327
070600050205,2012,0.000939347
070600050205,2013,0.000701197
070600050205,2014,0.000653356
070600050205,2015,0.000696447
070600050205,2016,0.000674139
070600050205,2017,0.000719307
070600050205,2018,0.000608677
070600050205,2019,0.000559173
070600050205,2020,0.000599785
070600050301,2010,0.0
070600050301,2011,0.0
070600050301,2012,0.0
070600050301,2013,0.0
070600050301,2014,0.0
070600050301,2015,0.0
070600050301,2016,0.0
070600050301,2017,0.0
070600050301,2018,0.0
070600050301,2019,0.0
070600050301,2020,0.0
070600050302,2010,0.006592112
070600050302,2011,0.007541915
070600050302,2012,0.010936554
070600050302,2013,0.007737629
070600050302,2014,0.007588942
070600050302,2015,0.007314098
070600050302,2016,0.006814114
070600050302,2017,0.007007433
070600050302,2018,0.006374051
070600050302,2019,0.005921724
070600050302,2020,0.006271751
070600050303,2010,0.010086369
070600050303,2011,0.011952039
070600050303,2012,0.016185146
070600050303,2013,0.011730127
070600050303,2014,0.011140853
070600050303,2015,0.011114198
070600050303,2016,0.009618562
070600050303,2017,0.009548725
070600050303,2018,0.009696634
070600050303,2019,0.009317994
070600050303,2020,0.009751149
070600050304,2010,0.002469183
070600050304,2011,0.002684639
070600050304,2012,0.003728715
070600050304,2013,0.002737082
070600050304,2014,0.002705783
070600050304,2015,0.002603929
070600050304,2016,0.002237216
070600050304,2017,0.002373758
070600050304,2018,0.002219595
070600050304,2019,0.002096632
070600050304,2020,0.002208191
070600050305,2010,6.949e-06
070600050305,2011,7.906e-06
070600050305,2012,1.0751e-05
070600050305,2013,7.702e-06
070600050305,2014,7.25e-06
070600050305,2015,7.107e-06
070600050305,2016,6.693e-06
070600050305,2017,7.325e-06
070600050305,2018,6.629e-06
070600050305,2019,5.929e-06
070600050305,2020,6.534e-06
070600050306,2010,0.013027452
070600050306,2011,0.014701084
070600050306,2012,0.021160653
070600050306,2013,0.015505406
070600050306,2014,0.015041407
070600050306,2015,0.014654289
070600050306,2016,0.01355404
070600050306,2017,0.014126759
070600050306,2018,0.013005207
070600050306,2019,0.012076648
070600050306,2020,0.012539535
070600050502,2010,0.017705288
070600050502,2011,0.020502535
070600050502,2012,0.027514194
070600050502,2013,0.019973241
070600050502,2014,0.019107235
070600050502,2015,0.018427662
070600050502,2016,0.017478017
070600050502,2017,0.018558318
070600050502,2018,0.017122295
070600050502,2019,0.016077585
070600050502,2020,0.016812527
070600050503,2010,0.007004397
070600050503,2011,0.007753434
070600050503,2012,0.011205799
070600050503,2013,0.007693631
070600050503,2014,0.00738368
070600050503,2015,0.007189069
070600050503,2016,0.006403522
070600050503,2017,0.006703667
070600050503,2018,0.006065791
070600050503,2019,0.005458311
070600050503,2020,0.005968132
070700010101,2010,0.0
070700010101,2011,0.0
070700010101,2012,0.0
070700010101,2013,0.0
070700010101,2014,0.0
070700010101,2015,0.0
070700010101,2016,0.0
070700010101,2017,0.0
070700010101,2018,0.0
070700010101,2019,0.0
070700010101,2020,0.0
070700010102,2010,0.0
070700010102,2011,0.0
070700010102,2012,0.0
070700010102,2013,0.0
070700010102,2014,0.0
070700010102,2015,0.0
070700010102,2016,0.0
070700010102,2017,0.0
070700010102,2018,0.0
070700010102,2019,0.0
070700010102,2020,0.0
070700010103,2010,0.0
070700010103,2011,0.0
070700010103,2012,0.0
070700010103,2013,0.0
070700010103,2014,0.0
070700010103,2015,0.0
070700010103,2016,0.0
070700010103,2017,0.0
070700010103,2018,0.0
070700010103,2019,0.0
070700010103,2020,0.0
070700010104,2010,0.0
070700010104,2011,0.0
070700010104,2012,0.0
070700010104,2013,0.0
070700010104,2014,0.0
070700010104,2015,0.0
070700010104,2016,0.0
070700010104,2017,0.0
070700010104,2018,0.0
070700010104,2019,0.0
070700010104,2020,0.0
