huc12_id,year,incrunoff_mm/mo,incbsflow_mm/mo,soilmstfr_frac
070300010905,2010,29.572249334,29.178944041,0.31404393
070300010905,2011,25.154367322,23.857253874,0.315072699
070300010905,2012,15.84170848,15.565414636,0.278331823
070300010905,2013,22.068373585,20.398450101,0.315002483
070300010905,2014,33.280582395,31.8121611,0.347544507
070300010905,2015,35.404021278,34.347687721,0.34345914
070300010905,2016,26.692371273,26.369104741,0.331367811
070300010905,2017,29.554557808,28.977224408,0.314450251
070300010905,2018,25.538450449,24.86375234,0.307213271
070300010905,2019,30.610437507,29.748100201,0.332321693
070300010906,2010,28.784335427,28.00648639,0.261595063
070300010906,2011,28.581912129,26.816142581,0.250800929
070300010906,2012,14.594663829,13.888503117,0.233353844
070300010906,2013,19.459086592,18.372399381,0.265946826
070300010906,2014,29.484434178,28.076741156,0.277468391
070300010906,2015,32.559308041,30.629102432,0.274291437
070300010906,2016,25.67703336,25.012350343,0.266437371
070300010906,2017,28.991312776,27.866856169,0.259613596
070300010906,2018,28.206693013,26.845744207,0.259241337
070300010906,2019,31.07768325,30.031353236,0.267930417
070300011201,2010,21.758513976,4.883533504,0.53553104
070300011201,2011,16.820447435,6.116499213,0.519123886
070300011201,2012,5.570829431,1.808831137,0.421742533
070300011201,2013,11.111127381,4.693383722,0.509693074
070300011201,2014,26.528059526,8.666930291,0.569025047
070300011201,2015,28.518091496,6.796486523,0.508075144
070300011201,2016,32.720702134,9.276119536,0.538108478
070300011201,2017,33.337643588,8.817681811,0.520569374
070300011201,2018,19.255703393,7.508371285,0.507564588
070300011201,2019,30.291061673,9.277830141,0.572212281
070300011202,2010,18.994121972,7.754037216,0.48520362
070300011202,2011,19.887575365,10.698480943,0.463940618
070300011202,2012,7.782381904,4.204249297,0.363137431
070300011202,2013,10.775474083,5.217408037,0.436193902
070300011202,2014,21.066448758,9.231041604,0.511044891
070300011202,2015,24.749138055,10.336517525,0.492288102
070300011202,2016,24.610566018,13.053727472,0.495251305
070300011202,2017,26.952460831,11.18195229,0.490496009
070300011202,2018,17.860819006,8.740998298,0.478635737
070300011202,2019,29.795968769,12.441774472,0.537051833
070300011203,2010,23.095220116,5.680018389,0.416255564
070300011203,2011,24.851550778,7.676741603,0.404581286
070300011203,2012,9.018101399,2.74083582,0.303889593
070300011203,2013,11.86537787,4.213842585,0.374424136
070300011203,2014,24.636605022,7.161879207,0.412010159
070300011203,2015,26.060741764,6.750442726,0.400380798
070300011203,2016,24.286083272,7.257308817,0.410015513
070300011203,2017,25.322380207,6.469288872,0.407944242
070300011203,2018,19.958081955,5.765368441,0.379311891
070300011203,2019,28.071032386,7.780891661,0.437181788
070300011205,2010,24.793394224,9.775655332,0.391496958
070300011205,2011,28.410088676,12.648538136,0.364743788
070300011205,2012,8.746094734,4.048297899,0.304292593
070300011205,2013,11.87969116,5.963617961,0.362379397
070300011205,2014,29.396924783,12.362050679,0.400224538
070300011205,2015,28.040864755,9.68507102,0.393060169
070300011205,2016,23.860201152,9.792193021,0.392176592
070300011205,2017,27.492401605,10.154608401,0.383944287
070300011205,2018,21.857139654,9.463073362,0.383690789
070300011205,2019,27.83899882,11.725503568,0.405637686
070300020101,2010,13.950021018,6.782302651,0.654595507
070300020101,2011,12.25158323,6.509765604,0.59815014
070300020101,2012,6.56977535,3.512916693,0.545335325
070300020101,2013,14.370952733,6.974916015,0.63410692
070300020101,2014,20.400526618,9.92865404,0.701825222
070300020101,2015,13.708958744,6.926001679,0.646006017
070300020101,2016,23.759917903,11.607553296,0.671225855
070300020101,2017,17.64092839,8.612407538,0.681074391
070300020101,2018,10.820204557,5.559163322,0.646943728
070300020101,2019,24.995721785,11.573812444,0.693215664
070300020102,2010,23.105875586,8.13286099,0.674672601
070300020102,2011,17.209015129,8.441550697,0.599825916
070300020102,2012,4.195061697,1.73651431,0.543347099
070300020102,2013,14.663173052,6.555746086,0.656058947
070300020102,2014,29.983739647,11.579679448,0.723644579
070300020102,2015,21.450499354,8.098101561,0.673841322
070300020102,2016,32.419126725,13.006431194,0.674741707
070300020102,2017,28.70608374,9.323410499,0.730640277
070300020102,2018,15.110081585,5.718951549,0.670487622
070300020102,2019,29.758659529,12.095681184,0.702299596
070300020103,2010,25.389240364,7.183634384,0.690211692
070300020103,2011,19.028681333,6.98055203,0.604438054
070300020103,2012,8.072604737,3.735629527,0.540948552
070300020103,2013,17.369574805,5.675388153,0.651527227
070300020103,2014,32.026763058,8.940843085,0.728116536
070300020103,2015,23.265043596,7.362925795,0.678720991
070300020103,2016,35.368767401,10.23109823,0.684409045
070300020103,2017,30.450360009,8.562448607,0.73110604
070300020103,2018,19.228640604,6.600494799,0.675539084
070300020103,2019,36.464385071,10.287503779,0.708154482
070300020104,2010,10.844140388,4.463259618,0.711659149
070300020104,2011,16.772736938,5.235743757,0.636781914
070300020104,2012,5.767488679,4.475780236,0.57110194
070300020104,2013,13.087809785,4.284247553,0.685426565
070300020104,2014,18.771226107,5.019208883,0.75086857
070300020104,2015,13.324544937,5.522449504,0.696841023
070300020104,2016,18.775626229,6.336491419,0.745122323
070300020104,2017,16.294774092,6.462568789,0.767485509
070300020104,2018,13.524263375,6.04365344,0.70918227
070300020104,2019,22.80048972,6.721437265,0.737463177
070300020105,2010,25.79995024,8.134713071,0.696453577
070300020105,2011,21.830867028,7.895095114,0.622558583
070300020105,2012,7.271713794,4.000443116,0.55421157
070300020105,2013,16.450311541,5.489328238,0.668347348
070300020105,2014,32.113543544,9.585481639,0.739821281
070300020105,2015,25.794015511,9.135575757,0.684135391
070300020105,2016,35.805228279,11.74976653,0.718823691
070300020105,2017,33.697315977,10.577028044,0.755013489
070300020105,2018,21.217294927,7.367283483,0.693790217
070300020105,2019,40.679752394,11.623207207,0.72715475
070300020106,2010,21.049519515,10.567567007,0.673327571
070300020106,2011,19.62358401,10.752139477,0.605866907
070300020106,2012,7.676137733,5.336700711,0.532406324
070300020106,2013,15.663658198,8.173118804,0.64522433
070300020106,2014,27.957000922,13.931125717,0.720412533
070300020106,2015,23.320836905,12.136246262,0.660785626
070300020106,2016,29.32354718,15.243886584,0.690665471
070300020106,2017,30.809749549,14.383750504,0.738680541
070300020106,2018,19.421086116,9.967589384,0.672190373
070300020106,2019,36.04516155,16.754693895,0.715903108
070300020201,2010,16.15677913,6.045514984,0.643727685
070300020201,2011,14.636579275,5.176850769,0.578610338
070300020201,2012,3.649084131,2.198608222,0.484628685
070300020201,2013,11.832922261,3.893836953,0.585155591
070300020201,2014,25.519524583,7.856512061,0.713223156
070300020201,2015,18.899946342,7.025202301,0.65859545
070300020201,2016,21.961647401,8.418890074,0.61745835
070300020201,2017,23.644375255,9.243283606,0.702364594
070300020201,2018,14.726233745,5.766593263,0.669096947
070300020201,2019,27.671023831,9.488802285,0.716840551
070300020202,2010,25.794732179,4.170896815,0.661583806
070300020202,2011,24.001664623,4.40261403,0.591349837
070300020202,2012,8.322714428,2.413236216,0.52040883
070300020202,2013,20.38694906,3.336658567,0.620100154
070300020202,2014,37.818571628,5.789290956,0.722663569
070300020202,2015,25.912841941,4.806597106,0.665434201
070300020202,2016,33.566624612,6.025129501,0.64795236
070300020202,2017,33.014432189,5.322272295,0.709503621
070300020202,2018,23.128836975,4.026967164,0.668608612
070300020202,2019,43.246183889,6.905031806,0.717268568
070300020203,2010,15.730032331,3.946235229,0.654992498
070300020203,2011,16.747355757,4.756519544,0.578662259
070300020203,2012,3.254180915,1.704819364,0.49938601
070300020203,2013,13.414112125,3.233572191,0.600548383
070300020203,2014,27.272174497,6.395618656,0.713940392
070300020203,2015,15.743577054,5.28672613,0.6435761
070300020203,2016,21.504181065,6.112149896,0.608337117
070300020203,2017,19.578818981,5.048455949,0.678203953
070300020203,2018,13.21481361,3.67210483,0.654154013
070300020203,2019,32.503978639,7.605097499,0.710564365
070300020204,2010,21.75241533,4.81798374,0.653668411
070300020204,2011,20.063204428,5.31452054,0.569260184
070300020204,2012,3.072189119,1.571119887,0.486897383
070300020204,2013,16.90432136,3.607559375,0.592636901
070300020204,2014,34.885928804,7.266116539,0.71070474
070300020204,2015,18.526042893,5.654736445,0.639540699
070300020204,2016,27.363619307,7.430936643,0.604441461
070300020204,2017,28.506454964,6.61441043,0.675747334
070300020204,2018,17.280342229,4.183362402,0.64866265
070300020204,2019,39.599457112,8.841426905,0.707975656
070300020205,2010,19.323813994,4.485546649,0.612568355
070300020205,2011,15.659873958,3.932026095,0.559575441
070300020205,2012,3.476398384,1.485022709,0.472534127
070300020205,2013,12.641458603,2.626598614,0.586607758
070300020205,2014,32.270227779,5.736096595,0.68689062
070300020205,2015,23.415962037,5.701427552,0.635987613
070300020205,2016,23.73982694,6.118377083,0.590891287
070300020205,2017,25.396900303,5.737131651,0.641338011
070300020205,2018,16.335418104,3.643087706,0.62678681
070300020205,2019,32.243335549,6.1601875,0.695184558
070300020206,2010,23.554185524,6.295465209,0.579421188
070300020206,2011,17.744313959,6.698693096,0.523395707
070300020206,2012,7.009406258,5.054696499,0.462016271
070300020206,2013,13.232675052,5.553925684,0.577852505
070300020206,2014,30.901633008,7.568829633,0.581165544
070300020206,2015,18.309184802,7.052655302,0.591304914
070300020206,2016,24.087615878,8.010162627,0.575343903
070300020206,2017,27.924380149,8.112499924,0.578648975
070300020206,2018,16.988145509,6.558378032,0.586843188
070300020206,2019,31.591005407,8.094604435,0.629064136
070300020207,2010,18.994839291,3.187707995,0.597583173
070300020207,2011,13.625706088,3.103268993,0.543487932
070300020207,2012,2.56325481,1.526547393,0.45920472
070300020207,2013,9.13045374,2.102199554,0.57078097
070300020207,2014,27.66292079,4.188465532,0.659954171
070300020207,2015,16.567257929,4.092741949,0.617641196
070300020207,2016,20.683812056,4.674929039,0.578538153
070300020207,2017,21.446031581,3.967838037,0.615400193
070300020207,2018,13.88430853,2.889400766,0.611166562
070300020207,2019,26.743583303,4.501557854,0.675971088
070300020301,2010,16.032510718,5.408819896,0.677959072
070300020301,2011,14.511365107,6.571703888,0.599346833
070300020301,2012,5.56944312,2.780667591,0.55168713
070300020301,2013,11.868978652,4.834753004,0.657801274
070300020301,2014,26.053831746,9.47467472,0.739051553
070300020301,2015,20.339655366,7.499563607,0.6909533
070300020301,2016,24.5103455,9.574098323,0.678642958
070300020301,2017,25.513021571,8.355675488,0.740659714
070300020301,2018,13.748828481,5.05582967,0.694349248
070300020301,2019,25.739684258,9.37626524,0.722495653
070300020302,2010,16.352221343,4.7947285,0.671170686
070300020302,2011,15.466534198,4.38239379,0.596598624
070300020302,2012,5.383913532,1.488768363,0.539207034
070300020302,2013,13.256442794,3.329378068,0.648718116
070300020302,2014,25.337006858,6.586317966,0.728234043
070300020302,2015,21.456731544,6.064876309,0.676563117
070300020302,2016,24.365822052,7.201571364,0.655971805
070300020302,2017,26.355800019,7.164840196,0.723767725
070300020302,2018,14.697447229,4.309991394,0.683200613
070300020302,2019,28.513239512,7.221988151,0.718926392
070300020303,2010,16.711283244,4.010881182,0.657808935
070300020303,2011,12.800746854,3.808961381,0.603004134
070300020303,2012,4.199788175,1.820340488,0.533677283
070300020303,2013,15.844906116,2.803321144,0.668988886
070300020303,2014,27.691305351,5.514633154,0.727167714
070300020303,2015,22.893959602,5.404539885,0.690847496
070300020303,2016,27.55742043,6.783127213,0.666183894
070300020303,2017,30.519696371,6.254222257,0.752857262
070300020303,2018,16.921466618,4.828994967,0.701355929
070300020303,2019,27.112084421,5.858068338,0.712536253
070300020304,2010,15.813613661,5.331979211,0.638620301
070300020304,2011,13.572363545,4.820287422,0.58468573
070300020304,2012,3.015608682,1.709580891,0.514157602
070300020304,2013,17.768827615,3.978939042,0.648229709
070300020304,2014,25.845068761,6.801932969,0.705515897
070300020304,2015,23.911779872,7.21086452,0.669957557
070300020304,2016,30.439786629,9.318897611,0.647603137
070300020304,2017,33.182218589,9.272880159,0.731655682
070300020304,2018,19.734085799,6.681733849,0.682738857
070300020304,2019,27.477452088,7.636764626,0.693077906
070300020305,2010,16.221806845,3.439486791,0.646411723
070300020305,2011,14.026703066,2.918429478,0.572020277
070300020305,2012,2.724908501,0.863895377,0.503493104
070300020305,2013,12.48081771,2.312379358,0.626445586
070300020305,2014,25.816748411,4.596164768,0.708784494
070300020305,2015,25.271109611,4.565972461,0.663709532
070300020305,2016,22.344635476,5.012853986,0.637117156
070300020305,2017,29.294798365,5.108916447,0.701831576
070300020305,2018,16.036529958,3.193772636,0.666125709
070300020305,2019,30.726956465,5.551641122,0.712101569
070300020306,2010,19.666949246,2.948774832,0.643996994
070300020306,2011,17.575318608,3.207349108,0.571026597
070300020306,2012,5.391844798,1.195421321,0.525153626
070300020306,2013,20.167584717,2.542827647,0.649416766
070300020306,2014,31.861890965,4.505596375,0.698819081
070300020306,2015,29.686499059,4.478775298,0.662392593
070300020306,2016,33.253462485,5.207141353,0.647085423
070300020306,2017,39.298061658,5.101010194,0.723617492
070300020306,2018,21.903197443,3.662468202,0.672867592
070300020306,2019,35.092554772,4.781425064,0.690043817
070300020307,2010,13.76755468,2.592546395,0.618880962
070300020307,2011,13.201602716,2.466919901,0.550721757
070300020307,2012,2.664267701,0.916514109,0.484797116
070300020307,2013,10.474552378,1.757137614,0.603494635
070300020307,2014,21.64597816,3.430610051,0.677200686
070300020307,2015,22.881172858,3.51758095,0.633514742
070300020307,2016,18.282551848,3.847266411,0.60614798
070300020307,2017,22.944121352,3.372234897,0.669725346
070300020307,2018,12.901795844,2.32640939,0.640031918
070300020307,2019,26.837689023,4.239248475,0.683682415
070300020308,2010,19.539309117,3.562942518,0.580857611
070300020308,2011,13.749596088,3.241286184,0.512650187
070300020308,2012,3.379607435,1.213033967,0.426442859
070300020308,2013,17.012217387,2.89130151,0.563732604
070300020308,2014,23.766353763,4.592574962,0.618417111
070300020308,2015,25.427633133,4.66397024,0.601246596
070300020308,2016,26.07848316,5.696976471,0.577504433
070300020308,2017,30.516015568,5.050915013,0.62064664
070300020308,2018,18.992395042,3.568841225,0.591637073
070300020308,2019,27.694877389,5.460547672,0.646191853
070300020309,2010,10.258936105,4.585314985,0.56099772
070300020309,2011,6.736354573,3.506068958,0.509121796
070300020309,2012,1.782099724,1.181576287,0.426669199
070300020309,2013,8.176612028,3.184391554,0.549733115
070300020309,2014,12.386809008,5.283023929,0.587954642
070300020309,2015,13.135008182,5.478388986,0.579974474
070300020309,2016,15.109158645,6.852585401,0.555383501
070300020309,2017,13.052177446,5.704580331,0.577691996
070300020309,2018,9.425700994,4.201821143,0.565437424
070300020309,2019,14.553029391,6.50819833,0.63453703
070300020310,2010,14.084046599,6.723343071,0.638338177
070300020310,2011,11.807524563,6.41916735,0.583853852
070300020310,2012,4.649590703,3.884688295,0.507496045
070300020310,2013,7.16704158,4.522203706,0.634550653
070300020310,2014,18.086005976,8.681733735,0.701291081
070300020310,2015,20.004543072,9.745075591,0.672891493
070300020310,2016,16.582904849,9.424189702,0.621825569
070300020310,2017,19.775999862,9.568072846,0.709051162
070300020310,2018,12.846275515,6.774828867,0.683244532
070300020310,2019,23.093544504,10.576232059,0.709264403
070300020311,2010,13.866606905,4.32922874,0.473700735
070300020311,2011,11.106360252,3.839720833,0.422420202
070300020311,2012,2.955516603,1.724803394,0.375817888
070300020311,2013,5.170005511,2.224780855,0.442981462
070300020311,2014,14.942254538,4.448905933,0.483461305
070300020311,2015,19.646660462,5.799008988,0.502804516
070300020311,2016,16.636745526,5.878322538,0.476036806
070300020311,2017,17.038398736,5.294250174,0.485005812
070300020311,2018,11.675012423,3.961601633,0.48870557
070300020311,2019,19.56551747,5.799726714,0.502374271
070300020401,2010,17.99710647,16.431506353,0.481211892
070300020401,2011,13.663093831,11.818735289,0.438953334
070300020401,2012,2.409645073,2.399882021,0.350184127
070300020401,2013,10.308984049,6.826458452,0.427028233
070300020401,2014,25.084210938,17.418478556,0.533306338
070300020401,2015,21.686470114,17.907207838,0.550118749
070300020401,2016,20.948344936,18.063028186,0.524632006
070300020401,2017,22.613919293,18.631049265,0.489423026
070300020401,2018,13.395625263,11.711418389,0.477263834
070300020401,2019,29.119948638,21.645109689,0.619938722
070300020402,2010,20.234355495,18.543745429,0.43611699
070300020402,2011,12.794817073,11.750761704,0.386807455
070300020402,2012,4.173086801,3.733833855,0.317942112
070300020402,2013,8.643138335,7.644325314,0.395583137
070300020402,2014,23.014255998,19.696674966,0.440398686
070300020402,2015,15.457531025,14.441217134,0.457178563
070300020402,2016,21.689545444,19.720043938,0.476069411
070300020402,2017,20.636547258,18.474294137,0.432803368
070300020402,2018,14.851119419,13.837811987,0.440867647
070300020402,2019,24.159587539,21.360719883,0.510450336
070300020403,2010,22.123796751,18.404635074,0.45098054
070300020403,2011,13.611947263,11.484112848,0.409548997
070300020403,2012,2.64659773,2.533384382,0.333102978
070300020403,2013,9.379091339,6.761132101,0.404534619
070300020403,2014,25.903102913,17.899563226,0.487323558
070300020403,2015,19.860436593,16.576755989,0.503497029
070300020403,2016,23.10899217,19.165395075,0.494379715
070300020403,2017,24.555543521,18.049365948,0.455044498
070300020403,2018,16.301882144,13.425019576,0.452001949
070300020403,2019,29.504393286,21.499567382,0.568618365
070300020404,2010,7.334509289,6.347266413,0.460286542
070300020404,2011,16.167805325,11.914830712,0.428430218
070300020404,2012,5.550957533,4.993081459,0.335959482
070300020404,2013,12.045830517,8.459756097,0.421924202
070300020404,2014,17.677161239,12.447983566,0.467705487
070300020404,2015,10.547071753,9.605622551,0.47382134
070300020404,2016,12.547147617,11.028589101,0.484237114
070300020404,2017,10.740710545,9.737692009,0.454947484
070300020404,2018,7.418279333,6.546702222,0.4433406
070300020404,2019,18.828761381,12.48630005,0.550223027
070300020405,2010,18.798998828,15.618177765,0.564041865
070300020405,2011,19.938407837,13.730236952,0.502147837
070300020405,2012,6.228873757,4.810295297,0.43993835
070300020405,2013,11.44343529,6.430621089,0.54437757
070300020405,2014,23.741955159,14.654950026,0.588210388
070300020405,2015,21.044192744,16.996354782,0.566078826
070300020405,2016,21.057811935,17.135560018,0.528767348
070300020405,2017,23.9742806,17.451351497,0.596944033
070300020405,2018,16.72851858,12.94608687,0.577406592
070300020405,2019,30.050683948,20.452048597,0.599601779
070300020406,2010,18.520080396,15.935723147,0.444861821
070300020406,2011,14.214264107,11.990604229,0.403322822
070300020406,2012,4.19552994,3.577777197,0.335477899
070300020406,2013,8.067948572,6.289157922,0.406311317
070300020406,2014,19.51195393,15.375794723,0.458597711
070300020406,2015,19.715225069,16.688062364,0.473167092
070300020406,2016,19.930293134,17.04680279,0.48236066
070300020406,2017,21.338854685,17.531022823,0.448560237
070300020406,2018,14.595719836,12.616299373,0.454069835
070300020406,2019,25.427599169,20.209026691,0.528451938
070300020407,2010,24.787573478,20.728563404,0.457306148
070300020407,2011,23.936430105,19.286816832,0.439440377
070300020407,2012,10.119432564,8.596840865,0.374443863
070300020407,2013,14.994609247,11.194916505,0.435784552
070300020407,2014,29.103495457,20.826023306,0.498732035
070300020407,2015,29.000002204,23.302688593,0.489312851
070300020407,2016,32.271756137,26.419436177,0.460571869
070300020407,2017,30.560149894,23.559214519,0.48876462
070300020407,2018,22.48624034,18.482848729,0.49364655
070300020407,2019,38.546929543,28.239640691,0.513678642
070300050101,2010,16.385902487,5.341465487,0.532706855
070300050101,2011,15.098653566,4.519254172,0.49005093
070300050101,2012,3.622983501,2.395208134,0.430871393
070300050101,2013,10.889277076,3.215745166,0.493107923
070300050101,2014,18.899984033,5.219671973,0.54675822
070300050101,2015,11.22253144,4.370285496,0.573928831
070300050101,2016,13.848786042,5.113242526,0.552362017
070300050101,2017,15.242654844,5.565671384,0.571448793
070300050101,2018,10.006931792,3.638038675,0.582253854
070300050101,2019,23.86734556,7.082594628,0.609908171
070300050102,2010,12.107549597,8.490289249,0.32911808
070300050102,2011,12.435178052,8.777589992,0.307448255
070300050102,2012,7.144204649,5.647804343,0.270888306
070300050102,2013,7.718049599,5.847217459,0.278157874
070300050102,2014,16.414430814,11.168893621,0.337655252
070300050102,2015,15.367025209,11.252069093,0.342853751
070300050102,2016,10.914111607,7.993546926,0.322821331
070300050102,2017,12.676459879,9.432587241,0.306475516
070300050102,2018,13.456555213,9.730367609,0.298525175
070300050102,2019,14.131523739,10.052521542,0.316606738
070300050103,2010,16.176226028,6.578196628,0.449450706
070300050103,2011,16.18155949,6.373981234,0.411850298
070300050103,2012,5.921766367,4.161766656,0.352971651
070300050103,2013,10.448404078,4.670240102,0.401835363
070300050103,2014,20.793114146,7.813840232,0.47129216
070300050103,2015,15.503745212,7.191154813,0.478347608
070300050103,2016,15.414566921,7.080045171,0.459071911
070300050103,2017,16.674667943,7.075210874,0.466152708
070300050103,2018,12.950940803,5.96108279,0.453798241
070300050103,2019,23.000712832,8.212132605,0.484841705
070300050104,2010,22.395475113,8.678745605,0.391447697
070300050104,2011,23.302575345,9.625567471,0.352577562
070300050104,2012,7.942494393,4.025535455,0.291336326
070300050104,2013,13.044209948,5.529067665,0.345415538
070300050104,2014,29.524098663,10.9239169,0.405931486
070300050104,2015,21.631306286,8.743616217,0.416438708
070300050104,2016,22.413086597,8.806193028,0.400568178
070300050104,2017,20.891829794,9.018840603,0.403567711
070300050104,2018,22.211388907,8.612636291,0.393538383
070300050104,2019,23.086666405,9.703726647,0.406598332
070300050201,2010,30.492258874,4.579716233,0.380555259
070300050201,2011,28.130728096,5.775396786,0.356851394
070300050201,2012,12.013305842,2.560572058,0.310444904
070300050201,2013,15.05424363,3.229917022,0.36646892
070300050201,2014,37.485852233,6.360579044,0.391676604
070300050201,2015,32.757148949,4.836735582,0.372154074
070300050201,2016,28.41307129,4.437821266,0.374888723
070300050201,2017,31.503578384,4.946727498,0.368973814
070300050201,2018,26.802288661,4.14930459,0.372178795
070300050201,2019,32.791728083,5.301699601,0.398080286
070300050207,2010,32.563116343,3.041166541,0.334031827
070300050207,2011,24.466036818,3.109578694,0.319903951
070300050207,2012,8.743170045,1.401406135,0.276927159
070300050207,2013,17.243048588,2.040711083,0.318978113
070300050207,2014,34.582931538,3.859213081,0.339648352
070300050207,2015,27.726554275,3.015917559,0.323790468
070300050207,2016,28.35775191,3.078852983,0.32496129
070300050207,2017,30.521956776,3.402829879,0.322274779
070300050207,2018,23.091672001,2.638598321,0.317036059
070300050207,2019,35.9066262,3.771727844,0.352337509
070300050501,2010,19.436640698,3.241827166,0.55919073
070300050501,2011,14.517461218,3.168210469,0.522207964
070300050501,2012,5.185002978,2.522393957,0.47236786
070300050501,2013,13.303999558,2.93192404,0.524196024
070300050501,2014,23.117138412,3.838200676,0.574157962
070300050501,2015,14.700768632,3.453959562,0.594880605
070300050501,2016,18.318305417,3.938478386,0.573766506
070300050501,2017,18.098339071,3.72949082,0.598063231
070300050501,2018,14.083141197,3.050893068,0.618283785
070300050501,2019,28.374980316,4.605831141,0.644173345
070300050502,2010,19.826344664,3.972383938,0.434453368
070300050502,2011,16.205339641,3.389504493,0.395186939
070300050502,2012,4.801806791,1.502695877,0.341696373
070300050502,2013,10.262321951,2.41597496,0.395733477
070300050502,2014,25.113284168,4.711995309,0.44350291
070300050502,2015,14.342370747,3.516095065,0.444869082
070300050502,2016,18.738898059,4.525059842,0.438960886
070300050502,2017,16.01930858,3.882448524,0.436299681
070300050502,2018,15.168954243,3.162929132,0.432252837
070300050502,2019,21.470501842,4.689220306,0.445463685
070300050503,2010,25.298640307,4.135466717,0.545396986
070300050503,2011,18.010511244,3.734296693,0.504009413
070300050503,2012,6.631409961,2.437107523,0.449266667
070300050503,2013,14.673536085,2.919592752,0.499375078
070300050503,2014,26.0471639,4.313020306,0.554717634
070300050503,2015,17.221334694,3.9142465,0.576984655
070300050503,2016,20.641422836,4.735112854,0.558655679
070300050503,2017,22.95139997,4.530190895,0.578416879
070300050503,2018,15.570815133,3.415625434,0.595097317
070300050503,2019,32.891933113,5.420987843,0.624005135
070300050504,2010,18.8038321,11.937418436,0.422910126
070300050504,2011,17.328068367,13.183908232,0.393696099
070300050504,2012,5.635356646,4.867682636,0.364078572
070300050504,2013,11.993141306,8.923208701,0.418523334
070300050504,2014,22.698224292,15.461211112,0.451053286
070300050504,2015,14.700929224,10.298583947,0.42858677
070300050504,2016,19.666226779,13.36500466,0.42550949
070300050504,2017,19.477780853,12.886629984,0.42719313
070300050504,2018,16.514670064,11.46436459,0.431090747
070300050504,2019,21.924442329,13.73269747,0.451712257
070300050505,2010,26.041119109,8.058513798,0.400560749
070300050505,2011,20.40425496,7.381027911,0.373162842
070300050505,2012,7.248555882,3.147130398,0.336621655
070300050505,2013,15.033787348,4.887078499,0.382373696
070300050505,2014,30.089097695,10.40024245,0.414939277
070300050505,2015,22.537697911,7.563138871,0.411382265
070300050505,2016,26.306301558,9.223978666,0.405124203
070300050505,2017,25.27331725,8.313313653,0.405017833
070300050505,2018,20.643520987,8.13807454,0.410951966
070300050505,2019,31.926758033,9.392171417,0.429508165
070300050601,2010,25.021691584,9.02662483,0.544059476
070300050601,2011,22.102043678,11.24656799,0.518518342
070300050601,2012,9.987910335,5.521604376,0.43077743
070300050601,2013,18.958413093,8.117308304,0.499611931
070300050601,2014,29.059745299,12.009806311,0.541189222
070300050601,2015,21.223301199,8.954262122,0.532740063
070300050601,2016,26.167310612,11.548542891,0.55049466
070300050601,2017,25.451323541,9.357085913,0.547687035
070300050601,2018,19.83967917,8.808114331,0.548759507
070300050601,2019,39.553044195,14.310776574,0.618053321
070300050602,2010,47.377883332,11.737392459,0.495968106
070300050602,2011,35.336191782,11.098725352,0.454056658
070300050602,2012,12.613770092,3.184790186,0.377474534
070300050602,2013,29.018632306,7.136410824,0.465922285
070300050602,2014,48.498675163,12.954029125,0.500468361
070300050602,2015,35.176242079,10.363044639,0.490984544
070300050602,2016,41.588544904,11.708613204,0.490701604
070300050602,2017,45.804468402,11.55899806,0.499499628
070300050602,2018,31.330063445,8.891706751,0.499906752
070300050602,2019,64.129963048,15.396564706,0.544978569
070300050604,2010,19.329601334,8.143098528,0.56142038
070300050604,2011,16.219542814,10.396076229,0.540185014
070300050604,2012,7.74427951,5.234802204,0.458403654
070300050604,2013,17.21066834,8.138729267,0.530615157
070300050604,2014,23.529933209,11.068890862,0.561476331
070300050604,2015,16.611189453,8.016915309,0.551842009
070300050604,2016,19.844822639,10.712954867,0.567568571
070300050604,2017,19.484421837,8.327228818,0.568063244
070300050604,2018,16.410540468,8.179112922,0.569751648
070300050604,2019,33.316820464,13.480497146,0.635080517
070300050605,2010,31.961082657,7.990370022,0.565248984
070300050605,2011,24.771724998,9.524670015,0.532478896
070300050605,2012,11.156944464,3.985582272,0.434682328
070300050605,2013,23.944440506,6.642820028,0.518879193
070300050605,2014,35.402718203,10.194231996,0.560788636
070300050605,2015,25.061945069,7.660138226,0.551119368
070300050605,2016,33.656031207,10.136283046,0.565746643
070300050605,2017,29.366224931,8.289770734,0.570317416
070300050605,2018,24.892662185,7.885852905,0.562976595
070300050605,2019,51.608805143,12.919028974,0.629731667
070300050701,2010,24.371577827,7.628946281,0.412690379
070300050701,2011,20.071179863,9.500399856,0.384522389
070300050701,2012,11.463200049,7.414059402,0.339828567
070300050701,2013,16.988614706,7.064991951,0.389013663
070300050701,2014,24.643783673,8.241761177,0.4115431
070300050701,2015,20.9095101,9.034604149,0.404961688
070300050701,2016,20.025478707,9.181506347,0.402745242
070300050701,2017,21.827405552,9.124435652,0.398650607
070300050701,2018,15.243153633,8.041406113,0.38888496
070300050701,2019,33.064152211,9.237949169,0.421862684
070300050702,2010,22.211415988,6.531046854,0.518108678
070300050702,2011,20.003263966,8.803553473,0.472677916
070300050702,2012,10.098140511,6.512995459,0.416108656
070300050702,2013,17.665249304,6.733056324,0.501365881
070300050702,2014,27.364785743,8.434317802,0.542012986
070300050702,2015,19.55235491,8.243133873,0.529035027
070300050702,2016,22.083441602,8.312092419,0.510771077
070300050702,2017,21.458840975,7.898283391,0.530639286
070300050702,2018,17.881654298,7.48332429,0.538693758
070300050702,2019,33.758637831,9.531114123,0.581538404
070300050703,2010,20.182888898,11.470063299,0.567975495
070300050703,2011,19.047282788,14.900216871,0.513298161
070300050703,2012,13.674907637,10.806670324,0.485764884
070300050703,2013,15.869128852,10.903279798,0.577747308
070300050703,2014,23.248580486,14.409461069,0.600131013
070300050703,2015,19.144291652,13.987772345,0.580506712
070300050703,2016,22.827509393,13.933571307,0.548693856
070300050703,2017,21.14180948,13.59023901,0.591506571
070300050703,2018,19.530828246,13.630390523,0.593671884
070300050703,2019,29.341014532,16.95726881,0.630218356
070300050704,2010,32.137330323,8.95377142,0.452507461
070300050704,2011,26.2350753,12.010771593,0.399372942
070300050704,2012,14.864175458,9.529954254,0.358376204
070300050704,2013,24.400765431,9.725986001,0.426423669
070300050704,2014,34.0790468,11.360353517,0.459695304
070300050704,2015,28.947535227,11.774184122,0.435960108
070300050704,2016,29.231769722,11.5688438,0.429365035
070300050704,2017,30.424139761,11.477600741,0.427672852
070300050704,2018,22.936552211,10.129396244,0.431032636
070300050704,2019,48.389498404,12.482552627,0.471491563
070300050705,2010,30.041183558,11.981326651,0.525525207
070300050705,2011,22.998085926,13.462265787,0.47965571
070300050705,2012,16.374931466,11.937671373,0.452515862
070300050705,2013,24.865976577,12.107875105,0.534136728
070300050705,2014,32.472744917,13.521438821,0.562234718
070300050705,2015,27.804507821,14.112451638,0.527613956
070300050705,2016,29.303408206,14.613353068,0.505966078
070300050705,2017,26.528268012,14.389001014,0.516131724
070300050705,2018,24.832224197,13.662167677,0.542196554
070300050705,2019,49.7809684,15.406679079,0.58021013
070300050706,2010,33.447376361,12.262192013,0.515097732
070300050706,2011,25.87130018,13.90404818,0.467073447
070300050706,2012,17.419374235,11.713465629,0.439742553
070300050706,2013,26.822509997,11.9120491,0.514795828
070300050706,2014,37.271830868,13.453977214,0.542518689
070300050706,2015,31.856882435,14.435636411,0.512952627
070300050706,2016,34.634468591,15.188780723,0.494687649
070300050706,2017,31.689906417,14.874186851,0.503119607
070300050706,2018,27.543256702,13.894553615,0.520622067
070300050706,2019,57.35461315,16.038560175,0.558309035
070300050707,2010,29.414866253,13.09439192,0.551656693
070300050707,2011,24.018166402,15.654418534,0.497890042
070300050707,2012,16.009671869,12.298410868,0.474384904
070300050707,2013,22.670340592,12.458210109,0.560668027
070300050707,2014,32.181301173,14.863303061,0.586354394
070300050707,2015,27.524574794,15.341607977,0.557227874
070300050707,2016,30.810056301,15.96406821,0.532937551
070300050707,2017,28.532491356,15.792385125,0.553378695
070300050707,2018,26.483945555,15.161004367,0.573583855
070300050707,2019,49.406956411,17.908893242,0.612272697
070300050708,2010,31.238650332,11.599060721,0.576373634
070300050708,2011,24.342823087,13.862147659,0.532945478
070300050708,2012,15.982186984,9.807696171,0.518820562
070300050708,2013,26.867274326,12.214462293,0.569179841
070300050708,2014,42.869099668,16.090447963,0.61917173
070300050708,2015,30.570487248,13.906871259,0.587565677
070300050708,2016,33.354742591,14.336247552,0.580000648
070300050708,2017,26.559952728,12.743175168,0.602282571
070300050708,2018,30.09516349,12.854400496,0.591570744
070300050708,2019,58.553831554,17.816313615,0.639128088
070300050801,2010,25.294356192,20.14059335,0.517094239
070300050801,2011,27.282141184,24.512991032,0.484635383
070300050801,2012,12.317998952,11.16774872,0.432509631
070300050801,2013,19.244499069,16.784003894,0.527321074
070300050801,2014,31.728788402,25.57975162,0.549065149
070300050801,2015,20.460580608,17.828253547,0.526947871
070300050801,2016,27.233827421,22.237875589,0.513262369
070300050801,2017,24.755414402,20.979159875,0.534151669
070300050801,2018,22.571059277,19.777549058,0.522477478
070300050801,2019,43.77600563,32.474882315,0.580758261
070300050802,2010,22.999843679,18.008388215,0.507541403
070300050802,2011,25.107466415,22.405106218,0.474057341
070300050802,2012,11.793250394,10.586481912,0.426322563
070300050802,2013,19.563375387,16.425939696,0.5234009
070300050802,2014,31.388156702,24.471111591,0.543634212
070300050802,2015,19.474994873,16.653101895,0.520118969
070300050802,2016,26.312120699,20.687520939,0.509484423
070300050802,2017,22.433781943,18.937551083,0.522719423
070300050802,2018,22.503257532,18.727199537,0.518576628
070300050802,2019,46.751476229,31.866183496,0.57800541
070300050803,2010,21.360740205,19.462922206,0.51327678
070300050803,2011,26.737384879,25.399267299,0.475211971
070300050803,2012,12.164215804,11.065101212,0.427408376
070300050803,2013,19.542764853,17.624289934,0.526598843
070300050803,2014,31.766522977,27.675777246,0.551450004
070300050803,2015,19.437837545,18.169387368,0.522233691
070300050803,2016,27.754533244,24.624254362,0.519383657
070300050803,2017,22.870969162,21.440569966,0.526960296
070300050803,2018,22.567960981,20.747826604,0.525593973
070300050803,2019,48.846323542,39.733301206,0.588785394
070300050804,2010,19.891873036,15.343561096,0.54416747
070300050804,2011,23.935421299,20.23536286,0.48522434
070300050804,2012,11.770093284,9.74174073,0.458766653
070300050804,2013,18.183858228,14.099027275,0.541328426
070300050804,2014,27.028283638,20.2463973,0.578654415
070300050804,2015,17.907321661,15.001772278,0.544973262
070300050804,2016,26.481448278,19.187109361,0.532861321
070300050804,2017,20.15688219,16.447224374,0.565682488
070300050804,2018,21.048958895,16.539330705,0.558974042
070300050804,2019,41.938462125,27.607067954,0.616428556
070300050805,2010,25.76171277,19.266661588,0.552359217
070300050805,2011,27.698206552,23.108156277,0.509362816
070300050805,2012,21.549834167,16.560531838,0.466181279
070300050805,2013,27.504992833,21.419825906,0.54171463
070300050805,2014,38.053102704,28.460571556,0.608404688
070300050805,2015,29.580340018,23.583824459,0.562107375
070300050805,2016,31.77047814,23.745021088,0.56182719
070300050805,2017,26.176885688,20.515257769,0.578243578
070300050805,2018,27.490245402,21.191473945,0.567771704
070300050805,2019,42.084607998,30.107710138,0.644855194
070300050806,2010,19.603869746,15.204083288,0.546055054
070300050806,2011,23.311385201,19.66345555,0.474921601
070300050806,2012,11.930045899,9.87366728,0.451697044
070300050806,2013,17.323398278,13.604328153,0.532694807
070300050806,2014,27.067570566,19.791959898,0.581998489
070300050806,2015,18.093488803,15.19353057,0.547100842
070300050806,2016,23.665751149,17.56220318,0.52392532
070300050806,2017,18.268978034,15.040386213,0.572041948
070300050806,2018,19.531603153,15.785189948,0.562170494
070300050806,2019,42.038137657,26.655938878,0.621648245
070300050807,2010,26.623874472,17.195287746,0.525893193
070300050807,2011,26.76458167,20.597877642,0.490309873
070300050807,2012,13.342963926,10.867114749,0.44921994
070300050807,2013,20.951038285,15.113696279,0.526578648
070300050807,2014,41.127602263,24.185578757,0.571576768
070300050807,2015,26.69085766,18.744400654,0.540208568
070300050807,2016,31.279612305,20.732391176,0.535742158
070300050807,2017,24.542632111,17.98003876,0.549456199
070300050807,2018,27.508108885,17.826442034,0.541979479
070300050807,2019,57.912886816,30.964104704,0.605105199
070300050808,2010,20.782663974,17.483542092,0.554668027
070300050808,2011,28.804389693,24.653267333,0.485109166
070300050808,2012,19.132090463,15.445965851,0.459324861
070300050808,2013,25.505550239,21.064195669,0.543567974
070300050808,2014,33.073461692,26.513113156,0.591432838
070300050808,2015,20.976440517,18.23138399,0.558493748
070300050808,2016,26.875098371,20.29512848,0.530443777
070300050808,2017,19.651962004,16.700018495,0.581323238
070300050808,2018,23.288353559,20.253420382,0.567915425
070300050808,2019,41.767537538,27.301123481,0.633651025
070300050809,2010,26.3568283,15.284043862,0.515163713
070300050809,2011,25.577713551,18.607998621,0.473307569
070300050809,2012,14.145434727,10.440246255,0.446809667
070300050809,2013,23.743293085,14.828440329,0.514788727
070300050809,2014,36.533889236,20.66146516,0.545355844
070300050809,2015,25.999470353,16.035003176,0.523381455
070300050809,2016,28.047541132,17.906356602,0.516648374
070300050809,2017,23.683405962,15.463768686,0.538796433
070300050809,2018,25.164808457,16.383219586,0.5280495
070300050809,2019,50.817596012,25.200852791,0.582995752
070300050902,2010,23.078812126,8.816003264,0.523238262
070300050902,2011,23.706243786,12.123816467,0.495860117
070300050902,2012,9.341624332,3.823734058,0.379996444
070300050902,2013,19.303542067,6.723189583,0.47900467
070300050902,2014,30.710005492,10.678988684,0.52637506
070300050902,2015,19.67646803,8.320146327,0.497503036
070300050902,2016,35.722070308,13.758229326,0.541369352
070300050902,2017,25.922636717,11.272003753,0.529465459
070300050902,2018,23.373917489,9.364661003,0.515618702
070300050902,2019,50.786342648,18.050584997,0.595482009
070300050903,2010,17.148004982,7.959665595,0.51784229
070300050903,2011,20.391939208,10.932686517,0.479225661
070300050903,2012,6.503047748,2.711958553,0.364351479
070300050903,2013,18.476309007,7.050348489,0.466034493
070300050903,2014,25.371840866,10.754168799,0.520832397
070300050903,2015,13.953678016,7.275688867,0.501635909
070300050903,2016,23.31734796,11.50336213,0.531355229
070300050903,2017,18.789790737,10.208434894,0.514438022
070300050903,2018,16.598243745,7.797779965,0.504796135
070300050903,2019,42.78170091,17.987320237,0.580419408
070300050904,2010,17.136171405,15.231157992,0.487549647
070300050904,2011,23.003058736,18.411244547,0.443028397
070300050904,2012,7.243170395,6.122932005,0.341285814
070300050904,2013,18.036338598,14.979468706,0.428296696
070300050904,2014,23.739798524,19.306893186,0.482179268
070300050904,2015,13.85758252,12.428001056,0.478302688
070300050904,2016,22.509869213,20.09072366,0.481952388
070300050904,2017,17.333578126,15.641683428,0.470778653
070300050904,2018,16.178136055,14.377629611,0.475107903
070300050904,2019,37.397088002,32.979258449,0.551775411
070300050905,2010,16.083723587,9.977006638,0.571438436
070300050905,2011,19.126895517,13.622563409,0.512677214
070300050905,2012,8.102812965,5.84157152,0.423916401
070300050905,2013,18.141979628,10.473829333,0.507282035
070300050905,2014,22.580633284,13.484465208,0.564382701
070300050905,2015,14.880382011,10.267960704,0.55227606
070300050905,2016,18.375925522,12.497050088,0.559643807
070300050905,2017,16.603259292,11.286301105,0.557231597
070300050905,2018,15.112101787,9.738536919,0.555042397
070300050905,2019,33.761539202,18.692068687,0.646326012
070300050908,2010,20.538388191,10.338543152,0.552104819
070300050908,2011,22.219623829,13.197855448,0.511120666
070300050908,2012,10.617154805,5.576975187,0.416544395
070300050908,2013,22.278008144,9.284685077,0.488374152
070300050908,2014,29.520667432,13.044528366,0.554785067
070300050908,2015,21.267863218,11.122847396,0.563862543
070300050908,2016,22.362372392,12.992693029,0.524404498
070300050908,2017,19.268696784,10.64844841,0.543326744
070300050908,2018,17.340399766,9.260820625,0.527995739
070300050908,2019,38.558316401,17.027905644,0.630409766
070300051001,2010,18.867449533,3.314534217,0.5856137
070300051001,2011,16.353028364,4.56714064,0.536356646
070300051001,2012,6.827994229,2.135073065,0.450604978
070300051001,2013,18.02880483,5.583043758,0.523102581
070300051001,2014,26.431176839,5.856648039,0.598244327
070300051001,2015,15.571329136,3.110430857,0.599630713
070300051001,2016,15.349378637,4.685178919,0.559931185
070300051001,2017,13.893706741,2.672299086,0.555606744
070300051001,2018,14.583473382,3.088835316,0.589644465
070300051001,2019,41.632623556,6.396999236,0.671477876
070300051002,2010,18.675728096,2.068600404,0.573745169
070300051002,2011,17.081704959,5.445865548,0.517219309
070300051002,2012,4.709215555,0.438915158,0.451047804
070300051002,2013,21.496606681,6.962372942,0.491191963
070300051002,2014,27.851457896,5.093139358,0.554280613
070300051002,2015,15.28413582,1.808190115,0.581070018
070300051002,2016,12.470680948,3.779843214,0.560190744
070300051002,2017,12.743444947,0.449659291,0.54924764
070300051002,2018,12.672864372,2.306614379,0.550595118
070300051002,2019,34.177534715,5.60901425,0.652923417
070300051003,2010,18.95733307,2.800450611,0.59193949
070300051003,2011,15.927882285,3.872109545,0.525908134
070300051003,2012,7.844165597,2.199841011,0.455518362
070300051003,2013,17.519309613,4.268882382,0.50111279
070300051003,2014,31.883985523,4.620279744,0.576305244
070300051003,2015,19.339476736,3.472497797,0.585552948
070300051003,2016,20.099757714,4.17390562,0.586777783
070300051003,2017,17.213163383,2.802772276,0.575062518
070300051003,2018,16.875225304,2.813402599,0.569295035
070300051003,2019,44.56153895,4.545966853,0.68651424
070300051004,2010,22.996691255,2.191781391,0.591316683
070300051004,2011,20.469232346,5.846367386,0.535342092
070300051004,2012,6.757406272,0.50353124,0.467118346
070300051004,2013,24.574882084,7.487844119,0.506761013
070300051004,2014,31.243388652,5.457872817,0.571132221
070300051004,2015,19.629022216,1.917820036,0.599554518
070300051004,2016,16.758485894,4.040215119,0.576353838
070300051004,2017,18.337543935,0.474583779,0.567720988
070300051004,2018,15.498999796,2.454724301,0.565434874
070300051004,2019,41.67383153,5.992838893,0.675908149
070300051005,2010,10.775466903,9.341807731,0.553814323
070300051005,2011,13.187760214,10.426859459,0.506740338
070300051005,2012,9.771786175,8.655125846,0.418581056
070300051005,2013,13.389406544,10.81993579,0.468321068
070300051005,2014,19.247983954,13.319170323,0.550320829
070300051005,2015,13.310163132,11.691344236,0.587768278
070300051005,2016,14.174351274,12.021729298,0.563629588
070300051005,2017,11.022141805,9.749617023,0.542270319
070300051005,2018,10.356131414,8.70314915,0.548351651
070300051005,2019,16.916915752,11.293779395,0.664686663
070300051006,2010,12.526091475,2.639394616,0.568503048
070300051006,2011,9.109259113,2.94995042,0.518151689
070300051006,2012,6.46813738,2.562498007,0.43282422
070300051006,2013,15.486157516,3.329751435,0.49085897
070300051006,2014,19.135110491,3.7061454,0.540374514
070300051006,2015,14.06148018,3.300542489,0.58520465
070300051006,2016,11.467449847,3.632865683,0.553290971
070300051006,2017,8.875136962,2.945166995,0.546065361
070300051006,2018,10.03023728,2.824628781,0.588367124
070300051006,2019,28.279490523,3.768030433,0.668176885
070300051007,2010,15.804673158,3.997639438,0.556288467
070300051007,2011,13.876456958,4.542032155,0.505672891
070300051007,2012,7.892684487,3.43509092,0.422049075
070300051007,2013,15.960497125,4.922831799,0.470961702
070300051007,2014,26.510394094,5.630781847,0.539468608
070300051007,2015,16.839761519,4.770507735,0.584046437
070300051007,2016,16.584181071,5.225263056,0.556508471
070300051007,2017,14.442366298,4.015867954,0.538323867
070300051007,2018,13.224213291,3.712329079,0.554603632
070300051007,2019,33.584191826,5.065701887,0.662665681
070300051008,2010,21.316919666,4.02886533,0.567051255
070300051008,2011,17.286909202,4.719707041,0.516428244
070300051008,2012,7.491205205,3.00501443,0.428914887
070300051008,2013,18.573414796,4.549608059,0.501965242
070300051008,2014,28.460506235,5.477280362,0.546260318
070300051008,2015,22.321769298,4.552296803,0.57864842
070300051008,2016,19.016866013,5.667886186,0.545640263
070300051008,2017,17.546292588,4.3110822,0.559786129
070300051008,2018,16.159982074,3.389790398,0.578681197
070300051008,2019,35.806737391,4.896901858,0.638890942
070300051101,2010,15.594817452,9.200270135,0.479852014
070300051101,2011,19.621412926,12.774231271,0.438018834
070300051101,2012,6.557846945,4.957255861,0.373144509
070300051101,2013,17.787530936,10.308852116,0.429536585
070300051101,2014,22.299671349,11.83786736,0.472641403
070300051101,2015,15.688078614,10.111463923,0.485384648
070300051101,2016,16.947738292,12.044609539,0.464491671
070300051101,2017,12.105309187,8.322717107,0.462612798
070300051101,2018,12.580057711,8.164975588,0.464207144
070300051101,2019,30.66045188,15.746246123,0.552221444
070300051102,2010,7.427975429,6.86532137,0.402621454
070300051102,2011,12.895354057,8.589614448,0.345395092
070300051102,2012,9.11378102,8.797116369,0.279420243
070300051102,2013,11.363141469,10.285625885,0.338670436
070300051102,2014,12.725528387,11.706984606,0.36420806
070300051102,2015,11.021573761,10.642387046,0.388680401
070300051102,2016,10.602842256,10.069161673,0.374100309
070300051102,2017,9.11603108,8.879217035,0.365985242
070300051102,2018,8.623705813,7.956974476,0.372733243
070300051102,2019,10.892030029,9.54097017,0.414252317
070300051103,2010,17.030948031,7.358859586,0.565301604
070300051103,2011,22.774976305,11.283210889,0.514346234
070300051103,2012,5.95915586,2.740602459,0.425063355
070300051103,2013,23.19711479,10.149296382,0.482471716
070300051103,2014,28.492865186,10.301097352,0.557292669
070300051103,2015,17.578601615,7.346336601,0.564013554
070300051103,2016,21.089006208,10.934545915,0.567146238
070300051103,2017,17.323759995,7.518594159,0.556661949
070300051103,2018,15.504432059,7.903732892,0.53884948
070300051103,2019,36.779194431,12.831242923,0.667780428
070300051104,2010,13.206837157,7.934572209,0.375329725
070300051104,2011,19.278948468,10.529138008,0.349875096
070300051104,2012,7.548718302,5.722895026,0.284493058
070300051104,2013,15.018630818,7.441450562,0.333049578
070300051104,2014,20.984078997,9.947332421,0.374139019
070300051104,2015,15.13202759,9.599427893,0.371013731
070300051104,2016,16.106414242,10.641998505,0.374199131
070300051104,2017,14.38004635,9.083889165,0.357398314
070300051104,2018,12.681875973,7.949116225,0.348753527
070300051104,2019,30.227696098,13.561028418,0.400398218
070300051105,2010,20.586722509,8.442195766,0.531201269
070300051105,2011,23.607940414,11.742802205,0.488767014
070300051105,2012,10.398456071,5.862795973,0.395094074
070300051105,2013,23.066114847,10.177938473,0.458083576
070300051105,2014,31.604526305,11.711292471,0.528030616
070300051105,2015,22.026769643,9.989932652,0.533940726
070300051105,2016,26.046804838,12.21546569,0.535172747
070300051105,2017,21.012225593,9.566006545,0.518618417
070300051105,2018,19.151043688,9.226877298,0.511530124
070300051105,2019,40.950525317,14.153716963,0.627490094
070300051201,2010,17.848339694,9.08445912,0.527498342
070300051201,2011,20.261765196,10.956038814,0.507373675
070300051201,2012,11.845524253,6.377284591,0.405408077
070300051201,2013,19.483727331,8.000835023,0.48242998
070300051201,2014,28.57770803,11.907940469,0.55263856
070300051201,2015,19.551671115,10.40198242,0.550701568
070300051201,2016,20.289561563,11.495666006,0.51513108
070300051201,2017,17.274836928,9.423941802,0.52961657
070300051201,2018,15.755766026,8.129935925,0.52136525
070300051201,2019,27.678631604,12.540679105,0.591995299
070300051204,2010,10.962641568,5.988290154,0.297144753
070300051204,2011,19.816741195,10.244782999,0.283377219
070300051204,2012,11.286123021,6.205498701,0.236895904
070300051204,2013,12.725222482,7.215601804,0.268053894
070300051204,2014,24.23301539,11.687302467,0.302736602
070300051204,2015,13.000549738,8.589628683,0.302476927
070300051204,2016,14.111374041,8.409844142,0.299317147
070300051204,2017,10.019478693,6.28262543,0.290485042
070300051204,2018,12.977823638,7.47413255,0.295865424
070300051204,2019,24.022947901,14.634725314,0.33422297
070300051205,2010,13.784056116,8.800183891,0.41255119
070300051205,2011,24.181124422,14.226536233,0.394695064
070300051205,2012,11.439965716,7.117250718,0.332749479
070300051205,2013,17.368459215,10.944982683,0.384708863
070300051205,2014,30.785767924,16.013275238,0.430520753
070300051205,2015,16.906358375,11.187635199,0.433247865
070300051205,2016,17.686820574,11.836158925,0.411717422
070300051205,2017,12.745622451,8.607620913,0.420708448
070300051205,2018,16.1207782,10.186805607,0.429548799
070300051205,2019,30.633450971,18.07751977,0.48007165
070300051206,2010,18.702290843,6.552946815,0.507942849
070300051206,2011,25.693926411,9.950413124,0.47700167
070300051206,2012,11.051020221,3.743123352,0.356777013
070300051206,2013,24.322649584,7.516739126,0.431652373
070300051206,2014,37.515562738,9.767671096,0.513480505
070300051206,2015,21.870857689,7.44068232,0.519248818
070300051206,2016,25.346663151,10.421289614,0.517719791
070300051206,2017,17.89152393,7.190232346,0.499257312
070300051206,2018,18.109116716,6.433011775,0.479339307
070300051206,2019,40.76410759,11.523403173,0.57462647
070400010101,2010,20.581591569,2.600272926,0.660544354
070400010101,2011,20.14258917,3.927693573,0.625286114
070400010101,2012,9.03880466,0.520000651,0.455754523
070400010101,2013,31.407692401,6.29116536,0.532430467
070400010101,2014,40.619881614,5.92885829,0.638088065
070400010101,2015,22.051647033,1.870812839,0.664915648
070400010101,2016,28.095999275,5.612308559,0.673408465
070400010101,2017,16.561091064,2.275896546,0.650250042
070400010101,2018,14.707495125,1.475329924,0.591717893
070400010101,2019,42.063277629,5.366333584,0.728362308
070400010102,2010,22.031742047,3.643578006,0.613648309
070400010102,2011,20.119008494,4.601980493,0.573379446
070400010102,2012,10.050943992,1.263723937,0.432659295
070400010102,2013,30.99352027,6.976347951,0.490883188
070400010102,2014,39.728867226,7.146871262,0.589920925
070400010102,2015,21.23611543,3.055265862,0.615867323
070400010102,2016,29.556034762,6.473157156,0.620381905
070400010102,2017,18.42083231,3.819810818,0.594783963
070400010102,2018,15.332362283,2.379809539,0.552602056
070400010102,2019,42.539282704,7.262474695,0.671035991
070400010301,2010,15.970058561,14.70087763,0.636025364
070400010301,2011,16.461513944,14.769679537,0.581574166
070400010301,2012,5.060759535,4.471612868,0.445172226
070400010301,2013,21.144146561,18.100085439,0.507913462
070400010301,2014,23.951103106,21.889810319,0.620295084
070400010301,2015,16.026212645,14.900308478,0.650474327
070400010301,2016,16.883062781,15.400692112,0.634079279
070400010301,2017,14.836045035,13.973215683,0.622854415
070400010301,2018,10.60971904,9.537102146,0.597166081
070400010301,2019,32.991859168,30.520517287,0.735657587
070400010302,2010,20.934580665,18.974504421,0.678055056
070400010302,2011,16.89920466,14.913954124,0.591425099
070400010302,2012,8.736139602,7.422439225,0.448701436
070400010302,2013,26.771731975,21.444037818,0.516957336
070400010302,2014,27.22291296,23.814108945,0.643797178
070400010302,2015,19.171414953,16.9515538,0.676574046
070400010302,2016,21.020722239,18.442922209,0.654333262
070400010302,2017,17.844779861,16.452969657,0.639295568
070400010302,2018,13.057665025,11.477957026,0.610610223
070400010302,2019,38.707095779,34.510186725,0.767958543
070400010303,2010,19.095230583,17.12393508,0.637546665
070400010303,2011,16.82585302,15.342733747,0.578868729
070400010303,2012,6.888840789,5.875172175,0.421870989
070400010303,2013,23.87195027,20.572012322,0.489400865
070400010303,2014,25.324471833,23.302233251,0.618006148
070400010303,2015,18.35256259,17.052857891,0.65562376
070400010303,2016,21.687225518,19.465066919,0.635036747
070400010303,2017,17.334248883,15.996477164,0.617507114
070400010303,2018,11.52346944,10.456489738,0.593518268
070400010303,2019,37.314328601,34.379175914,0.745150473
070400010403,2010,24.429167231,8.703311107,0.704824035
070400010403,2011,19.158985903,10.475260141,0.606503998
070400010403,2012,11.543795789,5.505652725,0.53290292
070400010403,2013,31.380985135,11.673678041,0.584929341
070400010403,2014,38.405700469,13.95101516,0.654743176
070400010403,2015,25.647610566,11.248242057,0.690741939
070400010403,2016,27.803280985,13.242524036,0.676829118
070400010403,2017,20.369232674,10.22487251,0.649386633
070400010403,2018,15.704635807,6.886731227,0.641769439
070400010403,2019,38.190213108,13.920890322,0.746351791
070400010501,2010,16.153331364,10.248838703,0.41160942
070400010501,2011,17.919619027,12.28982527,0.371635316
070400010501,2012,6.811422375,5.514891128,0.307519468
070400010501,2013,15.345177258,7.775706344,0.341833018
070400010501,2014,22.73765254,10.54557956,0.404219881
070400010501,2015,14.940512553,10.337873511,0.392574134
070400010501,2016,13.736351302,10.831510675,0.386174749
070400010501,2017,13.101442313,9.57836707,0.382308588
070400010501,2018,11.828999596,8.352348478,0.37915619
070400010501,2019,28.100233055,14.92831346,0.442157418
070400010502,2010,19.614840144,10.858852718,0.594412225
070400010502,2011,19.122978426,12.048370047,0.525699014
070400010502,2012,9.075776107,6.959625366,0.421155056
070400010502,2013,22.934264034,9.099468268,0.482153774
070400010502,2014,26.405931809,11.343274853,0.569479004
070400010502,2015,19.150977125,11.509708099,0.575844741
070400010502,2016,21.409738241,12.991938072,0.56798335
070400010502,2017,17.853382929,11.498602702,0.57029739
070400010502,2018,13.994220313,9.177338557,0.548495114
070400010502,2019,35.674707091,15.252667528,0.679058563
070400010503,2010,22.961276997,9.592709513,0.633240134
070400010503,2011,20.429702911,13.001926295,0.526421311
070400010503,2012,6.181710086,3.797298573,0.397981897
070400010503,2013,30.202110063,9.294739758,0.466990197
070400010503,2014,29.376820813,10.063537702,0.551107503
070400010503,2015,20.325372118,8.376083349,0.601485455
070400010503,2016,23.257893123,12.295686011,0.583476836
070400010503,2017,17.592930362,9.958471174,0.579283067
070400010503,2018,11.186208997,6.909811291,0.551106513
070400010503,2019,40.927701912,15.391887369,0.708974476
070400010504,2010,28.379890113,12.459999981,0.611906679
070400010504,2011,19.775494076,13.394511616,0.532282537
070400010504,2012,11.135761521,8.593033872,0.387342537
070400010504,2013,27.901298795,10.8180533,0.481515969
070400010504,2014,31.155960023,14.273424004,0.556400062
070400010504,2015,29.501018287,15.275935251,0.613303512
070400010504,2016,28.192219197,16.331372015,0.577655014
070400010504,2017,23.2118132,14.648913085,0.567172325
070400010504,2018,15.94357803,11.362088749,0.546156894
070400010504,2019,40.560686996,16.924474752,0.693770179
070400010505,2010,27.447827013,10.500224411,0.612143042
070400010505,2011,21.180271475,12.158985647,0.527928015
070400010505,2012,8.332074874,6.009037439,0.404474619
070400010505,2013,26.705561643,8.510986982,0.474058639
070400010505,2014,28.279672259,10.270960654,0.562290867
070400010505,2015,25.292380096,11.120236218,0.593313312
070400010505,2016,26.880587716,13.031868313,0.577696437
070400010505,2017,21.597093986,11.365494605,0.575550621
070400010505,2018,15.131860767,8.787969773,0.553174104
070400010505,2019,41.694553967,14.427151543,0.691932741
070400010506,2010,29.794864607,10.289659304,0.623788427
070400010506,2011,20.127600844,12.45823321,0.525290758
070400010506,2012,7.783402933,5.55187885,0.382460237
070400010506,2013,28.901419718,9.222602389,0.468574178
070400010506,2014,33.514399644,11.426335794,0.55285564
070400010506,2015,26.233534449,11.121026147,0.607240886
070400010506,2016,28.286959185,13.628559513,0.581603204
070400010506,2017,20.518096374,11.42030384,0.57312775
070400010506,2018,13.280772991,8.47306733,0.54806217
070400010506,2019,43.416059491,15.018677413,0.701879241
070400010507,2010,30.523271557,11.100261357,0.624611467
070400010507,2011,20.648211962,13.130136788,0.525645291
070400010507,2012,7.420528427,5.271211083,0.394243911
070400010507,2013,30.199628442,9.551597242,0.472834582
070400010507,2014,34.34499313,11.755109964,0.553363611
070400010507,2015,25.774609434,11.664984359,0.606123966
070400010507,2016,28.104763032,14.441117298,0.582206571
070400010507,2017,20.367535553,12.092130454,0.574451817
070400010507,2018,13.795718019,8.998668286,0.551042824
070400010507,2019,46.70654912,16.574128481,0.703902053
070400010701,2010,43.018549533,15.425086987,0.800895777
070400010701,2011,31.589693798,14.886123607,0.683767363
070400010701,2012,14.930383728,5.26630083,0.563332355
070400010701,2013,49.440782533,14.350420846,0.616599407
070400010701,2014,55.743800139,16.520016924,0.727575241
070400010701,2015,40.324468122,15.783843912,0.775359053
070400010701,2016,43.895861654,19.248466372,0.764958761
070400010701,2017,31.849815148,15.45673155,0.729625312
070400010701,2018,22.974319688,9.383641847,0.724080825
070400010701,2019,70.334557847,23.027173743,0.831465481
070400010702,2010,43.131398624,9.645053288,0.715455204
070400010702,2011,21.64732933,7.683420797,0.617891482
070400010702,2012,9.863543267,1.540814252,0.462950139
070400010702,2013,35.9578271,9.72034999,0.548690953
070400010702,2014,45.100792368,11.358594776,0.639936767
070400010702,2015,26.697091939,7.790609333,0.666200016
070400010702,2016,40.093294342,13.38560066,0.708328336
070400010702,2017,20.722175669,6.842289596,0.671381569
070400010702,2018,21.33394135,4.99434833,0.655064173
070400010702,2019,54.29751142,14.155699006,0.766736528
070400010705,2010,27.341680094,9.967580045,0.735180508
070400010705,2011,20.524569391,10.280413971,0.608984511
070400010705,2012,9.740748635,2.476106503,0.494072477
070400010705,2013,29.503227211,10.941069883,0.565388819
070400010705,2014,32.144975716,11.662110604,0.66028187
070400010705,2015,23.552635179,9.289086793,0.706507566
070400010705,2016,30.778555688,12.612841366,0.711131789
070400010705,2017,19.370845979,9.057113081,0.667791672
070400010705,2018,21.839807291,8.104143172,0.682755411
070400010705,2019,40.8402865,16.512856172,0.759363711
070400030101,2010,32.215233911,12.000106991,0.665147857
070400030101,2011,19.23253298,13.516436762,0.602818003
070400030101,2012,9.147790655,8.844519649,0.535655787
070400030101,2013,16.524739372,9.429092891,0.61374607
070400030101,2014,20.084640503,10.97576825,0.673118011
070400030101,2015,13.924253968,10.975682628,0.609729186
070400030101,2016,23.961410805,13.06564034,0.66577043
070400030101,2017,15.701737636,12.215023314,0.647692361
070400030101,2018,18.348872176,10.672603266,0.649135702
070400030101,2019,27.437695926,14.876154548,0.704301946
070400030102,2010,38.896170023,11.072126298,0.674063202
070400030102,2011,18.699987187,11.408832893,0.568379384
070400030102,2012,8.560942757,5.935051969,0.50879415
070400030102,2013,18.711132881,8.045694922,0.574723378
070400030102,2014,23.772589502,9.574576729,0.644756211
070400030102,2015,16.447310323,9.247952788,0.598268563
070400030102,2016,29.259271628,11.723063886,0.641417877
070400030102,2017,16.638128758,10.535069136,0.578520235
070400030102,2018,17.371043249,8.076734783,0.617551992
070400030102,2019,26.620675765,12.16252445,0.677910454
070400030103,2010,28.338268423,12.655034658,0.720836736
070400030103,2011,17.259951072,13.533186625,0.615342737
070400030103,2012,5.961853781,5.76364062,0.552331702
070400030103,2013,17.420596539,10.875653831,0.631403198
070400030103,2014,17.338384107,11.629749235,0.706302617
070400030103,2015,11.735040275,9.289370679,0.652463542
070400030103,2016,21.04891775,13.926320809,0.709539709
070400030103,2017,13.993977843,11.479764066,0.678459364
070400030103,2018,18.18593928,10.690967932,0.689431386
070400030103,2019,28.154194603,16.016353696,0.743595969
070400030104,2010,18.102576192,5.021049818,0.681135575
070400030104,2011,12.383667667,9.512804349,0.590195246
070400030104,2012,1.993620118,1.551902495,0.455256785
070400030104,2013,19.734293033,11.89709416,0.554127736
070400030104,2014,13.360583265,8.795995942,0.630844557
070400030104,2015,7.251817705,4.445528738,0.662125078
070400030104,2016,16.106796124,10.764539161,0.681822126
070400030104,2017,7.868210544,6.041995856,0.61452649
070400030104,2018,8.829689882,3.761671749,0.626182542
070400030104,2019,26.502273802,11.448648045,0.770046676
070400030105,2010,26.629219348,12.285612152,0.722995565
070400030105,2011,16.966818885,13.29665108,0.610359735
070400030105,2012,6.281653816,6.126056388,0.548541028
070400030105,2013,18.370453368,10.833524788,0.629731594
070400030105,2014,16.296713299,11.523592093,0.711541857
070400030105,2015,12.057259147,9.788998389,0.657446148
070400030105,2016,22.475520018,13.849728083,0.715491544
070400030105,2017,14.172786092,11.735625978,0.68069459
070400030105,2018,18.984686048,10.832233012,0.699371329
070400030105,2019,29.943462832,16.074080892,0.752162432
070400030106,2010,10.88065693,4.432916558,0.666271539
070400030106,2011,12.055456889,9.280141158,0.575449758
070400030106,2012,1.988946291,1.531685619,0.431448947
070400030106,2013,19.035415232,11.900643477,0.546342098
070400030106,2014,13.731123831,8.73272323,0.625632876
070400030106,2015,6.844951244,4.089123877,0.658863972
070400030106,2016,19.047589884,11.044838989,0.689214693
070400030106,2017,8.275797876,6.081448774,0.617360535
070400030106,2018,9.802185761,4.023910629,0.635741552
070400030106,2019,25.160054948,11.477706197,0.768095014
070400030107,2010,15.079744328,5.493835951,0.697641202
070400030107,2011,11.210669799,7.62006325,0.582076656
070400030107,2012,4.055524279,3.205446987,0.402288943
070400030107,2013,17.382545105,6.35371234,0.551486914
070400030107,2014,13.978987091,6.693046748,0.655744103
070400030107,2015,11.773785598,6.764787146,0.695106882
070400030107,2016,20.94491507,9.909695266,0.720357161
070400030107,2017,11.209653418,8.096879873,0.635251058
070400030107,2018,13.588652489,5.557460754,0.659189787
070400030107,2019,28.499738624,11.003776321,0.794553131
070400030108,2010,21.626674664,9.89522259,0.690784843
070400030108,2011,16.082887124,12.175576856,0.575458342
070400030108,2012,6.655737804,6.180509733,0.496769641
070400030108,2013,20.241837659,11.46409809,0.59814393
070400030108,2014,17.915909301,11.174855006,0.684862933
070400030108,2015,13.415229842,10.025420687,0.65036016
070400030108,2016,23.953862374,13.975207825,0.699524958
070400030108,2017,13.864085023,10.940008108,0.633966884
070400030108,2018,17.124520741,9.158976865,0.674716112
070400030108,2019,31.058961994,15.064809639,0.749933222
070400030201,2010,26.225489862,17.843909751,0.657418675
070400030201,2011,14.736181078,12.952109494,0.530351855
070400030201,2012,5.674145115,5.422729238,0.415669848
070400030201,2013,14.516374134,11.567141522,0.534283198
070400030201,2014,10.888319776,10.087469646,0.598810918
070400030201,2015,12.765679789,11.351598469,0.623300801
070400030201,2016,21.698299875,17.197867891,0.655295063
070400030201,2017,12.13908385,11.092904871,0.589855647
070400030201,2018,17.346368741,13.426657136,0.631128981
070400030201,2019,26.6234538,21.052818823,0.697953795
070400030202,2010,25.054620706,14.908392289,0.615483305
070400030202,2011,13.815071703,11.66278219,0.511097678
070400030202,2012,3.966731797,3.187650478,0.374306898
070400030202,2013,17.400051478,11.998605216,0.502123659
070400030202,2014,15.689458317,11.458462707,0.554438465
070400030202,2015,11.700965598,8.573333887,0.578981831
070400030202,2016,25.006096496,17.669287036,0.62054223
070400030202,2017,11.649187791,9.965180772,0.544891769
070400030202,2018,17.277311484,11.71498274,0.565617035
070400030202,2019,28.33246032,19.817544696,0.665511308
070400030203,2010,21.362806686,14.491248115,0.607628687
070400030203,2011,10.376204812,9.256089827,0.504743034
070400030203,2012,3.24101052,3.026410167,0.337736198
070400030203,2013,15.104020699,9.380890747,0.460101306
070400030203,2014,14.72159421,11.2692779,0.528931716
070400030203,2015,13.038032181,10.936040129,0.573835292
070400030203,2016,21.403027777,16.481247846,0.618330683
070400030203,2017,10.48926978,9.293617196,0.550152815
070400030203,2018,16.733877332,12.428747049,0.549347045
070400030203,2019,23.242338925,17.931046237,0.678750192
070400030204,2010,24.230080855,14.775680148,0.607399632
070400030204,2011,12.276197249,10.318137527,0.50400984
070400030204,2012,2.59538119,1.760250914,0.33990535
070400030204,2013,17.57413531,10.668532347,0.47462016
070400030204,2014,14.944671924,10.491629938,0.527289682
070400030204,2015,13.267854634,9.534446395,0.569207081
070400030204,2016,27.32271245,18.499700506,0.610966763
070400030204,2017,14.326590252,11.226951925,0.54940968
070400030204,2018,17.215912645,11.696443046,0.551118935
070400030204,2019,27.59577228,19.924166716,0.664053199
070400030205,2010,22.597402248,12.739314774,0.60266463
070400030205,2011,12.203559922,9.545273541,0.508859737
070400030205,2012,2.241081887,1.554014926,0.348348414
070400030205,2013,17.63172861,9.548837935,0.481615173
070400030205,2014,14.582303707,10.049370325,0.522938528
070400030205,2015,16.954962806,10.957056504,0.568615094
070400030205,2016,26.653567579,16.058441274,0.605128437
070400030205,2017,11.625365693,9.637599291,0.54432906
070400030205,2018,14.943078355,9.185758295,0.540763217
070400030205,2019,26.810280761,17.553886169,0.656318201
070400030401,2010,32.64666229,10.748209741,0.647935239
070400030401,2011,18.135142403,10.588710727,0.553113873
070400030401,2012,2.582311546,2.357514943,0.436012309
070400030401,2013,22.265020919,9.740309412,0.566460754
070400030401,2014,14.313856703,8.543205403,0.601856534
070400030401,2015,20.330892678,7.796988295,0.645144484
070400030401,2016,28.379973643,11.562042548,0.637470254
070400030401,2017,15.522850851,8.715052909,0.600140641
070400030401,2018,17.719266297,6.051671522,0.59788242
070400030401,2019,30.122493843,10.631654483,0.691615748
070400030402,2010,27.657543552,9.54367097,0.660582766
070400030402,2011,15.304278126,9.608023445,0.55795971
070400030402,2012,1.954882669,1.680143396,0.425403626
070400030402,2013,21.655275662,10.213886202,0.565962923
070400030402,2014,18.450967425,9.302246966,0.624372734
070400030402,2015,17.286679299,6.849219055,0.655593144
070400030402,2016,25.780230565,10.75868062,0.64660448
070400030402,2017,15.150322693,8.310412368,0.598753379
070400030402,2018,17.578433473,7.01002844,0.61966122
070400030402,2019,31.977392021,12.201436406,0.720570018
070400030403,2010,32.312343535,11.23048948,0.648677976
070400030403,2011,18.281716854,11.000125668,0.549366307
070400030403,2012,2.485939625,2.233454824,0.431074249
070400030403,2013,22.34379781,10.211605411,0.57066799
070400030403,2014,15.182214355,8.903207794,0.605797869
070400030403,2015,21.416053854,8.02571694,0.648131187
070400030403,2016,28.790891531,12.088111802,0.639996903
070400030403,2017,14.471571379,8.923002264,0.600763316
070400030403,2018,15.380049083,5.952742978,0.595587166
070400030403,2019,29.705096585,11.016355448,0.693729244
070400030404,2010,27.529037948,10.104440955,0.652630029
070400030404,2011,16.993825031,9.264531877,0.544053347
070400030404,2012,7.013003292,5.558528279,0.454688009
070400030404,2013,22.188568737,8.328095927,0.579601512
070400030404,2014,19.954060808,10.165946564,0.620279303
070400030404,2015,24.902679788,10.17906105,0.645046012
070400030404,2016,25.827230417,10.911944807,0.654523862
070400030404,2017,14.726720108,10.06380221,0.600839034
070400030404,2018,16.348010044,9.19260743,0.606643345
070400030404,2019,28.152665259,11.254952371,0.689445105
070400030405,2010,30.43884678,11.978923095,0.632939382
070400030405,2011,16.3270233,11.027182957,0.531612949
070400030405,2012,5.387108449,4.943405989,0.433673204
070400030405,2013,20.522131849,10.439454496,0.562061217
070400030405,2014,21.28167147,11.645718451,0.602708083
070400030405,2015,23.247049428,10.648864496,0.637053419
070400030405,2016,25.909451909,12.746494193,0.630609414
070400030405,2017,14.04618803,10.430025588,0.569043472
070400030405,2018,19.193919477,9.620077071,0.584741572
070400030405,2019,29.209123407,13.55654929,0.690531506
070400030601,2010,23.371563122,7.972237788,0.676386834
070400030601,2011,16.584155992,9.463309987,0.591025664
070400030601,2012,7.675150339,3.497134274,0.448300282
070400030601,2013,31.978069177,12.312149929,0.576989218
070400030601,2014,23.556359899,9.850309605,0.626750479
070400030601,2015,22.222479612,7.549822024,0.647192158
070400030601,2016,30.626792423,11.671964316,0.67204961
070400030601,2017,15.877072995,8.458826367,0.628678247
070400030601,2018,20.650168921,7.209934247,0.652395214
070400030601,2019,32.857301887,12.648691345,0.7176915
070400030604,2010,20.100821012,6.117949969,0.655967218
070400030604,2011,14.234759453,7.642548062,0.564982823
070400030604,2012,5.707172381,2.72945753,0.430179248
070400030604,2013,22.327899235,8.647495956,0.57513804
070400030604,2014,20.558247716,7.871084511,0.618101514
070400030604,2015,18.053110967,5.360291211,0.640808392
070400030604,2016,19.850664862,7.745688305,0.647000703
070400030604,2017,11.457884397,5.933646573,0.587228885
070400030604,2018,15.638373409,5.291532782,0.631366273
070400030604,2019,23.780775947,9.097049087,0.699537526
070400030605,2010,28.121502616,6.646488503,0.625642626
070400030605,2011,15.15588292,6.508296795,0.547125162
070400030605,2012,5.073571473,2.986915096,0.510979938
070400030605,2013,26.021656827,10.227464142,0.626380105
070400030605,2014,26.278502988,8.781983092,0.649772299
070400030605,2015,25.813530287,6.709170703,0.644942908
070400030605,2016,29.320664612,9.399872742,0.645426905
070400030605,2017,14.3607053,6.658309608,0.586875964
070400030605,2018,21.860074774,5.672298851,0.627274586
070400030605,2019,32.639620991,8.536017488,0.6959098
070400030606,2010,23.079805757,9.635858409,0.601948007
070400030606,2011,13.514466682,8.636204051,0.520117447
070400030606,2012,7.565106409,5.392737632,0.41575374
070400030606,2013,23.379344459,10.581078869,0.560936533
070400030606,2014,20.485863545,10.647583714,0.579035959
070400030606,2015,23.179742683,9.725358988,0.591118929
070400030606,2016,23.29148607,11.421910624,0.602826021
070400030606,2017,14.00392239,9.310619264,0.556463589
070400030606,2018,17.697664501,9.203754072,0.577910104
070400030606,2019,25.024223914,12.021971415,0.64169675
070400030610,2010,22.279079093,7.841844085,0.666179307
070400030610,2011,18.765905656,9.463556163,0.619544557
070400030610,2012,8.76048701,4.919815129,0.48184985
070400030610,2013,25.720740994,9.320370322,0.617349335
070400030610,2014,19.065827635,8.815197867,0.616108069
070400030610,2015,21.787519214,7.352476618,0.631597652
070400030610,2016,28.747416766,11.238338259,0.679918369
070400030610,2017,17.441631081,10.149084973,0.63400183
070400030610,2018,18.846094789,7.243575285,0.64068733
070400030610,2019,25.91804161,10.313050204,0.699043903
070400050101,2010,61.116768216,25.584877452,0.334970023
070400050101,2011,39.71689417,28.091827134,0.332528456
070400050101,2012,21.0742616,17.683393718,0.276436941
070400050101,2013,35.319924113,21.418612688,0.300141943
070400050101,2014,36.194736967,22.158674166,0.327545657
070400050101,2015,40.313489945,23.847907889,0.346329812
070400050101,2016,49.279603759,26.880543094,0.344951666
070400050101,2017,35.153817728,25.219496391,0.3301544
070400050101,2018,40.006910715,23.718344968,0.34285278
070400050101,2019,52.998569092,29.485710696,0.351078986
070400050102,2010,62.560914707,24.522302189,0.351103914
070400050102,2011,40.222406175,26.89137251,0.342095098
070400050102,2012,20.446504729,16.83250505,0.286303678
070400050102,2013,35.191998953,20.853245267,0.310996602
070400050102,2014,36.092630654,21.380159192,0.34166851
070400050102,2015,43.658776962,22.82051,0.362841611
070400050102,2016,50.569806809,25.789617616,0.363081783
070400050102,2017,37.392197592,24.343908474,0.350623247
070400050102,2018,42.212567453,23.304582514,0.359491887
070400050102,2019,57.766294364,28.587788382,0.36882382
070400050103,2010,62.101850456,25.918640088,0.34882484
070400050103,2011,39.421685243,28.110564642,0.340131856
070400050103,2012,20.005389597,17.173474867,0.284342618
070400050103,2013,34.806595833,21.464566593,0.31111498
070400050103,2014,34.229254875,22.12790006,0.338139588
070400050103,2015,42.792809359,23.812467459,0.360019798
070400050103,2016,47.879712323,27.180502433,0.359330838
070400050103,2017,37.358116428,25.569219049,0.349916958
070400050103,2018,39.409620928,24.476606999,0.356190213
070400050103,2019,57.372353453,30.12791989,0.367290397
070400050201,2010,36.175612062,11.551382903,0.504781225
070400050201,2011,24.870925098,14.831198498,0.46879968
070400050201,2012,9.953038053,6.814358671,0.374076573
070400050201,2013,19.359764972,8.638170087,0.469275188
070400050201,2014,20.178868399,8.833710191,0.51419019
070400050201,2015,24.285439125,10.556657368,0.503663497
070400050201,2016,27.490987175,13.249526951,0.491647953
070400050201,2017,16.938824995,11.169111628,0.457636145
070400050201,2018,23.158559977,10.291676117,0.51189086
070400050201,2019,33.593584338,14.706495942,0.545482237
070400050202,2010,52.511509459,22.662586503,0.450923255
070400050202,2011,37.853828962,25.788303955,0.428272654
070400050202,2012,21.28185846,16.660865096,0.356545066
070400050202,2013,30.320545498,17.585117904,0.416882942
070400050202,2014,33.217573296,18.93277204,0.451682633
070400050202,2015,37.510215129,21.232958523,0.446908062
070400050202,2016,40.199386899,24.419500033,0.446471434
070400050202,2017,31.22808747,22.332500422,0.423296649
070400050202,2018,33.261359163,20.439948533,0.452497907
070400050202,2019,47.372277824,25.797232893,0.477951302
070400050203,2010,56.081973036,23.008774552,0.460760016
070400050203,2011,39.118207991,26.219188547,0.436009606
070400050203,2012,22.418460868,17.496534934,0.368179233
070400050203,2013,30.562948589,18.372716467,0.423298969
070400050203,2014,34.957990278,19.882405095,0.458865946
070400050203,2015,39.048574135,21.751908629,0.457511106
070400050203,2016,42.195164976,24.656433994,0.457878784
070400050203,2017,33.52610804,23.086777559,0.438853575
070400050203,2018,35.753379112,21.192252682,0.461497358
070400050203,2019,49.786750438,25.838178329,0.482220381
070400050204,2010,42.367722945,18.020006685,0.530556252
070400050204,2011,28.034583505,20.047308712,0.480718444
070400050204,2012,10.856631473,8.425935737,0.431499785
070400050204,2013,26.966740093,16.556153447,0.511420759
070400050204,2014,27.15532265,15.250017935,0.544865102
070400050204,2015,29.019315045,15.712805836,0.529079802
070400050204,2016,35.766445273,19.599345974,0.528621288
070400050204,2017,26.481140077,17.484887046,0.535345062
070400050204,2018,29.287294569,16.797085075,0.543073366
070400050204,2019,48.3230455,24.486316454,0.56855143
070400050205,2010,47.078440226,16.957166015,0.542384471
070400050205,2011,28.058027145,18.052447134,0.47598304
070400050205,2012,11.810048017,7.977525487,0.409358894
070400050205,2013,27.292406155,13.052872376,0.496761564
070400050205,2014,27.210423367,13.571227057,0.533762976
070400050205,2015,32.733136662,14.998511522,0.535968516
070400050205,2016,35.51504084,18.332058339,0.525672391
070400050205,2017,26.585933177,16.151727871,0.513284024
070400050205,2018,28.164556784,14.734730027,0.539157822
070400050205,2019,47.615685649,21.350435401,0.573697389
070400050206,2010,43.765403376,12.329285107,0.588250025
070400050206,2011,24.794046639,14.323992722,0.519359098
070400050206,2012,9.186341747,6.000125595,0.447333821
070400050206,2013,25.086248962,11.270485273,0.535049616
070400050206,2014,23.462486689,10.333054257,0.5785305
070400050206,2015,30.754980654,10.893774693,0.582686972
070400050206,2016,31.672638376,13.279830643,0.569888907
070400050206,2017,23.989417489,12.188131516,0.56748927
070400050206,2018,27.772422727,12.048883611,0.587763543
070400050206,2019,46.980593302,16.882379591,0.620040406
070400050207,2010,45.766980641,15.480882233,0.546944232
070400050207,2011,27.830291274,17.573027939,0.490957671
070400050207,2012,9.804723374,7.678899202,0.428370609
070400050207,2013,26.15511831,13.876666705,0.506724434
070400050207,2014,21.786518104,12.657108049,0.540743574
070400050207,2015,31.154044566,13.337237304,0.546075015
070400050207,2016,33.448229666,16.318329113,0.537501241
070400050207,2017,24.281175365,14.920825147,0.537500812
070400050207,2018,31.668989934,14.916656192,0.555940611
070400050207,2019,47.882010647,20.691884219,0.576955933
070400050301,2010,58.74783405,24.09831087,0.428559978
070400050301,2011,37.380582151,26.208127173,0.391931901
070400050301,2012,20.454641348,16.635989899,0.339760423
070400050301,2013,34.750097355,20.812666364,0.389414783
070400050301,2014,36.261252975,21.33064654,0.42209355
070400050301,2015,34.627291262,21.304415131,0.431896814
070400050301,2016,48.446447364,24.650680053,0.436025524
070400050301,2017,33.791641931,23.452976111,0.420844128
070400050301,2018,38.295195816,22.048738499,0.431451808
070400050301,2019,48.533389739,26.239811407,0.447921161
070400050302,2010,36.443886594,8.474695939,0.565535062
070400050302,2011,21.50570818,10.571052916,0.49155095
070400050302,2012,8.143461872,5.536668926,0.428183362
070400050302,2013,24.308475708,7.049072564,0.512752483
070400050302,2014,21.481597697,7.42960637,0.551302551
070400050302,2015,20.55012119,7.439295433,0.546150852
070400050302,2016,34.785053802,9.270692408,0.557802143
070400050302,2017,18.466592042,8.975450774,0.514126549
070400050302,2018,26.297654703,7.686136685,0.57261849
070400050302,2019,36.415631099,10.4972006,0.600211253
070400050303,2010,39.157419461,10.273701435,0.595618002
070400050303,2011,25.155870035,13.762935789,0.510260556
070400050303,2012,8.817639861,6.521738953,0.448948571
070400050303,2013,27.821789468,9.736996532,0.535090714
070400050303,2014,19.834804457,8.80708307,0.582763739
070400050303,2015,24.523511114,8.630682856,0.586358559
070400050303,2016,34.10725807,11.027136281,0.585301336
070400050303,2017,20.086295406,10.754106181,0.546797891
070400050303,2018,26.98938639,9.781245864,0.592205283
070400050303,2019,37.195759291,12.863494743,0.620315245
070400050304,2010,52.50083244,17.827454647,0.518117949
070400050304,2011,32.246969198,20.123082798,0.457308082
070400050304,2012,15.450024482,12.050508641,0.402275689
070400050304,2013,30.816086956,15.371166055,0.472902714
070400050304,2014,29.085103711,15.478638105,0.507008306
070400050304,2015,32.663225212,15.454468082,0.517737433
070400050304,2016,45.104918355,18.343488546,0.520583741
070400050304,2017,30.561993591,17.571115672,0.501318977
070400050304,2018,34.081265818,16.729004535,0.517816819
070400050304,2019,46.009678826,19.832978352,0.540624767
070400050401,2010,53.34125792,17.6772688,0.473833385
070400050401,2011,31.241786321,19.01341754,0.429087259
070400050401,2012,14.16790494,10.915366828,0.359500193
070400050401,2013,27.723037691,13.634335872,0.427308549
070400050401,2014,25.947800257,14.13072915,0.447071847
070400050401,2015,36.316829543,15.403318173,0.475561769
070400050401,2016,41.855483362,18.308313385,0.46435767
070400050401,2017,29.650819405,17.14354196,0.440208148
070400050401,2018,34.632309627,15.92047365,0.47887362
070400050401,2019,47.622348333,20.219889109,0.49137584
070400050402,2010,39.017280171,8.815356589,0.569508418
070400050402,2011,22.542427413,10.764517812,0.495198195
070400050402,2012,8.753220676,5.737404545,0.432895238
070400050402,2013,26.014344772,7.386545357,0.525543669
070400050402,2014,17.762024464,7.434778454,0.564012956
070400050402,2015,27.085811468,7.627229787,0.578354607
070400050402,2016,34.715655539,9.306245946,0.577033926
070400050402,2017,20.606489196,8.768950137,0.522244587
070400050402,2018,25.141301982,7.80427326,0.575764004
070400050402,2019,36.489538888,10.180784272,0.608406847
070400050403,2010,43.201668393,12.986994894,0.565635618
070400050403,2011,24.95173878,13.95147862,0.500015482
070400050403,2012,10.017749733,7.518802762,0.433361127
070400050403,2013,26.582237734,9.960702675,0.541647501
070400050403,2014,19.397541254,10.040294204,0.566825131
070400050403,2015,32.633671171,11.343793458,0.577160502
070400050403,2016,37.501315396,13.184082786,0.572140999
070400050403,2017,22.982707791,12.310945408,0.536368534
070400050403,2018,28.230430393,11.401003397,0.578344418
070400050403,2019,41.804810995,14.652665574,0.612611047
070400050404,2010,40.04735197,11.030810799,0.557703443
070400050404,2011,24.72059113,12.869659248,0.503191354
070400050404,2012,10.183767944,7.813085594,0.434436504
070400050404,2013,25.184614963,9.737849562,0.549674316
070400050404,2014,20.296352485,9.596090233,0.571660647
070400050404,2015,29.702794373,9.999639185,0.571760452
070400050404,2016,32.404717178,11.48046186,0.561558943
070400050404,2017,23.872201373,11.290021828,0.547849383
070400050404,2018,26.637168139,10.412229052,0.575534079
070400050404,2019,39.770569098,13.170341602,0.610305317
070400050405,2010,38.601732871,12.732582006,0.565316971
070400050405,2011,23.741131885,13.956734463,0.499065867
070400050405,2012,9.4318284,7.324553135,0.428894112
070400050405,2013,24.61646008,9.738161946,0.542125386
070400050405,2014,17.728061131,9.711571376,0.568190406
070400050405,2015,29.689225259,10.917024204,0.577140442
070400050405,2016,34.272957824,13.23552865,0.571256266
070400050405,2017,21.966755932,12.389992328,0.537286754
070400050405,2018,25.869795376,11.277750361,0.577757947
070400050405,2019,39.328015976,14.929513607,0.613167749
070400050501,2010,43.502084472,18.783500608,0.601729916
070400050501,2011,32.210446391,19.020194669,0.524737959
070400050501,2012,14.743486652,10.660758717,0.455889689
070400050501,2013,34.816699882,14.848092621,0.565831206
070400050501,2014,28.380147314,15.724166431,0.593101148
070400050501,2015,36.551899426,17.581062785,0.602699821
070400050501,2016,43.476596775,20.742802637,0.611354458
070400050501,2017,30.626193533,18.791458618,0.592422428
070400050501,2018,29.533920437,16.978158594,0.601525105
070400050501,2019,45.004036444,21.19939634,0.645040425
070400050502,2010,43.764039725,21.72512775,0.602931865
070400050502,2011,33.324214517,20.879929285,0.509883535
070400050502,2012,14.735240345,11.356716983,0.443135082
070400050502,2013,33.446472528,15.935757696,0.567401238
070400050502,2014,30.662234826,17.941082896,0.593070735
070400050502,2015,38.702971539,20.612824028,0.60140136
070400050502,2016,44.102269187,23.3386883,0.616786423
070400050502,2017,30.270677594,21.189599356,0.59167752
070400050502,2018,30.904521611,18.959432786,0.600374519
070400050502,2019,43.48935411,23.997348828,0.643079635
070400050503,2010,49.732057364,11.826899985,0.38916126
070400050503,2011,38.863485496,12.561689714,0.37875522
070400050503,2012,18.8649099,9.808277697,0.336391071
070400050503,2013,42.459085653,11.440557825,0.373736151
070400050503,2014,37.620981444,11.555577815,0.389308258
070400050503,2015,48.382841655,11.817345665,0.402906833
070400050503,2016,56.33824713,13.138917213,0.403790506
070400050503,2017,39.225335407,12.681792322,0.395150924
070400050503,2018,44.030945926,11.938748059,0.397773165
070400050503,2019,58.800498204,13.356093312,0.407192449
070400050504,2010,42.237398406,16.991885661,0.490144875
070400050504,2011,33.198266747,15.886676281,0.433404958
070400050504,2012,15.444369359,9.365059633,0.381075688
070400050504,2013,34.324246634,13.085793529,0.466088443
070400050504,2014,31.482918176,13.792108629,0.487367248
070400050504,2015,40.046338414,15.772593678,0.496276577
070400050504,2016,47.137940574,17.70593248,0.50078699
070400050504,2017,32.652401563,16.102036067,0.489453108
070400050504,2018,36.289995764,15.135002313,0.493141354
070400050504,2019,46.26106213,18.126740291,0.514479916
070400060101,2010,20.680291984,10.876521548,0.49809552
070400060101,2011,20.372440683,10.988078069,0.458909375
070400060101,2012,9.418462754,4.565045284,0.352402656
070400060101,2013,21.48183522,10.282740668,0.450125691
070400060101,2014,20.324487546,9.456710195,0.470523237
070400060101,2015,20.832304854,10.575471984,0.490663278
070400060101,2016,31.735197013,14.377204735,0.512939069
070400060101,2017,19.088751374,11.205737969,0.466605532
070400060101,2018,24.161304116,11.919066315,0.502670327
070400060101,2019,25.287563173,14.343527529,0.519083648
070400060102,2010,11.6603035,8.19902536,0.676670296
070400060102,2011,17.693224737,10.786017397,0.648628981
070400060102,2012,5.909287632,5.049465538,0.511613396
070400060102,2013,13.848277262,10.84330157,0.633857336
070400060102,2014,18.205159383,12.65408209,0.690660584
070400060102,2015,14.489995814,8.826773936,0.705189483
070400060102,2016,29.850116623,13.450622988,0.717447744
070400060102,2017,16.713484457,12.799325207,0.639926909
070400060102,2018,16.328300266,8.529897803,0.69648792
070400060102,2019,23.957173623,13.199668359,0.757391069
070400060103,2010,17.038592159,7.671573179,0.539297698
070400060103,2011,17.279821196,8.953143754,0.49913984
070400060103,2012,9.347340353,5.287968191,0.401159454
070400060103,2013,16.345275136,8.548887881,0.48859178
070400060103,2014,19.408178284,9.36806144,0.515188306
070400060103,2015,15.78143283,7.323501123,0.529805422
070400060103,2016,28.495282542,10.492850166,0.563841891
070400060103,2017,17.038870436,10.331040583,0.504851498
070400060103,2018,18.758615056,8.203791248,0.543409061
070400060103,2019,20.928957399,10.690196795,0.572488976
070400060201,2010,28.763048487,17.15538736,0.562068019
070400060201,2011,22.035764937,15.96212522,0.541347322
070400060201,2012,13.146014363,10.132967373,0.494338322
070400060201,2013,18.290461376,14.046535288,0.568187296
070400060201,2014,26.748463961,15.730032202,0.578358416
070400060201,2015,22.518326565,15.303388423,0.556578713
070400060201,2016,37.609022761,22.292868009,0.566437649
070400060201,2017,22.944254285,17.156712363,0.553431641
070400060201,2018,32.493380673,17.982398447,0.594434348
070400060201,2019,32.648873739,21.411218792,0.602520101
070400060202,2010,37.493241989,24.188110031,0.434676274
070400060202,2011,30.570350706,24.086519751,0.425123843
070400060202,2012,21.275094655,17.21313522,0.40106279
070400060202,2013,25.387436486,19.919793201,0.439173528
070400060202,2014,32.196246381,21.165471166,0.437318016
070400060202,2015,33.124514673,22.223021513,0.446579525
070400060202,2016,43.446060862,27.633189583,0.448990701
070400060202,2017,30.971448614,24.825642526,0.431074509
070400060202,2018,36.576780343,22.751493939,0.463083837
070400060202,2019,41.055890087,28.097225334,0.473272053
070400060203,2010,23.189033638,18.116567917,0.604969583
070400060203,2011,20.024356452,16.979920865,0.577619572
070400060203,2012,10.857734529,10.086568012,0.513488519
070400060203,2013,15.781794835,13.645740875,0.573405405
070400060203,2014,21.583251755,16.487663519,0.629368345
070400060203,2015,18.047440465,15.425932648,0.58508479
070400060203,2016,29.625347906,21.638390255,0.617242502
070400060203,2017,22.626460105,19.735189185,0.61175902
070400060203,2018,32.652433995,21.343794256,0.65570071
070400060203,2019,31.699981487,24.862719334,0.64965915
070400060204,2010,28.247361696,24.764702566,0.536066734
070400060204,2011,25.23052188,23.083032795,0.503261753
070400060204,2012,15.255310028,14.242128433,0.458705811
070400060204,2013,22.833242031,20.388578579,0.516037548
070400060204,2014,26.101855868,22.476348275,0.542588004
070400060204,2015,24.7500721,21.670066233,0.531998934
070400060204,2016,37.837003564,31.58104428,0.546959006
070400060204,2017,27.363744929,24.981611119,0.52329495
070400060204,2018,31.62777616,25.894337337,0.562828328
070400060204,2019,35.007406457,30.575751444,0.57612251
070400060301,2010,20.986127233,15.262063406,0.61134899
070400060301,2011,18.532285016,15.22980861,0.579206198
070400060301,2012,9.856834136,9.110479831,0.509442246
070400060301,2013,13.919077066,12.033185566,0.575809425
070400060301,2014,21.391813197,14.419242297,0.636876595
070400060301,2015,17.408326209,14.095620362,0.592395454
070400060301,2016,29.315873713,19.50746417,0.623048439
070400060301,2017,20.672231995,17.860575009,0.61344741
070400060301,2018,31.600619632,18.500229617,0.661486122
070400060301,2019,28.529171257,21.863353715,0.653634368
070400060302,2010,13.716046665,8.843971279,0.68137917
070400060302,2011,14.955438285,11.237057752,0.629771461
070400060302,2012,6.085091113,5.125562912,0.55473869
070400060302,2013,12.097945319,9.807928087,0.641241373
070400060302,2014,13.423673299,9.64454148,0.682648189
070400060302,2015,13.499717215,8.616944213,0.675406011
070400060302,2016,23.171754822,14.343480331,0.684412363
070400060302,2017,15.735332307,11.93673657,0.641145065
070400060302,2018,16.285625615,9.324066119,0.689233547
070400060302,2019,21.983606823,14.518388067,0.724984078
070400060303,2010,21.515970474,12.889290258,0.603082757
070400060303,2011,17.752828075,12.796863339,0.558267214
070400060303,2012,8.299700429,7.630823792,0.476164591
070400060303,2013,11.608565211,9.065439044,0.563907564
070400060303,2014,22.07486858,11.471540587,0.623392386
070400060303,2015,20.67167363,13.026737234,0.59566536
070400060303,2016,33.353911335,15.855830963,0.616745218
070400060303,2017,20.097838477,15.715311481,0.583652317
070400060303,2018,36.364144072,14.205908876,0.649495069
070400060303,2019,26.534210401,16.962239101,0.652503457
070400060304,2010,24.872604228,16.751742304,0.527301222
070400060304,2011,19.765355862,15.428057566,0.486865235
070400060304,2012,10.13145784,8.922073869,0.423554839
070400060304,2013,15.68814167,12.383256433,0.497483275
070400060304,2014,25.836044355,15.718574321,0.550609592
070400060304,2015,22.81715671,15.933689174,0.528608408
070400060304,2016,34.717401812,20.937995992,0.544595936
070400060304,2017,22.839736209,18.876368942,0.507678786
070400060304,2018,33.274026515,17.616575896,0.566330491
070400060304,2019,30.520766239,21.148073776,0.576387795
070400060305,2010,14.337917514,6.733958168,0.643177656
070400060305,2011,19.187036145,9.155080591,0.59133022
070400060305,2012,5.924522225,3.463298502,0.498449668
070400060305,2013,14.796202591,5.661785176,0.581172728
070400060305,2014,17.677364616,5.726731785,0.631387882
070400060305,2015,16.940653514,6.966200686,0.642849345
070400060305,2016,26.631680314,9.894224117,0.657267753
070400060305,2017,18.9397405,9.996196856,0.603371203
070400060305,2018,16.913231806,5.796260594,0.649593687
070400060305,2019,24.910953088,10.511832477,0.690701581
070400060306,2010,29.945313673,22.270018172,0.561531413
070400060306,2011,25.504805025,20.198481471,0.522001197
070400060306,2012,15.40475197,12.424613704,0.470418531
070400060306,2013,24.778057028,19.100412092,0.533427681
070400060306,2014,31.253945295,21.442113381,0.573091108
070400060306,2015,26.213950843,20.060838199,0.556773769
070400060306,2016,40.264494718,28.051836816,0.574508557
070400060306,2017,27.850634488,22.342058567,0.535556865
070400060306,2018,35.25800938,23.446529859,0.585212443
070400060306,2019,36.2713896,26.525225044,0.605750779
070400060307,2010,19.112190866,9.350904077,0.587365244
070400060307,2011,14.728015846,9.63623403,0.537149409
070400060307,2012,5.195862724,4.468090794,0.457524308
070400060307,2013,9.611171841,6.481856847,0.550091583
070400060307,2014,20.683339872,8.621164417,0.595332814
070400060307,2015,17.358960969,10.027302952,0.594635902
070400060307,2016,25.542813348,11.406435716,0.601294258
070400060307,2017,15.367588772,10.673200511,0.547752486
070400060307,2018,22.829710377,8.097120599,0.611647553
070400060307,2019,24.141176006,12.151158205,0.643049887
070400060308,2010,20.26216051,9.216516653,0.597152979
070400060308,2011,15.239427732,9.71037627,0.546936973
070400060308,2012,5.071586469,4.262902198,0.465839629
070400060308,2013,10.73668945,6.31793055,0.561100964
070400060308,2014,20.035106115,8.273144456,0.602720894
070400060308,2015,18.015928013,9.817090556,0.603705647
070400060308,2016,27.234576336,11.350993018,0.610962473
070400060308,2017,15.891325079,10.724745159,0.561386986
070400060308,2018,23.277956421,8.137475042,0.621694736
070400060308,2019,25.351261286,12.268552056,0.653895125
070400060309,2010,13.293846052,7.037806261,0.642696723
070400060309,2011,19.658795205,9.716968101,0.59198353
070400060309,2012,6.017510432,3.550234803,0.497460266
070400060309,2013,14.163828954,5.828376676,0.580213938
070400060309,2014,17.963127498,6.048058188,0.632675229
070400060309,2015,16.609427739,7.306584421,0.642252673
070400060309,2016,27.676721666,10.535391165,0.656964046
070400060309,2017,18.160424491,10.49947367,0.601046988
070400060309,2018,15.081735255,5.762140506,0.64872227
070400060309,2019,24.599462125,11.173438324,0.690513454
070400060310,2010,20.352744797,14.952023145,0.603233004
070400060310,2011,19.920840812,14.890568587,0.549951267
070400060310,2012,7.017268889,5.657470718,0.471419428
070400060310,2013,14.716857471,9.829725547,0.562450265
070400060310,2014,21.061628212,12.789012502,0.606176151
070400060310,2015,19.180715607,14.424384159,0.606795257
070400060310,2016,29.994744251,18.326727552,0.617260851
070400060310,2017,20.393887021,16.010272462,0.561697359
070400060310,2018,20.554728805,12.329972387,0.619747202
070400060310,2019,26.453976309,18.56986349,0.654517399
070400060401,2010,20.519702325,9.687860016,0.608324622
070400060401,2011,18.490953296,11.209365577,0.541372498
070400060401,2012,7.253657675,6.018311262,0.485860558
070400060401,2013,13.794242784,9.082557034,0.574829652
070400060401,2014,22.16505758,11.097682038,0.637052119
070400060401,2015,18.061801242,10.702013597,0.608187079
070400060401,2016,33.734497215,13.911492016,0.626259198
070400060401,2017,19.976105808,14.011121807,0.57721586
070400060401,2018,26.193852318,10.097839445,0.633216024
070400060401,2019,26.086564342,13.813814866,0.659658827
070400060402,2010,17.195637176,8.733584063,0.639755278
070400060402,2011,23.911043194,10.542271685,0.586027356
070400060402,2012,8.216255804,4.689356399,0.501969019
070400060402,2013,16.505973433,7.30827581,0.585634086
070400060402,2014,23.361644475,8.552843846,0.639230765
070400060402,2015,19.295570837,8.830338057,0.637720388
070400060402,2016,36.06199078,12.384263117,0.657904602
070400060402,2017,20.945740421,11.685502211,0.598242415
070400060402,2018,20.014680425,7.863541973,0.64921062
070400060402,2019,29.604810722,13.109300021,0.688627665
070400060403,2010,31.273634194,20.307901499,0.576974875
070400060403,2011,28.342324071,19.197338964,0.519248815
070400060403,2012,15.480923584,11.099555386,0.477442395
070400060403,2013,24.831008848,16.9916029,0.550576982
070400060403,2014,34.769547084,21.576050157,0.592653553
070400060403,2015,26.530639187,18.687635204,0.571628856
070400060403,2016,49.673957733,26.976577615,0.599544921
070400060403,2017,28.335690843,21.41516778,0.541968368
070400060403,2018,29.828849011,19.390634114,0.593332896
070400060403,2019,36.988448852,25.074458881,0.61754812
070400060502,2010,36.415845475,22.774331815,0.507081266
070400060502,2011,27.084225327,19.436422723,0.475267541
070400060502,2012,17.287958836,12.74730918,0.417737438
070400060502,2013,29.917971921,21.341714348,0.487012023
070400060502,2014,37.155919012,24.338480416,0.494780765
070400060502,2015,28.916818862,19.720538769,0.495826431
070400060502,2016,49.684729603,28.401313099,0.538090252
070400060502,2017,28.390202539,21.571306475,0.488786263
070400060502,2018,33.531703592,22.120117382,0.51651378
070400060502,2019,37.550915683,26.566569596,0.544966772
070400070101,2010,46.138591632,29.626344006,0.658323031
070400070101,2011,33.894663874,25.021697631,0.66913256
070400070101,2012,14.685059147,11.622742618,0.564795173
070400070101,2013,30.851785273,19.389670205,0.650528632
070400070101,2014,35.156605764,23.506170063,0.698509671
070400070101,2015,36.042644936,25.474800173,0.668210333
070400070101,2016,44.919596822,33.387640623,0.681275607
070400070101,2017,27.878773916,22.625157585,0.663613396
070400070101,2018,43.553430888,24.521758458,0.637797964
070400070101,2019,53.409945061,35.697402015,0.714661473
070400070102,2010,47.848815335,31.300353904,0.658723311
070400070102,2011,35.047519678,26.126748267,0.67023676
070400070102,2012,15.929360445,12.851004893,0.565299759
070400070102,2013,31.629332096,20.169145112,0.649605342
070400070102,2014,35.496730695,23.791626462,0.69884059
070400070102,2015,34.796379933,24.401456427,0.668419486
070400070102,2016,46.329313101,34.592725656,0.6821911
070400070102,2017,28.603957597,23.32829221,0.665053985
070400070102,2018,46.369088919,27.053029517,0.637949913
070400070102,2019,54.916533749,37.131121953,0.71516858
070400070103,2010,45.815830198,27.143667767,0.658169216
070400070103,2011,35.25922484,26.053612282,0.671385877
070400070103,2012,15.636863305,12.460122082,0.566137557
070400070103,2013,31.29487546,19.398553756,0.650963148
070400070103,2014,36.022059291,24.015733947,0.699671563
070400070103,2015,36.000968141,24.390432336,0.670199068
070400070103,2016,45.101281742,32.75223874,0.681707935
070400070103,2017,27.68968494,22.330196215,0.662890967
070400070103,2018,44.673265896,23.184030543,0.641147799
070400070103,2019,53.39020494,34.849810041,0.715302051
070400070104,2010,53.272341008,34.686825985,0.655928386
070400070104,2011,39.58533954,30.237063473,0.667344461
070400070104,2012,19.781818558,16.449079063,0.563384642
070400070104,2013,33.60197299,21.881559913,0.644650216
070400070104,2014,39.256928578,27.136641974,0.693540443
070400070104,2015,36.445690085,25.628894779,0.664420824
070400070104,2016,51.277653329,38.128447412,0.677392916
070400070104,2017,30.427168974,24.998679901,0.660896429
070400070104,2018,51.77441722,29.84302094,0.635122937
070400070104,2019,61.102870195,42.048452941,0.711589626
070400070105,2010,48.959729999,31.994308551,0.642228179
070400070105,2011,40.911213774,31.515520775,0.654910948
070400070105,2012,20.587774537,17.461958649,0.557503568
070400070105,2013,35.673598834,23.970944377,0.630811053
070400070105,2014,37.519168805,25.743368988,0.679568332
070400070105,2015,35.577907224,25.370391695,0.653315195
070400070105,2016,49.278827724,36.80475224,0.663294877
070400070105,2017,30.579717429,25.307675147,0.649104292
070400070105,2018,50.739608944,30.057690675,0.629031586
070400070105,2019,60.384151841,41.976400974,0.699223672
070400070106,2010,51.493590691,33.733170807,0.65720497
070400070106,2011,38.313546282,29.164901291,0.670173334
070400070106,2012,17.943733865,14.785099971,0.566763716
070400070106,2013,33.630363128,21.998199508,0.646043597
070400070106,2014,36.761889171,24.924246313,0.696916608
070400070106,2015,36.32592511,25.680992977,0.669290146
070400070106,2016,48.13515906,35.884319738,0.678385297
070400070106,2017,28.950303619,23.61045281,0.662678264
070400070106,2018,49.296534961,29.012559793,0.638933041
070400070106,2019,59.176873651,40.999207298,0.715311979
070400070201,2010,45.975874407,4.759371163,0.571584294
070400070201,2011,18.333820249,3.590958256,0.549614814
070400070201,2012,6.946522302,1.174611582,0.447015038
070400070201,2013,19.036049458,4.502908081,0.521114538
070400070201,2014,23.980258241,4.291063264,0.577121277
070400070201,2015,21.244074642,2.737629268,0.557318088
070400070201,2016,32.735657772,4.67577533,0.574177455
070400070201,2017,11.696755127,2.498066116,0.548665521
070400070201,2018,27.209666124,3.741469318,0.554749365
070400070201,2019,31.869370182,4.651004373,0.606768026
070400070202,2010,51.013703356,3.64491895,0.587782997
070400070202,2011,21.084330622,2.677912634,0.571586104
070400070202,2012,5.35940283,0.498569619,0.417021009
070400070202,2013,21.424018532,3.626042324,0.531706811
070400070202,2014,26.188570894,3.132018222,0.586648477
070400070202,2015,16.510506311,1.407906164,0.561138201
070400070202,2016,45.2188612,3.987326282,0.596317557
070400070202,2017,13.130377045,1.634820154,0.555430104
070400070202,2018,30.651338224,2.778361311,0.581950733
070400070202,2019,39.558650319,3.794667828,0.648026527
070400070203,2010,55.004214158,9.028727317,0.684924674
070400070203,2011,24.626634012,6.523208551,0.64573616
070400070203,2012,8.998693659,2.332445856,0.533489264
070400070203,2013,28.516029533,8.558582425,0.628554381
070400070203,2014,33.325407404,8.29521762,0.697642326
070400070203,2015,26.711953642,5.649308871,0.662416286
070400070203,2016,45.386025008,8.793549754,0.695557289
070400070203,2017,17.141970029,5.063850185,0.657490559
070400070203,2018,31.518084174,6.549483184,0.65292772
070400070203,2019,40.69879819,8.456416075,0.715287672
070400070301,2010,44.54583054,22.423282572,0.6913554
070400070301,2011,31.572772053,22.528621614,0.70127009
070400070301,2012,12.896809917,9.771555428,0.57639961
070400070301,2013,27.669589711,14.854509476,0.65652323
070400070301,2014,29.67379516,17.189058829,0.721552797
070400070301,2015,30.363517473,18.524357572,0.702847224
070400070301,2016,41.93079721,28.259674168,0.710872624
070400070301,2017,24.217704171,18.867760585,0.688948842
070400070301,2018,38.051915232,16.959626625,0.659375886
070400070301,2019,50.494262238,30.482933312,0.747393015
070400070302,2010,43.827809839,21.099409274,0.692678291
070400070302,2011,29.688405287,20.603645028,0.69853714
070400070302,2012,11.688311088,8.582418458,0.575036137
070400070302,2013,26.481567837,13.417389946,0.656924939
070400070302,2014,28.234856441,15.543913372,0.719948651
070400070302,2015,28.864365806,16.855690009,0.702322831
070400070302,2016,39.970996989,26.032709003,0.71208571
070400070302,2017,22.680065955,17.318923785,0.683868174
070400070302,2018,35.382781999,14.643728947,0.661213589
070400070302,2019,46.523643876,26.885338959,0.745608063
070400070303,2010,45.234878501,23.381396729,0.734568191
070400070303,2011,29.022708705,19.44371471,0.705115731
070400070303,2012,15.62369851,10.529159071,0.62657462
070400070303,2013,32.020053807,16.88241822,0.661774599
070400070303,2014,31.093966462,16.383018435,0.733514124
070400070303,2015,25.462886942,15.576184999,0.747163618
070400070303,2016,44.205337414,26.88397861,0.742084606
070400070303,2017,26.469456745,17.615505157,0.707690874
070400070303,2018,37.672550356,18.479403427,0.672587924
070400070303,2019,48.511528081,28.280371385,0.777316504
070400070304,2010,45.058307343,22.979125431,0.71780139
070400070304,2011,31.208127159,21.395470832,0.704606445
070400070304,2012,15.31303872,10.974305015,0.612370425
070400070304,2013,31.57757756,16.533168696,0.66118807
070400070304,2014,31.043321489,16.894042728,0.729796067
070400070304,2015,29.031764319,18.044703684,0.731044571
070400070304,2016,43.568775634,27.132894133,0.730141225
070400070304,2017,26.27877424,18.687843775,0.703830744
070400070304,2018,39.820987933,18.785625625,0.670546264
070400070304,2019,50.555104833,29.655133342,0.765874096
070400070305,2010,37.678610149,18.944463189,0.597264527
070400070305,2011,20.721323437,16.156319143,0.553326777
070400070305,2012,7.125385795,6.481035605,0.466722114
070400070305,2013,19.338771287,11.936107096,0.553880852
070400070305,2014,19.829153326,13.442004395,0.605019919
070400070305,2015,15.733888392,10.730725892,0.573613101
070400070305,2016,30.370647436,20.190654196,0.611641203
070400070305,2017,15.813575517,13.674866793,0.569122627
070400070305,2018,21.338153214,11.634103499,0.564174178
070400070305,2019,27.632882044,18.628457072,0.622333699
070400070401,2010,47.97602334,17.836711203,0.616784693
070400070401,2011,21.437807986,15.024197602,0.561456927
070400070401,2012,6.298809492,4.974725134,0.441946668
070400070401,2013,22.344873542,11.307804093,0.559046081
070400070401,2014,28.303198033,13.323355228,0.620191763
070400070401,2015,17.499219198,10.504141853,0.578803456
070400070401,2016,50.323641675,18.634614458,0.605071462
070400070401,2017,21.784753202,13.336456988,0.571692384
070400070401,2018,29.331325082,11.981000466,0.579518258
070400070401,2019,47.572772736,20.214208889,0.656194484
070400070402,2010,36.839733579,13.1308057,0.541803235
070400070402,2011,17.452688355,11.717016394,0.500623227
070400070402,2012,4.219782969,3.677579483,0.376756499
070400070402,2013,15.71309384,6.631621202,0.508378038
070400070402,2014,22.151120345,10.918942235,0.545912421
070400070402,2015,13.169437721,8.16971175,0.496267404
070400070402,2016,40.350825476,15.420448272,0.534797331
070400070402,2017,17.571367831,11.548981575,0.495494173
070400070402,2018,23.046958677,9.18766183,0.520866703
070400070402,2019,37.607463565,16.56469254,0.589892183
070400070403,2010,51.832528909,13.841706311,0.66680368
070400070403,2011,26.010113863,12.354401965,0.587770276
070400070403,2012,9.11166626,4.453310288,0.46165581
070400070403,2013,27.641482873,8.560572493,0.564472333
070400070403,2014,32.950729895,10.60118106,0.633842991
070400070403,2015,22.85819692,9.10663922,0.603322687
070400070403,2016,57.916028251,15.790643414,0.654627298
070400070403,2017,27.670741235,12.362989415,0.600832178
070400070403,2018,30.124117058,9.449690961,0.613497635
070400070403,2019,54.358805683,16.904864843,0.694617501
070400070404,2010,63.840573718,19.002998533,0.703087349
070400070404,2011,32.858542123,17.172306373,0.669156901
070400070404,2012,15.697785061,9.682705902,0.547888585
070400070404,2013,34.225893885,13.960962678,0.637042039
070400070404,2014,46.027895696,16.696264887,0.688713438
070400070404,2015,30.781127573,14.409367154,0.684975832
070400070404,2016,61.174163807,21.199466659,0.718074839
070400070404,2017,35.519804093,16.761038604,0.682858627
070400070404,2018,38.472163499,15.283088884,0.659860377
070400070404,2019,57.161011813,21.110751474,0.714217333
070400070405,2010,58.17142915,12.400393917,0.687001027
070400070405,2011,29.732361851,11.705669455,0.63708973
070400070405,2012,12.642920759,6.304025621,0.502597044
070400070405,2013,30.157526108,7.803741986,0.582906148
070400070405,2014,39.443776769,10.350753152,0.661177366
070400070405,2015,29.376242869,9.767946857,0.647914454
070400070405,2016,62.039138401,14.554212518,0.694430868
070400070405,2017,29.846530857,11.60741027,0.649432307
070400070405,2018,34.894033062,10.32500534,0.634561202
070400070405,2019,57.487087996,14.655057413,0.701768454
070400070501,2010,61.098636329,5.078561664,0.746817091
070400070501,2011,28.616759358,4.594400667,0.732379251
070400070501,2012,12.598974924,2.532020179,0.563224999
070400070501,2013,30.907349907,5.11413348,0.639502688
070400070501,2014,42.959040806,5.865437188,0.72719642
070400070501,2015,32.532450671,4.025759317,0.732799703
070400070501,2016,59.671856535,6.202743664,0.751496196
070400070501,2017,26.017255188,4.026567697,0.718607198
070400070501,2018,38.137500965,4.954963022,0.693673957
070400070501,2019,59.631603538,6.442785101,0.766610431
070400070502,2010,58.299355752,11.770717798,0.689454822
070400070502,2011,31.832401542,8.590914583,0.629231161
070400070502,2012,7.3556768,1.859736255,0.516336985
070400070502,2013,35.006476339,9.554974927,0.593160536
070400070502,2014,39.268380289,10.384081649,0.679233948
070400070502,2015,31.589105823,7.406390262,0.675619825
070400070502,2016,41.381379641,10.982337187,0.696585135
070400070502,2017,22.343856841,6.57678693,0.635175453
070400070502,2018,32.108905367,7.45532569,0.660034248
070400070502,2019,53.088209487,12.674133965,0.729507346
070400070503,2010,59.511222709,6.724046935,0.69313422
070400070503,2011,31.541687731,5.801213844,0.650356917
070400070503,2012,11.952498522,2.404917494,0.537057091
070400070503,2013,32.657566067,6.595054001,0.598670366
070400070503,2014,43.627390242,7.279691268,0.675589978
070400070503,2015,35.781266206,5.153389165,0.676519602
070400070503,2016,48.617481743,7.044916068,0.695851355
070400070503,2017,26.420073614,5.29292531,0.653386632
070400070503,2018,39.499392401,5.753226709,0.651079286
070400070503,2019,58.971434354,8.015260815,0.716664535
070400070601,2010,32.192396088,6.954347762,0.553099266
070400070601,2011,13.75020893,4.16113174,0.520767268
070400070601,2012,6.012379489,2.959486128,0.417849797
070400070601,2013,11.233772317,3.715203727,0.497889884
070400070601,2014,16.367131579,4.780406035,0.53742262
070400070601,2015,15.187835863,4.54947938,0.536511199
070400070601,2016,23.96796604,6.485526698,0.565527768
070400070601,2017,21.205869819,5.726037393,0.554969838
070400070601,2018,15.923723567,4.766911999,0.525079109
070400070601,2019,27.300003062,6.622073745,0.577073616
070400070602,2010,39.451612252,8.220601422,0.460160014
070400070602,2011,14.02213551,6.156917412,0.449955572
070400070602,2012,5.808103294,2.713262298,0.368634134
070400070602,2013,11.535390246,5.940641237,0.437299736
070400070602,2014,18.359934937,6.907661667,0.460618736
070400070602,2015,15.802570466,3.870641165,0.46171072
070400070602,2016,26.102854828,7.062523586,0.474249181
070400070602,2017,24.399464351,7.531126973,0.478242947
070400070602,2018,18.178250906,3.993449698,0.455093027
070400070602,2019,28.286232265,6.759656061,0.500462162
070400070603,2010,30.385909854,15.121061464,0.474859122
070400070603,2011,14.593489959,8.920338313,0.43105741
070400070603,2012,6.771066036,4.912997462,0.355429102
070400070603,2013,12.117081015,7.554131427,0.42186849
070400070603,2014,18.673505061,10.939051163,0.457611693
070400070603,2015,16.837390859,10.366049986,0.456834511
070400070603,2016,20.581503009,12.206296735,0.476721631
070400070603,2017,18.970739624,10.879674678,0.461115554
070400070603,2018,15.565131507,9.64024468,0.447873867
070400070603,2019,22.584522147,12.718710325,0.486489749
070400070604,2010,29.86971251,6.746805152,0.410579943
070400070604,2011,10.425369295,3.378885601,0.396590094
070400070604,2012,4.334573755,1.549949236,0.330954221
070400070604,2013,6.88356277,2.792063007,0.379465762
070400070604,2014,11.204996555,3.69313444,0.410755483
070400070604,2015,14.994156858,3.739087893,0.408784785
070400070604,2016,19.974043632,5.411903063,0.41154232
070400070604,2017,18.780850834,5.234018165,0.427253099
070400070604,2018,14.746869006,3.584296019,0.397750803
070400070604,2019,23.17916893,5.956253025,0.419837394
070400070605,2010,32.705429844,16.424735781,0.513481558
070400070605,2011,20.409137326,10.553978882,0.475584607
070400070605,2012,8.763674689,5.239146007,0.373000997
070400070605,2013,18.030199043,9.377788008,0.461774508
070400070605,2014,22.520907168,11.406908562,0.491709113
070400070605,2015,20.438001248,10.525322566,0.495905592
070400070605,2016,28.002828128,14.315056955,0.521122588
070400070605,2017,22.68167891,12.344197351,0.504707507
070400070605,2018,18.590311297,9.259701297,0.481616314
070400070605,2019,30.272118118,15.479244985,0.534723272
070400070606,2010,27.721770533,4.558935976,0.497978867
070400070606,2011,18.37793048,4.183782492,0.471239147
070400070606,2012,8.61766066,2.342017108,0.418980489
070400070606,2013,14.695158619,3.47982553,0.470488765
070400070606,2014,17.45107734,3.939115781,0.483899578
070400070606,2015,18.324032185,3.473759338,0.476376758
070400070606,2016,21.411979001,4.416827334,0.475856321
070400070606,2017,20.479376906,4.478506269,0.48098769
070400070606,2018,20.957733388,3.92600041,0.492122312
070400070606,2019,29.255457431,5.786432486,0.519278809
070400070607,2010,44.90280086,16.960061571,0.4310544
070400070607,2011,29.10809065,17.61964347,0.447761967
070400070607,2012,17.850855362,13.075017992,0.375833743
070400070607,2013,25.000063425,14.613490682,0.427476661
070400070607,2014,27.407238841,15.585401209,0.429186504
070400070607,2015,27.336547016,14.732727292,0.43617738
070400070607,2016,35.047662789,16.785541201,0.439409615
070400070607,2017,31.683729583,17.232602065,0.448726653
070400070607,2018,36.260118911,16.806607081,0.445325381
070400070607,2019,42.170924075,19.551665675,0.455287467
070400070608,2010,37.385497154,5.950002726,0.437759859
070400070608,2011,25.548543365,6.900013061,0.429528935
070400070608,2012,11.862087048,4.173923985,0.372106258
070400070608,2013,19.695698208,6.274974043,0.420168878
070400070608,2014,22.023298909,6.189687128,0.430714434
070400070608,2015,24.511835512,5.04463537,0.427366647
070400070608,2016,28.319598491,6.395108124,0.430967546
070400070608,2017,26.981558878,6.439466237,0.429962795
070400070608,2018,31.908637352,6.269386885,0.443813656
070400070608,2019,36.085946544,7.69268378,0.464084625
070400070701,2010,30.806467669,9.423578766,0.398911897
070400070701,2011,19.552413372,7.353981064,0.406340091
070400070701,2012,7.732444521,2.908259766,0.333220429
070400070701,2013,15.449374429,6.542747592,0.385930636
070400070701,2014,19.515583408,7.10865923,0.397390148
070400070701,2015,20.33885895,5.775662647,0.389343111
070400070701,2016,23.844373789,7.885915185,0.403761939
070400070701,2017,19.313024404,6.247809143,0.397748926
070400070701,2018,20.263127336,5.961446515,0.416853595
070400070701,2019,33.187514521,10.593504906,0.447171492
070400070702,2010,31.38666087,10.545883798,0.367057393
070400070702,2011,21.357361668,8.0643641,0.373136999
070400070702,2012,8.804651437,3.324226489,0.296588901
070400070702,2013,18.591991838,7.783573779,0.345535721
070400070702,2014,20.175763445,7.51700113,0.360586895
070400070702,2015,22.559984096,7.274389963,0.358487376
070400070702,2016,25.824051581,9.23206005,0.372904046
070400070702,2017,20.866653472,6.980454876,0.365708546
070400070702,2018,22.867194792,6.936034301,0.384377239
070400070702,2019,32.388297594,11.75598422,0.415641396
070400070703,2010,28.699746287,5.93467143,0.351554683
070400070703,2011,19.355679473,5.599384013,0.355627354
070400070703,2012,6.455990603,1.859467938,0.285902761
070400070703,2013,17.683887463,5.823274066,0.331084778
070400070703,2014,18.727916142,5.147212416,0.348635446
070400070703,2015,19.154798564,4.296092706,0.341643497
070400070703,2016,22.516689867,5.678754071,0.35635493
070400070703,2017,17.431244508,4.698569082,0.349787178
070400070703,2018,23.230968374,4.608180697,0.373909262
070400070703,2019,28.565480828,7.731117321,0.398572204
070400070801,2010,36.332604699,9.694009004,0.569905702
070400070801,2011,22.035174137,9.446178805,0.550356948
070400070801,2012,8.832371643,5.990574119,0.457271606
070400070801,2013,19.195931483,7.731236198,0.515061473
070400070801,2014,26.087636751,9.37927846,0.504652131
070400070801,2015,22.337813408,8.738354487,0.544627903
070400070801,2016,30.813852072,10.275442853,0.549768837
070400070801,2017,17.317250199,9.468871387,0.515886408
070400070801,2018,22.46110177,7.772848476,0.521767339
070400070801,2019,30.484853239,11.513561387,0.599772228
070400070802,2010,34.447146669,9.185778382,0.640412482
070400070802,2011,20.857049209,10.272869471,0.592156444
070400070802,2012,10.694841988,6.702035723,0.5046969
070400070802,2013,19.158483494,8.444733666,0.559985707
070400070802,2014,23.384321177,10.358220679,0.568850653
070400070802,2015,22.67849082,9.39551688,0.586338335
070400070802,2016,28.785209152,10.320181982,0.61044471
070400070802,2017,16.9199704,9.404122709,0.573087409
070400070802,2018,20.829669182,7.585962954,0.579799982
070400070802,2019,28.182881846,11.051238243,0.64914968
070400070803,2010,38.799742918,8.360254018,0.562403609
070400070803,2011,25.256846375,8.570905869,0.526143437
070400070803,2012,13.045831249,7.168778583,0.46548007
070400070803,2013,23.52548251,9.059075219,0.515124114
070400070803,2014,28.12465736,9.843105881,0.511248915
070400070803,2015,29.353950839,9.992057301,0.512671842
070400070803,2016,30.844714695,8.704127469,0.529816027
070400070803,2017,24.016145496,9.262331944,0.516255815
070400070803,2018,26.06518668,8.216693811,0.512945324
070400070803,2019,35.759238471,11.276494123,0.579160016
070400070901,2010,67.490839828,5.013199245,0.75737523
070400070901,2011,34.401771207,4.305495274,0.719874827
070400070901,2012,15.344677036,2.78166083,0.605736424
070400070901,2013,35.846087627,4.971410385,0.676066058
070400070901,2014,50.245704599,5.044474258,0.737364641
070400070901,2015,35.927054852,4.146176917,0.734952471
070400070901,2016,54.443920889,5.295816963,0.767667794
070400070901,2017,43.340095171,4.454226689,0.741475028
070400070901,2018,43.564515965,4.412878215,0.725033858
070400070901,2019,57.963355406,5.368480185,0.770162576
070400070902,2010,55.591736504,3.83030608,0.657564502
070400070902,2011,24.547919627,3.077322717,0.627653499
070400070902,2012,10.692358334,1.471134873,0.50605036
070400070902,2013,25.325048194,4.195645553,0.600305776
070400070902,2014,38.908602826,4.187647141,0.661311736
070400070902,2015,27.150576721,2.713176711,0.632055685
070400070902,2016,49.831754012,3.972440117,0.65700108
070400070902,2017,34.221628231,2.985094734,0.643083827
070400070902,2018,35.213194624,3.451862271,0.629581962
070400070902,2019,46.349965237,4.270931704,0.678147133
070400070903,2010,47.968382073,5.194104854,0.70576877
070400070903,2011,18.76459335,4.156160574,0.664353684
070400070903,2012,8.032874991,1.500941829,0.541169783
070400070903,2013,22.01863612,6.080189554,0.619686018
070400070903,2014,26.459890699,5.64632189,0.700086305
070400070903,2015,22.343155178,3.467951563,0.677659967
070400070903,2016,35.019920106,5.228718454,0.695526021
070400070903,2017,27.472686193,4.523291905,0.686823825
070400070903,2018,32.244463803,5.180711419,0.689541882
070400070903,2019,37.488997706,5.347680772,0.725487303
070400070904,2010,53.143341137,8.220207553,0.719243703
070400070904,2011,21.563121881,5.36409833,0.673850561
070400070904,2012,9.108669369,2.10869705,0.559928901
070400070904,2013,23.183763218,6.92328291,0.638053882
070400070904,2014,29.516354734,6.809897248,0.713660444
070400070904,2015,26.397736017,4.896225236,0.689119179
070400070904,2016,37.922279503,7.297022732,0.707474805
070400070904,2017,31.667389516,6.496872125,0.702344718
070400070904,2018,35.541200615,6.786483615,0.703357719
070400070904,2019,43.462402728,7.675912013,0.738848485
070400070905,2010,56.233110851,7.801304577,0.682769862
070400070905,2011,27.271633917,6.485082796,0.620582785
070400070905,2012,12.939235797,3.290258693,0.540019087
070400070905,2013,29.108475375,7.593884724,0.595802636
070400070905,2014,40.163858165,8.261386599,0.663028669
070400070905,2015,31.261200551,5.53314406,0.661459881
070400070905,2016,48.344441832,7.996302317,0.685336007
070400070905,2017,33.430517544,7.080611462,0.657170838
070400070905,2018,42.047437505,7.216962664,0.647138499
070400070905,2019,49.81649165,8.292292972,0.700920349
070400070906,2010,42.673605327,4.907765429,0.514743511
070400070906,2011,25.647061313,5.289399152,0.465066094
070400070906,2012,9.871755766,1.970616356,0.420206691
070400070906,2013,24.080039578,5.303181714,0.46417817
070400070906,2014,28.536850615,5.353492586,0.503729318
070400070906,2015,25.082972256,3.396373157,0.490729854
070400070906,2016,32.038275876,5.743702523,0.499425781
070400070906,2017,24.449237904,4.682593873,0.478877106
070400070906,2018,31.335650346,4.170367339,0.516469715
070400070906,2019,38.661623419,5.882777771,0.528400505
070400071001,2010,31.609102222,21.420581041,0.476388823
070400071001,2011,28.383487889,19.120002301,0.511281122
070400071001,2012,14.955408862,8.673736831,0.393430723
070400071001,2013,25.575223593,15.176636857,0.472563952
070400071001,2014,24.800930992,14.319727759,0.489773293
070400071001,2015,22.908348775,14.593180119,0.46529443
070400071001,2016,32.263622111,22.412998523,0.512623364
070400071001,2017,26.4746618,17.677927571,0.487134498
070400071001,2018,23.383491469,15.530576137,0.537672693
070400071001,2019,38.74352863,27.471429796,0.551123592
070400071002,2010,28.094140184,18.527309583,0.545976972
070400071002,2011,31.796196935,22.268140554,0.549694365
070400071002,2012,15.507179735,9.775055827,0.485798839
070400071002,2013,28.748609212,16.325947499,0.536297993
070400071002,2014,25.505354345,14.822641072,0.535993657
070400071002,2015,21.099671789,13.674505783,0.546413398
070400071002,2016,33.573931939,25.067107611,0.543004623
070400071002,2017,28.779732763,21.281299126,0.528456222
070400071002,2018,22.819083075,14.928397009,0.582296017
070400071002,2019,42.197290159,28.91141091,0.611550746
070400071003,2010,21.672716367,10.944429633,0.62152023
070400071003,2011,21.174076028,15.644144132,0.588198079
070400071003,2012,9.686394646,8.087961574,0.454115802
070400071003,2013,14.812441335,10.252716695,0.541197335
070400071003,2014,15.945221134,11.081088257,0.557295191
070400071003,2015,15.852813433,10.302105425,0.602927439
070400071003,2016,22.000592375,14.771190814,0.607038986
070400071003,2017,19.361746002,14.596843256,0.572600706
070400071003,2018,14.628948956,10.611243119,0.597712409
070400071003,2019,28.434488648,16.878620219,0.704287712
070400071004,2010,35.077075584,17.144253484,0.616482043
070400071004,2011,33.692380871,20.85616821,0.593685417
070400071004,2012,15.808962387,8.963815997,0.47549144
070400071004,2013,27.804424437,16.014821566,0.543965811
070400071004,2014,26.956486897,14.355965746,0.542680479
070400071004,2015,24.667915511,12.380028735,0.56549438
070400071004,2016,33.599663388,20.100338301,0.568191057
070400071004,2017,27.995298832,17.407896818,0.561219199
070400071004,2018,22.430223718,12.498882746,0.572925395
070400071004,2019,40.835576089,23.094557718,0.645441807
070400071005,2010,24.06540148,22.305893412,0.561608006
070400071005,2011,23.110366404,21.321990815,0.538399454
070400071005,2012,10.857789761,10.001686988,0.485656989
070400071005,2013,18.02640557,15.821707589,0.526484076
070400071005,2014,18.574746427,16.197337833,0.551412819
070400071005,2015,18.748523114,17.245185533,0.56989215
070400071005,2016,25.763148866,23.848553217,0.53635039
070400071005,2017,20.1117052,18.976043232,0.520969829
070400071005,2018,17.857566458,15.399547976,0.576396521
070400071005,2019,28.210043479,25.521389168,0.605749334
070400071006,2010,24.272909488,21.992957952,0.480248978
070400071006,2011,21.435443912,19.446066734,0.480833873
070400071006,2012,10.827236832,9.76710414,0.423274055
070400071006,2013,16.602142306,14.056551386,0.465806429
070400071006,2014,18.207004581,15.457442256,0.484883609
070400071006,2015,19.516716056,17.513773203,0.498694514
070400071006,2016,22.663456376,20.579790631,0.49658777
070400071006,2017,19.154515482,17.715588425,0.477080237
070400071006,2018,18.100531201,15.071352134,0.509033598
070400071006,2019,27.629521955,24.755795108,0.54442801
070400071007,2010,18.243522906,15.536877232,0.555944396
070400071007,2011,21.428715403,17.76604959,0.546188623
070400071007,2012,10.876303927,8.879839221,0.480965333
070400071007,2013,19.283335368,14.099606909,0.557125355
070400071007,2014,18.903675693,13.991505896,0.558551955
070400071007,2015,17.439343475,14.172775659,0.570021479
070400071007,2016,25.175173371,20.617189581,0.562824727
070400071007,2017,21.670747784,18.375243134,0.554001867
070400071007,2018,19.142720519,14.526537045,0.57991095
070400071007,2019,28.887468106,23.207082837,0.620449457
070400071008,2010,20.811190542,11.086709615,0.653214339
070400071008,2011,24.507233897,17.248275721,0.607805925
070400071008,2012,10.959769939,6.684070714,0.490092725
070400071008,2013,25.569033265,15.36872942,0.599209273
070400071008,2014,23.981126907,14.660721207,0.594727582
070400071008,2015,20.203426424,10.740582272,0.634266132
070400071008,2016,30.632711747,19.374254723,0.666773044
070400071008,2017,25.158374616,17.952286059,0.609163383
070400071008,2018,18.573873197,10.532299704,0.637719173
070400071008,2019,34.186046651,20.657507586,0.706511852
070400071101,2010,28.267563694,5.157918472,0.696459534
070400071101,2011,18.323882039,6.427395988,0.631104834
070400071101,2012,8.449961094,2.805959616,0.525471105
070400071101,2013,19.360966818,6.912486487,0.619952153
070400071101,2014,22.422885891,6.436202659,0.672231265
070400071101,2015,29.850879005,4.232528237,0.710662387
070400071101,2016,36.609422711,7.025068961,0.715698105
070400071101,2017,19.47179926,6.438167581,0.665626539
070400071101,2018,24.888306774,4.797730242,0.702505099
070400071101,2019,34.364378772,7.050783279,0.749815048
070400071102,2010,37.595683446,6.139405692,0.701722721
070400071102,2011,19.069461282,6.895617822,0.633935043
070400071102,2012,12.508659948,5.659251743,0.506627508
070400071102,2013,21.675176469,7.158744173,0.612056418
070400071102,2014,27.455868917,8.36044334,0.643559822
070400071102,2015,33.605945522,7.338884688,0.688417915
070400071102,2016,36.988763741,7.984763419,0.693446113
070400071102,2017,22.64428354,7.750819352,0.642779263
070400071102,2018,28.12973941,6.760588326,0.657436857
070400071102,2019,38.595694991,8.018338903,0.744983019
070400071103,2010,38.218570175,4.910658411,0.674885985
070400071103,2011,24.9944582,5.638316252,0.589586159
070400071103,2012,11.360331093,4.810480677,0.487083607
070400071103,2013,26.218182167,5.990475715,0.590430608
070400071103,2014,26.542545035,6.82495468,0.624868769
070400071103,2015,36.422850506,6.177723185,0.676544233
070400071103,2016,40.636500177,6.761812274,0.675002359
070400071103,2017,24.978665561,6.538631809,0.628593987
070400071103,2018,29.548625264,5.537096331,0.626190065
070400071103,2019,44.249002232,6.264064048,0.737865287
070400071104,2010,31.789646044,4.952275029,0.664293016
070400071104,2011,23.700677704,5.934135203,0.583483876
070400071104,2012,10.673620803,3.990087893,0.473620816
070400071104,2013,25.483688762,6.406340738,0.589956955
070400071104,2014,23.849230989,6.592096358,0.625012924
070400071104,2015,33.52269507,5.381466307,0.670119234
070400071104,2016,41.915605349,6.876219253,0.672846666
070400071104,2017,26.998737679,6.513135182,0.627864983
070400071104,2018,27.423479919,5.234814603,0.635431468
070400071104,2019,40.982286646,6.521673483,0.719246815
070400071201,2010,22.961006111,11.962416257,0.536081642
070400071201,2011,17.76708292,11.474882135,0.515049753
070400071201,2012,9.011390567,6.361943952,0.453741969
070400071201,2013,20.275918909,13.045885624,0.52782105
070400071201,2014,22.65760348,13.393169926,0.530847723
070400071201,2015,22.265582681,12.025742486,0.544196761
070400071201,2016,30.234391823,15.590609291,0.531254856
070400071201,2017,17.809340435,12.076063339,0.497449101
070400071201,2018,24.512450715,12.787078918,0.554793878
070400071201,2019,30.192657051,16.815493096,0.590466059
070400071202,2010,23.558745827,10.350400471,0.538842517
070400071202,2011,19.751301324,10.028024827,0.522548241
070400071202,2012,10.486617235,6.154847227,0.453305988
070400071202,2013,22.207508954,10.401221787,0.536089873
070400071202,2014,22.501470553,10.423145014,0.545298354
070400071202,2015,26.957949612,11.327798311,0.555136821
070400071202,2016,32.972330275,13.190412696,0.551779471
070400071202,2017,21.24028081,11.362600992,0.507635112
070400071202,2018,26.798584843,11.522043176,0.564695814
070400071202,2019,34.445262488,14.328862293,0.599233005
070400071203,2010,17.001083513,6.197543465,0.630955639
070400071203,2011,20.86794764,10.297774575,0.597090786
070400071203,2012,4.465112493,1.993244223,0.450839369
070400071203,2013,20.137146963,10.654612872,0.585288795
070400071203,2014,19.443481261,9.958837701,0.592242516
070400071203,2015,20.543530135,7.089573217,0.636050254
070400071203,2016,31.662718151,12.293905853,0.673781027
070400071203,2017,17.170280477,9.741831185,0.602724358
070400071203,2018,14.817040411,5.144293872,0.639753443
070400071203,2019,31.256776922,11.972636714,0.70127501
070400071204,2010,25.787141072,11.899955933,0.524978272
070400071204,2011,26.248135942,13.784334589,0.538381032
070400071204,2012,10.706193971,4.370248141,0.480688312
070400071204,2013,27.797991329,13.606186658,0.554254366
070400071204,2014,28.651537344,14.387887083,0.534634008
070400071204,2015,31.43689778,12.217633792,0.546006185
070400071204,2016,41.319858656,18.651596217,0.597167052
070400071204,2017,26.571824159,14.476929274,0.527039398
070400071204,2018,27.234067649,12.953079135,0.56083911
070400071204,2019,40.576677528,19.725665944,0.614412569
070400071205,2010,20.417439502,10.413006303,0.588612991
070400071205,2011,22.037106544,12.961167207,0.567594781
070400071205,2012,8.120239465,3.800334695,0.465951844
070400071205,2013,25.4663229,13.812563523,0.576260437
070400071205,2014,23.057013075,13.022437229,0.558043667
070400071205,2015,24.553166679,11.588043118,0.593598172
070400071205,2016,35.744294048,18.691825208,0.63536192
070400071205,2017,21.376357337,13.11356498,0.565080378
070400071205,2018,21.187551296,10.894016854,0.605788375
070400071205,2019,34.095765778,18.150608791,0.66016068
070400071206,2010,20.320843343,10.534436135,0.571459865
070400071206,2011,24.775883574,14.061751756,0.560176608
070400071206,2012,7.85688019,3.388783215,0.472677409
070400071206,2013,24.484556438,13.784192969,0.567092516
070400071206,2014,24.675306827,13.703599844,0.562128624
070400071206,2015,27.563291205,12.317077872,0.587254718
070400071206,2016,36.901900639,18.19331338,0.629515174
070400071206,2017,21.894038256,13.282101861,0.558063267
070400071206,2018,21.022397629,10.659165575,0.592368109
070400071206,2019,34.207282831,18.245959018,0.64813831
070400071207,2010,11.381984207,7.22316758,0.596315236
070400071207,2011,19.413859472,11.895013449,0.569760576
070400071207,2012,4.604620741,3.925731597,0.465900445
070400071207,2013,10.549708493,8.041538996,0.568299747
070400071207,2014,14.462721783,9.909600131,0.596489362
070400071207,2015,16.243701627,8.943537152,0.613984378
070400071207,2016,24.003263239,12.401902217,0.615075819
070400071207,2017,13.0435249,9.362350626,0.56606607
070400071207,2018,14.043274322,7.588566751,0.604043957
070400071207,2019,23.698211346,13.35727712,0.671538917
070400071208,2010,20.292137726,10.267052915,0.581645596
070400071208,2011,21.671252667,12.483885484,0.55063159
070400071208,2012,6.597022831,2.385266304,0.442781968
070400071208,2013,23.217552251,12.250585052,0.561598804
070400071208,2014,23.632983999,12.353541153,0.567234903
070400071208,2015,26.745098882,12.096316275,0.593064787
070400071208,2016,35.43951272,17.18862474,0.616936315
070400071208,2017,20.351365224,12.142231125,0.556517905
070400071208,2018,20.081906211,9.676795448,0.592081026
070400071208,2019,33.141939445,16.926549839,0.653842316
070400071209,2010,17.93046789,14.664378478,0.497191463
070400071209,2011,21.115402754,17.00001147,0.457744849
070400071209,2012,8.159355442,5.621670759,0.369228843
070400071209,2013,23.98470691,16.442528286,0.480219453
070400071209,2014,22.703576622,15.971986066,0.492436074
070400071209,2015,20.217078927,15.435330099,0.499707903
070400071209,2016,35.718454339,26.501024758,0.518076181
070400071209,2017,20.058506952,15.679104636,0.473238768
070400071209,2018,21.666159409,16.814778518,0.508813128
070400071209,2019,26.760451808,22.030688463,0.536241884
070500010101,2010,29.980025883,25.476997831,0.573047317
070500010101,2011,22.114022165,18.151546038,0.500668787
070500010101,2012,15.654055984,14.081972493,0.391395075
070500010101,2013,30.883115868,24.257027639,0.571259909
070500010101,2014,38.869503559,31.28054148,0.648391871
070500010101,2015,23.021918908,19.349052924,0.546702495
070500010101,2016,36.663983348,30.851347483,0.572712147
070500010101,2017,36.467852687,31.480239151,0.667576125
070500010101,2018,25.189357013,21.004577284,0.557678937
070500010101,2019,52.195570178,41.078487831,0.63859196
070500010102,2010,39.126262614,26.528732514,0.627909122
070500010102,2011,28.197273467,20.268311423,0.5855707
070500010102,2012,21.097860991,14.707721064,0.526309654
070500010102,2013,41.021266633,25.799910316,0.608752149
070500010102,2014,48.855580813,32.706183396,0.671351305
070500010102,2015,31.5733385,21.452942225,0.621675334
070500010102,2016,48.856528324,33.599391838,0.666273091
070500010102,2017,46.373325288,31.073846197,0.683895488
070500010102,2018,35.133629833,23.947430594,0.638450921
070500010102,2019,65.814340889,41.041053211,0.678815033
070500010103,2010,51.234104605,40.499271147,0.66028938
070500010103,2011,40.251168585,34.33642948,0.646040979
070500010103,2012,26.690588294,22.802132992,0.580085943
070500010103,2013,44.625644918,35.901071833,0.610214396
070500010103,2014,54.630561351,44.120268955,0.687945964
070500010103,2015,39.197181579,33.434849521,0.682699537
070500010103,2016,59.449935387,48.002694638,0.696618779
070500010103,2017,54.419504146,44.622115082,0.704637392
070500010103,2018,43.761514736,35.790648614,0.655931194
070500010103,2019,71.560518896,53.231499906,0.686886706
070500010104,2010,44.934600814,35.961429878,0.634769052
070500010104,2011,35.579938072,30.203287804,0.604944445
070500010104,2012,24.144375211,20.899642082,0.523837313
070500010104,2013,41.945798887,33.812436782,0.597457381
070500010104,2014,50.206249737,40.5325597,0.675333638
070500010104,2015,34.845685469,29.653077538,0.64407279
070500010104,2016,51.357319572,41.507577436,0.659823648
070500010104,2017,49.766940592,41.325478376,0.694091025
070500010104,2018,39.154396482,32.241938897,0.627238573
070500010104,2019,65.164586934,49.253386285,0.67400037
070500010105,2010,31.261318812,26.669619019,0.571762141
070500010105,2011,24.059595277,20.037717731,0.502723
070500010105,2012,16.03739382,14.438218864,0.389200341
070500010105,2013,32.434832591,25.613316492,0.567691967
070500010105,2014,39.911630871,31.908894315,0.645964646
070500010105,2015,23.833254989,20.186827708,0.547781888
070500010105,2016,38.180248607,32.339583778,0.573068097
070500010105,2017,37.609427335,32.472907047,0.667041402
070500010105,2018,25.958805247,21.49907739,0.553524557
070500010105,2019,50.173603147,38.908712139,0.63700874
070500010106,2010,50.744120919,39.914130851,0.659863672
070500010106,2011,40.787495228,34.786490766,0.647450379
070500010106,2012,26.269809557,22.380880029,0.585000156
070500010106,2013,42.481591033,33.604818825,0.612922827
070500010106,2014,54.226738878,43.509841231,0.689222673
070500010106,2015,39.983852216,34.130721971,0.684996397
070500010106,2016,59.919947047,48.146765712,0.698271072
070500010106,2017,54.352499727,44.413225043,0.704945976
070500010106,2018,43.928162773,35.779108195,0.656779851
070500010106,2019,69.968908857,51.427693019,0.688489317
070500010107,2010,30.50329521,25.236930023,0.582492408
070500010107,2011,24.250691122,20.028246418,0.522793918
070500010107,2012,15.418562995,13.584822447,0.41642354
070500010107,2013,30.646251659,23.771186656,0.575580573
070500010107,2014,38.43137844,30.486854124,0.651216127
070500010107,2015,24.962030391,21.040229548,0.566157421
070500010107,2016,36.044678735,29.564305992,0.588017
070500010107,2017,36.676435659,31.098391012,0.672480661
070500010107,2018,26.772459459,22.083223071,0.567887468
070500010107,2019,48.776057325,37.274719813,0.644361971
070500010108,2010,36.752167524,30.21954074,0.580096859
070500010108,2011,34.459979404,26.460405545,0.524538247
070500010108,2012,19.575553517,16.730397298,0.447112132
070500010108,2013,41.037306072,27.968913351,0.588677884
070500010108,2014,53.866662707,38.130535781,0.649473619
070500010108,2015,34.293042008,29.549878266,0.600375873
070500010108,2016,41.301811078,34.904946749,0.573074327
070500010108,2017,44.284794934,37.223196348,0.651870321
070500010108,2018,35.971308429,29.183081338,0.585864082
070500010108,2019,60.932489937,45.048190638,0.658060877
070500010109,2010,38.993698309,25.478397536,0.606772798
070500010109,2011,30.662479418,19.387438027,0.551876627
070500010109,2012,15.930430875,10.971841685,0.488151433
070500010109,2013,41.025387065,22.078210601,0.613055198
070500010109,2014,53.686497399,31.919775622,0.679019264
070500010109,2015,36.389223395,23.744117373,0.648454515
070500010109,2016,44.603655913,29.989657982,0.645820945
070500010109,2017,45.599421628,30.102317,0.692841671
070500010109,2018,35.913694105,22.664892537,0.610862323
070500010109,2019,65.535621191,38.046177982,0.694140547
070500010201,2010,26.477757006,11.211952108,0.613194628
070500010201,2011,22.804485155,12.965430433,0.534451711
070500010201,2012,15.111315046,8.496484618,0.489835561
070500010201,2013,32.913942095,13.501594416,0.651710437
070500010201,2014,43.591633117,19.057520936,0.681767262
070500010201,2015,25.601852898,14.829629555,0.611503309
070500010201,2016,42.475089944,17.280570643,0.625263794
070500010201,2017,39.187392424,16.765135398,0.654865715
070500010201,2018,25.028339326,12.833351868,0.616436665
070500010201,2019,45.400883825,18.429710782,0.67949884
070500010202,2010,27.150241813,12.101883374,0.617534484
070500010202,2011,22.673476095,13.467566382,0.532712737
070500010202,2012,14.705682056,8.901856987,0.490002651
070500010202,2013,31.146234255,13.843943116,0.650176901
070500010202,2014,42.446304551,19.553163474,0.683275712
070500010202,2015,25.767748303,15.470556816,0.615206996
070500010202,2016,41.399457951,18.160165628,0.631132723
070500010202,2017,36.910438475,17.408629333,0.65846628
070500010202,2018,24.650829164,13.309359523,0.619380589
070500010202,2019,43.665571882,19.130892692,0.683563703
070500010203,2010,20.672541656,12.572037338,0.594520651
070500010203,2011,19.803063104,14.122202201,0.509006986
070500010203,2012,13.970642285,10.009470572,0.459541042
070500010203,2013,27.221520241,14.828534975,0.62346587
070500010203,2014,35.742682282,20.535251486,0.662466499
070500010203,2015,21.855571021,16.160620678,0.586435317
070500010203,2016,32.686684417,19.325961613,0.605452319
070500010203,2017,31.722684485,18.949863801,0.642031369
070500010203,2018,20.865693115,14.289796032,0.589468873
070500010203,2019,37.904458372,20.609884782,0.660494476
070500010204,2010,25.930260997,14.287038171,0.621949694
070500010204,2011,21.919892399,14.584311407,0.528595112
070500010204,2012,12.821114971,9.132443487,0.481211721
070500010204,2013,31.070031908,16.399402111,0.646985675
070500010204,2014,42.288236677,22.685788671,0.688190985
070500010204,2015,25.002913243,17.062518394,0.62513531
070500010204,2016,39.43930451,21.409573209,0.640273984
070500010204,2017,34.867375573,20.290830977,0.665804358
070500010204,2018,24.020502041,14.965711482,0.61486464
070500010204,2019,45.691028144,23.103948226,0.692927181
070500010205,2010,29.782051008,14.61881845,0.6177631
070500010205,2011,24.132730728,14.960905913,0.530029003
070500010205,2012,15.531485821,10.013607708,0.484464525
070500010205,2013,34.106282739,16.51941536,0.648443448
070500010205,2014,46.026240709,22.881470498,0.688023531
070500010205,2015,27.308649989,17.147943514,0.618893833
070500010205,2016,45.464408001,22.084847509,0.632341548
070500010205,2017,40.751179742,21.226181713,0.660236602
070500010205,2018,27.251215118,15.468278508,0.617895561
070500010205,2019,51.485778619,23.487682477,0.689673835
070500010206,2010,31.670984671,14.387152276,0.611957675
070500010206,2011,24.569385479,14.50821999,0.521546883
070500010206,2012,18.034149056,10.013687745,0.474245915
070500010206,2013,34.445153636,15.550544775,0.633675275
070500010206,2014,46.152178195,21.741023631,0.679196765
070500010206,2015,27.655953452,16.781850632,0.608902017
070500010206,2016,43.381181943,20.332352025,0.623611744
070500010206,2017,43.086947613,20.480279503,0.656356099
070500010206,2018,28.800224577,14.978693117,0.609032146
070500010206,2019,53.217207289,22.641192218,0.682599287
070500010207,2010,28.389567213,14.219137483,0.620184774
070500010207,2011,22.792424607,14.282248805,0.534551665
070500010207,2012,14.484714587,9.119749238,0.485903421
070500010207,2013,32.35923391,15.549660126,0.643015044
070500010207,2014,43.141958494,21.895898493,0.686472349
070500010207,2015,25.985557529,16.57812289,0.623357829
070500010207,2016,40.23576547,20.649669343,0.635551435
070500010207,2017,37.174218563,19.758817248,0.664365946
070500010207,2018,25.705694377,14.73340079,0.616392634
070500010207,2019,48.359922236,22.849357556,0.692388771
070500010208,2010,24.464577547,11.61370692,0.618695276
070500010208,2011,21.465191882,12.953972151,0.547704298
070500010208,2012,11.350949,7.883268886,0.490395818
070500010208,2013,28.444075752,13.02621151,0.653204791
070500010208,2014,39.493528121,18.768255455,0.684386794
070500010208,2015,24.22542333,15.222290082,0.624338917
070500010208,2016,37.689159263,17.488681047,0.634230063
070500010208,2017,33.664797133,16.527986559,0.660340081
070500010208,2018,24.242881758,12.982294948,0.621245796
070500010208,2019,42.759212994,18.809955078,0.690578745
070500010209,2010,26.969559471,14.170574417,0.61003296
070500010209,2011,23.530271117,14.794941339,0.538393081
070500010209,2012,15.224012607,10.063674682,0.454785174
070500010209,2013,32.358963428,16.138929811,0.623054574
070500010209,2014,42.608988673,22.446729909,0.671854554
070500010209,2015,25.750875608,16.968121204,0.614406202
070500010209,2016,40.084856535,21.613745077,0.627721094
070500010209,2017,37.043528389,20.695204322,0.657790611
070500010209,2018,26.507812304,15.11513714,0.603076108
070500010209,2019,45.080547388,22.350663602,0.680695775
070500010210,2010,27.478849729,11.011284495,0.617034516
070500010210,2011,24.904952191,13.228464571,0.549706155
070500010210,2012,14.365373538,8.225892085,0.471447281
070500010210,2013,31.432215359,12.595595724,0.640236345
070500010210,2014,44.570548828,18.657582976,0.680339232
070500010210,2015,29.204863027,15.517230433,0.625060809
070500010210,2016,42.864732953,16.991629143,0.635903547
070500010210,2017,38.313393046,16.451599397,0.661276402
070500010210,2018,28.874392406,12.971121984,0.616754329
070500010210,2019,45.958844431,18.070413108,0.689948851
070500010211,2010,29.410227558,13.904043088,0.608300841
070500010211,2011,26.511640515,15.605293822,0.543453273
070500010211,2012,16.32030876,10.315137219,0.462921487
070500010211,2013,33.212143768,15.483535959,0.618058139
070500010211,2014,48.286248106,22.03415176,0.669855278
070500010211,2015,32.399173418,18.812719925,0.61906083
070500010211,2016,40.940053362,20.406099292,0.627223035
070500010211,2017,41.309171893,20.353157452,0.651405941
070500010211,2018,30.033556194,15.447711582,0.606104996
070500010211,2019,49.620741427,21.506934027,0.68007406
070500010212,2010,26.992327905,15.154507449,0.610572509
070500010212,2011,23.423409749,15.818648145,0.536919315
070500010212,2012,14.992906804,10.459155774,0.449278965
070500010212,2013,30.05197623,16.617076125,0.618344342
070500010212,2014,42.059183374,23.602936476,0.67399138
070500010212,2015,28.0692084,18.668871411,0.612593463
070500010212,2016,34.103439075,21.01309934,0.625072301
070500010212,2017,35.451827544,21.31830142,0.65659442
070500010212,2018,25.346620187,15.845970428,0.599588853
070500010212,2019,45.661761592,24.112136906,0.68173517
070500010213,2010,22.484887826,10.763779358,0.617038077
070500010213,2011,22.408936921,13.183634068,0.546372813
070500010213,2012,11.215517633,7.637049745,0.477853217
070500010213,2013,25.789536243,12.250468991,0.639455618
070500010213,2014,41.113975356,18.99648605,0.684506194
070500010213,2015,26.994875319,15.793569735,0.623307914
070500010213,2016,29.122072897,16.008658162,0.631656805
070500010213,2017,31.961759821,16.387564595,0.658626306
070500010213,2018,23.00566573,12.610703682,0.619881093
070500010213,2019,43.066948166,18.639948402,0.689847123
070500010301,2010,24.360051333,8.47097772,0.696193277
070500010301,2011,17.801272476,7.360493177,0.614685942
070500010301,2012,9.093125834,3.372385783,0.538949531
070500010301,2013,22.913517912,6.769432039,0.696923104
070500010301,2014,31.261357128,10.209582248,0.763790651
070500010301,2015,20.440251932,8.272804506,0.683637886
070500010301,2016,25.992552671,11.516392858,0.717149879
070500010301,2017,23.684416789,10.945574344,0.704801064
070500010301,2018,22.499634829,7.427444625,0.706055782
070500010301,2019,41.286251412,12.558130102,0.757716991
070500010302,2010,21.896516371,7.053047112,0.700497918
070500010302,2011,15.273398584,6.273718383,0.62403316
070500010302,2012,9.251891343,3.115331533,0.549921186
070500010302,2013,19.966173458,5.347941957,0.705293081
070500010302,2014,26.568228657,8.353029412,0.767960413
070500010302,2015,19.007401214,7.012525553,0.688984694
070500010302,2016,22.421241619,9.069930161,0.721420056
070500010302,2017,21.163453389,8.821597676,0.709251506
070500010302,2018,20.143366282,6.452198853,0.710312826
070500010302,2019,34.256767323,10.379569798,0.759767179
070500010303,2010,22.270227987,13.331944413,0.761728458
070500010303,2011,18.952785037,12.508271246,0.692177088
070500010303,2012,8.398977312,6.57712571,0.58717088
070500010303,2013,17.951309312,8.657604119,0.719146482
070500010303,2014,26.086240169,13.311239099,0.800007329
070500010303,2015,19.106977516,12.709023084,0.747681371
070500010303,2016,27.523057437,17.620987314,0.809636712
070500010303,2017,25.502709091,16.699699569,0.821538486
070500010303,2018,19.499269344,12.125358657,0.747446591
070500010303,2019,34.932259304,16.273848234,0.787635307
070500010304,2010,21.544560039,9.963915556,0.749690946
070500010304,2011,18.476664785,10.049905781,0.676705184
070500010304,2012,8.494878798,5.458746157,0.568329952
070500010304,2013,18.520973354,6.997417354,0.700425656
070500010304,2014,26.28604751,10.539630613,0.782139179
070500010304,2015,19.924315922,10.24367116,0.731661114
070500010304,2016,26.559962118,13.544288852,0.787827257
070500010304,2017,26.092343258,13.316825551,0.801795671
070500010304,2018,18.996698619,9.650634264,0.726479625
070500010304,2019,35.9472299,13.141808651,0.771137657
070500010305,2010,34.856052146,17.975443263,0.741446816
070500010305,2011,26.584199868,16.895239466,0.683691253
070500010305,2012,17.363071371,11.060586723,0.602626698
070500010305,2013,33.566610463,16.588623484,0.719816972
070500010305,2014,44.984953077,23.853963543,0.797484892
070500010305,2015,35.403844609,21.008603913,0.741182752
070500010305,2016,40.323988218,23.614731534,0.750181851
070500010305,2017,39.410818429,22.429140392,0.773420859
070500010305,2018,28.383354497,16.122706122,0.73380264
070500010305,2019,48.770981227,22.998623682,0.81362762
070500010306,2010,24.851288567,9.059918688,0.703231792
070500010306,2011,21.714361985,7.950051109,0.644782998
070500010306,2012,11.579769536,3.785350156,0.592108263
070500010306,2013,29.881779217,7.240174814,0.712318576
070500010306,2014,43.760233613,12.019506624,0.761543038
070500010306,2015,26.947378479,9.861052628,0.714738385
070500010306,2016,33.57375761,13.076311952,0.738188727
070500010306,2017,30.928937392,11.898239803,0.751081804
070500010306,2018,23.894492955,7.942578184,0.712882217
070500010306,2019,45.42215453,12.982623649,0.780131182
070500010307,2010,24.10578745,9.329207417,0.690285993
070500010307,2011,20.087959859,9.552219093,0.632933308
070500010307,2012,12.262487841,5.957772115,0.560013469
070500010307,2013,26.354978052,9.260330796,0.688298216
070500010307,2014,35.086833156,13.412020034,0.749016636
070500010307,2015,25.641448636,11.596164016,0.695832087
070500010307,2016,28.200410866,12.610838673,0.709088958
070500010307,2017,28.647588028,12.502558222,0.722887666
070500010307,2018,22.337715865,9.280306212,0.691678577
070500010307,2019,39.911042347,13.793843465,0.757667522
070500010401,2010,17.700027598,4.836170042,0.562185008
070500010401,2011,13.659823851,4.105762375,0.526773671
070500010401,2012,9.017892512,2.514975754,0.465230813
070500010401,2013,14.73640738,3.246401389,0.522862091
070500010401,2014,18.27428085,5.020439725,0.597353567
070500010401,2015,17.564629894,4.825720202,0.572082778
070500010401,2016,21.808715011,5.900881974,0.578907087
070500010401,2017,20.097400496,5.858392182,0.581797292
070500010401,2018,14.657219296,4.319037728,0.557297321
070500010401,2019,25.660063102,6.23885832,0.637824534
070500010402,2010,14.902670291,5.12433937,0.577579533
070500010402,2011,11.602051473,5.270194808,0.537653658
070500010402,2012,5.295383993,2.481987534,0.480447312
070500010402,2013,11.705311119,5.992180487,0.55312957
070500010402,2014,20.616705528,8.438844078,0.619694031
070500010402,2015,13.750436201,4.881498549,0.585871277
070500010402,2016,18.607055236,7.258274325,0.594370847
070500010402,2017,16.467039783,5.755738435,0.600862033
070500010402,2018,13.056748029,5.348357697,0.595292715
070500010402,2019,26.871494687,10.077596049,0.627246801
070500010403,2010,16.554497478,4.657064487,0.687079552
070500010403,2011,17.783738624,5.327352688,0.611075244
070500010403,2012,4.041857425,1.772202536,0.532389282
070500010403,2013,14.705422283,4.255098364,0.640785595
070500010403,2014,26.610690543,6.945857202,0.764683086
070500010403,2015,13.888921199,5.067822073,0.685243648
070500010403,2016,19.867085715,6.019562871,0.678048569
070500010403,2017,16.877093221,5.336012329,0.687181034
070500010403,2018,11.932639075,3.599558573,0.660556352
070500010403,2019,33.77105729,8.447608572,0.759239027
070500010404,2010,14.03954912,3.28445012,0.608548184
070500010404,2011,11.899472016,3.145472904,0.552831685
070500010404,2012,4.78804931,1.825564458,0.493718748
070500010404,2013,11.32078756,2.858280237,0.590766493
070500010404,2014,21.018545653,4.422026324,0.657760938
070500010404,2015,11.704327526,3.318971998,0.624022454
070500010404,2016,16.938242994,4.248892295,0.617838212
070500010404,2017,14.391344669,3.760207907,0.640251562
070500010404,2018,11.373925536,3.085265719,0.613846392
070500010404,2019,25.983233996,5.135196932,0.658062936
070500010405,2010,25.690404541,6.512691418,0.69754563
070500010405,2011,23.328209363,10.546090952,0.620728067
070500010405,2012,5.434897429,2.217602491,0.536053606
070500010405,2013,21.256214738,9.822646866,0.656829466
070500010405,2014,39.512845119,12.706522345,0.76923324
070500010405,2015,25.088855176,8.377024769,0.696735431
070500010405,2016,28.437852585,9.963797178,0.673641335
070500010405,2017,25.053974145,7.300235807,0.686395812
070500010405,2018,19.215692402,6.308888527,0.681829177
070500010405,2019,45.559163358,14.351356202,0.759793104
070500010406,2010,27.973862275,4.467286904,0.699895901
070500010406,2011,23.303457229,6.388196856,0.619177945
070500010406,2012,5.194133024,2.120234679,0.537311716
070500010406,2013,22.602137478,5.911105037,0.669010644
070500010406,2014,39.256252884,7.581698944,0.767000407
070500010406,2015,25.67167581,5.715332231,0.691871968
070500010406,2016,32.209029344,6.635520476,0.68451644
070500010406,2017,26.165288367,5.148678036,0.69389985
070500010406,2018,20.520675257,4.496148661,0.690675676
070500010406,2019,45.740971465,8.583998593,0.763758465
070500010407,2010,25.300180594,6.654071345,0.704231809
070500010407,2011,19.367357138,8.582376494,0.621654986
070500010407,2012,6.90046462,3.854480477,0.546129705
070500010407,2013,20.454879283,8.243150112,0.673292894
070500010407,2014,36.701863416,10.817275875,0.762791006
070500010407,2015,24.445947066,8.945827439,0.702219197
070500010407,2016,27.222289907,9.778179602,0.681549977
070500010407,2017,22.957251071,7.831950453,0.696752929
070500010407,2018,18.028343511,6.732708415,0.690791374
070500010407,2019,37.722637113,11.591972851,0.763448641
070500010501,2010,38.259332484,7.181626102,0.65250564
070500010501,2011,29.805395647,7.716951635,0.606835928
070500010501,2012,18.75020049,4.745497721,0.559393243
070500010501,2013,37.835267,6.826290168,0.634833192
070500010501,2014,59.893180348,10.156266331,0.702775256
070500010501,2015,40.030765981,9.479432125,0.653726186
070500010501,2016,44.32312199,9.587183223,0.665801351
070500010501,2017,44.062601945,9.207758588,0.681911234
070500010501,2018,34.242401187,7.012304793,0.652980144
070500010501,2019,59.533275706,9.761326957,0.699613884
070500010502,2010,23.687315596,10.37490583,0.548910286
070500010502,2011,24.023473651,13.368090846,0.539066637
070500010502,2012,14.216631087,9.302355776,0.468907289
070500010502,2013,29.234552066,12.405403293,0.546374214
070500010502,2014,39.329171706,16.269662092,0.592339097
070500010502,2015,29.2983932,14.926115249,0.596262489
070500010502,2016,36.136667323,16.858327507,0.578706132
070500010502,2017,35.338545566,15.269534371,0.578377538
070500010502,2018,23.638219824,11.443303,0.572953758
070500010502,2019,37.241943644,15.912510591,0.609630286
070500010503,2010,25.757220033,10.850674385,0.538867058
070500010503,2011,27.006056872,14.066458806,0.527842397
070500010503,2012,15.02120836,9.571162575,0.453016816
070500010503,2013,31.752203115,12.852949486,0.537597102
070500010503,2014,47.511599634,17.402593197,0.584343204
070500010503,2015,32.250351714,15.65002764,0.586754163
070500010503,2016,36.412278032,17.46211504,0.56859823
070500010503,2017,38.295688432,16.06760144,0.569628889
070500010503,2018,24.778172635,11.893184206,0.561214027
070500010503,2019,43.966526623,17.140955181,0.603470002
070500010504,2010,29.368262516,10.518598967,0.545973462
070500010504,2011,24.511315392,13.091378581,0.530220954
070500010504,2012,11.693203145,8.615922811,0.457769454
070500010504,2013,28.863650437,11.875482341,0.539780639
070500010504,2014,43.915026308,16.151640222,0.590857634
070500010504,2015,30.509076898,14.616833701,0.590741272
070500010504,2016,33.58905121,16.367169474,0.572370051
070500010504,2017,33.102319405,14.770723263,0.57249903
070500010504,2018,21.314854794,10.911404618,0.565029515
070500010504,2019,41.648291218,16.032249506,0.607785972
070500010505,2010,32.020713006,10.343604017,0.544298068
070500010505,2011,26.641329561,13.030036342,0.52534952
070500010505,2012,12.578794623,8.673946295,0.454535093
070500010505,2013,31.319419573,11.719612374,0.538854748
070500010505,2014,47.505981525,15.780443984,0.587591981
070500010505,2015,33.947424813,14.60633197,0.588350784
070500010505,2016,36.999534291,16.316114758,0.570433783
070500010505,2017,36.690457617,14.654020405,0.570549391
070500010505,2018,23.305263518,10.971431995,0.563615137
070500010505,2019,44.601411333,15.727638447,0.605162268
070500010506,2010,29.211005227,11.231466399,0.530711596
070500010506,2011,24.573604959,12.994433793,0.518851993
070500010506,2012,10.921840379,7.812202942,0.448757314
070500010506,2013,29.386390959,12.009454121,0.523472235
070500010506,2014,45.226589058,16.772867707,0.575962739
070500010506,2015,31.700995661,14.837232871,0.577920911
070500010506,2016,33.47606899,16.532946309,0.558742049
070500010506,2017,33.144729475,14.985974608,0.558484601
070500010506,2018,23.370138805,11.126471132,0.550308654
070500010506,2019,39.767365412,16.755926153,0.591210404
070500010507,2010,33.345512494,8.216224918,0.619211049
070500010507,2011,24.593347837,9.422344318,0.547174761
070500010507,2012,6.744356119,3.461028206,0.492402792
070500010507,2013,27.148819558,9.057619436,0.611808405
070500010507,2014,50.023969562,11.567733829,0.679025133
070500010507,2015,29.997299109,9.876519157,0.630231562
070500010507,2016,27.007145931,9.737948332,0.584605206
070500010507,2017,22.313951704,7.422179193,0.617917867
070500010507,2018,20.095586205,7.417250563,0.621450221
070500010507,2019,44.129086421,12.086340164,0.685915107
070500010508,2010,41.403725178,5.76349838,0.561171461
070500010508,2011,23.729431195,5.881604059,0.489027671
070500010508,2012,8.274839952,3.713447519,0.425807649
070500010508,2013,27.124724599,5.156322169,0.522855925
070500010508,2014,53.67975873,6.964110991,0.571678065
070500010508,2015,35.131420415,7.082883797,0.583817934
070500010508,2016,30.220026162,7.094304492,0.540205887
070500010508,2017,27.93731856,6.298633912,0.560781676
070500010508,2018,23.840199504,5.655011164,0.560654711
070500010508,2019,48.127598996,7.311763232,0.626880076
070500010509,2010,40.0386909,10.548533016,0.540232507
070500010509,2011,28.18676257,11.975463514,0.522503963
070500010509,2012,13.511133929,6.825251034,0.437377429
070500010509,2013,34.034797958,11.202690121,0.517997113
070500010509,2014,55.891476837,14.806429208,0.592798696
070500010509,2015,40.2548558,13.0278662,0.580103013
070500010509,2016,38.045924154,14.053131237,0.55593448
070500010509,2017,35.819169324,12.16408228,0.550419904
070500010509,2018,27.317047428,9.909836282,0.556485941
070500010509,2019,51.191134443,15.2278279,0.604660206
070500010601,2010,25.085479264,6.821536825,0.606744823
070500010601,2011,23.250312634,6.045512295,0.547600855
070500010601,2012,11.850622946,4.97208132,0.503813656
070500010601,2013,29.43441989,6.736156264,0.59166636
070500010601,2014,43.567826405,8.893910558,0.645740814
070500010601,2015,27.818051189,8.062153211,0.609508759
070500010601,2016,34.998224311,9.318534543,0.603748122
070500010601,2017,32.157268974,8.814978739,0.625811248
070500010601,2018,25.208067576,7.052928282,0.603666919
070500010601,2019,41.22928662,8.994634358,0.655737275
070500010602,2010,22.408050897,7.698277447,0.672048121
070500010602,2011,23.026009583,8.253928857,0.567161951
070500010602,2012,8.17213471,5.083313748,0.498168436
070500010602,2013,25.094462684,8.024389521,0.604092167
070500010602,2014,39.651834312,11.48203291,0.699201835
070500010602,2015,24.691810972,10.702922262,0.644514456
070500010602,2016,30.060327212,11.721235708,0.647050128
070500010602,2017,27.007172571,10.320676056,0.671731534
070500010602,2018,21.536887679,8.211897528,0.656379675
070500010602,2019,37.08402341,12.089438484,0.698962016
070500010603,2010,26.839817356,5.483834971,0.631928142
070500010603,2011,24.885921496,5.873022762,0.542202705
070500010603,2012,8.372980399,3.608212922,0.483581816
070500010603,2013,27.291358243,5.874468365,0.595748323
070500010603,2014,44.752024477,8.203774747,0.642866876
070500010603,2015,26.952084692,7.241739721,0.615727412
070500010603,2016,38.01823609,8.832210499,0.61388975
070500010603,2017,31.688599221,7.495141787,0.646194156
070500010603,2018,28.710731822,6.292288971,0.632097725
070500010603,2019,42.240049281,8.780395267,0.674802418
070500010604,2010,28.623464325,6.556953784,0.6084605
070500010604,2011,21.962253892,6.057252447,0.531342818
070500010604,2012,6.543438339,3.040032807,0.468353223
070500010604,2013,25.969694521,6.386094966,0.571055023
070500010604,2014,40.890367213,8.699243322,0.623492811
070500010604,2015,24.657160336,7.239301285,0.603947462
070500010604,2016,34.682809733,8.960782783,0.596068378
070500010604,2017,28.613243084,7.35110771,0.626955026
070500010604,2018,29.437029946,6.743900018,0.620090381
070500010604,2019,39.540652061,9.448974752,0.657154597
070500010605,2010,23.100044467,7.19572493,0.387252129
070500010605,2011,15.129897662,5.552045343,0.387713807
070500010605,2012,4.476494329,1.982180025,0.336733938
070500010605,2013,18.441972869,6.095788889,0.385519182
070500010605,2014,31.032874095,9.779953501,0.4402863
070500010605,2015,19.797290978,7.382394131,0.444313507
070500010605,2016,20.61408079,7.730839895,0.423134981
070500010605,2017,21.761162692,7.395335702,0.423313835
070500010605,2018,18.141529218,6.014457104,0.38956182
070500010605,2019,29.482851686,9.702401873,0.440168254
070500010606,2010,20.726126259,7.522927259,0.419494381
070500010606,2011,12.181866815,5.582825635,0.420687462
070500010606,2012,3.159375798,1.8974733,0.320799067
070500010606,2013,15.53098434,6.557228341,0.380254299
070500010606,2014,25.799138824,10.05590225,0.470411513
070500010606,2015,15.700935047,6.223282402,0.467538538
070500010606,2016,16.340660312,7.183004468,0.479696561
070500010606,2017,14.753945916,6.028518217,0.447025075
070500010606,2018,13.625554133,5.130221241,0.425060894
070500010606,2019,24.39834528,9.410277018,0.488961872
070500010607,2010,31.556708422,8.893218591,0.533325802
070500010607,2011,22.020187225,8.377754171,0.492106819
070500010607,2012,6.923618024,3.133076554,0.410526242
070500010607,2013,26.119753468,8.657062723,0.486909549
070500010607,2014,40.292289838,12.355395684,0.584725966
070500010607,2015,26.966499773,9.654935514,0.555602999
070500010607,2016,29.253079132,10.556058049,0.542817562
070500010607,2017,27.580877957,8.684906418,0.551618563
070500010607,2018,25.963933237,8.36731619,0.543308461
070500010607,2019,41.705400947,13.64544604,0.585300869
070500010701,2010,40.253591526,5.356217397,0.558961281
070500010701,2011,23.939175955,5.981004231,0.498575341
070500010701,2012,8.521382589,3.276414653,0.418909991
070500010701,2013,28.445071741,5.58824369,0.534559482
070500010701,2014,44.407925418,7.388013679,0.577897923
070500010701,2015,32.318049686,6.590356923,0.575262156
070500010701,2016,30.498719238,6.846477668,0.538481366
070500010701,2017,26.086731138,5.508536327,0.551266488
070500010701,2018,25.192403311,5.051445797,0.563048144
070500010701,2019,47.696228503,7.458837714,0.611232668
070500010702,2010,41.896492219,6.449764152,0.522104754
070500010702,2011,26.605875848,8.419224292,0.490984237
070500010702,2012,12.241876899,4.139516756,0.408825699
070500010702,2013,31.060605307,8.42178612,0.500410544
070500010702,2014,50.376975731,11.141092578,0.544079558
070500010702,2015,37.27108874,7.779116163,0.54001293
070500010702,2016,34.314274898,8.839107946,0.53927537
070500010702,2017,33.595446596,6.911767003,0.547413205
070500010702,2018,29.135331825,6.101008741,0.518956223
070500010702,2019,51.268608766,10.700658325,0.574488101
070500010703,2010,38.439672833,11.680765714,0.418367739
070500010703,2011,30.40175398,13.07196065,0.450724342
070500010703,2012,13.1797394,7.869089852,0.372044151
070500010703,2013,30.232329582,10.268322966,0.421104921
070500010703,2014,44.012238766,13.522151783,0.453018311
070500010703,2015,34.884969583,13.353988341,0.440281879
070500010703,2016,37.096235746,15.807186232,0.455700532
070500010703,2017,30.439505322,13.412117352,0.433826539
070500010703,2018,27.677881897,10.422783556,0.41097435
070500010703,2019,47.115726326,15.510611434,0.437821055
070500010704,2010,40.398896655,9.207809299,0.379557236
070500010704,2011,25.59747879,8.730036526,0.376634511
070500010704,2012,12.03225665,5.045358625,0.31987482
070500010704,2013,29.629751018,8.328901235,0.364939354
070500010704,2014,43.075024303,10.823693108,0.395680784
070500010704,2015,31.958915883,8.967209594,0.385262488
070500010704,2016,34.309363787,10.558569717,0.392973004
070500010704,2017,30.422574755,8.925309496,0.386490796
070500010704,2018,27.429620365,7.812074161,0.364960015
070500010704,2019,42.43691959,11.155051918,0.40277607
070500010801,2010,30.872408364,19.428052653,0.423004653
070500010801,2011,25.877771907,19.251148064,0.408337009
070500010801,2012,9.081176355,5.584468661,0.33382047
070500010801,2013,17.738448941,11.016654684,0.419565331
070500010801,2014,33.940720123,21.697599181,0.446391675
070500010801,2015,29.706993578,20.434414031,0.441011923
070500010801,2016,34.247980751,23.988264585,0.440358335
070500010801,2017,30.996727969,21.626914899,0.442594432
070500010801,2018,28.287553582,18.778663746,0.425936224
070500010801,2019,42.1331228,29.168723545,0.472309679
070500010802,2010,27.808525995,16.112944457,0.426875435
070500010802,2011,24.310692611,17.976454154,0.413122517
070500010802,2012,8.530435554,5.024734411,0.335778997
070500010802,2013,15.645219941,9.123370215,0.420048886
070500010802,2014,30.809012448,18.469807943,0.449768993
070500010802,2015,25.65317991,16.77288701,0.442681041
070500010802,2016,31.895957948,21.431046726,0.441026195
070500010802,2017,25.49301177,16.813481477,0.441194648
070500010802,2018,24.724954186,15.644844519,0.425878261
070500010802,2019,39.441118822,26.500071899,0.477575565
070500010901,2010,25.377115466,21.127207249,0.435316468
070500010901,2011,30.613413803,25.780099568,0.467038805
070500010901,2012,13.596030214,12.391062515,0.377808179
070500010901,2013,23.323353266,17.392333184,0.441248535
070500010901,2014,33.828755453,26.877005155,0.472301635
070500010901,2015,28.231449293,24.719842718,0.457247135
070500010901,2016,35.874033361,32.528693247,0.477163867
070500010901,2017,26.342761569,24.213621147,0.451614889
070500010901,2018,22.599484022,20.128413255,0.424954859
070500010901,2019,40.859081787,35.933044151,0.461542565
070500010902,2010,30.143296116,26.375144678,0.417804731
070500010902,2011,31.43916843,26.790753684,0.442243716
070500010902,2012,14.591111201,13.42870971,0.364152169
070500010902,2013,24.886992078,19.112860489,0.425634999
070500010902,2014,36.28705251,29.617375812,0.446306902
070500010902,2015,28.25868975,24.958390288,0.436277096
070500010902,2016,33.917273735,31.10789231,0.451328619
070500010902,2017,27.062815091,25.042361669,0.432985123
070500010902,2018,24.838618613,22.541940713,0.404707329
070500010902,2019,40.752301097,36.214965331,0.442234043
070500010903,2010,31.84475113,27.738424367,0.413219491
070500010903,2011,32.272551496,27.436684789,0.441424298
070500010903,2012,14.711306587,13.44669309,0.36214497
070500010903,2013,25.48014007,19.49708149,0.422852448
070500010903,2014,35.619006976,28.615550398,0.444953241
070500010903,2015,28.066511896,24.5289011,0.430492225
070500010903,2016,34.591767509,31.602169187,0.449330006
070500010903,2017,27.148701979,24.941344738,0.428375138
070500010903,2018,27.955331149,25.284394132,0.401787722
070500010903,2019,41.781833484,37.014652165,0.436735939
070500010904,2010,25.975759494,17.19920074,0.510616806
070500010904,2011,26.344806197,18.860660718,0.493881311
070500010904,2012,12.366476962,7.372861362,0.408970072
070500010904,2013,22.657455896,13.755160156,0.479331241
070500010904,2014,32.081657034,20.445987984,0.521947202
070500010904,2015,23.728035867,15.989899516,0.504956676
070500010904,2016,33.489766642,23.781314483,0.516516563
070500010904,2017,25.349761172,17.616463937,0.513886845
070500010904,2018,26.59418541,18.517446953,0.521815547
070500010904,2019,38.980482876,28.198696319,0.556592323
070500020101,2010,24.404361914,15.200782353,0.628681025
070500020101,2011,19.35346817,12.664400643,0.552739482
070500020101,2012,10.965590184,8.054790294,0.544623844
070500020101,2013,25.326400883,14.4233875,0.629134662
070500020101,2014,29.154812498,16.973941906,0.655345365
070500020101,2015,20.424916927,13.036413856,0.596806065
070500020101,2016,25.353599239,17.522584313,0.665996503
070500020101,2017,32.094959902,19.682054587,0.689494817
070500020101,2018,21.126421336,13.393783406,0.567258525
070500020101,2019,32.825793439,18.943814138,0.640130904
070500020102,2010,29.632307197,18.666222876,0.596536167
070500020102,2011,19.945824917,13.904175136,0.550477795
070500020102,2012,12.92634161,9.533163769,0.548475206
070500020102,2013,27.971812784,17.470266877,0.620387807
070500020102,2014,34.219726771,21.144576906,0.635445168
070500020102,2015,21.298945299,14.350046965,0.576282448
070500020102,2016,29.836336999,21.150444477,0.633010732
070500020102,2017,36.690635755,23.877066382,0.667560226
070500020102,2018,24.578345788,15.111530704,0.554036502
070500020102,2019,36.58157478,22.05444124,0.61824115
070500020103,2010,19.500422768,14.132241041,0.62609847
070500020103,2011,16.164099784,11.495591904,0.575530821
070500020103,2012,12.590086919,10.251739343,0.558525654
070500020103,2013,25.803004283,15.087569955,0.645292655
070500020103,2014,34.140842777,19.564556656,0.682075162
070500020103,2015,19.7661108,13.950587118,0.600083662
070500020103,2016,29.054040432,19.907590591,0.671005254
070500020103,2017,32.147366269,21.43633428,0.719221549
070500020103,2018,24.382893659,14.658104071,0.598259092
070500020103,2019,34.424722643,19.489710601,0.645225204
070500020104,2010,20.344401209,13.669175551,0.529299234
070500020104,2011,15.084603885,11.252173187,0.484228684
070500020104,2012,11.546230272,9.601365299,0.477045592
070500020104,2013,21.950349969,13.627389979,0.556193106
070500020104,2014,29.311064109,17.688917335,0.586718243
070500020104,2015,17.945826586,13.494368517,0.518687097
070500020104,2016,26.245152637,18.715630508,0.576213796
070500020104,2017,27.56137099,19.004695205,0.619211959
070500020104,2018,22.578461171,13.614624041,0.524463367
070500020104,2019,31.478618484,18.830587876,0.56726165
070500020105,2010,18.871405467,12.74164802,0.607986254
070500020105,2011,16.516004483,11.177232636,0.561769942
070500020105,2012,8.91123032,6.892591503,0.509159621
070500020105,2013,21.082336693,12.631324676,0.622335452
070500020105,2014,26.758195837,16.029316203,0.638836411
070500020105,2015,18.071766677,12.959133113,0.599422541
070500020105,2016,22.943822681,15.970730408,0.648273069
070500020105,2017,25.589250767,16.904708564,0.670252395
070500020105,2018,21.193879266,12.384424769,0.568109439
070500020105,2019,31.860743602,18.427019897,0.632667352
070500020106,2010,20.779712671,16.807568551,0.41045149
070500020106,2011,15.885580536,13.014454805,0.375684285
070500020106,2012,10.98080977,9.580612614,0.365634576
070500020106,2013,20.053510034,15.650541053,0.434216802
070500020106,2014,27.509015221,21.055862049,0.454701916
070500020106,2015,17.227423859,14.337169409,0.412233268
070500020106,2016,24.351060126,20.202092371,0.442483392
070500020106,2017,26.187181243,21.323040346,0.470980733
070500020106,2018,21.852946976,15.631650237,0.419979424
070500020106,2019,29.235872841,21.835107863,0.452378268
070500020107,2010,11.028446186,9.319643805,0.500456808
070500020107,2011,12.681046449,9.343861325,0.450950699
070500020107,2012,7.428712619,6.557125804,0.451516791
070500020107,2013,16.711483229,10.840885265,0.524499706
070500020107,2014,25.291136841,14.655894525,0.583228734
070500020107,2015,13.751924069,10.832779938,0.492992755
070500020107,2016,19.047065137,13.67201382,0.519830085
070500020107,2017,15.958473104,12.562393854,0.508133864
070500020107,2018,14.640564633,9.510804772,0.491149626
070500020107,2019,20.97248599,13.732265307,0.532629753
070500020108,2010,22.993756134,19.295320554,0.391149439
070500020108,2011,23.358708815,19.036763362,0.351452941
070500020108,2012,18.741865917,15.738955224,0.34922224
070500020108,2013,28.143714595,21.801471701,0.412690311
070500020108,2014,39.198940092,28.42542697,0.462808188
070500020108,2015,22.605234624,18.606135151,0.39396023
070500020108,2016,37.083584807,29.405734468,0.413969631
070500020108,2017,29.974446688,24.611317598,0.410392959
070500020108,2018,26.558875491,19.425233124,0.39011626
070500020108,2019,34.860221329,26.658989471,0.42498571
070500020201,2010,15.743244971,10.722366589,0.551169853
070500020201,2011,16.227466673,9.319442279,0.519170534
070500020201,2012,8.59008216,5.49782354,0.468755662
070500020201,2013,15.942254054,7.716175841,0.55964169
070500020201,2014,22.185407933,12.512604601,0.616336238
070500020201,2015,17.611540294,10.537364463,0.569260042
070500020201,2016,20.875202981,12.725805149,0.557863384
070500020201,2017,21.481838999,13.856994304,0.617055819
070500020201,2018,20.26804393,11.139577218,0.573932614
070500020201,2019,26.830918156,13.423156168,0.601667984
070500020202,2010,13.984374726,10.16544745,0.419958429
070500020202,2011,13.846592719,9.258050182,0.403504156
070500020202,2012,8.104156947,5.412158636,0.367352197
070500020202,2013,14.275920796,8.452833694,0.417646769
070500020202,2014,20.313094898,13.668519547,0.457331599
070500020202,2015,13.844890462,9.519837246,0.424052497
070500020202,2016,17.815622905,12.339621173,0.420997485
070500020202,2017,20.580070904,15.245478085,0.456244157
070500020202,2018,18.372748702,12.114156329,0.425806821
070500020202,2019,24.111663051,14.78874846,0.448320706
070500020203,2010,17.728826258,12.544519222,0.317346047
070500020203,2011,14.724656064,11.284761588,0.296271498
070500020203,2012,11.070745051,7.814535608,0.277576125
070500020203,2013,15.965319316,11.948263346,0.307002454
070500020203,2014,22.933261648,17.179627844,0.325105463
070500020203,2015,14.625986827,10.769883361,0.305034946
070500020203,2016,22.215826446,16.762962133,0.321029247
070500020203,2017,22.776869979,16.95646537,0.335195679
070500020203,2018,20.024852837,13.538799523,0.298734551
070500020203,2019,22.534892945,16.710272345,0.311911266
070500020204,2010,21.620303678,16.180618358,0.454779164
070500020204,2011,22.693264685,15.553922829,0.428095053
070500020204,2012,14.941084361,11.341989908,0.376509792
070500020204,2013,25.973758068,15.941728445,0.44191129
070500020204,2014,37.008931408,23.506843051,0.513761864
070500020204,2015,23.723495824,17.048586484,0.459076635
070500020204,2016,31.315815607,22.356507744,0.450440205
070500020204,2017,31.780669729,22.827595903,0.494530839
070500020204,2018,31.936266325,19.479416761,0.472627352
070500020204,2019,41.696883916,24.434418377,0.509130635
070500020301,2010,24.682612272,24.161418474,0.419722695
070500020301,2011,17.96406016,17.211449606,0.378223109
070500020301,2012,17.781686778,17.11882013,0.403297894
070500020301,2013,27.282041644,26.168125225,0.478281669
070500020301,2014,35.929466483,32.233304054,0.470816319
070500020301,2015,21.458893942,20.465397436,0.435158407
070500020301,2016,39.717633807,37.154186432,0.483417083
070500020301,2017,30.739009115,29.969818461,0.491959881
070500020301,2018,23.102157173,21.093934815,0.462946353
070500020301,2019,30.956259562,29.27034053,0.496439723
070500020302,2010,21.141135414,20.942472291,0.419248809
070500020302,2011,17.027627969,16.305127169,0.381911654
070500020302,2012,17.608573517,16.975229894,0.412849145
070500020302,2013,24.276360856,23.269462605,0.48156368
070500020302,2014,31.823982242,29.863503785,0.475119661
070500020302,2015,19.611360308,18.683323885,0.440385892
070500020302,2016,33.356708872,32.010793791,0.483449633
070500020302,2017,27.798409522,27.262463089,0.494299795
070500020302,2018,20.287556828,18.837822503,0.456891544
070500020302,2019,26.006879274,24.662831488,0.492957384
070500020303,2010,24.324960603,23.606087806,0.425172752
070500020303,2011,18.447187195,17.623433911,0.384732075
070500020303,2012,17.799604968,16.942189431,0.408481461
070500020303,2013,27.486918319,26.040439449,0.475975963
070500020303,2014,34.987570444,31.896317127,0.473796836
070500020303,2015,21.13036292,19.965172034,0.437471956
070500020303,2016,38.1355046,35.600908105,0.487688822
070500020303,2017,33.960974426,32.97844879,0.499965913
070500020303,2018,23.704611831,21.960353582,0.46920144
070500020303,2019,33.411325552,31.354283104,0.503640999
070500020304,2010,22.010664646,21.403501801,0.430779453
070500020304,2011,17.622717859,16.888805375,0.39206755
070500020304,2012,15.916858592,15.206473625,0.422090274
070500020304,2013,24.663466719,23.444003614,0.485129838
070500020304,2014,33.417116505,30.638368788,0.482331091
070500020304,2015,20.465593689,19.498395123,0.449881683
070500020304,2016,37.63790358,35.400529727,0.500357131
070500020304,2017,31.286731992,30.437995364,0.506947803
070500020304,2018,22.502420832,20.794179446,0.477034398
070500020304,2019,31.096736436,29.367558076,0.514538555
070500020305,2010,22.403977532,21.871185206,0.409657619
070500020305,2011,19.695648328,18.873969962,0.381625832
070500020305,2012,17.003754533,16.173767815,0.404855918
070500020305,2013,24.789015783,23.551044676,0.472248738
070500020305,2014,34.114746789,31.451098294,0.468117039
070500020305,2015,21.322799309,20.376011058,0.43711104
070500020305,2016,36.95321748,34.843470947,0.481707839
070500020305,2017,30.286179241,29.477880956,0.486006862
070500020305,2018,24.018283245,21.799205517,0.459619007
070500020305,2019,30.61743091,28.997209067,0.496698354
070500020306,2010,15.92238206,15.586126317,0.43229158
070500020306,2011,14.376304738,13.581602831,0.399192438
070500020306,2012,10.684555038,10.069268696,0.421468833
070500020306,2013,18.148185472,16.989352252,0.492401337
070500020306,2014,25.474889915,23.545462183,0.490691999
070500020306,2015,17.554543793,16.546544779,0.462014123
070500020306,2016,28.260307882,26.623365275,0.5063676
070500020306,2017,24.256985328,23.575585764,0.511829138
070500020306,2018,18.062931824,16.723155285,0.485543257
070500020306,2019,24.78036424,23.142631336,0.522347789
070500020307,2010,19.976869282,16.943515224,0.322175306
070500020307,2011,18.987311425,15.86806691,0.298486592
070500020307,2012,14.917422311,12.36128288,0.291008384
070500020307,2013,21.195088471,17.597665636,0.336421591
070500020307,2014,29.60383141,24.271073936,0.350019954
070500020307,2015,20.844908788,17.327382952,0.339277688
070500020307,2016,28.598310374,23.880201635,0.350518908
070500020307,2017,26.081871613,22.008159044,0.36578414
070500020307,2018,24.98341114,19.865579827,0.342181764
070500020307,2019,29.442386217,23.85445754,0.359463091
070500020401,2010,19.26534115,7.228543676,0.669749016
070500020401,2011,22.700767797,7.844628905,0.607652849
070500020401,2012,10.351038707,4.768789763,0.545078647
070500020401,2013,28.301005425,8.654231569,0.658952333
070500020401,2014,38.918781817,11.386310813,0.73118885
070500020401,2015,22.573381306,8.376077221,0.66577315
070500020401,2016,35.779511931,12.179519557,0.68784999
070500020401,2017,35.311016785,12.248656648,0.736418667
070500020401,2018,22.699830263,7.753777749,0.681948112
070500020401,2019,40.350808388,11.910641028,0.720954989
070500020402,2010,19.574893494,5.032027108,0.670742987
070500020402,2011,23.652036443,6.346205698,0.615688291
070500020402,2012,7.339327525,2.96879705,0.551421607
070500020402,2013,26.15448171,6.021960246,0.661296969
070500020402,2014,41.701412146,8.585447807,0.735855132
070500020402,2015,25.073772848,6.832686984,0.670649241
070500020402,2016,36.004326139,8.875585017,0.688705263
070500020402,2017,38.853894003,9.210762395,0.737874991
070500020402,2018,25.720590868,6.215369,0.692832973
070500020402,2019,40.077426109,8.973497492,0.723196671
070500020501,2010,27.888434167,23.018357882,0.608203397
070500020501,2011,24.237414635,17.01356795,0.524514205
070500020501,2012,17.472302888,15.017149759,0.500240305
070500020501,2013,36.870989647,23.100267494,0.604553874
070500020501,2014,41.26358911,28.775710906,0.644688223
070500020501,2015,26.741278803,18.452862715,0.568726641
070500020501,2016,45.386250646,33.775316929,0.645976726
070500020501,2017,42.442630617,31.556359403,0.659094081
070500020501,2018,27.013776436,21.13725195,0.593362523
070500020501,2019,44.617732467,29.948631748,0.640254049
070500020502,2010,22.768110555,19.436643222,0.56044644
070500020502,2011,24.614745337,18.044793732,0.502755388
070500020502,2012,13.426874377,11.7192865,0.458126911
070500020502,2013,31.855568463,21.576027935,0.572178371
070500020502,2014,42.306917072,30.979158925,0.622967565
070500020502,2015,26.25727764,19.776907703,0.548633058
070500020502,2016,41.274399229,32.418718439,0.604601463
070500020502,2017,37.214077629,28.940644256,0.613568588
070500020502,2018,29.065240561,22.775153261,0.576713992
070500020502,2019,46.258318152,31.940839618,0.614318298
070500020503,2010,23.650527655,19.312642468,0.604738771
070500020503,2011,24.125375336,16.898821061,0.539101837
070500020503,2012,12.49949825,10.350428812,0.494143176
070500020503,2013,33.4828619,20.707563445,0.612114932
070500020503,2014,42.013121352,28.692546345,0.656223872
070500020503,2015,26.139406014,18.422614691,0.580273845
070500020503,2016,42.112830623,30.995748062,0.645757927
070500020503,2017,39.159637711,28.905951566,0.658333192
070500020503,2018,28.597443006,21.356014886,0.605762175
070500020503,2019,46.207054246,29.437680669,0.650280806
070500020504,2010,25.658599809,21.722460456,0.577171613
070500020504,2011,27.879334758,18.535807364,0.526789105
070500020504,2012,13.030527028,10.647985313,0.459148518
070500020504,2013,32.69388995,21.889998762,0.572257481
070500020504,2014,45.123495103,29.612087406,0.643978105
070500020504,2015,27.380483048,20.075457047,0.57273414
070500020504,2016,39.17347384,29.29784758,0.592238945
070500020504,2017,41.870735635,31.623587896,0.639848509
070500020504,2018,33.615096085,23.964294407,0.602077253
070500020504,2019,44.707807999,29.71508599,0.631449886
070500020505,2010,29.515500284,24.565003114,0.546055326
070500020505,2011,26.447344976,17.808959456,0.492351129
070500020505,2012,12.920518827,10.820165133,0.431201357
070500020505,2013,32.867622603,21.94929176,0.542265442
070500020505,2014,46.928699144,31.442357504,0.608205903
070500020505,2015,30.162485455,22.558923032,0.53876919
070500020505,2016,39.038142303,29.86004395,0.551513605
070500020505,2017,40.258947117,30.443132734,0.591843301
070500020505,2018,36.039247955,26.333481932,0.57080882
070500020505,2019,44.433347791,29.872956099,0.593311543
070500020601,2010,19.018347894,4.311005465,0.607054072
070500020601,2011,22.916947289,5.536293672,0.587305487
070500020601,2012,7.396010574,2.728983009,0.525015108
070500020601,2013,27.27427622,5.73589266,0.635129069
070500020601,2014,38.885189039,7.569037209,0.690279317
070500020601,2015,24.913376779,6.134688837,0.653928743
070500020601,2016,40.614213559,8.996699822,0.638499376
070500020601,2017,36.675342327,7.944621631,0.680513658
070500020601,2018,19.957766461,4.555386492,0.636011886
070500020601,2019,39.317263406,7.249243908,0.688539347
070500020602,2010,18.502609108,2.808038829,0.603680552
070500020602,2011,21.52139436,4.389118735,0.580005489
070500020602,2012,7.876721881,2.281115018,0.519994771
070500020602,2013,26.3058838,4.276653888,0.618369507
070500020602,2014,38.187934895,5.489673801,0.679172688
070500020602,2015,25.44009072,4.78148728,0.646330768
070500020602,2016,35.023736223,6.511427786,0.630269743
070500020602,2017,31.723422222,5.363413766,0.670308486
070500020602,2018,19.18467728,3.308376139,0.626691238
070500020602,2019,35.572495809,5.190487378,0.67643164
070500020603,2010,20.234701557,4.243780348,0.64218216
070500020603,2011,21.396744372,5.322305532,0.589172736
070500020603,2012,7.965331,3.181062815,0.525163605
070500020603,2013,24.79531639,4.982665261,0.63879913
070500020603,2014,38.696039889,6.631182409,0.706535888
070500020603,2015,25.781986295,6.13980964,0.648902547
070500020603,2016,31.654342589,7.278028963,0.649900354
070500020603,2017,32.377910235,7.017379781,0.689981504
070500020603,2018,23.589714395,5.472211664,0.664526562
070500020603,2019,35.953449635,7.005156219,0.69404083
070500020604,2010,18.976703142,6.418883675,0.651685329
070500020604,2011,18.025613324,5.854433625,0.568285935
070500020604,2012,5.659179194,3.367687492,0.485709204
070500020604,2013,19.660839489,5.97333276,0.622338461
070500020604,2014,32.609023111,9.237590887,0.689526404
070500020604,2015,19.260665987,6.786894536,0.631538789
070500020604,2016,26.048780476,9.039552022,0.639173853
070500020604,2017,22.127080185,7.862415473,0.660220213
070500020604,2018,24.216653815,7.272525767,0.666021869
070500020604,2019,32.06608461,9.964676961,0.699631635
070500020605,2010,14.561241988,10.190700479,0.63181245
070500020605,2011,13.56117438,9.618744797,0.554484869
070500020605,2012,7.622835349,6.557043645,0.48843147
070500020605,2013,14.806205666,10.032509235,0.603746257
070500020605,2014,21.601289304,14.351171322,0.670266658
070500020605,2015,16.304254087,12.682556443,0.616783087
070500020605,2016,19.910953537,14.737177305,0.59274335
070500020605,2017,19.333447804,13.962122412,0.63424075
070500020605,2018,18.233547148,12.490418618,0.647795906
070500020605,2019,22.452203214,15.614063544,0.675616464
070500020606,2010,24.802085746,4.78152551,0.623417646
070500020606,2011,23.512421799,5.497163818,0.580550571
070500020606,2012,9.367534633,3.622801039,0.513550791
070500020606,2013,27.431822096,5.464974188,0.621399837
070500020606,2014,42.282480637,7.508442288,0.692570474
070500020606,2015,27.86362306,6.690615521,0.64815767
070500020606,2016,35.373018407,8.234388788,0.625460024
070500020606,2017,32.904667936,7.273123181,0.659476658
070500020606,2018,25.781044831,5.704753601,0.639539177
070500020606,2019,40.216138821,7.567922945,0.688043136
070500020607,2010,28.059857528,7.246077156,0.65296725
070500020607,2011,20.288082501,6.037155448,0.573986326
070500020607,2012,7.906055996,4.124583836,0.503881142
070500020607,2013,23.055398632,6.193138192,0.628596348
070500020607,2014,36.641637908,9.050560694,0.68868031
070500020607,2015,24.9923275,7.78926044,0.631395316
070500020607,2016,33.350704869,10.070604499,0.630950006
070500020607,2017,28.572151336,8.500710245,0.653997851
070500020607,2018,30.791092178,8.680756352,0.672321253
070500020607,2019,38.799688169,10.240885442,0.695803295
070500020701,2010,34.325756653,3.901873202,0.462608499
070500020701,2011,20.510988868,3.6429559,0.486531904
070500020701,2012,7.85121335,1.364977282,0.384747586
070500020701,2013,24.389148611,4.088804627,0.441161044
070500020701,2014,41.061810136,5.625392995,0.509054848
070500020701,2015,28.911338278,3.518827393,0.497810923
070500020701,2016,35.73062659,5.083981323,0.521701039
070500020701,2017,33.072609613,4.034039842,0.509302503
070500020701,2018,31.001966343,3.554665447,0.511349896
070500020701,2019,42.689195856,5.730960766,0.528587486
070500020702,2010,31.7480416,4.514256043,0.455426932
070500020702,2011,17.925785171,4.129785375,0.484484301
070500020702,2012,8.286501731,1.676903927,0.370946885
070500020702,2013,21.976617701,4.307975621,0.432296671
070500020702,2014,36.999822256,6.277077307,0.504168537
070500020702,2015,26.499336901,4.275343736,0.4934318
070500020702,2016,30.847965283,5.635650356,0.517065591
070500020702,2017,28.376634418,4.618321884,0.502615662
070500020702,2018,25.924261413,3.904557708,0.503211821
070500020702,2019,37.145105667,6.214192191,0.524412189
070500020703,2010,39.090648755,5.635743245,0.503304892
070500020703,2011,24.098385836,6.24293676,0.506055755
070500020703,2012,10.134191726,1.828040293,0.389561992
070500020703,2013,25.43974229,5.894163025,0.458571262
070500020703,2014,44.867888926,8.505678982,0.540370642
070500020703,2015,31.042469014,4.85438095,0.529481244
070500020703,2016,31.359676488,6.3335075,0.530680048
070500020703,2017,30.971525483,4.965315668,0.535330494
070500020703,2018,29.312314656,5.353698863,0.53100758
070500020703,2019,45.222862263,8.068155231,0.553225395
070500020704,2010,32.922677561,9.494471509,0.493370658
070500020704,2011,23.86385319,10.11681724,0.495243329
070500020704,2012,8.011019746,2.507229048,0.40267384
070500020704,2013,24.397803266,9.49606937,0.470340523
070500020704,2014,40.369268679,14.361252528,0.52301147
070500020704,2015,24.387979397,7.469719104,0.505756969
070500020704,2016,31.543680182,12.037129084,0.51703397
070500020704,2017,26.357949028,8.641164882,0.516360863
070500020704,2018,25.260337845,9.134542436,0.515602283
070500020704,2019,39.779619786,14.05061615,0.539232511
070500030101,2010,29.6497931,24.849274761,0.575162577
070500030101,2011,23.675653592,15.81395814,0.49448478
070500030101,2012,12.499810624,8.981987938,0.467302757
070500030101,2013,29.028412384,18.37570345,0.569405487
070500030101,2014,39.069032958,26.592417668,0.591815432
070500030101,2015,23.110429654,16.454871052,0.555304552
070500030101,2016,33.599758388,26.812543696,0.551576677
070500030101,2017,34.01521119,26.22002153,0.577004922
070500030101,2018,35.681714958,22.696024701,0.571021794
070500030101,2019,36.098157986,25.372025322,0.599877022
070500030102,2010,30.409838742,26.329347752,0.552061175
070500030102,2011,24.679805686,17.13894083,0.467874623
070500030102,2012,15.619675985,12.149939217,0.439893581
070500030102,2013,31.292113197,21.009264323,0.539268609
070500030102,2014,40.264838998,29.044448218,0.563847904
070500030102,2015,28.117245846,21.550413867,0.532560671
070500030102,2016,35.866830537,30.044381748,0.52915048
070500030102,2017,34.463577861,27.160955401,0.554510442
070500030102,2018,37.271366272,26.458084529,0.543133514
070500030102,2019,40.819266862,30.18189185,0.576350094
070500030103,2010,28.358471028,23.234681975,0.562297639
070500030103,2011,23.636883178,15.340690177,0.479557972
070500030103,2012,13.779044589,10.112008645,0.448969789
070500030103,2013,30.079289198,18.869093266,0.550446492
070500030103,2014,39.040485227,26.249657,0.576803083
070500030103,2015,24.152267233,17.166483532,0.54207132
070500030103,2016,36.035680077,28.474161576,0.539488766
070500030103,2017,33.76640924,25.46604066,0.565540305
070500030103,2018,37.545595105,24.139562235,0.553220689
070500030103,2019,36.101316939,24.560223831,0.584367689
070500030104,2010,28.174628773,24.050730527,0.538888258
070500030104,2011,24.218888262,16.35372286,0.458427442
070500030104,2012,14.179759751,10.564915005,0.42932411
070500030104,2013,31.431035568,20.719238211,0.527090562
070500030104,2014,39.710976769,27.834740965,0.550586698
070500030104,2015,27.428643172,20.498771171,0.518240622
070500030104,2016,35.933492376,29.070666853,0.515538058
070500030104,2017,34.313036689,26.457920445,0.541862934
070500030104,2018,36.755831821,25.140201306,0.531733553
070500030104,2019,37.371679545,26.454457816,0.561544952
070500030105,2010,25.484429926,21.678643833,0.534415915
070500030105,2011,23.909051279,16.166892255,0.455368133
070500030105,2012,13.186576975,9.633745808,0.426348229
070500030105,2013,29.344073189,18.776416816,0.524406745
070500030105,2014,38.18056241,26.532321623,0.550636784
070500030105,2015,29.084856834,22.245176636,0.521069849
070500030105,2016,32.199350934,26.004384946,0.51197693
070500030105,2017,33.922820106,26.267858561,0.539922357
070500030105,2018,32.679666008,22.240395011,0.528600938
070500030105,2019,38.54183625,27.2071975,0.560868236
070500030106,2010,28.379517083,23.892428823,0.566866154
070500030106,2011,23.898627261,15.982239089,0.487388448
070500030106,2012,13.38955639,9.824767857,0.452545381
070500030106,2013,28.439643852,17.80726783,0.556432791
070500030106,2014,36.746423118,25.198491764,0.582633377
070500030106,2015,22.775954143,16.024198867,0.545117357
070500030106,2016,35.176641222,28.199094087,0.54435723
070500030106,2017,30.908325341,23.401272343,0.567596683
070500030106,2018,35.898654305,23.595007571,0.559470009
070500030106,2019,34.751590527,24.157290779,0.589566542
070500030107,2010,27.266843509,22.790963342,0.567510348
070500030107,2011,24.088422213,16.002579157,0.482571233
070500030107,2012,11.459947001,7.837553936,0.447195034
070500030107,2013,29.788346591,18.779630786,0.553448761
070500030107,2014,36.668605081,24.708082173,0.583883566
070500030107,2015,25.039717006,18.139864918,0.548913693
070500030107,2016,34.139295986,27.376769643,0.545182536
070500030107,2017,28.892299118,21.221945082,0.566413842
070500030107,2018,33.58678334,22.332166893,0.560872222
070500030107,2019,36.151641434,25.483420483,0.593121087
070500030108,2010,31.759035858,24.434089328,0.549628475
070500030108,2011,26.519069598,17.420527328,0.466872516
070500030108,2012,11.386164687,7.671526322,0.423663202
070500030108,2013,32.12310588,19.465290361,0.533225554
070500030108,2014,39.892531347,26.217379362,0.568665238
070500030108,2015,27.598817079,19.855889579,0.540817713
070500030108,2016,35.101109061,27.149043006,0.535089816
070500030108,2017,30.806027972,22.715879489,0.561095867
070500030108,2018,36.216192692,22.684439044,0.542703802
070500030108,2019,39.56165892,27.409305174,0.584371272
070500030109,2010,26.362957535,22.322060688,0.545991174
070500030109,2011,25.003001266,17.106556818,0.459187307
070500030109,2012,11.961290767,8.356202155,0.430361135
070500030109,2013,31.222968501,20.382241693,0.525897028
070500030109,2014,39.630283232,27.690380422,0.562531226
070500030109,2015,28.108048197,21.264337576,0.529149035
070500030109,2016,33.802269425,27.315481001,0.522124576
070500030109,2017,31.890927797,24.225708148,0.546440776
070500030109,2018,33.087956394,22.589563119,0.53617571
070500030109,2019,38.935517243,28.021315871,0.571089695
070500030201,2010,27.93147211,26.54794849,0.654367026
070500030201,2011,19.02257857,18.251520009,0.576311752
070500030201,2012,12.029967058,11.89553941,0.511396919
070500030201,2013,22.221184148,21.437058247,0.657742284
070500030201,2014,31.729962903,29.921283275,0.70359369
070500030201,2015,25.408281115,24.63600283,0.640552853
070500030201,2016,29.530897145,28.74822288,0.675761379
070500030201,2017,29.714624615,28.656146317,0.683049757
070500030201,2018,31.309164184,27.760817168,0.669927549
070500030201,2019,38.277331988,35.215579642,0.711787771
070500030202,2010,30.974853575,27.437467653,0.522019588
070500030202,2011,25.702560574,20.283996654,0.491018148
070500030202,2012,15.387157743,12.627646275,0.418728365
070500030202,2013,26.752331763,20.43803976,0.528335584
070500030202,2014,39.586253454,32.579655159,0.578964152
070500030202,2015,30.277104412,24.304118758,0.537173526
070500030202,2016,32.649801991,27.623607421,0.521781076
070500030202,2017,35.948800901,30.931836696,0.569540739
070500030202,2018,36.882163402,30.282787156,0.561976986
070500030202,2019,43.758441978,35.6427377,0.621450237
070500030203,2010,22.443272441,20.141239123,0.559749315
070500030203,2011,23.539752605,17.630797014,0.510962687
070500030203,2012,12.960774231,10.547130605,0.449044527
070500030203,2013,25.14541803,17.367692458,0.564007926
070500030203,2014,36.81611317,28.248189096,0.609669609
070500030203,2015,26.672305179,19.08365021,0.555678378
070500030203,2016,27.736280465,22.890283926,0.557393634
070500030203,2017,33.182994847,26.59489836,0.606418573
070500030203,2018,31.587371932,25.152640931,0.575597161
070500030203,2019,43.26844865,32.239589764,0.618844636
070500030204,2010,23.485051635,20.997439498,0.584691523
070500030204,2011,24.571153147,18.135006978,0.533610001
070500030204,2012,14.694229782,12.030482144,0.473408882
070500030204,2013,28.366848773,19.911432727,0.58367599
070500030204,2014,39.922510172,30.533602249,0.627657463
070500030204,2015,29.369526103,20.814815294,0.583267101
070500030204,2016,29.955178475,24.829999941,0.579979613
070500030204,2017,34.525297055,27.157316669,0.634911204
070500030204,2018,33.141449173,25.860164741,0.596341167
070500030204,2019,45.091876511,32.550343262,0.640253775
070500030205,2010,22.638489593,20.766901398,0.486825447
070500030205,2011,21.882226905,18.50127231,0.441848373
070500030205,2012,11.116912169,10.079691922,0.41329263
070500030205,2013,25.521965253,21.684669935,0.495616184
070500030205,2014,39.438205202,33.489880786,0.540161265
070500030205,2015,24.182595611,20.958360345,0.533570965
070500030205,2016,32.128929075,28.907737304,0.530160894
070500030205,2017,30.129120468,26.388090848,0.564952423
070500030205,2018,30.016815775,25.910500511,0.539110493
070500030205,2019,41.333640569,34.662556766,0.559580916
070500030206,2010,25.078911656,22.643546251,0.604806728
070500030206,2011,21.015234022,17.881041837,0.551335391
070500030206,2012,11.52521615,10.262109419,0.491679337
070500030206,2013,24.807012333,20.959142216,0.612741162
070500030206,2014,36.012718091,30.576104148,0.659815129
070500030206,2015,26.379520584,22.658999444,0.615114195
070500030206,2016,29.480214376,26.564265041,0.625748876
070500030206,2017,30.651619219,26.750476173,0.656117246
070500030206,2018,30.392527906,25.561146653,0.631078002
070500030206,2019,43.322150056,35.330068771,0.673262789
070500030207,2010,20.53998376,19.232491402,0.567835918
070500030207,2011,17.058096493,14.660276069,0.52758344
070500030207,2012,5.341569394,5.02192209,0.426321482
070500030207,2013,18.546932877,15.471788919,0.537261637
070500030207,2014,32.265134214,25.799635612,0.625729145
070500030207,2015,21.840821774,18.689155877,0.591257426
070500030207,2016,25.414960509,23.532881288,0.602452392
070500030207,2017,27.799052531,25.496974082,0.630484123
070500030207,2018,23.534906024,19.268606213,0.606275053
070500030207,2019,36.191927251,28.495533862,0.651602191
070500030208,2010,25.14603044,19.348070834,0.61538224
070500030208,2011,23.113744544,17.729474184,0.588190283
070500030208,2012,9.603824923,6.721184419,0.510563057
070500030208,2013,24.921370531,18.806189033,0.624257708
070500030208,2014,39.259241697,30.033599287,0.70270869
070500030208,2015,24.637186865,19.304711567,0.641831473
070500030208,2016,31.755271376,25.429836252,0.641341469
070500030208,2017,34.013814418,27.18856447,0.687526307
070500030208,2018,30.364657327,22.9061965,0.672987236
070500030208,2019,43.37507518,32.856228821,0.722796441
070500030209,2010,23.848763665,19.294817856,0.596671629
070500030209,2011,21.401267071,15.590495456,0.565560778
070500030209,2012,7.648393625,5.153293511,0.462132653
070500030209,2013,22.383443044,15.661102327,0.573789484
070500030209,2014,37.61899858,26.951413328,0.679589686
070500030209,2015,25.744285232,20.139762432,0.619793375
070500030209,2016,30.431506731,24.245308098,0.626913949
070500030209,2017,30.8338483,24.732786953,0.658670824
070500030209,2018,27.894825437,20.177123973,0.647671108
070500030209,2019,37.481343748,28.359176632,0.707403028
070500030210,2010,28.712703815,25.435375881,0.677968748
070500030210,2011,23.384242928,18.147014282,0.591967865
070500030210,2012,10.618153214,8.946904528,0.531210183
070500030210,2013,27.49739723,20.234587982,0.647951889
070500030210,2014,41.099250393,31.396100666,0.706743228
070500030210,2015,29.130866059,24.148569648,0.667848934
070500030210,2016,32.320788217,27.892581159,0.675311891
070500030210,2017,34.747670035,29.017402578,0.688360754
070500030210,2018,32.850235006,26.081695092,0.667959233
070500030210,2019,40.287423832,32.01473882,0.707920093
070500030301,2010,36.643465672,32.285580652,0.406657208
070500030301,2011,32.135233344,27.966544719,0.343908528
070500030301,2012,15.900927274,13.995576381,0.322804264
070500030301,2013,37.81811265,32.040686333,0.380056712
070500030301,2014,51.088144888,41.784577071,0.414701867
070500030301,2015,33.261374687,29.068394432,0.383389083
070500030301,2016,42.462285068,37.198942016,0.394614257
070500030301,2017,41.289172441,35.960546068,0.408760484
070500030301,2018,43.00435067,35.096874778,0.394083325
070500030301,2019,49.455900055,42.360601893,0.415958454
070500030302,2010,28.977391648,26.819409009,0.538196852
070500030302,2011,24.623449851,20.898921502,0.461763812
070500030302,2012,11.806257811,10.824096423,0.40809624
070500030302,2013,27.297984867,23.155897373,0.512566968
070500030302,2014,36.886890571,30.366510276,0.577184547
070500030302,2015,25.623402481,22.963112761,0.529588165
070500030302,2016,34.389748785,30.566089367,0.531888688
070500030302,2017,31.600266983,28.422562593,0.552311403
070500030302,2018,30.642896361,24.768309398,0.543040209
070500030302,2019,38.585307216,33.318594326,0.578592259
070500030303,2010,26.639484928,24.595760241,0.424193317
070500030303,2011,22.241131673,18.394671714,0.423812547
070500030303,2012,8.430065044,8.185158843,0.322223501
070500030303,2013,22.45242731,19.620530358,0.417930769
070500030303,2014,30.679111837,26.488723427,0.476759734
070500030303,2015,22.77816311,20.400827156,0.47158796
070500030303,2016,30.131657728,27.231868341,0.479973775
070500030303,2017,25.789150296,23.734173743,0.489476638
070500030303,2018,26.667241903,22.885418398,0.477201445
070500030303,2019,33.776420428,29.729929784,0.507897229
070500030304,2010,29.359684317,26.232673055,0.47290669
070500030304,2011,23.903676622,20.318542205,0.427577057
070500030304,2012,9.859816073,9.258558811,0.397411427
070500030304,2013,25.298859583,21.366732349,0.477867683
070500030304,2014,37.330464967,30.538692281,0.486128674
070500030304,2015,25.833594143,23.122765381,0.476355426
070500030304,2016,35.528588264,31.380027353,0.468088385
070500030304,2017,29.865077487,27.012569274,0.504290813
070500030304,2018,32.189713843,26.241398788,0.507776615
070500030304,2019,40.274694275,34.913206447,0.523459148
070500040101,2010,31.970576311,8.072925857,0.622934093
070500040101,2011,19.251069178,5.76079211,0.560074955
070500040101,2012,7.286881763,4.464286634,0.444812629
070500040101,2013,23.956625495,6.07475731,0.605325561
070500040101,2014,34.150653598,7.797721046,0.649641322
070500040101,2015,17.49901658,6.440295352,0.583889357
070500040101,2016,34.084572496,8.683904272,0.645994315
070500040101,2017,21.856744801,7.967400636,0.633898193
070500040101,2018,40.781275037,8.707849643,0.616260555
070500040101,2019,36.224784685,9.794790496,0.670073906
070500040102,2010,33.638295493,13.019918603,0.498974819
070500040102,2011,17.709902004,7.084613028,0.46048736
070500040102,2012,9.554049473,4.797272513,0.387028648
070500040102,2013,20.991596025,7.604882625,0.453281667
070500040102,2014,28.85236199,10.215988053,0.505968277
070500040102,2015,19.018393726,7.613301456,0.475265963
070500040102,2016,31.432573051,11.849374591,0.498507909
070500040102,2017,24.043510253,10.196355382,0.48908855
070500040102,2018,34.527895208,10.698975706,0.489386255
070500040102,2019,31.573347764,11.429025307,0.518179804
070500040103,2010,68.315543936,9.681015525,0.793826878
070500040103,2011,43.369201302,7.845818823,0.762603027
070500040103,2012,25.67699699,7.0103464,0.676067626
070500040103,2013,45.018753076,7.63321171,0.707014959
070500040103,2014,57.901376021,8.95717035,0.787717987
070500040103,2015,47.021567264,8.367810013,0.777397593
070500040103,2016,64.988284074,10.30908908,0.782929722
070500040103,2017,49.616065531,9.543371298,0.796727051
070500040103,2018,69.677987985,9.972442127,0.746155863
070500040103,2019,66.760604232,10.193786167,0.797640721
070500040104,2010,56.572322156,8.444660408,0.792544444
070500040104,2011,39.010992967,7.238042594,0.765204031
070500040104,2012,23.487140794,6.628472975,0.67535227
070500040104,2013,41.596426962,7.063059514,0.705503173
070500040104,2014,49.254448896,7.912222822,0.785059984
070500040104,2015,42.446369931,7.784135011,0.779491407
070500040104,2016,53.968180516,9.104018049,0.780251754
070500040104,2017,40.67619739,8.292617267,0.794824227
070500040104,2018,60.644694186,9.172657257,0.743376921
070500040104,2019,58.224508276,9.282449853,0.796883175
070500040105,2010,57.956022352,12.501789681,0.773036442
070500040105,2011,36.506251316,10.590025364,0.732693852
070500040105,2012,22.503864085,7.856160789,0.648108075
070500040105,2013,42.447223749,9.879528029,0.679646192
070500040105,2014,51.757060281,11.166115472,0.758754508
070500040105,2015,39.637379719,11.435129779,0.750409522
070500040105,2016,53.129164334,13.263609169,0.757203109
070500040105,2017,37.438171479,12.072734946,0.772565413
070500040105,2018,60.939387193,11.82312865,0.711894485
070500040105,2019,56.095282386,12.543597274,0.775841697
070500040106,2010,58.961183682,9.63062064,0.758183241
070500040106,2011,37.765645217,9.691556367,0.725286699
070500040106,2012,21.906533705,6.944739756,0.650726124
070500040106,2013,37.469821397,7.419142651,0.674023236
070500040106,2014,50.734090992,9.24777471,0.74913069
070500040106,2015,38.211846555,9.523142298,0.737043141
070500040106,2016,54.350275923,11.235050865,0.747003438
070500040106,2017,34.540989919,10.11115302,0.757792981
070500040106,2018,60.231555873,9.374924678,0.707740632
070500040106,2019,58.332034368,10.444688864,0.762930938
070500040107,2010,56.963106796,8.335369131,0.767787448
070500040107,2011,38.046064387,8.557681524,0.734138833
070500040107,2012,23.194039961,6.530450575,0.657238788
070500040107,2013,40.409812222,7.053008054,0.678366334
070500040107,2014,51.276855843,8.122289722,0.757709717
070500040107,2015,39.15202032,8.397040585,0.745680274
070500040107,2016,52.514006539,9.688641824,0.754496222
070500040107,2017,36.407184204,9.136120262,0.768338567
070500040107,2018,59.661076589,8.358976139,0.714275445
070500040107,2019,56.375442773,8.983395045,0.771076454
070500040108,2010,58.603816765,10.174040731,0.759454901
070500040108,2011,39.522938164,10.47054671,0.728097559
070500040108,2012,23.771904799,7.769204622,0.652917314
070500040108,2013,41.122244726,8.419367678,0.675298619
070500040108,2014,50.169029784,9.785069713,0.747683944
070500040108,2015,39.498551818,10.131934545,0.736728582
070500040108,2016,52.799970816,11.581416958,0.747672294
070500040108,2017,36.534534894,10.781350047,0.760713512
070500040108,2018,59.421399772,9.473165142,0.705958458
070500040108,2019,58.622475522,11.153690617,0.764583531
070500040109,2010,57.047228292,11.390320398,0.702125191
070500040109,2011,36.393413456,8.774342349,0.654853363
070500040109,2012,20.580429633,6.609598221,0.558166249
070500040109,2013,41.279217662,8.605204581,0.652698537
070500040109,2014,53.359618648,10.332770925,0.712766207
070500040109,2015,39.982736932,9.484750987,0.678790408
070500040109,2016,57.06129657,12.225333184,0.706963916
070500040109,2017,39.782792507,10.186737842,0.707843201
070500040109,2018,60.574609018,11.795747071,0.674860512
070500040109,2019,57.767714244,12.234097654,0.729512021
070500040110,2010,47.221727628,9.873931581,0.707013562
070500040110,2011,29.036489022,8.191716334,0.661658583
070500040110,2012,15.097684506,5.310762132,0.585118088
070500040110,2013,33.477109127,7.047834337,0.647286694
070500040110,2014,44.209143916,9.015029805,0.719135627
070500040110,2015,32.817292005,8.406733423,0.689993022
070500040110,2016,43.237008081,10.371211645,0.698513867
070500040110,2017,29.51467296,8.839718768,0.704555502
070500040110,2018,50.580378678,9.394807953,0.678626565
070500040110,2019,45.749841365,10.141370193,0.727868374
070500040201,2010,21.642304119,10.985429336,0.482664177
070500040201,2011,13.720865237,6.920422765,0.442917178
070500040201,2012,4.081508928,2.773096835,0.36178467
070500040201,2013,18.228929541,7.816590586,0.453806202
070500040201,2014,22.964377582,10.775590949,0.50254244
070500040201,2015,13.236985131,7.113417811,0.481346026
070500040201,2016,21.486200132,11.866327788,0.530330685
070500040201,2017,15.841581077,9.032515452,0.499058231
070500040201,2018,24.944155586,10.691803034,0.496762983
070500040201,2019,23.419019416,11.883505273,0.525647787
070500040202,2010,35.145640049,7.805788338,0.571692786
070500040202,2011,17.683238427,5.131926013,0.528796105
070500040202,2012,5.443273875,2.129120744,0.435378291
070500040202,2013,20.183543714,4.359525871,0.570390391
070500040202,2014,31.464582879,6.723572626,0.626334565
070500040202,2015,20.757321881,5.113603783,0.575883704
070500040202,2016,33.473970982,8.229061734,0.591662656
070500040202,2017,17.391514339,5.308050208,0.590118459
070500040202,2018,43.517298686,8.230611165,0.595744907
070500040202,2019,33.411493182,8.024288246,0.637609134
070500040203,2010,51.220001856,8.256934328,0.685592321
070500040203,2011,32.800838401,6.730378032,0.673876326
070500040203,2012,15.026078527,5.6546929,0.581159736
070500040203,2013,41.438159253,6.826367592,0.655556924
070500040203,2014,48.010469695,7.822412431,0.691924549
070500040203,2015,38.943615871,7.64469052,0.682011754
070500040203,2016,43.266614239,8.445483532,0.694414048
070500040203,2017,35.244577843,8.140520956,0.728862409
070500040203,2018,50.081108548,7.783499442,0.667333073
070500040203,2019,47.91380983,8.585328316,0.705609783
070500040204,2010,44.498008057,7.525966223,0.521080886
070500040204,2011,25.220303298,5.367059903,0.483810918
070500040204,2012,9.1606783,2.837287697,0.413134626
070500040204,2013,29.270577767,5.101060303,0.515795754
070500040204,2014,39.888545011,6.559196859,0.55493763
070500040204,2015,28.699352928,5.251012344,0.532672064
070500040204,2016,38.756848051,7.400799023,0.53539724
070500040204,2017,28.22861122,5.899276721,0.549075864
070500040204,2018,45.943090933,6.967002697,0.528093113
070500040204,2019,40.885368982,7.530244466,0.564727684
070500040301,2010,51.988046565,8.227753939,0.681783411
070500040301,2011,32.309027686,5.686124081,0.619580802
070500040301,2012,13.995783296,3.595312123,0.557483099
070500040301,2013,36.215450438,5.292005608,0.641671588
070500040301,2014,50.445415241,7.678423069,0.699811389
070500040301,2015,43.599624762,7.110904538,0.683846733
070500040301,2016,42.372586385,7.84767161,0.682700778
070500040301,2017,38.168734393,7.400398758,0.702135391
070500040301,2018,47.607064628,7.138940705,0.676208596
070500040301,2019,56.173475837,8.923469572,0.714558766
070500040302,2010,30.382514366,5.106927693,0.527388104
070500040302,2011,15.51899651,3.413668268,0.481502938
070500040302,2012,4.444877117,1.746005039,0.390471015
070500040302,2013,15.23419305,2.757989462,0.493161645
070500040302,2014,28.132210986,4.634891188,0.548333161
070500040302,2015,21.715035227,4.123411752,0.538793616
070500040302,2016,22.709176422,4.622539705,0.516117632
070500040302,2017,21.625321202,4.425899096,0.53703689
070500040302,2018,27.819117523,4.21017021,0.527244787
070500040302,2019,34.877110786,5.865878267,0.566769473
070500040303,2010,49.906058633,9.483981407,0.680583539
070500040303,2011,32.295672529,6.21397409,0.618272473
070500040303,2012,14.269534016,3.92150039,0.561615167
070500040303,2013,36.080209798,5.585962712,0.643817568
070500040303,2014,48.832752751,8.166481714,0.698906083
070500040303,2015,43.015477215,7.801001855,0.682022039
070500040303,2016,42.17567741,8.631500296,0.681834333
070500040303,2017,36.780928472,7.651187809,0.701235781
070500040303,2018,45.738319877,8.006695573,0.672905966
070500040303,2019,52.135825655,9.009853852,0.712113355
070500040304,2010,43.494917715,8.723021061,0.639265927
070500040304,2011,25.699241678,5.881743508,0.573295315
070500040304,2012,11.08498488,2.956699943,0.502759771
070500040304,2013,26.667629225,4.760723596,0.606004267
070500040304,2014,46.92505606,8.677153472,0.669211255
070500040304,2015,37.8594411,7.718300937,0.645005576
070500040304,2016,38.165404262,8.29581273,0.638464542
070500040304,2017,31.897930049,7.377025219,0.672396696
070500040304,2018,40.378509988,7.574518954,0.634785877
070500040304,2019,50.614988928,9.799914306,0.685593593
070500040305,2010,47.589499992,9.982418093,0.660391322
070500040305,2011,29.863736003,6.867790712,0.605429549
070500040305,2012,16.159229484,4.494435627,0.53710199
070500040305,2013,34.097115735,6.057263679,0.621490382
070500040305,2014,48.050684412,9.457005747,0.683086567
070500040305,2015,40.552883627,8.736765042,0.664948408
070500040305,2016,42.330119119,9.693844674,0.658371148
070500040305,2017,34.910357932,8.347445712,0.681305028
070500040305,2018,46.266624076,9.266182507,0.65160494
070500040305,2019,53.674603272,10.56329996,0.700960196
070500040401,2010,27.315588428,5.833414288,0.674790067
070500040401,2011,17.950812862,4.103020483,0.616907963
070500040401,2012,6.121306546,1.862038466,0.517022395
070500040401,2013,21.356609264,4.342577927,0.615047213
070500040401,2014,28.473303745,5.228281498,0.698999104
070500040401,2015,21.597374974,4.358850544,0.653658416
070500040401,2016,27.495070125,5.954727942,0.655627056
070500040401,2017,17.210534548,3.912867944,0.662554541
070500040401,2018,35.436021486,7.029197867,0.67292971
070500040401,2019,34.693012425,7.291168436,0.707099479
070500040402,2010,39.82196227,8.327445299,0.664782827
070500040402,2011,19.348430713,5.586080281,0.616060467
070500040402,2012,12.484320841,3.240577965,0.554597757
070500040402,2013,29.745671139,5.303063216,0.636313411
070500040402,2014,39.584580232,7.610611043,0.691392912
070500040402,2015,31.24560737,7.189066996,0.660923538
070500040402,2016,35.361837639,8.480928339,0.662527681
070500040402,2017,25.574315124,6.964241028,0.673757167
070500040402,2018,52.597073928,8.746804191,0.666142351
070500040402,2019,50.673905624,10.103567114,0.707177317
070500040403,2010,35.087411943,9.467952536,0.63553508
070500040403,2011,19.559230246,6.505022582,0.577157753
070500040403,2012,5.208577178,2.361731491,0.46520343
070500040403,2013,20.466706407,5.439686236,0.611853759
070500040403,2014,32.858940287,8.255981859,0.679623908
070500040403,2015,26.018009245,7.207900412,0.641960926
070500040403,2016,31.069421064,8.76635183,0.636911339
070500040403,2017,20.200771368,6.41780523,0.646316905
070500040403,2018,43.401161402,9.671965057,0.653445805
070500040403,2019,32.881144499,8.61283824,0.677931094
070500040404,2010,36.862788315,7.640230088,0.632368867
070500040404,2011,19.553565869,5.776715784,0.572894469
070500040404,2012,5.344287747,2.141662899,0.459236017
070500040404,2013,20.785501924,4.463128513,0.602151577
070500040404,2014,33.732535857,6.987590711,0.674030217
070500040404,2015,27.4464459,6.268012438,0.637623691
070500040404,2016,30.426256778,7.294319822,0.634117971
070500040404,2017,20.58702649,5.742983408,0.644154017
070500040404,2018,42.537897487,7.374831742,0.646246879
070500040404,2019,33.975450566,7.550981291,0.674441667
070500040405,2010,38.348654114,10.393552991,0.63053794
070500040405,2011,19.850617236,6.903020731,0.573303388
070500040405,2012,6.111427607,2.910629271,0.455940103
070500040405,2013,23.657585461,6.138855963,0.597273778
070500040405,2014,36.034528057,9.17649161,0.670582376
070500040405,2015,27.141328431,7.857340079,0.634704308
070500040405,2016,33.667166646,9.849030785,0.631740034
070500040405,2017,21.94103055,7.485152514,0.643357497
070500040405,2018,47.881642012,10.719827294,0.643097908
070500040405,2019,36.110626572,9.631807418,0.670847578
070500040406,2010,41.782506002,8.036110111,0.631533513
070500040406,2011,22.700010269,5.897526293,0.573289205
070500040406,2012,8.641755447,2.880557357,0.453844545
070500040406,2013,23.291155849,4.688805233,0.594475284
070500040406,2014,41.299645573,7.573737378,0.674714424
070500040406,2015,33.721332441,6.814468788,0.640430116
070500040406,2016,39.588436056,8.47737794,0.634490293
070500040406,2017,27.846117381,6.132785325,0.64359334
070500040406,2018,47.707405404,8.12368297,0.645694959
070500040406,2019,44.1045725,8.255655643,0.676239528
070500040407,2010,40.133321135,5.044305677,0.645749038
070500040407,2011,21.852973129,3.835190861,0.586459191
070500040407,2012,9.931512136,2.020929766,0.49828116
070500040407,2013,27.939739677,3.349861293,0.616012192
070500040407,2014,39.864994882,4.83593498,0.676866038
070500040407,2015,31.462372708,4.33960545,0.64002466
070500040407,2016,35.347524425,5.043586291,0.633813691
070500040407,2017,25.650218009,4.115115079,0.647284533
070500040407,2018,49.762266768,5.359046823,0.649770085
070500040407,2019,45.109616589,5.773770519,0.682815855
070500040408,2010,26.68770896,7.298484754,0.50768744
070500040408,2011,19.735617015,6.322060446,0.465827982
070500040408,2012,13.672325758,3.902065012,0.436702545
070500040408,2013,23.169694211,6.042607373,0.508686073
070500040408,2014,29.70456074,8.051934785,0.531035847
070500040408,2015,20.097960154,6.088410825,0.507360047
070500040408,2016,25.857469299,8.121718181,0.49672948
070500040408,2017,19.711135353,6.440597897,0.516872155
070500040408,2018,29.909793046,7.210176598,0.509238453
070500040408,2019,32.786207195,9.200144829,0.545727037
070500050101,2010,22.971695976,13.368379717,0.435396232
070500050101,2011,15.872783091,12.438459856,0.423614261
070500050101,2012,8.20699942,5.335090539,0.351784825
070500050101,2013,17.443548057,9.596357683,0.405407597
070500050101,2014,20.700434764,12.240994371,0.437560274
070500050101,2015,19.070921151,12.633005457,0.435582834
070500050101,2016,26.431935604,17.798168098,0.439941245
070500050101,2017,17.085504121,13.007186326,0.438481501
070500050101,2018,29.823635987,16.4719797,0.440360369
070500050101,2019,35.516341126,22.509757663,0.471070498
070500050102,2010,18.79949759,10.112539274,0.430819469
070500050102,2011,15.874488438,11.610605512,0.418678325
070500050102,2012,7.872939937,4.718241233,0.343968162
070500050102,2013,15.525520199,7.700063608,0.401354237
070500050102,2014,19.864536606,10.929841854,0.434222965
070500050102,2015,16.993459654,10.569221567,0.430382322
070500050102,2016,20.546247234,13.464396442,0.427064955
070500050102,2017,14.213918488,10.102828458,0.428400752
070500050102,2018,27.253603439,14.380073205,0.431025841
070500050102,2019,34.232598681,20.72198112,0.465718147
070500050103,2010,20.153778286,13.849358793,0.628018405
070500050103,2011,24.859220922,17.274985367,0.591527444
070500050103,2012,8.70421305,6.979917701,0.456494157
070500050103,2013,20.781490456,11.081312102,0.590902229
070500050103,2014,24.280932223,13.914695974,0.638471904
070500050103,2015,16.104919716,13.211143997,0.617294728
070500050103,2016,20.60232039,16.028022296,0.574362977
070500050103,2017,16.154411699,13.082182329,0.62800647
070500050103,2018,21.612453283,13.561438105,0.648568263
070500050103,2019,34.178932486,24.476572883,0.70262495
070500050104,2010,19.975353847,8.776384183,0.507308132
070500050104,2011,20.78061778,12.642585106,0.487093789
070500050104,2012,9.297587281,5.222610675,0.39899926
070500050104,2013,15.760172401,6.661470018,0.464021418
070500050104,2014,21.244917131,9.308865797,0.512290178
070500050104,2015,19.859369153,10.361248551,0.505388716
070500050104,2016,20.820196826,12.655228242,0.486195728
070500050104,2017,14.982056045,9.454896269,0.489193532
070500050104,2018,23.368187349,9.803155737,0.512409713
070500050104,2019,36.236720666,18.26020093,0.554149116
070500050105,2010,23.51407918,15.793275366,0.577408709
070500050105,2011,25.308431878,18.249523428,0.543184408
070500050105,2012,7.800250284,6.95687973,0.407322024
070500050105,2013,18.242219534,10.802259406,0.495802657
070500050105,2014,20.97228976,13.812202349,0.556009515
070500050105,2015,15.768486345,13.107124131,0.578034871
070500050105,2016,19.749736463,16.069495718,0.543172298
070500050105,2017,15.376116356,13.98868305,0.573224202
070500050105,2018,20.103591649,13.82857277,0.590819775
070500050105,2019,30.62542027,21.86000333,0.649923554
070500050106,2010,23.172809645,16.104174835,0.647444885
070500050106,2011,28.859954676,20.738834876,0.586744741
070500050106,2012,8.140389334,6.724751598,0.457955039
070500050106,2013,23.779398495,14.933492651,0.544271481
070500050106,2014,24.221222445,15.735140195,0.61306081
070500050106,2015,16.948669743,13.485105556,0.615548483
070500050106,2016,22.81374497,17.438560624,0.579408895
070500050106,2017,17.100792844,13.755965906,0.59558722
070500050106,2018,20.287776835,14.606318549,0.635087479
070500050106,2019,35.150130226,25.634741071,0.676074832
070500050107,2010,21.041765853,13.918587034,0.601295941
070500050107,2011,19.815588606,17.001510244,0.577406156
070500050107,2012,9.731344669,9.178894893,0.417724553
070500050107,2013,18.620669605,12.281091757,0.532170306
070500050107,2014,19.444240515,14.052809323,0.556655344
070500050107,2015,17.683582778,14.681711902,0.597243629
070500050107,2016,20.262240819,17.585534364,0.563126826
070500050107,2017,17.489478949,15.341525955,0.595095465
070500050107,2018,17.633658823,13.067036986,0.621884918
070500050107,2019,31.969991676,22.413565369,0.662634323
070500050108,2010,24.212707771,10.822178427,0.58851228
070500050108,2011,26.393339982,16.657630895,0.56060132
070500050108,2012,10.816154472,6.08209571,0.435635616
070500050108,2013,21.003950745,11.380116824,0.513438015
070500050108,2014,24.706509618,12.518001454,0.56197381
070500050108,2015,18.186186071,9.905222809,0.58061827
070500050108,2016,23.761098492,15.691313226,0.562823126
070500050108,2017,17.559133388,10.78787615,0.568769992
070500050108,2018,18.124442895,9.448327533,0.594104078
070500050108,2019,37.204690512,20.576989799,0.636603528
070500050201,2010,27.48109911,8.174052723,0.589209641
070500050201,2011,30.011037289,8.918680909,0.574826184
070500050201,2012,11.142163923,4.386207868,0.512525468
070500050201,2013,31.662732444,7.874717569,0.560190673
070500050201,2014,29.585270864,8.192122255,0.580022601
070500050201,2015,24.413092448,7.785117639,0.588493675
070500050201,2016,35.594958564,10.246217411,0.604667718
070500050201,2017,20.639829544,7.20330483,0.598773248
070500050201,2018,34.428289364,8.355465336,0.613280944
070500050201,2019,44.848162986,11.997412607,0.664360272
070500050202,2010,26.776984993,7.030558466,0.431476016
070500050202,2011,21.97333136,6.183600721,0.438219819
070500050202,2012,10.068613876,3.532140966,0.383724625
070500050202,2013,23.262074543,5.756206793,0.420341321
070500050202,2014,23.89118859,6.115175871,0.433214223
070500050202,2015,21.202882949,5.989316303,0.433497575
070500050202,2016,29.0574067,7.558554284,0.451165253
070500050202,2017,18.945039319,5.831069277,0.447946668
070500050202,2018,30.660954876,6.928986749,0.437829574
070500050202,2019,35.551762108,8.661482034,0.500161265
070500050203,2010,26.626482084,4.730345732,0.501616509
070500050203,2011,22.064025402,4.728747749,0.504185329
070500050203,2012,9.231594359,2.844514795,0.429110472
070500050203,2013,26.288372756,4.763857476,0.472920273
070500050203,2014,25.684608065,5.114769978,0.496813064
070500050203,2015,23.967863731,4.820312205,0.50206171
070500050203,2016,31.467636486,5.771747618,0.534273873
070500050203,2017,19.439025291,4.511282325,0.523253053
070500050203,2018,31.446763917,5.472392349,0.520134624
070500050203,2019,37.724875773,6.403151231,0.584633517
070500050204,2010,22.198761267,6.058260707,0.553865436
070500050204,2011,15.837502419,5.471420854,0.532904377
070500050204,2012,7.163038675,3.53539353,0.460568767
070500050204,2013,22.914083706,5.568284648,0.518700757
070500050204,2014,19.73599447,6.285037721,0.543997277
070500050204,2015,16.336160141,5.909599844,0.543373303
070500050204,2016,24.960012177,7.474207943,0.575145562
070500050204,2017,14.640481937,5.739776771,0.556322809
070500050204,2018,22.369752199,6.161154433,0.566937617
070500050204,2019,28.94083195,8.71802404,0.637485467
070500050205,2010,37.573939552,9.154962345,0.629707055
070500050205,2011,25.800771427,8.058114188,0.591578925
070500050205,2012,13.204460489,5.443507763,0.522327648
070500050205,2013,33.275336553,8.170960716,0.591297617
070500050205,2014,31.135611533,9.103019965,0.614338934
070500050205,2015,22.598407891,8.039453023,0.611883674
070500050205,2016,38.517876113,10.84945349,0.638235059
070500050205,2017,23.50584036,8.407052513,0.615423871
070500050205,2018,28.332764455,8.192333553,0.63656665
070500050205,2019,45.043713684,12.676543669,0.711565435
070500050206,2010,24.873124105,4.600290491,0.417037311
070500050206,2011,10.730169259,2.612839507,0.420370114
070500050206,2012,5.960778969,1.877487912,0.357626015
070500050206,2013,16.25431349,3.230947106,0.395283494
070500050206,2014,18.969090466,3.612564476,0.420879224
070500050206,2015,16.554990385,3.433055099,0.404375467
070500050206,2016,23.557419457,4.399439819,0.430566667
070500050206,2017,13.643320384,2.834606875,0.412753319
070500050206,2018,19.004057135,3.698104056,0.40441078
070500050206,2019,32.00780125,5.403181277,0.446813974
070500050207,2010,30.028577111,4.189311941,0.604416752
070500050207,2011,19.889203633,5.637645692,0.56719177
070500050207,2012,9.526160641,2.679839387,0.487080961
070500050207,2013,25.103168716,5.51973494,0.548239034
070500050207,2014,26.086812087,6.156180402,0.571106396
070500050207,2015,19.339127922,4.194659542,0.581587987
070500050207,2016,32.034893618,6.20196452,0.609099276
070500050207,2017,19.549046641,4.552940622,0.586582352
070500050207,2018,23.679866199,4.530118141,0.607808207
070500050207,2019,38.306968536,7.851854758,0.680621523
070500050301,2010,16.265155311,11.716870965,0.377906805
070500050301,2011,14.025980079,11.987917644,0.383766384
070500050301,2012,5.275468994,4.923349079,0.302792649
070500050301,2013,9.217895335,5.814715399,0.359253861
070500050301,2014,12.422065044,9.236623166,0.384916605
070500050301,2015,11.892782343,9.742705029,0.364931103
070500050301,2016,17.152426449,13.949430546,0.391346464
070500050301,2017,11.224076414,9.752853085,0.36926686
070500050301,2018,13.765815024,10.183925856,0.366213702
070500050301,2019,26.141734029,19.946484494,0.4141067
070500050302,2010,26.66367667,15.363990019,0.614019728
070500050302,2011,20.591263117,15.870758329,0.560375529
070500050302,2012,12.113435821,10.014700532,0.453245207
070500050302,2013,16.530684956,10.73583608,0.547859591
070500050302,2014,20.698685799,14.410825211,0.59331653
070500050302,2015,17.267265372,12.892038344,0.554861436
070500050302,2016,24.227022689,16.837766079,0.588832925
070500050302,2017,19.28943763,14.981694662,0.576221273
070500050302,2018,19.473111039,13.254367179,0.61523348
070500050302,2019,31.728936269,21.236249576,0.670737564
070500050303,2010,25.648417621,15.099012305,0.574885732
070500050303,2011,24.765971169,16.422372346,0.537042818
070500050303,2012,12.052890718,10.083556946,0.454379813
070500050303,2013,19.62242682,10.987645955,0.532945175
070500050303,2014,22.743209976,13.811135092,0.566686529
070500050303,2015,19.498066683,14.13281485,0.561365449
070500050303,2016,24.869156802,17.410786827,0.541349178
070500050303,2017,17.693749763,13.645750491,0.564936639
070500050303,2018,18.840648258,11.479898042,0.576388126
070500050303,2019,33.994447263,20.955141842,0.629164118
070500050304,2010,26.875688482,12.477455906,0.585051529
070500050304,2011,22.324938776,13.702352677,0.545152305
070500050304,2012,10.301744605,8.494930456,0.454407594
070500050304,2013,18.630962206,8.748694712,0.539403229
070500050304,2014,20.568566745,11.184601746,0.574591075
070500050304,2015,15.430679526,10.975485002,0.562963071
070500050304,2016,21.88601559,13.232964691,0.548969658
070500050304,2017,16.340688369,11.512592597,0.574787041
070500050304,2018,17.218636827,9.697005568,0.582873187
070500050304,2019,30.694474526,15.8106733,0.636341835
070500050305,2010,25.725452405,9.382729502,0.470723827
070500050305,2011,17.263089815,10.068524658,0.447884004
070500050305,2012,7.364324938,5.795506151,0.348478906
070500050305,2013,14.396428204,6.599752105,0.422036336
070500050305,2014,17.645812763,8.776363302,0.461702003
070500050305,2015,13.670274805,8.330698045,0.435783728
070500050305,2016,19.824534239,10.450704944,0.461954206
070500050305,2017,14.856004873,9.185921767,0.448860256
070500050305,2018,16.203395837,8.204540543,0.459365733
070500050305,2019,29.044575275,13.172165864,0.510629195
070500050306,2010,16.630054528,9.24426333,0.470739015
070500050306,2011,20.962443969,13.399759959,0.448294147
070500050306,2012,7.522484268,5.993614798,0.364715867
070500050306,2013,18.478753979,10.724634259,0.435906429
070500050306,2014,20.109929145,12.876371122,0.473074773
070500050306,2015,10.436555858,8.392071028,0.441077357
070500050306,2016,18.760574904,13.308224358,0.452569871
070500050306,2017,12.748942513,10.082341781,0.44960854
070500050306,2018,12.869063469,8.756991002,0.45622646
070500050306,2019,27.350704522,16.717268969,0.510201118
070500050307,2010,25.119433967,13.32675681,0.417304645
070500050307,2011,25.847221866,15.992522222,0.400229311
070500050307,2012,10.583640676,8.22481785,0.328092326
070500050307,2013,22.722673264,12.424586751,0.393556382
070500050307,2014,27.199115872,15.376969657,0.421327276
070500050307,2015,15.037703901,11.388800044,0.388047053
070500050307,2016,24.031202462,16.051049096,0.409013646
070500050307,2017,17.72444836,13.047297071,0.405029869
070500050307,2018,17.694022883,12.024030654,0.410502527
070500050307,2019,34.005449492,19.562148693,0.462733004
070500050308,2010,25.729704936,16.292921426,0.265220452
070500050308,2011,25.108805281,17.617536588,0.256644308
070500050308,2012,16.597739599,12.845471461,0.20636404
070500050308,2013,22.525486604,14.558952096,0.235375237
070500050308,2014,25.250092368,16.458307581,0.259418645
070500050308,2015,20.809143703,15.121562229,0.254802183
070500050308,2016,24.894970405,17.55453659,0.265957264
070500050308,2017,21.731210111,15.972996309,0.257460144
070500050308,2018,21.786558951,14.714167545,0.256481042
070500050308,2019,30.863135033,20.230021292,0.280156221
070500050401,2010,26.557390206,12.00148266,0.521982362
070500050401,2011,24.387844219,13.347578538,0.461559288
070500050401,2012,7.619763793,5.99401293,0.367423246
070500050401,2013,17.109675633,7.263497713,0.426820778
070500050401,2014,23.555759522,10.914072424,0.514194816
070500050401,2015,16.718278609,11.622868427,0.476789072
070500050401,2016,19.245671031,12.667086686,0.457056273
070500050401,2017,16.186470419,11.174544593,0.474285077
070500050401,2018,22.081482079,11.154899229,0.49839627
070500050401,2019,32.294586295,16.1842645,0.539294117
070500050402,2010,24.967118062,11.230299275,0.565154219
070500050402,2011,21.626129264,13.960068016,0.507913509
070500050402,2012,9.822853664,8.771143064,0.370830539
070500050402,2013,19.134639559,11.058049652,0.452424941
070500050402,2014,23.963621491,14.003939252,0.516222059
070500050402,2015,21.833211727,13.625790619,0.52971686
070500050402,2016,20.023105095,14.106685804,0.523190006
070500050402,2017,17.581350737,12.085365583,0.529538516
070500050402,2018,19.762425671,10.095698556,0.554903631
070500050402,2019,34.879891756,15.64464483,0.621600806
070500050403,2010,30.550217707,12.838533203,0.459051435
070500050403,2011,26.21428908,13.313939124,0.420401013
070500050403,2012,10.007361968,6.706582061,0.325191245
070500050403,2013,20.760235824,8.959709932,0.3884635
070500050403,2014,24.428431502,10.492197293,0.450276261
070500050403,2015,20.060163987,10.488948938,0.430487368
070500050403,2016,22.496686504,12.028164736,0.415569595
070500050403,2017,20.537809028,10.791447095,0.430429683
070500050403,2018,23.853099206,10.975653002,0.448715294
070500050403,2019,38.526303579,16.192459911,0.488265873
070500050404,2010,25.512924802,11.998568516,0.544678186
070500050404,2011,21.968282587,14.237682546,0.499438764
070500050404,2012,10.176682348,8.258841486,0.367823508
070500050404,2013,22.737916647,11.708811725,0.458730004
070500050404,2014,25.134469928,13.928502422,0.516302297
070500050404,2015,20.338889881,12.850711321,0.520210565
070500050404,2016,24.476924484,14.932055429,0.51068617
070500050404,2017,18.824097163,12.463974441,0.518198413
070500050404,2018,20.257521622,10.445222398,0.542639081
070500050404,2019,37.096156266,17.219651472,0.604172023
070500050501,2010,34.29637571,4.603650566,0.465705179
070500050501,2011,26.13412872,5.774562304,0.446940083
070500050501,2012,12.546216063,2.881513631,0.355644819
070500050501,2013,29.635416153,6.236817177,0.408248554
070500050501,2014,31.788761146,6.07044064,0.441543792
070500050501,2015,20.261655544,3.615807722,0.437031574
070500050501,2016,27.991035759,5.576063653,0.447967757
070500050501,2017,21.65832047,4.452608175,0.43684124
070500050501,2018,23.714378594,4.108219631,0.442385744
070500050501,2019,39.88945064,6.891639473,0.496225306
070500050502,2010,32.429655954,8.219117874,0.486640666
070500050502,2011,25.102990221,8.446845537,0.462553445
070500050502,2012,9.330327846,3.590367775,0.363098608
070500050502,2013,26.676143824,8.373171459,0.421855127
070500050502,2014,28.368917323,8.925119101,0.45674735
070500050502,2015,17.54273804,5.488109034,0.455438079
070500050502,2016,25.488488572,8.670842956,0.467532613
070500050502,2017,19.998552021,6.923710607,0.455922204
070500050502,2018,20.803735275,6.265149592,0.46611741
070500050502,2019,38.144428632,11.384529629,0.523355153
070500050601,2010,40.15936506,8.457249797,0.616276778
070500050601,2011,33.437657395,11.978808438,0.5583361
070500050601,2012,14.59455601,6.022810442,0.489882879
070500050601,2013,37.421626653,11.322972675,0.540515788
070500050601,2014,41.668718938,11.161902719,0.590219409
070500050601,2015,30.213948985,8.092402533,0.594199103
070500050601,2016,33.057267716,11.525461815,0.561483197
070500050601,2017,26.033962363,9.355900008,0.579424771
070500050601,2018,26.802218738,7.932293809,0.605519611
070500050601,2019,51.7377109,12.837598387,0.660804524
070500050602,2010,39.645129888,9.099789083,0.607266817
070500050602,2011,32.508585497,12.815203231,0.547274097
070500050602,2012,16.696238336,6.670451735,0.478207614
070500050602,2013,37.395179764,12.010028124,0.533505594
070500050602,2014,41.930577643,11.947147942,0.586354052
070500050602,2015,28.790592485,8.84795531,0.586250332
070500050602,2016,35.982179453,12.305554223,0.555091263
070500050602,2017,27.525532761,10.141759462,0.569587982
070500050602,2018,28.276088238,8.705702449,0.597856966
070500050602,2019,51.528814783,13.9333811,0.654487473
070500050701,2010,33.714375611,17.664570266,0.587169466
070500050701,2011,32.825027262,20.258658398,0.525062543
070500050701,2012,14.278363266,9.423981655,0.447072644
070500050701,2013,34.001739656,17.291459393,0.516638154
070500050701,2014,35.397654722,18.318890119,0.56104551
070500050701,2015,21.807622941,13.589219639,0.557564406
070500050701,2016,31.170448463,20.039536579,0.531216742
070500050701,2017,25.055760231,16.288620988,0.543676049
070500050701,2018,23.821875737,14.007448018,0.568307113
070500050701,2019,44.781311604,24.965254529,0.636604969
070500050702,2010,30.21810207,11.553166271,0.58450378
070500050702,2011,28.339376095,14.129257861,0.513699017
070500050702,2012,13.165897201,7.098843622,0.424281557
070500050702,2013,33.605704237,12.774538999,0.519783237
070500050702,2014,34.100641878,13.577926972,0.548441756
070500050702,2015,23.350786492,11.568164209,0.552367811
070500050702,2016,32.86183058,16.161825968,0.540418867
070500050702,2017,22.774530373,12.3581095,0.54283609
070500050702,2018,24.669007915,11.017591667,0.578105822
070500050702,2019,45.279872358,18.198248828,0.639866736
070500050703,2010,34.749316432,11.896621633,0.578968054
070500050703,2011,35.12073354,14.629542605,0.517862428
070500050703,2012,16.132410084,8.606798031,0.431467651
070500050703,2013,38.210852386,13.184400397,0.525605904
070500050703,2014,39.846336242,13.59266208,0.546291857
070500050703,2015,28.091445293,11.256888242,0.546499317
070500050703,2016,37.435343514,15.471382342,0.534210424
070500050703,2017,28.713967537,12.775349268,0.543259566
070500050703,2018,31.386301978,11.374006093,0.575545502
070500050703,2019,52.006236503,17.375156787,0.632559533
070500050704,2010,26.90046612,10.410275033,0.587475743
070500050704,2011,28.431090029,13.484091671,0.520771426
070500050704,2012,13.074964402,6.996936589,0.426157413
070500050704,2013,34.006505394,12.316745565,0.522982135
070500050704,2014,32.364727232,12.232383026,0.549417619
070500050704,2015,21.756953846,9.983756999,0.555773357
070500050704,2016,31.44003309,14.50679131,0.541915182
070500050704,2017,26.38248905,12.497280644,0.554436007
070500050704,2018,25.445998174,10.721761536,0.582644621
070500050704,2019,44.468232008,16.931892731,0.644415473
070500050705,2010,38.289967227,16.598305151,0.581469662
070500050705,2011,38.493523567,19.099120246,0.519628182
070500050705,2012,20.071187989,10.406726431,0.439201896
070500050705,2013,42.927720989,17.240389707,0.52545575
070500050705,2014,42.315423005,17.667918994,0.549977678
070500050705,2015,28.868233862,14.238563862,0.548918939
070500050705,2016,39.169921673,19.928763061,0.532406521
070500050705,2017,34.178771167,17.504423779,0.548372102
070500050705,2018,33.547985212,15.701818407,0.576080493
070500050705,2019,54.448173179,24.208037834,0.635817485
070500050801,2010,39.460152868,19.005509899,0.61512474
070500050801,2011,32.190788155,19.837898873,0.553969144
070500050801,2012,16.891907928,10.533345643,0.487653731
070500050801,2013,38.318603578,17.18901057,0.542204443
070500050801,2014,43.813382157,20.210053604,0.591463588
070500050801,2015,31.04293805,18.169198409,0.593258557
070500050801,2016,35.523984402,22.147776108,0.560729156
070500050801,2017,27.729676087,17.511926892,0.575443239
070500050801,2018,24.862343541,14.696044144,0.600098726
070500050801,2019,53.897780852,25.710600506,0.660508817
070500050802,2010,35.455220289,11.004559952,0.613777909
070500050802,2011,32.654253589,15.252156756,0.54900236
070500050802,2012,16.009081758,8.125283186,0.476241187
070500050802,2013,35.938362172,13.31599145,0.528956745
070500050802,2014,41.309640573,13.658634847,0.587921523
070500050802,2015,27.21011592,11.249526492,0.591788638
070500050802,2016,34.710191924,15.249116155,0.561470819
070500050802,2017,25.269047835,12.691168427,0.573034033
070500050802,2018,22.96935634,10.384772093,0.599940749
070500050802,2019,50.995572329,16.480000526,0.660761158
070500050901,2010,30.868416128,13.31110652,0.585848746
070500050901,2011,29.44347528,15.128928616,0.510726549
070500050901,2012,13.320118113,7.326046742,0.432769979
070500050901,2013,36.767158262,14.939471765,0.524956676
070500050901,2014,35.161705643,14.742864485,0.54695876
070500050901,2015,26.202916345,12.926534123,0.555532582
070500050901,2016,35.761184412,18.2700589,0.540486223
070500050901,2017,26.871388731,14.557536734,0.551410117
070500050901,2018,28.515329322,13.494373421,0.583455168
070500050901,2019,48.545322461,21.027772291,0.640270018
070500050902,2010,32.798094705,13.680931481,0.577547322
070500050902,2011,30.668924727,15.514627654,0.508555425
070500050902,2012,15.037284553,8.324931024,0.429262915
070500050902,2013,36.39492744,14.573559867,0.51475043
070500050902,2014,36.112469531,14.895437803,0.540815173
070500050902,2015,25.836079399,12.073806368,0.545552
070500050902,2016,34.846535431,17.221923735,0.528881339
070500050902,2017,28.94233412,14.349039864,0.543848521
070500050902,2018,28.771091284,13.105920843,0.572009658
070500050902,2019,48.012037718,20.395764797,0.630482744
070500050903,2010,25.496251933,10.593012015,0.526111202
070500050903,2011,20.224818904,14.232367963,0.472196602
070500050903,2012,7.748659201,5.70629875,0.387221931
070500050903,2013,24.440232277,13.026998126,0.460628498
070500050903,2014,24.280371066,13.479075489,0.49874171
070500050903,2015,19.938205234,9.933178004,0.515394274
070500050903,2016,25.066663678,14.166891193,0.496496599
070500050903,2017,17.422359518,10.085499847,0.48964679
070500050903,2018,20.15936715,9.09418996,0.533958933
070500050903,2019,36.192751032,16.361163543,0.603548875
070500050904,2010,35.11708698,19.430366169,0.582549652
070500050904,2011,34.411165897,22.024091677,0.5113802
070500050904,2012,14.471481155,9.383043256,0.429978101
070500050904,2013,35.453059009,18.557675014,0.500980748
070500050904,2014,37.76437952,20.122757309,0.554619316
070500050904,2015,26.297703878,16.543094646,0.554795671
070500050904,2016,36.400171667,23.864944794,0.529800403
070500050904,2017,27.131615845,18.231019474,0.538072409
070500050904,2018,25.609135064,15.299725009,0.567399227
070500050904,2019,50.475738676,29.048517051,0.635106872
070500050905,2010,23.133567491,9.956038672,0.585676739
070500050905,2011,22.940074912,12.20563532,0.527159567
070500050905,2012,12.33731833,5.848930599,0.431600216
070500050905,2013,28.135450026,10.440140378,0.500260009
070500050905,2014,31.601065673,10.906681285,0.542716116
070500050905,2015,17.893852224,8.629829881,0.568216312
070500050905,2016,26.656352907,13.057851232,0.535533965
070500050905,2017,19.005147804,10.358597952,0.535529074
070500050905,2018,15.94107111,7.376829695,0.525258608
070500050905,2019,34.907001551,13.77970261,0.656009475
070500050906,2010,33.633572673,15.584849657,0.539772969
070500050906,2011,25.629610895,16.472375739,0.462598143
070500050906,2012,12.122588825,7.282582329,0.380845229
070500050906,2013,28.858158465,13.944816295,0.454369001
070500050906,2014,31.863011138,15.84328276,0.483113636
070500050906,2015,24.304121043,14.07239866,0.498228477
070500050906,2016,32.566537983,18.395213658,0.500771321
070500050906,2017,23.876318835,14.592664329,0.489220712
070500050906,2018,24.881274439,12.322597818,0.516201091
070500050906,2019,46.667786877,22.435921645,0.607811539
070500051001,2010,31.919837372,6.425302648,0.468043726
070500051001,2011,30.630116839,7.006400549,0.434629383
070500051001,2012,16.393035432,6.054532101,0.390049986
070500051001,2013,29.763428888,6.367845682,0.422793649
070500051001,2014,47.803891514,6.926919691,0.470177979
070500051001,2015,29.615301514,6.938760075,0.457028136
070500051001,2016,21.812359489,7.024100909,0.442007055
070500051001,2017,27.448373929,6.659672759,0.452052946
070500051001,2018,27.176632438,6.0587607,0.464824399
070500051001,2019,44.819081442,6.881426366,0.498984051
070500051002,2010,31.97281519,4.187159797,0.584567045
070500051002,2011,27.03220227,5.139822332,0.534280409
070500051002,2012,14.227663528,3.599686209,0.487045348
070500051002,2013,30.918354977,4.909474407,0.532748818
070500051002,2014,44.011932386,5.528796093,0.598577886
070500051002,2015,26.912853935,4.380626753,0.572839495
070500051002,2016,24.616163002,4.775458217,0.561583139
070500051002,2017,26.16447884,4.2069411,0.580901506
070500051002,2018,22.825295034,4.007293936,0.578272959
070500051002,2019,50.615009588,5.137140572,0.639365899
070500051003,2010,30.001526966,0.088165573,0.558429669
070500051003,2011,18.312005356,0.078269175,0.535287082
070500051003,2012,8.439228691,0.039926905,0.486108429
070500051003,2013,23.605967017,0.051508287,0.543827777
070500051003,2014,31.166022484,0.071193077,0.582546169
070500051003,2015,18.604311216,0.078139328,0.565116355
070500051003,2016,24.278045836,0.089588308,0.558392767
070500051003,2017,18.441396285,0.075432313,0.572457838
070500051003,2018,17.083286829,0.062195904,0.560309921
070500051003,2019,44.927010173,0.098878105,0.624907234
070500051004,2010,36.633442065,0.121824631,0.664262957
070500051004,2011,21.602551736,0.10913559,0.594208049
070500051004,2012,9.78688117,0.058849606,0.541266365
070500051004,2013,29.326812155,0.08241154,0.592289188
070500051004,2014,37.601354946,0.106001263,0.67363512
070500051004,2015,28.056296898,0.116210683,0.65441405
070500051004,2016,31.002593869,0.125858492,0.648887078
070500051004,2017,23.351463575,0.106949964,0.665959826
070500051004,2018,18.38174229,0.09295574,0.641087686
070500051004,2019,53.78671301,0.141055615,0.722053931
070500051005,2010,31.510992258,0.097841013,0.549380599
070500051005,2011,17.777312693,0.079718592,0.519921045
070500051005,2012,9.722821761,0.041703011,0.472215335
070500051005,2013,23.639424932,0.05654762,0.531158769
070500051005,2014,33.214491986,0.073910667,0.572219135
070500051005,2015,20.658218384,0.081940867,0.55901573
070500051005,2016,26.621535552,0.101825498,0.562389007
070500051005,2017,21.342712642,0.085388342,0.562192217
070500051005,2018,18.589532826,0.06405374,0.555222651
070500051005,2019,45.34543325,0.110674472,0.615176352
070500051006,2010,31.751512694,0.083880771,0.548920291
070500051006,2011,15.901948699,0.057415652,0.492307345
070500051006,2012,7.252596716,0.024995726,0.468079237
070500051006,2013,22.208090568,0.038352003,0.53735374
070500051006,2014,27.870167095,0.053300415,0.565987305
070500051006,2015,20.470504513,0.074872613,0.552091736
070500051006,2016,22.647194313,0.07887214,0.554502899
070500051006,2017,15.361614014,0.066802268,0.557829978
070500051006,2018,16.707531213,0.053683088,0.554628529
070500051006,2019,40.015347848,0.085924037,0.605905209
070500051007,2010,30.718272128,0.202894545,0.547877404
070500051007,2011,14.250396113,0.108936319,0.492081085
070500051007,2012,8.053748419,0.04951575,0.459268218
070500051007,2013,20.711393747,0.085607065,0.526946085
070500051007,2014,25.531814364,0.130223558,0.563705261
070500051007,2015,17.754705979,0.158841521,0.551214915
070500051007,2016,18.443117687,0.151523364,0.553472231
070500051007,2017,13.681916435,0.140687503,0.55545356
070500051007,2018,17.331083706,0.112059053,0.554184257
070500051007,2019,39.288906512,0.224882332,0.605556712
070500051008,2010,37.266320362,0.594224661,0.543801258
070500051008,2011,20.498852207,0.430186985,0.495992619
070500051008,2012,11.083297073,0.321140226,0.459951304
070500051008,2013,27.233979801,0.394101687,0.520394679
070500051008,2014,33.642069675,0.512736129,0.561726272
070500051008,2015,25.296089671,0.496858759,0.548234418
070500051008,2016,29.900053817,0.56576104,0.548854808
070500051008,2017,22.963980626,0.451317568,0.550778042
070500051008,2018,22.731613896,0.469634783,0.541217004
070500051008,2019,49.296810302,0.712306662,0.603348779
070500051101,2010,35.31174442,3.97557202,0.610763324
070500051101,2011,14.642122942,2.753549597,0.534069191
070500051101,2012,8.449019597,1.428008864,0.427925812
070500051101,2013,25.099062093,3.899980539,0.51270715
070500051101,2014,30.482024973,4.218845944,0.570073133
070500051101,2015,23.516261572,3.879431566,0.557735477
070500051101,2016,25.035470321,4.041249367,0.619063722
070500051101,2017,16.838956608,3.439654844,0.564190808
070500051101,2018,14.793577103,2.831060736,0.552018647
070500051101,2019,40.057118924,4.665931213,0.653853437
070500051102,2010,36.183499176,3.878068983,0.609384939
070500051102,2011,14.339633007,2.678450259,0.534424731
070500051102,2012,9.211514571,1.419941417,0.431539813
070500051102,2013,26.44152796,3.858709038,0.516323686
070500051102,2014,31.72243388,4.215323845,0.572044091
070500051102,2015,21.607804893,3.846314321,0.557021935
070500051102,2016,24.813115876,4.021836856,0.619044549
070500051102,2017,17.388706437,3.451047989,0.56320032
070500051102,2018,21.093074787,3.148596439,0.557695405
070500051102,2019,41.114199997,4.654506123,0.654266364
070500051201,2010,42.497205631,10.634356741,0.674062101
070500051201,2011,25.663809777,9.538416478,0.574494141
070500051201,2012,10.951049199,1.953577369,0.44607112
070500051201,2013,49.447609974,14.029619119,0.538884817
070500051201,2014,44.292221411,11.528682623,0.603962132
070500051201,2015,33.348520525,9.620160028,0.643552136
070500051201,2016,42.926933486,15.306089918,0.654474594
070500051201,2017,27.278608188,10.740306638,0.618299232
070500051201,2018,31.479714056,7.713888183,0.653554352
070500051201,2019,65.930207922,20.785628068,0.724153677
070500051202,2010,44.872046104,21.227131068,0.541840955
070500051202,2011,25.836461596,13.659827352,0.465169024
070500051202,2012,15.631861061,5.920923691,0.39347703
070500051202,2013,42.194212984,17.485982205,0.441860864
070500051202,2014,42.103706425,17.988718019,0.498195094
070500051202,2015,31.806552123,16.047787842,0.520382292
070500051202,2016,39.161779145,20.836119388,0.528851634
070500051202,2017,29.487159739,16.557240426,0.502771356
070500051202,2018,29.429098139,13.872480953,0.51998281
070500051202,2019,61.748366515,30.226059224,0.58364236
070500051203,2010,33.897731874,16.162920225,0.566778349
070500051203,2011,18.012412795,10.329119648,0.482695194
070500051203,2012,9.150230891,4.183154477,0.383330343
070500051203,2013,29.969534113,12.896113874,0.473976875
070500051203,2014,32.308439047,15.216625349,0.535537585
070500051203,2015,24.098598658,12.862156633,0.532582447
070500051203,2016,28.076909425,15.073915562,0.563179371
070500051203,2017,20.435941112,11.989693733,0.523907704
070500051203,2018,25.538082931,12.415171803,0.538923858
070500051203,2019,44.985409856,22.886749129,0.616547174
070500051204,2010,28.581347285,9.699221501,0.632819641
070500051204,2011,16.914897116,10.225135587,0.525104452
070500051204,2012,3.574463569,2.248974463,0.4004196
070500051204,2013,33.221082589,13.84831849,0.513045454
070500051204,2014,28.534204571,11.597213297,0.591865825
070500051204,2015,21.309905906,7.131797276,0.624462308
070500051204,2016,34.407739851,12.108002232,0.620285218
070500051204,2017,16.729543636,8.060113689,0.569956836
070500051204,2018,28.635668397,8.076247581,0.629476167
070500051204,2019,39.696640284,14.435632567,0.694376565
070500051205,2010,32.06059432,15.949135859,0.568484126
070500051205,2011,18.755911661,11.503207067,0.471769458
070500051205,2012,8.270640952,4.197338027,0.373415496
070500051205,2013,32.957927994,16.638160843,0.460852387
070500051205,2014,31.600412276,17.190191313,0.526972989
070500051205,2015,25.217337452,13.967505936,0.541451471
070500051205,2016,35.654508125,19.161563144,0.563664517
070500051205,2017,20.64936588,12.770883376,0.518967169
070500051205,2018,31.084284106,15.905183703,0.545758212
070500051205,2019,43.828163464,23.197271024,0.61165258
070500060101,2010,36.868003752,5.090825706,0.533826014
070500060101,2011,24.978704224,4.401221905,0.517884119
070500060101,2012,8.631199312,2.015273937,0.440786078
070500060101,2013,26.755850784,4.192178345,0.507059175
070500060101,2014,29.309760773,4.268232598,0.517522878
070500060101,2015,19.173633106,3.264183961,0.537106736
070500060101,2016,31.156968846,5.249686541,0.554514672
070500060101,2017,20.152798906,3.815933054,0.53150845
070500060101,2018,25.016080436,3.909111391,0.544886441
070500060101,2019,41.105509846,6.496414629,0.584988555
070500060102,2010,38.97861682,1.835687914,0.550627057
070500060102,2011,24.51372643,1.871428386,0.541598199
070500060102,2012,8.01294935,1.09717343,0.418210171
070500060102,2013,24.454390723,1.649405865,0.507872942
070500060102,2014,30.089962135,1.856189922,0.526184701
070500060102,2015,19.413150709,1.437099678,0.538420953
070500060102,2016,29.889121914,2.139472891,0.564756497
070500060102,2017,17.29057499,1.689770651,0.545178081
070500060102,2018,23.508456685,1.592393693,0.552894959
070500060102,2019,34.224900787,2.380204629,0.612228604
070500060103,2010,34.419769342,3.641362534,0.519923424
070500060103,2011,18.517906315,3.647465233,0.506424845
070500060103,2012,6.521729644,1.898647661,0.385049378
070500060103,2013,20.39690065,2.320851714,0.47212875
070500060103,2014,26.192246508,3.562459292,0.49296848
070500060103,2015,15.354191379,2.814549729,0.505757773
070500060103,2016,31.734650438,4.567977436,0.529157862
070500060103,2017,13.99004623,3.402757304,0.509826905
070500060103,2018,18.80041188,2.935042216,0.521538121
070500060103,2019,28.361267865,4.504389896,0.580613827
070500060104,2010,31.538978942,3.275008953,0.40254985
070500060104,2011,15.847292127,1.959812362,0.416673956
070500060104,2012,5.941617566,0.923387253,0.331237524
070500060104,2013,14.782777199,1.881032304,0.386459535
070500060104,2014,21.791960808,2.623892728,0.415322761
070500060104,2015,14.070744732,2.00412929,0.401569149
070500060104,2016,18.594611093,2.546581914,0.411907576
070500060104,2017,12.963125012,1.875099351,0.404633845
070500060104,2018,17.466026778,1.909368983,0.389609503
070500060104,2019,30.120360411,3.220253486,0.435402021
070500060105,2010,30.010915738,1.310815631,0.394868539
070500060105,2011,15.024746611,0.889498886,0.410615805
070500060105,2012,6.033784715,0.520188888,0.312818103
070500060105,2013,16.566537777,0.90707029,0.37287193
070500060105,2014,20.964805475,1.287033344,0.407851566
070500060105,2015,14.728731861,1.080483416,0.394497076
070500060105,2016,22.211223373,1.15244464,0.408084474
070500060105,2017,12.756309895,0.866946586,0.399632527
070500060105,2018,15.231796878,0.81438568,0.378530055
070500060105,2019,26.492991653,1.096202934,0.426792061
070500060106,2010,32.096707946,4.025477111,0.511401875
070500060106,2011,21.409598791,2.881443389,0.488355531
070500060106,2012,8.921827985,1.94123183,0.394941724
070500060106,2013,22.952907292,2.343324704,0.480053227
070500060106,2014,28.984745058,3.58851238,0.480066961
070500060106,2015,16.622052517,2.698032948,0.469191582
070500060106,2016,39.412715157,4.61818226,0.535885191
070500060106,2017,20.07789644,3.168947026,0.489087133
070500060106,2018,21.596697559,3.035976504,0.489331436
070500060106,2019,34.388756137,4.403530233,0.549699117
070500060107,2010,30.817214107,2.049526617,0.472187981
070500060107,2011,23.884238557,1.904478858,0.455021223
070500060107,2012,9.65079073,1.351120246,0.373276283
070500060107,2013,26.349496291,1.534805023,0.448110236
070500060107,2014,30.622854101,2.053335709,0.44754404
070500060107,2015,19.311388126,1.91567005,0.435759382
070500060107,2016,39.523440652,2.360352934,0.493588477
070500060107,2017,20.687662368,1.99468795,0.449883023
070500060107,2018,23.286305255,1.957827862,0.451813802
070500060107,2019,37.942399648,2.348868041,0.506013193
070500060201,2010,37.981293681,4.532688117,0.600488344
070500060201,2011,21.812423358,3.713001093,0.577710008
070500060201,2012,8.169922095,1.994140688,0.479304829
070500060201,2013,23.776974046,3.958792076,0.592092642
070500060201,2014,27.305787984,3.836629866,0.613795597
070500060201,2015,17.51583439,2.391860691,0.583756443
070500060201,2016,30.709364027,4.43582004,0.598758495
070500060201,2017,16.908633209,3.006062276,0.582657936
070500060201,2018,25.351168881,3.649409108,0.598154322
070500060201,2019,29.133950269,4.70898488,0.657115963
070500060202,2010,35.822505309,2.661456181,0.509014485
070500060202,2011,17.228674888,3.803896815,0.491012605
070500060202,2012,6.528424288,1.04940213,0.387378637
070500060202,2013,18.247286555,4.328838108,0.473656914
070500060202,2014,23.290768936,4.077696691,0.507754863
070500060202,2015,13.870253396,1.255163619,0.490834177
070500060202,2016,29.593329593,3.732469088,0.517506328
070500060202,2017,12.834527598,2.453075827,0.493905999
070500060202,2018,18.33336032,2.320141512,0.494493654
070500060202,2019,25.628678697,4.476294479,0.546377266
070500060203,2010,33.374766138,4.128638844,0.474336045
070500060203,2011,14.167801973,3.861729039,0.44518273
070500060203,2012,8.695269377,3.188420122,0.341236914
070500060203,2013,15.848818822,3.810739456,0.405394441
070500060203,2014,23.086406704,5.14207364,0.411008008
070500060203,2015,17.145195809,4.435012444,0.435516342
070500060203,2016,33.391067165,5.434089064,0.468196073
070500060203,2017,16.095638545,4.975667279,0.440974014
070500060203,2018,18.556480422,4.212613275,0.430030113
070500060203,2019,29.406056711,5.156319565,0.502235681
070500060204,2010,23.164199775,0.553783621,0.349533443
070500060204,2011,5.324196672,0.360075496,0.349751347
070500060204,2012,2.816435606,0.249718653,0.29005978
070500060204,2013,5.2008192,0.233258787,0.363399384
070500060204,2014,13.354847414,0.402741479,0.360848672
070500060204,2015,7.541398361,0.257209344,0.350302012
070500060204,2016,21.222473789,0.498052628,0.368778667
070500060204,2017,6.319504704,0.344286454,0.373140136
070500060204,2018,9.77885639,0.336872223,0.348663921
070500060204,2019,17.776916268,0.477549209,0.365115385
070500060205,2010,34.176705793,5.782707587,0.548299228
070500060205,2011,15.254265588,5.492027596,0.513114616
070500060205,2012,9.263704041,4.355422343,0.381120421
070500060205,2013,15.663588478,5.098662861,0.456060054
070500060205,2014,22.539611881,7.401072305,0.469722827
070500060205,2015,17.88093955,5.71648661,0.499215321
070500060205,2016,38.313003079,8.629487077,0.537377307
070500060205,2017,18.369061257,7.05193598,0.503102354
070500060205,2018,19.523548286,5.879075501,0.494260919
070500060205,2019,33.173110506,7.781166619,0.578836955
070500060206,2010,45.350889128,8.872403893,0.717346286
070500060206,2011,30.168760257,8.202521414,0.61950562
070500060206,2012,16.341804967,6.717923682,0.502738002
070500060206,2013,30.513436424,7.599308256,0.591709728
070500060206,2014,37.960625884,8.634604614,0.648114079
070500060206,2015,23.138825356,7.425689924,0.614839191
070500060206,2016,48.970789844,9.935919113,0.704820695
070500060206,2017,27.276016535,8.686265047,0.614358882
070500060206,2018,30.320074037,8.286646098,0.619431338
070500060206,2019,46.20393523,10.40030745,0.736758495
070500060207,2010,35.943600386,3.244257647,0.56822608
070500060207,2011,26.504385511,3.259963155,0.534486886
070500060207,2012,11.121211768,2.488126486,0.415341839
070500060207,2013,20.190828418,3.156615709,0.506795689
070500060207,2014,29.9361628,3.791384171,0.514528766
070500060207,2015,18.891400079,2.886238923,0.517298075
070500060207,2016,43.743365498,4.484608949,0.578525478
070500060207,2017,24.499895235,3.878365006,0.529610621
070500060207,2018,23.219555199,2.922030433,0.522047507
070500060207,2019,40.809280585,4.137642014,0.601407698
070500060208,2010,32.07448765,2.843570862,0.545224972
070500060208,2011,27.787023977,2.45906965,0.514671628
070500060208,2012,9.564279572,1.784319497,0.408831939
070500060208,2013,27.42661128,2.24007389,0.487725406
070500060208,2014,32.284325094,2.788159234,0.481443991
070500060208,2015,16.510755342,2.191915491,0.497229901
070500060208,2016,43.22993493,3.425301156,0.540256564
070500060208,2017,20.250439848,2.617635013,0.501553455
070500060208,2018,23.154593775,2.640543832,0.492872469
070500060208,2019,39.332290195,3.309113373,0.588220854
070500060301,2010,28.555839929,7.914879242,0.360899736
070500060301,2011,18.481500064,8.592990956,0.390603963
070500060301,2012,8.125452784,5.574506595,0.272102367
070500060301,2013,18.345974976,5.402186401,0.332810282
070500060301,2014,23.933125264,7.015137386,0.368207111
070500060301,2015,13.225768221,6.794611477,0.344792748
070500060301,2016,29.130691562,9.146163305,0.401095327
070500060301,2017,13.567512085,7.89955114,0.357278803
070500060301,2018,15.970646018,6.07310912,0.334527709
070500060301,2019,27.372166268,9.376837596,0.362821994
070500060302,2010,16.602899403,3.85111401,0.483403988
070500060302,2011,18.149155333,5.675551949,0.477527321
070500060302,2012,5.450927356,3.151416723,0.342541209
070500060302,2013,20.967965374,3.6327678,0.429003855
070500060302,2014,21.081278561,4.315943575,0.46301712
070500060302,2015,8.668312336,3.441814248,0.472777004
070500060302,2016,23.440887703,5.741136501,0.518812971
070500060302,2017,12.182722249,5.161970401,0.474753533
070500060302,2018,12.024493907,3.477775951,0.448693467
070500060302,2019,25.284972674,5.739958383,0.567488158
070500060303,2010,19.230920294,3.606236121,0.497472605
070500060303,2011,20.246881664,5.674715766,0.489856336
070500060303,2012,5.875869931,3.14483823,0.354312276
070500060303,2013,20.820302898,3.40862736,0.43379196
070500060303,2014,22.573941757,4.04026896,0.473025102
070500060303,2015,9.822566964,3.350643368,0.485987646
070500060303,2016,22.87738798,5.391511165,0.52981761
070500060303,2017,13.508091198,5.032470506,0.486240196
070500060303,2018,13.475672515,3.250285534,0.461406526
070500060303,2019,27.554020599,5.462689168,0.58062501
070500060304,2010,20.918925696,8.156116248,0.483050621
070500060304,2011,21.209057609,9.491721316,0.46123791
070500060304,2012,9.166524771,6.52763866,0.372520305
070500060304,2013,21.772464679,6.924765858,0.456724115
070500060304,2014,23.320029951,8.292548055,0.464897459
070500060304,2015,13.652447767,7.678422307,0.463517358
070500060304,2016,28.812415876,10.271771024,0.489725588
070500060304,2017,15.753905666,9.07920027,0.460157368
070500060304,2018,15.973332119,7.538374945,0.458854504
070500060304,2019,30.136734212,10.706043821,0.554666453
070500060401,2010,31.436845264,20.688487872,0.731821986
070500060401,2011,22.120227108,16.05560014,0.64623042
070500060401,2012,12.7404883,9.911054244,0.534345799
070500060401,2013,25.877434664,16.970064931,0.636329757
070500060401,2014,27.75957491,19.17743315,0.709642991
070500060401,2015,22.637565592,17.585081804,0.676957941
070500060401,2016,28.069365589,21.414226445,0.707411775
070500060401,2017,19.014833786,15.297054978,0.65873271
070500060401,2018,25.812162941,16.22596268,0.699754639
070500060401,2019,39.699370018,26.633488288,0.774265516
070500060402,2010,32.955930236,23.134037644,0.725655355
070500060402,2011,24.947719529,18.763322611,0.643739273
070500060402,2012,14.963673155,12.136827596,0.542378172
070500060402,2013,27.587936288,19.248375316,0.64230378
070500060402,2014,30.477009433,22.001495206,0.706620553
070500060402,2015,24.503290963,19.720874293,0.668943904
070500060402,2016,29.803794768,23.616849909,0.700857989
070500060402,2017,22.729933026,18.64066146,0.658836515
070500060402,2018,28.46344067,19.647638374,0.695603396
070500060402,2019,43.766484701,30.103962655,0.767680353
070500060501,2010,23.975643911,10.707297551,0.60555398
070500060501,2011,20.059596494,13.27167625,0.551793153
070500060501,2012,9.824292989,9.070391326,0.454135351
070500060501,2013,17.411013107,10.47984845,0.570224718
070500060501,2014,21.853983071,12.974987772,0.582137473
070500060501,2015,13.873799262,11.434396666,0.553739564
070500060501,2016,22.944075875,13.819288133,0.57456999
070500060501,2017,17.091240571,12.850131348,0.550782021
070500060501,2018,16.529956463,10.447166798,0.573497056
070500060501,2019,32.342384043,16.213528398,0.672904421
070500060502,2010,31.1222854,17.036851139,0.552323762
070500060502,2011,26.344621109,17.764491782,0.501427438
070500060502,2012,13.777451525,11.851651256,0.425440071
070500060502,2013,23.159113716,14.72429492,0.5344426
070500060502,2014,29.247269259,18.231192319,0.532886864
070500060502,2015,18.851158371,14.508660415,0.505042643
070500060502,2016,33.552856954,20.486603257,0.522206008
070500060502,2017,21.607630661,16.335553074,0.499666538
070500060502,2018,22.537715445,14.538095224,0.523481308
070500060502,2019,37.472153331,21.872041798,0.615775773
070500060503,2010,21.488212239,10.390379193,0.600007294
070500060503,2011,18.681201305,12.908118913,0.547227021
070500060503,2012,10.304443129,9.246058371,0.449891005
070500060503,2013,17.43759532,10.568903341,0.565731618
070500060503,2014,20.89996881,12.907083571,0.577581026
070500060503,2015,14.369273527,11.36531338,0.55016078
070500060503,2016,22.298880897,13.785134388,0.568592527
070500060503,2017,16.420510119,12.646387306,0.543641549
070500060503,2018,15.66937498,10.17502528,0.565525473
070500060503,2019,32.563917641,15.947406243,0.668151616
070500060504,2010,21.319632004,10.278142491,0.597253955
070500060504,2011,18.563391357,12.71438519,0.5388301
070500060504,2012,10.314768246,9.124960012,0.44685649
070500060504,2013,19.277543418,10.652686939,0.56323391
070500060504,2014,20.904066821,12.613428911,0.571991387
070500060504,2015,15.476488334,11.381123614,0.548925061
070500060504,2016,21.56071154,13.431398648,0.56314625
070500060504,2017,15.907935045,12.373945967,0.532619441
070500060504,2018,17.789821015,10.123224589,0.563139634
070500060504,2019,31.958479495,15.573867338,0.662075925
070500060505,2010,24.670060473,10.007506282,0.570636979
070500060505,2011,29.363341063,17.799777797,0.525068161
070500060505,2012,13.940515709,9.713792198,0.412482767
070500060505,2013,32.020658816,19.395340338,0.48745584
070500060505,2014,34.331056256,18.845286883,0.506891355
070500060505,2015,18.660146661,10.35091723,0.513406624
070500060505,2016,30.206729226,15.70350442,0.516471285
070500060505,2017,18.959555808,12.805266616,0.503869165
070500060505,2018,21.389307711,10.548246751,0.540932165
070500060505,2019,39.138741955,18.932914454,0.617359432
070500060506,2010,23.603476517,13.44522548,0.480913659
070500060506,2011,24.959833868,15.179826361,0.453242151
070500060506,2012,10.8226117,9.086462814,0.360808319
070500060506,2013,24.316409366,10.811338142,0.453060685
070500060506,2014,27.701382911,13.863790429,0.463006593
070500060506,2015,15.932531934,12.073162374,0.452894113
070500060506,2016,29.214562952,16.636170025,0.485430468
070500060506,2017,17.761837997,13.0663099,0.44968066
070500060506,2018,18.913618853,11.013399881,0.45311779
070500060506,2019,36.902455752,19.037516813,0.556836648
070500060507,2010,25.068484945,10.88754233,0.546137508
070500060507,2011,23.238957234,12.838711299,0.504872656
070500060507,2012,12.678677486,9.711377621,0.411317726
070500060507,2013,21.748831087,10.637503549,0.493638388
070500060507,2014,26.048472002,12.877033029,0.517351116
070500060507,2015,19.733660568,12.122861629,0.523975472
070500060507,2016,26.918967325,13.777237183,0.521610573
070500060507,2017,18.857385061,12.580485317,0.518031733
070500060507,2018,19.838138288,10.778365853,0.558996739
070500060507,2019,34.865848985,14.653499942,0.619708661
070500060508,2010,27.121732741,11.223740083,0.590411092
070500060508,2011,24.120151845,13.02969864,0.537452462
070500060508,2012,12.428335379,9.611991846,0.436642099
070500060508,2013,20.84416178,10.419245438,0.524688142
070500060508,2014,26.045812354,12.706185803,0.564092119
070500060508,2015,20.770209329,12.297619927,0.555922622
070500060508,2016,26.402107795,13.565473412,0.5665584
070500060508,2017,20.409332656,12.973810049,0.550184286
070500060508,2018,21.683720391,10.821941431,0.590938911
070500060508,2019,37.942702697,15.301584657,0.657085071
070500060509,2010,19.682170173,9.782538924,0.569510527
070500060509,2011,18.154278524,11.115331335,0.52034119
070500060509,2012,11.510645921,9.087955771,0.431710803
070500060509,2013,18.631525797,10.240745823,0.514140972
070500060509,2014,20.406512151,11.924209451,0.543342582
070500060509,2015,16.587226881,11.282336971,0.545184633
070500060509,2016,19.081664196,12.111816245,0.544961376
070500060509,2017,16.490132528,11.403515508,0.537466362
070500060509,2018,17.343353611,10.21353364,0.581231677
070500060509,2019,26.570560169,12.736558433,0.639528447
070500070101,2010,30.49147006,10.646132951,0.615787418
070500070101,2011,28.090492665,18.021038236,0.526115044
070500070101,2012,7.97272392,6.331812951,0.440373646
070500070101,2013,25.583254651,13.389217955,0.551535605
070500070101,2014,44.855143259,18.173939312,0.671121563
070500070101,2015,31.623992832,15.201375505,0.607236244
070500070101,2016,30.205255056,15.266189714,0.580795995
070500070101,2017,24.325324947,11.497007255,0.590949494
070500070101,2018,21.349940057,10.354738301,0.602461864
070500070101,2019,46.900830654,20.803357548,0.66599675
070500070102,2010,22.644253633,12.23460502,0.617084657
070500070102,2011,21.884026041,13.895110121,0.52836035
070500070102,2012,8.321794238,6.413350694,0.437533618
070500070102,2013,18.21340671,9.601253491,0.547083178
070500070102,2014,27.96072064,14.553186146,0.66556251
070500070102,2015,22.632095432,14.61548115,0.603363083
070500070102,2016,24.639412755,15.248379228,0.574549837
070500070102,2017,21.597955386,13.935381063,0.58399915
070500070102,2018,16.571223989,10.920391265,0.591660148
070500070102,2019,36.697077564,18.37300942,0.675175087
070500070103,2010,29.499082965,14.786558972,0.645315771
070500070103,2011,22.831855447,16.184371957,0.532261703
070500070103,2012,10.529602834,9.697777416,0.438795632
070500070103,2013,19.375734033,11.963432723,0.549040793
070500070103,2014,35.362737633,18.011119343,0.665084446
070500070103,2015,28.121337312,19.279009792,0.611811716
070500070103,2016,25.708952643,18.60071091,0.553298416
070500070103,2017,24.427656281,16.769975209,0.571288665
070500070103,2018,19.869361751,13.88097722,0.597661536
070500070103,2019,38.231674806,20.451604725,0.681536622
070500070104,2010,38.660198087,11.745838879,0.630861135
070500070104,2011,23.522658878,13.30980651,0.520877526
070500070104,2012,11.165760029,9.563790513,0.428751957
070500070104,2013,22.861175531,10.672359394,0.536346027
070500070104,2014,41.55693421,14.737801777,0.648878533
070500070104,2015,30.997160485,15.944739668,0.595869617
070500070104,2016,28.655614918,15.462738431,0.53770942
070500070104,2017,27.040992949,13.784038386,0.555838636
070500070104,2018,21.697548821,11.642186638,0.581400934
070500070104,2019,42.924075201,15.831552786,0.666142164
070500070105,2010,21.501800374,15.930852013,0.635729833
070500070105,2011,18.98060797,16.675709715,0.532393936
070500070105,2012,9.972210875,8.993263138,0.438129589
070500070105,2013,15.168418836,12.379289187,0.55182306
070500070105,2014,23.988580392,19.108796025,0.664022397
070500070105,2015,22.064816837,18.597543794,0.602507686
070500070105,2016,21.357262546,18.339483851,0.553401552
070500070105,2017,19.861397262,16.674152248,0.575089707
070500070105,2018,15.562492196,12.934226033,0.590207995
070500070105,2019,28.912152069,22.288504134,0.67872692
070500070201,2010,26.665281228,14.070161943,0.505019629
070500070201,2011,24.909861439,16.235955302,0.448486519
070500070201,2012,8.701561795,7.864090085,0.372766609
070500070201,2013,14.753957566,9.158395198,0.481452225
070500070201,2014,27.981391865,14.964808271,0.511047855
070500070201,2015,21.644565462,14.243822066,0.509923925
070500070201,2016,26.137123198,16.162907076,0.501761753
070500070201,2017,19.985934468,13.42106532,0.499280667
070500070201,2018,14.814205381,9.930810687,0.497251969
070500070201,2019,36.356235086,17.959846361,0.572715975
070500070202,2010,17.760941201,5.229371619,0.543306307
070500070202,2011,22.882396745,7.837975375,0.504610572
070500070202,2012,5.463677631,2.676217213,0.412137762
070500070202,2013,21.601622956,3.489399734,0.553446577
070500070202,2014,30.269320094,6.591837997,0.566453034
070500070202,2015,17.748721391,7.340358408,0.573168929
070500070202,2016,19.757981826,7.817186153,0.52927583
070500070202,2017,14.449131514,6.702298635,0.550666301
070500070202,2018,14.452016775,4.795163643,0.563444767
070500070202,2019,42.245395353,10.140901894,0.618291178
070500070203,2010,15.476763545,5.736755441,0.470278316
070500070203,2011,18.04675713,8.927188535,0.437184027
070500070203,2012,4.980439543,3.881331866,0.35695051
070500070203,2013,13.455862552,4.391396481,0.443439541
070500070203,2014,23.60757878,7.601078768,0.479483708
070500070203,2015,15.19150732,8.323411379,0.487637281
070500070203,2016,18.113161426,9.248784993,0.466483962
070500070203,2017,12.547899527,7.634964185,0.466917676
070500070203,2018,10.969913532,5.51308158,0.47052034
070500070203,2019,33.070098942,10.470239026,0.532059761
070500070204,2010,18.47035683,5.872956618,0.542213591
070500070204,2011,22.191249946,8.325543918,0.503962763
070500070204,2012,5.611822184,2.918729416,0.415776837
070500070204,2013,23.27425038,4.571483414,0.555371896
070500070204,2014,28.675903562,7.033921653,0.565624619
070500070204,2015,17.336509035,7.764948408,0.574650258
070500070204,2016,18.377198158,8.194085259,0.528681229
070500070204,2017,13.984949985,7.599135506,0.552819015
070500070204,2018,14.899580913,5.814732121,0.568759787
070500070204,2019,41.107406128,11.526186653,0.618026454
070500070205,2010,12.954223113,4.43098996,0.390195993
070500070205,2011,11.98866979,7.677413627,0.379597434
070500070205,2012,2.286564473,2.144164666,0.31340496
070500070205,2013,11.549424782,3.861866914,0.367647677
070500070205,2014,14.099665669,5.727689467,0.410115855
070500070205,2015,11.988060199,6.980173558,0.406870469
070500070205,2016,10.746158865,7.09357355,0.42318284
070500070205,2017,9.300121824,6.313911126,0.394499471
070500070205,2018,7.830865978,4.834422588,0.370311302
070500070205,2019,27.051535206,10.273344141,0.430064886
070500070206,2010,21.263659435,8.402738492,0.362619703
070500070206,2011,21.35948741,11.368300244,0.354147381
070500070206,2012,8.35237261,4.702956729,0.294407556
070500070206,2013,18.292394818,6.462709844,0.344968627
070500070206,2014,27.495132456,10.607645859,0.376407935
070500070206,2015,20.390515451,10.24698138,0.377642485
070500070206,2016,20.633849536,10.68139971,0.379830877
070500070206,2017,18.968740723,9.543321208,0.369378083
070500070206,2018,16.128541308,7.730294231,0.350622572
070500070206,2019,39.900411206,15.854858909,0.396200494
070500070301,2010,22.572691813,14.519913115,0.568051873
070500070301,2011,28.754926703,21.652229683,0.49945211
070500070301,2012,6.356004027,5.327739867,0.42175062
070500070301,2013,21.019384931,14.425981878,0.536662736
070500070301,2014,32.155705479,20.905676341,0.645801506
070500070301,2015,21.923570824,16.51618803,0.572497165
070500070301,2016,28.849014362,20.571879342,0.555508338
070500070301,2017,26.153340034,18.318061699,0.584342723
070500070301,2018,17.004851359,12.580333955,0.569694301
070500070301,2019,44.223157925,28.514107413,0.663109096
070500070302,2010,22.236254846,13.933931756,0.531706627
070500070302,2011,25.871826256,15.083277905,0.483138781
070500070302,2012,6.623378218,4.916469654,0.40363004
070500070302,2013,15.564823827,7.805208265,0.507681113
070500070302,2014,26.401601944,14.255064578,0.627693688
070500070302,2015,18.175297651,12.435587005,0.554569739
070500070302,2016,24.518931591,15.212983085,0.53401607
070500070302,2017,22.181081429,15.469907923,0.557239856
070500070302,2018,14.978963036,10.388481614,0.544846048
070500070302,2019,38.027812073,21.318997496,0.65598908
070500070303,2010,31.981243315,15.30600843,0.529651194
070500070303,2011,27.988861113,15.258841421,0.479774734
070500070303,2012,9.347180115,6.274427435,0.425845276
070500070303,2013,18.654231406,8.167709423,0.513286301
070500070303,2014,32.905830546,14.177372094,0.541783991
070500070303,2015,23.87014451,14.132790635,0.542671054
070500070303,2016,26.834780352,15.503475969,0.515834236
070500070303,2017,25.761086407,15.218863677,0.545024559
070500070303,2018,19.326526531,11.0138861,0.524003694
070500070303,2019,42.575807542,19.617077677,0.58455523
070500070304,2010,26.540627559,16.672057069,0.606586003
070500070304,2011,29.557384915,16.053834916,0.526618865
070500070304,2012,7.169143323,4.941193292,0.436847448
070500070304,2013,16.86660166,6.910333736,0.575028083
070500070304,2014,30.01333235,14.800049185,0.622590374
070500070304,2015,21.922319572,13.569257721,0.586464091
070500070304,2016,25.177854355,16.540058956,0.574745685
070500070304,2017,23.009225767,15.257601805,0.612229448
070500070304,2018,16.665914894,10.139692388,0.58943353
070500070304,2019,39.14658056,22.506696389,0.671706131
070500070305,2010,24.684669813,14.213030681,0.602113178
070500070305,2011,24.711418724,16.713164908,0.523402142
070500070305,2012,9.467497323,7.661909213,0.425978536
070500070305,2013,14.795221465,9.137538194,0.543177351
070500070305,2014,26.790419894,15.996253819,0.629173731
070500070305,2015,23.330998333,16.403665042,0.578944514
070500070305,2016,22.815266923,16.472422786,0.548767963
070500070305,2017,21.33778184,15.114802029,0.575193813
070500070305,2018,15.808302337,11.282629793,0.56575708
070500070305,2019,34.17915334,20.494666721,0.652857723
070500070306,2010,23.467692914,13.096286497,0.542070183
070500070306,2011,25.702803415,12.766345411,0.483117459
070500070306,2012,6.073729674,4.672872772,0.394121671
070500070306,2013,14.013206387,5.765789965,0.500693876
070500070306,2014,25.974231495,11.467560851,0.600034117
070500070306,2015,17.41795227,10.224415019,0.545623288
070500070306,2016,25.43233219,13.664306859,0.527084505
070500070306,2017,19.539018746,12.043034952,0.532379271
070500070306,2018,12.7054647,8.133129805,0.520172292
070500070306,2019,36.924472676,17.408519492,0.637898241
070500070307,2010,25.590507236,11.891723776,0.514332528
070500070307,2011,24.605715699,13.410752814,0.469120549
070500070307,2012,7.648701609,6.673046283,0.383994954
070500070307,2013,15.027871615,7.085646407,0.479309856
070500070307,2014,27.754603306,11.609423005,0.539679754
070500070307,2015,18.817309351,12.088444178,0.544842322
070500070307,2016,23.246661165,13.5785812,0.514315521
070500070307,2017,17.741817235,11.941877561,0.530214607
070500070307,2018,13.771926871,9.010320682,0.52912427
070500070307,2019,33.078262733,14.688912457,0.592482368
070500070308,2010,23.881106351,11.236626363,0.552938052
070500070308,2011,26.324399487,12.949558566,0.499699381
070500070308,2012,7.943431786,5.371574045,0.405952314
070500070308,2013,20.925410434,6.176941087,0.534977678
070500070308,2014,32.590783923,12.36975539,0.580762432
070500070308,2015,20.901470036,12.415994848,0.568580827
070500070308,2016,23.114435839,12.395054578,0.528097086
070500070308,2017,18.9794206,11.157757137,0.562697305
070500070308,2018,16.26714327,8.399525038,0.56971526
070500070308,2019,40.399311542,17.320185945,0.632282265
070500070309,2010,19.983997014,6.89363872,0.489111321
070500070309,2011,23.137156658,8.172248392,0.467415373
070500070309,2012,7.961480024,4.775709617,0.381828281
070500070309,2013,19.938675301,5.236376254,0.475481057
070500070309,2014,28.874963643,7.378838265,0.512266235
070500070309,2015,17.895158271,7.746140243,0.520140258
070500070309,2016,20.69976153,8.248359147,0.500430972
070500070309,2017,17.208860955,7.777169178,0.507018769
070500070309,2018,14.913354058,6.057451722,0.500611636
070500070309,2019,35.72463265,9.474523345,0.553805361
070500070310,2010,14.383208166,6.580050674,0.437397414
070500070310,2011,20.664436584,9.763445572,0.442356184
070500070310,2012,5.364368903,3.901882472,0.33464807
070500070310,2013,16.06630034,4.643360798,0.412645637
070500070310,2014,25.326762096,8.478255051,0.460266075
070500070310,2015,15.635616279,8.848590542,0.480288816
070500070310,2016,17.976325712,9.193745852,0.476791875
070500070310,2017,14.545407845,8.192763883,0.459220017
070500070310,2018,11.601011267,6.239613397,0.434631215
070500070310,2019,38.150057524,13.382325973,0.495365463
070500070401,2010,29.780450866,7.821762327,0.618625227
070500070401,2011,23.897749796,9.756924131,0.531612335
070500070401,2012,6.184799979,3.475237439,0.45151169
070500070401,2013,19.598785932,4.764979824,0.572586957
070500070401,2014,35.122455275,8.849707501,0.645175344
070500070401,2015,22.790669956,9.143044706,0.599231548
070500070401,2016,21.557504982,9.406411789,0.588798034
070500070401,2017,19.365001529,8.093029535,0.596938617
070500070401,2018,18.122777802,6.56930663,0.596005674
070500070401,2019,44.88819842,13.407306047,0.676032336
070500070402,2010,19.892952321,8.367226082,0.397143678
070500070402,2011,17.151253797,9.862434091,0.389202668
070500070402,2012,4.68442671,4.058481483,0.30651683
070500070402,2013,14.557062552,5.370962216,0.363845165
070500070402,2014,23.504774603,9.102530552,0.414681573
070500070402,2015,16.809726554,9.562860023,0.410433127
070500070402,2016,17.07797825,10.242196026,0.427820162
070500070402,2017,12.856418049,8.155292788,0.378655306
070500070402,2018,13.208351786,7.271924126,0.384344081
070500070402,2019,30.94735008,14.074899411,0.42645662
070500070403,2010,20.251313632,16.948484919,0.369490046
070500070403,2011,21.053489421,17.133073694,0.357092317
070500070403,2012,6.922593939,6.717728077,0.271848587
070500070403,2013,15.827308325,11.435099527,0.33507548
070500070403,2014,24.265329603,17.936778487,0.380439915
070500070403,2015,16.948919928,15.095311169,0.378190988
070500070403,2016,19.130706819,17.213174015,0.394277065
070500070403,2017,15.556376065,14.061856917,0.349717967
070500070403,2018,15.74675652,14.04909911,0.353473069
070500070403,2019,31.347198591,25.997456188,0.395477226
070500070404,2010,19.143626453,10.948451899,0.372424247
070500070404,2011,19.974119296,13.243116649,0.367233038
070500070404,2012,6.265511726,5.917063449,0.291474257
070500070404,2013,16.899879779,8.02627935,0.347379609
070500070404,2014,24.171044819,12.282432041,0.388520238
070500070404,2015,17.070157788,11.765415825,0.38223023
070500070404,2016,21.3761112,14.193373002,0.406233928
070500070404,2017,15.585358781,11.7392393,0.356089145
070500070404,2018,15.577532081,10.28342974,0.359883176
070500070404,2019,31.802329003,17.233497622,0.399169283
070500070405,2010,13.499647158,5.744880647,0.349251419
070500070405,2011,12.073759045,7.168731522,0.329041391
070500070405,2012,4.449560219,3.234257585,0.279138252
070500070405,2013,9.989577395,4.081700513,0.328708169
070500070405,2014,15.378687387,6.253544828,0.358765472
070500070405,2015,11.766231879,6.823685409,0.356579424
070500070405,2016,11.089910634,7.053000705,0.357616129
070500070405,2017,9.344774961,6.050426897,0.346548809
070500070405,2018,8.6870883,5.026958981,0.336638374
070500070405,2019,21.841594732,9.502503791,0.377900122
070500070501,2010,31.596580877,15.219581894,0.450495348
070500070501,2011,24.632832743,16.147247616,0.415700812
070500070501,2012,12.687504441,10.450533538,0.370502554
070500070501,2013,20.852348162,11.565783692,0.448603367
070500070501,2014,32.824604619,15.930256238,0.481050495
070500070501,2015,26.228368048,16.0733947,0.451341963
070500070501,2016,26.210292378,17.144972763,0.452143657
070500070501,2017,22.258405048,15.118449429,0.439902503
070500070501,2018,24.395387883,14.451117548,0.453084467
070500070501,2019,52.552018003,20.766986934,0.504791548
070500070502,2010,31.779846269,20.425000541,0.569870581
070500070502,2011,32.248655729,23.915299668,0.524988395
070500070502,2012,20.485119563,17.52753129,0.473454826
070500070502,2013,27.983958295,18.969077054,0.554785337
070500070502,2014,40.717236975,24.130334817,0.5991932
070500070502,2015,36.242188479,25.407881794,0.57409782
070500070502,2016,31.981652099,24.851849535,0.550292419
070500070502,2017,30.675717789,22.124710398,0.577140663
070500070502,2018,30.246573214,20.778709647,0.572342106
070500070502,2019,55.200582535,28.042573123,0.634838498
070500070503,2010,34.465298631,23.577426437,0.558001075
070500070503,2011,37.030983984,27.367628374,0.516275933
070500070503,2012,24.053305882,22.711664519,0.475225418
070500070503,2013,32.669399615,23.836908894,0.542676721
070500070503,2014,46.974463936,28.691759474,0.579143796
070500070503,2015,39.816480597,29.815380013,0.558142969
070500070503,2016,36.093764603,28.473479528,0.514071915
070500070503,2017,35.793856225,26.371374591,0.570869427
070500070503,2018,37.920111338,25.679786297,0.573775268
070500070503,2019,53.79273868,30.712917941,0.611262678
070500070504,2010,30.366577014,19.285702577,0.594755076
070500070504,2011,30.235566712,22.952991725,0.535194773
070500070504,2012,18.774100443,17.543939754,0.497264166
070500070504,2013,26.79192208,18.987142535,0.564709123
070500070504,2014,37.925568631,23.146448726,0.598985475
070500070504,2015,34.445841914,24.530383528,0.594763112
070500070504,2016,29.963200091,23.766733353,0.5450762
070500070504,2017,31.435871499,21.244956315,0.604763228
070500070504,2018,28.699069226,20.513792101,0.582293064
070500070504,2019,47.059105854,25.385144674,0.648209509
070500070505,2010,36.525849116,27.099187928,0.535837483
070500070505,2011,36.065118061,29.673507479,0.484369246
070500070505,2012,22.331357792,20.171542099,0.450007512
070500070505,2013,30.94912889,23.549773061,0.520446269
070500070505,2014,43.572871865,31.084082018,0.551195976
070500070505,2015,39.563914061,31.440097603,0.534354208
070500070505,2016,40.134360173,31.65265236,0.493374333
070500070505,2017,34.309842383,28.210825352,0.546808667
070500070505,2018,37.05174549,27.466008959,0.537457448
070500070505,2019,54.32561709,36.922380221,0.585232334
070500070506,2010,43.271162233,31.539216655,0.455477231
070500070506,2011,41.84064589,34.145029376,0.433218904
070500070506,2012,24.770102328,21.480415709,0.393707231
070500070506,2013,35.16332102,25.876618684,0.436198681
070500070506,2014,47.748133457,32.785670361,0.477866738
070500070506,2015,42.195136818,31.695057295,0.464463085
070500070506,2016,42.133565685,33.313241141,0.454619319
070500070506,2017,38.385209386,29.561372845,0.467598433
070500070506,2018,40.501137891,30.264453636,0.462857133
070500070506,2019,63.020832019,41.204609642,0.501929152
070500070601,2010,10.902425378,4.914605972,0.323138415
070500070601,2011,12.492447641,7.913964464,0.311999544
070500070601,2012,2.579073091,2.379173162,0.257252747
070500070601,2013,6.458105949,2.909128306,0.296646694
070500070601,2014,13.42481944,5.743178339,0.328583601
070500070601,2015,11.638304094,7.154595725,0.319689609
070500070601,2016,12.218564091,7.58739091,0.333678251
070500070601,2017,11.078570847,6.9306475,0.330169177
070500070601,2018,7.363840937,4.893525192,0.299089313
070500070601,2019,31.838339682,10.380025642,0.346043595
070500070602,2010,22.345722603,13.315612691,0.382947965
070500070602,2011,22.916912141,15.36508644,0.349262444
070500070602,2012,8.809114575,7.534149698,0.302490617
070500070602,2013,16.779554816,10.177024102,0.368985506
070500070602,2014,26.839154829,14.60086134,0.388157071
070500070602,2015,19.870432172,13.391180479,0.376425947
070500070602,2016,21.105624642,14.197166079,0.379076907
070500070602,2017,17.59791996,12.3625468,0.381665658
070500070602,2018,15.818166729,10.907376178,0.368090791
070500070602,2019,36.498897734,17.476414415,0.410049359
070500070603,2010,30.679225234,11.491471884,0.457497735
070500070603,2011,29.854054212,14.035729699,0.414409082
070500070603,2012,11.844744764,5.914095028,0.347380358
070500070603,2013,25.85447007,8.560509747,0.425687781
070500070603,2014,35.878544562,12.985738977,0.49499556
070500070603,2015,28.586651731,13.985228525,0.467118152
070500070603,2016,28.861804921,14.011758928,0.438214819
070500070603,2017,23.340724744,12.242088315,0.439812926
070500070603,2018,25.50127606,10.056533916,0.461322145
070500070603,2019,56.143847089,19.976933482,0.525664429
070500070604,2010,41.328061871,21.539838155,0.532671901
070500070604,2011,32.381093373,25.089863146,0.497837119
070500070604,2012,18.901979697,17.324432561,0.461762062
070500070604,2013,29.892460782,19.726469046,0.538322496
070500070604,2014,41.434211944,24.871410672,0.556106468
070500070604,2015,36.48448675,25.555724982,0.532236293
070500070604,2016,34.19471459,25.61087158,0.521414107
070500070604,2017,28.882446928,22.715889637,0.538480576
070500070604,2018,32.62622261,22.479249062,0.544468641
070500070604,2019,62.091131737,30.949698395,0.587485585
070500070605,2010,33.181777392,11.26165599,0.516529589
070500070605,2011,24.94369377,14.520897167,0.470414651
070500070605,2012,10.827081785,8.127681115,0.440802498
070500070605,2013,23.965012992,9.952866203,0.510984088
070500070605,2014,33.443284749,13.296117084,0.555335593
070500070605,2015,27.044226321,13.832280242,0.524488068
070500070605,2016,24.152527004,13.89451215,0.498896029
070500070605,2017,18.929944434,11.940210687,0.520808222
070500070605,2018,23.677017492,10.984341873,0.531040883
070500070605,2019,50.65426918,16.740223608,0.586548151
070500070606,2010,31.213372504,14.127043578,0.557503041
070500070606,2011,28.077930734,15.838899795,0.495966909
070500070606,2012,8.633902045,5.859553843,0.446522266
070500070606,2013,26.752166369,11.56451055,0.551807671
070500070606,2014,37.17021417,16.018457265,0.592774295
070500070606,2015,28.542464704,15.092414689,0.565007238
070500070606,2016,23.821042863,14.399645888,0.51593398
070500070606,2017,17.613942168,11.042468661,0.560425624
070500070606,2018,33.270430458,14.587162833,0.580804333
070500070606,2019,57.987476614,22.463265462,0.623539897
070500070607,2010,24.421031424,7.720944883,0.541890916
070500070607,2011,24.057365735,8.684876179,0.488304009
070500070607,2012,6.646111118,3.709154402,0.428463539
070500070607,2013,24.742299627,5.330424887,0.535673956
070500070607,2014,33.264072254,7.377841929,0.58080891
070500070607,2015,23.318693634,8.258359491,0.552934718
070500070607,2016,19.661028531,8.50260113,0.49649473
070500070607,2017,15.047111693,7.121340946,0.53965754
070500070607,2018,29.552987506,7.690354806,0.571389716
070500070607,2019,52.464304803,11.980134576,0.61840908
070500070608,2010,36.795277232,18.779646776,0.528561325
070500070608,2011,32.767626875,20.659520188,0.468334632
070500070608,2012,14.380318028,9.339266177,0.431852989
070500070608,2013,31.440230585,15.717689334,0.519284739
070500070608,2014,39.596613123,19.558744548,0.553593721
070500070608,2015,32.061115216,18.166284669,0.525150242
070500070608,2016,29.879921047,19.070041091,0.488130989
070500070608,2017,22.698840946,14.673099656,0.537452797
070500070608,2018,35.545317732,18.365483428,0.53959624
070500070608,2019,56.004652174,26.34361032,0.577438536
070500070609,2010,38.296262667,20.356217762,0.471313594
070500070609,2011,31.581820073,21.623424816,0.425183675
070500070609,2012,13.708573837,10.229760916,0.373192753
070500070609,2013,29.483181119,16.246406742,0.451170122
070500070609,2014,36.009216671,19.854169076,0.487458041
070500070609,2015,32.694243458,19.437344316,0.468547669
070500070609,2016,28.540805405,19.639653788,0.441586554
070500070609,2017,23.342080913,16.022124715,0.470884084
070500070609,2018,33.973812669,19.667444486,0.476262453
070500070609,2019,54.010992712,26.949230748,0.51052882
070500070610,2010,47.458192144,33.506059488,0.341415702
070500070610,2011,43.630948349,35.241583543,0.334539344
070500070610,2012,24.891727412,20.043355977,0.276215456
070500070610,2013,37.00616276,26.205023327,0.311928583
070500070610,2014,45.098024114,31.711350706,0.346562504
070500070610,2015,41.169648705,30.834254882,0.343666576
070500070610,2016,41.766216672,32.441691165,0.346890016
070500070610,2017,36.985022071,28.659138238,0.336489257
070500070610,2018,46.451574653,32.288074001,0.342338288
070500070610,2019,63.583825857,43.24745239,0.376912423
070500070701,2010,28.523364028,12.644341682,0.571429881
070500070701,2011,23.151417451,16.087119009,0.500824715
070500070701,2012,8.515495904,6.931734145,0.413869316
070500070701,2013,22.320083437,13.200193969,0.538183169
070500070701,2014,30.736466722,16.084835506,0.609329993
070500070701,2015,23.56497626,13.80280976,0.555059231
070500070701,2016,21.584619082,15.147659609,0.508605071
070500070701,2017,16.75634649,11.552568549,0.528694598
070500070701,2018,19.345527815,11.929752577,0.562782188
070500070701,2019,41.363168116,19.237339911,0.643250537
070500070702,2010,24.566028669,9.087000369,0.602355497
070500070702,2011,19.073449168,11.582441594,0.532677906
070500070702,2012,7.77367965,6.882229057,0.409339799
070500070702,2013,15.122542071,8.668455886,0.524955989
070500070702,2014,25.398562663,12.28440689,0.605870521
070500070702,2015,20.712725453,12.571315026,0.575586008
070500070702,2016,18.614335895,12.03392135,0.538991226
070500070702,2017,15.157773265,9.769313344,0.54751589
070500070702,2018,20.790623225,9.456566128,0.59557531
070500070702,2019,32.572980353,13.776943583,0.665028479
070500070703,2010,24.012954194,11.623720647,0.532216211
070500070703,2011,23.061582584,16.51216208,0.477880086
070500070703,2012,5.143883211,4.142141564,0.386607363
070500070703,2013,19.233983877,12.845644849,0.49859347
070500070703,2014,25.163124594,15.043195465,0.56543257
070500070703,2015,19.929706417,11.976168098,0.545676862
070500070703,2016,19.341056493,14.143140245,0.49971478
070500070703,2017,12.506300605,8.871872712,0.509248664
070500070703,2018,16.782477931,10.350992318,0.532966903
070500070703,2019,38.723281936,20.641102839,0.59355811
070500070704,2010,27.025095145,12.116107702,0.556389017
070500070704,2011,21.982692371,14.244664596,0.485778796
070500070704,2012,9.274876529,7.579322124,0.400006423
070500070704,2013,19.072323566,9.959054034,0.513761722
070500070704,2014,28.696199045,14.496093667,0.584965558
070500070704,2015,23.213077332,14.507559334,0.535075099
070500070704,2016,21.502909379,14.678716772,0.49572079
070500070704,2017,17.978295841,12.489708598,0.518975136
070500070704,2018,18.921626147,11.444259001,0.542970967
070500070704,2019,38.846535559,18.281237014,0.619984094
070500070705,2010,27.143172433,13.634977078,0.559640371
070500070705,2011,27.720343767,13.878215751,0.500352089
070500070705,2012,9.446825874,6.463895929,0.409790144
070500070705,2013,27.782223539,8.949788986,0.533914072
070500070705,2014,31.888929119,12.521276224,0.579716119
070500070705,2015,24.271178396,13.469703416,0.54926241
070500070705,2016,23.634215094,13.517814184,0.496540796
070500070705,2017,18.302120248,11.12833009,0.546420598
070500070705,2018,22.458625778,10.852978251,0.569539426
070500070705,2019,43.355123721,17.778593198,0.617931183
070500070706,2010,28.969671062,11.979226373,0.661946791
070500070706,2011,25.586961154,17.801794217,0.55087311
070500070706,2012,6.828504919,4.788954367,0.43619883
070500070706,2013,23.067636326,15.537534454,0.534971303
070500070706,2014,29.614025849,15.777012237,0.644861481
070500070706,2015,20.290934538,11.299935425,0.607320209
070500070706,2016,22.800969414,15.128264709,0.595681187
070500070706,2017,17.160199601,10.664376114,0.594774239
070500070706,2018,26.039852922,13.052476394,0.631324454
070500070706,2019,42.623177254,22.150347241,0.685615394
070500070707,2010,28.257363264,12.931151636,0.623574101
070500070707,2011,26.472935353,15.444194026,0.538492488
070500070707,2012,7.640977734,5.26210398,0.430936491
070500070707,2013,25.866330514,12.071739943,0.545244168
070500070707,2014,31.729218624,14.042967707,0.625948948
070500070707,2015,22.21955228,12.004707483,0.591213413
070500070707,2016,23.142794985,13.807970616,0.557804982
070500070707,2017,16.976506359,10.454956856,0.582918411
070500070707,2018,25.394665588,11.923506288,0.613285507
070500070707,2019,44.394606969,19.884552306,0.664714763
070500070708,2010,33.493714972,9.034271961,0.609005862
070500070708,2011,28.33054416,13.755790691,0.544516582
070500070708,2012,12.148909069,4.993995572,0.430089112
070500070708,2013,26.709636699,10.761243951,0.513373406
070500070708,2014,34.337657851,11.685733992,0.595917628
070500070708,2015,27.361909822,9.597623502,0.584928273
070500070708,2016,28.5111128,12.458888019,0.557649888
070500070708,2017,21.512992859,8.760432234,0.559920151
070500070708,2018,26.677862202,9.410352006,0.612039228
070500070708,2019,46.838735982,16.292662027,0.667637715
070500070709,2010,32.156646187,13.865384872,0.52442177
070500070709,2011,24.393116827,14.732258552,0.473257478
070500070709,2012,10.774825871,5.49448319,0.373793425
070500070709,2013,22.145840629,10.328999305,0.457303143
070500070709,2014,29.086842378,13.092245724,0.526218288
070500070709,2015,25.645161924,13.461606077,0.503704816
070500070709,2016,24.577650546,14.369670449,0.500651745
070500070709,2017,19.68514463,11.087908273,0.490098251
070500070709,2018,28.144414495,13.20782734,0.51605759
070500070709,2019,45.131620672,20.976301769,0.561814454
070500070710,2010,30.487926177,11.991298351,0.50605853
070500070710,2011,24.494604797,14.001746349,0.461483239
070500070710,2012,12.52869963,5.657734183,0.369279332
070500070710,2013,23.842237779,10.770824908,0.441216094
070500070710,2014,29.186319653,12.574892176,0.503763493
070500070710,2015,24.265893778,11.340067702,0.487181024
070500070710,2016,24.713632655,13.131095532,0.485166469
070500070710,2017,20.381556857,10.518532501,0.471661532
070500070710,2018,25.304047882,11.449139828,0.502148252
070500070710,2019,41.844304941,18.866248377,0.550621574
070500071001,2010,21.685342208,7.228206997,0.593967091
070500071001,2011,23.999309158,9.545285727,0.545321332
070500071001,2012,9.521146284,6.191814412,0.455839209
070500071001,2013,25.229603445,6.960340385,0.537031416
070500071001,2014,29.55684495,8.454002504,0.598979981
070500071001,2015,18.512557458,9.407255339,0.579004289
070500071001,2016,24.303841336,10.331139526,0.572851479
070500071001,2017,17.42670893,9.471580124,0.580874348
070500071001,2018,20.640747117,8.524881565,0.620320448
070500071001,2019,41.220458641,11.478464151,0.685503989
070500071002,2010,20.165890061,6.508537783,0.609300169
070500071002,2011,22.329578315,10.470551493,0.571203933
070500071002,2012,7.536870582,4.874663238,0.434536681
070500071002,2013,20.733287591,7.811605524,0.494497795
070500071002,2014,30.246901315,9.549077267,0.602617315
070500071002,2015,17.619885769,8.553706987,0.598090518
070500071002,2016,22.045575082,9.711845296,0.606952331
070500071002,2017,16.052611975,7.994153526,0.598577786
070500071002,2018,16.385920055,6.329474161,0.588135611
070500071002,2019,39.602185844,11.153653587,0.69709976
070500071003,2010,26.875495771,13.467075068,0.469262547
070500071003,2011,25.094841125,15.17442594,0.439402395
070500071003,2012,13.744485981,7.372643605,0.370886518
070500071003,2013,27.931022433,12.860531512,0.420299222
070500071003,2014,32.925522088,15.304258841,0.462624174
070500071003,2015,20.552758093,11.69027962,0.459729505
070500071003,2016,27.400172797,15.941604069,0.449269972
070500071003,2017,21.017942396,12.696614343,0.451587127
070500071003,2018,21.92098035,11.396125123,0.465206186
070500071003,2019,44.949875716,22.17904951,0.535009946
070500071004,2010,26.268172403,5.661827682,0.608186529
070500071004,2011,24.764416551,9.77901978,0.555729148
070500071004,2012,8.137892806,2.249535135,0.448503501
070500071004,2013,24.340211979,6.807583661,0.490512809
070500071004,2014,35.801798608,6.842421715,0.579599062
070500071004,2015,17.132405521,4.418322069,0.575188063
070500071004,2016,30.007299224,9.029302216,0.598839956
070500071004,2017,19.3973939,6.651065484,0.573878385
070500071004,2018,14.166900425,4.080989224,0.571397525
070500071004,2019,47.980386597,9.746810773,0.691938911
070500071005,2010,29.568924949,9.510435058,0.58547647
070500071005,2011,27.463085596,12.915875534,0.534303302
070500071005,2012,15.257649513,6.804621398,0.425544177
070500071005,2013,32.451582921,9.759000361,0.501285842
070500071005,2014,40.249032992,10.930934973,0.54204789
070500071005,2015,23.539312131,9.62529479,0.566561411
070500071005,2016,34.95372896,13.877702903,0.535393789
070500071005,2017,23.205072465,11.21336837,0.53059551
070500071005,2018,18.302773034,7.262825184,0.510322166
070500071005,2019,47.062230325,13.303453398,0.663457543
070500071006,2010,31.549739618,9.284315615,0.579797475
070500071006,2011,27.271695123,12.430586831,0.526508139
070500071006,2012,12.853681499,5.123422653,0.42516027
070500071006,2013,29.827641086,9.291081427,0.477685357
070500071006,2014,40.253175001,9.826006382,0.546613231
070500071006,2015,23.255778918,8.099399091,0.552721956
070500071006,2016,35.714435806,12.86486704,0.556397429
070500071006,2017,24.180589041,10.021427018,0.538803403
070500071006,2018,19.426707711,6.940458409,0.531732843
070500071006,2019,50.362672587,13.131235877,0.660677198
070600010101,2010,36.964219894,9.870998216,0.721371764
070600010101,2011,25.288144074,10.08571721,0.676253011
070600010101,2012,15.317647038,8.206533192,0.588042298
070600010101,2013,26.493431191,8.587734943,0.688434492
070600010101,2014,34.497054061,9.375306712,0.717990985
070600010101,2015,33.123806269,9.590017128,0.705500714
070600010101,2016,42.599178266,10.311397953,0.714855444
070600010101,2017,27.278756108,10.866781663,0.706550187
070600010101,2018,50.765300054,9.857949929,0.720118784
070600010101,2019,38.960851411,12.130645689,0.731643353
070600010102,2010,33.068376356,7.67320504,0.631916383
070600010102,2011,21.317426205,7.7366968,0.584325593
070600010102,2012,12.799264109,6.209150776,0.502388282
070600010102,2013,21.063095338,6.207541179,0.618937779
070600010102,2014,31.731049894,7.023038162,0.633867689
070600010102,2015,32.425695526,7.466301545,0.634642782
070600010102,2016,38.556241539,8.194676759,0.6365209
070600010102,2017,26.018907024,8.547411991,0.633504627
070600010102,2018,42.188681571,7.51214056,0.658827908
070600010102,2019,36.173953126,8.800616428,0.675300727
070600010103,2010,36.802028931,8.039252457,0.68802777
070600010103,2011,21.494225593,7.979687028,0.628658449
070600010103,2012,13.914128192,6.493585151,0.559790263
070600010103,2013,25.535772043,7.109099878,0.653430737
070600010103,2014,35.761367995,7.881451193,0.684288286
070600010103,2015,35.83681956,8.012903716,0.681875466
070600010103,2016,42.579699151,8.899617005,0.689340656
070600010103,2017,26.248948436,9.418853373,0.672742583
070600010103,2018,46.968536435,8.362084076,0.695720859
070600010103,2019,35.370200095,10.138150066,0.70932414
070600010104,2010,34.386240617,6.330848049,0.669719081
070600010104,2011,20.348178709,5.846081621,0.596698096
070600010104,2012,11.495588293,4.612481181,0.550538213
070600010104,2013,20.88540656,5.804310613,0.625125935
070600010104,2014,37.632582349,6.627120813,0.667203073
070600010104,2015,39.477451895,6.397929145,0.672533311
070600010104,2016,45.486508606,7.543008178,0.686117653
070600010104,2017,25.801049518,7.948748815,0.650638374
070600010104,2018,47.937643807,6.923707264,0.684267381
070600010104,2019,34.97328218,8.48296155,0.699056403
070600010301,2010,38.133438393,11.187874343,0.618287829
070600010301,2011,24.923795225,9.945364512,0.5951881
070600010301,2012,13.062123694,7.149608286,0.530883792
070600010301,2013,23.807250053,9.700669506,0.614629916
070600010301,2014,33.513214693,11.767613936,0.629015514
070600010301,2015,44.044587586,11.839962789,0.646066193
070600010301,2016,49.05082942,13.240678621,0.642723673
070600010301,2017,28.34838244,13.092070905,0.605121154
070600010301,2018,43.646776399,11.945396085,0.652582371
070600010301,2019,38.256301064,13.067910755,0.690312008
070600010302,2010,37.699876982,12.201849682,0.618850359
070600010302,2011,23.657776473,10.603075635,0.596993877
070600010302,2012,13.147866143,7.544435683,0.534382562
070600010302,2013,26.799643708,10.66052804,0.61934373
070600010302,2014,35.180169207,12.754526537,0.630210098
070600010302,2015,39.019810729,12.720037573,0.646282529
070600010302,2016,45.722578399,14.158199037,0.642817897
070600010302,2017,26.014676137,13.667199363,0.604383367
070600010302,2018,46.561009018,12.896164281,0.652445343
070600010302,2019,35.248622437,13.899883515,0.69027545
070600010303,2010,38.9237654,16.412749387,0.694641251
070600010303,2011,31.322512373,15.120354998,0.660342856
070600010303,2012,18.839878411,11.866562261,0.578021608
070600010303,2013,25.420179429,13.400420844,0.669462384
070600010303,2014,37.847841979,15.797340573,0.694056996
070600010303,2015,50.676771531,16.616816563,0.702489048
070600010303,2016,55.645667559,18.651967872,0.702456077
070600010303,2017,35.272019521,18.534034936,0.690157976
070600010303,2018,45.250458656,16.988613358,0.711936127
070600010303,2019,45.755880188,18.609511057,0.730526012
070600010304,2010,33.672707756,7.972461739,0.701986621
070600010304,2011,22.528076941,6.757673166,0.644266474
070600010304,2012,11.691607646,5.433647647,0.573087501
070600010304,2013,20.02521573,6.508547934,0.646163163
070600010304,2014,29.267495275,7.805421969,0.69403109
070600010304,2015,44.25327876,8.398853133,0.705941392
070600010304,2016,48.614190339,9.617923882,0.716012538
070600010304,2017,27.125505431,9.820382102,0.669299565
070600010304,2018,38.691453899,8.979507693,0.701249469
070600010304,2019,37.928131874,9.535550776,0.745821477
070600010305,2010,34.465098064,11.407680332,0.617103591
070600010305,2011,22.520385297,9.910318636,0.592284649
070600010305,2012,11.97561742,7.108529936,0.537790124
070600010305,2013,21.881467074,9.778537573,0.613708516
070600010305,2014,38.287354002,12.324153031,0.629991803
070600010305,2015,40.622518894,12.117841479,0.645468561
070600010305,2016,44.680988623,13.487843753,0.642372698
070600010305,2017,28.071540591,13.24843412,0.603217361
070600010305,2018,45.149304743,12.375777268,0.653003951
070600010305,2019,38.917085739,13.546978945,0.691046621
070600010306,2010,36.495804952,11.730092761,0.678797185
070600010306,2011,26.30772232,10.628892231,0.637254636
070600010306,2012,14.417860591,8.270773386,0.556377543
070600010306,2013,22.634020146,9.714457841,0.647328966
070600010306,2014,37.892523091,12.045488171,0.675164804
070600010306,2015,44.60202541,12.114170038,0.687410246
070600010306,2016,49.352992851,13.417049223,0.698040195
070600010306,2017,32.660922217,13.531250717,0.668575903
070600010306,2018,41.78047951,12.34372775,0.692523231
070600010306,2019,43.379909774,13.663028034,0.735156195
070600010307,2010,32.558584314,11.088196366,0.630110405
070600010307,2011,21.461411982,9.250526535,0.590910167
070600010307,2012,10.652452626,6.44633541,0.506291728
070600010307,2013,20.324231133,9.00474987,0.612150509
070600010307,2014,32.230026176,11.868941593,0.622142624
070600010307,2015,38.782842738,11.553108178,0.645432823
070600010307,2016,42.176016877,12.22508951,0.671504601
070600010307,2017,28.667551641,11.884769468,0.628838153
070600010307,2018,37.855008069,11.330211504,0.653450586
070600010307,2019,35.411304802,13.322595458,0.72930123
070600010501,2010,26.997704104,8.104492249,0.712720867
070600010501,2011,18.503626775,9.073397317,0.653359764
070600010501,2012,5.14785173,4.533941239,0.548005008
070600010501,2013,17.292084738,7.951520761,0.643202986
070600010501,2014,25.236807934,9.956489308,0.681304288
070600010501,2015,21.242679632,8.002102183,0.708326111
070600010501,2016,35.193494431,11.110936483,0.77766221
070600010501,2017,20.887479212,12.526827517,0.698071399
070600010501,2018,31.481939231,8.945810377,0.736545904
070600010501,2019,26.984844615,11.888123279,0.769317237
070600010502,2010,28.266895649,7.728394336,0.712692467
070600010502,2011,18.552581941,8.625535504,0.658333172
070600010502,2012,5.355662473,4.598117943,0.555234078
070600010502,2013,16.778268771,7.74408727,0.64037547
070600010502,2014,26.761299653,9.758688911,0.68162275
070600010502,2015,25.355794117,7.693513962,0.707816158
070600010502,2016,35.547827111,10.630252715,0.776715244
070600010502,2017,20.712126686,12.09663841,0.697556547
070600010502,2018,32.665086452,8.652111544,0.735979816
070600010502,2019,27.596352967,11.352444605,0.768280204
070600010504,2010,20.42265744,8.50980145,0.662004301
070600010504,2011,17.254895847,8.681990088,0.605305619
070600010504,2012,8.366518265,4.933887688,0.512764967
070600010504,2013,16.734344866,7.7652305,0.606723483
070600010504,2014,21.848701515,8.585810079,0.638361051
070600010504,2015,20.028024955,7.193793208,0.660925606
070600010504,2016,29.175732451,10.543732755,0.700931042
070600010504,2017,18.799333593,11.105559963,0.632599811
070600010504,2018,24.197381873,8.513302354,0.67431402
070600010504,2019,22.689371499,10.851858067,0.709886492
070600010505,2010,28.126623041,11.268576016,0.620803626
070600010505,2011,22.779665875,9.575487072,0.584907227
070600010505,2012,8.649271328,4.139608494,0.462652721
070600010505,2013,20.464731921,7.472944859,0.585006126
070600010505,2014,27.87733445,9.294814318,0.61290561
070600010505,2015,31.538684496,9.756937025,0.622512364
070600010505,2016,42.157466403,12.897481285,0.642023265
070600010505,2017,23.538290014,11.462378332,0.604156794
070600010505,2018,37.60805638,11.223916195,0.648114179
070600010505,2019,34.417305952,13.295577566,0.665760579
070600010701,2010,19.597208767,10.034169598,0.640863226
070600010701,2011,22.120991899,10.261241289,0.617386945
070600010701,2012,8.87423718,7.236961668,0.520579569
070600010701,2013,17.118053477,8.88943009,0.635776484
070600010701,2014,24.776475045,10.507207091,0.661511133
070600010701,2015,29.434671223,10.785724179,0.665021254
070600010701,2016,36.533329453,11.973150669,0.676397173
070600010701,2017,23.674865959,11.955306998,0.637418319
070600010701,2018,33.846596376,10.981973167,0.688111993
070600010701,2019,34.878997457,12.720875756,0.726440687
070600010702,2010,20.723043387,13.049159489,0.657566859
070600010702,2011,19.816380313,12.46438175,0.620294103
070600010702,2012,9.218467397,7.665193595,0.510022736
070600010702,2013,18.750095435,11.490576756,0.640617515
070600010702,2014,22.969152593,13.374705735,0.672909569
070600010702,2015,23.71328464,12.514229414,0.674861911
070600010702,2016,32.090185258,14.923115326,0.699344835
070600010702,2017,22.523034685,15.213845402,0.657203758
070600010702,2018,31.942245213,15.218086649,0.701018616
070600010702,2019,31.881433852,17.985376567,0.738904356
070600010703,2010,25.078531495,5.253045026,0.644319925
070600010703,2011,29.401837589,6.270968372,0.605442135
070600010703,2012,8.973007367,2.550231119,0.474768539
070600010703,2013,20.605987222,4.156062452,0.609074853
070600010703,2014,33.152663624,5.728733937,0.629529419
070600010703,2015,30.32263942,4.678938396,0.615067953
070600010703,2016,38.684557941,6.542819013,0.694445899
070600010703,2017,23.202829385,6.479966869,0.63023148
070600010703,2018,33.814290907,4.227355201,0.628109338
070600010703,2019,39.30082063,7.365016077,0.694141894
070600010704,2010,26.772017516,5.668027186,0.643278356
070600010704,2011,29.59489758,6.561291357,0.604522437
070600010704,2012,8.648900662,2.637120424,0.475698025
070600010704,2013,20.47717049,4.332570084,0.606710097
070600010704,2014,32.626409558,5.901864023,0.627703346
070600010704,2015,28.108626306,4.996539874,0.614099477
070600010704,2016,36.243446784,6.936802191,0.69320558
070600010704,2017,20.53230521,6.599497284,0.624834263
070600010704,2018,33.100206601,4.411723282,0.625841125
070600010704,2019,36.943985869,7.709068513,0.691616936
070600010705,2010,15.077885945,5.154861601,0.569983248
070600010705,2011,18.098345231,5.666393238,0.543736493
070600010705,2012,8.014120547,3.233532748,0.454272128
070600010705,2013,14.765541818,4.784963681,0.556032245
070600010705,2014,21.727233083,5.963923396,0.570242212
070600010705,2015,17.956030431,5.169283677,0.567893673
070600010705,2016,23.065619677,6.36350082,0.615143005
070600010705,2017,14.968861431,6.416185424,0.556716071
070600010705,2018,20.906732677,5.135262316,0.577291201
070600010705,2019,23.531445143,7.235837836,0.635247332
070600010707,2010,17.559800966,5.216571939,0.617260774
070600010707,2011,20.603770349,5.71373,0.582712346
070600010707,2012,6.8058908,1.943057654,0.483212748
070600010707,2013,15.878556528,4.570127999,0.604077744
070600010707,2014,21.233819478,5.472252732,0.622712278
070600010707,2015,19.226769778,3.980730101,0.619319242
070600010707,2016,25.610843445,6.409567358,0.678200669
070600010707,2017,15.601962803,6.080937955,0.604687765
070600010707,2018,21.537286115,3.753762137,0.622970587
070600010707,2019,22.100029674,6.913248362,0.671425746
070600011001,2010,18.034067758,8.122148239,0.63610089
070600011001,2011,24.772087086,9.97835063,0.611464284
070600011001,2012,7.953213479,3.207232881,0.505569017
070600011001,2013,17.267655324,8.59673236,0.624451631
070600011001,2014,20.793418205,7.379269708,0.662413507
070600011001,2015,17.980006336,4.128245078,0.649895664
070600011001,2016,32.466632199,9.765594945,0.698699693
070600011001,2017,16.346090212,8.015888854,0.620793385
070600011001,2018,24.368935191,4.821158759,0.677091969
070600011001,2019,25.860414714,10.115682315,0.688499829
070600011003,2010,19.731651871,8.975128693,0.660320675
070600011003,2011,23.821643354,9.609202695,0.622083902
070600011003,2012,9.042690695,3.188385597,0.503909159
070600011003,2013,17.166455937,7.091292278,0.622241901
070600011003,2014,18.661185021,7.596942881,0.645015988
070600011003,2015,14.685994228,4.179223315,0.64311515
070600011003,2016,30.561074418,9.843827526,0.72580695
070600011003,2017,17.457108027,8.559486264,0.646931935
070600011003,2018,22.065494077,5.791712359,0.678127257
070600011003,2019,23.636358672,9.803000249,0.70686549
070600030101,2010,24.072282594,15.642629919,0.513165687
070600030101,2011,23.605138213,15.229467691,0.555175017
070600030101,2012,11.007944862,8.840049463,0.471212224
070600030101,2013,21.384026888,13.049735152,0.560705583
070600030101,2014,19.989274807,13.623925675,0.542541331
070600030101,2015,15.141680446,9.701676376,0.524887389
070600030101,2016,33.467550489,19.535188033,0.565909094
070600030101,2017,15.466960775,13.385747523,0.512146942
070600030101,2018,22.350699925,12.455943838,0.576291265
070600030101,2019,27.941977843,19.108848542,0.586197826
070600030102,2010,39.489033623,27.640874932,0.295428043
070600030102,2011,41.008307912,27.064664287,0.293115125
070600030102,2012,23.191583916,19.385535458,0.254950628
070600030102,2013,34.09532582,23.573799951,0.294082208
070600030102,2014,36.686238838,25.649841342,0.298118036
070600030102,2015,31.087249872,22.443854625,0.293624852
070600030102,2016,58.608446112,32.59386669,0.312456854
070600030102,2017,31.986269755,27.308259338,0.280998216
070600030102,2018,43.279245971,26.030620791,0.301312272
070600030102,2019,47.911143962,32.562027271,0.305655313
070600030103,2010,38.86182197,27.359846637,0.292790442
070600030103,2011,40.886502671,27.125036928,0.290682412
070600030103,2012,24.427047581,20.089546545,0.25341095
070600030103,2013,33.16808941,22.901575235,0.288926832
070600030103,2014,36.550518592,25.242900451,0.295641144
070600030103,2015,31.719310004,22.834896302,0.292182669
070600030103,2016,58.758268908,32.345566345,0.310315415
070600030103,2017,33.83657518,28.106884995,0.285189783
070600030103,2018,43.542689866,26.679313259,0.300685308
070600030103,2019,48.804216042,32.216855255,0.302821871
070600030104,2010,28.879214075,18.449849739,0.493231897
070600030104,2011,28.059025588,18.017341578,0.527508018
070600030104,2012,15.022321512,12.393107059,0.453636878
070600030104,2013,25.648532744,15.397307342,0.541789885
070600030104,2014,24.903236352,16.642788055,0.529144405
070600030104,2015,19.99434462,13.272838795,0.508291941
070600030104,2016,38.637360342,21.107665225,0.534321194
070600030104,2017,20.957931548,17.5092507,0.502591679
070600030104,2018,29.961593897,16.12459049,0.554530101
070600030104,2019,33.426311677,21.818481317,0.563499323
070600030201,2010,21.784537202,13.806132009,0.52040706
070600030201,2011,22.231098047,13.133864369,0.547060272
070600030201,2012,10.101188607,8.083500812,0.48833412
070600030201,2013,17.994229446,10.193605844,0.559294781
070600030201,2014,19.880442865,11.901572136,0.563540051
070600030201,2015,13.960397387,9.082141379,0.537737439
070600030201,2016,31.649968811,15.048444273,0.602286254
070600030201,2017,16.652114197,13.071114322,0.535136413
070600030201,2018,21.63243503,10.578567506,0.605116906
070600030201,2019,28.937036074,16.139462602,0.596067566
070600030202,2010,27.064594585,17.526160803,0.473937347
070600030202,2011,27.250793321,17.226737137,0.496648804
070600030202,2012,13.598592014,11.192802629,0.433465771
070600030202,2013,23.301604712,14.352769302,0.507449134
070600030202,2014,23.1666955,15.57790709,0.503240441
070600030202,2015,16.958961418,11.501565393,0.478249428
070600030202,2016,37.344532838,19.368614348,0.508176877
070600030202,2017,21.73677035,17.178620479,0.488154711
070600030202,2018,29.053980369,15.640968535,0.528584151
070600030202,2019,31.90782371,20.667064461,0.540404111
070600030203,2010,25.449347716,15.772596384,0.512161761
070600030203,2011,23.069641089,14.639586989,0.532598497
070600030203,2012,10.625259267,8.675159603,0.477188489
070600030203,2013,18.540547272,11.488872653,0.544344314
070600030203,2014,18.516439238,12.41784561,0.545377969
070600030203,2015,13.215957818,9.30980663,0.521516214
070600030203,2016,33.503285032,16.932526894,0.580638284
070600030203,2017,19.230362737,14.890243874,0.531367351
070600030203,2018,24.464693675,13.234682695,0.588695783
070600030203,2019,29.543513726,18.194095697,0.58510182
070600030301,2010,36.878505523,25.944686821,0.443253686
070600030301,2011,32.487130619,23.300419573,0.443975819
070600030301,2012,17.57546747,14.524202071,0.387299379
070600030301,2013,25.891521463,18.692928425,0.448359326
070600030301,2014,28.172936981,20.41284229,0.459948937
070600030301,2015,20.844896853,16.336085132,0.437459339
070600030301,2016,43.493769255,27.504470556,0.466226096
070600030301,2017,27.192103783,23.003917268,0.43720912
070600030301,2018,34.734203929,22.314979512,0.482251323
070600030301,2019,41.637311943,29.201353875,0.489515594
070600030302,2010,19.661149466,7.888291386,0.53363311
070600030302,2011,20.215214508,7.18111123,0.537053368
070600030302,2012,5.336763781,2.987448011,0.45927661
070600030302,2013,16.286204246,7.522974074,0.551020122
070600030302,2014,13.519102534,7.220579203,0.552797633
070600030302,2015,12.346570214,4.975947843,0.543016125
070600030302,2016,24.594064223,8.519109988,0.584834674
070600030302,2017,11.083313476,5.356894054,0.535739416
070600030302,2018,21.143261982,5.802883316,0.6039471
070600030302,2019,23.013498892,8.917670509,0.572853184
070600030303,2010,27.093577483,16.613003487,0.488791296
070600030303,2011,24.00823273,14.934733145,0.498374209
070600030303,2012,10.459776615,8.372036282,0.440296958
070600030303,2013,18.813119671,11.827584532,0.513605759
070600030303,2014,17.514574689,12.424466879,0.508270278
070600030303,2015,15.460356817,10.0933088,0.486545826
070600030303,2016,32.408849814,17.315491748,0.529188457
070600030303,2017,17.709801049,13.987573215,0.494336959
070600030303,2018,24.722462771,13.623696718,0.540759669
070600030303,2019,28.29719637,17.502151256,0.543050049
070600030401,2010,23.669399523,11.954587572,0.615787058
070600030401,2011,24.197286591,10.648908293,0.624574752
070600030401,2012,8.808039285,6.082597996,0.495599544
070600030401,2013,19.954556141,9.888827711,0.599488829
070600030401,2014,16.08599128,10.077358981,0.602402579
070600030401,2015,17.867370079,7.881465809,0.606118773
070600030401,2016,25.848271048,12.455531141,0.64527239
070600030401,2017,19.22876825,10.860074004,0.624417482
070600030401,2018,24.690206784,9.578667354,0.669901732
070600030401,2019,24.863800269,13.05181604,0.619784209
070600030402,2010,20.864176878,12.004631352,0.602649957
070600030402,2011,25.482677023,11.930253726,0.632058326
070600030402,2012,10.007758631,6.879615459,0.497281019
070600030402,2013,23.305082523,11.404381907,0.604514415
070600030402,2014,17.143096815,10.571944546,0.603251624
070600030402,2015,17.83141155,8.489608878,0.602353393
070600030402,2016,25.274620578,13.271349876,0.639268406
070600030402,2017,17.94314837,11.223983987,0.613384013
070600030402,2018,25.331339095,11.031170339,0.663564572
070600030402,2019,24.939515599,13.583340751,0.618868224
070600030403,2010,22.149444572,11.573596308,0.588536203
070600030403,2011,18.650085028,9.556923311,0.573766152
070600030403,2012,4.937467249,3.852619964,0.485082607
070600030403,2013,19.759674923,9.912280973,0.581938434
070600030403,2014,14.576266953,8.563007544,0.612739383
070600030403,2015,14.888757737,6.848653067,0.583335459
070600030403,2016,28.660180366,12.792445747,0.646468591
070600030403,2017,15.319891067,9.143432194,0.611645281
070600030403,2018,20.596418964,9.033284873,0.640326085
070600030403,2019,22.986472037,12.20204693,0.641623435
070600030404,2010,27.998045949,14.807406927,0.588341609
070600030404,2011,24.914481846,12.448384172,0.579662038
070600030404,2012,7.060605902,5.539219237,0.493930701
070600030404,2013,21.347443537,10.273084177,0.607583363
070600030404,2014,19.513400305,11.255239708,0.614771169
070600030404,2015,16.990183845,9.007680532,0.580992516
070600030404,2016,30.969066219,14.224512219,0.643557097
070600030404,2017,18.107083027,11.168613432,0.592513981
070600030404,2018,24.959668863,11.291558076,0.63385157
070600030404,2019,28.311621783,14.519057495,0.641528537
070600030405,2010,27.327753148,12.904184016,0.591225782
070600030405,2011,24.760516044,10.921014731,0.593654436
070600030405,2012,9.450239845,5.680918359,0.504190472
070600030405,2013,24.556931158,11.216010313,0.603658752
070600030405,2014,19.505487212,10.342948551,0.608912994
070600030405,2015,19.310621299,8.348041509,0.583419174
070600030405,2016,31.460289312,13.791913887,0.640971073
070600030405,2017,19.809603535,10.756160379,0.607797159
070600030405,2018,26.751430072,10.730878087,0.641556292
070600030405,2019,29.069272909,13.486604311,0.633973651
070600030406,2010,25.760649616,14.211728725,0.598266758
070600030406,2011,22.792647808,11.863015882,0.578501229
070600030406,2012,5.834987535,4.564966532,0.508247748
070600030406,2013,24.633802197,11.771714641,0.586146283
070600030406,2014,18.875478518,10.918620125,0.620501948
070600030406,2015,17.455065055,8.128536931,0.586521771
070600030406,2016,35.094086824,16.320270149,0.653017025
070600030406,2017,20.430797291,12.441351637,0.624891476
070600030406,2018,22.848134927,10.729355735,0.642999795
070600030406,2019,27.307798189,14.797357433,0.644491183
070600030501,2010,48.390521002,36.137498402,0.410717999
070600030501,2011,46.10755262,34.20043323,0.422810003
070600030501,2012,24.430168482,20.666195068,0.385273829
070600030501,2013,51.55158832,39.060315362,0.432786426
070600030501,2014,41.905586801,32.038523462,0.419721503
070600030501,2015,42.470602637,31.616479774,0.423602173
070600030501,2016,55.30275427,41.561807754,0.433387611
070600030501,2017,33.249332275,29.030595728,0.406172109
070600030501,2018,51.499175854,39.070210634,0.432916552
070600030501,2019,53.937747304,42.701592429,0.432107076
070600030502,2010,33.941222965,26.229648946,0.535585726
070600030502,2011,36.777898715,27.172665585,0.56084489
070600030502,2012,16.879093791,14.452753794,0.493212293
070600030502,2013,39.058518801,29.766831292,0.575282521
070600030502,2014,32.306224477,24.64936321,0.564418865
070600030502,2015,32.733756459,24.016415181,0.548405362
070600030502,2016,40.6144947,31.174295164,0.56914895
070600030502,2017,24.743241452,22.013875839,0.541148642
070600030502,2018,38.381746604,30.142801632,0.579304107
070600030502,2019,41.417259455,32.917899666,0.57557278
070600030503,2010,24.659602647,19.166525082,0.553268288
070600030503,2011,24.375311102,18.573229229,0.591134971
070600030503,2012,10.037930717,8.607502077,0.504805332
070600030503,2013,29.555531311,21.691614535,0.598647539
070600030503,2014,22.199392472,16.940916148,0.587108704
070600030503,2015,19.192026315,14.349984686,0.562152369
070600030503,2016,32.139965109,24.345221699,0.606742429
070600030503,2017,17.219358854,15.089955364,0.564017686
070600030503,2018,28.873395878,22.035458852,0.616804909
070600030503,2019,28.17141862,22.770870265,0.607935591
070600030504,2010,23.823222553,18.19248137,0.566722819
070600030504,2011,22.542834965,17.056733096,0.603446433
070600030504,2012,8.073114548,6.883201179,0.512295495
070600030504,2013,25.614804461,18.554237554,0.605109591
070600030504,2014,18.92353525,14.493159069,0.598856651
070600030504,2015,16.818974374,12.484161144,0.572199231
070600030504,2016,28.500818475,21.655844552,0.615433135
070600030504,2017,16.457012959,14.442796401,0.58093036
070600030504,2018,26.627448078,19.290905051,0.626703848
070600030504,2019,24.343067292,19.853904008,0.623193117
070600030505,2010,25.12678745,19.862567723,0.568979118
070600030505,2011,21.828571303,16.716101144,0.603713413
070600030505,2012,7.506929689,6.426015445,0.51348512
070600030505,2013,23.842219978,17.903935584,0.609881191
070600030505,2014,18.144792599,14.390533608,0.601045106
070600030505,2015,15.659291085,12.117273824,0.573074323
070600030505,2016,27.509452366,21.579028709,0.624803758
070600030505,2017,16.197781216,14.463574416,0.580559853
070600030505,2018,25.116155025,19.349568382,0.633709217
070600030505,2019,24.803710722,20.387910072,0.628451553
070600030506,2010,15.819107181,6.366922785,0.529720797
070600030506,2011,14.753382219,4.883063459,0.513691295
070600030506,2012,3.13260798,1.693436789,0.426876885
070600030506,2013,14.207194451,4.791164182,0.534357213
070600030506,2014,10.121726491,4.740130773,0.540175125
070600030506,2015,10.04672613,3.73882589,0.520975724
070600030506,2016,22.881392236,7.213580698,0.583013527
070600030506,2017,10.001238668,4.793188863,0.52975133
070600030506,2018,15.292630268,4.744841022,0.571111448
070600030506,2019,18.691648017,6.747899825,0.575659191
070600030702,2010,20.00483501,11.442316305,0.603978402
070600030702,2011,19.852689856,10.657681257,0.601926049
070600030702,2012,7.974842627,6.457154262,0.529988759
070600030702,2013,16.978457748,9.524301884,0.626601963
070600030702,2014,17.494587453,10.325637572,0.641390011
070600030702,2015,13.757925536,7.738912204,0.62232077
070600030702,2016,28.439152436,11.122650351,0.700504307
070600030702,2017,15.103292325,9.638606886,0.610722492
070600030702,2018,24.005300552,8.337842464,0.688071628
070600030702,2019,26.068906713,11.440288504,0.705844076
070600030704,2010,23.316119104,12.451104465,0.683497667
070600030704,2011,22.41291666,11.532768664,0.655102973
070600030704,2012,8.504806446,4.09043415,0.538594359
070600030704,2013,20.0179086,9.688060756,0.662868189
070600030704,2014,18.169418568,9.508346761,0.679891701
070600030704,2015,12.881946489,4.795426526,0.660780578
070600030704,2016,28.73707886,11.962246151,0.754206932
070600030704,2017,17.598698225,10.159833078,0.674445507
070600030704,2018,23.372719943,8.800802198,0.70558841
070600030704,2019,29.951162855,14.425168835,0.744716205
070600030705,2010,23.503197256,10.078695704,0.679180932
070600030705,2011,23.042271357,9.96257828,0.639680539
070600030705,2012,7.172014287,2.113783511,0.533477099
070600030705,2013,18.933641109,8.265384843,0.654187313
070600030705,2014,16.546808832,7.527120643,0.673866123
070600030705,2015,11.632695055,3.326942125,0.653136367
070600030705,2016,32.45008333,11.487225677,0.75601975
070600030705,2017,15.546136006,7.894586037,0.650400453
070600030705,2018,16.530411873,5.116559658,0.668601471
070600030705,2019,29.07173231,11.919835869,0.717722517
070600030706,2010,27.401018456,10.622349094,0.70024388
070600030706,2011,25.436542455,9.704069168,0.649635802
070600030706,2012,9.096770765,2.862790323,0.549307398
070600030706,2013,24.729243142,10.294577656,0.650434803
070600030706,2014,18.246873896,7.791372111,0.662802324
070600030706,2015,13.857549272,3.623334483,0.67114119
070600030706,2016,38.051161519,11.77572929,0.746001389
070600030706,2017,18.945871923,8.985055956,0.673034767
070600030706,2018,23.397257742,6.064423189,0.701830559
070600030706,2019,32.652511311,13.882961727,0.721260651
070600030707,2010,22.301043531,9.855729452,0.681214908
070600030707,2011,20.927984979,9.238233521,0.635570534
070600030707,2012,9.469688698,3.240352623,0.542276032
070600030707,2013,21.893770643,10.048757474,0.632415867
070600030707,2014,16.215024398,7.712175004,0.643080895
070600030707,2015,12.116275678,3.538223614,0.652423867
070600030707,2016,27.297649107,10.520523511,0.726126902
070600030707,2017,16.815554792,8.446154031,0.652995274
070600030707,2018,18.233588196,5.504324518,0.682881561
070600030707,2019,26.409011956,12.818565435,0.702651992
070600030708,2010,11.83688085,4.532529676,0.545764495
070600030708,2011,11.076992261,4.432058663,0.515913365
070600030708,2012,3.505422682,1.047525469,0.414007393
070600030708,2013,12.618548434,5.016838695,0.511855308
070600030708,2014,8.46868506,3.084713025,0.524522874
070600030708,2015,7.194688893,1.801673853,0.511160105
070600030708,2016,17.130605116,5.462133714,0.581665132
070600030708,2017,9.625915902,4.15373714,0.539687256
070600030708,2018,10.031578967,2.667315452,0.545204003
070600030708,2019,13.244293131,5.673382273,0.568861916
070600050201,2010,19.90275657,7.049200401,0.512862721
070600050201,2011,17.571787342,5.333813139,0.46219542
070600050201,2012,6.943016406,3.002211009,0.383281909
070600050201,2013,20.92753866,6.456064162,0.495178723
070600050201,2014,15.517794445,5.395266931,0.486714355
070600050201,2015,15.987629897,5.582922134,0.480152205
070600050201,2016,32.67037367,8.279006339,0.5410205
070600050201,2017,16.071654068,5.966858408,0.496341101
070600050201,2018,21.00022514,5.931727102,0.497138028
070600050201,2019,21.777570644,6.645921878,0.541638377
070600050202,2010,20.868941863,6.965512684,0.499817576
070600050202,2011,18.413026871,6.545047894,0.473604361
070600050202,2012,10.105533527,3.686501601,0.406583238
070600050202,2013,20.315236313,7.589821717,0.47681583
070600050202,2014,18.277054943,5.362906371,0.486292686
070600050202,2015,15.778295174,4.569555874,0.475309515
070600050202,2016,32.489073822,8.095009621,0.524544552
070600050202,2017,17.283789343,6.792882057,0.483485182
070600050202,2018,20.687429818,4.883068763,0.486457012
070600050202,2019,22.485109337,8.144259743,0.515057638
070600050203,2010,29.673508694,15.153300309,0.457671866
070600050203,2011,24.232552667,13.106347972,0.446634133
070600050203,2012,12.884336961,9.117106788,0.372738251
070600050203,2013,25.389114862,11.689162703,0.44316816
070600050203,2014,21.290715678,12.068245609,0.449613924
070600050203,2015,26.74005999,12.603422942,0.461324356
070600050203,2016,39.749515203,15.827661094,0.470236473
070600050203,2017,21.280899547,13.173486511,0.441144985
070600050203,2018,29.365927142,12.23231452,0.466228278
070600050203,2019,27.811160187,14.175319188,0.475854254
070600050205,2010,21.654098479,7.763292261,0.540677135
070600050205,2011,17.876136479,6.396116705,0.493405645
070600050205,2012,9.317067409,3.381844741,0.413708804
070600050205,2013,21.029608249,6.778086521,0.504376011
070600050205,2014,15.136010929,5.03647006,0.515659228
070600050205,2015,17.319453289,5.286453627,0.510552242
070600050205,2016,30.890634588,8.970738633,0.57401901
070600050205,2017,17.934562366,7.420062747,0.517890827
070600050205,2018,19.318950561,4.995020157,0.51719692
070600050205,2019,21.368997658,7.963045705,0.556455685
070600050301,2010,30.9474133,24.086912119,0.59770529
070600050301,2011,25.222429068,20.503147468,0.594889788
070600050301,2012,11.666319834,10.873319587,0.48157384
070600050301,2013,24.745391156,17.909845347,0.596064391
070600050301,2014,18.985353267,16.629846443,0.602653194
070600050301,2015,23.255449158,16.205571863,0.594607852
070600050301,2016,32.02651301,23.958556834,0.630231997
070600050301,2017,21.167400221,17.67524497,0.599408164
070600050301,2018,29.90706304,19.714612822,0.638138771
070600050301,2019,33.140191201,25.411381964,0.641718479
070600050302,2010,27.762855951,20.985629925,0.525437108
070600050302,2011,23.975426714,17.708135258,0.522721751
070600050302,2012,8.219817995,7.631660166,0.412580731
070600050302,2013,22.363284862,15.79294911,0.530087243
070600050302,2014,16.754906363,14.065167698,0.523510606
070600050302,2015,19.954888927,13.74409802,0.513796492
070600050302,2016,30.299809295,21.188442449,0.553953989
070600050302,2017,19.816398475,15.335388776,0.528102201
070600050302,2018,27.910195494,17.642191124,0.563193347
070600050302,2019,28.170173395,20.938145923,0.567162417
070600050303,2010,25.424965562,17.910792119,0.469408032
070600050303,2011,21.785430723,15.941574702,0.47738442
070600050303,2012,6.578429433,5.99483898,0.392429767
070600050303,2013,26.082046518,18.053977267,0.490197266
070600050303,2014,14.816218552,11.90687165,0.443859421
070600050303,2015,19.269036479,9.845598646,0.459495584
070600050303,2016,26.695393293,16.175506505,0.515363234
070600050303,2017,16.106317184,12.465136514,0.469108641
070600050303,2018,24.595262131,12.350520805,0.502515774
070600050303,2019,25.86906471,17.484289273,0.535472463
070600050304,2010,28.130059782,20.51869337,0.479801884
070600050304,2011,22.918683107,17.013286982,0.484275567
070600050304,2012,8.225315661,7.135502387,0.400825557
070600050304,2013,28.34414455,20.041284259,0.494307914
070600050304,2014,15.112520437,12.378164753,0.464346317
070600050304,2015,22.500577509,12.552728161,0.471607156
070600050304,2016,33.957104483,21.135323028,0.52310927
070600050304,2017,20.435657547,15.291427974,0.479412708
070600050304,2018,25.805463145,14.440774349,0.508186583
070600050304,2019,29.63679075,20.220248665,0.540826399
070600050305,2010,25.440294799,11.334457046,0.497706787
070600050305,2011,22.999753388,9.342016559,0.530820139
070600050305,2012,9.091679472,6.33655756,0.452518398
070600050305,2013,28.534081983,8.179963322,0.533194403
070600050305,2014,12.787540544,7.582022013,0.489529669
070600050305,2015,23.114018313,8.86204334,0.519722449
070600050305,2016,27.353761049,11.582714883,0.565116934
070600050305,2017,17.042140391,9.84929493,0.509501493
070600050305,2018,26.616954885,10.051654716,0.554321779
070600050305,2019,25.138395148,10.962209487,0.566606623
070600050306,2010,25.17900332,17.039347425,0.486678644
070600050306,2011,20.349038684,14.615090174,0.501688357
070600050306,2012,9.300161092,7.866065622,0.418326283
070600050306,2013,24.086293482,15.165980035,0.50326884
070600050306,2014,14.066655334,11.705438167,0.474437777
070600050306,2015,19.387416984,11.133988328,0.50161371
070600050306,2016,28.396920162,16.974723313,0.544534387
070600050306,2017,17.342401303,13.057196053,0.492409068
070600050306,2018,21.514438663,11.921007433,0.521748462
070600050306,2019,23.137696733,15.858263539,0.548640236
070600050502,2010,34.993887533,8.730260866,0.659951543
070600050502,2011,28.183588362,8.9088825,0.64612842
070600050502,2012,14.61735995,5.658799222,0.552991911
070600050502,2013,43.484525889,11.070048861,0.66153195
070600050502,2014,24.240977946,7.629890445,0.659808494
070600050502,2015,32.483290952,7.125440423,0.658848333
070600050502,2016,35.901953405,9.369158605,0.676135221
070600050502,2017,28.210768265,10.284476536,0.668364084
070600050502,2018,51.947228341,11.238353021,0.696131852
070600050502,2019,45.856794973,13.28460787,0.701889601
070600050503,2010,29.859697928,10.296121948,0.557294647
070600050503,2011,22.762677313,8.942293787,0.568545822
070600050503,2012,9.750532079,6.120544734,0.474925443
070600050503,2013,29.373892268,8.897025911,0.569299564
070600050503,2014,19.748565911,7.968773964,0.558899281
070600050503,2015,26.101107316,7.136889066,0.555246942
070600050503,2016,30.418109592,9.116505473,0.572796543
070600050503,2017,17.669964708,8.306509364,0.551244274
070600050503,2018,31.750809483,7.280731768,0.583389931
070600050503,2019,30.001116055,10.080185837,0.609534043
070700010101,2010,26.222871751,24.843739518,0.732118025
070700010101,2011,22.018789616,21.245476083,0.704895158
070700010101,2012,11.014538448,10.190048372,0.635936343
070700010101,2013,20.201141719,19.273599661,0.741852443
070700010101,2014,30.687283768,29.599468697,0.777761179
070700010101,2015,24.947920965,23.921591587,0.69756963
070700010101,2016,26.854982649,25.776726737,0.753285336
070700010101,2017,28.80838272,27.66461125,0.783759578
070700010101,2018,32.325280127,29.49087116,0.696279857
070700010101,2019,37.168226549,35.974249605,0.76593084
070700010102,2010,30.202407551,29.060297558,0.705654031
070700010102,2011,23.241673296,22.55860347,0.670684556
070700010102,2012,11.097188292,10.360294566,0.605851487
070700010102,2013,21.586337453,20.758995948,0.711588032
070700010102,2014,37.015075863,36.032848652,0.753895076
070700010102,2015,26.127078877,25.222498767,0.67053176
070700010102,2016,30.028640089,29.061996944,0.727405893
070700010102,2017,32.22558643,31.209778902,0.754905504
070700010102,2018,35.638470442,33.292948997,0.668842622
070700010102,2019,39.267766919,38.262660221,0.731352401
070700010103,2010,33.667499846,32.5053235,0.67056491
070700010103,2011,24.321429749,23.628595655,0.634566402
070700010103,2012,12.443241227,11.695107053,0.573314539
070700010103,2013,24.318972383,23.483006622,0.674433092
070700010103,2014,39.833761292,38.835401732,0.712224072
070700010103,2015,29.046263525,28.131041687,0.630857802
070700010103,2016,33.73060852,32.748866362,0.692862581
070700010103,2017,33.72002009,32.683310205,0.719554358
070700010103,2018,39.245332392,36.945531381,0.627953829
070700010103,2019,42.763777764,41.728883856,0.691419586
070700010104,2010,35.03695016,33.85841186,0.683633075
070700010104,2011,24.708359656,24.014159434,0.644589089
070700010104,2012,12.96632738,12.221466795,0.581294433
070700010104,2013,25.172995819,24.335442404,0.684910718
070700010104,2014,40.706731828,39.678340439,0.725527621
070700010104,2015,29.291875355,28.373504725,0.641166666
070700010104,2016,33.371800033,32.383123778,0.70408393
070700010104,2017,34.46621207,33.4215464,0.73250922
070700010104,2018,39.407092728,37.002752843,0.638328925
070700010104,2019,43.265125913,42.201224418,0.703418573
