huc12_id,year,pscutot_mgd
020401010305,2010,0.0
020401010305,2011,0.0
020401010305,2012,0.0
020401010305,2013,0.0
020401010305,2014,0.0
020401010305,2015,0.0
020401010305,2016,0.0
020401010305,2017,0.0
020401010305,2018,0.0
020401010305,2019,0.0
020401010305,2020,0.0
020401010307,2010,0.007725926
020401010307,2011,0.007545964
020401010307,2012,0.008507386
020401010307,2013,0.008075943
020401010307,2014,0.00774954
020401010307,2015,0.007035464
020401010307,2016,0.007838852
020401010307,2017,0.00708689
020401010307,2018,0.006572801
020401010307,2019,0.007283972
020401010307,2020,0.007246035
020401010401,2010,0.0
020401010401,2011,0.0
020401010401,2012,0.0
020401010401,2013,0.0
020401010401,2014,0.0
020401010401,2015,0.0
020401010401,2016,0.0
020401010401,2017,0.0
020401010401,2018,0.0
020401010401,2019,0.0
020401010401,2020,0.0
020401010402,2010,0.0
020401010402,2011,0.0
020401010402,2012,0.0
020401010402,2013,0.0
020401010402,2014,0.0
020401010402,2015,0.0
020401010402,2016,0.0
020401010402,2017,0.0
020401010402,2018,0.0
020401010402,2019,0.0
020401010402,2020,0.0
020401010403,2010,3.3017e-05
020401010403,2011,3.2248e-05
020401010403,2012,3.6356e-05
020401010403,2013,3.4513e-05
020401010403,2014,3.3118e-05
020401010403,2015,3.0066e-05
020401010403,2016,3.3499e-05
020401010403,2017,3.0286e-05
020401010403,2018,2.8089e-05
020401010403,2019,3.1128e-05
020401010403,2020,3.0966e-05
020401010405,2010,0.0
020401010405,2011,0.0
020401010405,2012,0.0
020401010405,2013,0.0
020401010405,2014,0.0
020401010405,2015,0.0
020401010405,2016,0.0
020401010405,2017,0.0
020401010405,2018,0.0
020401010405,2019,0.0
020401010405,2020,0.0
020401010406,2010,0.0
020401010406,2011,0.0
020401010406,2012,0.0
020401010406,2013,0.0
020401010406,2014,0.0
020401010406,2015,0.0
020401010406,2016,0.0
020401010406,2017,0.0
020401010406,2018,0.0
020401010406,2019,0.0
020401010406,2020,0.0
020401010501,2010,0.005002105
020401010501,2011,0.004947334
020401010501,2012,0.004902494
020401010501,2013,0.004693564
020401010501,2014,0.004587013
020401010501,2015,0.005655218
020401010501,2016,0.006056778
020401010501,2017,0.005606898
020401010501,2018,0.004895606
020401010501,2019,0.005524882
020401010501,2020,0.005087542
020401010506,2010,0.000296421
020401010506,2011,0.000293175
020401010506,2012,0.000290518
020401010506,2013,0.000278137
020401010506,2014,0.000271823
020401010506,2015,0.000335124
020401010506,2016,0.00035892
020401010506,2017,0.000332261
020401010506,2018,0.00029011
020401010506,2019,0.0003274
020401010506,2020,0.000301484
020401010601,2010,0.0
020401010601,2011,0.0
020401010601,2012,0.0
020401010601,2013,0.0
020401010601,2014,0.0
020401010601,2015,0.0
020401010601,2016,0.0
020401010601,2017,0.0
020401010601,2018,0.0
020401010601,2019,0.0
020401010601,2020,0.0
020401010602,2010,5.4065e-05
020401010602,2011,5.0183e-05
020401010602,2012,5.4751e-05
020401010602,2013,5.4115e-05
020401010602,2014,5.2842e-05
020401010602,2015,5.258e-05
020401010602,2016,5.5473e-05
020401010602,2017,5.1455e-05
020401010602,2018,4.7172e-05
020401010602,2019,5.2817e-05
020401010602,2020,5.076e-05
020401010604,2010,0.01465514
020401010604,2011,0.020623265
020401010604,2012,0.022669599
020401010604,2013,0.019414464
020401010604,2014,0.018539879
020401010604,2015,0.016980051
020401010604,2016,0.016624169
020401010604,2017,0.016415622
020401010604,2018,0.015467767
020401010604,2019,0.01524737
020401010604,2020,0.015389587
020401010605,2010,0.000360189
020401010605,2011,0.000349094
020401010605,2012,0.000364542
020401010605,2013,0.00037501
020401010605,2014,0.000373447
020401010605,2015,0.000327903
020401010605,2016,0.000325523
020401010605,2017,0.000302546
020401010605,2018,0.00026998
020401010605,2019,0.00030495
020401010605,2020,0.00029571
020401010606,2010,0.003606223
020401010606,2011,0.003513842
020401010606,2012,0.003597201
020401010606,2013,0.00379931
020401010606,2014,0.003827905
020401010606,2015,0.003178559
020401010606,2016,0.003085144
020401010606,2017,0.002869111
020401010606,2018,0.002552989
020401010606,2019,0.002874192
020401010606,2020,0.002802456
020401030101,2010,0.0
020401030101,2011,0.0
020401030101,2012,0.0
020401030101,2013,0.0
020401030101,2014,0.0
020401030101,2015,0.0
020401030101,2016,0.0
020401030101,2017,0.0
020401030101,2018,0.0
020401030101,2019,0.0
020401030101,2020,0.0
020401030102,2010,0.013718757
020401030102,2011,0.012375245
020401030102,2012,0.013977075
020401030102,2013,0.013754709
020401030102,2014,0.012749958
020401030102,2015,0.012734393
020401030102,2016,0.012785919
020401030102,2017,0.007839622
020401030102,2018,0.008558662
020401030102,2019,0.008437667
020401030102,2020,0.008139179
020401030103,2010,0.007690091
020401030103,2011,0.006924423
020401030103,2012,0.007945639
020401030103,2013,0.007530019
020401030103,2014,0.007260109
020401030103,2015,0.007422695
020401030103,2016,0.007629123
020401030103,2017,0.006426401
020401030103,2018,0.005980749
020401030103,2019,0.006492493
020401030103,2020,0.006402063
020401030201,2010,0.0
020401030201,2011,0.0
020401030201,2012,0.0
020401030201,2013,0.0
020401030201,2014,0.0
020401030201,2015,0.0
020401030201,2016,0.0
020401030201,2017,0.0
020401030201,2018,0.0
020401030201,2019,0.0
020401030201,2020,0.0
020401030202,2010,8.5735e-05
020401030202,2011,8.1325e-05
020401030202,2012,8.9827e-05
020401030202,2013,8.6956e-05
020401030202,2014,8.526e-05
020401030202,2015,8.613e-05
020401030202,2016,8.9337e-05
020401030202,2017,8.1844e-05
020401030202,2018,7.4593e-05
020401030202,2019,8.3636e-05
020401030202,2020,7.7545e-05
020401030203,2010,0.01331112
020401030203,2011,0.012177629
020401030203,2012,0.013178433
020401030203,2013,0.012867741
020401030203,2014,0.012041174
020401030203,2015,0.012077975
020401030203,2016,0.012587851
020401030203,2017,0.010765958
020401030203,2018,0.009933522
020401030203,2019,0.010832177
020401030203,2020,0.010649469
020401030301,2010,2.7418e-05
020401030301,2011,2.4979e-05
020401030301,2012,3.1852e-05
020401030301,2013,4.4654e-05
020401030301,2014,4.1149e-05
020401030301,2015,3.5809e-05
020401030301,2016,3.2494e-05
020401030301,2017,2.7967e-05
020401030301,2018,2.1267e-05
020401030301,2019,2.4974e-05
020401030301,2020,2.6658e-05
020401030302,2010,0.005616069
020401030302,2011,0.00518816
020401030302,2012,0.006131112
020401030302,2013,0.006638996
020401030302,2014,0.006316793
020401030302,2015,0.00591408
020401030302,2016,0.005881914
020401030302,2017,0.004970207
020401030302,2018,0.004538097
020401030302,2019,0.004847964
020401030302,2020,0.004941079
020401030401,2010,0.001847618
020401030401,2011,0.001746817
020401030401,2012,0.001674985
020401030401,2013,0.001627835
020401030401,2014,0.001574152
020401030401,2015,0.001655679
020401030401,2016,0.001728556
020401030401,2017,0.001571726
020401030401,2018,0.001432268
020401030401,2019,0.001604511
020401030401,2020,0.001548938
020401030402,2010,0.005476577
020401030402,2011,0.005058764
020401030402,2012,0.005524828
020401030402,2013,0.005301163
020401030402,2014,0.005230233
020401030402,2015,0.015632587
020401030402,2016,0.016431375
020401030402,2017,0.015007962
020401030402,2018,0.013910913
020401030402,2019,0.015537573
020401030402,2020,0.015119747
020401030501,2010,6.2648e-05
020401030501,2011,5.9149e-05
020401030501,2012,6.6761e-05
020401030501,2013,6.498e-05
020401030501,2014,6.3616e-05
020401030501,2015,5.734e-05
020401030501,2016,5.6017e-05
020401030501,2017,5.4726e-05
020401030501,2018,4.9059e-05
020401030501,2019,5.4955e-05
020401030501,2020,5.429e-05
020401030502,2010,0.000644024
020401030502,2011,0.000639977
020401030502,2012,0.00067684
020401030502,2013,0.000636891
020401030502,2014,0.000626236
020401030502,2015,0.0006155
020401030502,2016,0.000621109
020401030502,2017,0.000550873
020401030502,2018,0.00049789
020401030502,2019,0.000669613
020401030502,2020,0.000661761
020401030503,2010,0.000443865
020401030503,2011,0.000420408
020401030503,2012,0.000504335
020401030503,2013,0.0004894
020401030503,2014,0.000447903
020401030503,2015,0.000459587
020401030503,2016,0.000472779
020401030503,2017,0.000458081
020401030503,2018,0.000418111
020401030503,2019,0.000459378
020401030503,2020,0.000450099
020401030504,2010,0.027614243
020401030504,2011,0.025210962
020401030504,2012,0.032085176
020401030504,2013,0.044093177
020401030504,2014,0.040674233
020401030504,2015,0.035563978
020401030504,2016,0.03250623
020401030504,2017,0.027994297
020401030504,2018,0.021473675
020401030504,2019,0.02514886
020401030504,2020,0.026760249
020401030505,2010,0.027314207
020401030505,2011,0.025789903
020401030505,2012,0.028823645
020401030505,2013,0.027595754
020401030505,2014,0.026350842
020401030505,2015,0.026883461
020401030505,2016,0.027057058
020401030505,2017,0.024402889
020401030505,2018,0.022346595
020401030505,2019,0.025028962
020401030505,2020,0.024645207
020401030601,2010,0.039097262
020401030601,2011,0.035296944
020401030601,2012,0.040766365
020401030601,2013,0.038806671
020401030601,2014,0.037367371
020401030601,2015,0.037758313
020401030601,2016,0.038841008
020401030601,2017,0.032264692
020401030601,2018,0.030633977
020401030601,2019,0.03265619
020401030601,2020,0.032217563
020401030602,2010,0.002015265
020401030602,2011,0.001975489
020401030602,2012,0.002261723
020401030602,2013,0.002096291
020401030602,2014,0.002011512
020401030602,2015,0.00209271
020401030602,2016,0.002164618
020401030602,2017,0.002026186
020401030602,2018,0.001798727
020401030602,2019,0.002038909
020401030602,2020,0.002139603
020401030603,2010,0.004662995
020401030603,2011,0.004468026
020401030603,2012,0.004783262
020401030603,2013,0.004905258
020401030603,2014,0.004823569
020401030603,2015,0.004394774
020401030603,2016,0.004382995
020401030603,2017,0.004036752
020401030603,2018,0.003619229
020401030603,2019,0.004019193
020401030603,2020,0.003948765
020401040401,2010,0.012884371
020401040401,2011,0.016728134
020401040401,2012,0.022509653
020401040401,2013,0.022316612
020401040401,2014,0.015786485
020401040401,2015,0.012667062
020401040401,2016,0.013002282
020401040401,2017,0.016875623
020401040401,2018,0.014308505
020401040401,2019,0.013838625
020401040401,2020,0.014334488
020401040402,2010,0.014524262
020401040402,2011,0.013765041
020401040402,2012,0.015699028
020401040402,2013,0.015160953
020401040402,2014,0.014823074
020401040402,2015,0.015273131
020401040402,2016,0.015549206
020401040402,2017,0.014581485
020401040402,2018,0.013365009
020401040402,2019,0.015067742
020401040402,2020,0.014981768
020401040403,2010,0.001155761
020401040403,2011,0.001096098
020401040403,2012,0.001221578
020401040403,2013,0.001192184
020401040403,2014,0.001140047
020401040403,2015,0.0011776
020401040403,2016,0.001190915
020401040403,2017,0.001112374
020401040403,2018,0.001010025
020401040403,2019,0.001135879
020401040403,2020,0.001121044
020401040504,2010,0.001209825
020401040504,2011,0.001150155
020401040504,2012,0.001240441
020401040504,2013,0.001223666
020401040504,2014,0.001169192
020401040504,2015,0.001240014
020401040504,2016,0.001217666
020401040504,2017,0.001135573
020401040504,2018,0.001031872
020401040504,2019,0.001203053
020401040504,2020,0.001197888
020401040505,2010,0.203945918
020401040505,2011,0.197737836
020401040505,2012,0.217733154
020401040505,2013,0.216019403
020401040505,2014,0.207346185
020401040505,2015,0.213831128
020401040505,2016,0.211091894
020401040505,2017,0.203897403
020401040505,2018,0.180322586
020401040505,2019,0.204613898
020401040505,2020,0.21258136
020401040601,2010,0.0
020401040601,2011,0.0
020401040601,2012,0.0
020401040601,2013,0.0
020401040601,2014,0.0
020401040601,2015,0.0
020401040601,2016,0.0
020401040601,2017,0.0
020401040601,2018,0.0
020401040601,2019,0.0
020401040601,2020,0.0
020401040602,2010,0.018327716
020401040602,2011,0.023795379
020401040602,2012,0.032019455
020401040602,2013,0.031744858
020401040602,2014,0.022455905
020401040602,2015,0.018018599
020401040602,2016,0.018495442
020401040602,2017,0.024005178
020401040602,2018,0.020353513
020401040602,2019,0.01968512
020401040602,2020,0.020390474
020401040603,2010,0.0
020401040603,2011,0.0
020401040603,2012,0.0
020401040603,2013,0.0
020401040603,2014,0.0
020401040603,2015,0.0
020401040603,2016,0.0
020401040603,2017,0.0
020401040603,2018,0.0
020401040603,2019,0.0
020401040603,2020,0.0
020401040604,2010,0.040218862
020401040604,2011,0.037566893
020401040604,2012,0.048794014
020401040604,2013,0.047430639
020401040604,2014,0.046646791
020401040604,2015,0.052020716
020401040604,2016,0.056175439
020401040604,2017,0.050239584
020401040604,2018,0.045119363
020401040604,2019,0.045223454
020401040604,2020,0.051026544
020401040605,2010,0.019344183
020401040605,2011,0.017167897
020401040605,2012,0.020410045
020401040605,2013,0.019666805
020401040605,2014,0.019374249
020401040605,2015,0.020102012
020401040605,2016,0.020467304
020401040605,2017,0.018959859
020401040605,2018,0.016977077
020401040605,2019,0.018861898
020401040605,2020,0.018934815
020401040606,2010,0.014193077
020401040606,2011,0.013208505
020401040606,2012,0.014882486
020401040606,2013,0.014193488
020401040606,2014,0.01374159
020401040606,2015,0.014519798
020401040606,2016,0.014683053
020401040606,2017,0.013842832
020401040606,2018,0.013053394
020401040606,2019,0.014232531
020401040606,2020,0.014530312
020401040701,2010,0.013288737
020401040701,2011,0.013009195
020401040701,2012,0.014544234
020401040701,2013,0.014254298
020401040701,2014,0.013571651
020401040701,2015,0.013578504
020401040701,2016,0.013984128
020401040701,2017,0.012731083
020401040701,2018,0.012006476
020401040701,2019,0.013766758
020401040701,2020,0.013722853
020401040702,2010,0.041004838
020401040702,2011,0.038809324
020401040702,2012,0.04424493
020401040702,2013,0.042739272
020401040702,2014,0.041836203
020401040702,2015,0.043026115
020401040702,2016,0.043849643
020401040702,2017,0.041132401
020401040702,2018,0.03763109
020401040702,2019,0.042454963
020401040702,2020,0.042218861
020401040703,2010,0.008408142
020401040703,2011,0.007943905
020401040703,2012,0.00860821
020401040703,2013,0.008358311
020401040703,2014,0.008034146
020401040703,2015,0.008319232
020401040703,2016,0.008247859
020401040703,2017,0.008160308
020401040703,2018,0.006981722
020401040703,2019,0.007857866
020401040703,2020,0.007893183
020401040704,2010,0.063430741
020401040704,2011,0.059190443
020401040704,2012,0.066307163
020401040704,2013,0.064650577
020401040704,2014,0.061366691
020401040704,2015,0.063444285
020401040704,2016,0.061930595
020401040704,2017,0.062219051
020401040704,2018,0.057903415
020401040704,2019,0.066039729
020401040704,2020,0.091425927
020401040705,2010,0.03371938
020401040705,2011,0.031107923
020401040705,2012,0.031702809
020401040705,2013,0.030973581
020401040705,2014,0.024680634
020401040705,2015,0.030970751
020401040705,2016,0.0309688
020401040705,2017,0.028774224
020401040705,2018,0.02577443
020401040705,2019,0.028469335
020401040705,2020,0.02775417
020401040801,2010,0.0
020401040801,2011,0.0
020401040801,2012,0.0
020401040801,2013,0.0
020401040801,2014,0.0
020401040801,2015,0.0
020401040801,2016,0.0
020401040801,2017,0.0
020401040801,2018,0.0
020401040801,2019,0.0
020401040801,2020,0.0
020401040802,2010,0.0
020401040802,2011,0.0
020401040802,2012,0.0
020401040802,2013,0.0
020401040802,2014,0.0
020401040802,2015,0.0
020401040802,2016,0.0
020401040802,2017,0.0
020401040802,2018,0.0
020401040802,2019,0.0
020401040802,2020,0.0
020401040803,2010,0.032977509
020401040803,2011,0.032703439
020401040803,2012,0.034230117
020401040803,2013,0.032401826
020401040803,2014,0.031661558
020401040803,2015,0.032278378
020401040803,2016,0.02999885
020401040803,2017,0.028379213
020401040803,2018,0.02665771
020401040803,2019,0.030144559
020401040803,2020,0.027748732
020401040804,2010,0.153700631
020401040804,2011,0.143164803
020401040804,2012,0.163638641
020401040804,2013,0.158960159
020401040804,2014,0.149308391
020401040804,2015,0.152767313
020401040804,2016,0.154728312
020401040804,2017,0.142177939
020401040804,2018,0.126161831
020401040804,2019,0.14102162
020401040804,2020,0.138045659
020401040805,2010,0.05936061
020401040805,2011,0.0550203
020401040805,2012,0.062548118
020401040805,2013,0.060544026
020401040805,2014,0.057042155
020401040805,2015,0.058513506
020401040805,2016,0.05884824
020401040805,2017,0.054197591
020401040805,2018,0.048272455
020401040805,2019,0.054209083
020401040805,2020,0.053014775
020401040901,2010,0.012768025
020401040901,2011,0.010962456
020401040901,2012,0.011920715
020401040901,2013,0.01174121
020401040901,2014,0.011687888
020401040901,2015,0.01141174
020401040901,2016,0.011224048
020401040901,2017,0.009971961
020401040901,2018,0.008568831
020401040901,2019,0.011089747
020401040901,2020,0.011912626
020401040902,2010,0.056180807
020401040902,2011,0.056015151
020401040902,2012,0.058386325
020401040902,2013,0.054276688
020401040902,2014,0.053125335
020401040902,2015,0.078008551
020401040902,2016,0.074597692
020401040902,2017,0.071178757
020401040902,2018,0.065502283
020401040902,2019,0.074261847
020401040902,2020,0.071948065
020401040903,2010,0.0
020401040903,2011,0.0
020401040903,2012,0.0
020401040903,2013,0.0
020401040903,2014,0.0
020401040903,2015,0.0
020401040903,2016,0.0
020401040903,2017,0.0
020401040903,2018,0.0
020401040903,2019,0.0
020401040903,2020,0.0
020401040904,2010,0.025037361
020401040904,2011,0.023655845
020401040904,2012,0.027100261
020401040904,2013,0.026552807
020401040904,2014,0.025621079
020401040904,2015,0.026443698
020401040904,2016,0.026561785
020401040904,2017,0.025126069
020401040904,2018,0.022734618
020401040904,2019,0.025879248
020401040904,2020,0.025803934
020401040905,2010,0.383929849
020401040905,2011,0.359024552
020401040905,2012,0.409980331
020401040905,2013,0.398447658
020401040905,2014,0.375565874
020401040905,2015,0.384755206
020401040905,2016,0.389971652
020401040905,2017,0.358906737
020401040905,2018,0.320579213
020401040905,2019,0.35999352
020401040905,2020,0.352604185
020401041004,2010,0.027462952
020401041004,2011,0.024623141
020401041004,2012,0.041812902
020401041004,2013,0.030658809
020401041004,2014,0.014652098
020401041004,2015,0.015644086
020401041004,2016,0.02778494
020401041004,2017,0.014663504
020401041004,2018,0.012600225
020401041004,2019,0.014318244
020401041004,2020,0.013552359
020401041005,2010,0.017912665
020401041005,2011,0.016546054
020401041005,2012,0.021342564
020401041005,2013,0.018619811
020401041005,2014,0.014723432
020401041005,2015,0.015260408
020401041005,2016,0.018224104
020401041005,2017,0.014151442
020401041005,2018,0.012463145
020401041005,2019,0.014285997
020401041005,2020,0.014156986
020401050301,2010,0.057403035
020401050301,2011,0.052078818
020401050301,2012,0.058615874
020401050301,2013,0.055961027
020401050301,2014,0.053961732
020401050301,2015,0.055222687
020401050301,2016,0.05552916
020401050301,2017,0.052447058
020401050301,2018,0.046859954
020401050301,2019,0.053527703
020401050301,2020,0.052710987
020401050302,2010,0.023863792
020401050302,2011,0.021651327
020401050302,2012,0.024369075
020401050302,2013,0.023265098
020401050302,2014,0.022435672
020401050302,2015,0.022959926
020401050302,2016,0.0230891
020401050302,2017,0.021805141
020401050302,2018,0.019481414
020401050302,2019,0.022252317
020401050302,2020,0.021910814
020401050303,2010,0.581044556
020401050303,2011,0.53952015
020401050303,2012,0.611771953
020401050303,2013,0.587920004
020401050303,2014,0.575511654
020401050303,2015,0.591746225
020401050303,2016,0.600233001
020401050303,2017,0.573724573
020401050303,2018,0.511504069
020401050303,2019,0.579639052
020401050303,2020,0.569617023
020401050601,2010,0.042882813
020401050601,2011,0.03985124
020401050601,2012,0.045419646
020401050601,2013,0.043863604
020401050601,2014,0.041041356
020401050601,2015,0.041962529
020401050601,2016,0.043151202
020401050601,2017,0.038381918
020401050601,2018,0.034718997
020401050601,2019,0.03730136
020401050601,2020,0.035893712
020401050602,2010,0.154282401
020401050602,2011,0.140636324
020401050602,2012,0.155022465
020401050602,2013,0.135542363
020401050602,2014,0.142109468
020401050602,2015,0.147214687
020401050602,2016,0.142274228
020401050602,2017,0.132275393
020401050602,2018,0.120126122
020401050602,2019,0.13496821
020401050602,2020,0.131626776
020401050603,2010,0.287196139
020401050603,2011,0.265758005
020401050603,2012,0.303385641
020401050603,2013,0.29061219
020401050603,2014,0.286861701
020401050603,2015,0.291790631
020401050603,2016,0.297270707
020401050603,2017,0.279951651
020401050603,2018,0.250420449
020401050603,2019,0.283810524
020401050603,2020,0.276185834
020401050604,2010,0.000246257
020401050604,2011,0.000220821
020401050604,2012,0.000250386
020401050604,2013,0.000244598
020401050604,2014,0.000239747
020401050604,2015,0.000262785
020401050604,2016,0.000263854
020401050604,2017,0.000247859
020401050604,2018,0.00022102
020401050604,2019,0.000275199
020401050604,2020,0.000277302
020401050605,2010,0.561770175
020401050605,2011,0.513592476
020401050605,2012,0.588312068
020401050605,2013,0.569231486
020401050605,2014,0.557466391
020401050605,2015,0.565186639
020401050605,2016,0.583135457
020401050605,2017,0.542790818
020401050605,2018,0.485249048
020401050605,2019,0.55537046
020401050605,2020,0.537835291
020401050701,2010,0.143847355
020401050701,2011,0.126410689
020401050701,2012,0.145940224
020401050701,2013,0.120315966
020401050701,2014,0.120386072
020401050701,2015,0.122146332
020401050701,2016,0.121045664
020401050701,2017,0.121463116
020401050701,2018,0.111909951
020401050701,2019,0.123014841
020401050701,2020,0.122404193
020401050702,2010,0.000878754
020401050702,2011,0.000828585
020401050702,2012,0.000924912
020401050702,2013,0.000876134
020401050702,2014,0.000840155
020401050702,2015,0.000851196
020401050702,2016,0.000872322
020401050702,2017,0.000818805
020401050702,2018,0.000747096
020401050702,2019,0.000869473
020401050702,2020,0.000849904
020401050703,2010,0.026958958
020401050703,2011,0.026204585
020401050703,2012,0.02856938
020401050703,2013,0.027414828
020401050703,2014,0.026595703
020401050703,2015,0.028103076
020401050703,2016,0.029113
020401050703,2017,0.026537652
020401050703,2018,0.02300269
020401050703,2019,0.02657008
020401050703,2020,0.025786693
020401050903,2010,0.0
020401050903,2011,0.0
020401050903,2012,0.0
020401050903,2013,0.0
020401050903,2014,0.0
020401050903,2015,0.0
020401050903,2016,0.0
020401050903,2017,0.0
020401050903,2018,0.0
020401050903,2019,0.0
020401050903,2020,0.0
020401050904,2010,0.036370746
020401050904,2011,0.033171605
020401050904,2012,0.037614638
020401050904,2013,0.036285171
020401050904,2014,0.036673571
020401050904,2015,0.037197596
020401050904,2016,0.039986859
020401050904,2017,0.033866127
020401050904,2018,0.031236219
020401050904,2019,0.033497811
020401050904,2020,0.031839473
020401050908,2010,0.015527209
020401050908,2011,0.014466295
020401050908,2012,0.014130204
020401050908,2013,0.013698552
020401050908,2014,0.016042558
020401050908,2015,0.018835526
020401050908,2016,0.015918746
020401050908,2017,0.018462996
020401050908,2018,0.016870829
020401050908,2019,0.01833141
020401050908,2020,0.017421804
020401050909,2010,0.197490846
020401050909,2011,0.182959673
020401050909,2012,0.210269108
020401050909,2013,0.215520265
020401050909,2014,0.219075621
020401050909,2015,0.213649036
020401050909,2016,0.211202986
020401050909,2017,0.242009727
020401050909,2018,0.224271947
020401050909,2019,0.253741009
020401050909,2020,0.225090171
020401050910,2010,0.073307238
020401050910,2011,0.065337665
020401050910,2012,0.075264519
020401050910,2013,0.07318317
020401050910,2014,0.070246195
020401050910,2015,0.072666693
020401050910,2016,0.071415393
020401050910,2017,0.072191573
020401050910,2018,0.064796059
020401050910,2019,0.071981005
020401050910,2020,0.068015716
020401050911,2010,0.955936299
020401050911,2011,0.847170912
020401050911,2012,0.975516802
020401050911,2013,0.936254844
020401050911,2014,0.905776143
020401050911,2015,0.932151195
020401050911,2016,0.916108605
020401050911,2017,0.851403927
020401050911,2018,0.780229529
020401050911,2019,0.842255417
020401050911,2020,0.816456498
020401060101,2010,0.06162342
020401060101,2011,0.061534985
020401060101,2012,0.064120708
020401060101,2013,0.05952482
020401060101,2014,0.058183306
020401060101,2015,0.059993132
020401060101,2016,0.055063676
020401060101,2017,0.052503322
020401060101,2018,0.049672559
020401060101,2019,0.05639573
020401060101,2020,0.051614499
020401060102,2010,0.007407817
020401060102,2011,0.009146265
020401060102,2012,0.009549889
020401060102,2013,0.008270974
020401060102,2014,0.008268568
020401060102,2015,0.007427105
020401060102,2016,0.007312562
020401060102,2017,0.006645983
020401060102,2018,0.006412619
020401060102,2019,0.007226952
020401060102,2020,0.006746197
020401060103,2010,0.002826858
020401060103,2011,0.002824665
020401060103,2012,0.002976911
020401060103,2013,0.002752519
020401060103,2014,0.002685253
020401060103,2015,0.002765482
020401060103,2016,0.002551416
020401060103,2017,0.002416347
020401060103,2018,0.002280085
020401060103,2019,0.002582824
020401060103,2020,0.0023713
020401060104,2010,0.000980231
020401060104,2011,0.00093515
020401060104,2012,0.001033037
020401060104,2013,0.000794132
020401060104,2014,0.000836215
020401060104,2015,0.000936358
020401060104,2016,0.000956171
020401060104,2017,0.000821484
020401060104,2018,0.000719445
020401060104,2019,0.000790841
020401060104,2020,0.000811245
020401060201,2010,0.007409387
020401060201,2011,0.007653955
020401060201,2012,0.009410189
020401060201,2013,0.007711343
020401060201,2014,0.008933108
020401060201,2015,0.009389403
020401060201,2016,0.007549559
020401060201,2017,0.007165385
020401060201,2018,0.00627074
020401060201,2019,0.006866961
020401060201,2020,0.006850842
020401060202,2010,0.0
020401060202,2011,0.0
020401060202,2012,0.0
020401060202,2013,0.0
020401060202,2014,0.0
020401060202,2015,0.0
020401060202,2016,0.0
020401060202,2017,0.0
020401060202,2018,0.0
020401060202,2019,0.0
020401060202,2020,0.0
020401060203,2010,0.002095112
020401060203,2011,0.00197333
020401060203,2012,0.002172003
020401060203,2013,0.002089377
020401060203,2014,0.002028728
020401060203,2015,0.00216244
020401060203,2016,0.002768998
020401060203,2017,0.001977115
020401060203,2018,0.001763118
020401060203,2019,0.001978068
020401060203,2020,0.001966714
020401060204,2010,0.015506095
020401060204,2011,0.014639905
020401060204,2012,0.010409313
020401060204,2013,0.010090916
020401060204,2014,0.013589648
020401060204,2015,0.013639694
020401060204,2016,0.01298932
020401060204,2017,0.0095699
020401060204,2018,0.011588442
020401060204,2019,0.014201538
020401060204,2020,0.011523844
020401060301,2010,0.000301686
020401060301,2011,0.000279456
020401060301,2012,0.000305471
020401060301,2013,0.00030022
020401060301,2014,0.000286904
020401060301,2015,0.000288765
020401060301,2016,0.000280271
020401060301,2017,0.000266218
020401060301,2018,0.00023811
020401060301,2019,0.000258795
020401060301,2020,0.000258868
020401060302,2010,0.025842473
020401060302,2011,0.026277393
020401060302,2012,0.028019383
020401060302,2013,0.024557388
020401060302,2014,0.020639719
020401060302,2015,0.020579469
020401060302,2016,0.020430402
020401060302,2017,0.019911317
020401060302,2018,0.016014209
020401060302,2019,0.019849398
020401060302,2020,0.018611606
020401060303,2010,0.000951848
020401060303,2011,0.00085574
020401060303,2012,0.000975601
020401060303,2013,0.000895586
020401060303,2014,0.000916314
020401060303,2015,0.000977382
020401060303,2016,0.000944508
020401060303,2017,0.000886954
020401060303,2018,0.000802517
020401060303,2019,0.000853242
020401060303,2020,0.000846048
020401060304,2010,0.004148271
020401060304,2011,0.003610766
020401060304,2012,0.003566233
020401060304,2013,0.003434976
020401060304,2014,0.003338093
020401060304,2015,0.003621605
020401060304,2016,0.003473765
020401060304,2017,0.003379362
020401060304,2018,0.003075877
020401060304,2019,0.004170714
020401060304,2020,0.004380486
020401060305,2010,0.13368211
020401060305,2011,0.110669581
020401060305,2012,0.120373857
020401060305,2013,0.105605094
020401060305,2014,0.104784137
020401060305,2015,0.106229009
020401060305,2016,0.103999332
020401060305,2017,0.111485222
020401060305,2018,0.099389066
020401060305,2019,0.109115359
020401060305,2020,0.109766968
020401060306,2010,7.2872e-05
020401060306,2011,6.7293e-05
020401060306,2012,7.3954e-05
020401060306,2013,7.0758e-05
020401060306,2014,6.673e-05
020401060306,2015,7.0079e-05
020401060306,2016,6.9438e-05
020401060306,2017,6.6155e-05
020401060306,2018,6.1463e-05
020401060306,2019,7.6072e-05
020401060306,2020,6.8058e-05
020401060307,2010,0.055902901
020401060307,2011,0.048188242
020401060307,2012,0.052621827
020401060307,2013,0.047776141
020401060307,2014,0.046451923
020401060307,2015,0.047757945
020401060307,2016,0.046982845
020401060307,2017,0.048095584
020401060307,2018,0.043558319
020401060307,2019,0.05017587
020401060307,2020,0.048155176
020401060308,2010,0.043265179
020401060308,2011,0.027421809
020401060308,2012,0.028557457
020401060308,2013,0.030712622
020401060308,2014,0.025163502
020401060308,2015,0.042812581
020401060308,2016,0.031679233
020401060308,2017,0.026050733
020401060308,2018,0.027167128
020401060308,2019,0.02841965
020401060308,2020,0.028258059
020401060309,2010,0.04226319
020401060309,2011,0.039604584
020401060309,2012,0.044242949
020401060309,2013,0.041712515
020401060309,2014,0.038852324
020401060309,2015,0.039523449
020401060309,2016,0.040065734
020401060309,2017,0.037077176
020401060309,2018,0.033137631
020401060309,2019,0.03748794
020401060309,2020,0.036375949
020401060310,2010,0.097170511
020401060310,2011,0.090151291
020401060310,2012,0.10053921
020401060310,2013,0.093528185
020401060310,2014,0.087864363
020401060310,2015,0.091266536
020401060310,2016,0.088931437
020401060310,2017,0.084384358
020401060310,2018,0.076626983
020401060310,2019,0.08753401
020401060310,2020,0.089126065
020401060401,2010,0.010147909
020401060401,2011,0.009462355
020401060401,2012,0.010468366
020401060401,2013,0.010277013
020401060401,2014,0.009544658
020401060401,2015,0.009677729
020401060401,2016,0.010840614
020401060401,2017,0.010024251
020401060401,2018,0.009126085
020401060401,2019,0.010172456
020401060401,2020,0.010026314
020401060402,2010,0.027122264
020401060402,2011,0.025252027
020401060402,2012,0.027947069
020401060402,2013,0.026740885
020401060402,2014,0.024271853
020401060402,2015,0.023897793
020401060402,2016,0.025061383
020401060402,2017,0.022377276
020401060402,2018,0.021579157
020401060402,2019,0.024250268
020401060402,2020,0.021900339
020401060403,2010,0.000141142
020401060403,2011,0.000127887
020401060403,2012,0.000145285
020401060403,2013,0.000142986
020401060403,2014,0.000138955
020401060403,2015,0.000148408
020401060403,2016,0.000178625
020401060403,2017,0.000172277
020401060403,2018,0.000145737
020401060403,2019,0.00015891
020401060403,2020,0.00017423
020401060404,2010,0.000466811
020401060404,2011,0.000435279
020401060404,2012,0.000486675
020401060404,2013,0.000465039
020401060404,2014,0.000455852
020401060404,2015,0.000449992
020401060404,2016,0.000458974
020401060404,2017,0.000427363
020401060404,2018,0.000399106
020401060404,2019,0.000426806
020401060404,2020,0.000413955
020401060501,2010,0.000558845
020401060501,2011,0.000514091
020401060501,2012,0.000572514
020401060501,2013,0.000496723
020401060501,2014,0.000494494
020401060501,2015,0.000500273
020401060501,2016,0.000509818
020401060501,2017,0.000478278
020401060501,2018,0.000410415
020401060501,2019,0.000478428
020401060501,2020,0.000451473
020401060502,2010,0.047774147
020401060502,2011,0.036063876
020401060502,2012,0.044686715
020401060502,2013,0.042824223
020401060502,2014,0.038143782
020401060502,2015,0.038691768
020401060502,2016,0.040947052
020401060502,2017,0.036772337
020401060502,2018,0.033839285
020401060502,2019,0.036879723
020401060502,2020,0.036312199
020401060601,2010,0.000491986
020401060601,2011,0.000436858
020401060601,2012,0.000486735
020401060601,2013,0.000456844
020401060601,2014,0.000398958
020401060601,2015,0.000411698
020401060601,2016,0.000407505
020401060601,2017,0.000357165
020401060601,2018,0.000357412
020401060601,2019,0.00038012
020401060601,2020,0.000415858
020401060602,2010,0.394118219
020401060602,2011,0.360850833
020401060602,2012,0.401498163
020401060602,2013,0.405365112
020401060602,2014,0.380181893
020401060602,2015,0.395453601
020401060602,2016,0.401250204
020401060602,2017,0.380007566
020401060602,2018,0.342092674
020401060602,2019,0.389416224
020401060602,2020,0.375017936
020401060701,2010,0.177003341
020401060701,2011,0.157788389
020401060701,2012,0.167531519
020401060701,2013,0.157348208
020401060701,2014,0.1546251
020401060701,2015,0.16853222
020401060701,2016,0.181888334
020401060701,2017,0.170008542
020401060701,2018,0.152772803
020401060701,2019,0.170758686
020401060701,2020,0.16975406
020401060702,2010,0.37841881
020401060702,2011,0.34129051
020401060702,2012,0.366465958
020401060702,2013,0.345238685
020401060702,2014,0.338380751
020401060702,2015,0.363812616
020401060702,2016,0.388083447
020401060702,2017,0.363498325
020401060702,2018,0.321983506
020401060702,2019,0.355250323
020401060702,2020,0.351898998
020401060703,2010,1.158032043
020401060703,2011,1.048134821
020401060703,2012,1.174492387
020401060703,2013,1.157919344
020401060703,2014,1.098599638
020401060703,2015,1.167490646
020401060703,2016,1.190609622
020401060703,2017,1.061514919
020401060703,2018,0.95575549
020401060703,2019,1.083556464
020401060703,2020,1.003568768
020401060801,2010,0.004506444
020401060801,2011,0.003933848
020401060801,2012,0.004155489
020401060801,2013,0.004026652
020401060801,2014,0.004120166
020401060801,2015,0.003889482
020401060801,2016,0.003916061
020401060801,2017,0.003716875
020401060801,2018,0.003584466
020401060801,2019,0.004065285
020401060801,2020,0.003690445
020401060802,2010,0.054588173
020401060802,2011,0.047999635
020401060802,2012,0.052519526
020401060802,2013,0.051563745
020401060802,2014,0.034541153
020401060802,2015,0.034379865
020401060802,2016,0.045223687
020401060802,2017,0.046262799
020401060802,2018,0.043061541
020401060802,2019,0.042150171
020401060802,2020,0.041923092
020401060803,2010,0.005866895
020401060803,2011,0.005531715
020401060803,2012,0.004641
020401060803,2013,0.003927163
020401060803,2014,0.004875329
020401060803,2015,0.005280149
020401060803,2016,0.005726703
020401060803,2017,0.005293106
020401060803,2018,0.004967549
020401060803,2019,0.005549087
020401060803,2020,0.006215941
020401060804,2010,0.161116226
020401060804,2011,0.144306253
020401060804,2012,0.158583023
020401060804,2013,0.153528346
020401060804,2014,0.146318829
020401060804,2015,0.153716287
020401060804,2016,0.157563535
020401060804,2017,0.150155221
020401060804,2018,0.13817795
020401060804,2019,0.152671279
020401060804,2020,0.154972483
020401060805,2010,0.007587482
020401060805,2011,0.007609101
020401060805,2012,0.001550977
020401060805,2013,0.001384804
020401060805,2014,0.006615021
020401060805,2015,0.007126323
020401060805,2016,0.007162223
020401060805,2017,0.006798525
020401060805,2018,0.006290976
020401060805,2019,0.006971286
020401060805,2020,0.013110159
020401060806,2010,0.035104046
020401060806,2011,0.032646153
020401060806,2012,0.03627857
020401060806,2013,0.034881086
020401060806,2014,0.034417735
020401060806,2015,0.036229406
020401060806,2016,0.03710009
020401060806,2017,0.035597538
020401060806,2018,0.031351148
020401060806,2019,0.036199728
020401060806,2020,0.036950237
020401060807,2010,0.112672682
020401060807,2011,0.104500108
020401060807,2012,0.115256408
020401060807,2013,0.110055271
020401060807,2014,0.109965654
020401060807,2015,0.114033136
020401060807,2016,0.116511067
020401060807,2017,0.11088475
020401060807,2018,0.09814142
020401060807,2019,0.113242889
020401060807,2020,0.114263906
020401060808,2010,0.050747603
020401060808,2011,0.052351519
020401060808,2012,0.057230196
020401060808,2013,0.057233198
020401060808,2014,0.055328243
020401060808,2015,0.052382479
020401060808,2016,0.05644997
020401060808,2017,0.057513566
020401060808,2018,0.042049253
020401060808,2019,0.052669702
020401060808,2020,0.051537432
020401060809,2010,0.021275136
020401060809,2011,0.01932062
020401060809,2012,0.021911365
020401060809,2013,0.021081018
020401060809,2014,0.020276359
020401060809,2015,0.021666707
020401060809,2016,0.021618369
020401060809,2017,0.021004444
020401060809,2018,0.018792197
020401060809,2019,0.022040531
020401060809,2020,0.020923405
020401060810,2010,0.491113452
020401060810,2011,0.447300784
020401060810,2012,0.485012091
020401060810,2013,0.468225576
020401060810,2014,0.457360822
020401060810,2015,0.484405864
020401060810,2016,0.48617511
020401060810,2017,0.462008093
020401060810,2018,0.408681073
020401060810,2019,0.453480551
020401060810,2020,0.429795202
020401060811,2010,0.12956715
020401060811,2011,0.118720304
020401060811,2012,0.132243148
020401060811,2013,0.127615363
020401060811,2014,0.123832308
020401060811,2015,0.129100702
020401060811,2016,0.131306928
020401060811,2017,0.125148892
020401060811,2018,0.110575185
020401060811,2019,0.125643847
020401060811,2020,0.121060324
020401060812,2010,0.251503846
020401060812,2011,0.22925554
020401060812,2012,0.247713942
020401060812,2013,0.238710741
020401060812,2014,0.233899595
020401060812,2015,0.24745433
020401060812,2016,0.248560784
020401060812,2017,0.235489441
020401060812,2018,0.207876075
020401060812,2019,0.229435054
020401060812,2020,0.217586078
020401060813,2010,1.359871867
020401060813,2011,1.255067504
020401060813,2012,1.390430013
020401060813,2013,1.355642014
020401060813,2014,1.316110108
020401060813,2015,1.370342113
020401060813,2016,1.388705213
020401060813,2017,1.323714427
020401060813,2018,1.171529221
020401060813,2019,1.31985051
020401060813,2020,1.277371973
020402010201,2010,0.082095095
020402010201,2011,0.077762791
020402010201,2012,0.08886912
020402010201,2013,0.08488053
020402010201,2014,0.080216599
020402010201,2015,0.084632796
020402010201,2016,0.084596007
020402010201,2017,0.080088786
020402010201,2018,0.073215932
020402010201,2019,0.086978345
020402010201,2020,0.085639429
020402010202,2010,0.519103113
020402010202,2011,0.497806453
020402010202,2012,0.549412244
020402010202,2013,0.527569698
020402010202,2014,0.530498291
020402010202,2015,0.537922187
020402010202,2016,0.538282027
020402010202,2017,0.506581924
020402010202,2018,0.462678971
020402010202,2019,0.536127455
020402010202,2020,0.500744984
020402010203,2010,0.627890557
020402010203,2011,0.586152843
020402010203,2012,0.611049895
020402010203,2013,0.552741344
020402010203,2014,0.611162345
020402010203,2015,0.60036477
020402010203,2016,0.593648346
020402010203,2017,0.608030968
020402010203,2018,0.529894954
020402010203,2019,0.591312508
020402010203,2020,0.557792182
020402010204,2010,0.284420669
020402010204,2011,0.268122521
020402010204,2012,0.276373682
020402010204,2013,0.24883077
020402010204,2014,0.267593229
020402010204,2015,0.279145276
020402010204,2016,0.272187445
020402010204,2017,0.263669704
020402010204,2018,0.232702501
020402010204,2019,0.273433877
020402010204,2020,0.278432018
020402010301,2010,0.091644898
020402010301,2011,0.081273514
020402010301,2012,0.092270467
020402010301,2013,0.086905384
020402010301,2014,0.082087537
020402010301,2015,0.084130516
020402010301,2016,0.082183354
020402010301,2017,0.079808096
020402010301,2018,0.067516019
020402010301,2019,0.078111089
020402010301,2020,0.071796631
020402010302,2010,0.476246744
020402010302,2011,0.408369352
020402010302,2012,0.499498108
020402010302,2013,0.463232434
020402010302,2014,0.442227392
020402010302,2015,0.454020648
020402010302,2016,0.429948532
020402010302,2017,0.412310662
020402010302,2018,0.361060326
020402010302,2019,0.41185364
020402010302,2020,0.39980109
020402010303,2010,0.756101017
020402010303,2011,0.683584182
020402010303,2012,0.767719077
020402010303,2013,0.740457869
020402010303,2014,0.734996707
020402010303,2015,0.766901355
020402010303,2016,0.74239691
020402010303,2017,0.718214897
020402010303,2018,0.652626214
020402010303,2019,0.732251625
020402010303,2020,0.692863858
020402010403,2010,0.237831772
020402010403,2011,0.227674599
020402010403,2012,0.250167874
020402010403,2013,0.240769725
020402010403,2014,0.242535125
020402010403,2015,0.241934768
020402010403,2016,0.22983827
020402010403,2017,0.228309578
020402010403,2018,0.215015061
020402010403,2019,0.207330159
020402010403,2020,0.196905839
020402010404,2010,0.444602866
020402010404,2011,0.406270105
020402010404,2012,0.463799685
020402010404,2013,0.45185813
020402010404,2014,0.434550666
020402010404,2015,0.448269201
020402010404,2016,0.44083084
020402010404,2017,0.416677433
020402010404,2018,0.375022838
020402010404,2019,0.413529767
020402010404,2020,0.398175216
020402010405,2010,1.288180223
020402010405,2011,1.139353238
020402010405,2012,1.263823212
020402010405,2013,1.198086158
020402010405,2014,1.191038449
020402010405,2015,1.15158819
020402010405,2016,1.041551186
020402010405,2017,1.016012718
020402010405,2018,0.996747195
020402010405,2019,0.991125541
020402010405,2020,0.949835853
020402010407,2010,1.456146633
020402010407,2011,1.332612804
020402010407,2012,1.497969122
020402010407,2013,1.439267555
020402010407,2014,1.411652009
020402010407,2015,1.411502301
020402010407,2016,1.239227318
020402010407,2017,1.348903496
020402010407,2018,1.267685609
020402010407,2019,1.358135044
020402010407,2020,1.269542596
020402020301,2010,2.468784483
020402020301,2011,2.273830564
020402020301,2012,2.542722173
020402020301,2013,2.490183041
020402020301,2014,2.472176173
020402020301,2015,2.488939587
020402020301,2016,2.434691886
020402020301,2017,2.312410387
020402020301,2018,2.071703307
020402020301,2019,2.355081468
020402020301,2020,2.145445586
020402020303,2010,1.391767837
020402020303,2011,1.228006174
020402020303,2012,1.470947873
020402020303,2013,1.342427743
020402020303,2014,1.38080089
020402020303,2015,1.366945325
020402020303,2016,1.330026664
020402020303,2017,1.316149939
020402020303,2018,1.145691171
020402020303,2019,1.32091541
020402020303,2020,1.249671574
020402020304,2010,5.112470819
020402020304,2011,4.699889155
020402020304,2012,5.259275832
020402020304,2013,5.156939306
020402020304,2014,5.124217814
020402020304,2015,5.148679766
020402020304,2016,5.057537937
020402020304,2017,4.806730161
020402020304,2018,4.292525891
020402020304,2019,4.900511929
020402020304,2020,4.463773921
020402020305,2010,0.544577833
020402020305,2011,0.504890364
020402020305,2012,0.566010313
020402020305,2013,0.541722532
020402020305,2014,0.53649432
020402020305,2015,0.54371544
020402020305,2016,0.394369165
020402020305,2017,0.522128532
020402020305,2018,0.476575743
020402020305,2019,0.547062287
020402020305,2020,0.49928196
020402020402,2010,6.217471899
020402020402,2011,5.670762106
020402020402,2012,6.417366805
020402020402,2013,6.276950757
020402020402,2014,6.246942115
020402020402,2015,6.277310778
020402020402,2016,6.173886765
020402020402,2017,5.870969644
020402020402,2018,5.233606842
020402020402,2019,6.000078083
020402020402,2020,5.478256788
020402020403,2010,3.276398614
020402020403,2011,3.033274391
020402020403,2012,3.370669348
020402020403,2013,3.260024946
020402020403,2014,3.208348904
020402020403,2015,3.278524189
020402020403,2016,2.992470255
020402020403,2017,2.975168772
020402020403,2018,2.689364291
020402020403,2019,3.065967237
020402020403,2020,2.797576195
020402020405,2010,8.486912329
020402020405,2011,7.86806094
020402020405,2012,8.755704887
020402020405,2013,8.498414307
020402020405,2014,8.392975864
020402020405,2015,8.522800207
020402020405,2016,7.998549417
020402020405,2017,7.833454554
020402020405,2018,7.025616986
020402020405,2019,8.010976772
020402020405,2020,7.28788751
020402020504,2010,3.919636977
020402020504,2011,3.454702682
020402020504,2012,4.102804642
020402020504,2013,3.971579274
020402020504,2014,3.978842163
020402020504,2015,3.999644899
020402020504,2016,3.95428888
020402020504,2017,3.768941236
020402020504,2018,3.334974741
020402020504,2019,3.890619743
020402020504,2020,3.586567987
020402020505,2010,4.181359867
020402020505,2011,3.511576393
020402020505,2012,4.459341586
020402020505,2013,4.257644856
020402020505,2014,4.30322555
020402020505,2015,4.327812691
020402020505,2016,4.308104922
020402020505,2017,4.118499863
020402020505,2018,3.609086076
020402020505,2019,4.30651773
020402020505,2020,4.018169113
020402020507,2010,0.977793079
020402020507,2011,0.904982387
020402020507,2012,1.042027946
020402020507,2013,0.988817521
020402020507,2014,0.972817779
020402020507,2015,0.986389876
020402020507,2016,0.715967792
020402020507,2017,0.999061135
020402020507,2018,0.906563486
020402020507,2019,1.052937435
020402020507,2020,0.960459046
020402020601,2010,1.642960678
020402020601,2011,1.378972242
020402020601,2012,1.752573308
020402020601,2013,1.673032693
020402020601,2014,1.691119627
020402020601,2015,1.700791744
020402020601,2016,1.69318234
020402020601,2017,1.618719792
020402020601,2018,1.418340814
020402020601,2019,1.692869279
020402020601,2020,1.579738493
020402020602,2010,1.294167486
020402020602,2011,1.107511973
020402020602,2012,1.372543972
020402020602,2013,1.302347225
020402020602,2014,1.311455906
020402020602,2015,1.319074725
020402020602,2016,1.309724857
020402020602,2017,1.256805138
020402020602,2018,1.092908361
020402020602,2019,1.297946718
020402020602,2020,1.225505229
020402020603,2010,0.320018953
020402020603,2011,0.268618709
020402020603,2012,0.341354794
020402020603,2013,0.325863497
020402020603,2014,0.329379936
020402020603,2015,0.331250871
020402020603,2016,0.329770284
020402020603,2017,0.31527237
020402020603,2018,0.276243518
020402020603,2019,0.329693843
020402020603,2020,0.307669874
020402020604,2010,0.649336233
020402020604,2011,0.569915069
020402020604,2012,0.648208918
020402020604,2013,0.605229883
020402020604,2014,0.600925107
020402020604,2015,0.628375763
020402020604,2016,0.595950391
020402020604,2017,0.579194905
020402020604,2018,0.494517514
020402020604,2019,0.580429421
020402020604,2020,0.568940024
020402020605,2010,1.516917312
020402020605,2011,1.355251836
020402020605,2012,1.588097713
020402020605,2013,1.485395364
020402020605,2014,1.483347856
020402020605,2015,1.492145915
020402020605,2016,1.471736959
020402020605,2017,1.423424785
020402020605,2018,1.216971443
020402020605,2019,1.437591325
020402020605,2020,1.388797464
020402020607,2010,1.183159053
020402020607,2011,1.088058335
020402020607,2012,1.234300599
020402020607,2013,1.143887958
020402020607,2014,1.135736663
020402020607,2015,1.144679823
020402020607,2016,1.05647641
020402020607,2017,1.106043153
020402020607,2018,0.947079436
020402020607,2019,1.097644996
020402020607,2020,1.071229657
020402020608,2010,0.929048743
020402020608,2011,0.790553787
020402020608,2012,0.89068148
020402020608,2013,0.830808517
020402020608,2014,0.827188677
020402020608,2015,0.900240382
020402020608,2016,0.822379593
020402020608,2017,0.803755571
020402020608,2018,0.694031818
020402020608,2019,0.816929643
020402020608,2020,0.792923662
020402030101,2010,0.029598432
020402030101,2011,0.026281776
020402030101,2012,0.032388232
020402030101,2013,0.031730496
020402030101,2014,0.029323197
020402030101,2015,0.024425616
020402030101,2016,0.0253872
020402030101,2017,0.023841866
020402030101,2018,0.018114115
020402030101,2019,0.019891625
020402030101,2020,0.019177656
020402030102,2010,0.174807699
020402030102,2011,0.189588912
020402030102,2012,0.191533633
020402030102,2013,0.190550927
020402030102,2014,0.180632205
020402030102,2015,0.174557626
020402030102,2016,0.174508794
020402030102,2017,0.164337984
020402030102,2018,0.12020492
020402030102,2019,0.132781772
020402030102,2020,0.1250345
020402030103,2010,0.002612318
020402030103,2011,0.002168211
020402030103,2012,0.002413126
020402030103,2013,0.002305583
020402030103,2014,0.002256077
020402030103,2015,0.002279453
020402030103,2016,0.002455794
020402030103,2017,0.002376632
020402030103,2018,0.002330072
020402030103,2019,0.002944632
020402030103,2020,0.002655427
020402030201,2010,0.051234669
020402030201,2011,0.045456898
020402030201,2012,0.051621026
020402030201,2013,0.048344224
020402030201,2014,0.046760627
020402030201,2015,0.047932045
020402030201,2016,0.048795276
020402030201,2017,0.045594069
020402030201,2018,0.040528215
020402030201,2019,0.045526959
020402030201,2020,0.04517564
020402030202,2010,0.007634698
020402030202,2011,0.006766037
020402030202,2012,0.007672081
020402030202,2013,0.007219063
020402030202,2014,0.007010302
020402030202,2015,0.007181333
020402030202,2016,0.007326418
020402030202,2017,0.006846887
020402030202,2018,0.006072545
020402030202,2019,0.006829164
020402030202,2020,0.006794308
020402030203,2010,0.231383029
020402030203,2011,0.203863259
020402030203,2012,0.218790225
020402030203,2013,0.183606161
020402030203,2014,0.200646069
020402030203,2015,0.192524511
020402030203,2016,0.197429764
020402030203,2017,0.182415847
020402030203,2018,0.172056605
020402030203,2019,0.19680223
020402030203,2020,0.195162197
020402030204,2010,0.133893093
020402030204,2011,0.118659002
020402030204,2012,0.1345487
020402030204,2013,0.126603917
020402030204,2014,0.122942789
020402030204,2015,0.125942229
020402030204,2016,0.128486656
020402030204,2017,0.120076909
020402030204,2018,0.106496924
020402030204,2019,0.119766096
020402030204,2020,0.119154809
020402030205,2010,0.010170998
020402030205,2011,0.00993205
020402030205,2012,0.008165653
020402030205,2013,0.007674936
020402030205,2014,0.008408485
020402030205,2015,0.008215966
020402030205,2016,0.00837667
020402030205,2017,0.007941446
020402030205,2018,0.006960331
020402030205,2019,0.008025971
020402030205,2020,0.007665177
020402030206,2010,0.002039216
020402030206,2011,0.001814811
020402030206,2012,0.002015373
020402030206,2013,0.001857294
020402030206,2014,0.001813427
020402030206,2015,0.001891135
020402030206,2016,0.001869895
020402030206,2017,0.001764419
020402030206,2018,0.001556871
020402030206,2019,0.001653173
020402030206,2020,0.00194294
020402030207,2010,0.169963478
020402030207,2011,0.15068033
020402030207,2012,0.168465537
020402030207,2013,0.156541975
020402030207,2014,0.15170152
020402030207,2015,0.154617869
020402030207,2016,0.159244431
020402030207,2017,0.148102377
020402030207,2018,0.130084424
020402030207,2019,0.144523394
020402030207,2020,0.148184445
020402030301,2010,0.005942679
020402030301,2011,0.004596496
020402030301,2012,0.00508381
020402030301,2013,0.004748611
020402030301,2014,0.00457719
020402030301,2015,0.004745588
020402030301,2016,0.004821211
020402030301,2017,0.004495576
020402030301,2018,0.003989869
020402030301,2019,0.004628407
020402030301,2020,0.004464775
020402030302,2010,0.0
020402030302,2011,0.0
020402030302,2012,0.0
020402030302,2013,0.0
020402030302,2014,0.0
020402030302,2015,0.0
020402030302,2016,0.0
020402030302,2017,0.0
020402030302,2018,0.0
020402030302,2019,0.0
020402030302,2020,0.0
020402030303,2010,0.005925374
020402030303,2011,0.004780136
020402030303,2012,0.005481022
020402030303,2013,0.005108016
020402030303,2014,0.005068858
020402030303,2015,0.005256108
020402030303,2016,0.005268666
020402030303,2017,0.005001819
020402030303,2018,0.004336115
020402030303,2019,0.004925311
020402030303,2020,0.004824234
020402030304,2010,0.075633635
020402030304,2011,0.069430109
020402030304,2012,0.076455975
020402030304,2013,0.069826962
020402030304,2014,0.06764963
020402030304,2015,0.069232348
020402030304,2016,0.069936424
020402030304,2017,0.065054998
020402030304,2018,0.057019867
020402030304,2019,0.063835161
020402030304,2020,0.059791331
020402030305,2010,0.0
020402030305,2011,0.0
020402030305,2012,0.0
020402030305,2013,0.0
020402030305,2014,0.0
020402030305,2015,0.0
020402030305,2016,0.0
020402030305,2017,0.0
020402030305,2018,0.0
020402030305,2019,0.0
020402030305,2020,0.0
020402030306,2010,0.129598612
020402030306,2011,0.118335391
020402030306,2012,0.125861385
020402030306,2013,0.11808656
020402030306,2014,0.123433815
020402030306,2015,0.128766328
020402030306,2016,0.12690609
020402030306,2017,0.118661199
020402030306,2018,0.10380381
020402030306,2019,0.127095313
020402030306,2020,0.121229902
020402030307,2010,0.003130176
020402030307,2011,0.00291002
020402030307,2012,0.003099095
020402030307,2013,0.00294144
020402030307,2014,0.002876884
020402030307,2015,0.002983244
020402030307,2016,0.003042506
020402030307,2017,0.002899371
020402030307,2018,0.002589328
020402030307,2019,0.00297246
020402030307,2020,0.002846195
020402030401,2010,0.035286906
020402030401,2011,0.033071481
020402030401,2012,0.037352931
020402030401,2013,0.035222841
020402030401,2014,0.036226213
020402030401,2015,0.037470326
020402030401,2016,0.036899573
020402030401,2017,0.036359079
020402030401,2018,0.030903702
020402030401,2019,0.035764738
020402030401,2020,0.058561367
020402030402,2010,0.084663657
020402030402,2011,0.079096707
020402030402,2012,0.089685843
020402030402,2013,0.083520408
020402030402,2014,0.083689072
020402030402,2015,0.087278075
020402030402,2016,0.086141462
020402030402,2017,0.084969859
020402030402,2018,0.07341249
020402030402,2019,0.077433841
020402030402,2020,0.072044698
020402030403,2010,0.052509221
020402030403,2011,0.047994399
020402030403,2012,0.055403663
020402030403,2013,0.053371181
020402030403,2014,0.049234583
020402030403,2015,0.05170802
020402030403,2016,0.054425715
020402030403,2017,0.049312402
020402030403,2018,0.04541527
020402030403,2019,0.050254665
020402030403,2020,0.049882386
020402030404,2010,0.0
020402030404,2011,0.0
020402030404,2012,0.0
020402030404,2013,0.0
020402030404,2014,0.0
020402030404,2015,0.0
020402030404,2016,0.0
020402030404,2017,0.0
020402030404,2018,0.0
020402030404,2019,0.0
020402030404,2020,0.0
020402030405,2010,0.006661219
020402030405,2011,0.006467676
020402030405,2012,0.007299801
020402030405,2013,0.006587409
020402030405,2014,0.006830722
020402030405,2015,0.006989044
020402030405,2016,0.006775773
020402030405,2017,0.006824118
020402030405,2018,0.006492699
020402030405,2019,0.007681603
020402030405,2020,0.00733048
020402030406,2010,0.078122878
020402030406,2011,0.074227983
020402030406,2012,0.083741851
020402030406,2013,0.078896966
020402030406,2014,0.074753498
020402030406,2015,0.078110718
020402030406,2016,0.076326459
020402030406,2017,0.071862697
020402030406,2018,0.064885604
020402030406,2019,0.075397324
020402030406,2020,0.068015744
020402030407,2010,5.9831e-05
020402030407,2011,5.8093e-05
020402030407,2012,6.5567e-05
020402030407,2013,5.9168e-05
020402030407,2014,6.1354e-05
020402030407,2015,6.2776e-05
020402030407,2016,6.086e-05
020402030407,2017,6.1294e-05
020402030407,2018,5.8318e-05
020402030407,2019,6.8996e-05
020402030407,2020,6.5843e-05
020402030408,2010,0.154450914
020402030408,2011,0.152331774
020402030408,2012,0.169816251
020402030408,2013,0.162553865
020402030408,2014,0.148536615
020402030408,2015,0.163122583
020402030408,2016,0.154398618
020402030408,2017,0.147268568
020402030408,2018,0.1379212
020402030408,2019,0.156526708
020402030408,2020,0.147564085
020402030409,2010,0.063665586
020402030409,2011,0.062856966
020402030409,2012,0.069906983
020402030409,2013,0.066975387
020402030409,2014,0.061363975
020402030409,2015,0.067425599
020402030409,2016,0.064021447
020402030409,2017,0.060980123
020402030409,2018,0.057361311
020402030409,2019,0.064927451
020402030409,2020,0.061678122
020402030501,2010,0.0
020402030501,2011,0.0
020402030501,2012,0.0
020402030501,2013,0.0
020402030501,2014,0.0
020402030501,2015,0.0
020402030501,2016,0.0
020402030501,2017,0.0
020402030501,2018,0.0
020402030501,2019,0.0
020402030501,2020,0.0
020402030502,2010,0.022887573
020402030502,2011,0.02167175
020402030502,2012,0.022201806
020402030502,2013,0.021621763
020402030502,2014,0.022098543
020402030502,2015,0.022287935
020402030502,2016,0.021727003
020402030502,2017,0.019685581
020402030502,2018,0.018223391
020402030502,2019,0.020734916
020402030502,2020,0.020163736
020402030503,2010,0.087670856
020402030503,2011,0.074072425
020402030503,2012,0.085748669
020402030503,2013,0.083538947
020402030503,2014,0.077260834
020402030503,2015,0.078719297
020402030503,2016,0.078433298
020402030503,2017,0.0737984
020402030503,2018,0.065211884
020402030503,2019,0.075363188
020402030503,2020,0.071658245
020402030601,2010,0.012003986
020402030601,2011,0.01187586
020402030601,2012,0.013218137
020402030601,2013,0.012552953
020402030601,2014,0.01136214
020402030601,2015,0.012553018
020402030601,2016,0.011797517
020402030601,2017,0.011279362
020402030601,2018,0.010571282
020402030601,2019,0.011960111
020402030601,2020,0.011317869
020402030602,2010,0.024846131
020402030602,2011,0.024358967
020402030602,2012,0.027031534
020402030602,2013,0.025980564
020402030602,2014,0.023559268
020402030602,2015,0.026067159
020402030602,2016,0.024592198
020402030602,2017,0.023636981
020402030602,2018,0.022019895
020402030602,2019,0.024928671
020402030602,2020,0.023731486
020402030603,2010,0.134233602
020402030603,2011,0.127451843
020402030603,2012,0.13862501
020402030603,2013,0.128642588
020402030603,2014,0.124018755
020402030603,2015,0.13187344
020402030603,2016,0.127137402
020402030603,2017,0.121165942
020402030603,2018,0.11172717
020402030603,2019,0.122184009
020402030603,2020,0.117919786
020402030604,2010,0.322366328
020402030604,2011,0.317902667
020402030604,2012,0.354179864
020402030604,2013,0.343423063
020402030604,2014,0.312600824
020402030604,2015,0.307367515
020402030604,2016,0.288106612
020402030604,2017,0.276877408
020402030604,2018,0.259957817
020402030604,2019,0.29486695
020402030604,2020,0.279094452
020402030605,2010,0.357285324
020402030605,2011,0.345772477
020402030605,2012,0.383415756
020402030605,2013,0.364727015
020402030605,2014,0.346641124
020402030605,2015,0.369321707
020402030605,2016,0.363281534
020402030605,2017,0.340484916
020402030605,2018,0.319545402
020402030605,2019,0.362766514
020402030605,2020,0.346583985
020402030606,2010,0.02137296
020402030606,2011,0.021328905
020402030606,2012,0.023757844
020402030606,2013,0.022844815
020402030606,2014,0.020525196
020402030606,2015,0.022928849
020402030606,2016,0.021362444
020402030606,2017,0.020525166
020402030606,2018,0.019334294
020402030606,2019,0.02184915
020402030606,2020,0.020691666
020402030607,2010,0.216548848
020402030607,2011,0.216102488
020402030607,2012,0.240712272
020402030607,2013,0.231461547
020402030607,2014,0.207959381
020402030607,2015,0.23231297
020402030607,2016,0.216442306
020402030607,2017,0.207959081
020402030607,2018,0.195893275
020402030607,2019,0.221373563
020402030607,2020,0.209646046
020402030608,2010,0.028432524
020402030608,2011,0.025458208
020402030608,2012,0.026574655
020402030608,2013,0.024205436
020402030608,2014,0.023739246
020402030608,2015,0.025582293
020402030608,2016,0.027374447
020402030608,2017,0.025009823
020402030608,2018,0.021887702
020402030608,2019,0.026083584
020402030608,2020,0.024357222
020402030609,2010,0.438618552
020402030609,2011,0.429268158
020402030609,2012,0.474912306
020402030609,2013,0.45157354
020402030609,2014,0.414935194
020402030609,2015,0.453528916
020402030609,2016,0.434016572
020402030609,2017,0.412852621
020402030609,2018,0.385386682
020402030609,2019,0.439321897
020402030609,2020,0.415147369
020402030610,2010,0.007695789
020402030610,2011,0.007679927
020402030610,2012,0.008554518
020402030610,2013,0.008225762
020402030610,2014,0.007390534
020402030610,2015,0.00825602
020402030610,2016,0.007692003
020402030610,2017,0.007390523
020402030610,2018,0.006961724
020402030610,2019,0.007867252
020402030610,2020,0.007450475
020402030611,2010,0.076582993
020402030611,2011,0.064486185
020402030611,2012,0.07447176
020402030611,2013,0.072202643
020402030611,2014,0.066442498
020402030611,2015,0.067834279
020402030611,2016,0.067785975
020402030611,2017,0.063174298
020402030611,2018,0.055715526
020402030611,2019,0.064580718
020402030611,2020,0.061129565
020402030701,2010,0.000367389
020402030701,2011,0.000334044
020402030701,2012,0.000373132
020402030701,2013,0.000373775
020402030701,2014,0.00037751
020402030701,2015,0.000378298
020402030701,2016,0.000376142
020402030701,2017,0.000336937
020402030701,2018,0.00029919
020402030701,2019,0.000369023
020402030701,2020,0.000312169
020402030702,2010,0.15643389
020402030702,2011,0.137793504
020402030702,2012,0.159687153
020402030702,2013,0.151942039
020402030702,2014,0.152769111
020402030702,2015,0.154847206
020402030702,2016,0.158031017
020402030702,2017,0.154216406
020402030702,2018,0.136964083
020402030702,2019,0.162747012
020402030702,2020,0.148892505
020402030801,2010,0.0
020402030801,2011,0.0
020402030801,2012,0.0
020402030801,2013,0.0
020402030801,2014,0.0
020402030801,2015,0.0
020402030801,2016,0.0
020402030801,2017,0.0
020402030801,2018,0.0
020402030801,2019,0.0
020402030801,2020,0.0
020402030802,2010,0.010600745
020402030802,2011,0.01012373
020402030802,2012,0.010746502
020402030802,2013,0.010327586
020402030802,2014,0.009839998
020402030802,2015,0.011054416
020402030802,2016,0.010819734
020402030802,2017,0.010833239
020402030802,2018,0.009681978
020402030802,2019,0.01040207
020402030802,2020,0.009679098
020402030803,2010,0.045773483
020402030803,2011,0.041999106
020402030803,2012,0.047346176
020402030803,2013,0.043142029
020402030803,2014,0.041869556
020402030803,2015,0.040564467
020402030803,2016,0.040871555
020402030803,2017,0.036880706
020402030803,2018,0.032643723
020402030803,2019,0.037058673
020402030803,2020,0.037973738
020402030804,2010,0.037826883
020402030804,2011,0.036150456
020402030804,2012,0.040641834
020402030804,2013,0.038513059
020402030804,2014,0.037856845
020402030804,2015,0.03986507
020402030804,2016,0.03735591
020402030804,2017,0.037373594
020402030804,2018,0.031537125
020402030804,2019,0.035702298
020402030804,2020,0.037413106
020402030805,2010,0.136448052
020402030805,2011,0.121865375
020402030805,2012,0.13986243
020402030805,2013,0.126566999
020402030805,2014,0.123770756
020402030805,2015,0.124636938
020402030805,2016,0.121063418
020402030805,2017,0.112162132
020402030805,2018,0.101210598
020402030805,2019,0.116065951
020402030805,2020,0.111341401
020402030806,2010,0.165357967
020402030806,2011,0.153055279
020402030806,2012,0.200995683
020402030806,2013,0.143271701
020402030806,2014,0.147183307
020402030806,2015,0.14059012
020402030806,2016,0.133329601
020402030806,2017,0.125173825
020402030806,2018,0.111314011
020402030806,2019,0.128410572
020402030806,2020,0.127802682
020402030807,2010,0.490530485
020402030807,2011,0.468118337
020402030807,2012,0.526845716
020402030807,2013,0.497764486
020402030807,2014,0.479246056
020402030807,2015,0.496993464
020402030807,2016,0.504245057
020402030807,2017,0.471198995
020402030807,2018,0.42971546
020402030807,2019,0.498834645
020402030807,2020,0.471303448
020402030808,2010,0.894834055
020402030808,2011,0.8625827
020402030808,2012,0.981294851
020402030808,2013,0.945819143
020402030808,2014,0.927057928
020402030808,2015,0.940769946
020402030808,2016,0.942192922
020402030808,2017,0.882022179
020402030808,2018,0.807549644
020402030808,2019,0.934914421
020402030808,2020,0.867755718
020402030809,2010,0.443097592
020402030809,2011,0.40199733
020402030809,2012,0.378037927
020402030809,2013,0.443995269
020402030809,2014,0.351879423
020402030809,2015,0.441942559
020402030809,2016,0.449328223
020402030809,2017,0.417514583
020402030809,2018,0.37134523
020402030809,2019,0.435383394
020402030809,2020,0.405543748
020402030901,2010,0.724553992
020402030901,2011,0.676722585
020402030901,2012,0.687378972
020402030901,2013,0.663571869
020402030901,2014,0.699596232
020402030901,2015,0.70821116
020402030901,2016,0.706830547
020402030901,2017,0.667354873
020402030901,2018,0.591896692
020402030901,2019,0.685298333
020402030901,2020,0.63589134
020402030902,2010,3.260693822
020402030902,2011,2.906619519
020402030902,2012,3.390663188
020402030902,2013,3.291602278
020402030902,2014,3.297587658
020402030902,2015,3.315508912
020402030902,2016,3.273084739
020402030902,2017,3.118732511
020402030902,2018,2.766048036
020402030902,2019,3.210793738
020402030902,2020,2.953799268
020402031001,2010,0.004833265
020402031001,2011,0.0041943
020402031001,2012,0.004794056
020402031001,2013,0.004639673
020402031001,2014,0.004333945
020402031001,2015,0.004427835
020402031001,2016,0.004420983
020402031001,2017,0.004066752
020402031001,2018,0.003613637
020402031001,2019,0.004230497
020402031001,2020,0.004061447
020402031002,2010,0.310572784
020402031002,2011,0.267623825
020402031002,2012,0.311852231
020402031002,2013,0.299114523
020402031002,2014,0.278032785
020402031002,2015,0.282882779
020402031002,2016,0.278410947
020402031002,2017,0.266157482
020402031002,2018,0.225411448
020402031002,2019,0.260228403
020402031002,2020,0.244944718
020402031003,2010,0.279761414
020402031003,2011,0.24791402
020402031003,2012,0.296199597
020402031003,2013,0.283536226
020402031003,2014,0.286635906
020402031003,2015,0.308138538
020402031003,2016,0.309149605
020402031003,2017,0.29540745
020402031003,2018,0.263300957
020402031003,2019,0.303740415
020402031003,2020,0.294087318
020402031004,2010,0.495548793
020402031004,2011,0.416181175
020402031004,2012,0.528846963
020402031004,2013,0.504903966
020402031004,2014,0.510840438
020402031004,2015,0.513508167
020402031004,2016,0.511378044
020402031004,2017,0.489020489
020402031004,2018,0.42874838
020402031004,2019,0.511762602
020402031004,2020,0.477680862
020402031005,2010,0.648629187
020402031005,2011,0.608615244
020402031005,2012,0.679731641
020402031005,2013,0.66623051
020402031005,2014,0.648195999
020402031005,2015,0.668857286
020402031005,2016,0.65454341
020402031005,2017,0.627404153
020402031005,2018,0.553747926
020402031005,2019,0.647405904
020402031005,2020,0.617013937
020402031006,2010,1.254256055
020402031006,2011,1.093520996
020402031006,2012,1.325807994
020402031006,2013,1.262154558
020402031006,2014,1.249812613
020402031006,2015,1.261132954
020402031006,2016,1.251781471
020402031006,2017,1.208881007
020402031006,2018,1.035115267
020402031006,2019,1.226084191
020402031006,2020,1.140178897
020402031007,2010,2.848948195
020402031007,2011,2.488140439
020402031007,2012,3.001938196
020402031007,2013,2.897146253
020402031007,2014,2.900548711
020402031007,2015,2.923159284
020402031007,2016,2.893175943
020402031007,2017,2.761538578
020402031007,2018,2.43503897
020402031007,2019,2.861786815
020402031007,2020,2.656348521
020402031008,2010,5.807680683
020402031008,2011,5.380039332
020402031008,2012,5.954946344
020402031008,2013,5.853266583
020402031008,2014,5.807161175
020402031008,2015,5.834383869
020402031008,2016,5.724076179
020402031008,2017,5.437245525
020402031008,2018,4.864092267
020402031008,2019,5.530032471
020402031008,2020,5.025402681
020402050101,2010,0.082816401
020402050101,2011,0.078477137
020402050101,2012,0.087479338
020402050101,2013,0.084030318
020402050101,2014,0.084985322
020402050101,2015,0.100051355
020402050101,2016,0.100909528
020402050101,2017,0.095971016
020402050101,2018,0.087191944
020402050101,2019,0.096266943
020402050101,2020,0.098055035
020402050102,2010,0.20366506
020402050102,2011,0.190993681
020402050102,2012,0.191518924
020402050102,2013,0.187379243
020402050102,2014,0.176921581
020402050102,2015,0.181285384
020402050102,2016,0.186267854
020402050102,2017,0.173193637
020402050102,2018,0.155026099
020402050102,2019,0.177237628
020402050102,2020,0.164999122
020402050103,2010,0.161845139
020402050103,2011,0.153285971
020402050103,2012,0.169648762
020402050103,2013,0.161680632
020402050103,2014,0.160851672
020402050103,2015,0.182360995
020402050103,2016,0.183090406
020402050103,2017,0.17501423
020402050103,2018,0.157947353
020402050103,2019,0.176213682
020402050103,2020,0.177974072
020402050104,2010,0.430967116
020402050104,2011,0.371609666
020402050104,2012,0.458768715
020402050104,2013,0.438522941
020402050104,2014,0.443319299
020402050104,2015,0.461947488
020402050104,2016,0.461321658
020402050104,2017,0.440479849
020402050104,2018,0.389374245
020402050104,2019,0.456130788
020402050104,2020,0.4347278
020402050105,2010,0.288835031
020402050105,2011,0.260961382
020402050105,2012,0.309269792
020402050105,2013,0.2940849
020402050105,2014,0.28883334
020402050105,2015,0.286954446
020402050105,2016,0.299527611
020402050105,2017,0.286446401
020402050105,2018,0.241382979
020402050105,2019,0.307072439
020402050105,2020,0.277875127
020402050201,2010,0.039314566
020402050201,2011,0.025648458
020402050201,2012,0.026654987
020402050201,2013,0.026468218
020402050201,2014,0.025831221
020402050201,2015,0.041062961
020402050201,2016,0.040912099
020402050201,2017,0.03977578
020402050201,2018,0.035468625
020402050201,2019,0.036629838
020402050201,2020,0.034209752
020402050202,2010,0.148684496
020402050202,2011,0.148214394
020402050202,2012,0.152256
020402050202,2013,0.143760556
020402050202,2014,0.133101044
020402050202,2015,0.244977111
020402050202,2016,0.246719063
020402050202,2017,0.238942853
020402050202,2018,0.211841266
020402050202,2019,0.216227069
020402050202,2020,0.210777833
020402050203,2010,0.032660373
020402050203,2011,0.030020523
020402050203,2012,0.033863532
020402050203,2013,0.031358412
020402050203,2014,0.031088493
020402050203,2015,0.031280771
020402050203,2016,0.030718402
020402050203,2017,0.029940677
020402050203,2018,0.025215316
020402050203,2019,0.029299553
020402050203,2020,0.029092983
020402050204,2010,0.111121708
020402050204,2011,0.103945101
020402050204,2012,0.101462223
020402050204,2013,0.099647798
020402050204,2014,0.094182805
020402050204,2015,0.098560305
020402050204,2016,0.099215203
020402050204,2017,0.091118661
020402050204,2018,0.084121421
020402050204,2019,0.095677246
020402050204,2020,0.088603082
020402050205,2010,0.076050604
020402050205,2011,0.072501134
020402050205,2012,0.089905227
020402050205,2013,0.090722048
020402050205,2014,0.076455116
020402050205,2015,0.068547526
020402050205,2016,0.099199767
020402050205,2017,0.097972827
020402050205,2018,0.06382061
020402050205,2019,0.08156975
020402050205,2020,0.079075036
020402050301,2010,0.04552615
020402050301,2011,0.04223909
020402050301,2012,0.048255596
020402050301,2013,0.044340061
020402050301,2014,0.043113791
020402050301,2015,0.043278161
020402050301,2016,0.042488171
020402050301,2017,0.041090204
020402050301,2018,0.035249466
020402050301,2019,0.042076108
020402050301,2020,0.041094701
020402050302,2010,0.03634454
020402050302,2011,0.033369224
020402050302,2012,0.037680688
020402050302,2013,0.03484199
020402050302,2014,0.034492426
020402050302,2015,0.034733121
020402050302,2016,0.034106535
020402050302,2017,0.033228892
020402050302,2018,0.02800891
020402050302,2019,0.032622814
020402050302,2020,0.032274994
020402050303,2010,0.342337157
020402050303,2011,0.318485198
020402050303,2012,0.361274999
020402050303,2013,0.334188837
020402050303,2014,0.329268836
020402050303,2015,0.272282554
020402050303,2016,0.325172394
020402050303,2017,0.313958719
020402050303,2018,0.271433297
020402050303,2019,0.318503289
020402050303,2020,0.305670971
020402050304,2010,0.237013925
020402050304,2011,0.217258191
020402050304,2012,0.243935737
020402050304,2013,0.226061837
020402050304,2014,0.223854958
020402050304,2015,0.22619576
020402050304,2016,0.220887145
020402050304,2017,0.214310529
020402050304,2018,0.182759464
020402050304,2019,0.211908373
020402050304,2020,0.222199057
020402050305,2010,0.118090204
020402050305,2011,0.108068623
020402050305,2012,0.121023305
020402050305,2013,0.112261621
020402050305,2014,0.111101592
020402050305,2015,0.112525911
020402050305,2016,0.10950878
020402050305,2017,0.105982005
020402050305,2018,0.091133487
020402050305,2019,0.105715423
020402050305,2020,0.114092873
020402050306,2010,0.70966094
020402050306,2011,0.672186518
020402050306,2012,0.765872769
020402050306,2013,0.710320101
020402050306,2014,0.703986299
020402050306,2015,0.303425803
020402050306,2016,0.696540942
020402050306,2017,0.669542314
020402050306,2018,0.595679796
020402050306,2019,0.702918085
020402050306,2020,0.635043954
020402050307,2010,0.124486893
020402050307,2011,0.10323169
020402050307,2012,0.118580853
020402050307,2013,0.110301117
020402050307,2014,0.109673615
020402050307,2015,0.128217352
020402050307,2016,0.10875352
020402050307,2017,0.106633224
020402050307,2018,0.093672688
020402050307,2019,0.10713561
020402050307,2020,0.102321657
020402050308,2010,0.959380911
020402050308,2011,0.873026582
020402050308,2012,0.998502489
020402050308,2013,0.92689563
020402050308,2014,0.918879359
020402050308,2015,0.54260726
020402050308,2016,0.910236579
020402050308,2017,0.879475074
020402050308,2018,0.784145046
020402050308,2019,0.918082516
020402050308,2020,0.835103743
020402050401,2010,0.290766667
020402050401,2011,0.251573763
020402050401,2012,0.30807768
020402050401,2013,0.29146933
020402050401,2014,0.293218913
020402050401,2015,0.29461294
020402050401,2016,0.292578964
020402050401,2017,0.280364128
020402050401,2018,0.243517126
020402050401,2019,0.295309004
020402050401,2020,0.275266505
020402050402,2010,0.12924696
020402050402,2011,0.098386779
020402050402,2012,0.109666343
020402050402,2013,0.104538929
020402050402,2014,0.103429078
020402050402,2015,0.125707946
020402050402,2016,0.103488883
020402050402,2017,0.100344411
020402050402,2018,0.088921297
020402050402,2019,0.107246404
020402050402,2020,0.102884063
020402050502,2010,0.762561303
020402050502,2011,0.722293419
020402050502,2012,0.822963339
020402050502,2013,0.7632696
020402050502,2014,0.756463656
020402050502,2015,0.326044119
020402050502,2016,0.748463299
020402050502,2017,0.719452109
020402050502,2018,0.640083646
020402050502,2019,0.755315814
020402050502,2020,0.682382132
020501011209,2010,0.000823173
020501011209,2011,0.000830365
020501011209,2012,0.000880514
020501011209,2013,0.000834702
020501011209,2014,0.000669108
020501011209,2015,0.000828564
020501011209,2016,0.000815497
020501011209,2017,0.000687827
020501011209,2018,0.000597276
020501011209,2019,0.000499454
020501011209,2020,0.000454435
020501011301,2010,0.0
020501011301,2011,0.0
020501011301,2012,0.0
020501011301,2013,0.0
020501011301,2014,0.0
020501011301,2015,0.0
020501011301,2016,0.0
020501011301,2017,0.0
020501011301,2018,0.0
020501011301,2019,0.0
020501011301,2020,0.0
020501011302,2010,0.002014746
020501011302,2011,0.001946674
020501011302,2012,0.002268301
020501011302,2013,0.002352871
020501011302,2014,0.00279049
020501011302,2015,0.002746462
020501011302,2016,0.002240219
020501011302,2017,0.001605948
020501011302,2018,0.001786835
020501011302,2019,0.001911485
020501011302,2020,0.001908316
020501011303,2010,0.0
020501011303,2011,0.0
020501011303,2012,0.0
020501011303,2013,0.0
020501011303,2014,0.0
020501011303,2015,0.0
020501011303,2016,0.0
020501011303,2017,0.0
020501011303,2018,0.0
020501011303,2019,0.0
020501011303,2020,0.0
020501011304,2010,0.003030775
020501011304,2011,0.003057253
020501011304,2012,0.003241891
020501011304,2013,0.003073222
020501011304,2014,0.002463533
020501011304,2015,0.00305062
020501011304,2016,0.003002513
020501011304,2017,0.002532456
020501011304,2018,0.002199062
020501011304,2019,0.001838897
020501011304,2020,0.001673148
020501011305,2010,0.037098036
020501011305,2011,0.035084505
020501011305,2012,0.039658666
020501011305,2013,0.035293536
020501011305,2014,0.030038405
020501011305,2015,0.03491101
020501011305,2016,0.035249646
020501011305,2017,0.030579335
020501011305,2018,0.026050807
020501011305,2019,0.022555932
020501011305,2020,0.02093314
020501011306,2010,0.024708153
020501011306,2011,0.0241594
020501011306,2012,0.025814914
020501011306,2013,0.024931023
020501011306,2014,0.023866986
020501011306,2015,0.024080576
020501011306,2016,0.024854966
020501011306,2017,0.022305218
020501011306,2018,0.020943013
020501011306,2019,0.02206832
020501011306,2020,0.021862353
020501011307,2010,0.0
020501011307,2011,0.0
020501011307,2012,0.0
020501011307,2013,0.0
020501011307,2014,0.0
020501011307,2015,0.0
020501011307,2016,0.0
020501011307,2017,0.0
020501011307,2018,0.0
020501011307,2019,0.0
020501011307,2020,0.0
020501011308,2010,0.029229386
020501011308,2011,0.02637024
020501011308,2012,0.029566274
020501011308,2013,0.028332867
020501011308,2014,0.027703527
020501011308,2015,0.028018605
020501011308,2016,0.029464605
020501011308,2017,0.026548539
020501011308,2018,0.024875274
020501011308,2019,0.026988064
020501011308,2020,0.027679878
020501011309,2010,0.0
020501011309,2011,0.0
020501011309,2012,0.0
020501011309,2013,0.0
020501011309,2014,0.0
020501011309,2015,0.0
020501011309,2016,0.0
020501011309,2017,0.0
020501011309,2018,0.0
020501011309,2019,0.0
020501011309,2020,0.0
020501011310,2010,0.00037015
020501011310,2011,0.000344391
020501011310,2012,0.000386243
020501011310,2013,0.000358965
020501011310,2014,0.000324586
020501011310,2015,0.000330343
020501011310,2016,0.000344092
020501011310,2017,0.000302273
020501011310,2018,0.000293155
020501011310,2019,0.00032252
020501011310,2020,0.000329494
020501011311,2010,0.0
020501011311,2011,0.0
020501011311,2012,0.0
020501011311,2013,0.0
020501011311,2014,0.0
020501011311,2015,0.0
020501011311,2016,0.0
020501011311,2017,0.0
020501011311,2018,0.0
020501011311,2019,0.0
020501011311,2020,0.0
020501011312,2010,0.0
020501011312,2011,0.0
020501011312,2012,0.0
020501011312,2013,0.0
020501011312,2014,0.0
020501011312,2015,0.0
020501011312,2016,0.0
020501011312,2017,0.0
020501011312,2018,0.0
020501011312,2019,0.0
020501011312,2020,0.0
020501030202,2010,0.0
020501030202,2011,0.0
020501030202,2012,0.0
020501030202,2013,0.0
020501030202,2014,0.0
020501030202,2015,0.0
020501030202,2016,0.0
020501030202,2017,0.0
020501030202,2018,0.0
020501030202,2019,0.0
020501030202,2020,0.0
020501030203,2010,8.367e-06
020501030203,2011,7.888e-06
020501030203,2012,7.584e-06
020501030203,2013,7.299e-06
020501030203,2014,7.164e-06
020501030203,2015,7.28e-06
020501030203,2016,7.719e-06
020501030203,2017,6.892e-06
020501030203,2018,6.456e-06
020501030203,2019,7.03e-06
020501030203,2020,8.266e-06
020501030501,2010,0.008779523
020501030501,2011,0.007920732
020501030501,2012,0.008880712
020501030501,2013,0.008510238
020501030501,2014,0.008321206
020501030501,2015,0.008415845
020501030501,2016,0.008850174
020501030501,2017,0.007974286
020501030501,2018,0.007471694
020501030501,2019,0.008106305
020501030501,2020,0.008314102
020501030605,2010,0.120991032
020501030605,2011,0.10997565
020501030605,2012,0.127778337
020501030605,2013,0.120919396
020501030605,2014,0.115552555
020501030605,2015,0.114440897
020501030605,2016,0.121590989
020501030605,2017,0.107650913
020501030605,2018,0.099752417
020501030605,2019,0.113632445
020501030605,2020,0.114983
020501030701,2010,0.0
020501030701,2011,0.0
020501030701,2012,0.0
020501030701,2013,0.0
020501030701,2014,0.0
020501030701,2015,0.0
020501030701,2016,0.0
020501030701,2017,0.0
020501030701,2018,0.0
020501030701,2019,0.0
020501030701,2020,0.0
020501030702,2010,0.0
020501030702,2011,0.0
020501030702,2012,0.0
020501030702,2013,0.0
020501030702,2014,0.0
020501030702,2015,0.0
020501030702,2016,0.0
020501030702,2017,0.0
020501030702,2018,0.0
020501030702,2019,0.0
020501030702,2020,0.0
020501030703,2010,0.004171679
020501030703,2011,0.004052633
020501030703,2012,0.005070876
020501030703,2013,0.004646011
020501030703,2014,0.004141489
020501030703,2015,0.00449742
020501030703,2016,0.005012467
020501030703,2017,0.004356174
020501030703,2018,0.003979986
020501030703,2019,0.004314918
020501030703,2020,0.004320573
020501030704,2010,0.0
020501030704,2011,0.0
020501030704,2012,0.0
020501030704,2013,0.0
020501030704,2014,0.0
020501030704,2015,0.0
020501030704,2016,0.0
020501030704,2017,0.0
020501030704,2018,0.0
020501030704,2019,0.0
020501030704,2020,0.0
020501030706,2010,0.0
020501030706,2011,0.0
020501030706,2012,0.0
020501030706,2013,0.0
020501030706,2014,0.0
020501030706,2015,0.0
020501030706,2016,0.0
020501030706,2017,0.0
020501030706,2018,0.0
020501030706,2019,0.0
020501030706,2020,0.0
020501030707,2010,0.045100663
020501030707,2011,0.041004153
020501030707,2012,0.04771821
020501030707,2013,0.044939021
020501030707,2014,0.042800752
020501030707,2015,0.04286192
020501030707,2016,0.044574955
020501030707,2017,0.039166709
020501030707,2018,0.036423584
020501030707,2019,0.042418495
020501030707,2020,0.043037315
020501040503,2010,0.0
020501040503,2011,0.0
020501040503,2012,0.0
020501040503,2013,0.0
020501040503,2014,0.0
020501040503,2015,0.0
020501040503,2016,0.0
020501040503,2017,0.0
020501040503,2018,0.0
020501040503,2019,0.0
020501040503,2020,0.0
020501040504,2010,0.005266274
020501040504,2011,0.005123545
020501040504,2012,0.005501899
020501040504,2013,0.005431688
020501040504,2014,0.005787115
020501040504,2015,0.006381559
020501040504,2016,0.006164492
020501040504,2017,0.005524106
020501040504,2018,0.005129656
020501040504,2019,0.004684928
020501040504,2020,0.004565894
020501040601,2010,0.0
020501040601,2011,0.0
020501040601,2012,0.0
020501040601,2013,0.0
020501040601,2014,0.0
020501040601,2015,0.0
020501040601,2016,0.0
020501040601,2017,0.0
020501040601,2018,0.0
020501040601,2019,0.0
020501040601,2020,0.0
020501040602,2010,0.000154399
020501040602,2011,0.000141805
020501040602,2012,0.000163625
020501040602,2013,0.000152658
020501040602,2014,0.00014638
020501040602,2015,0.000150346
020501040602,2016,0.000163112
020501040602,2017,0.000146236
020501040602,2018,0.0001333
020501040602,2019,0.000137633
020501040602,2020,0.00014584
020501040603,2010,0.0
020501040603,2011,0.0
020501040603,2012,0.0
020501040603,2013,0.0
020501040603,2014,0.0
020501040603,2015,0.0
020501040603,2016,0.0
020501040603,2017,0.0
020501040603,2018,0.0
020501040603,2019,0.0
020501040603,2020,0.0
020501040604,2010,0.0
020501040604,2011,0.0
020501040604,2012,0.0
020501040604,2013,0.0
020501040604,2014,0.0
020501040604,2015,0.0
020501040604,2016,0.0
020501040604,2017,0.0
020501040604,2018,0.0
020501040604,2019,0.0
020501040604,2020,0.0
020501040605,2010,0.0
020501040605,2011,0.0
020501040605,2012,0.0
020501040605,2013,0.0
020501040605,2014,0.0
020501040605,2015,0.0
020501040605,2016,0.0
020501040605,2017,0.0
020501040605,2018,0.0
020501040605,2019,0.0
020501040605,2020,0.0
020501040606,2010,0.0
020501040606,2011,0.0
020501040606,2012,0.0
020501040606,2013,0.0
020501040606,2014,0.0
020501040606,2015,0.0
020501040606,2016,0.0
020501040606,2017,0.0
020501040606,2018,0.0
020501040606,2019,0.0
020501040606,2020,0.0
020501040607,2010,0.0
020501040607,2011,0.0
020501040607,2012,0.0
020501040607,2013,0.0
020501040607,2014,0.0
020501040607,2015,0.0
020501040607,2016,0.0
020501040607,2017,0.0
020501040607,2018,0.0
020501040607,2019,0.0
020501040607,2020,0.0
020501040608,2010,0.0
020501040608,2011,0.0
020501040608,2012,0.0
020501040608,2013,0.0
020501040608,2014,0.0
020501040608,2015,0.0
020501040608,2016,0.0
020501040608,2017,0.0
020501040608,2018,0.0
020501040608,2019,0.0
020501040608,2020,0.0
020501040701,2010,0.0
020501040701,2011,0.0
020501040701,2012,0.0
020501040701,2013,0.0
020501040701,2014,0.0
020501040701,2015,0.0
020501040701,2016,0.0
020501040701,2017,0.0
020501040701,2018,0.0
020501040701,2019,0.0
020501040701,2020,0.0
020501040702,2010,0.0
020501040702,2011,0.0
020501040702,2012,0.0
020501040702,2013,0.0
020501040702,2014,0.0
020501040702,2015,0.0
020501040702,2016,0.0
020501040702,2017,0.0
020501040702,2018,0.0
020501040702,2019,0.0
020501040702,2020,0.0
020501040703,2010,0.0
020501040703,2011,0.0
020501040703,2012,0.0
020501040703,2013,0.0
020501040703,2014,0.0
020501040703,2015,0.0
020501040703,2016,0.0
020501040703,2017,0.0
020501040703,2018,0.0
020501040703,2019,0.0
020501040703,2020,0.0
020501040801,2010,6.0706e-05
020501040801,2011,5.6889e-05
020501040801,2012,6.4047e-05
020501040801,2013,6.0725e-05
020501040801,2014,5.8046e-05
020501040801,2015,5.1928e-05
020501040801,2016,5.522e-05
020501040801,2017,5.0071e-05
020501040801,2018,4.6178e-05
020501040801,2019,4.916e-05
020501040801,2020,5.1598e-05
020501040802,2010,0.0
020501040802,2011,0.0
020501040802,2012,0.0
020501040802,2013,0.0
020501040802,2014,0.0
020501040802,2015,0.0
020501040802,2016,0.0
020501040802,2017,0.0
020501040802,2018,0.0
020501040802,2019,0.0
020501040802,2020,0.0
020501040803,2010,0.005054997
020501040803,2011,0.004654584
020501040803,2012,0.004900851
020501040803,2013,0.00430342
020501040803,2014,0.003724719
020501040803,2015,0.003900584
020501040803,2016,0.004036409
020501040803,2017,0.003557836
020501040803,2018,0.00332114
020501040803,2019,0.003496637
020501040803,2020,0.003813493
020501040804,2010,0.0
020501040804,2011,0.0
020501040804,2012,0.0
020501040804,2013,0.0
020501040804,2014,0.0
020501040804,2015,0.0
020501040804,2016,0.0
020501040804,2017,0.0
020501040804,2018,0.0
020501040804,2019,0.0
020501040804,2020,0.0
020501040805,2010,0.007940371
020501040805,2011,0.007311405
020501040805,2012,0.007698239
020501040805,2013,0.006759797
020501040805,2014,0.005850775
020501040805,2015,0.006127023
020501040805,2016,0.006340377
020501040805,2017,0.005588636
020501040805,2018,0.005216835
020501040805,2019,0.005492505
020501040805,2020,0.005990222
020501040806,2010,0.000641564
020501040806,2011,0.000592056
020501040806,2012,0.00065475
020501040806,2013,0.000619657
020501040806,2014,0.000582503
020501040806,2015,0.000591284
020501040806,2016,0.000629255
020501040806,2017,0.000717998
020501040806,2018,0.000527309
020501040806,2019,0.000559497
020501040806,2020,0.000566101
020501040807,2010,0.0
020501040807,2011,0.0
020501040807,2012,0.0
020501040807,2013,0.0
020501040807,2014,0.0
020501040807,2015,0.0
020501040807,2016,0.0
020501040807,2017,0.0
020501040807,2018,0.0
020501040807,2019,0.0
020501040807,2020,0.0
020501040808,2010,0.031265851
020501040808,2011,0.028571532
020501040808,2012,0.032775363
020501040808,2013,0.031737586
020501040808,2014,0.03006249
020501040808,2015,0.031158587
020501040808,2016,0.03452733
020501040808,2017,0.031534395
020501040808,2018,0.033694697
020501040808,2019,0.036023515
020501040808,2020,0.030929198
020501040809,2010,0.009852827
020501040809,2011,0.008410726
020501040809,2012,0.009834534
020501040809,2013,0.009014437
020501040809,2014,0.00840627
020501040809,2015,0.008237268
020501040809,2016,0.008817104
020501040809,2017,0.008321157
020501040809,2018,0.010542882
020501040809,2019,0.008176892
020501040809,2020,0.008347122
020501040901,2010,0.0
020501040901,2011,0.0
020501040901,2012,0.0
020501040901,2013,0.0
020501040901,2014,0.0
020501040901,2015,0.0
020501040901,2016,0.0
020501040901,2017,0.0
020501040901,2018,0.0
020501040901,2019,0.0
020501040901,2020,0.0
020501040902,2010,0.002138797
020501040902,2011,0.002083772
020501040902,2012,0.002324992
020501040902,2013,0.002175291
020501040902,2014,0.001868685
020501040902,2015,0.002076863
020501040902,2016,0.002066117
020501040902,2017,0.001844285
020501040902,2018,0.001624785
020501040902,2019,0.001473973
020501040902,2020,0.002297674
020501040903,2010,0.000369828
020501040903,2011,0.000336604
020501040903,2012,0.000372096
020501040903,2013,0.000352929
020501040903,2014,0.000341182
020501040903,2015,0.000350233
020501040903,2016,0.000369603
020501040903,2017,0.0003311
020501040903,2018,0.000291439
020501040903,2019,0.000318012
020501040903,2020,0.000336498
020501040904,2010,0.012929437
020501040904,2011,0.012586916
020501040904,2012,0.014076844
020501040904,2013,0.013143492
020501040904,2014,0.011308723
020501040904,2015,0.012555485
020501040904,2016,0.012505774
020501040904,2017,0.011169011
020501040904,2018,0.009858546
020501040904,2019,0.008959813
020501040904,2020,0.013892689
020501040905,2010,0.0
020501040905,2011,0.0
020501040905,2012,0.0
020501040905,2013,0.0
020501040905,2014,0.0
020501040905,2015,0.0
020501040905,2016,0.0
020501040905,2017,0.0
020501040905,2018,0.0
020501040905,2019,0.0
020501040905,2020,0.0
020501040906,2010,0.008152613
020501040906,2011,0.006841497
020501040906,2012,0.007728453
020501040906,2013,0.006515943
020501040906,2014,0.006024499
020501040906,2015,0.006060124
020501040906,2016,0.006462046
020501040906,2017,0.005782239
020501040906,2018,0.005415941
020501040906,2019,0.006451439
020501040906,2020,0.007217333
020501040907,2010,0.020398793
020501040907,2011,0.017683653
020501040907,2012,0.020287341
020501040907,2013,0.017627839
020501040907,2014,0.015997226
020501040907,2015,0.015453027
020501040907,2016,0.01663099
020501040907,2017,0.015426492
020501040907,2018,0.014548266
020501040907,2019,0.016662289
020501040907,2020,0.017797042
020501040908,2010,0.001379515
020501040908,2011,0.001292096
020501040908,2012,0.001470121
020501040908,2013,0.00139803
020501040908,2014,0.001329704
020501040908,2015,0.001430106
020501040908,2016,0.001472201
020501040908,2017,0.001305363
020501040908,2018,0.001374046
020501040908,2019,0.001367648
020501040908,2020,0.001454363
020501040910,2010,0.032786547
020501040910,2011,0.031474147
020501040910,2012,0.035105344
020501040910,2013,0.032969424
020501040910,2014,0.030780732
020501040910,2015,0.031422822
020501040910,2016,0.035970303
020501040910,2017,0.03093339
020501040910,2018,0.029012381
020501040910,2019,0.031932422
020501040910,2020,0.034098394
020501050504,2010,0.000706582
020501050504,2011,0.000691029
020501050504,2012,0.000680183
020501050504,2013,0.000665587
020501050504,2014,0.00066158
020501050504,2015,0.000707829
020501050504,2016,0.000797507
020501050504,2017,0.000713544
020501050504,2018,0.000687246
020501050504,2019,0.000760211
020501050504,2020,0.000825024
020501050505,2010,0.0
020501050505,2011,0.0
020501050505,2012,0.0
020501050505,2013,0.0
020501050505,2014,0.0
020501050505,2015,0.0
020501050505,2016,0.0
020501050505,2017,0.0
020501050505,2018,0.0
020501050505,2019,0.0
020501050505,2020,0.0
020501050506,2010,0.0
020501050506,2011,0.0
020501050506,2012,0.0
020501050506,2013,0.0
020501050506,2014,0.0
020501050506,2015,0.0
020501050506,2016,0.0
020501050506,2017,0.0
020501050506,2018,0.0
020501050506,2019,0.0
020501050506,2020,0.0
020501050507,2010,0.058921627
020501050507,2011,0.054917305
020501050507,2012,0.061213937
020501050507,2013,0.057477483
020501050507,2014,0.054859492
020501050507,2015,0.055701069
020501050507,2016,0.06160731
020501050507,2017,0.054174957
020501050507,2018,0.050202185
020501050507,2019,0.054493274
020501050507,2020,0.056302149
020501050601,2010,0.0
020501050601,2011,0.0
020501050601,2012,0.0
020501050601,2013,0.0
020501050601,2014,0.0
020501050601,2015,0.0
020501050601,2016,0.0
020501050601,2017,0.0
020501050601,2018,0.0
020501050601,2019,0.0
020501050601,2020,0.0
020501050602,2010,0.000376626
020501050602,2011,0.000358291
020501050602,2012,0.000369015
020501050602,2013,0.000350901
020501050602,2014,0.000336932
020501050602,2015,0.00033694
020501050602,2016,0.000360612
020501050602,2017,0.00033115
020501050602,2018,0.000308827
020501050602,2019,0.000362703
020501050602,2020,0.000389311
020501050603,2010,0.013852832
020501050603,2011,0.012913264
020501050603,2012,0.01439326
020501050603,2013,0.013509908
020501050603,2014,0.012863477
020501050603,2015,0.013055896
020501050603,2016,0.014439474
020501050603,2017,0.012748699
020501050603,2018,0.011775555
020501050603,2019,0.012772054
020501050603,2020,0.013197578
020501050605,2010,0.000244657
020501050605,2011,0.00022803
020501050605,2012,0.000254176
020501050605,2013,0.000238661
020501050605,2014,0.00022779
020501050605,2015,0.000231285
020501050605,2016,0.000255809
020501050605,2017,0.000224948
020501050605,2018,0.000208452
020501050605,2019,0.00022627
020501050605,2020,0.000233781
020501050607,2010,0.053011617
020501050607,2011,0.048181525
020501050607,2012,0.055951151
020501050607,2013,0.053033104
020501050607,2014,0.050735614
020501050607,2015,0.050062208
020501050607,2016,0.053568108
020501050607,2017,0.047543379
020501050607,2018,0.044003885
020501050607,2019,0.049763656
020501050607,2020,0.050310182
020501050608,2010,0.05033234
020501050608,2011,0.045760635
020501050608,2012,0.053253522
020501050608,2013,0.050151947
020501050608,2014,0.047765639
020501050608,2015,0.047833902
020501050608,2016,0.04974565
020501050608,2017,0.043710047
020501050608,2018,0.04064872
020501050608,2019,0.047339041
020501050608,2020,0.048029644
020501060101,2010,0.000219655
020501060101,2011,0.00021935
020501060101,2012,0.000225319
020501060101,2013,0.000213452
020501060101,2014,0.00021741
020501060101,2015,0.000207182
020501060101,2016,0.000244452
020501060101,2017,0.000218249
020501060101,2018,0.000201667
020501060101,2019,0.000220327
020501060101,2020,0.000229562
020501060102,2010,0.0110379
020501060102,2011,0.010676648
020501060102,2012,0.011832864
020501060102,2013,0.011229233
020501060102,2014,0.01064645
020501060102,2015,0.01051591
020501060102,2016,0.012038557
020501060102,2017,0.010440877
020501060102,2018,0.009564475
020501060102,2019,0.010673816
020501060102,2020,0.01031157
020501060103,2010,0.0
020501060103,2011,0.0
020501060103,2012,0.0
020501060103,2013,0.0
020501060103,2014,0.0
020501060103,2015,0.0
020501060103,2016,0.0
020501060103,2017,0.0
020501060103,2018,0.0
020501060103,2019,0.0
020501060103,2020,0.0
020501060104,2010,0.0
020501060104,2011,0.0
020501060104,2012,0.0
020501060104,2013,0.0
020501060104,2014,0.0
020501060104,2015,0.0
020501060104,2016,0.0
020501060104,2017,0.0
020501060104,2018,0.0
020501060104,2019,0.0
020501060104,2020,0.0
020501060105,2010,0.0
020501060105,2011,0.0
020501060105,2012,0.0
020501060105,2013,0.0
020501060105,2014,0.0
020501060105,2015,0.0
020501060105,2016,0.0
020501060105,2017,0.0
020501060105,2018,0.0
020501060105,2019,0.0
020501060105,2020,0.0
020501060106,2010,0.0
020501060106,2011,0.0
020501060106,2012,0.0
020501060106,2013,0.0
020501060106,2014,0.0
020501060106,2015,0.0
020501060106,2016,0.0
020501060106,2017,0.0
020501060106,2018,0.0
020501060106,2019,0.0
020501060106,2020,0.0
020501060107,2010,2.4096e-05
020501060107,2011,2.7832e-05
020501060107,2012,2.6974e-05
020501060107,2013,2.4622e-05
020501060107,2014,2.3058e-05
020501060107,2015,2.3076e-05
020501060107,2016,2.4525e-05
020501060107,2017,2.2887e-05
020501060107,2018,2.0238e-05
020501060107,2019,2.2336e-05
020501060107,2020,2.2778e-05
020501060201,2010,0.0
020501060201,2011,0.0
020501060201,2012,0.0
020501060201,2013,0.0
020501060201,2014,0.0
020501060201,2015,0.0
020501060201,2016,0.0
020501060201,2017,0.0
020501060201,2018,0.0
020501060201,2019,0.0
020501060201,2020,0.0
020501060202,2010,0.0
020501060202,2011,0.0
020501060202,2012,0.0
020501060202,2013,0.0
020501060202,2014,0.0
020501060202,2015,0.0
020501060202,2016,0.0
020501060202,2017,0.0
020501060202,2018,0.0
020501060202,2019,0.0
020501060202,2020,0.0
020501060301,2010,0.020178296
020501060301,2011,0.017081108
020501060301,2012,0.018410232
020501060301,2013,0.015036002
020501060301,2014,0.01839143
020501060301,2015,0.015225437
020501060301,2016,0.015981556
020501060301,2017,0.014250167
020501060301,2018,0.014323211
020501060301,2019,0.014478425
020501060301,2020,0.01539297
020501060302,2010,0.0
020501060302,2011,0.0
020501060302,2012,0.0
020501060302,2013,0.0
020501060302,2014,0.0
020501060302,2015,0.0
020501060302,2016,0.0
020501060302,2017,0.0
020501060302,2018,0.0
020501060302,2019,0.0
020501060302,2020,0.0
020501060303,2010,0.002541665
020501060303,2011,0.002059644
020501060303,2012,0.002184123
020501060303,2013,0.002022443
020501060303,2014,0.001828072
020501060303,2015,0.001946319
020501060303,2016,0.001990252
020501060303,2017,0.001895518
020501060303,2018,0.001729513
020501060303,2019,0.001988413
020501060303,2020,0.00193188
020501060304,2010,0.00681925
020501060304,2011,0.007876323
020501060304,2012,0.007633666
020501060304,2013,0.006967925
020501060304,2014,0.006525353
020501060304,2015,0.006530548
020501060304,2016,0.006940548
020501060304,2017,0.006477026
020501060304,2018,0.005727322
020501060304,2019,0.006321167
020501060304,2020,0.006446206
020501060401,2010,0.000296995
020501060401,2011,0.000268947
020501060401,2012,0.000295791
020501060401,2013,0.000283145
020501060401,2014,0.000240875
020501060401,2015,0.000242032
020501060401,2016,0.000281718
020501060401,2017,0.000248247
020501060401,2018,0.000229619
020501060401,2019,0.000226018
020501060401,2020,0.000223431
020501060402,2010,0.0
020501060402,2011,0.0
020501060402,2012,0.0
020501060402,2013,0.0
020501060402,2014,0.0
020501060402,2015,0.0
020501060402,2016,0.0
020501060402,2017,0.0
020501060402,2018,0.0
020501060402,2019,0.0
020501060402,2020,0.0
020501060403,2010,8.9998e-05
020501060403,2011,8.1499e-05
020501060403,2012,8.9634e-05
020501060403,2013,8.5801e-05
020501060403,2014,7.2992e-05
020501060403,2015,7.3343e-05
020501060403,2016,8.5369e-05
020501060403,2017,7.5226e-05
020501060403,2018,6.9581e-05
020501060403,2019,6.849e-05
020501060403,2020,6.7706e-05
020501060501,2010,0.003994161
020501060501,2011,0.003659367
020501060501,2012,0.004091864
020501060501,2013,0.003742357
020501060501,2014,0.003700036
020501060501,2015,0.003812129
020501060501,2016,0.004264593
020501060501,2017,0.003824132
020501060501,2018,0.003392733
020501060501,2019,0.003896033
020501060501,2020,0.003692959
020501060502,2010,0.032169905
020501060502,2011,0.036894397
020501060502,2012,0.035947644
020501060502,2013,0.0328561
020501060502,2014,0.030788508
020501060502,2015,0.030843929
020501060502,2016,0.03276276
020501060502,2017,0.030525037
020501060502,2018,0.027033674
020501060502,2019,0.029836051
020501060502,2020,0.030401068
020501060503,2010,0.000850438
020501060503,2011,0.000829094
020501060503,2012,0.000897019
020501060503,2013,0.000915404
020501060503,2014,0.000933146
020501060503,2015,0.00087815
020501060503,2016,0.001009844
020501060503,2017,0.000991205
020501060503,2018,0.000924671
020501060503,2019,0.000880833
020501060503,2020,0.001080934
020501060601,2010,0.0
020501060601,2011,0.0
020501060601,2012,0.0
020501060601,2013,0.0
020501060601,2014,0.0
020501060601,2015,0.0
020501060601,2016,0.0
020501060601,2017,0.0
020501060601,2018,0.0
020501060601,2019,0.0
020501060601,2020,0.0
020501060602,2010,0.012512891
020501060602,2011,0.011744229
020501060602,2012,0.011960978
020501060602,2013,0.0118703
020501060602,2014,0.011366212
020501060602,2015,0.011933628
020501060602,2016,0.011530774
020501060602,2017,0.010297567
020501060602,2018,0.009260447
020501060602,2019,0.009566213
020501060602,2020,0.01019428
020501060701,2010,0.0
020501060701,2011,0.0
020501060701,2012,0.0
020501060701,2013,0.0
020501060701,2014,0.0
020501060701,2015,0.0
020501060701,2016,0.0
020501060701,2017,0.0
020501060701,2018,0.0
020501060701,2019,0.0
020501060701,2020,0.0
020501060702,2010,0.0
020501060702,2011,0.0
020501060702,2012,0.0
020501060702,2013,0.0
020501060702,2014,0.0
020501060702,2015,0.0
020501060702,2016,0.0
020501060702,2017,0.0
020501060702,2018,0.0
020501060702,2019,0.0
020501060702,2020,0.0
020501060703,2010,0.0
020501060703,2011,0.0
020501060703,2012,0.0
020501060703,2013,0.0
020501060703,2014,0.0
020501060703,2015,0.0
020501060703,2016,0.0
020501060703,2017,0.0
020501060703,2018,0.0
020501060703,2019,0.0
020501060703,2020,0.0
020501060704,2010,0.002521515
020501060704,2011,0.002188336
020501060704,2012,0.00299309
020501060704,2013,0.002873049
020501060704,2014,0.002307902
020501060704,2015,0.002596934
020501060704,2016,0.002838222
020501060704,2017,0.002679236
020501060704,2018,0.002409078
020501060704,2019,0.002559688
020501060704,2020,0.003129807
020501060705,2010,0.006105709
020501060705,2011,0.005952472
020501060705,2012,0.006440135
020501060705,2013,0.006572129
020501060705,2014,0.006699507
020501060705,2015,0.006304663
020501060705,2016,0.00725016
020501060705,2017,0.007116342
020501060705,2018,0.006638667
020501060705,2019,0.006323927
020501060705,2020,0.00776055
020501060801,2010,0.0
020501060801,2011,0.0
020501060801,2012,0.0
020501060801,2013,0.0
020501060801,2014,0.0
020501060801,2015,0.0
020501060801,2016,0.0
020501060801,2017,0.0
020501060801,2018,0.0
020501060801,2019,0.0
020501060801,2020,0.0
020501060802,2010,0.0
020501060802,2011,0.0
020501060802,2012,0.0
020501060802,2013,0.0
020501060802,2014,0.0
020501060802,2015,0.0
020501060802,2016,0.0
020501060802,2017,0.0
020501060802,2018,0.0
020501060802,2019,0.0
020501060802,2020,0.0
020501060803,2010,0.000799501
020501060803,2011,0.000714552
020501060803,2012,0.000775882
020501060803,2013,0.000747266
020501060803,2014,0.00071625
020501060803,2015,0.000914287
020501060803,2016,0.000732672
020501060803,2017,0.000660976
020501060803,2018,0.000601852
020501060803,2019,0.000827918
020501060803,2020,0.000819961
020501060804,2010,0.004322211
020501060804,2011,0.003758165
020501060804,2012,0.003111913
020501060804,2013,0.003186011
020501060804,2014,0.005007106
020501060804,2015,0.003279678
020501060804,2016,0.003145154
020501060804,2017,0.003519714
020501060804,2018,0.002657359
020501060804,2019,0.002277702
020501060804,2020,0.002780294
020501060901,2010,0.0
020501060901,2011,0.0
020501060901,2012,0.0
020501060901,2013,0.0
020501060901,2014,0.0
020501060901,2015,0.0
020501060901,2016,0.0
020501060901,2017,0.0
020501060901,2018,0.0
020501060901,2019,0.0
020501060901,2020,0.0
020501060902,2010,0.0
020501060902,2011,0.0
020501060902,2012,0.0
020501060902,2013,0.0
020501060902,2014,0.0
020501060902,2015,0.0
020501060902,2016,0.0
020501060902,2017,0.0
020501060902,2018,0.0
020501060902,2019,0.0
020501060902,2020,0.0
020501060903,2010,0.000282959
020501060903,2011,0.000264387
020501060903,2012,0.000294003
020501060903,2013,0.000282636
020501060903,2014,0.000244681
020501060903,2015,0.000242319
020501060903,2016,0.000242165
020501060903,2017,0.000220297
020501060903,2018,0.000203029
020501060903,2019,0.000262963
020501060903,2020,0.000260223
020501061001,2010,0.000299549
020501061001,2011,0.000300919
020501061001,2012,0.000311811
020501061001,2013,0.000307688
020501061001,2014,0.00028431
020501061001,2015,0.000291079
020501061001,2016,0.000300293
020501061001,2017,0.000275652
020501061001,2018,0.00026028
020501061001,2019,0.000267064
020501061001,2020,0.000267914
020501061002,2010,0.001071701
020501061002,2011,0.001007047
020501061002,2012,0.001126751
020501061002,2013,0.00103368
020501061002,2014,0.000991912
020501061002,2015,0.000970194
020501061002,2016,0.000983468
020501061002,2017,0.000925777
020501061002,2018,0.000821003
020501061002,2019,0.000943844
020501061002,2020,0.000953257
020501061101,2010,0.000141945
020501061101,2011,0.000128311
020501061101,2012,0.000143494
020501061101,2013,0.000138132
020501061101,2014,0.000136357
020501061101,2015,0.000141882
020501061101,2016,0.000140666
020501061101,2017,0.000130581
020501061101,2018,0.000117464
020501061101,2019,0.000128615
020501061101,2020,0.000128701
020501061102,2010,0.076659222
020501061102,2011,0.070356682
020501061102,2012,0.078408663
020501061102,2013,0.075057336
020501061102,2014,0.074278601
020501061102,2015,0.084406718
020501061102,2016,0.083816811
020501061102,2017,0.07744949
020501061102,2018,0.070844784
020501061102,2019,0.078083608
020501061102,2020,0.082962627
020501061201,2010,0.0
020501061201,2011,0.0
020501061201,2012,0.0
020501061201,2013,0.0
020501061201,2014,0.0
020501061201,2015,0.0
020501061201,2016,0.0
020501061201,2017,0.0
020501061201,2018,0.0
020501061201,2019,0.0
020501061201,2020,0.0
020501061202,2010,0.0
020501061202,2011,0.0
020501061202,2012,0.0
020501061202,2013,0.0
020501061202,2014,0.0
020501061202,2015,0.0
020501061202,2016,0.0
020501061202,2017,0.0
020501061202,2018,0.0
020501061202,2019,0.0
020501061202,2020,0.0
020501061203,2010,0.000638265
020501061203,2011,0.000596673
020501061203,2012,0.000609487
020501061203,2013,0.000525584
020501061203,2014,0.000595802
020501061203,2015,0.0005134
020501061203,2016,0.00050652
020501061203,2017,0.000453475
020501061203,2018,0.000411399
020501061203,2019,0.00063636
020501061203,2020,0.000632204
020501061204,2010,0.000501576
020501061204,2011,0.000482164
020501061204,2012,0.000542656
020501061204,2013,0.000469545
020501061204,2014,0.00052883
020501061204,2015,0.000849266
020501061204,2016,0.000826995
020501061204,2017,0.000747427
020501061204,2018,0.000596871
020501061204,2019,0.000584116
020501061204,2020,0.000537495
020501061205,2010,0.000538817
020501061205,2011,0.000491078
020501061205,2012,0.000541994
020501061205,2013,0.000515227
020501061205,2014,0.000480304
020501061205,2015,0.000484208
020501061205,2016,0.000499953
020501061205,2017,0.000443307
020501061205,2018,0.000403204
020501061205,2019,0.000435817
020501061205,2020,0.000435193
020501061206,2010,0.007665244
020501061206,2011,0.007316294
020501061206,2012,0.008152589
020501061206,2013,0.007230562
020501061206,2014,0.008017361
020501061206,2015,0.011845871
020501061206,2016,0.011574003
020501061206,2017,0.010640954
020501061206,2018,0.008521216
020501061206,2019,0.008496835
020501061206,2020,0.007982511
020501061207,2010,0.000455978
020501061207,2011,0.000438331
020501061207,2012,0.000493323
020501061207,2013,0.000426859
020501061207,2014,0.000480754
020501061207,2015,0.00077206
020501061207,2016,0.000751813
020501061207,2017,0.00067948
020501061207,2018,0.00054261
020501061207,2019,0.000531014
020501061207,2020,0.000488632
020501061208,2010,0.020107516
020501061208,2011,0.018303394
020501061208,2012,0.019564801
020501061208,2013,0.0189655
020501061208,2014,0.018298062
020501061208,2015,0.01997288
020501061208,2016,0.02082614
020501061208,2017,0.018643744
020501061208,2018,0.0166896
020501061208,2019,0.018242823
020501061208,2020,0.017990456
020501061301,2010,0.001115107
020501061301,2011,0.00108413
020501061301,2012,0.001228994
020501061301,2013,0.001153897
020501061301,2014,0.001081968
020501061301,2015,0.001099126
020501061301,2016,0.001133088
020501061301,2017,0.000969525
020501061301,2018,0.000894953
020501061301,2019,0.001044809
020501061301,2020,0.001050233
020501061302,2010,0.006804219
020501061302,2011,0.006556073
020501061302,2012,0.006412705
020501061302,2013,0.005847344
020501061302,2014,0.005648401
020501061302,2015,0.005838724
020501061302,2016,0.00728336
020501061302,2017,0.006649127
020501061302,2018,0.004896627
020501061302,2019,0.00661266
020501061302,2020,0.005675871
020501061303,2010,0.000948334
020501061303,2011,0.000887984
020501061303,2012,0.000929177
020501061303,2013,0.000965998
020501061303,2014,0.00091992
020501061303,2015,0.00096947
020501061303,2016,0.000996032
020501061303,2017,0.000881131
020501061303,2018,0.000786446
020501061303,2019,0.000891066
020501061303,2020,0.000935243
020501061401,2010,0.0
020501061401,2011,0.0
020501061401,2012,0.0
020501061401,2013,0.0
020501061401,2014,0.0
020501061401,2015,0.0
020501061401,2016,0.0
020501061401,2017,0.0
020501061401,2018,0.0
020501061401,2019,0.0
020501061401,2020,0.0
020501061402,2010,0.0
020501061402,2011,0.0
020501061402,2012,0.0
020501061402,2013,0.0
020501061402,2014,0.0
020501061402,2015,0.0
020501061402,2016,0.0
020501061402,2017,0.0
020501061402,2018,0.0
020501061402,2019,0.0
020501061402,2020,0.0
020501061403,2010,4.8992e-05
020501061403,2011,4.6051e-05
020501061403,2012,4.0351e-05
020501061403,2013,4.7076e-05
020501061403,2014,3.8782e-05
020501061403,2015,3.4796e-05
020501061403,2016,3.8791e-05
020501061403,2017,3.278e-05
020501061403,2018,3.1262e-05
020501061403,2019,3.5299e-05
020501061403,2020,3.4089e-05
020501061404,2010,0.004148163
020501061404,2011,0.003899108
020501061404,2012,0.003418758
020501061404,2013,0.003986338
020501061404,2014,0.003285466
020501061404,2015,0.002948895
020501061404,2016,0.003287124
020501061404,2017,0.002778377
020501061404,2018,0.002649249
020501061404,2019,0.002991227
020501061404,2020,0.002889176
020501061405,2010,0.005851454
020501061405,2011,0.005293801
020501061405,2012,0.005562314
020501061405,2013,0.005581635
020501061405,2014,0.005508607
020501061405,2015,0.005461656
020501061405,2016,0.005682696
020501061405,2017,0.005251967
020501061405,2018,0.004666888
020501061405,2019,0.005117136
020501061405,2020,0.005126075
020501061406,2010,0.005106941
020501061406,2011,0.004949748
020501061406,2012,0.005219272
020501061406,2013,0.004998675
020501061406,2014,0.004816932
020501061406,2015,0.004454261
020501061406,2016,0.005053145
020501061406,2017,0.005107023
020501061406,2018,0.004169994
020501061406,2019,0.005162401
020501061406,2020,0.005010954
020501061407,2010,0.001440236
020501061407,2011,0.001322292
020501061407,2012,0.001501005
020501061407,2013,0.001446032
020501061407,2014,0.001423239
020501061407,2015,0.00760477
020501061407,2016,0.007815855
020501061407,2017,0.007032779
020501061407,2018,0.006271673
020501061407,2019,0.007123652
020501061407,2020,0.006895219
020501061408,2010,0.000500388
020501061408,2011,0.000468989
020501061408,2012,0.000515908
020501061408,2013,0.000502665
020501061408,2014,0.000498643
020501061408,2015,0.000525601
020501061408,2016,0.000526998
020501061408,2017,0.000490678
020501061408,2018,0.000384664
020501061408,2019,0.000439927
020501061408,2020,0.000436562
020501061409,2010,0.000939726
020501061409,2011,0.000883209
020501061409,2012,0.000959175
020501061409,2013,0.000899852
020501061409,2014,0.000920056
020501061409,2015,0.00091226
020501061409,2016,0.000905851
020501061409,2017,0.000845012
020501061409,2018,0.000743126
020501061409,2019,0.000808769
020501061409,2020,0.000803643
020501070101,2010,0.0
020501070101,2011,0.0
020501070101,2012,0.0
020501070101,2013,0.0
020501070101,2014,0.0
020501070101,2015,0.0
020501070101,2016,0.0
020501070101,2017,0.0
020501070101,2018,0.0
020501070101,2019,0.0
020501070101,2020,0.0
020501070102,2010,0.0
020501070102,2011,0.0
020501070102,2012,0.0
020501070102,2013,0.0
020501070102,2014,0.0
020501070102,2015,0.0
020501070102,2016,0.0
020501070102,2017,0.0
020501070102,2018,0.0
020501070102,2019,0.0
020501070102,2020,0.0
020501070103,2010,0.150480513
020501070103,2011,0.142818352
020501070103,2012,0.15458015
020501070103,2013,0.159079989
020501070103,2014,0.125781906
020501070103,2015,0.125661967
020501070103,2016,0.128670146
020501070103,2017,0.118592135
020501070103,2018,0.106654519
020501070103,2019,0.119947437
020501070103,2020,0.122704378
020501070104,2010,0.092034468
020501070104,2011,0.083212253
020501070104,2012,0.093049213
020501070104,2013,0.089584605
020501070104,2014,0.088372663
020501070104,2015,0.091945058
020501070104,2016,0.091162713
020501070104,2017,0.084625683
020501070104,2018,0.076124344
020501070104,2019,0.083357766
020501070104,2020,0.083419032
020501070105,2010,0.073467944
020501070105,2011,0.066522423
020501070105,2012,0.074456363
020501070105,2013,0.071626219
020501070105,2014,0.070782776
020501070105,2015,0.111287944
020501070105,2016,0.107633682
020501070105,2017,0.098979793
020501070105,2018,0.085775556
020501070105,2019,0.094635208
020501070105,2020,0.095783833
020501070106,2010,0.316039772
020501070106,2011,0.285684077
020501070106,2012,0.319490225
020501070106,2013,0.307549991
020501070106,2014,0.303599664
020501070106,2015,0.315899188
020501070106,2016,0.313192541
020501070106,2017,0.290738399
020501070106,2018,0.261534076
020501070106,2019,0.286360938
020501070106,2020,0.286553727
020501070107,2010,0.143185981
020501070107,2011,0.131783252
020501070107,2012,0.144996626
020501070107,2013,0.129109986
020501070107,2014,0.130650861
020501070107,2015,0.135931782
020501070107,2016,0.137168595
020501070107,2017,0.127908123
020501070107,2018,0.113071125
020501070107,2019,0.137620959
020501070107,2020,0.13785676
020501070108,2010,0.026174869
020501070108,2011,0.023860613
020501070108,2012,0.026651748
020501070108,2013,0.025847224
020501070108,2014,0.025259646
020501070108,2015,0.026182577
020501070108,2016,0.026020711
020501070108,2017,0.024105079
020501070108,2018,0.021642753
020501070108,2019,0.024251177
020501070108,2020,0.024347532
020501070109,2010,0.629382596
020501070109,2011,0.568930247
020501070109,2012,0.636254056
020501070109,2013,0.612475482
020501070109,2014,0.604608539
020501070109,2015,0.629102627
020501070109,2016,0.62371243
020501070109,2017,0.578995762
020501070109,2018,0.520836332
020501070109,2019,0.570278194
020501070109,2020,0.570662126
020501070110,2010,0.240698492
020501070110,2011,0.213369686
020501070110,2012,0.245679806
020501070110,2013,0.249849505
020501070110,2014,0.23232626
020501070110,2015,0.243589435
020501070110,2016,0.238143571
020501070110,2017,0.227156388
020501070110,2018,0.198513413
020501070110,2019,0.221539261
020501070110,2020,0.225742446
020501070201,2010,0.15279312
020501070201,2011,0.136109471
020501070201,2012,0.155587805
020501070201,2013,0.156256368
020501070201,2014,0.147376218
020501070201,2015,0.154271865
020501070201,2016,0.151274875
020501070201,2017,0.143428663
020501070201,2018,0.126231977
020501070201,2019,0.140257894
020501070201,2020,0.142994565
020501070202,2010,0.161216138
020501070202,2011,0.140661743
020501070202,2012,0.164265601
020501070202,2013,0.171347655
020501070202,2014,0.155010492
020501070202,2015,0.163167315
020501070202,2016,0.158445068
020501070202,2017,0.153144209
020501070202,2018,0.131996171
020501070202,2019,0.148693959
020501070202,2020,0.152765673
020501070203,2010,0.335231271
020501070203,2011,0.302098053
020501070203,2012,0.346446945
020501070203,2013,0.354308653
020501070203,2014,0.326733996
020501070203,2015,0.344084759
020501070203,2016,0.34013771
020501070203,2017,0.319605049
020501070203,2018,0.283394467
020501070203,2019,0.311567796
020501070203,2020,0.309033797
020501070204,2010,0.1777687
020501070204,2011,0.15407806
020501070204,2012,0.179891294
020501070204,2013,0.18764592
020501070204,2014,0.169800846
020501070204,2015,0.178787187
020501070204,2016,0.173617263
020501070204,2017,0.167842044
020501070204,2018,0.144674028
020501070204,2019,0.163003409
020501070204,2020,0.167411582
020501070205,2010,0.773507499
020501070205,2011,0.679573835
020501070205,2012,0.792931202
020501070205,2013,0.825581685
020501070205,2014,0.74820236
020501070205,2015,0.787149166
020501070205,2016,0.764736124
020501070205,2017,0.738301804
020501070205,2018,0.636964802
020501070205,2019,0.716936744
020501070205,2020,0.736331516
020501070206,2010,0.052735931
020501070206,2011,0.046298173
020501070206,2012,0.054078967
020501070206,2013,0.056410805
020501070206,2014,0.051019479
020501070206,2015,0.053689903
020501070206,2016,0.052134836
020501070206,2017,0.050381379
020501070206,2018,0.0434214
020501070206,2019,0.048906546
020501070206,2020,0.050261194
020501070207,2010,0.106986892
020501070207,2011,0.093926427
020501070207,2012,0.109711548
020501070207,2013,0.114442214
020501070207,2014,0.103504676
020501070207,2015,0.108922243
020501070207,2016,0.105767434
020501070207,2017,0.102210145
020501070207,2018,0.088090237
020501070207,2019,0.099218108
020501070207,2020,0.101966322
020501070208,2010,0.044548323
020501070208,2011,0.03911007
020501070208,2012,0.045682844
020501070208,2013,0.047652648
020501070208,2014,0.043098362
020501070208,2015,0.045354185
020501070208,2016,0.044040552
020501070208,2017,0.042559331
020501070208,2018,0.036679936
020501070208,2019,0.041313476
020501070208,2020,0.042457806
020501070301,2010,0.035848965
020501070301,2011,0.032821741
020501070301,2012,0.037502313
020501070301,2013,0.037937456
020501070301,2014,0.036323937
020501070301,2015,0.036828545
020501070301,2016,0.037745835
020501070301,2017,0.035855835
020501070301,2018,0.02992571
020501070301,2019,0.036099632
020501070301,2020,0.034229916
020501070302,2010,0.000338023
020501070302,2011,0.00030095
020501070302,2012,0.000334402
020501070302,2013,0.000354295
020501070302,2014,0.000312973
020501070302,2015,0.000320446
020501070302,2016,0.000329148
020501070302,2017,0.000320053
020501070302,2018,0.000286317
020501070302,2019,0.000318624
020501070302,2020,0.000304285
020501070303,2010,0.005888515
020501070303,2011,0.001640008
020501070303,2012,0.001842367
020501070303,2013,0.0041831
020501070303,2014,0.003964159
020501070303,2015,0.004099301
020501070303,2016,0.004088195
020501070303,2017,0.003837888
020501070303,2018,0.003320534
020501070303,2019,0.005026034
020501070303,2020,0.003392024
020501070304,2010,0.002836652
020501070304,2011,0.002490366
020501070304,2012,0.002908893
020501070304,2013,0.003034322
020501070304,2014,0.002744324
020501070304,2015,0.002887965
020501070304,2016,0.002804319
020501070304,2017,0.002710001
020501070304,2018,0.002335625
020501070304,2019,0.00263067
020501070304,2020,0.002703536
020501070305,2010,0.142380567
020501070305,2011,0.124999406
020501070305,2012,0.1460066
020501070305,2013,0.152302277
020501070305,2014,0.137746355
020501070305,2015,0.144956176
020501070305,2016,0.140757685
020501070305,2017,0.136023564
020501070305,2018,0.117232472
020501070305,2019,0.132041695
020501070305,2020,0.135699079
020501070306,2010,0.000181588
020501070306,2011,0.000167559
020501070306,2012,0.000186772
020501070306,2013,0.000186377
020501070306,2014,0.000173547
020501070306,2015,0.000181897
020501070306,2016,0.000189754
020501070306,2017,0.000183178
020501070306,2018,0.000160156
020501070306,2019,0.000179441
020501070306,2020,0.000174042
020501070307,2010,0.029205685
020501070307,2011,0.025309649
020501070307,2012,0.028800722
020501070307,2013,0.029261914
020501070307,2014,0.028366232
020501070307,2015,0.027892037
020501070307,2016,0.028336489
020501070307,2017,0.026380602
020501070307,2018,0.024268565
020501070307,2019,0.026249332
020501070307,2020,0.02531012
020501070401,2010,0.04213679
020501070401,2011,0.034962088
020501070401,2012,0.038031624
020501070401,2013,0.033470285
020501070401,2014,0.033166594
020501070401,2015,0.033616513
020501070401,2016,0.03292111
020501070401,2017,0.035226392
020501070401,2018,0.031401189
020501070401,2019,0.034481607
020501070401,2020,0.034685934
020501070402,2010,0.299858744
020501070402,2011,0.253944212
020501070402,2012,0.275490897
020501070402,2013,0.241619211
020501070402,2014,0.235299128
020501070402,2015,0.238075133
020501070402,2016,0.23338863
020501070402,2017,0.247985908
020501070402,2018,0.218985093
020501070402,2019,0.243120805
020501070402,2020,0.242970523
020501070403,2010,0.038376646
020501070403,2011,0.043125393
020501070403,2012,0.044390267
020501070403,2013,0.043227674
020501070403,2014,0.045810374
020501070403,2015,0.045049207
020501070403,2016,0.042215064
020501070403,2017,0.044607735
020501070403,2018,0.036016876
020501070403,2019,0.038503797
020501070403,2020,0.050067359
020501070501,2010,0.0
020501070501,2011,0.0
020501070501,2012,0.0
020501070501,2013,0.0
020501070501,2014,0.0
020501070501,2015,0.0
020501070501,2016,0.0
020501070501,2017,0.0
020501070501,2018,0.0
020501070501,2019,0.0
020501070501,2020,0.0
020501070502,2010,0.0
020501070502,2011,0.0
020501070502,2012,0.0
020501070502,2013,0.0
020501070502,2014,0.0
020501070502,2015,0.0
020501070502,2016,0.0
020501070502,2017,0.0
020501070502,2018,0.0
020501070502,2019,0.0
020501070502,2020,0.0
020501070503,2010,1.6446e-05
020501070503,2011,1.6084e-05
020501070503,2012,1.7393e-05
020501070503,2013,1.6753e-05
020501070503,2014,1.5986e-05
020501070503,2015,1.6508e-05
020501070503,2016,1.9096e-05
020501070503,2017,1.6331e-05
020501070503,2018,1.4575e-05
020501070503,2019,1.6142e-05
020501070503,2020,1.595e-05
020501070504,2010,0.0
020501070504,2011,0.0
020501070504,2012,0.0
020501070504,2013,0.0
020501070504,2014,0.0
020501070504,2015,0.0
020501070504,2016,0.0
020501070504,2017,0.0
020501070504,2018,0.0
020501070504,2019,0.0
020501070504,2020,0.0
020501070601,2010,0.0
020501070601,2011,0.0
020501070601,2012,0.0
020501070601,2013,0.0
020501070601,2014,0.0
020501070601,2015,0.0
020501070601,2016,0.0
020501070601,2017,0.0
020501070601,2018,0.0
020501070601,2019,0.0
020501070601,2020,0.0
020501070602,2010,0.006464493
020501070602,2011,0.005959054
020501070602,2012,0.006591933
020501070602,2013,0.006425503
020501070602,2014,0.006519541
020501070602,2015,0.00737258
020501070602,2016,0.006589278
020501070602,2017,0.006624865
020501070602,2018,0.00998111
020501070602,2019,0.010676289
020501070602,2020,0.010918131
020501070701,2010,0.0
020501070701,2011,0.0
020501070701,2012,0.0
020501070701,2013,0.0
020501070701,2014,0.0
020501070701,2015,0.0
020501070701,2016,0.0
020501070701,2017,0.0
020501070701,2018,0.0
020501070701,2019,0.0
020501070701,2020,0.0
020501070702,2010,0.0
020501070702,2011,0.0
020501070702,2012,0.0
020501070702,2013,0.0
020501070702,2014,0.0
020501070702,2015,0.0
020501070702,2016,0.0
020501070702,2017,0.0
020501070702,2018,0.0
020501070702,2019,0.0
020501070702,2020,0.0
020501070703,2010,0.003796874
020501070703,2011,0.00320615
020501070703,2012,0.003883581
020501070703,2013,0.003797092
020501070703,2014,0.004017914
020501070703,2015,0.004046608
020501070703,2016,0.004167138
020501070703,2017,0.004939304
020501070703,2018,0.004039478
020501070703,2019,0.003434581
020501070703,2020,0.00323777
020501070704,2010,0.004992186
020501070704,2011,0.004215494
020501070704,2012,0.00510619
020501070704,2013,0.004992473
020501070704,2014,0.005282813
020501070704,2015,0.00532054
020501070704,2016,0.005479014
020501070704,2017,0.00649427
020501070704,2018,0.005311165
020501070704,2019,0.004515838
020501070704,2020,0.004257068
020501070705,2010,0.0
020501070705,2011,0.0
020501070705,2012,0.0
020501070705,2013,0.0
020501070705,2014,0.0
020501070705,2015,0.0
020501070705,2016,0.0
020501070705,2017,0.0
020501070705,2018,0.0
020501070705,2019,0.0
020501070705,2020,0.0
020501070706,2010,0.00337373
020501070706,2011,0.003188988
020501070706,2012,0.00362904
020501070706,2013,0.003500477
020501070706,2014,0.003431084
020501070706,2015,0.003318943
020501070706,2016,0.00339038
020501070706,2017,0.003138819
020501070706,2018,0.002931748
020501070706,2019,0.003033574
020501070706,2020,0.003027138
020501070707,2010,0.071784034
020501070707,2011,0.064806261
020501070707,2012,0.070609152
020501070707,2013,0.069692011
020501070707,2014,0.075089914
020501070707,2015,0.069848521
020501070707,2016,0.073413078
020501070707,2017,0.065128144
020501070707,2018,0.060033013
020501070707,2019,0.060783523
020501070707,2020,0.060236712
020501070801,2010,0.000773311
020501070801,2011,0.000685423
020501070801,2012,0.000796603
020501070801,2013,0.000761894
020501070801,2014,0.000725498
020501070801,2015,0.000758742
020501070801,2016,0.000772355
020501070801,2017,0.000670344
020501070801,2018,0.000584149
020501070801,2019,0.000659604
020501070801,2020,0.000624972
020501070802,2010,0.005472839
020501070802,2011,0.005834081
020501070802,2012,0.007234718
020501070802,2013,0.006966159
020501070802,2014,0.006873152
020501070802,2015,0.007051567
020501070802,2016,0.007066334
020501070802,2017,0.005726672
020501070802,2018,0.004760884
020501070802,2019,0.006219824
020501070802,2020,0.006253918
020501070803,2010,0.063634233
020501070803,2011,0.053112584
020501070803,2012,0.058265948
020501070803,2013,0.051766465
020501070803,2014,0.051072992
020501070803,2015,0.052011285
020501070803,2016,0.051335966
020501070803,2017,0.053568155
020501070803,2018,0.047664649
020501070803,2019,0.052379117
020501070803,2020,0.052356002
020501070804,2010,0.0
020501070804,2011,0.0
020501070804,2012,0.0
020501070804,2013,0.0
020501070804,2014,0.0
020501070804,2015,0.0
020501070804,2016,0.0
020501070804,2017,0.0
020501070804,2018,0.0
020501070804,2019,0.0
020501070804,2020,0.0
020501070805,2010,0.011095308
020501070805,2011,0.009733801
020501070805,2012,0.0107221
020501070805,2013,0.010477541
020501070805,2014,0.010804681
020501070805,2015,0.010442426
020501070805,2016,0.011232185
020501070805,2017,0.010370601
020501070805,2018,0.008855847
020501070805,2019,0.009380886
020501070805,2020,0.009280407
020501070901,2010,0.0
020501070901,2011,0.0
020501070901,2012,0.0
020501070901,2013,0.0
020501070901,2014,0.0
020501070901,2015,0.0
020501070901,2016,0.0
020501070901,2017,0.0
020501070901,2018,0.0
020501070901,2019,0.0
020501070901,2020,0.0
020501070902,2010,0.0
020501070902,2011,0.0
020501070902,2012,0.0
020501070902,2013,0.0
020501070902,2014,0.0
020501070902,2015,0.0
020501070902,2016,0.0
020501070902,2017,0.0
020501070902,2018,0.0
020501070902,2019,0.0
020501070902,2020,0.0
020501071001,2010,0.032621028
020501071001,2011,0.030768242
020501071001,2012,0.03484595
020501071001,2013,0.033652613
020501071001,2014,0.032846631
020501071001,2015,0.031834214
020501071001,2016,0.032654308
020501071001,2017,0.030336338
020501071001,2018,0.028240449
020501071001,2019,0.029197794
020501071001,2020,0.029127988
020501071002,2010,0.133328995
020501071002,2011,0.122457542
020501071002,2012,0.136187152
020501071002,2013,0.133215888
020501071002,2014,0.137774516
020501071002,2015,0.130046245
020501071002,2016,0.135648963
020501071002,2017,0.12284107
020501071002,2018,0.113814149
020501071002,2019,0.1162313
020501071002,2020,0.115430659
020501071003,2010,0.036288198
020501071003,2011,0.02849188
020501071003,2012,0.033363906
020501071003,2013,0.030858477
020501071003,2014,0.028703967
020501071003,2015,0.026731244
020501071003,2016,0.02875691
020501071003,2017,0.024451015
020501071003,2018,0.021285753
020501071003,2019,0.033537245
020501071003,2020,0.025754999
020501071004,2010,0.035630039
020501071004,2011,0.028125838
020501071004,2012,0.03289118
020501071004,2013,0.030443862
020501071004,2014,0.028426048
020501071004,2015,0.026516245
020501071004,2016,0.028302327
020501071004,2017,0.024292185
020501071004,2018,0.02112767
020501071004,2019,0.032923307
020501071004,2020,0.02554199
020501071005,2010,0.028616156
020501071005,2011,0.022468134
020501071005,2012,0.026310118
020501071005,2013,0.024334385
020501071005,2014,0.022635381
020501071005,2015,0.021079731
020501071005,2016,0.022677131
020501071005,2017,0.019281587
020501071005,2018,0.016785525
020501071005,2019,0.026446809
020501071005,2020,0.020309884
020501071006,2010,0.036178821
020501071006,2011,0.026670707
020501071006,2012,0.031258276
020501071006,2013,0.029741753
020501071006,2014,0.028638089
020501071006,2015,0.02929339
020501071006,2016,0.032284159
020501071006,2017,0.02942296
020501071006,2018,0.026392584
020501071006,2019,0.028299001
020501071006,2020,0.028767585
020502010101,2010,0.007817644
020502010101,2011,0.007461447
020502010101,2012,0.008109495
020502010101,2013,0.007420535
020502010101,2014,0.007131368
020502010101,2015,0.00727262
020502010101,2016,0.006951289
020502010101,2017,0.006600642
020502010101,2018,0.00565751
020502010101,2019,0.006207818
020502010101,2020,0.00645177
020502010102,2010,0.038677206
020502010102,2011,0.037517488
020502010102,2012,0.039400927
020502010102,2013,0.034931843
020502010102,2014,0.033262968
020502010102,2015,0.035259853
020502010102,2016,0.03445575
020502010102,2017,0.032285981
020502010102,2018,0.028365738
020502010102,2019,0.031255173
020502010102,2020,0.033691698
020502010103,2010,0.00282409
020502010103,2011,0.002711722
020502010103,2012,0.002895997
020502010103,2013,0.002751174
020502010103,2014,0.002601795
020502010103,2015,0.002686655
020502010103,2016,0.00280947
020502010103,2017,0.002594917
020502010103,2018,0.002316675
020502010103,2019,0.002662854
020502010103,2020,0.002606826
020502010201,2010,0.01076253
020502010201,2011,0.010730885
020502010201,2012,0.012069211
020502010201,2013,0.011129878
020502010201,2014,0.010651261
020502010201,2015,0.010878186
020502010201,2016,0.011028861
020502010201,2017,0.010496947
020502010201,2018,0.009315941
020502010201,2019,0.010131837
020502010201,2020,0.010479881
020502010202,2010,0.015546408
020502010202,2011,0.017720467
020502010202,2012,0.019774255
020502010202,2013,0.018789308
020502010202,2014,0.018570544
020502010202,2015,0.018048278
020502010202,2016,0.01833645
020502010202,2017,0.017390437
020502010202,2018,0.015677231
020502010202,2019,0.0159495
020502010202,2020,0.015135705
020502010301,2010,0.050472501
020502010301,2011,0.043744669
020502010301,2012,0.048130764
020502010301,2013,0.035733511
020502010301,2014,0.027868557
020502010301,2015,0.028829192
020502010301,2016,0.029950054
020502010301,2017,0.027032022
020502010301,2018,0.023524894
020502010301,2019,0.029498708
020502010301,2020,0.030918454
020502010302,2010,0.0
020502010302,2011,0.0
020502010302,2012,0.0
020502010302,2013,0.0
020502010302,2014,0.0
020502010302,2015,0.0
020502010302,2016,0.0
020502010302,2017,0.0
020502010302,2018,0.0
020502010302,2019,0.0
020502010302,2020,0.0
020502010303,2010,0.0
020502010303,2011,0.0
020502010303,2012,0.0
020502010303,2013,0.0
020502010303,2014,0.0
020502010303,2015,0.0
020502010303,2016,0.0
020502010303,2017,0.0
020502010303,2018,0.0
020502010303,2019,0.0
020502010303,2020,0.0
020502010304,2010,0.0
020502010304,2011,0.0
020502010304,2012,0.0
020502010304,2013,0.0
020502010304,2014,0.0
020502010304,2015,0.0
020502010304,2016,0.0
020502010304,2017,0.0
020502010304,2018,0.0
020502010304,2019,0.0
020502010304,2020,0.0
020502010305,2010,0.003982558
020502010305,2011,0.003687824
020502010305,2012,0.004274917
020502010305,2013,0.003662128
020502010305,2014,0.004160892
020502010305,2015,0.004396325
020502010305,2016,0.005029567
020502010305,2017,0.004116404
020502010305,2018,0.003966923
020502010305,2019,0.003676365
020502010305,2020,0.003319052
020502010306,2010,0.0
020502010306,2011,0.0
020502010306,2012,0.0
020502010306,2013,0.0
020502010306,2014,0.0
020502010306,2015,0.0
020502010306,2016,0.0
020502010306,2017,0.0
020502010306,2018,0.0
020502010306,2019,0.0
020502010306,2020,0.0
020502010307,2010,0.008524071
020502010307,2011,0.007893237
020502010307,2012,0.009149822
020502010307,2013,0.007838238
020502010307,2014,0.008905768
020502010307,2015,0.009409677
020502010307,2016,0.010765038
020502010307,2017,0.008810549
020502010307,2018,0.008490606
020502010307,2019,0.007868711
020502010307,2020,0.007103936
020502010308,2010,0.0
020502010308,2011,0.0
020502010308,2012,0.0
020502010308,2013,0.0
020502010308,2014,0.0
020502010308,2015,0.0
020502010308,2016,0.0
020502010308,2017,0.0
020502010308,2018,0.0
020502010308,2019,0.0
020502010308,2020,0.0
020502010309,2010,0.0
020502010309,2011,0.0
020502010309,2012,0.0
020502010309,2013,0.0
020502010309,2014,0.0
020502010309,2015,0.0
020502010309,2016,0.0
020502010309,2017,0.0
020502010309,2018,0.0
020502010309,2019,0.0
020502010309,2020,0.0
020502010310,2010,0.0
020502010310,2011,0.0
020502010310,2012,0.0
020502010310,2013,0.0
020502010310,2014,0.0
020502010310,2015,0.0
020502010310,2016,0.0
020502010310,2017,0.0
020502010310,2018,0.0
020502010310,2019,0.0
020502010310,2020,0.0
020502010401,2010,0.051557149
020502010401,2011,0.053712759
020502010401,2012,0.060707172
020502010401,2013,0.052143846
020502010401,2014,0.049531178
020502010401,2015,0.050732827
020502010401,2016,0.048035313
020502010401,2017,0.044304441
020502010401,2018,0.038376545
020502010401,2019,0.041498451
020502010401,2020,0.04358929
020502010402,2010,0.001998547
020502010402,2011,0.00269592
020502010402,2012,0.002715559
020502010402,2013,0.002788099
020502010402,2014,0.002882691
020502010402,2015,0.003027336
020502010402,2016,0.002135831
020502010402,2017,0.002696605
020502010402,2018,0.002191344
020502010402,2019,0.002351475
020502010402,2020,0.002546375
020502010403,2010,0.002434655
020502010403,2011,0.002697508
020502010403,2012,0.001738057
020502010403,2013,0.002560001
020502010403,2014,0.002621751
020502010403,2015,0.002325182
020502010403,2016,0.001520492
020502010403,2017,0.001561973
020502010403,2018,0.00128783
020502010403,2019,0.001530055
020502010403,2020,0.001704467
020502010404,2010,0.0
020502010404,2011,0.0
020502010404,2012,0.0
020502010404,2013,0.0
020502010404,2014,0.0
020502010404,2015,0.0
020502010404,2016,0.0
020502010404,2017,0.0
020502010404,2018,0.0
020502010404,2019,0.0
020502010404,2020,0.0
020502010405,2010,0.000931112
020502010405,2011,0.000904753
020502010405,2012,0.000980986
020502010405,2013,0.000934166
020502010405,2014,0.000927612
020502010405,2015,0.00094247
020502010405,2016,0.000961472
020502010405,2017,0.000923985
020502010405,2018,0.000792177
020502010405,2019,0.000896335
020502010405,2020,0.000911589
020502010406,2010,0.0
020502010406,2011,0.0
020502010406,2012,0.0
020502010406,2013,0.0
020502010406,2014,0.0
020502010406,2015,0.0
020502010406,2016,0.0
020502010406,2017,0.0
020502010406,2018,0.0
020502010406,2019,0.0
020502010406,2020,0.0
020502010407,2010,0.006328187
020502010407,2011,0.006353053
020502010407,2012,0.008589182
020502010407,2013,0.008085157
020502010407,2014,0.007865955
020502010407,2015,0.005851526
020502010407,2016,0.005457898
020502010407,2017,0.005354466
020502010407,2018,0.004991275
020502010407,2019,0.005564622
020502010407,2020,0.005756016
020502010408,2010,0.093761455
020502010408,2011,0.094129876
020502010408,2012,0.127261437
020502010408,2013,0.119793556
020502010408,2014,0.116545762
020502010408,2015,0.086699011
020502010408,2016,0.08086684
020502010408,2017,0.079334336
020502010408,2018,0.07395313
020502010408,2019,0.08244811
020502010408,2020,0.085283897
020502010501,2010,0.063095495
020502010501,2011,0.060298437
020502010501,2012,0.066141706
020502010501,2013,0.063350044
020502010501,2014,0.063772528
020502010501,2015,0.058940569
020502010501,2016,0.05734965
020502010501,2017,0.058960123
020502010501,2018,0.052855755
020502010501,2019,0.0561675
020502010501,2020,0.053317861
020502010502,2010,0.0
020502010502,2011,0.0
020502010502,2012,0.0
020502010502,2013,0.0
020502010502,2014,0.0
020502010502,2015,0.0
020502010502,2016,0.0
020502010502,2017,0.0
020502010502,2018,0.0
020502010502,2019,0.0
020502010502,2020,0.0
020502010503,2010,0.012140301
020502010503,2011,0.011222035
020502010503,2012,0.01228983
020502010503,2013,0.011577279
020502010503,2014,0.011256075
020502010503,2015,0.009730603
020502010503,2016,0.009814569
020502010503,2017,0.009925651
020502010503,2018,0.010452756
020502010503,2019,0.010178127
020502010503,2020,0.011825897
020502010504,2010,0.014793256
020502010504,2011,0.013663347
020502010504,2012,0.01497838
020502010504,2013,0.014114782
020502010504,2014,0.013746469
020502010504,2015,0.012027116
020502010504,2016,0.012141672
020502010504,2017,0.012125409
020502010504,2018,0.012706316
020502010504,2019,0.0124677
020502010504,2020,0.014358164
020502010505,2010,0.0
020502010505,2011,0.0
020502010505,2012,0.0
020502010505,2013,0.0
020502010505,2014,0.0
020502010505,2015,0.0
020502010505,2016,0.0
020502010505,2017,0.0
020502010505,2018,0.0
020502010505,2019,0.0
020502010505,2020,0.0
020502010506,2010,0.11207256
020502010506,2011,0.103583578
020502010506,2012,0.113456142
020502010506,2013,0.106883382
020502010506,2014,0.103943557
020502010506,2015,0.09001443
020502010506,2016,0.090803005
020502010506,2017,0.091661922
020502010506,2018,0.096460442
020502010506,2019,0.094030688
020502010506,2020,0.109113062
020502010507,2010,0.0
020502010507,2011,0.0
020502010507,2012,0.0
020502010507,2013,0.0
020502010507,2014,0.0
020502010507,2015,0.0
020502010507,2016,0.0
020502010507,2017,0.0
020502010507,2018,0.0
020502010507,2019,0.0
020502010507,2020,0.0
020502010508,2010,0.0
020502010508,2011,0.0
020502010508,2012,0.0
020502010508,2013,0.0
020502010508,2014,0.0
020502010508,2015,0.0
020502010508,2016,0.0
020502010508,2017,0.0
020502010508,2018,0.0
020502010508,2019,0.0
020502010508,2020,0.0
020502010601,2010,0.0
020502010601,2011,0.0
020502010601,2012,0.0
020502010601,2013,0.0
020502010601,2014,0.0
020502010601,2015,0.0
020502010601,2016,0.0
020502010601,2017,0.0
020502010601,2018,0.0
020502010601,2019,0.0
020502010601,2020,0.0
020502010602,2010,0.0
020502010602,2011,0.0
020502010602,2012,0.0
020502010602,2013,0.0
020502010602,2014,0.0
020502010602,2015,0.0
020502010602,2016,0.0
020502010602,2017,0.0
020502010602,2018,0.0
020502010602,2019,0.0
020502010602,2020,0.0
020502010701,2010,0.000426619
020502010701,2011,0.000428296
020502010701,2012,0.000579046
020502010701,2013,0.000545067
020502010701,2014,0.000530289
020502010701,2015,0.000394485
020502010701,2016,0.000367948
020502010701,2017,0.000360975
020502010701,2018,0.00033649
020502010701,2019,0.000375143
020502010701,2020,0.000388046
020502010702,2010,0.0
020502010702,2011,0.0
020502010702,2012,0.0
020502010702,2013,0.0
020502010702,2014,0.0
020502010702,2015,0.0
020502010702,2016,0.0
020502010702,2017,0.0
020502010702,2018,0.0
020502010702,2019,0.0
020502010702,2020,0.0
020502010703,2010,0.0
020502010703,2011,0.0
020502010703,2012,0.0
020502010703,2013,0.0
020502010703,2014,0.0
020502010703,2015,0.0
020502010703,2016,0.0
020502010703,2017,0.0
020502010703,2018,0.0
020502010703,2019,0.0
020502010703,2020,0.0
020502010704,2010,0.0
020502010704,2011,0.0
020502010704,2012,0.0
020502010704,2013,0.0
020502010704,2014,0.0
020502010704,2015,0.0
020502010704,2016,0.0
020502010704,2017,0.0
020502010704,2018,0.0
020502010704,2019,0.0
020502010704,2020,0.0
020502010705,2010,0.0
020502010705,2011,0.0
020502010705,2012,0.0
020502010705,2013,0.0
020502010705,2014,0.0
020502010705,2015,0.0
020502010705,2016,0.0
020502010705,2017,0.0
020502010705,2018,0.0
020502010705,2019,0.0
020502010705,2020,0.0
020502010706,2010,0.005867197
020502010706,2011,0.005423415
020502010706,2012,0.005939462
020502010706,2013,0.005595098
020502010706,2014,0.005439866
020502010706,2015,0.004702632
020502010706,2016,0.004743211
020502010706,2017,0.004796895
020502010706,2018,0.005051636
020502010706,2019,0.004918912
020502010706,2020,0.005715251
020502010707,2010,0.0
020502010707,2011,0.0
020502010707,2012,0.0
020502010707,2013,0.0
020502010707,2014,0.0
020502010707,2015,0.0
020502010707,2016,0.0
020502010707,2017,0.0
020502010707,2018,0.0
020502010707,2019,0.0
020502010707,2020,0.0
020502010708,2010,0.0
020502010708,2011,0.0
020502010708,2012,0.0
020502010708,2013,0.0
020502010708,2014,0.0
020502010708,2015,0.0
020502010708,2016,0.0
020502010708,2017,0.0
020502010708,2018,0.0
020502010708,2019,0.0
020502010708,2020,0.0
020502010709,2010,0.000897763
020502010709,2011,0.000793313
020502010709,2012,0.000706973
020502010709,2013,0.000669908
020502010709,2014,0.000790847
020502010709,2015,0.001061198
020502010709,2016,0.00107731
020502010709,2017,0.000993675
020502010709,2018,0.000855181
020502010709,2019,0.000955857
020502010709,2020,0.000934281
020502010710,2010,0.000428478
020502010710,2011,0.000378627
020502010710,2012,0.000337419
020502010710,2013,0.000319729
020502010710,2014,0.00037745
020502010710,2015,0.000506481
020502010710,2016,0.000514171
020502010710,2017,0.000474254
020502010710,2018,0.000408155
020502010710,2019,0.000456205
020502010710,2020,0.000445907
020502010711,2010,0.0
020502010711,2011,0.0
020502010711,2012,0.0
020502010711,2013,0.0
020502010711,2014,0.0
020502010711,2015,0.0
020502010711,2016,0.0
020502010711,2017,0.0
020502010711,2018,0.0
020502010711,2019,0.0
020502010711,2020,0.0
020502010712,2010,0.0
020502010712,2011,0.0
020502010712,2012,0.0
020502010712,2013,0.0
020502010712,2014,0.0
020502010712,2015,0.0
020502010712,2016,0.0
020502010712,2017,0.0
020502010712,2018,0.0
020502010712,2019,0.0
020502010712,2020,0.0
020502010713,2010,0.0
020502010713,2011,0.0
020502010713,2012,0.0
020502010713,2013,0.0
020502010713,2014,0.0
020502010713,2015,0.0
020502010713,2016,0.0
020502010713,2017,0.0
020502010713,2018,0.0
020502010713,2019,0.0
020502010713,2020,0.0
020502020101,2010,0.0
020502020101,2011,0.0
020502020101,2012,0.0
020502020101,2013,0.0
020502020101,2014,0.0
020502020101,2015,0.0
020502020101,2016,0.0
020502020101,2017,0.0
020502020101,2018,0.0
020502020101,2019,0.0
020502020101,2020,0.0
020502020102,2010,0.005760751
020502020102,2011,0.005776021
020502020102,2012,0.006391745
020502020102,2013,0.005917398
020502020102,2014,0.005951781
020502020102,2015,0.005687193
020502020102,2016,0.005621694
020502020102,2017,0.005122646
020502020102,2018,0.004491812
020502020102,2019,0.004602116
020502020102,2020,0.00506685
020502020201,2010,0.0
020502020201,2011,0.0
020502020201,2012,0.0
020502020201,2013,0.0
020502020201,2014,0.0
020502020201,2015,0.0
020502020201,2016,0.0
020502020201,2017,0.0
020502020201,2018,0.0
020502020201,2019,0.0
020502020201,2020,0.0
020502020202,2010,0.0
020502020202,2011,0.0
020502020202,2012,0.0
020502020202,2013,0.0
020502020202,2014,0.0
020502020202,2015,0.0
020502020202,2016,0.0
020502020202,2017,0.0
020502020202,2018,0.0
020502020202,2019,0.0
020502020202,2020,0.0
020502020203,2010,0.0
020502020203,2011,0.0
020502020203,2012,0.0
020502020203,2013,0.0
020502020203,2014,0.0
020502020203,2015,0.0
020502020203,2016,0.0
020502020203,2017,0.0
020502020203,2018,0.0
020502020203,2019,0.0
020502020203,2020,0.0
020502020204,2010,0.026024104
020502020204,2011,0.023717396
020502020204,2012,0.02711847
020502020204,2013,0.025214091
020502020204,2014,0.027120446
020502020204,2015,0.027646806
020502020204,2016,0.029616613
020502020204,2017,0.026202413
020502020204,2018,0.024934541
020502020204,2019,0.027406213
020502020204,2020,0.028186785
020502020205,2010,0.0
020502020205,2011,0.0
020502020205,2012,0.0
020502020205,2013,0.0
020502020205,2014,0.0
020502020205,2015,0.0
020502020205,2016,0.0
020502020205,2017,0.0
020502020205,2018,0.0
020502020205,2019,0.0
020502020205,2020,0.0
020502020206,2010,0.0
020502020206,2011,0.0
020502020206,2012,0.0
020502020206,2013,0.0
020502020206,2014,0.0
020502020206,2015,0.0
020502020206,2016,0.0
020502020206,2017,0.0
020502020206,2018,0.0
020502020206,2019,0.0
020502020206,2020,0.0
020502020207,2010,0.019321336
020502020207,2011,0.019240944
020502020207,2012,0.021388715
020502020207,2013,0.020360246
020502020207,2014,0.020545688
020502020207,2015,0.019832208
020502020207,2016,0.020566358
020502020207,2017,0.018747162
020502020207,2018,0.015205421
020502020207,2019,0.01664502
020502020207,2020,0.017079095
020502020301,2010,6.5567e-05
020502020301,2011,6.6049e-05
020502020301,2012,7.5333e-05
020502020301,2013,6.8626e-05
020502020301,2014,6.4714e-05
020502020301,2015,6.6233e-05
020502020301,2016,6.698e-05
020502020301,2017,6.3496e-05
020502020301,2018,5.7148e-05
020502020301,2019,6.1159e-05
020502020301,2020,6.3704e-05
020502020302,2010,0.0
020502020302,2011,0.0
020502020302,2012,0.0
020502020302,2013,0.0
020502020302,2014,0.0
020502020302,2015,0.0
020502020302,2016,0.0
020502020302,2017,0.0
020502020302,2018,0.0
020502020302,2019,0.0
020502020302,2020,0.0
020502020303,2010,0.0
020502020303,2011,0.0
020502020303,2012,0.0
020502020303,2013,0.0
020502020303,2014,0.0
020502020303,2015,0.0
020502020303,2016,0.0
020502020303,2017,0.0
020502020303,2018,0.0
020502020303,2019,0.0
020502020303,2020,0.0
020502020304,2010,0.0
020502020304,2011,0.0
020502020304,2012,0.0
020502020304,2013,0.0
020502020304,2014,0.0
020502020304,2015,0.0
020502020304,2016,0.0
020502020304,2017,0.0
020502020304,2018,0.0
020502020304,2019,0.0
020502020304,2020,0.0
020502020305,2010,0.0
020502020305,2011,0.0
020502020305,2012,0.0
020502020305,2013,0.0
020502020305,2014,0.0
020502020305,2015,0.0
020502020305,2016,0.0
020502020305,2017,0.0
020502020305,2018,0.0
020502020305,2019,0.0
020502020305,2020,0.0
020502020306,2010,0.0
020502020306,2011,0.0
020502020306,2012,0.0
020502020306,2013,0.0
020502020306,2014,0.0
020502020306,2015,0.0
020502020306,2016,0.0
020502020306,2017,0.0
020502020306,2018,0.0
020502020306,2019,0.0
020502020306,2020,0.0
020502020307,2010,0.00628816
020502020307,2011,0.005713181
020502020307,2012,0.00653957
020502020307,2013,0.006081187
020502020307,2014,0.006554798
020502020307,2015,0.006694745
020502020307,2016,0.007187504
020502020307,2017,0.006353938
020502020307,2018,0.006059312
020502020307,2019,0.006671169
020502020307,2020,0.006849999
020502020308,2010,0.0
020502020308,2011,0.0
020502020308,2012,0.0
020502020308,2013,0.0
020502020308,2014,0.0
020502020308,2015,0.0
020502020308,2016,0.0
020502020308,2017,0.0
020502020308,2018,0.0
020502020308,2019,0.0
020502020308,2020,0.0
020502020309,2010,0.0
020502020309,2011,0.0
020502020309,2012,0.0
020502020309,2013,0.0
020502020309,2014,0.0
020502020309,2015,0.0
020502020309,2016,0.0
020502020309,2017,0.0
020502020309,2018,0.0
020502020309,2019,0.0
020502020309,2020,0.0
020502020310,2010,0.0
020502020310,2011,0.0
020502020310,2012,0.0
020502020310,2013,0.0
020502020310,2014,0.0
020502020310,2015,0.0
020502020310,2016,0.0
020502020310,2017,0.0
020502020310,2018,0.0
020502020310,2019,0.0
020502020310,2020,0.0
020502020311,2010,0.0
020502020311,2011,0.0
020502020311,2012,0.0
020502020311,2013,0.0
020502020311,2014,0.0
020502020311,2015,0.0
020502020311,2016,0.0
020502020311,2017,0.0
020502020311,2018,0.0
020502020311,2019,0.0
020502020311,2020,0.0
020502020312,2010,0.000107961
020502020312,2011,9.2914e-05
020502020312,2012,0.000114083
020502020312,2013,0.000170724
020502020312,2014,0.000179538
020502020312,2015,0.000194844
020502020312,2016,0.000304743
020502020312,2017,0.000278449
020502020312,2018,0.000100497
020502020312,2019,0.000227183
020502020312,2020,0.000104868
020502020401,2010,0.0
020502020401,2011,0.0
020502020401,2012,0.0
020502020401,2013,0.0
020502020401,2014,0.0
020502020401,2015,0.0
020502020401,2016,0.0
020502020401,2017,0.0
020502020401,2018,0.0
020502020401,2019,0.0
020502020401,2020,0.0
020502020402,2010,0.0
020502020402,2011,0.0
020502020402,2012,0.0
020502020402,2013,0.0
020502020402,2014,0.0
020502020402,2015,0.0
020502020402,2016,0.0
020502020402,2017,0.0
020502020402,2018,0.0
020502020402,2019,0.0
020502020402,2020,0.0
020502020403,2010,0.0
020502020403,2011,0.0
020502020403,2012,0.0
020502020403,2013,0.0
020502020403,2014,0.0
020502020403,2015,0.0
020502020403,2016,0.0
020502020403,2017,0.0
020502020403,2018,0.0
020502020403,2019,0.0
020502020403,2020,0.0
020502020404,2010,0.019439277
020502020404,2011,0.007771095
020502020404,2012,0.007249497
020502020404,2013,0.007020651
020502020404,2014,0.007840674
020502020404,2015,0.005927941
020502020404,2016,0.005450015
020502020404,2017,0.005172639
020502020404,2018,0.006462993
020502020404,2019,0.008185537
020502020404,2020,0.00696359
020502020405,2010,0.0
020502020405,2011,0.0
020502020405,2012,0.0
020502020405,2013,0.0
020502020405,2014,0.0
020502020405,2015,0.0
020502020405,2016,0.0
020502020405,2017,0.0
020502020405,2018,0.0
020502020405,2019,0.0
020502020405,2020,0.0
020502020406,2010,0.0
020502020406,2011,0.0
020502020406,2012,0.0
020502020406,2013,0.0
020502020406,2014,0.0
020502020406,2015,0.0
020502020406,2016,0.0
020502020406,2017,0.0
020502020406,2018,0.0
020502020406,2019,0.0
020502020406,2020,0.0
020502020407,2010,0.0
020502020407,2011,0.0
020502020407,2012,0.0
020502020407,2013,0.0
020502020407,2014,0.0
020502020407,2015,0.0
020502020407,2016,0.0
020502020407,2017,0.0
020502020407,2018,0.0
020502020407,2019,0.0
020502020407,2020,0.0
020502020501,2010,0.0
020502020501,2011,0.0
020502020501,2012,0.0
020502020501,2013,0.0
020502020501,2014,0.0
020502020501,2015,0.0
020502020501,2016,0.0
020502020501,2017,0.0
020502020501,2018,0.0
020502020501,2019,0.0
020502020501,2020,0.0
020502020502,2010,8.997e-06
020502020502,2011,7.743e-06
020502020502,2012,9.507e-06
020502020502,2013,1.4227e-05
020502020502,2014,1.4962e-05
020502020502,2015,1.6237e-05
020502020502,2016,2.5395e-05
020502020502,2017,2.3204e-05
020502020502,2018,8.375e-06
020502020502,2019,1.8932e-05
020502020502,2020,8.739e-06
020502030101,2010,0.0
020502030101,2011,0.0
020502030101,2012,0.0
020502030101,2013,0.0
020502030101,2014,0.0
020502030101,2015,0.0
020502030101,2016,0.0
020502030101,2017,0.0
020502030101,2018,0.0
020502030101,2019,0.0
020502030101,2020,0.0
020502030102,2010,0.0
020502030102,2011,0.0
020502030102,2012,0.0
020502030102,2013,0.0
020502030102,2014,0.0
020502030102,2015,0.0
020502030102,2016,0.0
020502030102,2017,0.0
020502030102,2018,0.0
020502030102,2019,0.0
020502030102,2020,0.0
020502030103,2010,0.0
020502030103,2011,0.0
020502030103,2012,0.0
020502030103,2013,0.0
020502030103,2014,0.0
020502030103,2015,0.0
020502030103,2016,0.0
020502030103,2017,0.0
020502030103,2018,0.0
020502030103,2019,0.0
020502030103,2020,0.0
020502030104,2010,0.0
020502030104,2011,0.0
020502030104,2012,0.0
020502030104,2013,0.0
020502030104,2014,0.0
020502030104,2015,0.0
020502030104,2016,0.0
020502030104,2017,0.0
020502030104,2018,0.0
020502030104,2019,0.0
020502030104,2020,0.0
020502030105,2010,0.0
020502030105,2011,0.0
020502030105,2012,0.0
020502030105,2013,0.0
020502030105,2014,0.0
020502030105,2015,0.0
020502030105,2016,0.0
020502030105,2017,0.0
020502030105,2018,0.0
020502030105,2019,0.0
020502030105,2020,0.0
020502030106,2010,0.0
020502030106,2011,0.0
020502030106,2012,0.0
020502030106,2013,0.0
020502030106,2014,0.0
020502030106,2015,0.0
020502030106,2016,0.0
020502030106,2017,0.0
020502030106,2018,0.0
020502030106,2019,0.0
020502030106,2020,0.0
020502030201,2010,0.0
020502030201,2011,0.0
020502030201,2012,0.0
020502030201,2013,0.0
020502030201,2014,0.0
020502030201,2015,0.0
020502030201,2016,0.0
020502030201,2017,0.0
020502030201,2018,0.0
020502030201,2019,0.0
020502030201,2020,0.0
020502030202,2010,0.0
020502030202,2011,0.0
020502030202,2012,0.0
020502030202,2013,0.0
020502030202,2014,0.0
020502030202,2015,0.0
020502030202,2016,0.0
020502030202,2017,0.0
020502030202,2018,0.0
020502030202,2019,0.0
020502030202,2020,0.0
020502030203,2010,0.000211161
020502030203,2011,0.000170819
020502030203,2012,0.000191874
020502030203,2013,0.000248488
020502030203,2014,0.00020361
020502030203,2015,0.000217162
020502030203,2016,0.000199825
020502030203,2017,0.00015907
020502030203,2018,0.000181137
020502030203,2019,0.000147846
020502030203,2020,0.000125099
020502030204,2010,0.002428347
020502030204,2011,0.00196442
020502030204,2012,0.002206547
020502030204,2013,0.00285761
020502030204,2014,0.002341518
020502030204,2015,0.002497363
020502030204,2016,0.002297993
020502030204,2017,0.001829306
020502030204,2018,0.00208307
020502030204,2019,0.001700226
020502030204,2020,0.001438638
020502030205,2010,0.032192601
020502030205,2011,0.027877984
020502030205,2012,0.028332999
020502030205,2013,0.033383343
020502030205,2014,0.030937049
020502030205,2015,0.032883686
020502030205,2016,0.032149393
020502030205,2017,0.026997554
020502030205,2018,0.029280852
020502030205,2019,0.028269588
020502030205,2020,0.025182036
020502030301,2010,0.0
020502030301,2011,0.0
020502030301,2012,0.0
020502030301,2013,0.0
020502030301,2014,0.0
020502030301,2015,0.0
020502030301,2016,0.0
020502030301,2017,0.0
020502030301,2018,0.0
020502030301,2019,0.0
020502030301,2020,0.0
020502030302,2010,0.006282027
020502030302,2011,0.005081868
020502030302,2012,0.005708241
020502030302,2013,0.007392512
020502030302,2014,0.006057406
020502030302,2015,0.00646057
020502030302,2016,0.005944809
020502030302,2017,0.004732336
020502030302,2018,0.005388812
020502030302,2019,0.004398412
020502030302,2020,0.003721695
020502030401,2010,0.0
020502030401,2011,0.0
020502030401,2012,0.0
020502030401,2013,0.0
020502030401,2014,0.0
020502030401,2015,0.0
020502030401,2016,0.0
020502030401,2017,0.0
020502030401,2018,0.0
020502030401,2019,0.0
020502030401,2020,0.0
020502030402,2010,0.0
020502030402,2011,0.0
020502030402,2012,0.0
020502030402,2013,0.0
020502030402,2014,0.0
020502030402,2015,0.0
020502030402,2016,0.0
020502030402,2017,0.0
020502030402,2018,0.0
020502030402,2019,0.0
020502030402,2020,0.0
020502030403,2010,0.0
020502030403,2011,0.0
020502030403,2012,0.0
020502030403,2013,0.0
020502030403,2014,0.0
020502030403,2015,0.0
020502030403,2016,0.0
020502030403,2017,0.0
020502030403,2018,0.0
020502030403,2019,0.0
020502030403,2020,0.0
020502030404,2010,0.0
020502030404,2011,0.0
020502030404,2012,0.0
020502030404,2013,0.0
020502030404,2014,0.0
020502030404,2015,0.0
020502030404,2016,0.0
020502030404,2017,0.0
020502030404,2018,0.0
020502030404,2019,0.0
020502030404,2020,0.0
020502030405,2010,0.0
020502030405,2011,0.0
020502030405,2012,0.0
020502030405,2013,0.0
020502030405,2014,0.0
020502030405,2015,0.0
020502030405,2016,0.0
020502030405,2017,0.0
020502030405,2018,0.0
020502030405,2019,0.0
020502030405,2020,0.0
020502030406,2010,1.4686e-05
020502030406,2011,1.3651e-05
020502030406,2012,1.4905e-05
020502030406,2013,1.4537e-05
020502030406,2014,1.3132e-05
020502030406,2015,1.445e-05
020502030406,2016,1.5241e-05
020502030406,2017,1.3848e-05
020502030406,2018,1.2476e-05
020502030406,2019,1.3667e-05
020502030406,2020,1.4107e-05
020502030407,2010,0.0
020502030407,2011,0.0
020502030407,2012,0.0
020502030407,2013,0.0
020502030407,2014,0.0
020502030407,2015,0.0
020502030407,2016,0.0
020502030407,2017,0.0
020502030407,2018,0.0
020502030407,2019,0.0
020502030407,2020,0.0
020502030408,2010,0.000109481
020502030408,2011,0.000101297
020502030408,2012,0.000110676
020502030408,2013,0.000107258
020502030408,2014,0.000102057
020502030408,2015,9.7143e-05
020502030408,2016,0.000103049
020502030408,2017,9.3405e-05
020502030408,2018,8.4091e-05
020502030408,2019,9.1127e-05
020502030408,2020,9.5054e-05
020502030409,2010,0.0
020502030409,2011,0.0
020502030409,2012,0.0
020502030409,2013,0.0
020502030409,2014,0.0
020502030409,2015,0.0
020502030409,2016,0.0
020502030409,2017,0.0
020502030409,2018,0.0
020502030409,2019,0.0
020502030409,2020,0.0
020502030410,2010,0.00126478
020502030410,2011,0.001153039
020502030410,2012,0.001261129
020502030410,2013,0.001171132
020502030410,2014,0.001069486
020502030410,2015,0.001094824
020502030410,2016,0.001224332
020502030410,2017,0.001194711
020502030410,2018,0.001057442
020502030410,2019,0.001042654
020502030410,2020,0.001059201
020502030411,2010,0.000131916
020502030411,2011,0.000123713
020502030411,2012,0.000142309
020502030411,2013,0.000137901
020502030411,2014,0.000136729
020502030411,2015,0.000155451
020502030411,2016,0.00016468
020502030411,2017,0.000154283
020502030411,2018,0.000139278
020502030411,2019,0.000168656
020502030411,2020,0.000168549
020502030412,2010,0.044718783
020502030412,2011,0.041314114
020502030412,2012,0.046295562
020502030412,2013,0.043870953
020502030412,2014,0.041741462
020502030412,2015,0.045191891
020502030412,2016,0.049110898
020502030412,2017,0.047142648
020502030412,2018,0.042163124
020502030412,2019,0.046515053
020502030412,2020,0.046809912
020502040101,2010,0.010108487
020502040101,2011,0.009025053
020502040101,2012,0.009935937
020502040101,2013,0.010011599
020502040101,2014,0.009763656
020502040101,2015,0.009836929
020502040101,2016,0.010624208
020502040101,2017,0.009376173
020502040101,2018,0.008110702
020502040101,2019,0.00931073
020502040101,2020,0.009480517
020502040102,2010,0.267235144
020502040102,2011,0.237625481
020502040102,2012,0.261444511
020502040102,2013,0.264131963
020502040102,2014,0.257939716
020502040102,2015,0.26065457
020502040102,2016,0.281619894
020502040102,2017,0.25022393
020502040102,2018,0.214721745
020502040102,2019,0.247278015
020502040102,2020,0.252286101
020502040103,2010,0.185356834
020502040103,2011,0.164819291
020502040103,2012,0.181340396
020502040103,2013,0.183204438
020502040103,2014,0.178909437
020502040103,2015,0.180792485
020502040103,2016,0.195334233
020502040103,2017,0.173557694
020502040103,2018,0.148933041
020502040103,2019,0.17151438
020502040103,2020,0.174988036
020502040104,2010,0.08673168
020502040104,2011,0.077126421
020502040104,2012,0.08484582
020502040104,2013,0.085662969
020502040104,2014,0.083647664
020502040104,2015,0.084451747
020502040104,2016,0.091305993
020502040104,2017,0.081098052
020502040104,2018,0.069745183
020502040104,2019,0.080397093
020502040104,2020,0.082022418
020502040105,2010,0.00170611
020502040105,2011,0.001517873
020502040105,2012,0.001657878
020502040105,2013,0.001609769
020502040105,2014,0.001564986
020502040105,2015,0.001489557
020502040105,2016,0.001685109
020502040105,2017,0.001459016
020502040105,2018,0.001420543
020502040105,2019,0.001725863
020502040105,2020,0.001751878
020502040106,2010,0.273942407
020502040106,2011,0.249657965
020502040106,2012,0.273866828
020502040106,2013,0.272071359
020502040106,2014,0.266978274
020502040106,2015,0.265929962
020502040106,2016,0.288004233
020502040106,2017,0.262770837
020502040106,2018,0.233679418
020502040106,2019,0.267224467
020502040106,2020,0.275558942
020502040201,2010,0.0
020502040201,2011,0.0
020502040201,2012,0.0
020502040201,2013,0.0
020502040201,2014,0.0
020502040201,2015,0.0
020502040201,2016,0.0
020502040201,2017,0.0
020502040201,2018,0.0
020502040201,2019,0.0
020502040201,2020,0.0
020502040202,2010,0.0
020502040202,2011,0.0
020502040202,2012,0.0
020502040202,2013,0.0
020502040202,2014,0.0
020502040202,2015,0.0
020502040202,2016,0.0
020502040202,2017,0.0
020502040202,2018,0.0
020502040202,2019,0.0
020502040202,2020,0.0
020502040203,2010,0.0
020502040203,2011,0.0
020502040203,2012,0.0
020502040203,2013,0.0
020502040203,2014,0.0
020502040203,2015,0.0
020502040203,2016,0.0
020502040203,2017,0.0
020502040203,2018,0.0
020502040203,2019,0.0
020502040203,2020,0.0
020502040204,2010,0.0
020502040204,2011,0.0
020502040204,2012,0.0
020502040204,2013,0.0
020502040204,2014,0.0
020502040204,2015,0.0
020502040204,2016,0.0
020502040204,2017,0.0
020502040204,2018,0.0
020502040204,2019,0.0
020502040204,2020,0.0
020502040205,2010,0.024708687
020502040205,2011,0.021863062
020502040205,2012,0.024056602
020502040205,2013,0.02082527
020502040205,2014,0.024586278
020502040205,2015,0.027176937
020502040205,2016,0.023852726
020502040205,2017,0.021786174
020502040205,2018,0.017721766
020502040205,2019,0.017011277
020502040205,2020,0.018912461
020502040301,2010,0.007234567
020502040301,2011,0.006764865
020502040301,2012,0.007395305
020502040301,2013,0.007310565
020502040301,2014,0.00676742
020502040301,2015,0.007021708
020502040301,2016,0.007747831
020502040301,2017,0.006879823
020502040301,2018,0.005941406
020502040301,2019,0.00662788
020502040301,2020,0.007139664
020502040302,2010,0.013701625
020502040302,2011,0.012109864
020502040302,2012,0.013214001
020502040302,2013,0.01313781
020502040302,2014,0.012752663
020502040302,2015,0.01208541
020502040302,2016,0.01334107
020502040302,2017,0.011969419
020502040302,2018,0.011146723
020502040302,2019,0.012570393
020502040302,2020,0.013056284
020502040303,2010,0.0
020502040303,2011,0.0
020502040303,2012,0.0
020502040303,2013,0.0
020502040303,2014,0.0
020502040303,2015,0.0
020502040303,2016,0.0
020502040303,2017,0.0
020502040303,2018,0.0
020502040303,2019,0.0
020502040303,2020,0.0
020502040304,2010,0.003936805
020502040304,2011,0.003458682
020502040304,2012,0.004031095
020502040304,2013,0.003987733
020502040304,2014,0.004092104
020502040304,2015,0.004157026
020502040304,2016,0.004577342
020502040304,2017,0.00400484
020502040304,2018,0.003475333
020502040304,2019,0.003788474
020502040304,2020,0.004285367
020502040305,2010,0.013662265
020502040305,2011,0.012809364
020502040305,2012,0.01473177
020502040305,2013,0.014278134
020502040305,2014,0.01415558
020502040305,2015,0.016083682
020502040305,2016,0.01703935
020502040305,2017,0.015963202
020502040305,2018,0.01441006
020502040305,2019,0.017441619
020502040305,2020,0.017433724
020502040401,2010,0.010881548
020502040401,2011,0.007797539
020502040401,2012,0.007717171
020502040401,2013,0.008861819
020502040401,2014,0.005782641
020502040401,2015,0.005587141
020502040401,2016,0.006895257
020502040401,2017,0.006027196
020502040401,2018,0.007982731
020502040401,2019,0.006038114
020502040401,2020,0.005906447
020502040402,2010,0.004058006
020502040402,2011,0.005742993
020502040402,2012,0.004654679
020502040402,2013,0.005423277
020502040402,2014,0.005293264
020502040402,2015,0.005034023
020502040402,2016,0.005508661
020502040402,2017,0.003762734
020502040402,2018,0.00341499
020502040402,2019,0.004214678
020502040402,2020,0.004458286
020502040403,2010,0.0
020502040403,2011,0.0
020502040403,2012,0.0
020502040403,2013,0.0
020502040403,2014,0.0
020502040403,2015,0.0
020502040403,2016,0.0
020502040403,2017,0.0
020502040403,2018,0.0
020502040403,2019,0.0
020502040403,2020,0.0
020502040404,2010,0.020499979
020502040404,2011,0.018238188
020502040404,2012,0.01992044
020502040404,2013,0.019342385
020502040404,2014,0.018804279
020502040404,2015,0.017897963
020502040404,2016,0.020247636
020502040404,2017,0.017530988
020502040404,2018,0.017068709
020502040404,2019,0.020737328
020502040404,2020,0.021049906
020502040405,2010,0.03339604
020502040405,2011,0.028757489
020502040405,2012,0.033124826
020502040405,2013,0.030025237
020502040405,2014,0.030089205
020502040405,2015,0.027974075
020502040405,2016,0.034971186
020502040405,2017,0.034608113
020502040405,2018,0.030291297
020502040405,2019,0.029560976
020502040405,2020,0.027958532
020502040406,2010,0.0
020502040406,2011,0.0
020502040406,2012,0.0
020502040406,2013,0.0
020502040406,2014,0.0
020502040406,2015,0.0
020502040406,2016,0.0
020502040406,2017,0.0
020502040406,2018,0.0
020502040406,2019,0.0
020502040406,2020,0.0
020502040407,2010,0.061520893
020502040407,2011,0.057662246
020502040407,2012,0.066328073
020502040407,2013,0.064216722
020502040407,2014,0.063762221
020502040407,2015,0.072480956
020502040407,2016,0.076673962
020502040407,2017,0.071820583
020502040407,2018,0.064788856
020502040407,2019,0.078352288
020502040407,2020,0.078354306
020502050101,2010,0.0
020502050101,2011,0.0
020502050101,2012,0.0
020502050101,2013,0.0
020502050101,2014,0.0
020502050101,2015,0.0
020502050101,2016,0.0
020502050101,2017,0.0
020502050101,2018,0.0
020502050101,2019,0.0
020502050101,2020,0.0
020502050102,2010,0.003257471
020502050102,2011,0.002603906
020502050102,2012,0.003325974
020502050102,2013,0.003244717
020502050102,2014,0.00304229
020502050102,2015,0.002996362
020502050102,2016,0.003256348
020502050102,2017,0.002878509
020502050102,2018,0.002831218
020502050102,2019,0.002830653
020502050102,2020,0.002864812
020502050201,2010,0.0
020502050201,2011,0.0
020502050201,2012,0.0
020502050201,2013,0.0
020502050201,2014,0.0
020502050201,2015,0.0
020502050201,2016,0.0
020502050201,2017,0.0
020502050201,2018,0.0
020502050201,2019,0.0
020502050201,2020,0.0
020502050202,2010,0.0
020502050202,2011,0.0
020502050202,2012,0.0
020502050202,2013,0.0
020502050202,2014,0.0
020502050202,2015,0.0
020502050202,2016,0.0
020502050202,2017,0.0
020502050202,2018,0.0
020502050202,2019,0.0
020502050202,2020,0.0
020502050203,2010,0.0
020502050203,2011,0.0
020502050203,2012,0.0
020502050203,2013,0.0
020502050203,2014,0.0
020502050203,2015,0.0
020502050203,2016,0.0
020502050203,2017,0.0
020502050203,2018,0.0
020502050203,2019,0.0
020502050203,2020,0.0
020502050204,2010,0.006693212
020502050204,2011,0.005350314
020502050204,2012,0.006833966
020502050204,2013,0.006667006
020502050204,2014,0.006251074
020502050204,2015,0.006156705
020502050204,2016,0.006690903
020502050204,2017,0.005914548
020502050204,2018,0.005817378
020502050204,2019,0.005816218
020502050204,2020,0.005886404
020502050205,2010,0.0
020502050205,2011,0.0
020502050205,2012,0.0
020502050205,2013,0.0
020502050205,2014,0.0
020502050205,2015,0.0
020502050205,2016,0.0
020502050205,2017,0.0
020502050205,2018,0.0
020502050205,2019,0.0
020502050205,2020,0.0
020502050206,2010,1.9001e-05
020502050206,2011,1.7754e-05
020502050206,2012,1.9678e-05
020502050206,2013,1.8465e-05
020502050206,2014,1.8473e-05
020502050206,2015,1.8977e-05
020502050206,2016,2.0223e-05
020502050206,2017,1.8325e-05
020502050206,2018,1.6662e-05
020502050206,2019,1.8026e-05
020502050206,2020,1.9029e-05
020502050207,2010,0.0
020502050207,2011,0.0
020502050207,2012,0.0
020502050207,2013,0.0
020502050207,2014,0.0
020502050207,2015,0.0
020502050207,2016,0.0
020502050207,2017,0.0
020502050207,2018,0.0
020502050207,2019,0.0
020502050207,2020,0.0
020502050208,2010,0.000304024
020502050208,2011,0.00028407
020502050208,2012,0.000314845
020502050208,2013,0.000295434
020502050208,2014,0.000295565
020502050208,2015,0.000303631
020502050208,2016,0.000323568
020502050208,2017,0.0002932
020502050208,2018,0.000266589
020502050208,2019,0.000288419
020502050208,2020,0.000304465
020502050301,2010,0.027431001
020502050301,2011,0.024122499
020502050301,2012,0.028013058
020502050301,2013,0.029832173
020502050301,2014,0.024810711
020502050301,2015,0.025945451
020502050301,2016,0.029560101
020502050301,2017,0.022951234
020502050301,2018,0.020738076
020502050301,2019,0.022783444
020502050301,2020,0.025115653
020502050302,2010,0.0
020502050302,2011,0.0
020502050302,2012,0.0
020502050302,2013,0.0
020502050302,2014,0.0
020502050302,2015,0.0
020502050302,2016,0.0
020502050302,2017,0.0
020502050302,2018,0.0
020502050302,2019,0.0
020502050302,2020,0.0
020502050303,2010,0.002593413
020502050303,2011,0.002280617
020502050303,2012,0.002648443
020502050303,2013,0.002820428
020502050303,2014,0.002345683
020502050303,2015,0.002452965
020502050303,2016,0.002794705
020502050303,2017,0.002169882
020502050303,2018,0.001960643
020502050303,2019,0.002154019
020502050303,2020,0.002374513
020502050401,2010,0.0
020502050401,2011,0.0
020502050401,2012,0.0
020502050401,2013,0.0
020502050401,2014,0.0
020502050401,2015,0.0
020502050401,2016,0.0
020502050401,2017,0.0
020502050401,2018,0.0
020502050401,2019,0.0
020502050401,2020,0.0
020502050402,2010,0.0
020502050402,2011,0.0
020502050402,2012,0.0
020502050402,2013,0.0
020502050402,2014,0.0
020502050402,2015,0.0
020502050402,2016,0.0
020502050402,2017,0.0
020502050402,2018,0.0
020502050402,2019,0.0
020502050402,2020,0.0
020502050403,2010,0.0
020502050403,2011,0.0
020502050403,2012,0.0
020502050403,2013,0.0
020502050403,2014,0.0
020502050403,2015,0.0
020502050403,2016,0.0
020502050403,2017,0.0
020502050403,2018,0.0
020502050403,2019,0.0
020502050403,2020,0.0
020502050404,2010,0.0
020502050404,2011,0.0
020502050404,2012,0.0
020502050404,2013,0.0
020502050404,2014,0.0
020502050404,2015,0.0
020502050404,2016,0.0
020502050404,2017,0.0
020502050404,2018,0.0
020502050404,2019,0.0
020502050404,2020,0.0
020502050405,2010,0.0
020502050405,2011,0.0
020502050405,2012,0.0
020502050405,2013,0.0
020502050405,2014,0.0
020502050405,2015,0.0
020502050405,2016,0.0
020502050405,2017,0.0
020502050405,2018,0.0
020502050405,2019,0.0
020502050405,2020,0.0
020502050501,2010,0.0
020502050501,2011,0.0
020502050501,2012,0.0
020502050501,2013,0.0
020502050501,2014,0.0
020502050501,2015,0.0
020502050501,2016,0.0
020502050501,2017,0.0
020502050501,2018,0.0
020502050501,2019,0.0
020502050501,2020,0.0
020502050502,2010,0.0
020502050502,2011,0.0
020502050502,2012,0.0
020502050502,2013,0.0
020502050502,2014,0.0
020502050502,2015,0.0
020502050502,2016,0.0
020502050502,2017,0.0
020502050502,2018,0.0
020502050502,2019,0.0
020502050502,2020,0.0
020502050503,2010,0.0
020502050503,2011,0.0
020502050503,2012,0.0
020502050503,2013,0.0
020502050503,2014,0.0
020502050503,2015,0.0
020502050503,2016,0.0
020502050503,2017,0.0
020502050503,2018,0.0
020502050503,2019,0.0
020502050503,2020,0.0
020502050504,2010,0.0
020502050504,2011,0.0
020502050504,2012,0.0
020502050504,2013,0.0
020502050504,2014,0.0
020502050504,2015,0.0
020502050504,2016,0.0
020502050504,2017,0.0
020502050504,2018,0.0
020502050504,2019,0.0
020502050504,2020,0.0
020502050505,2010,0.0
020502050505,2011,0.0
020502050505,2012,0.0
020502050505,2013,0.0
020502050505,2014,0.0
020502050505,2015,0.0
020502050505,2016,0.0
020502050505,2017,0.0
020502050505,2018,0.0
020502050505,2019,0.0
020502050505,2020,0.0
020502050506,2010,9.2526e-05
020502050506,2011,9.0905e-05
020502050506,2012,0.000100439
020502050506,2013,9.6915e-05
020502050506,2014,9.2072e-05
020502050506,2015,9.9161e-05
020502050506,2016,0.000104382
020502050506,2017,8.7834e-05
020502050506,2018,8.4024e-05
020502050506,2019,9.1247e-05
020502050506,2020,9.5064e-05
020502050601,2010,0.0
020502050601,2011,0.0
020502050601,2012,0.0
020502050601,2013,0.0
020502050601,2014,0.0
020502050601,2015,0.0
020502050601,2016,0.0
020502050601,2017,0.0
020502050601,2018,0.0
020502050601,2019,0.0
020502050601,2020,0.0
020502050602,2010,0.0
020502050602,2011,0.0
020502050602,2012,0.0
020502050602,2013,0.0
020502050602,2014,0.0
020502050602,2015,0.0
020502050602,2016,0.0
020502050602,2017,0.0
020502050602,2018,0.0
020502050602,2019,0.0
020502050602,2020,0.0
020502050603,2010,0.0
020502050603,2011,0.0
020502050603,2012,0.0
020502050603,2013,0.0
020502050603,2014,0.0
020502050603,2015,0.0
020502050603,2016,0.0
020502050603,2017,0.0
020502050603,2018,0.0
020502050603,2019,0.0
020502050603,2020,0.0
020502050604,2010,0.0
020502050604,2011,0.0
020502050604,2012,0.0
020502050604,2013,0.0
020502050604,2014,0.0
020502050604,2015,0.0
020502050604,2016,0.0
020502050604,2017,0.0
020502050604,2018,0.0
020502050604,2019,0.0
020502050604,2020,0.0
020502050605,2010,0.0
020502050605,2011,0.0
020502050605,2012,0.0
020502050605,2013,0.0
020502050605,2014,0.0
020502050605,2015,0.0
020502050605,2016,0.0
020502050605,2017,0.0
020502050605,2018,0.0
020502050605,2019,0.0
020502050605,2020,0.0
020502050606,2010,0.00015421
020502050606,2011,0.000151509
020502050606,2012,0.000167399
020502050606,2013,0.000161526
020502050606,2014,0.000153454
020502050606,2015,0.000165268
020502050606,2016,0.00017397
020502050606,2017,0.00014639
020502050606,2018,0.000140041
020502050606,2019,0.000152078
020502050606,2020,0.00015844
020502050607,2010,0.014915693
020502050607,2011,0.013598959
020502050607,2012,0.014869262
020502050607,2013,0.013786519
020502050607,2014,0.012564054
020502050607,2015,0.012858933
020502050607,2016,0.014397962
020502050607,2017,0.014193883
020502050607,2018,0.012568489
020502050607,2019,0.012361933
020502050607,2020,0.012560117
020502060101,2010,0.000185455
020502060101,2011,0.000169034
020502060101,2012,0.000184816
020502060101,2013,0.00017133
020502060101,2014,0.000156109
020502060101,2015,0.000159736
020502060101,2016,0.000178904
020502060101,2017,0.000176482
020502060101,2018,0.000156225
020502060101,2019,0.000153593
020502060101,2020,0.000156037
020502060102,2010,0.0
020502060102,2011,0.0
020502060102,2012,0.0
020502060102,2013,0.0
020502060102,2014,0.0
020502060102,2015,0.0
020502060102,2016,0.0
020502060102,2017,0.0
020502060102,2018,0.0
020502060102,2019,0.0
020502060102,2020,0.0
020502060103,2010,0.003685927
020502060103,2011,0.003359555
020502060103,2012,0.00367322
020502060103,2013,0.003405175
020502060103,2014,0.003102671
020502060103,2015,0.00317475
020502060103,2016,0.003555721
020502060103,2017,0.003507587
020502060103,2018,0.003104981
020502060103,2019,0.003052659
020502060103,2020,0.003101245
020502060201,2010,0.0
020502060201,2011,0.0
020502060201,2012,0.0
020502060201,2013,0.0
020502060201,2014,0.0
020502060201,2015,0.0
020502060201,2016,0.0
020502060201,2017,0.0
020502060201,2018,0.0
020502060201,2019,0.0
020502060201,2020,0.0
020502060202,2010,0.000700713
020502060202,2011,0.000637485
020502060202,2012,0.000720942
020502060202,2013,0.000669938
020502060202,2014,0.00066005
020502060202,2015,0.000664796
020502060202,2016,0.000681945
020502060202,2017,0.000613172
020502060202,2018,0.000549499
020502060202,2019,0.000623748
020502060202,2020,0.000645182
020502060203,2010,0.0
020502060203,2011,0.0
020502060203,2012,0.0
020502060203,2013,0.0
020502060203,2014,0.0
020502060203,2015,0.0
020502060203,2016,0.0
020502060203,2017,0.0
020502060203,2018,0.0
020502060203,2019,0.0
020502060203,2020,0.0
020502060204,2010,0.0
020502060204,2011,0.0
020502060204,2012,0.0
020502060204,2013,0.0
020502060204,2014,0.0
020502060204,2015,0.0
020502060204,2016,0.0
020502060204,2017,0.0
020502060204,2018,0.0
020502060204,2019,0.0
020502060204,2020,0.0
020502060205,2010,0.0
020502060205,2011,0.0
020502060205,2012,0.0
020502060205,2013,0.0
020502060205,2014,0.0
020502060205,2015,0.0
020502060205,2016,0.0
020502060205,2017,0.0
020502060205,2018,0.0
020502060205,2019,0.0
020502060205,2020,0.0
020502060206,2010,0.000422031
020502060206,2011,0.000383027
020502060206,2012,0.000414566
020502060206,2013,0.000390628
020502060206,2014,0.000398332
020502060206,2015,0.00040781
020502060206,2016,0.000424066
020502060206,2017,0.000386979
020502060206,2018,0.000336553
020502060206,2019,0.000362373
020502060206,2020,0.000376471
020502060207,2010,0.0
020502060207,2011,0.0
020502060207,2012,0.0
020502060207,2013,0.0
020502060207,2014,0.0
020502060207,2015,0.0
020502060207,2016,0.0
020502060207,2017,0.0
020502060207,2018,0.0
020502060207,2019,0.0
020502060207,2020,0.0
020502060208,2010,0.081088739
020502060208,2011,0.073232298
020502060208,2012,0.079552028
020502060208,2013,0.076173456
020502060208,2014,0.073762809
020502060208,2015,0.074597879
020502060208,2016,0.077374153
020502060208,2017,0.070970654
020502060208,2018,0.062057847
020502060208,2019,0.067719116
020502060208,2020,0.071225852
020502060301,2010,0.0
020502060301,2011,0.0
020502060301,2012,0.0
020502060301,2013,0.0
020502060301,2014,0.0
020502060301,2015,0.0
020502060301,2016,0.0
020502060301,2017,0.0
020502060301,2018,0.0
020502060301,2019,0.0
020502060301,2020,0.0
020502060302,2010,0.0
020502060302,2011,0.0
020502060302,2012,0.0
020502060302,2013,0.0
020502060302,2014,0.0
020502060302,2015,0.0
020502060302,2016,0.0
020502060302,2017,0.0
020502060302,2018,0.0
020502060302,2019,0.0
020502060302,2020,0.0
020502060303,2010,0.0
020502060303,2011,0.0
020502060303,2012,0.0
020502060303,2013,0.0
020502060303,2014,0.0
020502060303,2015,0.0
020502060303,2016,0.0
020502060303,2017,0.0
020502060303,2018,0.0
020502060303,2019,0.0
020502060303,2020,0.0
020502060304,2010,0.001941972
020502060304,2011,0.001576193
020502060304,2012,0.00179409
020502060304,2013,0.001974025
020502060304,2014,0.002301968
020502060304,2015,0.0023207
020502060304,2016,0.002123534
020502060304,2017,0.00337854
020502060304,2018,0.002516045
020502060304,2019,0.002705551
020502060304,2020,0.002257638
020502060401,2010,0.0
020502060401,2011,0.0
020502060401,2012,0.0
020502060401,2013,0.0
020502060401,2014,0.0
020502060401,2015,0.0
020502060401,2016,0.0
020502060401,2017,0.0
020502060401,2018,0.0
020502060401,2019,0.0
020502060401,2020,0.0
020502060402,2010,0.011822373
020502060402,2011,0.011303713
020502060402,2012,0.027604127
020502060402,2013,0.004396198
020502060402,2014,0.008026465
020502060402,2015,0.00717507
020502060402,2016,0.005496965
020502060402,2017,0.005760804
020502060402,2018,0.006417369
020502060402,2019,0.006753477
020502060402,2020,0.006035261
020502060501,2010,0.0
020502060501,2011,0.0
020502060501,2012,0.0
020502060501,2013,0.0
020502060501,2014,0.0
020502060501,2015,0.0
020502060501,2016,0.0
020502060501,2017,0.0
020502060501,2018,0.0
020502060501,2019,0.0
020502060501,2020,0.0
020502060502,2010,0.0
020502060502,2011,0.0
020502060502,2012,0.0
020502060502,2013,0.0
020502060502,2014,0.0
020502060502,2015,0.0
020502060502,2016,0.0
020502060502,2017,0.0
020502060502,2018,0.0
020502060502,2019,0.0
020502060502,2020,0.0
020502060503,2010,0.0
020502060503,2011,0.0
020502060503,2012,0.0
020502060503,2013,0.0
020502060503,2014,0.0
020502060503,2015,0.0
020502060503,2016,0.0
020502060503,2017,0.0
020502060503,2018,0.0
020502060503,2019,0.0
020502060503,2020,0.0
020502060504,2010,0.0
020502060504,2011,0.0
020502060504,2012,0.0
020502060504,2013,0.0
020502060504,2014,0.0
020502060504,2015,0.0
020502060504,2016,0.0
020502060504,2017,0.0
020502060504,2018,0.0
020502060504,2019,0.0
020502060504,2020,0.0
020502060505,2010,0.0
020502060505,2011,0.0
020502060505,2012,0.0
020502060505,2013,0.0
020502060505,2014,0.0
020502060505,2015,0.0
020502060505,2016,0.0
020502060505,2017,0.0
020502060505,2018,0.0
020502060505,2019,0.0
020502060505,2020,0.0
020502060506,2010,0.0
020502060506,2011,0.0
020502060506,2012,0.0
020502060506,2013,0.0
020502060506,2014,0.0
020502060506,2015,0.0
020502060506,2016,0.0
020502060506,2017,0.0
020502060506,2018,0.0
020502060506,2019,0.0
020502060506,2020,0.0
020502060507,2010,0.000150985
020502060507,2011,0.000133748
020502060507,2012,0.000147506
020502060507,2013,0.000141662
020502060507,2014,0.000154574
020502060507,2015,0.00014085
020502060507,2016,0.000149729
020502060507,2017,0.000136567
020502060507,2018,0.00012028
020502060507,2019,0.00013727
020502060507,2020,0.000148163
020502060508,2010,0.0
020502060508,2011,0.0
020502060508,2012,0.0
020502060508,2013,0.0
020502060508,2014,0.0
020502060508,2015,0.0
020502060508,2016,0.0
020502060508,2017,0.0
020502060508,2018,0.0
020502060508,2019,0.0
020502060508,2020,0.0
020502060509,2010,0.022521693
020502060509,2011,0.019994524
020502060509,2012,0.022025266
020502060509,2013,0.021146177
020502060509,2014,0.022741149
020502060509,2015,0.021003753
020502060509,2016,0.022274469
020502060509,2017,0.02037168
020502060509,2018,0.017884281
020502060509,2019,0.020297343
020502060509,2020,0.021838015
020502060601,2010,0.0
020502060601,2011,0.0
020502060601,2012,0.0
020502060601,2013,0.0
020502060601,2014,0.0
020502060601,2015,0.0
020502060601,2016,0.0
020502060601,2017,0.0
020502060601,2018,0.0
020502060601,2019,0.0
020502060601,2020,0.0
020502060602,2010,0.059103123
020502060602,2011,0.053629648
020502060602,2012,0.058407079
020502060602,2013,0.05518983
020502060602,2014,0.05207265
020502060602,2015,0.052937244
020502060602,2016,0.056780428
020502060602,2017,0.053699756
020502060602,2018,0.046839805
020502060602,2019,0.049235454
020502060602,2020,0.050888981
020502060603,2010,0.006543434
020502060603,2011,0.005904576
020502060603,2012,0.006411767
020502060603,2013,0.00614193
020502060603,2014,0.005950141
020502060603,2015,0.006013577
020502060603,2016,0.006231984
020502060603,2017,0.005716971
020502060603,2018,0.004997705
020502060603,2019,0.005452962
020502060603,2020,0.005735895
020502060604,2010,0.314241397
020502060604,2011,0.283444692
020502060604,2012,0.307859604
020502060604,2013,0.294982478
020502060604,2014,0.285665493
020502060604,2015,0.288729623
020502060604,2016,0.299243875
020502060604,2017,0.274513193
020502060604,2018,0.240014958
020502060604,2019,0.261885512
020502060604,2020,0.275510247
020502060605,2010,0.031555151
020502060605,2011,0.028047342
020502060605,2012,0.032348066
020502060605,2013,0.031222546
020502060605,2014,0.033520281
020502060605,2015,0.031218018
020502060605,2016,0.033504641
020502060605,2017,0.030725093
020502060605,2018,0.026843496
020502060605,2019,0.030750659
020502060605,2020,0.032824751
020502060701,2010,0.0
020502060701,2011,0.0
020502060701,2012,0.0
020502060701,2013,0.0
020502060701,2014,0.0
020502060701,2015,0.0
020502060701,2016,0.0
020502060701,2017,0.0
020502060701,2018,0.0
020502060701,2019,0.0
020502060701,2020,0.0
020502060702,2010,0.000847928
020502060702,2011,0.000768082
020502060702,2012,0.000852796
020502060702,2013,0.000816793
020502060702,2014,0.000759885
020502060702,2015,0.000739334
020502060702,2016,0.000863359
020502060702,2017,0.000793445
020502060702,2018,0.00069145
020502060702,2019,0.000725845
020502060702,2020,0.000703946
020502060801,2010,0.0
020502060801,2011,0.0
020502060801,2012,0.0
020502060801,2013,0.0
020502060801,2014,0.0
020502060801,2015,0.0
020502060801,2016,0.0
020502060801,2017,0.0
020502060801,2018,0.0
020502060801,2019,0.0
020502060801,2020,0.0
020502060802,2010,0.00094194
020502060802,2011,0.000864971
020502060802,2012,0.000963688
020502060802,2013,0.00088932
020502060802,2014,0.000867498
020502060802,2015,0.00087687
020502060802,2016,0.000968052
020502060802,2017,0.00089509
020502060802,2018,0.000809644
020502060802,2019,0.000892868
020502060802,2020,0.000862343
020502060803,2010,0.045234009
020502060803,2011,0.04131058
020502060803,2012,0.047001348
020502060803,2013,0.045170068
020502060803,2014,0.042681241
020502060803,2015,0.044157313
020502060803,2016,0.044757164
020502060803,2017,0.044068709
020502060803,2018,0.036974618
020502060803,2019,0.038625722
020502060803,2020,0.039352255
020502060901,2010,0.0
020502060901,2011,0.0
020502060901,2012,0.0
020502060901,2013,0.0
020502060901,2014,0.0
020502060901,2015,0.0
020502060901,2016,0.0
020502060901,2017,0.0
020502060901,2018,0.0
020502060901,2019,0.0
020502060901,2020,0.0
020502060902,2010,0.000524659
020502060902,2011,0.000478665
020502060902,2012,0.000535695
020502060902,2013,0.000534889
020502060902,2014,0.000496191
020502060902,2015,0.00051811
020502060902,2016,0.00054469
020502060902,2017,0.000501374
020502060902,2018,0.000446374
020502060902,2019,0.000465836
020502060902,2020,0.000480348
020502061001,2010,0.001402942
020502061001,2011,0.001258327
020502061001,2012,0.001442224
020502061001,2013,0.001164227
020502061001,2014,0.001134926
020502061001,2015,0.001067074
020502061001,2016,0.001122755
020502061001,2017,0.00101263
020502061001,2018,0.000880348
020502061001,2019,0.00131186
020502061001,2020,0.001013827
020502061002,2010,0.0
020502061002,2011,0.0
020502061002,2012,0.0
020502061002,2013,0.0
020502061002,2014,0.0
020502061002,2015,0.0
020502061002,2016,0.0
020502061002,2017,0.0
020502061002,2018,0.0
020502061002,2019,0.0
020502061002,2020,0.0
020502061003,2010,0.0
020502061003,2011,0.0
020502061003,2012,0.0
020502061003,2013,0.0
020502061003,2014,0.0
020502061003,2015,0.0
020502061003,2016,0.0
020502061003,2017,0.0
020502061003,2018,0.0
020502061003,2019,0.0
020502061003,2020,0.0
