huc12_id,year,incrunoff_mm/mo,incbsflow_mm/mo,soilmstfr_frac
041000010301,2010,38.547169665,34.534583881,0.408946249
041000010301,2011,64.727105561,53.095435,0.441869005
041000010301,2012,36.978164842,33.245473863,0.395658835
041000010301,2013,47.176062854,41.276460598,0.421244728
041000010301,2014,39.356041291,33.786323114,0.423911526
041000010301,2015,43.582606777,38.051578802,0.420771598
041000010301,2016,45.487188814,38.195535934,0.415314519
041000010301,2017,45.1419852,39.131075749,0.415334003
041000010301,2018,52.369522825,43.944859938,0.438833475
041000010301,2019,50.55464151,43.662158354,0.433150876
041000010302,2010,25.692731916,24.941189081,0.47008593
041000010302,2011,45.268054122,40.212363566,0.512285324
041000010302,2012,24.219921476,23.587608958,0.437649989
041000010302,2013,30.125785961,28.727052318,0.485590212
041000010302,2014,25.493501864,23.332670838,0.488888546
041000010302,2015,26.751682398,25.766157299,0.485706481
041000010302,2016,29.092223437,27.289612334,0.46351604
041000010302,2017,30.358994042,29.002623769,0.474712884
041000010302,2018,33.997092574,32.018828087,0.51808587
041000010302,2019,31.658737175,29.857337174,0.506705121
041000010303,2010,6.337545622,4.01985277,0.461745749
041000010303,2011,17.444189859,9.687155982,0.559873174
041000010303,2012,9.648932467,7.087912286,0.48584749
041000010303,2013,8.688297753,5.183162151,0.524960347
041000010303,2014,8.502423041,4.427777304,0.510209335
041000010303,2015,7.152982253,4.12106447,0.489968468
041000010303,2016,9.933203292,5.432590966,0.484871912
041000010303,2017,7.838105949,4.510644484,0.505350455
041000010303,2018,12.256506369,6.482774442,0.569482591
041000010303,2019,13.365068285,9.005321873,0.594316966
041000010304,2010,7.975240935,2.17970137,0.532142321
041000010304,2011,24.864352653,4.950708141,0.604954238
041000010304,2012,11.881890591,4.242022332,0.552682825
041000010304,2013,13.342575393,2.392618063,0.587521195
041000010304,2014,10.15091533,1.85291474,0.579167363
041000010304,2015,10.3148632,1.777168619,0.558723323
041000010304,2016,12.384412759,2.168870484,0.540724917
041000010304,2017,11.769905182,1.551393564,0.554262924
041000010304,2018,17.912501914,3.174298699,0.634395006
041000010304,2019,17.481578823,5.025944321,0.651542533
041000010305,2010,7.321602513,5.884404739,0.426821557
041000010305,2011,15.781480355,10.232504443,0.498616107
041000010305,2012,7.41497097,5.744761609,0.411372921
041000010305,2013,5.90373161,4.221094014,0.45309149
041000010305,2014,5.436041493,3.68269942,0.451200022
041000010305,2015,4.597668808,3.301505782,0.422913947
041000010305,2016,5.733370737,4.443669435,0.398182942
041000010305,2017,5.844267132,4.399269249,0.415898788
041000010305,2018,6.932526868,5.005099908,0.492724536
041000010305,2019,7.733298833,6.044601544,0.497593572
041000010306,2010,20.782933524,16.028885008,0.48669124
041000010306,2011,44.379946008,27.688822018,0.561164385
041000010306,2012,24.323681856,18.340063383,0.502178283
041000010306,2013,28.04714291,19.644988891,0.52758906
041000010306,2014,22.481639965,15.942522008,0.521496081
041000010306,2015,24.178425613,17.069321985,0.505328687
041000010306,2016,27.426687351,19.463387801,0.50180315
041000010306,2017,27.594442757,19.265773822,0.50647556
041000010306,2018,33.684585229,22.498129742,0.566337446
041000010306,2019,32.162605705,22.906129421,0.563314168
041000010307,2010,30.15154661,24.822127676,0.459620321
041000010307,2011,60.809704457,45.710755962,0.566799565
041000010307,2012,35.860156027,29.671378443,0.493471716
041000010307,2013,41.186831247,32.738415753,0.509555092
041000010307,2014,35.575813964,28.473561609,0.505737384
041000010307,2015,39.653161323,31.298839696,0.505840126
041000010307,2016,44.151034526,35.145450948,0.509074623
041000010307,2017,41.630225742,33.031033396,0.510712449
041000010307,2018,48.598039094,37.572731512,0.54853985
041000010307,2019,47.614045155,37.630277296,0.533022161
041000010308,2010,36.1366522,28.367457087,0.536254014
041000010308,2011,62.725522186,45.869123976,0.590503779
041000010308,2012,36.575682715,28.807635393,0.54779747
041000010308,2013,44.1283904,33.994018527,0.560648056
041000010308,2014,39.528554859,30.596155953,0.560551282
041000010308,2015,43.467944225,33.353698762,0.556564716
041000010308,2016,43.012402805,33.121612918,0.558338369
041000010308,2017,44.248723694,34.183544636,0.558429646
041000010308,2018,51.567310512,38.627529771,0.580962579
041000010308,2019,49.842327014,37.951531862,0.573567217
041000010309,2010,34.521450071,27.476224643,0.446203123
041000010309,2011,63.850218286,47.646430219,0.47991404
041000010309,2012,35.090979551,28.030085278,0.446848324
041000010309,2013,43.767125554,34.239460423,0.463904035
041000010309,2014,38.579963171,30.432172355,0.467058858
041000010309,2015,42.598230911,33.178969967,0.461966315
041000010309,2016,39.509313644,30.321716132,0.457919546
041000010309,2017,42.914661703,33.335995631,0.459575666
041000010309,2018,48.991328397,36.885312016,0.473511986
041000010309,2019,47.251575644,36.589744116,0.470555691
041000020301,2010,18.718714722,3.860343719,0.350781049
041000020301,2011,34.565387542,6.78152769,0.397830097
041000020301,2012,14.891871375,3.5741328,0.346686366
041000020301,2013,26.628235779,4.768461972,0.385178147
041000020301,2014,19.976323436,5.084225207,0.389570027
041000020301,2015,17.327831521,3.82332439,0.370647169
041000020301,2016,18.41058845,4.174581265,0.377031389
041000020301,2017,19.494431995,3.728244829,0.372340184
041000020301,2018,25.115848081,5.405446171,0.399074895
041000020301,2019,22.480531066,4.855219062,0.398078041
041000020303,2010,15.789379229,2.605675931,0.382935884
041000020303,2011,30.310621393,5.229085074,0.428381949
041000020303,2012,11.549497171,2.3155421,0.373450449
041000020303,2013,22.518903238,3.342627063,0.415177194
041000020303,2014,15.834361196,3.720157375,0.418179529
041000020303,2015,12.171996548,2.534534996,0.399471876
041000020303,2016,14.243172907,2.89625145,0.405603942
041000020303,2017,16.195015743,2.40562368,0.40085674
041000020303,2018,18.510131739,3.906063771,0.425077953
041000020303,2019,17.805832478,3.401034887,0.428137107
041000020304,2010,13.605116516,2.552831421,0.401867663
041000020304,2011,24.249999963,5.241501537,0.452357555
041000020304,2012,10.555428035,2.366531451,0.404223627
041000020304,2013,18.802286383,3.311672451,0.44688466
041000020304,2014,13.287625671,3.543424926,0.447211094
041000020304,2015,11.253185567,2.505239668,0.427268771
041000020304,2016,12.127761608,2.805978933,0.427862503
041000020304,2017,13.064850043,2.237968601,0.425380902
041000020304,2018,17.344933217,3.874457619,0.45949551
041000020304,2019,16.077688264,3.404730362,0.459394929
041000030104,2010,16.316882929,3.486328324,0.596577023
041000030104,2011,36.917296761,8.010525428,0.664898895
041000030104,2012,14.208705308,3.22704385,0.59254701
041000030104,2013,24.567827814,4.583340211,0.624512717
041000030104,2014,26.421047472,7.068800107,0.652355175
041000030104,2015,26.34952345,5.704938315,0.643271808
041000030104,2016,31.142930335,5.25124845,0.663319426
041000030104,2017,31.089386509,5.245355035,0.664338699
041000030104,2018,33.137257025,5.795733294,0.673282755
041000030104,2019,31.962164176,5.650072405,0.681813363
041000030106,2010,21.791435819,6.996823441,0.585450316
041000030106,2011,41.499581103,11.415359165,0.660735602
041000030106,2012,18.406198167,7.432159008,0.589218588
041000030106,2013,33.34984609,9.377602902,0.631443133
041000030106,2014,33.221948734,9.936187438,0.658995475
041000030106,2015,28.639887007,8.757080462,0.631596213
041000030106,2016,40.646058356,11.136763086,0.662029794
041000030106,2017,37.011725246,9.866772913,0.656669939
041000030106,2018,41.968455335,11.912666449,0.671315169
041000030106,2019,39.558725026,10.814452849,0.680657003
041000030204,2010,22.831990438,7.659493687,0.561472418
041000030204,2011,40.023668486,11.587109916,0.641256327
041000030204,2012,19.994429754,8.716383008,0.571237836
041000030204,2013,35.291531617,10.569372497,0.61385248
041000030204,2014,32.859032152,9.562931431,0.64588745
041000030204,2015,26.588031832,8.865764875,0.605969279
041000030204,2016,38.055268705,11.867246291,0.639929556
041000030204,2017,37.400273632,10.75284039,0.638760657
041000030204,2018,43.030727069,13.648149837,0.653741696
041000030204,2019,39.038274011,11.548722289,0.660844766
041000030301,2010,17.851759768,8.756838065,0.52632517
041000030301,2011,32.703505668,12.402122434,0.607163888
041000030301,2012,16.002866054,9.528011613,0.538596188
041000030301,2013,28.714159807,11.493691728,0.588962664
041000030301,2014,24.818575784,10.662445261,0.624788293
041000030301,2015,20.839113639,9.856012509,0.57887944
041000030301,2016,28.790719346,13.097805986,0.619712824
041000030301,2017,28.574469048,11.962497582,0.61274189
041000030301,2018,33.479321968,14.905691901,0.63394859
041000030301,2019,29.89756213,12.901418906,0.641034579
041000030302,2010,19.4483267,9.779511432,0.496442412
041000030302,2011,35.310487375,14.069952828,0.578299545
041000030302,2012,14.908341925,8.839377227,0.498140836
041000030302,2013,26.621444617,11.722584305,0.549397281
041000030302,2014,27.392909311,13.310667297,0.573316102
041000030302,2015,20.487866032,10.684811878,0.537101862
041000030302,2016,31.452048004,15.788554851,0.575830815
041000030302,2017,26.747500227,12.822270502,0.560284696
041000030302,2018,30.116477783,14.501290197,0.579407908
041000030302,2019,31.019669902,14.953667249,0.593711881
041000030303,2010,14.806712436,1.897095756,0.500357244
041000030303,2011,27.521253087,3.822111978,0.545717669
041000030303,2012,10.507043613,1.871984075,0.475753125
041000030303,2013,20.366780147,2.3708795,0.537152649
041000030303,2014,20.572466509,5.601119391,0.552207457
041000030303,2015,14.527914202,2.262670019,0.511572841
041000030303,2016,21.628874761,2.564986341,0.557082923
041000030303,2017,21.29209929,2.628762373,0.540751866
041000030303,2018,22.707098723,2.823130617,0.555736178
041000030303,2019,25.113836882,3.089730027,0.5754961
041000030304,2010,27.328904412,9.122442935,0.529941984
041000030304,2011,41.004181179,13.498518779,0.588782255
041000030304,2012,21.064292729,8.644705797,0.525351855
041000030304,2013,34.089872431,11.375719875,0.579838821
041000030304,2014,36.667432776,13.238777822,0.599850844
041000030304,2015,27.156098176,10.071822243,0.563053929
041000030304,2016,40.137910595,13.47157048,0.600082514
041000030304,2017,33.661152572,11.505438195,0.581817563
041000030304,2018,37.239337661,13.015966721,0.598722185
041000030304,2019,43.13312516,13.611164523,0.622048951
041000030305,2010,17.741251366,1.762829317,0.518029958
041000030305,2011,31.917901913,3.932144295,0.547338012
041000030305,2012,12.196081617,1.684332536,0.465159546
041000030305,2013,21.91082992,2.104916586,0.536791205
041000030305,2014,23.493985596,5.512450983,0.553074621
041000030305,2015,16.204758588,2.049076537,0.512785565
041000030305,2016,24.651915545,2.298933597,0.555979607
041000030305,2017,23.469698747,2.360377349,0.542153187
041000030305,2018,24.620094907,2.425799323,0.554168996
041000030305,2019,28.702662933,2.862829668,0.576795505
041000030306,2010,27.598146797,6.224702511,0.565613122
041000030306,2011,40.74565218,10.521274634,0.586906745
041000030306,2012,19.639717227,5.235286964,0.525369091
041000030306,2013,31.14286883,7.634797315,0.5989257
041000030306,2014,38.299380506,11.201714716,0.615406834
041000030306,2015,26.019101652,6.694653658,0.579257327
041000030306,2016,38.007879396,8.540951324,0.615805023
041000030306,2017,31.977893931,7.567157764,0.590947763
041000030306,2018,33.544999104,8.17429479,0.594909082
041000030306,2019,42.781270918,8.961068622,0.639227832
041000030402,2010,16.79255975,5.154137196,0.452184157
041000030402,2011,29.674838954,8.889281785,0.50173117
041000030402,2012,10.182672625,4.036437555,0.43253101
041000030402,2013,23.70258555,6.660561535,0.492343447
041000030402,2014,20.27189416,8.381883993,0.507699337
041000030402,2015,18.985591432,6.214978714,0.484009165
041000030402,2016,27.060037328,8.556147209,0.515863028
041000030402,2017,23.584373091,6.882276566,0.506561198
041000030402,2018,30.291685703,9.271269922,0.52873183
041000030402,2019,28.648198122,8.564725905,0.53021143
041000030405,2010,18.903022604,4.791564678,0.487722331
041000030405,2011,33.051329852,8.103016249,0.528503899
041000030405,2012,12.220513088,3.996852708,0.449237867
041000030405,2013,25.250164684,6.122813716,0.517767276
041000030405,2014,22.203463909,7.141893307,0.538305926
041000030405,2015,17.972309552,5.178975591,0.502150641
041000030405,2016,29.217109139,7.276605552,0.53941118
041000030405,2017,26.027587469,6.165507454,0.537668178
041000030405,2018,31.172859861,7.54150567,0.545756961
041000030405,2019,33.843446066,7.774146583,0.560264858
041000030406,2010,24.987593742,7.678143002,0.560044354
041000030406,2011,39.574203136,11.948713251,0.574123386
041000030406,2012,17.628890704,6.120261123,0.504762895
041000030406,2013,27.363973391,8.453648998,0.576510063
041000030406,2014,28.570607729,11.056558315,0.599369224
041000030406,2015,19.545593725,7.383280076,0.541795466
041000030406,2016,28.803139958,9.013960064,0.589676163
041000030406,2017,28.988895,8.579857896,0.588818547
041000030406,2018,29.08615245,9.249774699,0.594539133
041000030406,2019,35.531176233,10.290957706,0.620657172
041000030501,2010,19.954870828,5.055100405,0.593355204
041000030501,2011,32.389834917,9.205893478,0.608427001
041000030501,2012,15.01558497,4.157771588,0.537334702
041000030501,2013,21.763215429,5.984413032,0.610108804
041000030501,2014,25.655838708,9.222173009,0.639977832
041000030501,2015,17.324104255,5.493376259,0.596060102
041000030501,2016,25.759196139,6.777716071,0.63245636
041000030501,2017,24.07133948,6.313055137,0.615279284
041000030501,2018,23.84623406,6.778483009,0.61125801
041000030501,2019,30.414977168,7.146510356,0.664821921
041000030502,2010,15.825115244,3.218296814,0.583228275
041000030502,2011,30.454530439,6.448369672,0.608821195
041000030502,2012,14.057813839,2.539273546,0.528281002
041000030502,2013,20.47050901,3.825464751,0.592874839
041000030502,2014,21.559271459,5.41555165,0.631896101
041000030502,2015,15.050412237,3.370563772,0.57851267
041000030502,2016,19.518456174,3.949764865,0.608808418
041000030502,2017,21.931145247,3.629670751,0.613478923
041000030502,2018,22.555455879,4.37139319,0.612134202
041000030502,2019,26.134917586,3.967440613,0.641796615
041000030503,2010,13.72467055,2.300884462,0.482652197
041000030503,2011,25.22809473,4.821767577,0.512577791
041000030503,2012,11.374546297,2.469107889,0.443364306
041000030503,2013,14.744130069,2.887990642,0.499140234
041000030503,2014,20.254497553,3.971805241,0.54100636
041000030503,2015,12.860263325,2.708184432,0.49229798
041000030503,2016,17.853569786,3.511912008,0.520463511
041000030503,2017,20.000759291,3.581712458,0.504849664
041000030503,2018,17.668500426,3.464945819,0.505813319
041000030503,2019,24.934849181,3.9843586,0.552484363
041000030505,2010,15.972001067,1.901764456,0.553294606
041000030505,2011,28.430116676,4.647902785,0.589964592
041000030505,2012,13.474154119,1.606102405,0.513632821
041000030505,2013,16.950651378,2.608157207,0.570342645
041000030505,2014,24.68157264,3.945655719,0.629144498
041000030505,2015,18.117398987,2.455814939,0.581532468
041000030505,2016,20.405096696,2.64646804,0.604175202
041000030505,2017,24.689189392,2.673573675,0.600717992
041000030505,2018,20.25407612,2.81527403,0.586644517
041000030505,2019,27.283514104,2.535179033,0.638485342
041000030506,2010,17.416529414,3.001730863,0.573443038
041000030506,2011,29.833904779,6.195208266,0.610112982
041000030506,2012,15.21662979,2.194770362,0.543603839
041000030506,2013,17.759801399,3.445702198,0.588936171
041000030506,2014,26.715829926,6.015159897,0.650316954
041000030506,2015,19.750329561,3.766472546,0.601732893
041000030506,2016,20.162492456,3.294848693,0.620642063
041000030506,2017,24.748963692,3.367487894,0.623421852
041000030506,2018,23.499558145,4.122244793,0.626333701
041000030506,2019,26.606417211,3.20890695,0.648341857
041000040101,2010,26.319400971,1.477435021,0.566895381
041000040101,2011,57.674179317,3.188970607,0.654698889
041000040101,2012,17.525835093,1.724485281,0.56084484
041000040101,2013,32.28674223,2.200572496,0.613327416
041000040101,2014,33.103004653,2.013746603,0.663546277
041000040101,2015,28.112120567,1.244346508,0.623851611
041000040101,2016,42.150420055,2.161883894,0.663408125
041000040101,2017,36.588587741,1.590878713,0.639965139
041000040101,2018,40.915811484,2.111637725,0.647482881
041000040101,2019,38.715871456,2.03800446,0.633284441
041000040102,2010,22.273098951,1.220219191,0.54083334
041000040102,2011,47.24960369,3.227297294,0.617287795
041000040102,2012,11.823011717,1.252216913,0.506461545
041000040102,2013,23.898460795,1.41765019,0.574030742
041000040102,2014,27.970773108,1.765182371,0.619924586
041000040102,2015,21.2382007,1.238013855,0.581996984
041000040102,2016,31.949098467,0.96484566,0.623526774
041000040102,2017,25.164911744,0.683698338,0.597801792
041000040102,2018,33.802632034,1.471443447,0.619778574
041000040102,2019,26.473933452,1.109241951,0.580843872
041000040103,2010,26.580038395,2.394925308,0.601026041
041000040103,2011,53.028090227,4.184639349,0.697505976
041000040103,2012,16.737329078,2.493212776,0.573415642
041000040103,2013,29.423424864,2.724973289,0.645749034
041000040103,2014,30.895641294,2.862844873,0.707269464
041000040103,2015,30.827763833,2.44027547,0.654579551
041000040103,2016,34.926723367,2.908976027,0.703969632
041000040103,2017,30.736525675,2.340659442,0.667492072
041000040103,2018,39.401436456,3.138599737,0.682161805
041000040103,2019,33.348239155,2.50771529,0.668782175
041000040104,2010,20.264841633,1.975195989,0.541082357
041000040104,2011,42.257063205,4.493994336,0.617860719
041000040104,2012,11.824845371,1.792602053,0.507640515
041000040104,2013,22.711610668,2.046897948,0.577110467
041000040104,2014,25.075368414,2.685215182,0.617696982
041000040104,2015,18.214306824,1.952171653,0.580495892
041000040104,2016,28.247719987,2.084436223,0.620669287
041000040104,2017,21.158372094,1.533900544,0.596075106
041000040104,2018,30.370093229,2.427625347,0.616952135
041000040104,2019,22.454134996,1.989026185,0.581633123
041000040105,2010,24.367556052,2.6789899,0.607225748
041000040105,2011,49.385751286,4.480263747,0.702672865
041000040105,2012,16.255354922,2.758705755,0.575501208
041000040105,2013,29.662231232,3.033656948,0.661946567
041000040105,2014,32.122700245,3.200188666,0.721246241
041000040105,2015,30.927019736,2.755462999,0.662908707
041000040105,2016,31.121194618,3.314274481,0.714998799
041000040105,2017,27.521713441,2.682569848,0.678168453
041000040105,2018,38.063106138,3.524855755,0.693202468
041000040105,2019,29.715282662,2.806389916,0.68370817
041000040106,2010,28.328609276,1.958824224,0.581948712
041000040106,2011,53.676189268,3.961478548,0.663756928
041000040106,2012,16.424096922,2.003488206,0.542997743
041000040106,2013,33.747130964,2.240287829,0.621438666
041000040106,2014,35.277518285,2.519318521,0.669366277
041000040106,2015,32.48473733,2.026559198,0.623598569
041000040106,2016,36.178780133,2.115900206,0.66835083
041000040106,2017,29.239569792,1.653204257,0.638113391
041000040106,2018,41.628018327,2.502010483,0.656284155
041000040106,2019,31.047592474,1.981520249,0.636039623
041000040201,2010,16.905175919,1.433787164,0.550814089
041000040201,2011,45.060992769,3.08747066,0.635202727
041000040201,2012,11.071888868,1.217616006,0.513568792
041000040201,2013,27.26520428,1.822024846,0.587924581
041000040201,2014,24.324357148,1.819812768,0.644771223
041000040201,2015,28.958678122,1.773410768,0.607089056
041000040201,2016,24.202029264,1.642447023,0.623245148
041000040201,2017,22.075524366,1.081208739,0.608116283
041000040201,2018,35.443056864,1.582224054,0.631049971
041000040201,2019,23.97535792,1.294239215,0.616228964
041000040202,2010,16.623734485,1.521549952,0.548847763
041000040202,2011,43.965047953,3.276510975,0.635184052
041000040202,2012,11.956930216,1.307050737,0.516355585
041000040202,2013,24.889952678,1.908427577,0.586660382
041000040202,2014,23.596126858,1.912678534,0.644546804
041000040202,2015,28.662798647,1.891193723,0.607359708
041000040202,2016,24.623944853,1.779130566,0.622918138
041000040202,2017,22.808511924,1.17427669,0.612876844
041000040202,2018,34.882956355,1.73771242,0.633946908
041000040202,2019,24.320803478,1.424210617,0.61772256
041000040203,2010,22.504589762,1.601263299,0.560296272
041000040203,2011,52.374381789,3.448289581,0.64131522
041000040203,2012,15.300996896,1.353506404,0.531936853
041000040203,2013,29.712683268,1.932021868,0.595470519
041000040203,2014,31.094303729,1.961124271,0.64744642
041000040203,2015,35.241483352,1.921315741,0.612120154
041000040203,2016,31.634325136,1.851336266,0.625409322
041000040203,2017,30.082604306,1.211002286,0.622452243
041000040203,2018,43.179664296,1.794856244,0.641254945
041000040203,2019,30.224235187,1.459089285,0.624635505
041000040204,2010,18.410872101,1.459583968,0.554767957
041000040204,2011,46.238871339,3.107591807,0.635275262
041000040204,2012,13.213624697,1.245091641,0.523348856
041000040204,2013,25.813989146,1.838606791,0.586651745
041000040204,2014,27.929111313,1.860392919,0.646529191
041000040204,2015,33.669170691,1.805720352,0.610225038
041000040204,2016,26.616878453,1.673477799,0.623490582
041000040204,2017,26.939987053,1.121658264,0.616474812
041000040204,2018,36.97099758,1.617826668,0.635628734
041000040204,2019,28.004614395,1.338011348,0.622944239
041000040205,2010,25.346363967,1.718964847,0.583497923
041000040205,2011,57.336439468,3.08414359,0.67256197
041000040205,2012,18.998815501,1.652772959,0.549631589
041000040205,2013,34.637734393,1.954654911,0.623109455
041000040205,2014,38.100140213,2.139783574,0.685069152
041000040205,2015,40.126791465,1.93037579,0.635024545
041000040205,2016,36.534206193,2.112706499,0.670418567
041000040205,2017,34.617760818,1.716855075,0.636949395
041000040205,2018,48.332204517,2.197007492,0.668989996
041000040205,2019,37.834594798,1.852655461,0.652300602
041000040301,2010,11.562796762,0.561981035,0.519221081
041000040301,2011,35.326698867,2.130733054,0.578269302
041000040301,2012,9.31700089,0.703003997,0.498040203
041000040301,2013,17.078127661,0.853154012,0.525220331
041000040301,2014,19.004029072,1.407072499,0.5838721
041000040301,2015,27.268720718,0.907158509,0.54689294
041000040301,2016,18.44251233,0.638841098,0.560883833
041000040301,2017,18.077557524,0.297854896,0.554923459
041000040301,2018,28.508198898,1.241890835,0.578831039
041000040301,2019,23.529454825,1.034250779,0.582338458
041000040302,2010,14.12558886,0.57133478,0.516189404
041000040302,2011,37.168245046,2.121039523,0.573910623
041000040302,2012,12.000700727,0.725544935,0.502164891
041000040302,2013,18.744494668,0.85712209,0.522969498
041000040302,2014,22.101161556,1.425494145,0.583539014
041000040302,2015,29.314950327,0.918773181,0.548408307
041000040302,2016,21.928782141,0.661471293,0.560346758
041000040302,2017,22.056310691,0.322591995,0.556054518
041000040302,2018,31.976549948,1.249451277,0.578891971
041000040302,2019,26.983614711,1.045050792,0.580301946
041000040303,2010,19.031545915,0.734151333,0.553683106
041000040303,2011,44.925255722,1.704692035,0.623348714
041000040303,2012,16.608882893,0.74399314,0.526244799
041000040303,2013,26.296972319,1.066084363,0.581089388
041000040303,2014,30.963917257,1.023208048,0.635094904
041000040303,2015,37.852326523,0.939634593,0.600025422
041000040303,2016,30.671196362,0.661765749,0.616010107
041000040303,2017,28.101177303,0.573781158,0.597358387
041000040303,2018,38.774687247,0.98757411,0.63034412
041000040303,2019,36.597487362,0.862612842,0.621950192
041000040304,2010,8.001606549,0.534286039,0.517862271
041000040304,2011,31.641175223,2.073905574,0.576608325
041000040304,2012,7.531355698,0.69383805,0.498588821
041000040304,2013,14.031229244,0.826756275,0.524123004
041000040304,2014,12.411636332,1.353524205,0.582753639
041000040304,2015,22.324847239,0.879097756,0.549007328
041000040304,2016,13.584755943,0.620615957,0.561604339
041000040304,2017,14.214119203,0.293969017,0.551032846
041000040304,2018,24.418370614,1.21972533,0.586493451
041000040304,2019,20.377932044,1.011657675,0.583431858
041000040305,2010,23.635109156,0.497353116,0.512081741
041000040305,2011,52.044258311,2.093677692,0.587298982
041000040305,2012,20.510079905,0.614629504,0.504301028
041000040305,2013,28.35854357,1.030793801,0.546633467
041000040305,2014,37.80446325,1.325569102,0.588305757
041000040305,2015,42.367418591,0.889586396,0.552791261
041000040305,2016,37.86125154,0.793102113,0.574351569
041000040305,2017,36.5866582,0.387928776,0.554591559
041000040305,2018,48.482633494,1.071991908,0.604564891
041000040305,2019,45.236164276,0.950349954,0.595631982
041000040401,2010,9.849927493,0.461677478,0.501377178
041000040401,2011,39.968147422,2.071045561,0.580514884
041000040401,2012,10.024587782,0.549412371,0.504378682
041000040401,2013,17.764729268,1.190660011,0.541058478
041000040401,2014,22.037479054,1.265653969,0.573284295
041000040401,2015,26.252373081,0.876782489,0.533624746
041000040401,2016,22.325706403,0.928585993,0.562406057
041000040401,2017,22.493248799,0.480367725,0.544993238
041000040401,2018,31.865163476,0.918061896,0.595978526
041000040401,2019,29.726622628,0.877984046,0.584485033
041000040404,2010,11.564522229,0.068779765,0.463665832
041000040404,2011,33.960546068,0.607423554,0.531587699
041000040404,2012,10.851776391,0.244315247,0.469927047
041000040404,2013,13.428407159,0.15807799,0.479661405
041000040404,2014,18.221758933,0.479012708,0.521017959
041000040404,2015,22.63869602,0.180195121,0.49033883
041000040404,2016,17.974216942,0.136428692,0.493916091
041000040404,2017,19.646769557,0.089641288,0.489726128
041000040404,2018,25.793714453,0.294101318,0.517869581
041000040404,2019,23.006445651,0.220071904,0.513067087
041000050201,2010,16.5136509,3.350361422,0.441845525
041000050201,2011,27.08575936,3.897207892,0.494319549
041000050201,2012,11.765961821,2.699832834,0.437307807
041000050201,2013,18.278225254,3.325701651,0.471801011
041000050201,2014,16.925169038,3.68475019,0.528539734
041000050201,2015,23.432778719,4.071113232,0.491039517
041000050201,2016,22.045690463,4.183309277,0.508977608
041000050201,2017,21.864319452,3.742580332,0.469541238
041000050201,2018,21.601284044,3.674555816,0.51337369
041000050201,2019,22.67516644,4.327694022,0.509665096
041000050202,2010,27.758256125,6.179091024,0.486646844
041000050202,2011,37.867626174,7.645450492,0.537333394
041000050202,2012,21.370832563,5.587321151,0.495184478
041000050202,2013,30.146124646,7.165454982,0.528919323
041000050202,2014,34.512398502,8.726240038,0.576151646
041000050202,2015,36.913002098,7.9407895,0.537264331
041000050202,2016,41.726012373,8.925774963,0.560775949
041000050202,2017,34.969971471,6.880083791,0.528429158
041000050202,2018,35.160731392,8.026340335,0.563600694
041000050202,2019,38.678487698,8.464801838,0.563959339
041000050203,2010,21.259694357,3.176507427,0.427050461
041000050203,2011,34.087750956,4.138853593,0.474042265
041000050203,2012,17.189836364,3.030477341,0.431188343
041000050203,2013,24.799182229,3.58548238,0.460943854
041000050203,2014,26.693075892,5.018998277,0.516898136
041000050203,2015,28.674225984,4.034719929,0.468645635
041000050203,2016,32.53361022,4.672106098,0.488893807
041000050203,2017,29.888763359,3.573606215,0.471451233
041000050203,2018,27.865011451,4.132743266,0.488800408
041000050203,2019,32.953589859,4.558837508,0.49729251
041000050204,2010,12.456091433,4.710546255,0.488827893
041000050204,2011,22.113146296,7.426175802,0.540310995
041000050204,2012,10.297695565,5.692200855,0.493073516
041000050204,2013,14.779040869,6.263432936,0.523458581
041000050204,2014,19.7278593,7.285379457,0.578121252
041000050204,2015,15.463588791,5.430433893,0.536302363
041000050204,2016,19.123214017,7.563168066,0.545712438
041000050204,2017,17.661601747,7.158148039,0.533720272
041000050204,2018,18.764121127,7.720650874,0.549964582
041000050204,2019,21.092052842,7.732025616,0.568243732
041000050205,2010,26.098692033,3.332572069,0.412844767
041000050205,2011,40.507520022,3.111984407,0.4536373
041000050205,2012,21.199304703,2.9147202,0.39975502
041000050205,2013,29.271383943,3.091937997,0.434369489
041000050205,2014,34.245533001,4.717930515,0.49884367
041000050205,2015,39.783672453,4.275920438,0.464418008
041000050205,2016,38.31835477,4.132662999,0.456338277
041000050205,2017,35.886052933,3.526780323,0.438568915
041000050205,2018,38.692277737,4.301207047,0.464793026
041000050205,2019,39.395511305,4.612929205,0.465822442
041000050206,2010,21.020945713,9.929870115,0.587172392
041000050206,2011,37.417241651,14.33609523,0.637756728
041000050206,2012,19.069608315,9.659765472,0.609910342
041000050206,2013,26.813233602,12.600758152,0.621262709
041000050206,2014,28.819417085,14.306625795,0.685247526
041000050206,2015,27.76201333,11.741076233,0.653622339
041000050206,2016,33.543840408,13.842365363,0.653529782
041000050206,2017,32.134398554,14.017413536,0.645074336
041000050206,2018,32.830577621,13.665489103,0.662213734
041000050206,2019,34.249023808,15.068658019,0.672344031
041000050207,2010,21.882611651,8.246504883,0.567760717
041000050207,2011,37.676762202,12.15293926,0.627693373
041000050207,2012,19.489556439,8.37324271,0.591883732
041000050207,2013,27.372565433,10.777837834,0.60945228
041000050207,2014,30.395841371,12.396027036,0.667034485
041000050207,2015,30.892552298,10.26220526,0.646537536
041000050207,2016,33.984604008,11.73911385,0.635279335
041000050207,2017,31.814471229,11.515758526,0.632974752
041000050207,2018,34.472493464,11.502574846,0.646999576
041000050207,2019,35.876621452,12.980910955,0.65966767
041000050208,2010,21.207570181,7.444853577,0.564584605
041000050208,2011,39.087949905,11.576403212,0.63095423
041000050208,2012,17.949002695,7.789561873,0.592378667
041000050208,2013,26.358910498,10.181104293,0.612888095
041000050208,2014,29.911902675,11.661367709,0.664004706
041000050208,2015,29.72597368,9.423107639,0.647066525
041000050208,2016,32.85328841,11.038562603,0.634922646
041000050208,2017,30.977541902,10.615672729,0.639163013
041000050208,2018,32.939847915,10.608766412,0.642204775
041000050208,2019,35.258036606,12.102143868,0.659140533
041000060201,2010,31.709507683,2.963672495,0.495390889
041000060201,2011,46.237022834,5.191553306,0.550355951
041000060201,2012,25.508341528,3.492258968,0.507567618
041000060201,2013,34.873086559,3.741686411,0.531519026
041000060201,2014,35.644265744,3.920861917,0.560381283
041000060201,2015,26.304267274,2.915730444,0.491105447
041000060201,2016,30.571028304,4.209638752,0.52925714
041000060201,2017,38.076007872,3.73890585,0.554606698
041000060201,2018,39.908743933,4.9168526,0.551982849
041000060201,2019,36.690338854,3.909786543,0.556696891
041000060202,2010,20.745849872,6.760269368,0.549656922
041000060202,2011,37.384127983,12.864604382,0.605440109
041000060202,2012,15.382140162,6.891145578,0.538590594
041000060202,2013,23.396898156,9.028553434,0.580908793
041000060202,2014,24.8812812,8.035199192,0.601132434
041000060202,2015,22.963818604,8.34800138,0.589264312
041000060202,2016,27.533738237,10.200254975,0.620325062
041000060202,2017,27.549556524,10.414384606,0.607107346
041000060202,2018,31.909273486,11.798203079,0.631857651
041000060202,2019,27.601151409,9.938639798,0.637273957
041000060203,2010,42.144817253,10.136796613,0.483306582
041000060203,2011,56.749585927,13.82373696,0.512352975
041000060203,2012,32.135004718,9.387454784,0.479215193
041000060203,2013,44.647772468,11.658730391,0.512958252
041000060203,2014,40.459821573,10.715815736,0.519471447
041000060203,2015,40.549419346,9.671874642,0.488212678
041000060203,2016,46.134075026,12.45778699,0.507568138
041000060203,2017,44.704298707,10.557020283,0.51796223
041000060203,2018,53.620956736,14.163189637,0.521077027
041000060203,2019,49.933190657,12.174023359,0.542448301
041000060204,2010,21.205555272,6.443801791,0.546982036
041000060204,2011,37.386140797,12.481850807,0.603199989
041000060204,2012,16.29810958,6.821862361,0.543283786
041000060204,2013,25.039233233,8.97645676,0.580892857
041000060204,2014,27.961883077,7.961073947,0.604318027
041000060204,2015,26.03144902,8.311102504,0.59947081
041000060204,2016,33.205521692,10.592128083,0.630983266
041000060204,2017,29.655810314,10.302580622,0.60684994
041000060204,2018,32.673635865,11.619824534,0.626160896
041000060204,2019,32.054286605,10.074120671,0.643633999
041000060205,2010,18.63093803,7.034723107,0.557648413
041000060205,2011,32.88545761,12.762555549,0.602869814
041000060205,2012,14.447812918,7.034688949,0.547703992
041000060205,2013,22.352439261,9.462151781,0.597486362
041000060205,2014,22.676999511,8.423613249,0.608805903
041000060205,2015,21.912256091,8.688331124,0.604560279
041000060205,2016,25.262967715,10.597023223,0.633902411
041000060205,2017,24.542555369,10.473140301,0.611731277
041000060205,2018,27.988451824,11.971297777,0.636996012
041000060205,2019,24.865507724,10.189670124,0.649047256
041000060301,2010,23.641065877,4.328959747,0.55432591
041000060301,2011,37.118160702,9.161269559,0.597858906
041000060301,2012,18.04251449,4.900713489,0.547074346
041000060301,2013,28.066643109,6.534902642,0.602877942
041000060301,2014,26.976549453,5.48135071,0.608849111
041000060301,2015,25.680494221,5.419558493,0.599525143
041000060301,2016,31.642113891,7.477098402,0.621793411
041000060301,2017,28.607978397,6.703040598,0.599353713
041000060301,2018,32.015366451,8.194488527,0.622715145
041000060301,2019,32.04227882,6.867348685,0.646431113
041000060302,2010,12.995449972,1.665087681,0.449544381
041000060302,2011,29.624038493,4.528080692,0.513747997
041000060302,2012,10.958213831,1.65914874,0.43866273
041000060302,2013,20.140917386,2.976723726,0.526015358
041000060302,2014,21.383993107,1.27644997,0.524426541
041000060302,2015,13.583160669,1.838299677,0.504409953
041000060302,2016,23.674965132,3.027024373,0.532755051
041000060302,2017,15.896500906,1.507676423,0.500936322
041000060302,2018,23.075148489,3.162121405,0.532264555
041000060302,2019,25.896105184,3.378415107,0.568335546
041000060303,2010,22.280980527,3.651298101,0.536275022
041000060303,2011,36.403384968,7.03830338,0.578416198
041000060303,2012,19.372270298,4.138821054,0.534406588
041000060303,2013,26.708889498,5.11443312,0.590696637
041000060303,2014,26.436114459,3.968708649,0.607446205
041000060303,2015,23.158267126,3.849679059,0.592892623
041000060303,2016,31.103575484,5.938926411,0.60413414
041000060303,2017,26.558123325,4.722454206,0.580695143
041000060303,2018,31.443153965,6.194249459,0.601746823
041000060303,2019,35.128825718,6.012338458,0.642347146
041000060401,2010,16.134970355,4.679023518,0.551050938
041000060401,2011,31.97585844,9.757976512,0.597554788
041000060401,2012,13.353762307,6.143884133,0.535507996
041000060401,2013,19.735125992,7.064045134,0.583467707
041000060401,2014,24.385393038,5.249029001,0.623593511
041000060401,2015,15.741250591,5.149020573,0.582136987
041000060401,2016,27.419103023,9.341165624,0.609360934
041000060401,2017,21.57124909,8.329746763,0.58871307
041000060401,2018,23.25796112,8.313355457,0.591180351
041000060401,2019,28.469462723,9.609374087,0.625242908
041000060402,2010,26.244011993,3.911409872,0.606544393
041000060402,2011,49.143275737,8.482476666,0.651765734
041000060402,2012,24.468489429,5.54143838,0.588032864
041000060402,2013,31.867783349,6.093710801,0.615184349
041000060402,2014,39.093805319,4.212629985,0.682311031
041000060402,2015,29.710728072,4.647859504,0.639147905
041000060402,2016,47.508201065,7.874863512,0.663497424
041000060402,2017,39.367559921,7.055576008,0.656081352
041000060402,2018,42.182794817,7.778113938,0.654513598
041000060402,2019,49.993430415,8.266502729,0.678398622
041000060403,2010,11.779114827,0.662058501,0.444153226
041000060403,2011,22.104402528,1.913365936,0.496732061
041000060403,2012,10.915977245,1.428311297,0.422566844
041000060403,2013,12.657433812,0.697283947,0.463047539
041000060403,2014,19.107223768,1.3798878,0.510083049
041000060403,2015,12.296985123,0.716793323,0.480401002
041000060403,2016,19.833107651,1.032133364,0.483973851
041000060403,2017,16.174672753,0.961140622,0.475095078
041000060403,2018,17.687221318,1.277612471,0.495333887
041000060403,2019,23.433690639,1.747875188,0.506626752
041000060404,2010,16.824090145,2.313845025,0.587219179
041000060404,2011,32.086387594,5.609533754,0.629094283
041000060404,2012,16.015861948,3.517867007,0.563271382
041000060404,2013,19.846130978,3.604738272,0.592558373
041000060404,2014,24.596145279,2.554593987,0.659022476
041000060404,2015,19.384068055,2.646802449,0.625369046
041000060404,2016,28.839432284,4.631554881,0.63830495
041000060404,2017,26.647839588,4.266953913,0.63752899
041000060404,2018,28.150916123,4.867874643,0.637658809
041000060404,2019,31.692442617,5.14918577,0.659001133
041000060501,2010,23.551661569,6.04183442,0.57698785
041000060501,2011,43.653148547,11.302500754,0.636508594
041000060501,2012,21.573569255,7.291293263,0.589566421
041000060501,2013,32.13856538,8.855638413,0.639055661
041000060501,2014,35.498377999,7.580608923,0.666898994
041000060501,2015,25.416639905,6.879211462,0.635124312
041000060501,2016,42.740054305,11.054010446,0.66438826
041000060501,2017,31.965470977,9.107698425,0.640186821
041000060501,2018,35.798238534,10.30154991,0.652489183
041000060501,2019,43.522517401,10.734264573,0.682843803
041000060502,2010,18.30248353,2.169383212,0.505807485
041000060502,2011,33.179993184,4.525925887,0.54510316
041000060502,2012,15.957983342,3.082461236,0.487687274
041000060502,2013,19.641831003,3.061186979,0.532901463
041000060502,2014,23.753432856,2.543293604,0.567625024
041000060502,2015,19.433238367,2.426703742,0.550701294
041000060502,2016,24.3177551,3.720500754,0.547030508
041000060502,2017,23.677709449,2.970701262,0.536492464
041000060502,2018,28.318594843,4.091313112,0.559592005
041000060502,2019,31.219875913,4.070596144,0.5839998
041000060503,2010,21.58287405,3.884673721,0.526730441
041000060503,2011,37.316935285,7.036633882,0.569365667
041000060503,2012,20.449129395,4.55253551,0.532783537
041000060503,2013,25.212944148,5.468786489,0.573929103
041000060503,2014,30.851529915,4.681216685,0.606580933
041000060503,2015,22.004753228,4.334714075,0.581188754
041000060503,2016,35.381386843,6.813237992,0.599733301
041000060503,2017,27.797243211,5.54265201,0.57461224
041000060503,2018,32.705604128,6.474932892,0.593727135
041000060503,2019,40.667341783,6.768578554,0.623688639
041000060504,2010,24.219018221,6.017476554,0.678981762
041000060504,2011,45.335926541,12.640582139,0.713261156
041000060504,2012,19.399255766,7.359225551,0.651046036
041000060504,2013,25.554234352,8.548324694,0.695745668
041000060504,2014,29.111632711,6.513922972,0.744999158
041000060504,2015,23.020505481,5.601322209,0.734361248
041000060504,2016,35.392916604,10.707454697,0.725226061
041000060504,2017,35.711361804,11.213709166,0.727310154
041000060504,2018,32.28046654,10.113757816,0.707047127
041000060504,2019,40.540697251,10.881190367,0.756062953
041000060601,2010,13.69088369,3.172417938,0.489377548
041000060601,2011,31.643017206,7.016975793,0.546301729
041000060601,2012,11.88982723,4.039915899,0.473216195
041000060601,2013,18.463169847,5.148400651,0.503028267
041000060601,2014,23.97019934,5.260198248,0.556199594
041000060601,2015,15.627151031,3.892737144,0.517710672
041000060601,2016,24.669089761,5.641256545,0.54352351
041000060601,2017,21.868978786,5.310748376,0.53162885
041000060601,2018,23.974248057,5.877965915,0.546248895
041000060601,2019,25.457826068,5.814187654,0.563974254
041000060602,2010,13.314260537,2.068637,0.512974548
041000060602,2011,31.901166952,5.643522141,0.566469527
041000060602,2012,11.402353153,3.03082389,0.49172748
041000060602,2013,17.948303191,3.755340588,0.522643551
041000060602,2014,22.313108469,3.563746475,0.581374212
041000060602,2015,15.929220147,2.690817133,0.544164717
041000060602,2016,23.709083893,4.023861038,0.564574783
041000060602,2017,21.428450703,3.805236565,0.557628797
041000060602,2018,24.90643754,4.699665597,0.571576015
041000060602,2019,25.372734894,4.184015151,0.58695416
041000060603,2010,6.771426066,0.881358947,0.446454927
041000060603,2011,19.519432296,2.503759436,0.505276036
041000060603,2012,4.27891251,0.908097167,0.429985873
041000060603,2013,7.358605979,0.846885412,0.473567132
041000060603,2014,9.337548877,1.218010864,0.518720213
041000060603,2015,7.138026586,0.978218973,0.492802205
041000060603,2016,9.240272142,1.177778985,0.489215845
041000060603,2017,11.159510863,1.196920501,0.490906768
041000060603,2018,10.346505175,1.441491997,0.503305225
041000060603,2019,12.63373138,1.366843421,0.516003534
041000060604,2010,13.792875073,0.971530368,0.394713516
041000060604,2011,25.815357213,1.4230879,0.44767104
041000060604,2012,10.77022168,0.914996424,0.413841304
041000060604,2013,14.622161476,0.990156927,0.42735722
041000060604,2014,19.475226511,1.319019587,0.460307179
041000060604,2015,17.118569851,1.122608639,0.441399616
041000060604,2016,20.242609342,1.21846254,0.450819265
041000060604,2017,19.830545666,1.161754064,0.429230162
041000060604,2018,19.550763927,1.217946679,0.448975538
041000060604,2019,23.701735602,1.326144784,0.468099839
041000070101,2010,14.875921914,0.745329602,0.506708116
041000070101,2011,36.085590583,2.575539303,0.575227186
041000070101,2012,10.585250834,1.769895139,0.498099929
041000070101,2013,22.323444731,1.78430757,0.559060859
041000070101,2014,15.972254776,1.142334278,0.575669218
041000070101,2015,26.404347165,0.990911677,0.540474677
041000070101,2016,21.341346488,1.832234812,0.553551557
041000070101,2017,20.03891362,1.58908923,0.542702034
041000070101,2018,27.655625881,3.146846979,0.570150561
041000070101,2019,25.045024445,1.934133416,0.546572668
041000070102,2010,7.169919624,0.106609004,0.473521498
041000070102,2011,23.948114674,1.07192038,0.564717964
041000070102,2012,4.934071496,0.568232099,0.493128997
041000070102,2013,12.131132944,0.107576419,0.534741814
041000070102,2014,11.114442447,0.207253457,0.575931849
041000070102,2015,16.687788755,0.10633827,0.507455311
041000070102,2016,12.430068255,0.140059794,0.54764173
041000070102,2017,12.364029881,0.111015468,0.521965995
041000070102,2018,17.616934198,0.993536134,0.557216167
041000070102,2019,15.140549346,0.138652345,0.535891297
041000070103,2010,11.905249593,0.130688359,0.477753002
041000070103,2011,28.634948196,1.118360624,0.56833173
041000070103,2012,8.031651284,0.579092792,0.494612813
041000070103,2013,16.502857669,0.176682787,0.54494327
041000070103,2014,14.868321721,0.286817137,0.5780098
041000070103,2015,20.953763497,0.150052675,0.508817654
041000070103,2016,17.560095873,0.195632753,0.547996215
041000070103,2017,17.67237364,0.172834032,0.527883441
041000070103,2018,21.730567755,1.028759319,0.561695196
041000070103,2019,18.883991388,0.200574098,0.535369538
041000070104,2010,9.699730243,0.147177224,0.463761898
041000070104,2011,30.506719539,1.965603602,0.55564314
041000070104,2012,6.110164797,0.157998179,0.477491323
041000070104,2013,14.341570681,0.160033632,0.50439319
041000070104,2014,12.880609905,0.52164524,0.566808878
041000070104,2015,13.114389742,0.157113585,0.494047258
041000070104,2016,19.656087296,0.788583335,0.539997195
041000070104,2017,13.618324362,0.154400893,0.501118993
041000070104,2018,20.339531885,0.619507381,0.543140503
041000070104,2019,18.432190452,0.208027807,0.530167865
041000070105,2010,19.792976292,0.271596109,0.481608203
041000070105,2011,38.292196203,1.300034663,0.577367424
041000070105,2012,11.555467657,0.720384562,0.504089774
041000070105,2013,21.190555598,0.302168944,0.540756705
041000070105,2014,23.814707543,0.433558025,0.580366327
041000070105,2015,26.759399825,0.297812386,0.511556624
041000070105,2016,27.679745856,0.370510252,0.552413341
041000070105,2017,25.003447766,0.320956821,0.531198653
041000070105,2018,30.886968263,1.191548014,0.565824651
041000070105,2019,27.535429338,0.352462567,0.542434709
041000070201,2010,18.777297228,12.149994284,0.548064114
041000070201,2011,38.631962607,19.171368094,0.633197253
041000070201,2012,19.453165368,14.948609053,0.525904948
041000070201,2013,26.318091281,15.126237187,0.614203549
041000070201,2014,26.101847703,16.627867041,0.640216081
041000070201,2015,29.515704374,17.237100698,0.59770418
041000070201,2016,28.674864111,18.609114034,0.617636927
041000070201,2017,27.41929256,19.054949544,0.620508659
041000070201,2018,36.469725886,22.852858082,0.642233845
041000070201,2019,29.237079779,19.936251413,0.611911915
041000070202,2010,28.665805005,12.443331139,0.512456517
041000070202,2011,49.161466449,17.529492912,0.605198294
041000070202,2012,24.474113765,14.159658474,0.498534109
041000070202,2013,32.469678706,13.965077695,0.576245925
041000070202,2014,37.548976951,16.926036885,0.616647592
041000070202,2015,37.263383935,16.291987704,0.560333828
041000070202,2016,39.476124689,17.824137348,0.590477309
041000070202,2017,35.541174489,17.508284404,0.580919674
041000070202,2018,47.713940421,20.770898233,0.611020841
041000070202,2019,37.986917653,18.327636529,0.584967253
041000070203,2010,16.444914958,9.291450839,0.476583728
041000070203,2011,33.89263055,12.163453369,0.571292428
041000070203,2012,15.943668739,10.199417536,0.473760646
041000070203,2013,19.875934695,9.75607367,0.543407233
041000070203,2014,22.688312692,11.968707487,0.587283637
041000070203,2015,25.050221921,12.072626218,0.522170108
041000070203,2016,25.249654813,12.702473624,0.565781698
041000070203,2017,23.222753827,12.364051538,0.538379791
041000070203,2018,31.103192979,14.1327977,0.575191086
041000070203,2019,27.00883232,13.317462127,0.555809062
041000070204,2010,13.524312763,7.635790411,0.479551394
041000070204,2011,31.026254594,9.528715852,0.574246471
041000070204,2012,15.005849968,9.054833019,0.493272141
041000070204,2013,17.14653723,7.956986548,0.555482963
041000070204,2014,16.497268027,8.377748591,0.585116858
041000070204,2015,24.710284083,10.119529645,0.522732991
041000070204,2016,24.007523693,10.997727702,0.58099364
041000070204,2017,22.700075949,9.909046986,0.528567415
041000070204,2018,28.483863813,11.021603332,0.602103918
041000070204,2019,28.573080486,12.128977505,0.570841849
041000070301,2010,11.874331473,2.527563558,0.542706491
041000070301,2011,34.194929478,6.738725464,0.608178371
041000070301,2012,14.157778613,5.046551057,0.55609846
041000070301,2013,19.64693576,4.340690023,0.590496694
041000070301,2014,12.670521499,3.069855792,0.596701608
041000070301,2015,22.588070369,3.791355341,0.588217655
041000070301,2016,22.590477154,5.572485901,0.604304767
041000070301,2017,18.529827511,5.376602732,0.57557234
041000070301,2018,25.961265791,7.774948454,0.610783802
041000070301,2019,22.070420214,5.585278034,0.589674054
041000070302,2010,13.717135109,1.561530132,0.517394149
041000070302,2011,33.508706324,4.156228494,0.588737889
041000070302,2012,13.495855972,2.97584362,0.538939112
041000070302,2013,18.590564311,2.579937809,0.564952129
041000070302,2014,13.476287306,1.938307579,0.580356616
041000070302,2015,24.719837879,2.289646065,0.55964976
041000070302,2016,21.1291579,3.272185416,0.574358055
041000070302,2017,19.396148644,3.15384143,0.555133325
041000070302,2018,23.933573535,4.643909937,0.585887847
041000070302,2019,21.360238412,3.265800975,0.557999143
041000070303,2010,6.225787331,0.196425523,0.432212264
041000070303,2011,21.980751837,0.553493184,0.493098993
041000070303,2012,4.339076769,0.294778653,0.439546015
041000070303,2013,10.760146242,0.295315651,0.479655425
041000070303,2014,5.56427052,0.237856019,0.493744799
041000070303,2015,14.061249314,0.248243319,0.463390596
041000070303,2016,12.199651215,0.34614099,0.485359549
041000070303,2017,10.230544772,0.302753966,0.469885492
041000070303,2018,15.80487295,0.418429552,0.498429986
041000070303,2019,14.981161865,0.338543264,0.478161593
041000070304,2010,13.886606892,0.621430044,0.439011401
041000070304,2011,34.757870967,1.35514097,0.502991477
041000070304,2012,11.798897597,1.021871428,0.445135194
041000070304,2013,20.141530152,0.939324482,0.488440899
041000070304,2014,14.294814873,0.782866551,0.498472927
041000070304,2015,27.22867951,0.839655307,0.478249873
041000070304,2016,24.699289756,1.143860923,0.49865482
041000070304,2017,21.912748311,1.074790366,0.481119511
041000070304,2018,25.849141775,1.523089243,0.514004114
041000070304,2019,25.243901393,1.137560687,0.484181885
041000070305,2010,13.209228898,2.54589437,0.586755313
041000070305,2011,34.055714158,6.38033302,0.673566558
041000070305,2012,12.049886669,6.150882457,0.57457648
041000070305,2013,20.096241064,4.920963916,0.637994618
041000070305,2014,12.475140237,3.58604482,0.640035214
041000070305,2015,20.293703329,3.466608823,0.623210296
041000070305,2016,23.688691491,6.323913287,0.655125391
041000070305,2017,19.522105187,5.758535556,0.642143237
041000070305,2018,29.070509431,8.813935572,0.655876127
041000070305,2019,25.139170337,7.566166468,0.644244574
041000070306,2010,29.629201592,1.978885032,0.579166766
041000070306,2011,55.40150003,5.857882926,0.655197022
041000070306,2012,27.830318269,5.142341992,0.566330322
041000070306,2013,39.06111243,4.060898286,0.623784131
041000070306,2014,33.767593302,3.360464447,0.627682813
041000070306,2015,38.405983754,2.982125718,0.613538018
041000070306,2016,48.084101408,5.396903487,0.635419375
041000070306,2017,41.843893471,4.992770102,0.633746913
041000070306,2018,48.831235979,7.27878267,0.650149543
041000070306,2019,45.881374481,6.488925786,0.63585717
041000070401,2010,18.796189974,2.559694277,0.573439257
041000070401,2011,42.475824448,5.792768172,0.662705815
041000070401,2012,16.035830134,5.579719668,0.55856185
041000070401,2013,29.107746333,4.54762506,0.628154342
041000070401,2014,23.83979971,3.885244072,0.644195075
041000070401,2015,30.552295034,4.213172361,0.609063379
041000070401,2016,30.40422888,4.966781317,0.631534339
041000070401,2017,27.139777296,4.896062553,0.633407764
041000070401,2018,33.380894966,6.839850274,0.650225957
041000070401,2019,27.981917803,5.299236372,0.625646424
041000070402,2010,21.801105169,3.096914825,0.571988746
041000070402,2011,48.947021249,6.727809799,0.663161204
041000070402,2012,21.741768507,6.378558281,0.579102744
041000070402,2013,33.440891604,5.260330269,0.629633237
041000070402,2014,27.170980337,4.105469895,0.636391146
041000070402,2015,35.306684514,4.631631617,0.621620253
041000070402,2016,40.28686723,7.262786053,0.644808243
041000070402,2017,35.093898619,6.948431461,0.638674909
041000070402,2018,40.434321903,8.807635398,0.652397313
041000070402,2019,38.106705124,7.783172699,0.641839471
041000070403,2010,7.188715314,2.239231509,0.534423654
041000070403,2011,25.300111624,4.163702582,0.632310467
041000070403,2012,9.374393204,4.487970011,0.52996085
041000070403,2013,13.630185952,2.481120864,0.597715851
041000070403,2014,10.983123883,2.973269487,0.61572466
041000070403,2015,15.077445846,2.044617561,0.597387517
041000070403,2016,16.263607559,4.318335059,0.623727242
041000070403,2017,14.010759247,3.853199256,0.608280818
041000070403,2018,19.678825061,5.127821058,0.641305593
041000070403,2019,19.32132471,4.716065986,0.619167039
041000070404,2010,11.678532007,3.907068584,0.568208292
041000070404,2011,27.857730671,8.860520033,0.671033056
041000070404,2012,13.727516811,8.419463906,0.595954994
041000070404,2013,19.744944068,6.956982701,0.636152136
041000070404,2014,13.856852697,4.85224061,0.636657656
041000070404,2015,18.545852704,6.488818876,0.639130969
041000070404,2016,22.468349631,10.307485654,0.663130308
041000070404,2017,19.333318216,10.247114404,0.634887692
041000070404,2018,24.753873261,11.744438059,0.659031271
041000070404,2019,22.20455341,11.123412666,0.653246669
041000070405,2010,6.854955536,1.944292753,0.553328007
041000070405,2011,24.96507557,3.827469298,0.66253449
041000070405,2012,8.152565775,4.156365474,0.563174585
041000070405,2013,11.735250446,2.1406104,0.623272111
041000070405,2014,9.281400006,2.531309011,0.646959397
041000070405,2015,14.60661201,1.80454622,0.632387296
041000070405,2016,14.500882948,3.875131545,0.663452702
041000070405,2017,12.296663026,3.527721734,0.621015189
041000070405,2018,18.1291475,4.699016292,0.678534207
041000070405,2019,17.839563418,4.33722112,0.647053504
041000070406,2010,23.962024675,3.350803957,0.554875023
041000070406,2011,56.784111793,7.221425807,0.672529903
041000070406,2012,24.937052696,6.993661722,0.579841627
041000070406,2013,34.87664921,5.61755454,0.63635694
041000070406,2014,30.224378478,4.224699569,0.645953258
041000070406,2015,42.080907081,5.152594105,0.641171228
041000070406,2016,44.381826501,8.392867677,0.666198584
041000070406,2017,35.97193728,8.173826276,0.620197205
041000070406,2018,44.910377719,9.575862667,0.667285161
041000070406,2019,46.50806942,9.165827143,0.651571786
041000070501,2010,16.259297259,3.682389291,0.550444597
041000070501,2011,42.458999672,9.532889176,0.650487904
041000070501,2012,18.947573665,8.547868711,0.556666848
041000070501,2013,26.202383919,5.784750817,0.620440724
041000070501,2014,19.759381844,4.377740204,0.625766833
041000070501,2015,28.087193571,6.349477455,0.622896789
041000070501,2016,30.815636327,9.769800472,0.641287835
041000070501,2017,26.627946379,10.149637461,0.610498315
041000070501,2018,33.934024047,11.089913801,0.637967378
041000070501,2019,30.446360113,9.483793307,0.631812705
041000070502,2010,13.434234825,2.67861465,0.518065419
041000070502,2011,33.777247409,5.389075221,0.617591094
041000070502,2012,14.356479235,5.295828341,0.533716779
041000070502,2013,18.711869208,4.135638955,0.587866306
041000070502,2014,15.597213287,3.393945721,0.597231768
041000070502,2015,22.499506885,3.50532127,0.582795729
041000070502,2016,24.62358046,5.67668737,0.607605434
041000070502,2017,18.391335472,5.084900407,0.568356416
041000070502,2018,23.776370016,5.710467161,0.606895339
041000070502,2019,23.595849504,5.403868433,0.591564562
041000070503,2010,8.262921526,0.843594725,0.444813426
041000070503,2011,20.726087826,1.684708312,0.54366524
041000070503,2012,6.772779966,1.427142992,0.456449027
041000070503,2013,8.591397501,1.055597144,0.511242818
041000070503,2014,9.139121192,0.949879085,0.537296664
041000070503,2015,13.41929304,1.237219265,0.505930214
041000070503,2016,11.63281488,1.648115146,0.534154224
041000070503,2017,10.417957677,1.637425938,0.476267144
041000070503,2018,14.472055961,1.849847761,0.549493451
041000070503,2019,14.326822959,1.647511071,0.52054929
041000070601,2010,15.940403287,9.192458699,0.508663372
041000070601,2011,29.538644562,9.389936914,0.57869644
041000070601,2012,15.716378159,9.404264387,0.51095195
041000070601,2013,20.171187385,8.876901768,0.551127114
041000070601,2014,19.781004411,9.118347476,0.590016163
041000070601,2015,26.22779573,8.227486195,0.549064518
041000070601,2016,22.056406043,8.723445404,0.565737348
041000070601,2017,19.831007754,8.154672601,0.551016383
041000070601,2018,26.461335825,8.675255869,0.596603883
041000070601,2019,25.546927792,9.182037579,0.584187004
041000070602,2010,13.860995138,4.376559331,0.472522803
041000070602,2011,30.720741845,5.034508799,0.543095455
041000070602,2012,14.198555009,4.881915782,0.479388417
041000070602,2013,19.600788529,4.709687964,0.528461541
041000070602,2014,20.249565383,5.303671592,0.557248495
041000070602,2015,25.985397214,4.130968822,0.508823012
041000070602,2016,23.960333046,4.784433099,0.52979081
041000070602,2017,19.215861374,3.97034342,0.489743964
041000070602,2018,30.179141644,4.872751571,0.565043508
041000070602,2019,29.933143485,5.061175122,0.546067523
041000070603,2010,11.970188467,1.037204353,0.453567405
041000070603,2011,31.49620476,1.980812296,0.530420263
041000070603,2012,12.225430175,1.625961994,0.463085192
041000070603,2013,18.435395445,1.667176475,0.514187905
041000070603,2014,22.60750989,2.381482771,0.541726978
041000070603,2015,26.525358854,1.240636621,0.481028282
041000070603,2016,26.47665045,2.046078682,0.515240161
041000070603,2017,18.514521812,1.098844552,0.460574103
041000070603,2018,34.696398763,2.103617574,0.546241937
041000070603,2019,26.253713656,1.883814321,0.519529841
041000070604,2010,8.259236216,0.750935901,0.495024998
041000070604,2011,25.26346456,1.107432503,0.590003097
041000070604,2012,6.237528439,0.796993966,0.492934165
041000070604,2013,10.329481879,0.817969184,0.548838923
041000070604,2014,11.831842914,0.97850479,0.586109763
041000070604,2015,18.836954136,0.959829016,0.551038538
041000070604,2016,14.949502123,0.970068775,0.560903595
041000070604,2017,13.901372639,0.899879974,0.51870675
041000070604,2018,21.60647882,1.141072902,0.596551175
041000070604,2019,16.422468075,1.057202916,0.55340805
041000070701,2010,20.58930787,10.217239495,0.556268324
041000070701,2011,34.78816154,10.611615956,0.652014254
041000070701,2012,17.597125484,10.227968802,0.57063758
041000070701,2013,17.671999883,9.395213433,0.605200152
041000070701,2014,23.053639865,10.142517557,0.659640243
041000070701,2015,32.043176113,9.597073415,0.626063192
041000070701,2016,24.328889847,10.175820474,0.637136829
041000070701,2017,27.042795795,10.358452013,0.615667161
041000070701,2018,30.338301186,11.218599215,0.66755953
041000070701,2019,29.076951329,11.490030865,0.651397385
041000070702,2010,18.698470056,10.034211577,0.54229372
041000070702,2011,31.716870751,10.494361357,0.63028758
041000070702,2012,17.044201918,10.081233879,0.553586576
041000070702,2013,17.730965032,9.369330043,0.588875992
041000070702,2014,25.004439855,10.279629296,0.639032451
041000070702,2015,29.864439708,9.42718585,0.605987981
041000070702,2016,24.654719168,10.249326786,0.616475286
041000070702,2017,25.015127351,10.072523675,0.59319335
041000070702,2018,31.419621456,11.222958282,0.645828641
041000070702,2019,28.354946228,11.378230182,0.629618941
041000070703,2010,13.322458679,3.456355933,0.505288192
041000070703,2011,27.093832828,3.562468446,0.59758835
041000070703,2012,9.929515311,3.304751075,0.513254695
041000070703,2013,11.766578206,3.069488486,0.547704271
041000070703,2014,14.820921426,3.571742761,0.603812744
041000070703,2015,20.499046738,3.381829039,0.568305822
041000070703,2016,16.863963531,3.455748726,0.579356401
041000070703,2017,18.024091073,3.505836827,0.556912362
041000070703,2018,19.923044661,3.811352968,0.603079455
041000070703,2019,19.373834813,3.896450794,0.593838544
041000070801,2010,10.707338508,2.260615224,0.558374038
041000070801,2011,32.78235224,3.818596436,0.652214621
041000070801,2012,10.87910126,2.968369864,0.56359732
041000070801,2013,16.69032167,3.353889251,0.606153354
041000070801,2014,20.199383699,4.023341221,0.638271693
041000070801,2015,23.853128537,3.101829874,0.621373011
041000070801,2016,20.814751153,3.354559484,0.617417543
041000070801,2017,20.782929015,3.389993975,0.598644185
041000070801,2018,30.563578851,4.134009022,0.654670389
041000070801,2019,23.818840351,4.027561833,0.633400522
041000070802,2010,7.623539641,1.325066702,0.453125322
041000070802,2011,23.344257421,1.775514401,0.51980093
041000070802,2012,8.32790568,1.456409356,0.455140461
041000070802,2013,11.647247754,1.713289173,0.502781789
041000070802,2014,13.040755432,2.23152252,0.535209698
041000070802,2015,16.981730962,1.583358766,0.490246581
041000070802,2016,13.694884098,1.954683979,0.507101895
041000070802,2017,13.441147659,1.34451766,0.48148452
041000070802,2018,20.774172681,2.112981713,0.54357188
041000070802,2019,20.89686034,1.994971258,0.526173428
041000070803,2010,11.36593102,1.518774831,0.478869875
041000070803,2011,28.574080221,1.915567765,0.559463558
041000070803,2012,10.698705996,1.680259251,0.472450872
041000070803,2013,13.264313475,1.623852659,0.520815468
041000070803,2014,21.047018717,2.568565156,0.572592534
041000070803,2015,22.485747743,1.578926205,0.508069998
041000070803,2016,18.679216915,1.949122257,0.523230448
041000070803,2017,17.125373003,1.410896789,0.473781544
041000070803,2018,26.626206119,2.094861352,0.567352265
041000070803,2019,23.364839379,2.151428901,0.543727548
041000070804,2010,12.918946981,1.893399366,0.47174568
041000070804,2011,34.223179868,2.173933283,0.556225429
041000070804,2012,11.839287265,1.863565184,0.477456907
041000070804,2013,16.156286028,1.926094623,0.51518612
041000070804,2014,22.722776062,2.381692648,0.555217921
041000070804,2015,26.823318196,2.003416361,0.515255291
041000070804,2016,22.223329868,2.127557159,0.524578008
041000070804,2017,21.638470696,1.842600321,0.501580632
041000070804,2018,32.237419955,2.318951023,0.56658759
041000070804,2019,26.147888058,2.188253196,0.539130115
041000070805,2010,11.017458269,1.210457134,0.459946371
041000070805,2011,24.010919441,1.578257994,0.558946233
041000070805,2012,8.67451194,1.318896715,0.468813223
041000070805,2013,11.580338768,1.296191748,0.507304744
041000070805,2014,15.331195139,1.680940323,0.55997803
041000070805,2015,17.554125646,1.361760388,0.522085737
041000070805,2016,13.850126268,1.304347668,0.518155878
041000070805,2017,14.249339218,1.377840966,0.491863422
041000070805,2018,20.363542963,1.700561558,0.563354514
041000070805,2019,17.874480586,1.656214044,0.536661914
041000070806,2010,13.417754491,1.003863957,0.451537334
041000070806,2011,24.39453063,1.403102215,0.539197714
041000070806,2012,9.049053095,1.026517449,0.450029367
041000070806,2013,10.351154078,1.038591202,0.487879728
041000070806,2014,14.533162202,1.310214774,0.536806731
041000070806,2015,19.087754512,1.227789072,0.510073292
041000070806,2016,16.003066867,1.238600348,0.5168806
041000070806,2017,16.077625543,1.235403248,0.488396537
041000070806,2018,18.397130998,1.387742172,0.529647573
041000070806,2019,19.19703385,1.403513686,0.521590417
041000070901,2010,7.181274265,1.618508827,0.459958532
041000070901,2011,23.616108597,3.034167697,0.544697423
041000070901,2012,7.427106562,2.203153293,0.470782897
041000070901,2013,12.158644405,1.902260094,0.516751859
041000070901,2014,12.756235227,2.680528876,0.551914591
041000070901,2015,15.625468155,1.846077698,0.487111228
041000070901,2016,16.398431823,3.561691115,0.536536828
041000070901,2017,14.143282608,1.886119771,0.502834055
041000070901,2018,25.25245821,3.772494825,0.564361794
041000070901,2019,18.878245998,2.834563251,0.538146245
041000070902,2010,5.908917947,1.279013398,0.457590217
041000070902,2011,21.929984364,2.621186368,0.551147524
041000070902,2012,6.473740704,1.929895002,0.478852659
041000070902,2013,11.245763735,1.758596995,0.528706413
041000070902,2014,11.215686494,2.244628233,0.558403021
041000070902,2015,18.282882077,1.510333727,0.491396369
041000070902,2016,16.263819349,3.194550187,0.543878693
041000070902,2017,13.416506721,1.579160698,0.503611399
041000070902,2018,26.426684587,3.57289568,0.575819763
041000070902,2019,16.787197145,2.405970592,0.53979634
041000070903,2010,12.934154811,1.378359718,0.478068675
041000070903,2011,32.679983349,2.717846145,0.570262001
041000070903,2012,12.873647922,2.055011559,0.500390921
041000070903,2013,19.486947906,1.726885583,0.545873713
041000070903,2014,20.800841815,2.190124226,0.575033389
041000070903,2015,25.356894669,1.597085098,0.510362273
041000070903,2016,28.317297689,3.28524431,0.56337758
041000070903,2017,22.074826187,1.670784318,0.525299855
041000070903,2018,35.366766076,3.608710041,0.594715724
041000070903,2019,27.120834173,2.53482571,0.560561999
041000070904,2010,13.683327781,2.006636682,0.512493167
041000070904,2011,34.883693143,4.389541539,0.617302502
041000070904,2012,13.028125934,3.701913807,0.518251235
041000070904,2013,18.45827168,2.817089753,0.585758244
041000070904,2014,17.575205262,2.608035822,0.603394742
041000070904,2015,26.019754199,3.210024974,0.580396934
041000070904,2016,22.969399499,4.331534771,0.601489487
041000070904,2017,19.818076782,3.988114698,0.549853177
041000070904,2018,28.262439797,5.253899644,0.623202017
041000070904,2019,25.134814526,4.253708464,0.592290989
041000070905,2010,14.413301051,3.044253955,0.542258259
041000070905,2011,30.950675206,5.66238293,0.63956473
041000070905,2012,11.765206231,4.180580155,0.532828542
041000070905,2013,13.912073197,3.707595075,0.586706545
041000070905,2014,15.338460528,3.144155445,0.614867638
041000070905,2015,20.949067698,3.812120461,0.600559344
041000070905,2016,19.017352594,5.473433088,0.60505774
041000070905,2017,18.06617633,5.16347415,0.570419113
041000070905,2018,24.797810832,6.729116848,0.637847212
041000070905,2019,22.163550783,5.576427496,0.606956197
041000070906,2010,17.201070414,5.806989711,0.58193605
041000070906,2011,36.932230665,10.362818005,0.660838157
041000070906,2012,12.577186004,5.661446417,0.578495412
041000070906,2013,17.270102673,6.78861826,0.622056117
041000070906,2014,19.458040703,7.38202465,0.655981193
041000070906,2015,23.684716935,7.419847931,0.633788064
041000070906,2016,26.837146888,8.338201002,0.646825924
041000070906,2017,24.829517109,8.080549309,0.628614385
041000070906,2018,25.872068248,7.724227421,0.663470223
041000070906,2019,27.933130479,8.866323128,0.659688463
041000070907,2010,24.210418716,7.067870902,0.544261227
041000070907,2011,47.475942845,13.522489657,0.615353605
041000070907,2012,17.431995535,6.534050473,0.53715858
041000070907,2013,23.374129317,8.667512341,0.577067155
041000070907,2014,28.116059178,9.803353022,0.609089907
041000070907,2015,33.487725345,9.415523051,0.592027208
041000070907,2016,35.62201336,9.55853916,0.59559406
041000070907,2017,32.703841936,9.443885972,0.582880054
041000070907,2018,34.183863389,9.576134904,0.620157659
041000070907,2019,36.948731697,10.246011765,0.61059931
041000071001,2010,14.793820902,1.633523719,0.377534748
041000071001,2011,33.875253549,1.939027917,0.434390471
041000071001,2012,13.799381746,1.472549017,0.371170855
041000071001,2013,18.734028747,1.625004048,0.409864358
041000071001,2014,21.739633725,2.408199581,0.451495326
041000071001,2015,32.071391273,1.986489088,0.41922472
041000071001,2016,24.512379128,2.215083447,0.43448335
041000071001,2017,26.376459544,1.909851496,0.406384069
041000071001,2018,28.176953301,2.349147527,0.444599284
041000071001,2019,27.389516559,2.287325445,0.43910494
041000071002,2010,19.18885887,2.031584259,0.367872421
041000071002,2011,40.174884514,2.440830876,0.4175986
041000071002,2012,17.434630284,1.83227014,0.359534767
041000071002,2013,23.876299619,2.156005512,0.398294513
041000071002,2014,29.235597535,3.128448843,0.4343306
041000071002,2015,38.790161534,2.52016143,0.406431162
041000071002,2016,32.512928248,2.868296499,0.419108797
041000071002,2017,32.775476266,2.284594646,0.393247659
041000071002,2018,36.341343396,3.029084295,0.428481183
041000071002,2019,34.776706441,2.856332516,0.422472634
041000071003,2010,20.065853194,1.592902423,0.413260225
041000071003,2011,38.049047064,2.242240322,0.475339964
041000071003,2012,15.931382144,1.404105558,0.409945162
041000071003,2013,21.730121855,1.66106749,0.443958173
041000071003,2014,25.388466057,2.468802326,0.490476522
041000071003,2015,33.753787852,1.938416015,0.456550729
041000071003,2016,30.233870362,2.120749385,0.473719194
041000071003,2017,30.59105157,1.870275667,0.453145551
041000071003,2018,33.661724199,2.310908795,0.48724853
041000071003,2019,32.387989928,2.311019683,0.481767484
041000071004,2010,18.890400266,1.246506325,0.39342068
041000071004,2011,36.421948126,1.33357983,0.462056831
041000071004,2012,13.973285148,0.993692321,0.396045646
041000071004,2013,19.554040204,0.966033325,0.421385418
041000071004,2014,20.488204368,1.584089179,0.469051383
041000071004,2015,28.476568948,1.446490121,0.443268739
041000071004,2016,26.958315385,1.496672177,0.455164146
041000071004,2017,26.840861187,1.297365392,0.429485337
041000071004,2018,25.666142059,1.332494135,0.458474659
041000071004,2019,29.753331337,1.53977872,0.458696868
041000071005,2010,22.708670308,2.040295253,0.403601641
041000071005,2011,41.209771675,2.565656436,0.457000039
041000071005,2012,17.147261266,1.801331204,0.387782759
041000071005,2013,21.967698658,1.952051822,0.432761946
041000071005,2014,29.383972867,2.706077256,0.460585176
041000071005,2015,33.708562317,2.61277627,0.445223723
041000071005,2016,36.76108839,2.933691992,0.454869007
041000071005,2017,31.20261065,2.378481074,0.430326879
041000071005,2018,29.812334788,2.326860624,0.448450686
041000071005,2019,35.911137556,2.794373383,0.454668678
041000071101,2010,13.106028037,8.629894438,0.553706438
041000071101,2011,27.743045556,13.865264738,0.640144674
041000071101,2012,11.867437205,8.808221199,0.539014783
041000071101,2013,12.061072051,7.281168292,0.595673417
041000071101,2014,14.966665772,9.039337179,0.617708804
041000071101,2015,18.018691573,11.367862595,0.628126863
041000071101,2016,25.628933732,15.134727315,0.626948437
041000071101,2017,25.040652197,15.033090356,0.63015319
041000071101,2018,23.913119064,13.218225561,0.639944657
041000071101,2019,25.813831087,16.186302406,0.652285712
041000071102,2010,14.285870419,8.405448505,0.57316747
041000071102,2011,27.460999309,12.436881579,0.657174589
041000071102,2012,11.823113369,8.091346509,0.561103612
041000071102,2013,12.46538013,6.612171119,0.617764135
041000071102,2014,15.734902118,8.721038345,0.653325009
041000071102,2015,18.307849547,10.734692329,0.639064393
041000071102,2016,21.968827772,12.40701661,0.642383723
041000071102,2017,20.543708002,11.793820138,0.63942794
041000071102,2018,21.193068891,10.410229191,0.651365244
041000071102,2019,25.063661556,14.360103657,0.674762086
041000071103,2010,13.544363245,7.025009595,0.505780625
041000071103,2011,27.185982765,9.906582778,0.593146058
041000071103,2012,9.791404674,5.868607394,0.510809387
041000071103,2013,13.678147208,6.49376098,0.55758807
041000071103,2014,17.068302118,7.614164674,0.589567005
041000071103,2015,21.004108523,9.647201167,0.587568427
041000071103,2016,23.962776826,10.640159791,0.584054056
041000071103,2017,24.079230769,11.291705075,0.597618231
041000071103,2018,20.47911281,8.492959863,0.584667379
041000071103,2019,25.144225185,11.30274777,0.610676432
041000071201,2010,11.218001538,3.872491167,0.411978448
041000071201,2011,26.73169691,4.473657417,0.484549294
041000071201,2012,9.56920604,3.398910492,0.404317894
041000071201,2013,13.836389221,3.447652537,0.457426308
041000071201,2014,15.345229488,5.169888372,0.493416394
041000071201,2015,25.253132338,4.22518693,0.457559445
041000071201,2016,16.489943962,4.038328798,0.459061167
041000071201,2017,17.387723615,3.102252163,0.444831883
041000071201,2018,23.280936417,3.688829919,0.494374434
041000071201,2019,19.410742375,3.468999211,0.479474455
041000071204,2010,20.889295566,6.090860667,0.456895216
041000071204,2011,36.363470064,7.679685117,0.526489151
041000071204,2012,17.58325671,5.835300654,0.448589232
041000071204,2013,23.414434877,6.653798867,0.495508427
041000071204,2014,29.830134639,8.199830501,0.535519612
041000071204,2015,35.435226564,6.729502807,0.506058074
041000071204,2016,30.292627122,6.703096566,0.512737643
041000071204,2017,27.967627481,5.642451136,0.498480667
041000071204,2018,37.987042912,6.880318395,0.54225681
041000071204,2019,34.291708518,6.851538103,0.53213568
041000071205,2010,12.950545499,3.988478099,0.517791903
041000071205,2011,23.947729283,6.672495236,0.592630417
041000071205,2012,9.127215993,3.906182156,0.506081718
041000071205,2013,13.194850685,5.094775317,0.551109332
041000071205,2014,16.349293137,6.415805137,0.615497174
041000071205,2015,19.203399704,4.680342373,0.564956391
041000071205,2016,15.652897253,4.774324502,0.5854163
041000071205,2017,15.888288591,4.209670456,0.566559116
041000071205,2018,19.060199665,4.859454393,0.613988688
041000071205,2019,19.110817798,5.175282915,0.606203983
041000071206,2010,13.297294514,1.243184472,0.427969974
041000071206,2011,25.936851582,1.295572716,0.500542041
041000071206,2012,7.293197966,0.957056283,0.412507644
041000071206,2013,10.479740979,0.911856597,0.452748803
041000071206,2014,13.008024081,2.26960808,0.520243232
041000071206,2015,17.113041805,1.646847779,0.480089532
041000071206,2016,15.985268002,1.488835949,0.483360545
041000071206,2017,14.357594574,1.208120917,0.456489179
041000071206,2018,14.433364736,1.16910445,0.488827642
041000071206,2019,16.948191709,1.41188895,0.488158807
041000071207,2010,14.661362292,6.359881015,0.504666119
041000071207,2011,30.849425636,8.058054568,0.573627689
041000071207,2012,12.658682122,6.861753358,0.479327819
041000071207,2013,17.88087959,6.43866184,0.540436663
041000071207,2014,17.732858025,8.609336246,0.589097593
041000071207,2015,21.332866993,8.176066532,0.567427921
041000071207,2016,21.98130492,7.980168435,0.548173286
041000071207,2017,20.441788707,7.220795405,0.530158236
041000071207,2018,21.66656232,7.196840092,0.562305526
041000071207,2019,21.150826795,8.351070826,0.557163135
041000071208,2010,17.424575328,5.462380858,0.493944634
041000071208,2011,35.647156121,6.736544211,0.556665931
041000071208,2012,14.327585158,5.864456124,0.474041986
041000071208,2013,20.66115947,5.510255162,0.529372887
041000071208,2014,21.428774948,7.451464604,0.580910727
041000071208,2015,26.801593388,6.978636651,0.55798481
041000071208,2016,25.387643497,6.72909641,0.537321191
041000071208,2017,24.614835374,6.195274756,0.523030186
041000071208,2018,26.380326278,6.226001524,0.552847496
041000071208,2019,25.633483516,7.182545905,0.549941726
041000071209,2010,20.796301284,5.680382969,0.43958845
041000071209,2011,41.365864977,7.585575109,0.505622474
041000071209,2012,17.602563892,6.214146226,0.44407974
041000071209,2013,25.242004539,6.192385506,0.482102268
041000071209,2014,28.913553714,8.139000617,0.521015572
041000071209,2015,30.967400923,7.687048518,0.505487956
041000071209,2016,33.784830732,8.008692064,0.494135575
041000071209,2017,34.17960181,7.446526491,0.499655833
041000071209,2018,31.340695826,6.856634604,0.498018508
041000071209,2019,35.074579791,8.299961839,0.512122174
041000080101,2010,14.561802125,1.136194079,0.472983316
041000080101,2011,43.568711528,2.427336251,0.528810059
041000080101,2012,15.190580059,1.520859428,0.47367639
041000080101,2013,24.462809823,1.671951986,0.528606416
041000080101,2014,17.419379792,1.541575024,0.5422973
041000080101,2015,23.476817806,1.798063044,0.512380373
041000080101,2016,28.110610872,2.303833204,0.519393128
041000080101,2017,22.236804375,1.953741064,0.486204629
041000080101,2018,30.514215461,1.875195215,0.512470004
041000080101,2019,26.049844923,2.154436549,0.501540409
041000080102,2010,18.187837146,3.444739031,0.572313152
041000080102,2011,51.373302985,5.303023078,0.635638668
041000080102,2012,19.43679732,4.435238001,0.571036832
041000080102,2013,29.909055135,4.412397239,0.621251431
041000080102,2014,20.651610696,3.987563515,0.639874892
041000080102,2015,28.79835196,4.508351183,0.624051911
041000080102,2016,32.207297324,5.492666684,0.634371902
041000080102,2017,27.670113979,4.941067263,0.597582797
041000080102,2018,33.474304858,4.532698428,0.622232652
041000080102,2019,33.00166968,5.448272875,0.616047347
041000080103,2010,19.576149709,2.51744407,0.580102651
041000080103,2011,51.089146413,3.804960619,0.63953512
041000080103,2012,18.14338687,2.911621378,0.569579654
041000080103,2013,28.022318241,3.060747754,0.623822531
041000080103,2014,21.612400814,2.848553226,0.637670122
041000080103,2015,31.658616177,3.215446807,0.627089277
041000080103,2016,28.055598502,3.543537219,0.625538441
041000080103,2017,29.39116037,3.405259421,0.599136208
041000080103,2018,33.858953566,3.213330754,0.620277644
041000080103,2019,30.905339733,3.668237575,0.60827994
041000080104,2010,30.558840904,3.243711484,0.62797088
041000080104,2011,51.190014296,4.400850953,0.685729814
041000080104,2012,17.973016266,3.134476282,0.60807696
041000080104,2013,33.507204415,3.44726881,0.668616329
041000080104,2014,21.639579448,3.005814418,0.66444651
041000080104,2015,37.974479891,3.377582471,0.686585692
041000080104,2016,24.348529329,3.190375484,0.666499632
041000080104,2017,36.222434818,3.661549743,0.662328361
041000080104,2018,33.259937495,3.133103909,0.658482986
041000080104,2019,30.147616564,3.861402263,0.651451447
041000080105,2010,26.014088781,2.368638734,0.614766929
041000080105,2011,55.040047665,3.837592798,0.676960869
041000080105,2012,18.66979744,2.598383984,0.598825866
041000080105,2013,30.978039311,2.701542285,0.653728121
041000080105,2014,22.40190184,2.427058923,0.65166498
041000080105,2015,38.395290951,2.92685257,0.658722888
041000080105,2016,26.848164553,2.851132367,0.649632288
041000080105,2017,37.606651649,2.771449389,0.644716528
041000080105,2018,35.996870613,2.808266445,0.652928426
041000080105,2019,31.920251214,3.075405124,0.636376984
041000080201,2010,34.735066767,4.600870096,0.632230776
041000080201,2011,52.242133565,6.355887443,0.688012517
041000080201,2012,18.699921477,4.433153746,0.619784109
041000080201,2013,36.5462478,5.369533128,0.672612834
041000080201,2014,20.740015218,4.148771044,0.66409513
041000080201,2015,39.227006633,5.377485261,0.694029306
041000080201,2016,25.797449355,5.089771601,0.676509094
041000080201,2017,36.728848567,5.491659921,0.662057349
041000080201,2018,33.426874029,4.549748002,0.661504213
041000080201,2019,29.839217089,5.228234766,0.656040134
041000080202,2010,33.70799324,4.527253058,0.626757644
041000080202,2011,52.498062624,6.001618866,0.678605594
041000080202,2012,19.362993029,3.967223544,0.607958235
041000080202,2013,35.74950027,4.915415599,0.667640259
041000080202,2014,21.048348862,3.886826839,0.653618792
041000080202,2015,36.610846762,4.870783712,0.685886822
041000080202,2016,26.575126211,4.773553614,0.66954843
041000080202,2017,36.671453927,5.263617848,0.65585277
041000080202,2018,33.297223409,4.275075764,0.655167917
041000080202,2019,31.539851758,5.158340447,0.651087279
041000080203,2010,33.882849253,4.459742032,0.637737137
041000080203,2011,51.396986291,6.026925071,0.695985276
041000080203,2012,20.007609549,4.067278114,0.627595105
041000080203,2013,34.776118633,4.53003619,0.675326769
041000080203,2014,20.29058928,3.59111271,0.665601012
041000080203,2015,36.896527623,4.523900766,0.691142028
041000080203,2016,26.305610927,4.408234396,0.680962403
041000080203,2017,36.325222815,4.919058851,0.667841009
041000080203,2018,32.708403411,4.20869397,0.667970143
041000080203,2019,30.076295413,4.8432368,0.657588074
041000080204,2010,39.650997293,5.819988792,0.652327795
041000080204,2011,59.657278189,8.305602288,0.717254401
041000080204,2012,26.206036456,5.935680811,0.65527259
041000080204,2013,38.20633799,6.227293063,0.688668239
041000080204,2014,24.172710345,4.959793218,0.674005004
041000080204,2015,39.060076747,5.72839888,0.691777157
041000080204,2016,32.990065201,6.336357079,0.701968809
041000080204,2017,41.832208895,6.885644452,0.682285713
041000080204,2018,38.505432395,6.482540231,0.694916731
041000080204,2019,38.490809476,6.79507075,0.6738255
041000080205,2010,39.062230029,4.588483894,0.632161471
041000080205,2011,58.77651356,6.108880748,0.691031083
041000080205,2012,25.963425912,4.341624614,0.622811558
041000080205,2013,39.27221464,4.697765642,0.669160557
041000080205,2014,26.611567092,3.907814545,0.65571917
041000080205,2015,40.0310997,4.360514593,0.680141702
041000080205,2016,35.638047916,4.896195052,0.674413927
041000080205,2017,43.939053635,5.394210604,0.66346602
041000080205,2018,41.22103066,4.81535619,0.666731023
041000080205,2019,40.590053197,5.575685322,0.661059467
041000080301,2010,22.722644747,3.327698185,0.593579123
041000080301,2011,50.202773667,6.533177905,0.658219682
041000080301,2012,17.448351773,4.445342839,0.582015339
041000080301,2013,27.828764915,4.614062245,0.635677451
041000080301,2014,21.107749478,3.792426228,0.63213388
041000080301,2015,32.680965271,4.284911549,0.637804291
041000080301,2016,26.214841274,4.448627875,0.643115992
041000080301,2017,31.733674468,4.456366363,0.629296769
041000080301,2018,32.559090529,4.230534373,0.638714517
041000080301,2019,30.882020155,5.043087053,0.624061412
041000080302,2010,28.670340275,4.240426455,0.609849505
041000080302,2011,54.227425251,7.491571302,0.678235963
041000080302,2012,19.726175764,5.310922861,0.600243637
041000080302,2013,31.559113818,5.600069175,0.652016598
041000080302,2014,20.7410277,4.375369517,0.639073776
041000080302,2015,31.866165823,4.739668256,0.646338787
041000080302,2016,27.16596411,5.261139842,0.657236523
041000080302,2017,35.48123544,5.645730025,0.645349876
041000080302,2018,34.923060353,5.255558962,0.657069051
041000080302,2019,32.825222316,6.009540083,0.641556975
041000080303,2010,20.923229336,1.520315846,0.572414993
041000080303,2011,46.72727738,3.790575772,0.657209922
041000080303,2012,13.073280314,2.09167231,0.556037841
041000080303,2013,21.054836467,2.290787101,0.614941844
041000080303,2014,13.660314658,1.930236205,0.58710747
041000080303,2015,16.474055992,1.416303531,0.597226164
041000080303,2016,21.516552512,1.986695568,0.621039843
041000080303,2017,24.656812743,2.217424174,0.61125457
041000080303,2018,29.975272341,2.459929558,0.640248715
041000080303,2019,25.887634545,2.368911625,0.609033385
041000080304,2010,29.152289936,1.978781383,0.587368839
041000080304,2011,56.263243126,4.285719951,0.670240789
041000080304,2012,22.094013507,2.59478758,0.575912677
041000080304,2013,31.94872396,2.802884307,0.637912731
041000080304,2014,23.708165798,2.259071523,0.622562485
041000080304,2015,30.986892223,2.138042462,0.624227271
041000080304,2016,30.574436794,2.505196129,0.628744261
041000080304,2017,37.100476105,2.842109225,0.634327951
041000080304,2018,38.392467953,2.870383668,0.648964404
041000080304,2019,39.91661881,3.274565399,0.638076528
041000080401,2010,20.021513476,5.563968935,0.617452612
041000080401,2011,50.700057164,8.357898019,0.691811876
041000080401,2012,20.04699401,7.876407468,0.615649891
041000080401,2013,30.223737551,7.607704573,0.703104823
041000080401,2014,21.92897894,6.306408314,0.701433912
041000080401,2015,33.626799733,6.831500093,0.688928141
041000080401,2016,32.222808589,7.421404768,0.713584454
041000080401,2017,30.636778148,7.78668096,0.6714405
041000080401,2018,35.852728889,7.096505617,0.702443946
041000080401,2019,33.331511081,8.009737697,0.670015476
041000080402,2010,23.447806712,5.591984122,0.622234499
041000080402,2011,59.173487364,8.358482832,0.694457884
041000080402,2012,23.648195393,7.86178381,0.627693365
041000080402,2013,34.381012134,7.626226,0.701919536
041000080402,2014,26.573490458,6.353903439,0.705921326
041000080402,2015,38.481201689,6.838615969,0.692385459
041000080402,2016,37.711276095,7.398982993,0.715777493
041000080402,2017,36.904663154,7.762458993,0.679900239
041000080402,2018,40.660131227,7.045684747,0.703658491
041000080402,2019,37.816875281,7.989620942,0.667028671
041000080403,2010,24.668629135,5.417980409,0.611004579
041000080403,2011,58.838712292,8.529907512,0.692842807
041000080403,2012,22.692304771,7.988579215,0.60453018
041000080403,2013,37.69092886,7.49624961,0.702127131
041000080403,2014,26.00102706,6.143866993,0.694157523
041000080403,2015,38.974463819,6.844150195,0.68913624
041000080403,2016,40.253729714,7.718832615,0.711170544
041000080403,2017,37.730754394,8.09891333,0.673154393
041000080403,2018,42.736687975,7.562103373,0.701130544
041000080403,2019,38.77285249,8.20547559,0.67177376
041000080404,2010,30.190444686,5.601774994,0.625372768
041000080404,2011,64.211671294,8.358347535,0.698227589
041000080404,2012,26.344882268,7.842170735,0.620177442
041000080404,2013,42.776831658,7.648628427,0.708616953
041000080404,2014,30.649555136,6.340048998,0.70232798
041000080404,2015,42.082718877,6.84409683,0.694964101
041000080404,2016,44.308825414,7.403645588,0.718064399
041000080404,2017,43.084347238,7.776012897,0.682415012
041000080404,2018,48.942296621,7.081294825,0.708776799
041000080404,2019,42.485763871,7.984088652,0.677378236
041000080405,2010,25.091056503,6.134268829,0.629909474
041000080405,2011,55.823326351,9.506121076,0.713636616
041000080405,2012,23.367566712,8.400113061,0.621650288
041000080405,2013,32.70147525,8.265938103,0.717798259
041000080405,2014,25.326158735,6.920344966,0.711770748
041000080405,2015,34.312684663,7.622257067,0.7016731
041000080405,2016,38.629058205,8.37240887,0.727889627
041000080405,2017,34.089335838,8.456863951,0.687252372
041000080405,2018,38.364100155,7.861364278,0.714653296
041000080405,2019,36.747729109,8.800939407,0.68494568
041000080501,2010,19.833049554,1.571284056,0.55960471
041000080501,2011,47.68779771,3.883488445,0.647201183
041000080501,2012,10.244040358,2.078892094,0.540461384
041000080501,2013,20.360817711,2.356244568,0.602530277
041000080501,2014,12.165064896,2.018455791,0.580395566
041000080501,2015,15.749843804,1.481667238,0.585768115
041000080501,2016,18.588716178,2.077492466,0.609000742
041000080501,2017,23.660260887,2.306745292,0.60325604
041000080501,2018,28.441521925,2.58855925,0.630439267
041000080501,2019,23.862486538,2.38602429,0.596845876
041000080502,2010,23.477588359,1.576373468,0.560994083
041000080502,2011,52.514091575,3.835738005,0.647047713
041000080502,2012,15.513410396,2.107047278,0.543290087
041000080502,2013,28.677881882,2.376329538,0.608836937
041000080502,2014,19.698728626,2.055682894,0.589741517
041000080502,2015,25.011275462,1.513741675,0.593678905
041000080502,2016,27.686778399,2.086381996,0.614722514
041000080502,2017,30.534697495,2.304478209,0.610094931
041000080502,2018,37.952987122,2.603263177,0.636841848
041000080502,2019,30.099603497,2.405076091,0.601840479
041000080503,2010,14.401526554,1.657847786,0.576204805
041000080503,2011,38.476166228,3.938942305,0.673030602
041000080503,2012,7.863865802,2.238502418,0.556226358
041000080503,2013,15.160677515,2.433018339,0.63064943
041000080503,2014,9.954569748,2.0837638,0.607289271
041000080503,2015,12.3893152,1.631034286,0.620940616
041000080503,2016,15.109087345,2.176405035,0.637208652
041000080503,2017,15.62612276,2.390648051,0.626411819
041000080503,2018,24.604307565,2.68993398,0.662047253
041000080503,2019,19.512336181,2.564099654,0.626261569
041000080504,2010,24.077898666,5.670263283,0.616229555
041000080504,2011,54.48308989,8.454058396,0.701782535
041000080504,2012,20.862742535,7.879675899,0.615046297
041000080504,2013,32.157567021,7.745177717,0.704857876
041000080504,2014,22.108378982,6.38812663,0.692523649
041000080504,2015,31.070458773,6.923945741,0.690726777
041000080504,2016,35.477174043,7.52605562,0.714741112
041000080504,2017,32.088713095,7.842133694,0.677745287
041000080504,2018,39.236244073,7.21023801,0.70633578
041000080504,2019,34.730057239,8.053288902,0.673164512
041000080505,2010,22.896824702,5.866657208,0.619017888
041000080505,2011,52.557185689,8.661819755,0.706728488
041000080505,2012,21.655671304,8.103144716,0.618125382
041000080505,2013,30.90457332,7.985005247,0.711397731
041000080505,2014,22.390682596,6.620683289,0.705062784
041000080505,2015,30.181556644,7.163631084,0.696453276
041000080505,2016,34.783744153,7.775874107,0.720757894
041000080505,2017,31.321034973,8.078737766,0.682461255
041000080505,2018,35.779483184,7.387861885,0.709183985
041000080505,2019,33.62341429,8.295091649,0.679844933
041000080506,2010,24.089158521,2.463403745,0.561601659
041000080506,2011,50.827102345,4.365446529,0.655870819
041000080506,2012,16.031509624,3.33495607,0.551861688
041000080506,2013,25.793615441,3.394934451,0.633970578
041000080506,2014,21.145718524,2.930470555,0.634484088
041000080506,2015,31.307081835,2.957822229,0.627052271
041000080506,2016,28.206989376,3.16483849,0.628433989
041000080506,2017,28.327737203,3.402028339,0.612908915
041000080506,2018,34.425927732,3.292466455,0.645676906
041000080506,2019,34.712842059,3.758952941,0.625747356
041000080601,2010,24.431977148,9.187955931,0.600543078
041000080601,2011,54.476390262,14.00172416,0.681773077
041000080601,2012,24.371308528,11.318497987,0.595085514
041000080601,2013,31.190110231,11.554616174,0.677780122
041000080601,2014,26.503141322,10.34874278,0.675734758
041000080601,2015,35.529123173,11.915009646,0.669224033
041000080601,2016,40.530480981,13.689555273,0.69371564
041000080601,2017,34.339595399,12.258720432,0.650550207
041000080601,2018,38.472304675,12.126723834,0.678626357
041000080601,2019,38.45781243,13.071130414,0.655758052
041000080602,2010,18.821367288,3.254238158,0.504069208
041000080602,2011,35.943205976,4.999408177,0.591074726
041000080602,2012,11.644338492,3.321247716,0.487433098
041000080602,2013,15.340640868,3.031959371,0.562260724
041000080602,2014,17.989483591,3.647657125,0.578115659
041000080602,2015,21.638318108,4.030856377,0.553857026
041000080602,2016,20.607075634,3.77194453,0.5531069
041000080602,2017,20.315688726,4.275904055,0.536400905
041000080602,2018,22.947002642,3.868369793,0.579225518
041000080602,2019,28.070466176,5.190618406,0.567631938
041000080603,2010,17.173008532,4.775703031,0.631751232
041000080603,2011,43.772925914,8.252649174,0.730874843
041000080603,2012,16.354865033,5.154522795,0.634672336
041000080603,2013,20.03605973,4.312297416,0.688004155
041000080603,2014,20.32242539,4.797727357,0.710428032
041000080603,2015,24.268753729,6.32422157,0.701884234
041000080603,2016,27.211500086,6.427679275,0.709890701
041000080603,2017,29.793555444,7.489371569,0.701795504
041000080603,2018,31.912488388,6.816594679,0.719767325
041000080603,2019,36.370068369,9.631348069,0.734758908
041000080604,2010,28.232066557,7.287393892,0.6629775
041000080604,2011,50.967353536,9.503829365,0.74654396
041000080604,2012,22.795817646,7.249586801,0.658377622
041000080604,2013,24.932864547,6.429081456,0.716565452
041000080604,2014,26.647283614,6.828976545,0.751049033
041000080604,2015,33.585897913,8.070537685,0.731744669
041000080604,2016,35.08556351,8.737360282,0.741383609
041000080604,2017,33.054217532,7.978549595,0.693052086
041000080604,2018,35.370640341,7.510382838,0.749833079
041000080604,2019,40.553422841,9.707476261,0.742980899
041000080605,2010,22.716404609,4.842175532,0.635406316
041000080605,2011,47.988240132,6.860907055,0.723152082
041000080605,2012,18.542395148,5.06235379,0.627060679
041000080605,2013,22.110263259,4.520211529,0.681853373
041000080605,2014,23.270326358,4.647335392,0.719224329
041000080605,2015,29.436207486,5.940789251,0.698035948
041000080605,2016,30.187644199,5.785003007,0.709201906
041000080605,2017,30.143649724,5.79285585,0.671363286
041000080605,2018,33.538794487,5.506843938,0.720859296
041000080605,2019,37.558425865,7.248709264,0.722368248
041000090101,2010,6.262332503,2.72845418,0.610935938
041000090101,2011,24.28367096,3.176646616,0.689372716
041000090101,2012,6.781149141,3.511050452,0.603314849
041000090101,2013,10.620322464,3.216915702,0.663603464
041000090101,2014,8.563099799,2.6906362,0.651329725
041000090101,2015,8.94684683,2.46368471,0.667708703
041000090101,2016,14.067291596,3.621836992,0.658275358
041000090101,2017,15.905305388,3.976531291,0.685732204
041000090101,2018,16.850293266,4.077421439,0.686653161
041000090101,2019,15.057437085,4.223280076,0.695900085
041000090102,2010,8.518929304,1.407444574,0.554145529
041000090102,2011,33.810319222,2.150381362,0.630750283
041000090102,2012,8.115841468,2.157656029,0.550438794
041000090102,2013,14.68871115,2.088503837,0.603537821
041000090102,2014,11.374616424,2.03953574,0.597003593
041000090102,2015,14.347555033,1.500140572,0.607261534
041000090102,2016,18.296465903,2.285148222,0.597783476
041000090102,2017,22.614909229,2.051478266,0.618860689
041000090102,2018,20.858280744,2.508238803,0.624676923
041000090102,2019,23.518381206,2.573920656,0.629150115
041000090103,2010,12.496727438,3.003569871,0.600571511
041000090103,2011,32.307953556,3.82038584,0.677134242
041000090103,2012,11.333556313,3.756130978,0.601162861
041000090103,2013,17.964234173,3.632881893,0.654716119
041000090103,2014,14.958019026,3.508433647,0.647202453
041000090103,2015,17.982915521,2.90194801,0.65838006
041000090103,2016,24.240591439,4.111887708,0.650135071
041000090103,2017,27.391530704,4.438940087,0.679229229
041000090103,2018,28.627189879,4.600938702,0.675605783
041000090103,2019,25.849190833,4.643459506,0.687497093
041000090104,2010,14.112437401,2.784539705,0.590437477
041000090104,2011,34.774695369,3.278213023,0.660035426
041000090104,2012,13.058929597,3.484944909,0.583102151
041000090104,2013,21.059993159,3.29806061,0.640753783
041000090104,2014,16.387029966,2.745044794,0.629157426
041000090104,2015,18.721222636,2.561729967,0.641480262
041000090104,2016,24.973663376,3.713205137,0.632057531
041000090104,2017,29.448565432,4.09515658,0.660936404
041000090104,2018,28.82951713,4.152660551,0.660216771
041000090104,2019,27.971198311,4.295463537,0.669704842
041000090105,2010,6.702583852,1.344922135,0.55771242
041000090105,2011,20.110858501,2.754110458,0.624449342
041000090105,2012,7.44192397,2.892339003,0.544998621
041000090105,2013,11.169578588,2.625857513,0.609887557
041000090105,2014,9.030205713,2.404562738,0.594359438
041000090105,2015,8.095341381,1.252732652,0.597216067
041000090105,2016,13.441746268,3.253159103,0.590808541
041000090105,2017,16.609033296,2.809636602,0.631126834
041000090105,2018,15.106307723,3.324702831,0.626636159
041000090105,2019,15.142684382,3.12321857,0.635496636
041000090106,2010,26.810700383,2.151726537,0.468697832
041000090106,2011,51.114574596,2.738236112,0.522675336
041000090106,2012,26.445759576,2.859881417,0.465351214
041000090106,2013,40.723432065,2.850730596,0.510356103
041000090106,2014,34.144083292,2.680370992,0.507289915
041000090106,2015,37.4087914,2.143276661,0.50469905
041000090106,2016,40.325094349,3.101365495,0.497884226
041000090106,2017,51.52385207,3.078722969,0.526119884
041000090106,2018,51.434710898,3.358889548,0.527824476
041000090106,2019,50.914561625,3.291091075,0.533690135
041000090201,2010,19.602097223,3.819179774,0.510607338
041000090201,2011,42.58571785,7.50412144,0.57209448
041000090201,2012,19.322478516,3.993620348,0.527876747
041000090201,2013,26.269242529,5.368894805,0.557857762
041000090201,2014,27.48613337,6.080219616,0.578664498
041000090201,2015,30.102365018,5.097886373,0.570833435
041000090201,2016,33.961308736,6.293969584,0.561896034
041000090201,2017,37.737584739,6.188558461,0.575995786
041000090201,2018,32.281032459,5.908239959,0.569580345
041000090201,2019,35.7468986,6.094402967,0.582758508
041000090202,2010,10.153744638,1.63937507,0.581419994
041000090202,2011,27.14959305,1.718443255,0.644088921
041000090202,2012,9.368381775,1.700524833,0.597509682
041000090202,2013,13.882339447,1.668705909,0.636133493
041000090202,2014,12.118472886,1.720903718,0.629954788
041000090202,2015,12.262484057,1.405644527,0.639098139
041000090202,2016,17.944752417,1.568346036,0.623114178
041000090202,2017,21.14371169,1.648142049,0.658043001
041000090202,2018,18.454872803,1.769058967,0.644438688
041000090202,2019,20.417074142,1.831156415,0.664648877
041000090203,2010,22.087942093,4.038696992,0.554576047
041000090203,2011,48.11747491,7.518164458,0.622801383
041000090203,2012,21.74306642,4.648205185,0.581952589
041000090203,2013,31.764169108,5.741799274,0.618301475
041000090203,2014,30.360614792,8.429179483,0.615008235
041000090203,2015,34.342347317,5.160635044,0.621288188
041000090203,2016,37.178319282,6.031384247,0.609131646
041000090203,2017,44.6920917,6.076591773,0.636222978
041000090203,2018,40.540189935,6.754157005,0.62746438
041000090203,2019,43.608147492,5.993175696,0.643315178
041000090204,2010,12.222578058,2.599129,0.556655427
041000090204,2011,27.323287213,3.316367766,0.594474785
041000090204,2012,10.557175282,3.450372123,0.563414144
041000090204,2013,15.051867648,3.414509641,0.599256244
041000090204,2014,16.468032557,3.082487488,0.599780019
041000090204,2015,12.958427267,2.275231773,0.596765785
041000090204,2016,19.493021644,3.792618791,0.586374206
041000090204,2017,22.278272328,4.190584475,0.615053077
041000090204,2018,20.063138284,3.862384246,0.605898397
041000090204,2019,24.645595196,4.3589287,0.627869934
041000090205,2010,13.65281649,3.150658508,0.587954909
041000090205,2011,31.121961271,6.345000988,0.624306819
041000090205,2012,12.277073718,3.366597455,0.590404864
041000090205,2013,18.597146224,5.052415774,0.629296077
041000090205,2014,19.183203042,5.087226371,0.641745826
041000090205,2015,16.537438914,3.654547008,0.641260608
041000090205,2016,23.148460559,4.768331297,0.622649933
041000090205,2017,25.740789627,4.757230324,0.644049202
041000090205,2018,24.538143076,5.108948739,0.637710019
041000090205,2019,27.970533206,4.720044015,0.656657393
041000090206,2010,29.739991269,2.254961742,0.519820851
041000090206,2011,51.15307193,4.329215436,0.561429432
041000090206,2012,27.489433727,2.117925322,0.518161196
041000090206,2013,37.006514762,2.868799118,0.550788328
041000090206,2014,37.486033884,5.076579283,0.561544075
041000090206,2015,36.616904256,2.728782971,0.560568205
041000090206,2016,41.62993671,2.94184751,0.544945474
041000090206,2017,46.724607958,2.629601821,0.567643266
041000090206,2018,43.548220327,3.374276584,0.561208451
041000090206,2019,51.140178154,2.831525408,0.577212741
041000090207,2010,30.888259065,2.419531279,0.4299443
041000090207,2011,55.125028693,3.278831488,0.473332804
041000090207,2012,29.897168331,2.469217205,0.424759945
041000090207,2013,41.894622477,3.062352016,0.455425488
041000090207,2014,40.922312767,3.395277761,0.492169681
041000090207,2015,44.820273155,2.735447642,0.472346062
041000090207,2016,45.758378388,2.969993575,0.44730848
041000090207,2017,55.420362893,3.055149943,0.465542448
041000090207,2018,54.980539741,3.255252168,0.472415731
041000090207,2019,57.423646236,3.261440107,0.476563855
041000090301,2010,16.627973496,14.614239019,0.386943508
041000090301,2011,29.544782476,24.587808265,0.452286445
041000090301,2012,15.920210629,14.167903945,0.40542907
041000090301,2013,23.279923191,19.845516215,0.434088554
041000090301,2014,19.65993198,17.336331798,0.441038718
041000090301,2015,19.702086387,17.720629591,0.410451365
041000090301,2016,19.601287588,16.907656118,0.411664714
041000090301,2017,20.04425417,17.805924346,0.40902261
041000090301,2018,28.086487912,24.231482912,0.462181229
041000090301,2019,23.604565516,20.802411358,0.45144775
041000090302,2010,8.898232823,7.636797764,0.361684737
041000090302,2011,22.289518805,15.218249085,0.420985455
041000090302,2012,10.862132699,9.089939273,0.373109357
041000090302,2013,13.337712789,10.859675031,0.412601364
041000090302,2014,13.825026401,11.710227412,0.426469094
041000090302,2015,13.723750283,11.314744594,0.402382869
041000090302,2016,14.358120418,11.292166069,0.381289729
041000090302,2017,15.555146502,12.260005441,0.398171747
041000090302,2018,20.320375923,15.403691004,0.443368951
041000090302,2019,18.281366612,15.021368107,0.439975365
041000090401,2010,12.746687049,5.486738745,0.529597477
041000090401,2011,22.675564404,5.84745204,0.568783828
041000090401,2012,11.393693449,5.134095457,0.494291703
041000090401,2013,13.344709296,5.053887984,0.578653173
041000090401,2014,17.713511064,5.98080654,0.593889078
041000090401,2015,16.20555363,5.581603939,0.588277309
041000090401,2016,18.788855366,5.31294024,0.561297031
041000090401,2017,20.227062712,5.581782647,0.60248457
041000090401,2018,23.674694926,5.979070088,0.61148578
041000090401,2019,23.454720245,6.514130017,0.628426567
041000090402,2010,12.456451968,5.444060797,0.461960239
041000090402,2011,25.241702672,6.273634436,0.50784608
041000090402,2012,11.805049634,5.40000003,0.445379686
041000090402,2013,17.14257003,6.048310491,0.518807949
041000090402,2014,18.374860522,6.544405864,0.53275802
041000090402,2015,16.719598604,6.04443883,0.516554139
041000090402,2016,19.259667817,5.856159194,0.492944278
041000090402,2017,21.26403291,6.361193211,0.528509547
041000090402,2018,26.558382322,7.254561889,0.547071376
041000090402,2019,23.243654456,7.280660264,0.547472914
041000090403,2010,17.099808686,8.204702314,0.43618443
041000090403,2011,38.931694692,12.207067878,0.484652597
041000090403,2012,20.319462672,9.449182035,0.430490653
041000090403,2013,28.087610282,11.161030772,0.49898335
041000090403,2014,27.349618513,11.444311567,0.497019353
041000090403,2015,27.3260064,10.543540044,0.489540626
041000090403,2016,29.195013855,10.453121452,0.470497898
041000090403,2017,34.249108281,11.71841386,0.510160726
041000090403,2018,35.677311373,13.181508579,0.520592111
041000090403,2019,33.712648013,13.18911931,0.518930347
041000090501,2010,13.861523918,0.462266588,0.390102208
041000090501,2011,35.822666773,0.711752897,0.421484578
041000090501,2012,15.09461803,0.439539813,0.384402253
041000090501,2013,21.376241792,0.584003967,0.418765938
041000090501,2014,16.953931016,0.48489315,0.42836962
041000090501,2015,19.395222721,0.521651462,0.416928111
041000090501,2016,25.739515468,0.596373285,0.410185794
041000090501,2017,32.246460747,0.71113065,0.419734735
041000090501,2018,29.196657345,0.656402759,0.429596831
041000090501,2019,29.736174566,0.718078875,0.42596036
041000090502,2010,5.555858129,1.244884948,0.583491221
041000090502,2011,27.248167778,3.412880886,0.660461203
041000090502,2012,6.424845683,2.382653285,0.579650211
041000090502,2013,10.561725314,2.295144046,0.629286244
041000090502,2014,8.504870204,2.068306363,0.625312562
041000090502,2015,9.298800661,1.523567391,0.630116614
041000090502,2016,13.934379597,2.789864093,0.61618702
041000090502,2017,14.718168989,2.470171319,0.638589496
041000090502,2018,16.914536109,3.112863961,0.647232439
041000090502,2019,18.056530883,3.470947319,0.658939654
041000090503,2010,9.67711594,0.870739128,0.488862229
041000090503,2011,42.972055948,2.038637858,0.55408286
041000090503,2012,8.618566708,1.375219374,0.482818848
041000090503,2013,16.871423509,1.385010112,0.531711525
041000090503,2014,12.896792453,1.218294321,0.525729622
041000090503,2015,17.065589698,1.02740634,0.529068141
041000090503,2016,22.684361091,1.690935012,0.520876134
041000090503,2017,27.359153877,1.655623392,0.539389212
041000090503,2018,25.690976942,1.819197547,0.545510177
041000090503,2019,30.63774535,2.10123645,0.55189804
041000090504,2010,11.157783758,1.38892335,0.586515448
041000090504,2011,35.757469774,3.782381986,0.666001895
041000090504,2012,9.121179951,2.675078798,0.586094878
041000090504,2013,15.530017984,2.555090025,0.63318257
041000090504,2014,12.633868823,2.281188373,0.633808944
041000090504,2015,16.86692484,1.67816233,0.634234175
041000090504,2016,18.778557326,3.130517081,0.618976585
041000090504,2017,21.236735485,2.799522411,0.641478778
041000090504,2018,21.732443143,3.466382736,0.650963413
041000090504,2019,26.221955633,3.880268998,0.663465932
041000090505,2010,7.398576437,2.223492592,0.594590654
041000090505,2011,32.511396152,5.338810441,0.673754251
041000090505,2012,7.608032994,3.347628793,0.593700575
041000090505,2013,13.127269979,3.578333604,0.639765708
041000090505,2014,10.115268017,3.185397615,0.639730715
041000090505,2015,12.150708917,2.76492385,0.641570393
041000090505,2016,15.93295413,4.18473736,0.625052603
041000090505,2017,17.005152878,4.041681859,0.648678806
041000090505,2018,19.923623972,4.881807157,0.659350539
041000090505,2019,22.655804894,5.401205375,0.672712674
041000090506,2010,15.818365727,2.3283737,0.591425578
041000090506,2011,46.08330894,5.322715261,0.668609958
041000090506,2012,13.197568563,3.419820898,0.58749163
041000090506,2013,22.035645971,3.695822859,0.636048913
041000090506,2014,18.114349763,3.284225715,0.634687939
041000090506,2015,25.822769113,2.859170187,0.638505668
041000090506,2016,24.771623187,4.220679959,0.618854271
041000090506,2017,28.740493013,3.99767923,0.645719639
041000090506,2018,31.003050722,4.802205349,0.652940123
041000090506,2019,36.59292517,5.323590589,0.667011316
041000090507,2010,7.707697466,2.351716361,0.533432747
041000090507,2011,27.018058362,5.095034184,0.599893503
041000090507,2012,8.966336011,3.49205097,0.530681593
041000090507,2013,14.019535685,3.509378031,0.574282236
041000090507,2014,10.289403995,3.241869049,0.570483848
041000090507,2015,10.048942857,2.713077486,0.572001941
041000090507,2016,17.590138483,4.148151564,0.558923017
041000090507,2017,19.339813044,4.076009295,0.583897104
041000090507,2018,19.343133982,4.475751942,0.587921524
041000090507,2019,20.918178396,5.072387446,0.601753656
041000090508,2010,16.588463204,1.496004086,0.517349922
041000090508,2011,41.813338535,2.846363059,0.571677544
041000090508,2012,16.091013435,2.144548353,0.512178049
041000090508,2013,26.839927081,2.109696119,0.558513769
041000090508,2014,18.859869779,1.856770808,0.556431628
041000090508,2015,22.326629652,1.545264417,0.552142727
041000090508,2016,30.549253339,2.474898562,0.544041338
041000090508,2017,35.333365862,2.402995693,0.558813459
041000090508,2018,34.129587874,2.50979441,0.568441625
041000090508,2019,35.892863413,2.969725777,0.573825363
041000090509,2010,23.472204787,4.030433814,0.296885126
041000090509,2011,40.148067408,4.674261766,0.341495033
041000090509,2012,20.853528203,3.959750448,0.30099065
041000090509,2013,29.470004684,4.479869231,0.327912092
041000090509,2014,22.978842645,4.401290245,0.332642301
041000090509,2015,26.937462096,4.459145587,0.322757604
041000090509,2016,31.837864008,4.545174967,0.320804933
041000090509,2017,37.206690128,4.674518667,0.329308744
041000090509,2018,34.765285596,4.79899874,0.340968613
041000090509,2019,37.306038023,4.921208009,0.336931998
041000090510,2010,23.981846612,3.210735046,0.405712538
041000090510,2011,49.73676434,5.471179637,0.447488445
041000090510,2012,26.199105222,3.364157082,0.405954495
041000090510,2013,32.829906028,4.065917327,0.439529142
041000090510,2014,31.803987154,4.306507549,0.4444958
041000090510,2015,35.087701948,4.468005822,0.440011691
041000090510,2016,38.646890463,4.752973649,0.422628456
041000090510,2017,45.701918119,4.642409736,0.445353652
041000090510,2018,47.164607935,5.124964067,0.457984699
041000090510,2019,46.455911099,5.016139994,0.461044906
041000090601,2010,9.630667191,8.926139927,0.504929676
041000090601,2011,25.31472841,19.255952354,0.564236835
041000090601,2012,12.656141843,10.806116644,0.493111123
041000090601,2013,13.184806111,10.907166786,0.566250626
041000090601,2014,11.704426697,10.291732338,0.538753893
041000090601,2015,10.659604127,9.940076395,0.554259988
041000090601,2016,17.327950906,13.123738717,0.53404914
041000090601,2017,19.224416679,15.455095539,0.573675976
041000090601,2018,18.275122742,12.971212185,0.575336345
041000090601,2019,19.889356188,17.028047588,0.601932724
041000090602,2010,15.079975501,8.54782356,0.39770538
041000090602,2011,35.732359475,19.54835835,0.442699005
041000090602,2012,18.46266959,9.8514634,0.380115142
041000090602,2013,18.483220793,9.464720339,0.426313121
041000090602,2014,18.057694772,10.65090327,0.427958734
041000090602,2015,19.001049618,10.874432159,0.442882512
041000090602,2016,26.633417617,13.293997362,0.412846629
041000090602,2017,26.500282209,13.282138458,0.438308415
041000090602,2018,27.082353338,13.550466139,0.45496884
041000090602,2019,28.532647697,15.932203023,0.466669087
041000090603,2010,13.491707962,8.476939439,0.46855931
041000090603,2011,32.744229418,19.404181488,0.519362849
041000090603,2012,17.16124475,10.67296276,0.448927733
041000090603,2013,17.769647764,10.471381903,0.511363528
041000090603,2014,15.978315786,10.165992858,0.502099928
041000090603,2015,17.794420354,10.864646284,0.508943748
041000090603,2016,22.906960223,13.031259748,0.48747695
041000090603,2017,22.082435783,12.671959955,0.512971512
041000090603,2018,23.859002285,13.037401311,0.528860683
041000090603,2019,25.31106704,16.282581514,0.542542278
041000090701,2010,7.293523888,6.377153874,0.491818291
041000090701,2011,22.325822004,15.239380244,0.579771492
041000090701,2012,9.013512843,7.740313597,0.502199758
041000090701,2013,11.839571761,9.918488826,0.56508746
041000090701,2014,10.811183658,7.748846936,0.553556168
041000090701,2015,11.345918946,9.440528293,0.530659351
041000090701,2016,12.889617471,9.04307358,0.524248195
041000090701,2017,10.204289011,8.186287049,0.560017379
041000090701,2018,18.841916526,13.295226349,0.609309275
041000090701,2019,15.525397015,12.830220328,0.611855882
041000090702,2010,12.549233974,9.594862846,0.485962983
041000090702,2011,28.576409741,19.523833925,0.565550375
041000090702,2012,16.460448881,11.496640833,0.488926785
041000090702,2013,20.454676397,15.612633365,0.570230835
041000090702,2014,18.246256663,13.898723811,0.570670586
041000090702,2015,19.954990868,15.542600923,0.56031722
041000090702,2016,19.765941706,13.645396372,0.529090969
041000090702,2017,20.092786184,13.885196155,0.553100602
041000090702,2018,26.325042645,18.341660846,0.59848069
041000090702,2019,24.77331296,17.604072307,0.581030035
041000090703,2010,10.941975379,9.700847056,0.447379229
041000090703,2011,36.635635823,27.229602795,0.5328134
041000090703,2012,15.613662465,13.570649665,0.448140671
041000090703,2013,20.054554328,17.585214882,0.504174537
041000090703,2014,18.862658136,14.863766715,0.501643493
041000090703,2015,22.185231359,19.441623662,0.500550818
041000090703,2016,24.055620035,18.977134445,0.477481762
041000090703,2017,24.437366177,20.073342998,0.520101834
041000090703,2018,31.382392648,24.187311618,0.535029002
041000090703,2019,26.554383122,22.932073337,0.54076283
041000090801,2010,10.647799644,7.107929412,0.437838711
041000090801,2011,33.151567716,15.184023964,0.523663568
041000090801,2012,15.440670768,9.946154851,0.433308499
041000090801,2013,17.181731672,10.645616943,0.500490016
041000090801,2014,18.668019392,10.165974773,0.49463755
041000090801,2015,19.166414771,11.473666153,0.512825647
041000090801,2016,24.327526462,13.153404999,0.457647959
041000090801,2017,25.035449094,13.902971768,0.512268505
041000090801,2018,28.747757636,14.948633318,0.514169247
041000090801,2019,26.105448425,15.609101762,0.533297631
041000090802,2010,9.27611698,5.351042797,0.472818408
041000090802,2011,27.502511594,10.818850236,0.564628782
041000090802,2012,14.667885395,8.556950943,0.461703357
041000090802,2013,12.750189684,7.127914098,0.536828807
041000090802,2014,15.409663811,7.567643672,0.531114672
041000090802,2015,14.689586248,7.579191549,0.558236687
041000090802,2016,20.879888424,10.325566971,0.496242559
041000090802,2017,20.378225128,10.197353803,0.554295367
041000090802,2018,23.935802856,10.625341181,0.562829006
041000090802,2019,22.210587797,11.91919133,0.586343892
041000090803,2010,14.097150953,5.491949816,0.430138644
041000090803,2011,35.634960726,10.596500051,0.518314483
041000090803,2012,17.57098766,6.802238694,0.43884223
041000090803,2013,20.711797045,7.304542891,0.479441859
041000090803,2014,19.257065081,6.481119862,0.479638744
041000090803,2015,23.020732909,8.383379854,0.462624685
041000090803,2016,23.250902712,7.763925486,0.461326154
041000090803,2017,21.841590414,7.719443937,0.490694631
041000090803,2018,29.28986133,9.376601129,0.519622329
041000090803,2019,25.45745135,8.995638653,0.522159017
041000090804,2010,20.333966735,4.445980437,0.424816947
041000090804,2011,40.671321238,6.238716798,0.483689791
041000090804,2012,23.375816513,5.275317788,0.425131437
041000090804,2013,26.143956696,5.073004213,0.461070866
041000090804,2014,24.326595644,4.75306061,0.46358863
041000090804,2015,29.754092479,5.296327884,0.457367792
041000090804,2016,28.359963911,5.483236868,0.447885984
041000090804,2017,28.908001215,5.548862965,0.463856395
041000090804,2018,35.497042552,6.139308678,0.490769356
041000090804,2019,31.893713215,6.248768686,0.486917743
041000090901,2010,11.524516998,6.591026761,0.452398052
041000090901,2011,26.668651977,11.846746097,0.525835732
041000090901,2012,17.925968866,10.818723872,0.446639064
041000090901,2013,17.222383651,9.202911339,0.494382951
041000090901,2014,14.53790983,8.432833703,0.491127079
041000090901,2015,16.218147188,7.778645834,0.497797339
041000090901,2016,20.280091079,9.843617401,0.483753569
041000090901,2017,20.395396829,9.330126066,0.493125506
041000090901,2018,21.523414376,10.023837704,0.514847892
041000090901,2019,20.553706282,10.505269802,0.530515188
041000090902,2010,24.567357777,18.224305835,0.537383423
041000090902,2011,49.106287145,30.60234656,0.610737595
041000090902,2012,29.269555657,20.907982209,0.540305952
041000090902,2013,30.014226002,20.499398176,0.575806563
041000090902,2014,26.570838498,19.134421549,0.567688433
041000090902,2015,35.039477491,22.737417195,0.572662941
041000090902,2016,34.814817661,22.700648576,0.564914598
041000090902,2017,35.439275538,22.561613162,0.574449784
041000090902,2018,37.889251699,24.196676702,0.594781603
041000090902,2019,36.539749175,24.485966498,0.594610041
041000090903,2010,18.854450319,7.979929858,0.467520625
041000090903,2011,40.524022076,11.979860694,0.519179614
041000090903,2012,22.616077867,10.00979638,0.457834359
041000090903,2013,24.379932418,9.13709991,0.49717793
041000090903,2014,22.586139315,9.42711835,0.503249525
041000090903,2015,29.7246581,10.532830731,0.500305293
041000090903,2016,29.61438729,10.780236992,0.486814733
041000090903,2017,29.593106495,10.179906253,0.492037654
041000090903,2018,34.636199608,11.573621567,0.518537893
041000090903,2019,31.122301967,11.448193568,0.513072168
041000090904,2010,38.653394648,21.436679588,0.40504251
041000090904,2011,72.027606308,32.95999475,0.445433899
041000090904,2012,41.96229189,22.82505342,0.404932666
041000090904,2013,49.744725896,25.2718257,0.423675611
041000090904,2014,43.436000161,22.746973166,0.429784041
041000090904,2015,52.091055047,25.989661158,0.422784617
041000090904,2016,50.765032972,25.808227,0.419385094
041000090904,2017,53.660339902,26.475635198,0.420234286
041000090904,2018,58.042276736,28.266945674,0.437737202
041000090904,2019,55.509479942,27.653750279,0.430360717
041000100101,2010,15.998457647,10.108524084,0.588433689
041000100101,2011,30.614946361,10.590228927,0.664586635
041000100101,2012,13.40056881,9.503696172,0.569556664
041000100101,2013,17.683643722,9.234380615,0.636150334
041000100101,2014,14.812190314,9.027632194,0.633044002
041000100101,2015,21.450487007,8.902937007,0.640738249
041000100101,2016,16.712362994,8.602577337,0.600052139
041000100101,2017,22.459491084,8.75300334,0.645693359
041000100101,2018,19.426498964,8.789498494,0.639224484
041000100101,2019,25.52206986,9.662711105,0.664501747
041000100102,2010,12.604527322,6.714261623,0.523603861
041000100102,2011,31.21787321,9.085232114,0.600707987
041000100102,2012,10.648265873,6.274648638,0.506387707
041000100102,2013,15.829827792,6.645842157,0.57013861
041000100102,2014,13.056943952,6.584082886,0.567354751
041000100102,2015,18.989085566,6.819912011,0.574220681
041000100102,2016,16.358691064,6.466692172,0.537291463
041000100102,2017,20.459759712,6.712266916,0.573756733
041000100102,2018,19.864366982,6.990601294,0.585101432
041000100102,2019,26.709295361,8.027028628,0.599726819
041000100103,2010,13.434078456,2.689845197,0.467086266
041000100103,2011,29.630684128,3.402243,0.527213791
041000100103,2012,9.258794778,2.358740329,0.446348463
041000100103,2013,17.900473221,3.044644965,0.504750812
041000100103,2014,12.532734097,2.744437472,0.507613428
041000100103,2015,18.6786015,3.042815076,0.49743513
041000100103,2016,14.714492923,2.657508967,0.475453171
041000100103,2017,21.352480329,2.745269263,0.495975796
041000100103,2018,18.678604148,2.563981023,0.496658133
041000100103,2019,23.700958784,3.012888712,0.511212753
041000100104,2010,16.574214869,9.927708197,0.586302406
041000100104,2011,32.0182032,10.878833784,0.659498574
041000100104,2012,14.866952266,9.189767795,0.562926751
041000100104,2013,17.976075057,8.841811748,0.635888585
041000100104,2014,16.428493312,8.795723869,0.629403629
041000100104,2015,19.918483474,8.737916005,0.636914397
041000100104,2016,19.726105072,8.411393314,0.592880788
041000100104,2017,23.313664442,8.65790161,0.64529163
041000100104,2018,21.946711585,8.561946362,0.638418617
041000100104,2019,31.410768359,9.971932241,0.670112969
041000100201,2010,10.249965113,7.582246391,0.534743714
041000100201,2011,22.259758619,13.922822313,0.592839691
041000100201,2012,12.108921176,8.416184656,0.494329158
041000100201,2013,11.053636539,7.187038428,0.566682859
041000100201,2014,10.773565745,8.817213467,0.552134103
041000100201,2015,14.313923198,10.213056941,0.574739024
041000100201,2016,15.946462826,8.998172799,0.523533379
041000100201,2017,16.37883822,9.316973827,0.573868603
041000100201,2018,16.307816079,8.001782043,0.58003363
041000100201,2019,22.018803975,14.438229047,0.606272034
041000100202,2010,12.258121214,9.172230753,0.373975775
041000100202,2011,23.638211749,11.998830263,0.405574813
041000100202,2012,10.347233889,8.121736279,0.354817185
041000100202,2013,13.971572178,10.589874212,0.4114938
041000100202,2014,11.825826588,8.253622572,0.396025268
041000100202,2015,13.387044536,9.71533139,0.408876766
041000100202,2016,13.947589551,9.957644446,0.390283332
041000100202,2017,17.236664985,11.339172267,0.389737039
041000100202,2018,14.801423575,9.482871694,0.407334968
041000100202,2019,19.686486523,12.226573455,0.418761601
041000100203,2010,13.953400325,8.954608487,0.449258486
041000100203,2011,27.999159799,11.928585721,0.488942244
041000100203,2012,12.612322444,8.253761931,0.415165594
041000100203,2013,17.892964167,11.073874444,0.488174953
041000100203,2014,14.413884262,8.330329707,0.460779076
041000100203,2015,16.536698965,9.849318318,0.480995027
041000100203,2016,16.558398228,9.47370132,0.448795232
041000100203,2017,20.736123814,11.248951019,0.477451579
041000100203,2018,19.644458768,9.835013886,0.488419339
041000100203,2019,23.658499435,12.474506897,0.498715773
041000100204,2010,11.348257879,6.866054196,0.413441029
041000100204,2011,27.267395472,12.057748421,0.466469573
041000100204,2012,13.29655992,7.546653732,0.388993211
041000100204,2013,13.044405911,6.861566913,0.454390202
041000100204,2014,13.923467827,7.169139184,0.441339986
041000100204,2015,15.254355509,8.265858427,0.451511279
041000100204,2016,16.493632207,8.048590728,0.415935757
041000100204,2017,16.692450918,7.89336034,0.429486609
041000100204,2018,15.381564625,7.14546787,0.454468597
041000100204,2019,29.735820261,14.202683614,0.484187376
041000100205,2010,12.38219655,8.070111285,0.520540575
041000100205,2011,27.021500936,14.388926177,0.589743272
041000100205,2012,14.378060874,8.692785373,0.489505521
041000100205,2013,12.178695804,6.684040249,0.56329109
041000100205,2014,13.952116146,8.952880342,0.552751655
041000100205,2015,15.52243651,10.084883071,0.560607072
041000100205,2016,18.814957694,9.251722719,0.508274299
041000100205,2017,16.936707383,8.395289977,0.556841081
041000100205,2018,18.433355084,8.108997185,0.576547757
041000100205,2019,29.625630375,16.512424524,0.608295308
041000100301,2010,14.934092862,11.981680216,0.525121369
041000100301,2011,34.734774933,24.533035642,0.596531969
041000100301,2012,15.43766146,11.469689897,0.508665974
041000100301,2013,18.955246237,13.471241976,0.577307971
041000100301,2014,17.405242309,12.977354799,0.553527455
041000100301,2015,16.862927039,13.528465051,0.561919115
041000100301,2016,20.922399588,13.93599804,0.532120365
041000100301,2017,23.544953842,16.147479845,0.569419505
041000100301,2018,22.597476379,14.223213935,0.588072992
041000100301,2019,28.401932427,21.21907833,0.608946603
041000100302,2010,14.182586739,12.604708126,0.55785121
041000100302,2011,28.732035605,24.126820035,0.637133174
041000100302,2012,13.680237016,11.873838482,0.536882516
041000100302,2013,15.411887894,12.79998316,0.615803989
041000100302,2014,14.548356319,12.418605305,0.575247961
041000100302,2015,14.363876986,12.776391621,0.576165777
041000100302,2016,14.567161709,11.601999666,0.560340321
041000100302,2017,15.654228949,12.683469989,0.58637882
041000100302,2018,14.688332653,10.877584992,0.61090934
041000100302,2019,21.660341168,18.782705014,0.640841644
041000100401,2010,14.47335232,3.710540703,0.570810397
041000100401,2011,36.758589576,4.571271776,0.638307719
041000100401,2012,13.044080761,3.639127332,0.563404842
041000100401,2013,22.010499794,4.051046479,0.619392841
041000100401,2014,15.263394092,3.580585188,0.59300317
041000100401,2015,17.77541153,3.447653511,0.597394521
041000100401,2016,17.993581618,3.430132473,0.575013169
041000100401,2017,21.255808368,3.526479815,0.605726745
041000100401,2018,21.455438044,3.681094176,0.624051271
041000100401,2019,26.316059156,4.178491076,0.640651164
041000100402,2010,13.89337903,5.325157511,0.55597177
041000100402,2011,35.275126825,7.014932274,0.634935239
041000100402,2012,13.817532763,5.145991181,0.553428923
041000100402,2013,21.320617702,5.476139228,0.613106967
041000100402,2014,14.371841619,4.911929394,0.5818466
041000100402,2015,15.782838802,4.613883357,0.577215541
041000100402,2016,16.00637264,4.292185658,0.560146514
041000100402,2017,18.495784497,4.309476138,0.594604655
041000100402,2018,20.374578091,4.522981432,0.617538122
041000100402,2019,24.198603843,5.14634658,0.62743103
041000100501,2010,10.851216234,7.821753502,0.559527174
041000100501,2011,28.413485621,17.66993581,0.646405864
041000100501,2012,12.139618574,8.644951508,0.546203616
041000100501,2013,17.458947758,12.132323677,0.629969134
041000100501,2014,13.766722348,10.192268649,0.581259046
041000100501,2015,11.69009783,7.88370899,0.582824538
041000100501,2016,13.640164877,9.001850268,0.556097308
041000100501,2017,14.711501205,9.279430618,0.587478482
041000100501,2018,14.539132742,9.777591538,0.606431907
041000100501,2019,15.356224687,10.916039733,0.625679895
041000100502,2010,9.90606107,5.758441704,0.486708541
041000100502,2011,26.480154655,12.739398448,0.575540278
041000100502,2012,11.615939834,6.706459606,0.482297003
041000100502,2013,15.874663385,8.609444095,0.559238951
041000100502,2014,12.575862891,7.467992698,0.519793274
041000100502,2015,11.491696567,6.228601627,0.511102461
041000100502,2016,12.181958258,6.765304763,0.482312356
041000100502,2017,12.831414437,6.777031936,0.513268741
041000100502,2018,13.404614349,7.387624148,0.532835441
041000100502,2019,14.433187114,7.907100135,0.550233286
041000100503,2010,17.863853297,15.78436752,0.464572275
041000100503,2011,39.732850104,29.191229816,0.525434169
041000100503,2012,23.02554914,19.504154387,0.460497106
041000100503,2013,24.145265756,21.117164569,0.507347754
041000100503,2014,21.523287791,18.909148747,0.508780109
041000100503,2015,21.952153413,18.32384832,0.480745973
041000100503,2016,21.815557986,17.983755893,0.454772838
041000100503,2017,28.108024615,21.670582032,0.483101549
041000100503,2018,24.256378668,20.154658822,0.488253166
041000100503,2019,26.787177718,22.698072122,0.498693173
041000100601,2010,14.2769665,11.470223898,0.411741866
041000100601,2011,43.287171472,28.120862242,0.449916153
041000100601,2012,21.537800548,17.127582952,0.400773442
041000100601,2013,25.59573719,19.186501102,0.448045123
041000100601,2014,17.666101578,14.742725157,0.458508869
041000100601,2015,20.465403893,15.092398929,0.440299735
041000100601,2016,24.440399906,17.122660498,0.416779467
041000100601,2017,29.368414641,19.901490363,0.424634373
041000100601,2018,26.87850008,18.886244507,0.438738471
041000100601,2019,30.790656475,22.99821573,0.445379166
041000100602,2010,12.984897741,10.389738147,0.410157795
041000100602,2011,42.985891295,29.813850714,0.453524671
041000100602,2012,21.033842407,16.953851736,0.405991044
041000100602,2013,25.509826474,19.520479153,0.451528556
041000100602,2014,16.784830873,14.278576169,0.463348013
041000100602,2015,20.651983031,15.724475534,0.445681493
041000100602,2016,24.031720383,17.10032282,0.420123955
041000100602,2017,28.453165407,19.609973093,0.42559526
041000100602,2018,26.339922571,19.18239825,0.442264572
041000100602,2019,27.620735093,21.628130683,0.445143824
041000100603,2010,15.171898252,12.974350954,0.393736286
041000100603,2011,44.413710473,29.94482132,0.443511919
041000100603,2012,21.478243716,17.750231226,0.400334714
041000100603,2013,26.917795861,21.615151188,0.440285953
041000100603,2014,17.929151298,15.769749507,0.464875274
041000100603,2015,22.003130622,16.898824753,0.431061413
041000100603,2016,23.059664783,16.656763497,0.401647179
041000100603,2017,28.2319835,20.025968728,0.414397762
041000100603,2018,25.657920646,19.120562841,0.423187119
041000100603,2019,26.704777127,21.543052579,0.430430791
041000100701,2010,10.55300167,4.563545033,0.421784996
041000100701,2011,42.829459247,12.108571493,0.474200382
041000100701,2012,16.838156988,8.034833558,0.420195578
041000100701,2013,23.851468431,8.656169207,0.463569895
041000100701,2014,15.061359998,6.598411235,0.491924855
041000100701,2015,21.084270415,6.870427598,0.462471439
041000100701,2016,22.493648139,7.910879652,0.434791478
041000100701,2017,26.674796402,9.08764926,0.444889273
041000100701,2018,25.535182893,8.987419463,0.465323998
041000100701,2019,23.157384503,8.9843114,0.47137253
041000100702,2010,10.04817866,4.231499766,0.431100494
041000100702,2011,40.118285666,11.760253035,0.484120151
041000100702,2012,16.062921136,7.676195642,0.42516486
041000100702,2013,21.358420309,7.959552412,0.472597762
041000100702,2014,13.650051953,5.996272666,0.495414897
041000100702,2015,19.542066986,6.402300534,0.473563179
041000100702,2016,21.883180003,7.673666534,0.445624698
041000100702,2017,25.385692908,8.648281823,0.453071489
041000100702,2018,24.223050989,8.648975118,0.472159506
041000100702,2019,21.672517209,8.620719214,0.484485885
041000100703,2010,14.950691061,8.392824668,0.422482822
041000100703,2011,51.198818947,18.157679999,0.469429539
041000100703,2012,22.032239879,13.272467373,0.418786652
041000100703,2013,27.111757572,13.814125036,0.45217672
041000100703,2014,18.584696321,10.095337283,0.456729645
041000100703,2015,26.508675987,12.142722839,0.455646657
041000100703,2016,29.114165622,14.548863502,0.435901876
041000100703,2017,31.950711832,15.390102048,0.442150582
041000100703,2018,32.347587569,15.125561769,0.454005576
041000100703,2019,31.255091121,15.63056403,0.459562334
041000100704,2010,17.544377511,12.6781337,0.458646233
041000100704,2011,44.923834827,26.704396005,0.530664504
041000100704,2012,25.336278199,19.117619425,0.480028435
041000100704,2013,29.694791884,20.570474694,0.521335992
041000100704,2014,20.871196291,14.714996069,0.513926691
041000100704,2015,26.015933661,17.984984833,0.505580803
041000100704,2016,31.703646189,20.441805998,0.472595289
041000100704,2017,35.390556376,22.665843868,0.50288676
041000100704,2018,34.428740154,21.939410144,0.510391605
041000100704,2019,32.283203964,22.060970661,0.516967867
041000100705,2010,14.125442529,8.443343816,0.420966132
041000100705,2011,42.198676406,19.982800516,0.490690713
041000100705,2012,19.85248183,12.594370461,0.432584954
041000100705,2013,26.109320975,14.64390069,0.479712588
041000100705,2014,19.271265188,9.919200881,0.472960228
041000100705,2015,21.68633562,11.899144197,0.467711092
041000100705,2016,29.40758242,14.589920669,0.434184532
041000100705,2017,31.642467744,15.965921918,0.466679119
041000100705,2018,31.145865964,15.27628732,0.474107707
041000100705,2019,28.502047886,15.585494873,0.473969193
041000100706,2010,12.676109529,10.215298395,0.407346878
041000100706,2011,36.020397953,20.672111365,0.461647555
041000100706,2012,15.693612397,13.571456651,0.42094217
041000100706,2013,20.580642833,15.56145508,0.449712832
041000100706,2014,15.377286417,12.46285072,0.445772172
041000100706,2015,21.176870871,13.925008705,0.441167831
041000100706,2016,21.730523891,16.185830099,0.422852964
041000100706,2017,24.025717429,16.713138141,0.440390839
041000100706,2018,24.216297038,16.582452045,0.448766926
041000100706,2019,22.348708122,16.272118315,0.448249362
041000110101,2010,14.6014284,9.617262783,0.376754076
041000110101,2011,37.218588729,13.296331383,0.432395338
041000110101,2012,17.544020743,10.673079868,0.358989922
041000110101,2013,26.991038497,14.689392171,0.414509852
041000110101,2014,15.041123144,9.977840416,0.405880761
041000110101,2015,18.75712088,9.983003669,0.386065308
041000110101,2016,18.82920807,8.690666813,0.350943439
041000110101,2017,20.707835598,11.22690366,0.364754418
041000110101,2018,21.916426329,10.927344591,0.381755253
041000110101,2019,22.931686795,12.788852772,0.376207868
041000110102,2010,20.877178864,3.286205432,0.447805889
041000110102,2011,43.951089991,7.048048063,0.519189286
041000110102,2012,20.858974078,3.85094284,0.457320335
041000110102,2013,34.003241023,5.64625121,0.526189398
041000110102,2014,20.690286803,4.276605596,0.50251387
041000110102,2015,23.010058846,3.916236811,0.452040262
041000110102,2016,20.169574205,3.324602226,0.415933764
041000110102,2017,24.338243102,3.477215646,0.439688305
041000110102,2018,26.346320343,3.925614082,0.473915362
041000110102,2019,28.430431149,4.409289037,0.462892472
041000110103,2010,24.821320717,6.939606659,0.519097631
041000110103,2011,48.748821804,12.118579262,0.571674044
041000110103,2012,23.859815085,7.197342539,0.505946139
041000110103,2013,37.200815654,9.370250025,0.576413986
041000110103,2014,24.735459865,7.557724963,0.552712986
041000110103,2015,24.749173683,7.042102212,0.532900763
041000110103,2016,24.372313137,6.734461229,0.495522219
041000110103,2017,28.269402356,6.934559516,0.527116732
041000110103,2018,33.080814339,8.837139629,0.549916212
041000110103,2019,31.784476689,8.079580528,0.544801612
041000110104,2010,22.770558346,4.037442719,0.411282644
041000110104,2011,41.5784377,6.832295485,0.467241995
041000110104,2012,22.491284436,4.843415647,0.40956618
041000110104,2013,31.914625526,5.701990941,0.45046045
041000110104,2014,20.637003873,4.666882928,0.44226674
041000110104,2015,23.947721925,4.18107752,0.416745424
041000110104,2016,21.370508313,4.272798827,0.394803282
041000110104,2017,24.819528756,4.643466248,0.407538304
041000110104,2018,26.766425226,5.121597284,0.42851559
041000110104,2019,27.706855926,5.056324716,0.423000938
041000110201,2010,18.828355253,6.691408481,0.502548924
041000110201,2011,37.360682952,11.459437824,0.546376944
041000110201,2012,18.640355132,8.687047772,0.492839117
041000110201,2013,26.265871513,10.307995172,0.528305888
041000110201,2014,16.984757789,7.740789272,0.526401511
041000110201,2015,19.232744998,6.642146254,0.504082261
041000110201,2016,16.850754741,7.368819835,0.489480105
041000110201,2017,22.694583612,8.936192683,0.509200698
041000110201,2018,24.084351147,9.82379615,0.526478769
041000110201,2019,22.012250929,9.224136329,0.512585371
041000110202,2010,18.734749777,5.838314409,0.539516498
041000110202,2011,39.587407587,10.811017636,0.594042289
041000110202,2012,14.510873913,6.063228274,0.525370657
041000110202,2013,24.602891494,7.292376926,0.57523645
041000110202,2014,14.688721393,5.98418572,0.563221293
041000110202,2015,20.309294822,6.095371752,0.555678725
041000110202,2016,16.019038928,5.667778777,0.51202751
041000110202,2017,21.672775182,6.59780668,0.526944703
041000110202,2018,22.813914728,7.281035403,0.566420406
041000110202,2019,20.542989101,6.716782975,0.545956564
041000110203,2010,25.570390727,5.035225861,0.566620807
041000110203,2011,50.575870947,9.336283364,0.614557228
041000110203,2012,23.323703624,4.939637784,0.559764879
041000110203,2013,36.795456437,6.336678937,0.606415671
041000110203,2014,23.97203018,5.514599252,0.591051505
041000110203,2015,24.415830814,5.150415005,0.580713136
041000110203,2016,23.460129825,4.781902339,0.550790453
041000110203,2017,30.531671018,4.976483796,0.576414847
041000110203,2018,32.544046868,6.289920157,0.595757711
041000110203,2019,31.451821676,5.374254504,0.596608287
041000110204,2010,20.691708768,1.193158452,0.476577262
041000110204,2011,39.300573033,2.000679794,0.537819181
041000110204,2012,17.11149649,1.368427042,0.470590359
041000110204,2013,29.747537794,1.611393259,0.509818456
041000110204,2014,17.589891608,1.290585486,0.513568099
041000110204,2015,20.070028768,1.174715323,0.484568993
041000110204,2016,18.411922172,1.227314149,0.471122816
041000110204,2017,26.107377323,1.419484148,0.48048836
041000110204,2018,25.760115084,1.430383835,0.491668973
041000110204,2019,26.765873304,1.51334341,0.495881979
041000110205,2010,18.96805008,4.696522009,0.580531927
041000110205,2011,37.504614447,8.652819329,0.62317576
041000110205,2012,16.453492624,4.284892778,0.573287296
041000110205,2013,28.416319803,5.506287874,0.627764404
041000110205,2014,17.68778023,4.789824305,0.60202391
041000110205,2015,18.643607842,4.522063631,0.596452316
041000110205,2016,18.501972407,4.885782517,0.57134838
041000110205,2017,24.130483555,5.082764251,0.592139434
041000110205,2018,25.929078402,6.201514446,0.610602348
041000110205,2019,23.898651577,5.012289727,0.617641619
041000110301,2010,35.848691969,1.282590114,0.670653744
041000110301,2011,64.075496307,1.979405035,0.696420066
041000110301,2012,39.522414523,1.455736729,0.677242224
041000110301,2013,52.538976775,1.812630364,0.69294685
041000110301,2014,35.297854584,1.344509304,0.684017433
041000110301,2015,37.809459451,1.301650512,0.690922337
041000110301,2016,37.563072229,1.289748252,0.667969402
041000110301,2017,44.678710627,1.470823493,0.683591821
041000110301,2018,42.401584438,1.422630925,0.680799571
041000110301,2019,46.079468253,1.499921376,0.683433077
041000110302,2010,44.367886688,0.857383744,0.678858419
041000110302,2011,67.281049696,0.798826208,0.693684002
041000110302,2012,43.178866807,0.754010708,0.671840363
041000110302,2013,60.029434231,0.98673941,0.694244607
041000110302,2014,40.62667975,0.83277414,0.684027864
041000110302,2015,50.171997161,0.808731651,0.696530895
041000110302,2016,42.952560545,0.782812244,0.669885798
041000110302,2017,50.739465676,0.799236033,0.684361565
041000110302,2018,45.408899519,0.770804134,0.682899949
041000110302,2019,52.295734384,0.754885364,0.685064567
041000110401,2010,17.770222523,0.798885677,0.554099628
041000110401,2011,39.913058422,1.228139592,0.598112801
041000110401,2012,23.315616941,1.079275792,0.585538926
041000110401,2013,30.686250186,1.26630722,0.615692535
041000110401,2014,16.947656627,1.069897242,0.580261146
041000110401,2015,18.715695648,0.919621997,0.568279745
041000110401,2016,17.854494727,0.94544667,0.572470312
041000110401,2017,25.026767431,1.032426768,0.593382737
041000110401,2018,26.040090172,1.079986463,0.584270172
041000110401,2019,22.972690865,1.023230821,0.575568223
041000110402,2010,34.8452577,1.136694582,0.637104755
041000110402,2011,63.10837681,1.522640586,0.668035383
041000110402,2012,42.857530154,1.420839402,0.654341859
041000110402,2013,50.859207721,1.638046353,0.69143103
041000110402,2014,35.724256667,1.470499494,0.680180995
041000110402,2015,37.415566266,1.229785364,0.647748486
041000110402,2016,36.861303573,1.371973831,0.6513056
041000110402,2017,47.311938074,1.469998945,0.661399985
041000110402,2018,40.672295368,1.334297441,0.649463331
041000110402,2019,43.86937354,1.446100226,0.644903027
041000110403,2010,30.685690785,1.93399733,0.594484241
041000110403,2011,56.457929739,3.122319062,0.638587123
041000110403,2012,34.59962886,2.757699081,0.618918603
041000110403,2013,44.047399362,2.998043652,0.652691532
041000110403,2014,32.458402054,2.682885654,0.648760119
041000110403,2015,31.605570651,2.221242737,0.607446197
041000110403,2016,32.622706683,2.673861236,0.610517894
041000110403,2017,41.114009766,2.864228098,0.621953704
041000110403,2018,35.739882798,2.657831184,0.619164984
041000110403,2019,41.160923304,3.143398328,0.612909615
041000110404,2010,32.02912829,0.785466857,0.675220983
041000110404,2011,56.002049817,0.802969262,0.689499883
041000110404,2012,32.592489846,0.723553985,0.67059073
041000110404,2013,45.516265753,0.93565438,0.690759342
041000110404,2014,31.061270646,0.824910536,0.68176609
041000110404,2015,37.757951788,0.778162425,0.694377229
041000110404,2016,34.022288684,0.759662672,0.666332954
041000110404,2017,39.861314815,0.776412083,0.680728399
041000110404,2018,35.951321653,0.752814752,0.679465338
041000110404,2019,42.577681836,0.758469542,0.682136365
041000110405,2010,50.835990398,1.277784488,0.676224897
041000110405,2011,76.322809349,1.469225824,0.683226151
041000110405,2012,49.170682348,1.357057579,0.663424488
041000110405,2013,66.900961875,1.654141537,0.712381755
041000110405,2014,51.23540446,1.495612131,0.70488769
041000110405,2015,61.299064879,1.41875012,0.69479477
041000110405,2016,48.287423072,1.377275699,0.672948387
041000110405,2017,59.648606582,1.437517802,0.675662508
041000110405,2018,51.09938951,1.408680846,0.676136892
041000110405,2019,63.986731682,1.551137848,0.680019289
041000110501,2010,24.6138987,3.70245113,0.699260809
041000110501,2011,53.760699442,5.287908083,0.759080948
041000110501,2012,23.823229104,4.138557455,0.680783635
041000110501,2013,33.793029638,4.488185099,0.753210542
041000110501,2014,26.218329602,4.637643488,0.77906461
041000110501,2015,30.727064404,4.662571825,0.748547512
041000110501,2016,32.801237067,4.778764436,0.749669131
041000110501,2017,32.318562927,4.255527593,0.721246121
041000110501,2018,33.418078541,4.802576691,0.740725053
041000110501,2019,39.192823842,4.779851508,0.726524224
041000110502,2010,18.819419688,2.35648708,0.604230146
041000110502,2011,44.837746193,3.067078928,0.674717717
041000110502,2012,16.153763325,2.217661383,0.587669692
041000110502,2013,24.697292876,2.633388274,0.652708201
041000110502,2014,19.017136548,2.76549738,0.668215445
041000110502,2015,23.193894855,2.800323702,0.632668437
041000110502,2016,25.921626952,2.902100652,0.639300777
041000110502,2017,25.556218532,2.72346979,0.625651758
041000110502,2018,27.368324852,2.913674695,0.650477164
041000110502,2019,32.304309901,2.715114168,0.63785389
041000110503,2010,13.958648443,3.962994343,0.570063545
041000110503,2011,35.515375634,5.756999038,0.636129003
041000110503,2012,12.964913627,4.622382634,0.565497707
041000110503,2013,18.849959964,4.608764998,0.616523768
041000110503,2014,13.382532675,4.513938751,0.610220723
041000110503,2015,20.101102666,5.224569165,0.596865549
041000110503,2016,16.204391708,4.410142644,0.589232063
041000110503,2017,16.847708214,4.117759083,0.571811209
041000110503,2018,19.895935594,5.191126164,0.631533662
041000110503,2019,21.612011688,4.72831508,0.596437851
041000110504,2010,26.385793223,2.328990637,0.697816094
041000110504,2011,65.647058993,3.434939814,0.762393209
041000110504,2012,26.830551395,2.575784848,0.689681046
041000110504,2013,37.958657337,2.769984515,0.74529295
041000110504,2014,26.972826415,2.831555361,0.771545814
041000110504,2015,44.977502897,3.124616141,0.762063874
041000110504,2016,38.339197597,3.125658382,0.76252534
041000110504,2017,39.445077465,2.815780873,0.729660785
041000110504,2018,40.645213197,3.020287672,0.761242104
041000110504,2019,43.573757239,2.818214237,0.736105654
041000110505,2010,24.318984053,2.857145029,0.695297497
041000110505,2011,63.975441278,4.304697792,0.764087809
041000110505,2012,25.698812529,3.088566735,0.69095001
041000110505,2013,37.753114561,3.604918623,0.74676142
041000110505,2014,26.834202025,3.558960525,0.776070472
041000110505,2015,42.463598485,4.041573882,0.767454217
041000110505,2016,37.323043328,4.1183305,0.768897964
041000110505,2017,37.753569716,3.525995114,0.731781366
041000110505,2018,40.085407896,3.81330664,0.76343692
041000110505,2019,43.414568548,3.785786844,0.744870562
041000110506,2010,23.245588988,2.730279285,0.703466721
041000110506,2011,62.092000292,4.049826202,0.771820119
041000110506,2012,23.766614156,2.838553421,0.690521191
041000110506,2013,36.343443646,3.330954842,0.75261641
041000110506,2014,25.381365861,3.351040758,0.782143226
041000110506,2015,40.966148724,3.788094093,0.774986451
041000110506,2016,34.971832229,3.792333897,0.771738681
041000110506,2017,35.414591234,3.200062344,0.732579584
041000110506,2018,39.156763107,3.570630887,0.770043626
041000110506,2019,42.837759134,3.583886334,0.753422694
041000110507,2010,24.6255006,2.669217083,0.704839252
041000110507,2011,64.253802091,3.935885054,0.770338552
041000110507,2012,25.892645859,2.994361534,0.700179196
041000110507,2013,36.900202209,3.168110623,0.749527899
041000110507,2014,26.68588244,3.200927693,0.777887031
041000110507,2015,43.795594726,3.715642594,0.772121044
041000110507,2016,37.180964089,3.672503571,0.770381044
041000110507,2017,38.26762766,3.285523067,0.737554951
041000110507,2018,41.046289539,3.599609997,0.770401333
041000110507,2019,42.887533935,3.339217078,0.743564768
041000110508,2010,26.66870046,2.129593721,0.695564572
041000110508,2011,54.208887971,2.455116868,0.732751878
041000110508,2012,28.272893682,2.16752184,0.693409696
041000110508,2013,37.35720991,2.613288773,0.744892
041000110508,2014,27.338846964,2.095152738,0.72389231
041000110508,2015,39.311193436,2.695290453,0.735213817
041000110508,2016,31.304613842,2.105465658,0.707534916
041000110508,2017,34.04292682,2.179159492,0.707427958
041000110508,2018,38.884478029,2.674666237,0.748053543
041000110508,2019,39.732358218,2.231080338,0.719709266
041000110509,2010,20.335328988,2.129647305,0.606832585
041000110509,2011,49.545609502,2.946035637,0.674462071
041000110509,2012,19.288594489,2.248300756,0.600394537
041000110509,2013,27.911877939,2.453621755,0.654284914
041000110509,2014,20.187229575,2.362784758,0.659368492
041000110509,2015,31.598098405,2.77664612,0.648711928
041000110509,2016,27.334856708,2.612996971,0.644631328
041000110509,2017,28.14993503,2.337456291,0.625263043
041000110509,2018,31.16096904,2.738826966,0.665171243
041000110509,2019,33.59288432,2.440334996,0.641483709
041000110601,2010,17.155249563,1.902735469,0.603578325
041000110601,2011,41.855067551,2.400590258,0.668198715
041000110601,2012,13.611221743,1.790211089,0.58752696
041000110601,2013,24.751485983,2.219138414,0.650905353
041000110601,2014,15.884325855,2.196937866,0.622911314
041000110601,2015,25.200772893,2.572946286,0.648893094
041000110601,2016,18.611448925,2.266646568,0.628403994
041000110601,2017,22.249258278,2.071769987,0.625220597
041000110601,2018,27.699428945,2.39172933,0.666410863
041000110601,2019,24.007199416,2.131531737,0.636415444
041000110602,2010,22.178933356,2.188193271,0.620576583
041000110602,2011,47.833194912,2.671393225,0.680301791
041000110602,2012,18.456350468,2.064968692,0.607545201
041000110602,2013,30.470348098,2.784064586,0.673709148
041000110602,2014,19.785437006,2.593787744,0.644529611
041000110602,2015,33.309159849,3.033781974,0.668225245
041000110602,2016,23.26513981,2.514643272,0.643810833
041000110602,2017,29.11844845,2.514628021,0.648811081
041000110602,2018,32.212839191,2.682544276,0.679278967
041000110602,2019,29.454315112,2.503894637,0.653966868
041000110603,2010,19.56610779,0.867867414,0.582438679
041000110603,2011,39.871907012,1.528359478,0.632430226
041000110603,2012,16.272130307,1.417413803,0.587869317
041000110603,2013,26.895917715,1.436224019,0.647713792
041000110603,2014,15.921268394,1.158549576,0.609976918
041000110603,2015,30.758845472,1.23919161,0.628751215
041000110603,2016,17.638857574,1.209563767,0.606893601
041000110603,2017,24.092437953,1.103250353,0.606682255
041000110603,2018,29.691978805,1.451179852,0.643856665
041000110603,2019,25.329495612,1.478117415,0.625603874
041000110604,2010,36.918291278,0.504848703,0.612264059
041000110604,2011,59.99403811,0.746501084,0.666504421
041000110604,2012,23.488630888,0.576284417,0.627993025
041000110604,2013,42.724106164,0.676749345,0.675468767
041000110604,2014,25.477303525,0.582052266,0.664517496
041000110604,2015,42.61321271,0.650743036,0.695516023
041000110604,2016,27.183151743,0.605234901,0.666057137
041000110604,2017,38.778305385,0.616158343,0.649185066
041000110604,2018,41.354269614,0.617035718,0.664085211
041000110604,2019,35.192979916,0.630750914,0.65352962
041000110605,2010,28.313093249,2.228490237,0.656641813
041000110605,2011,52.121734394,3.371106239,0.708348018
041000110605,2012,21.215577542,2.729977785,0.655361157
041000110605,2013,36.535692825,3.270546683,0.718416731
041000110605,2014,24.061718405,2.901937111,0.699576548
041000110605,2015,38.489305262,3.084669799,0.721176275
041000110605,2016,25.762944217,2.897940495,0.695722069
041000110605,2017,34.536266506,2.803638185,0.693597646
041000110605,2018,36.15458844,2.874724132,0.701331299
041000110605,2019,31.765174254,2.737447611,0.687216385
041000110701,2010,28.770871741,7.238951575,0.625568539
041000110701,2011,58.675571428,10.192561432,0.67111295
041000110701,2012,29.585390937,7.864674446,0.623013054
041000110701,2013,37.376876363,8.547667746,0.673048628
041000110701,2014,32.866469319,9.063932891,0.685691607
041000110701,2015,38.25495402,9.946736799,0.658554333
041000110701,2016,33.313225828,8.071722202,0.646320148
041000110701,2017,35.965495825,8.486724358,0.634365658
041000110701,2018,35.134254542,7.837101547,0.658208728
041000110701,2019,44.653508567,10.232920211,0.649837155
041000110702,2010,34.942425651,9.176016172,0.658584903
041000110702,2011,60.917049366,10.712432476,0.673656468
041000110702,2012,34.942090797,9.629789284,0.629800296
041000110702,2013,47.286731634,11.414160814,0.703336471
041000110702,2014,33.028547097,9.72214079,0.670396843
041000110702,2015,52.537568436,11.191204118,0.689085266
041000110702,2016,36.048805976,9.506365237,0.653672471
041000110702,2017,44.203428743,9.901648153,0.657175751
041000110702,2018,44.763228084,10.453675161,0.672127677
041000110702,2019,48.170229713,11.116152173,0.664348431
041000110703,2010,20.588157781,5.486252071,0.483434037
041000110703,2011,35.029356753,5.807925233,0.528969003
041000110703,2012,12.977249935,4.862736124,0.463851523
041000110703,2013,25.850991251,6.621489656,0.541616481
041000110703,2014,14.344099293,5.343802767,0.494611382
041000110703,2015,25.259724738,5.992328834,0.485138231
041000110703,2016,16.177009238,5.025226816,0.485268212
041000110703,2017,20.589806263,5.458632664,0.485538705
041000110703,2018,20.553175629,5.126150099,0.5222933
041000110703,2019,19.6467533,5.730611836,0.495332165
041000110704,2010,18.150295368,6.382262865,0.493098976
041000110704,2011,34.341045099,7.373019606,0.540050461
041000110704,2012,12.227643577,6.177625604,0.474911536
041000110704,2013,22.970076643,7.934109664,0.552258773
041000110704,2014,13.865995157,6.783925689,0.507891846
041000110704,2015,28.613139151,7.940837199,0.504723127
041000110704,2016,16.048153383,6.37641615,0.491257929
041000110704,2017,20.340308754,6.882567615,0.499167953
041000110704,2018,20.623347902,6.954370936,0.5378107
041000110704,2019,20.391445295,7.585633774,0.51252087
041000110705,2010,29.67606842,6.89564402,0.549496179
041000110705,2011,49.298858125,8.541447338,0.595611039
041000110705,2012,23.416877474,7.30452185,0.536419793
041000110705,2013,40.439971588,9.763337746,0.60947678
041000110705,2014,25.906460389,8.213243832,0.578311516
041000110705,2015,39.61641418,9.160408664,0.578338136
041000110705,2016,28.687069301,7.819720095,0.561945818
041000110705,2017,32.832451677,8.23634218,0.564193417
041000110705,2018,36.213518806,8.498606602,0.599665034
041000110705,2019,33.00315911,8.779590934,0.574511295
041000110801,2010,27.396335031,17.841734046,0.573778222
041000110801,2011,55.449107312,30.621587318,0.655423237
041000110801,2012,28.164703559,17.332646212,0.59481068
041000110801,2013,40.694579581,26.733263883,0.666402692
041000110801,2014,22.373345507,14.419178024,0.594616959
041000110801,2015,26.48420442,19.71283421,0.610003521
041000110801,2016,27.327224165,17.457161059,0.601383719
041000110801,2017,33.849497858,19.92812028,0.598345833
041000110801,2018,34.214221085,17.976294608,0.618087985
041000110801,2019,33.790289181,22.337211346,0.637387735
041000110802,2010,29.29055505,18.128754819,0.603729066
041000110802,2011,57.225566318,28.783861089,0.671791362
041000110802,2012,32.815826755,17.623477498,0.624058766
041000110802,2013,44.038399047,25.355833836,0.685057301
041000110802,2014,27.540436976,14.89852622,0.639128068
041000110802,2015,27.255877569,16.955426417,0.625973833
041000110802,2016,29.779246298,16.177327146,0.623404485
041000110802,2017,36.345657512,20.038650619,0.638188867
041000110802,2018,38.223904398,18.93327336,0.65367691
041000110802,2019,38.088271657,20.942057009,0.654871956
041000110803,2010,30.912676805,17.790079304,0.64626089
041000110803,2011,65.767377113,33.086058583,0.721442018
041000110803,2012,37.801913644,19.356359241,0.666023044
041000110803,2013,50.262956955,27.84373015,0.722987194
041000110803,2014,33.01938236,16.781881634,0.692252388
041000110803,2015,38.915245722,21.406370249,0.688065511
041000110803,2016,40.145577471,18.712516013,0.6782956
041000110803,2017,44.409691615,22.574096937,0.695045732
041000110803,2018,40.904871214,19.509710779,0.679177051
041000110803,2019,44.32504214,22.759357547,0.703461102
041000110804,2010,34.74754377,18.901546937,0.661703691
041000110804,2011,70.862351471,34.221737307,0.739230885
041000110804,2012,42.579777613,20.681004148,0.682998385
041000110804,2013,59.045768803,30.664169752,0.745251065
041000110804,2014,36.599694653,18.257392959,0.718880542
041000110804,2015,44.430308064,22.712720238,0.7065827
041000110804,2016,41.07023722,19.646284316,0.695225694
041000110804,2017,46.311829339,22.354638233,0.699018783
041000110804,2018,45.620971615,21.08460944,0.700786354
041000110804,2019,47.66463121,24.073252454,0.713581283
041000110805,2010,30.850781402,17.618653462,0.644551182
041000110805,2011,65.74788978,31.71076402,0.713476857
041000110805,2012,36.12951744,18.256383639,0.656780706
041000110805,2013,51.038977046,27.352901652,0.719579165
041000110805,2014,31.091008893,15.869610814,0.697962157
041000110805,2015,35.824209488,19.468906183,0.686970966
041000110805,2016,36.763889148,18.236958374,0.678854545
041000110805,2017,43.473818097,21.835185104,0.682142804
041000110805,2018,40.544236755,18.621246841,0.671055034
041000110805,2019,42.525177644,21.809695885,0.68865879
041000110806,2010,30.388964132,8.092467658,0.609501127
041000110806,2011,60.581869764,12.558332917,0.670320206
041000110806,2012,29.719471661,9.313111938,0.621989594
041000110806,2013,42.695997919,12.174239384,0.685657981
041000110806,2014,25.487760287,8.611704121,0.659856194
041000110806,2015,29.962717572,9.06027424,0.644439054
041000110806,2016,29.294470087,8.989103171,0.645843315
041000110806,2017,37.819528858,9.797909718,0.649627448
041000110806,2018,36.999311641,9.224312461,0.64542804
041000110806,2019,37.781841983,10.423714199,0.656437499
041000110901,2010,29.649430974,3.104511964,0.674899628
041000110901,2011,59.655433989,4.188262522,0.708368238
041000110901,2012,30.406393148,3.970153382,0.66484323
041000110901,2013,44.721344424,4.287402751,0.698133286
041000110901,2014,25.522952819,3.291581471,0.681186297
041000110901,2015,34.937124613,3.492810015,0.6759839
041000110901,2016,33.172375621,3.80860827,0.674539801
041000110901,2017,38.008528292,3.652911595,0.679549909
041000110901,2018,39.531860605,3.733534585,0.688974369
041000110901,2019,36.667740911,4.155377993,0.681534031
041000110902,2010,33.125532357,3.462147544,0.67805705
041000110902,2011,64.610765991,5.039847359,0.717985989
041000110902,2012,36.64360913,4.496796431,0.674576375
041000110902,2013,51.059316417,5.036061422,0.705342584
041000110902,2014,30.340590851,3.773894239,0.686704028
041000110902,2015,37.856798777,4.012406696,0.679888219
041000110902,2016,36.726160927,4.252900094,0.678453321
041000110902,2017,41.975053597,4.135275539,0.685722514
041000110902,2018,42.598353134,4.206370968,0.69140256
041000110902,2019,42.277079674,4.705229731,0.687299447
041000110903,2010,32.849520003,2.790975483,0.674965088
041000110903,2011,60.761468577,3.830601452,0.708579089
041000110903,2012,33.918159924,3.73650088,0.669546972
041000110903,2013,48.353142017,3.88427134,0.698369895
041000110903,2014,28.889259858,3.024185991,0.681435172
041000110903,2015,36.088828753,3.149671838,0.673532627
041000110903,2016,35.90825554,3.51450584,0.674008373
041000110903,2017,39.45571529,3.357902693,0.680751967
041000110903,2018,40.263480585,3.385566227,0.687918812
041000110903,2019,39.076011196,3.858884626,0.680803683
041000110904,2010,42.855096061,1.480259526,0.643974843
041000110904,2011,73.260360516,2.550878622,0.694141885
041000110904,2012,38.216574076,2.323689289,0.646678207
041000110904,2013,55.068138323,2.467782747,0.679842889
041000110904,2014,37.893908984,1.855791879,0.664079689
041000110904,2015,48.282939828,1.704634077,0.662376643
041000110904,2016,45.266069511,2.287204545,0.660152853
041000110904,2017,51.215288154,1.911975867,0.669395347
041000110904,2018,49.815568545,2.164509278,0.675968253
041000110904,2019,50.597616772,2.447053724,0.669833589
041000110905,2010,48.510352455,3.082351523,0.653422493
041000110905,2011,83.898491239,4.683494222,0.6993292
041000110905,2012,46.255961724,3.950485823,0.655363113
041000110905,2013,64.403163757,4.36934469,0.687207774
041000110905,2014,43.748815856,3.461245043,0.671866554
041000110905,2015,51.407671501,3.468165231,0.665706826
041000110905,2016,51.680410949,3.975750996,0.666130223
041000110905,2017,59.037048864,3.839377606,0.674703947
041000110905,2018,56.803643537,3.920235531,0.679127158
041000110905,2019,58.891482284,4.484447133,0.675072792
041000111001,2010,20.688093372,7.426598615,0.552021695
041000111001,2011,37.892572484,9.822687456,0.607030093
041000111001,2012,16.22108292,8.902613138,0.541471799
041000111001,2013,22.502200588,10.185072892,0.58954402
041000111001,2014,15.97698885,8.796860105,0.567470919
041000111001,2015,18.886400083,8.262580512,0.578520534
041000111001,2016,19.500261356,9.48886542,0.556315214
041000111001,2017,24.306142948,9.582883604,0.587965789
041000111001,2018,24.164476827,9.70018815,0.596188806
041000111001,2019,25.376010193,10.348677844,0.602165326
041000111002,2010,19.484671116,6.873899188,0.562033859
041000111002,2011,35.185837219,8.829049352,0.611058937
041000111002,2012,14.499088055,7.951807035,0.543614206
041000111002,2013,22.030895398,9.620118102,0.598982541
041000111002,2014,15.110343305,7.984009888,0.574151668
041000111002,2015,16.969736944,7.558082564,0.586158162
041000111002,2016,18.043679496,8.900024399,0.565392669
041000111002,2017,23.104467247,8.755367666,0.594014778
041000111002,2018,22.065541169,8.80414886,0.602783378
041000111002,2019,23.75812163,9.553422269,0.609396885
041000111003,2010,17.838015581,7.640774287,0.529402299
041000111003,2011,33.292589441,10.525108627,0.587270217
041000111003,2012,15.063389361,8.972987264,0.510894071
041000111003,2013,20.432877824,10.202908366,0.562892174
041000111003,2014,15.621097801,8.725216704,0.541052701
041000111003,2015,15.989724044,8.001527633,0.54994837
041000111003,2016,18.128906257,9.28660445,0.526880319
041000111003,2017,22.111723951,9.242267824,0.558943147
041000111003,2018,21.734701517,9.503832757,0.572555318
041000111003,2019,24.448274344,11.074126915,0.581647878
041000111004,2010,18.049468095,6.539138058,0.59405231
041000111004,2011,33.206816666,7.225162362,0.623655399
041000111004,2012,15.676265431,6.418126438,0.559962225
041000111004,2013,21.669029033,7.812957559,0.633244793
041000111004,2014,16.119926346,6.595805147,0.603473002
041000111004,2015,17.053716673,6.725222814,0.615575317
041000111004,2016,17.864126824,7.010331881,0.593174564
041000111004,2017,25.470704269,7.476748269,0.613282042
041000111004,2018,22.968232503,6.933759797,0.622168477
041000111004,2019,24.942048387,8.485229864,0.637586957
041000111101,2010,37.41321375,7.276035278,0.688328466
041000111101,2011,71.460043822,10.882335368,0.753397655
041000111101,2012,31.948860017,7.789860568,0.711940597
041000111101,2013,49.726888574,9.846968312,0.766999507
041000111101,2014,29.504581773,7.700699672,0.761737334
041000111101,2015,35.782700762,7.715529081,0.733771548
041000111101,2016,31.65809368,7.566854583,0.728089697
041000111101,2017,43.522834285,7.991087159,0.723922674
041000111101,2018,42.160540197,7.879418801,0.723977312
041000111101,2019,44.151846198,8.978661475,0.73658094
041000111102,2010,28.292324616,11.05649368,0.539433008
041000111102,2011,48.235941767,21.901656042,0.629400633
041000111102,2012,21.434865877,8.442017201,0.576348127
041000111102,2013,30.137389198,12.974769779,0.619653154
041000111102,2014,21.249711462,8.405448033,0.595783577
041000111102,2015,22.680925674,8.620364645,0.551644106
041000111102,2016,22.13435044,8.710978212,0.554501883
041000111102,2017,29.732432708,10.339166767,0.547144187
041000111102,2018,27.239331845,9.555209676,0.58966082
041000111102,2019,32.914277206,12.563854797,0.610599223
041000111103,2010,39.265748553,19.815272295,0.596812413
041000111103,2011,64.623230286,31.280446088,0.672312727
041000111103,2012,32.354725672,17.84479431,0.619144357
041000111103,2013,38.981883751,20.642955794,0.662933337
041000111103,2014,30.548716524,16.896679913,0.646648044
041000111103,2015,33.176549015,17.317839988,0.628533932
041000111103,2016,33.671333549,18.643902423,0.627928365
041000111103,2017,42.742700881,21.028857887,0.630436986
041000111103,2018,41.884975421,19.900498997,0.639029227
041000111103,2019,44.616184422,22.778179747,0.662479436
041000111104,2010,29.077370075,11.964942791,0.54243769
041000111104,2011,48.035792928,22.037352974,0.621783551
041000111104,2012,21.205220198,8.528626586,0.574355726
041000111104,2013,30.646186594,13.796900075,0.615257029
041000111104,2014,21.29401837,8.722950779,0.586329827
041000111104,2015,21.277180714,7.542727425,0.543359702
041000111104,2016,22.327609878,9.138214508,0.553272144
041000111104,2017,30.787371931,11.617529697,0.537483753
041000111104,2018,27.09437319,9.726743542,0.583289706
041000111104,2019,33.913679279,13.856423132,0.607697344
041000111105,2010,26.174615553,11.995520853,0.523840652
041000111105,2011,46.019749475,22.095695617,0.603443781
041000111105,2012,19.817519169,9.16189728,0.543322563
041000111105,2013,26.909894176,12.288489391,0.588045951
041000111105,2014,19.848706896,9.037176592,0.55289176
041000111105,2015,19.597852364,8.355532934,0.526055592
041000111105,2016,21.122761568,9.866060842,0.540245429
041000111105,2017,29.379921004,13.19848506,0.530475689
041000111105,2018,26.706827156,11.100159572,0.573293985
041000111105,2019,32.270234651,15.304144242,0.591774379
041000111201,2010,23.081198396,17.234620296,0.45833646
041000111201,2011,39.272286439,22.292607068,0.508656579
041000111201,2012,19.339427747,17.106068726,0.452087073
041000111201,2013,30.243179563,23.752004,0.491864142
041000111201,2014,21.305850298,17.806885882,0.491177505
041000111201,2015,18.708890124,14.930641682,0.466884777
041000111201,2016,21.495201918,15.771855795,0.444846294
041000111201,2017,25.515029134,17.545713155,0.452908797
041000111201,2018,23.698257171,16.574118182,0.462303719
041000111201,2019,28.747052654,20.914350983,0.464244027
041000111202,2010,26.233558704,16.10152689,0.455252578
041000111202,2011,47.616482135,19.946337192,0.504770677
041000111202,2012,22.562931592,16.047655893,0.445938812
041000111202,2013,37.331184563,22.132942359,0.488467561
041000111202,2014,25.022083702,16.742639035,0.487505201
041000111202,2015,21.575723796,14.122892473,0.460122812
041000111202,2016,24.551188787,14.686384757,0.44044608
041000111202,2017,29.503793236,16.309552265,0.44911746
041000111202,2018,28.092621499,15.696580435,0.460699113
041000111202,2019,34.229344011,19.408790444,0.461256577
041000111203,2010,32.525268253,16.556953222,0.406318828
041000111203,2011,55.069777169,20.176797991,0.46026569
041000111203,2012,28.644203694,16.635431237,0.399837351
041000111203,2013,45.325742029,22.653328307,0.445377995
041000111203,2014,29.876180543,16.942791744,0.440793054
041000111203,2015,28.332571183,14.757920964,0.419267221
041000111203,2016,30.087116579,15.517894037,0.403722165
041000111203,2017,37.752035389,17.174905505,0.412509743
041000111203,2018,35.678367989,16.746206241,0.428836225
041000111203,2019,42.630473216,20.257415118,0.429261311
041000111301,2010,10.428725716,4.511673893,0.448805824
041000111301,2011,26.30238481,7.053139884,0.517039216
041000111301,2012,11.053414609,5.43319938,0.454133393
041000111301,2013,15.738522919,6.062091036,0.511767134
041000111301,2014,11.337623557,4.833623766,0.480888861
041000111301,2015,12.320486907,5.075403903,0.489898927
041000111301,2016,12.938108482,5.132800701,0.460601379
041000111301,2017,15.63536926,5.723661478,0.464957378
041000111301,2018,13.553408697,5.326406541,0.498711289
041000111301,2019,17.495427405,6.927178377,0.517330074
041000111302,2010,26.9207055,8.478346622,0.396843228
041000111302,2011,45.715847429,11.592173985,0.450681104
041000111302,2012,27.574585352,8.99244744,0.405027073
041000111302,2013,35.621579354,10.394370657,0.444819399
041000111302,2014,26.585595388,8.613284843,0.426872742
041000111302,2015,27.199383329,8.301366257,0.413038416
041000111302,2016,28.813947308,8.610156773,0.404476554
041000111302,2017,34.695080394,9.083171873,0.412846589
041000111302,2018,32.706331905,9.140675118,0.432363819
041000111302,2019,37.363698693,10.366144487,0.444401441
041000111303,2010,20.58752055,7.378213751,0.364956328
041000111303,2011,40.213130526,11.602392358,0.410754377
041000111303,2012,19.925609811,8.146981633,0.353597755
041000111303,2013,31.451189019,10.604624464,0.407876605
041000111303,2014,19.911734703,7.786675791,0.398143451
041000111303,2015,19.974801972,6.777110107,0.373930113
041000111303,2016,21.683120191,7.516149261,0.369827344
041000111303,2017,28.735899182,8.949033642,0.360861399
041000111303,2018,24.644951164,8.190800188,0.386551018
041000111303,2019,28.811129095,9.938866987,0.392707515
041000111401,2010,13.89568591,4.893573437,0.342893634
041000111401,2011,31.292418433,8.581133258,0.377616766
041000111401,2012,16.419771363,5.487112331,0.335417921
041000111401,2013,22.056390253,6.715486859,0.379485123
041000111401,2014,14.980391495,5.141124966,0.357939151
041000111401,2015,17.457380129,5.365345129,0.35238284
041000111401,2016,18.744379122,5.390563578,0.349194476
041000111401,2017,22.682614888,6.036394105,0.348048382
041000111401,2018,19.514342013,5.405359989,0.368406673
041000111401,2019,24.744484203,9.280893493,0.38618351
041000111402,2010,18.054813634,7.684703251,0.360663697
041000111402,2011,40.637444922,13.799821595,0.390418909
041000111402,2012,20.532017327,8.238457766,0.34573092
041000111402,2013,26.742502318,9.436769089,0.39343069
041000111402,2014,20.1444275,8.563600892,0.37868286
041000111402,2015,22.863456979,9.41504838,0.379401784
041000111402,2016,23.962414669,8.981019247,0.367280147
041000111402,2017,29.358861097,10.432999379,0.364568353
041000111402,2018,25.491238103,9.833994769,0.388129461
041000111402,2019,33.844744566,14.601844107,0.4009433
041000111403,2010,17.336082994,5.783033901,0.348597509
041000111403,2011,38.416159669,9.944187393,0.391050728
041000111403,2012,18.385890581,5.461401197,0.338710998
041000111403,2013,29.905595212,9.336224295,0.393160621
041000111403,2014,17.909661287,5.621628795,0.362829829
041000111403,2015,18.757696832,5.045520665,0.35565973
041000111403,2016,20.602537261,5.272066254,0.356786815
041000111403,2017,26.803219475,6.696918306,0.344753442
041000111403,2018,20.496012364,4.957858158,0.368477124
041000111403,2019,26.228679096,7.797517868,0.384203601
041000111404,2010,18.370026537,6.003270542,0.356814721
041000111404,2011,44.85757089,10.513718106,0.402830048
041000111404,2012,20.202652212,6.363070781,0.347510387
041000111404,2013,32.346992442,10.139605889,0.402421733
041000111404,2014,19.933519574,6.514286183,0.372778921
041000111404,2015,21.009405411,5.37509111,0.362804452
041000111404,2016,22.497474772,5.79087818,0.360893408
041000111404,2017,28.611824963,6.758988429,0.356991899
041000111404,2018,22.920067685,6.33241335,0.380017643
041000111404,2019,30.080293277,9.1959683,0.394730776
041000111405,2010,22.771294036,18.870177661,0.459024932
041000111405,2011,41.771799672,28.481362203,0.514313626
041000111405,2012,26.296750928,21.283750543,0.442442003
041000111405,2013,29.53642601,24.455472302,0.496830659
041000111405,2014,25.000130353,20.747653668,0.491029628
041000111405,2015,25.238607717,19.097120979,0.463373177
041000111405,2016,25.448007037,20.180256972,0.450411452
041000111405,2017,33.840794277,24.185557989,0.476003566
041000111405,2018,28.316506071,22.671809324,0.47793974
041000111405,2019,30.722326051,25.17289408,0.492690232
041000120101,2010,17.907916018,3.023715734,0.580618466
041000120101,2011,39.285871604,3.918986206,0.624414579
041000120101,2012,20.686198505,3.251315071,0.605875233
041000120101,2013,31.466443172,4.476884136,0.649129297
041000120101,2014,18.669203749,3.461272896,0.622435925
041000120101,2015,14.880902286,3.140213731,0.584417144
041000120101,2016,18.575406547,2.860188219,0.576123204
041000120101,2017,29.525778489,3.811850924,0.638322286
041000120101,2018,29.809029958,3.576377797,0.634917007
041000120101,2019,22.040321674,3.317989222,0.598339667
041000120102,2010,14.543334621,2.394561237,0.533256644
041000120102,2011,33.484648702,3.185730061,0.591229737
041000120102,2012,18.657698082,2.612570287,0.592084481
041000120102,2013,25.157758655,3.400806366,0.616367779
041000120102,2014,14.231101327,2.477052684,0.594070031
041000120102,2015,12.756895834,2.354199369,0.539907985
041000120102,2016,12.987737953,1.910902119,0.52882084
041000120102,2017,20.935942178,2.691514395,0.602101336
041000120102,2018,24.395971782,2.637257554,0.608445129
041000120102,2019,19.435528941,2.53626592,0.565341155
041000120103,2010,21.996926724,4.69179222,0.63167302
041000120103,2011,47.847663875,8.402396344,0.661570363
041000120103,2012,23.557624523,5.973201842,0.620866664
041000120103,2013,33.129832595,6.560810312,0.671740901
041000120103,2014,21.397329557,5.468530181,0.648535641
041000120103,2015,19.127356657,4.231906016,0.633613196
041000120103,2016,21.936854775,5.525095068,0.599817634
041000120103,2017,30.813260925,6.39785204,0.656695697
041000120103,2018,37.085622337,7.864115025,0.658896487
041000120103,2019,28.654734759,6.498316455,0.645940292
041000120104,2010,18.552389424,4.315109113,0.590550455
041000120104,2011,41.444509826,5.866528906,0.63217162
041000120104,2012,22.121206166,4.649974151,0.606379658
041000120104,2013,30.524767094,5.754012412,0.647802155
041000120104,2014,18.115969736,4.257737589,0.619599516
041000120104,2015,16.828504562,4.117817084,0.590697193
041000120104,2016,18.810059289,3.876839065,0.572196348
041000120104,2017,28.032787767,4.925136929,0.633787204
041000120104,2018,31.596850387,5.267825368,0.637196255
041000120104,2019,24.385031437,4.825513253,0.607360946
041000120105,2010,20.998329457,6.295675957,0.611531212
041000120105,2011,43.110319676,10.247468254,0.650847661
041000120105,2012,24.925767506,7.8017072,0.625155347
041000120105,2013,30.263942123,8.717195074,0.663596214
041000120105,2014,21.504753212,7.052952581,0.637968563
041000120105,2015,20.604383588,6.310271102,0.62217008
041000120105,2016,21.334464536,6.693271043,0.593953436
041000120105,2017,25.521059077,7.484587167,0.631620116
041000120105,2018,33.152358597,9.103924244,0.643518669
041000120105,2019,26.908954651,8.000850047,0.630643731
041000120201,2010,16.337756022,4.225280039,0.554651372
041000120201,2011,35.942315505,6.484069232,0.619880001
041000120201,2012,20.809735998,5.028989023,0.5957465
041000120201,2013,24.323636615,6.09750452,0.629299052
041000120201,2014,14.760328657,4.160732667,0.589781514
041000120201,2015,15.129798196,4.079106916,0.557323288
041000120201,2016,16.830891518,4.238587598,0.557533899
041000120201,2017,18.695343554,4.748253307,0.580485041
041000120201,2018,26.358938303,5.550293835,0.60723554
041000120201,2019,19.807025039,4.709896293,0.587458034
041000120202,2010,12.741385411,2.884679347,0.543514665
041000120202,2011,31.734836458,5.127234537,0.608548066
041000120202,2012,15.632288807,3.703694503,0.583625413
041000120202,2013,23.74409258,4.967843579,0.62644413
041000120202,2014,13.134569474,3.155398708,0.584095805
041000120202,2015,15.978792954,3.199194868,0.554161278
041000120202,2016,14.343560061,3.062282788,0.542797292
041000120202,2017,13.585371766,3.078522086,0.57183989
041000120202,2018,22.089596644,4.047848674,0.596792088
041000120202,2019,16.203762978,3.483057414,0.575220066
041000120203,2010,23.240501581,11.134386457,0.622395553
041000120203,2011,43.051601303,17.947368749,0.665205197
041000120203,2012,26.583464828,13.840780671,0.62997333
041000120203,2013,35.210773851,14.66765683,0.682548402
041000120203,2014,22.975581905,12.029282701,0.665663853
041000120203,2015,26.76316436,11.787297656,0.642354297
041000120203,2016,21.992134292,11.650411085,0.611112144
041000120203,2017,25.361636454,14.211461192,0.634811167
041000120203,2018,33.305751848,16.436753489,0.643223932
041000120203,2019,29.131193045,14.247614389,0.638297081
041000120204,2010,19.406388419,6.522147354,0.630160232
041000120204,2011,42.005611967,10.624632469,0.674852647
041000120204,2012,22.863575529,8.80942384,0.624291357
041000120204,2013,34.220873645,9.278631678,0.694767395
041000120204,2014,21.46347172,7.73865821,0.673056969
041000120204,2015,26.759602526,7.756561092,0.652951118
041000120204,2016,19.382496,7.217789876,0.612505694
041000120204,2017,26.578003049,8.709344721,0.644802125
041000120204,2018,29.294260584,9.43494716,0.634851113
041000120204,2019,24.732782519,8.82375926,0.638737042
041000120301,2010,14.298630234,2.773755829,0.534329199
041000120301,2011,30.385764121,5.843421506,0.56614439
041000120301,2012,15.062448944,3.270788438,0.539447625
041000120301,2013,22.636187495,3.873726249,0.57056291
041000120301,2014,14.108342602,3.540535087,0.560444735
041000120301,2015,20.542989749,3.605655917,0.54305264
041000120301,2016,13.690792724,3.252513357,0.515164105
041000120301,2017,23.117786921,3.784281507,0.549329904
041000120301,2018,20.372923153,4.393039182,0.540475812
041000120301,2019,17.601257436,3.158114749,0.549647003
041000120302,2010,18.897259576,0.504228181,0.474957193
041000120302,2011,37.976002327,1.63177996,0.531936811
041000120302,2012,19.931482897,0.564883418,0.478958055
041000120302,2013,28.288351816,0.682301456,0.507049036
041000120302,2014,17.831393057,0.524977209,0.52391666
041000120302,2015,26.038431351,0.718336057,0.511754659
041000120302,2016,15.943729248,0.467054279,0.460880046
041000120302,2017,24.207160535,0.61602036,0.478899438
041000120302,2018,26.054097855,0.632121693,0.495299754
041000120302,2019,23.934943142,0.570536928,0.478919808
041000120303,2010,17.001863673,6.955163643,0.562682381
041000120303,2011,38.656828494,11.941782731,0.600664938
041000120303,2012,19.491451745,8.910104468,0.570380693
041000120303,2013,27.319583652,10.88040057,0.601962161
041000120303,2014,17.095242346,7.850464552,0.591632691
041000120303,2015,22.643614921,8.073700778,0.568684214
041000120303,2016,17.540920141,7.504208628,0.54220668
041000120303,2017,25.165908029,9.382183099,0.580165458
041000120303,2018,25.290669554,9.850308693,0.584101827
041000120303,2019,22.206708801,9.14864562,0.587110829
041000120304,2010,16.559031353,6.738421789,0.598987346
041000120304,2011,38.34719663,11.286059346,0.666763488
041000120304,2012,17.818599342,7.120370161,0.618159985
041000120304,2013,27.735619626,10.095915609,0.660756751
041000120304,2014,16.479132036,7.061881979,0.637519488
041000120304,2015,23.504069784,7.376833677,0.615523304
041000120304,2016,13.239216655,5.476215089,0.571253627
041000120304,2017,20.444958258,7.336066432,0.614084213
041000120304,2018,21.892997191,7.063961077,0.621238748
041000120304,2019,20.389290849,7.588801059,0.622836596
041000120401,2010,31.800038222,12.410912071,0.666033528
041000120401,2011,59.912010508,16.204965221,0.702181905
041000120401,2012,35.193272074,12.553840108,0.661964095
041000120401,2013,46.209198316,16.48940482,0.716975027
041000120401,2014,29.671985685,11.600220695,0.688193478
041000120401,2015,32.901106949,11.972362565,0.682157832
041000120401,2016,33.476485359,11.309874156,0.668105295
041000120401,2017,40.592320559,13.135387362,0.688608788
041000120401,2018,45.384059397,13.913834796,0.702556539
041000120401,2019,42.154316084,14.690214986,0.691902836
041000120402,2010,25.20050501,5.747077817,0.581369618
041000120402,2011,50.706217935,6.984826177,0.640503169
041000120402,2012,27.21996926,6.062025867,0.581311892
041000120402,2013,40.113755965,7.431608999,0.649513059
041000120402,2014,21.542738004,6.056291191,0.613859651
041000120402,2015,22.847356525,5.746063896,0.59051213
041000120402,2016,22.077039692,5.122470142,0.577313824
041000120402,2017,34.189175789,5.908840585,0.614955066
041000120402,2018,39.881216059,7.031224852,0.642430013
041000120402,2019,31.28511276,6.621799433,0.606493188
041000120403,2010,28.764864645,4.91132968,0.662545842
041000120403,2011,59.632912227,6.594282496,0.692688286
041000120403,2012,30.117762148,5.351131071,0.634195905
041000120403,2013,39.934601513,6.084354451,0.689327294
041000120403,2014,26.811707985,5.257992524,0.668536324
041000120403,2015,29.744576478,5.064652919,0.657318682
041000120403,2016,29.931985294,4.631158389,0.640957624
041000120403,2017,37.425385313,5.208104161,0.679562204
041000120403,2018,42.415861464,5.953777965,0.685175521
041000120403,2019,38.885313607,6.015610892,0.677409476
041000120404,2010,18.666955294,5.716318916,0.560094489
041000120404,2011,43.096248298,7.85705493,0.609160608
041000120404,2012,20.994459732,6.711095339,0.548077072
041000120404,2013,29.175248715,7.340688242,0.612941796
041000120404,2014,18.015074536,6.374570463,0.563548052
041000120404,2015,20.313132021,5.93243418,0.566533772
041000120404,2016,22.319666358,6.542625539,0.564765116
041000120404,2017,25.741381872,6.77301515,0.582174065
041000120404,2018,31.276992622,7.444297046,0.603590375
041000120404,2019,26.276279789,7.29020969,0.60097532
041000120405,2010,24.867849123,6.591107768,0.620910745
041000120405,2011,59.285085662,10.582271652,0.668074332
041000120405,2012,29.203514701,8.151890998,0.602563397
041000120405,2013,40.746330951,9.927722466,0.669087324
041000120405,2014,27.471820401,8.510134133,0.641554889
041000120405,2015,28.860668672,8.019479875,0.628876354
041000120405,2016,28.266570461,7.229015523,0.614711235
041000120405,2017,35.459210954,7.810858824,0.634100853
041000120405,2018,40.224329335,8.457160153,0.648666073
041000120405,2019,40.179201506,9.857312377,0.65439219
041000120501,2010,14.607206111,8.563648605,0.576930676
041000120501,2011,39.110426034,22.462463845,0.63652908
041000120501,2012,16.685747351,9.469799224,0.562442745
041000120501,2013,28.715404747,17.203400324,0.63167474
041000120501,2014,12.633969429,8.317362061,0.59995819
041000120501,2015,16.630731876,9.968656524,0.592860382
041000120501,2016,12.978830154,8.998564,0.571104347
041000120501,2017,16.938519671,10.299631419,0.577451402
041000120501,2018,20.62712484,10.747479362,0.592803484
041000120501,2019,20.315703894,13.21622009,0.60225648
041000120502,2010,17.032544441,7.385020838,0.624967018
041000120502,2011,49.149708388,23.243171743,0.690309421
041000120502,2012,21.768130507,9.05879246,0.613222018
041000120502,2013,35.270630092,16.930546525,0.678866803
041000120502,2014,19.668742585,8.716879665,0.663959456
041000120502,2015,20.038030838,9.043030575,0.63152184
041000120502,2016,18.925305542,7.766865334,0.608081085
041000120502,2017,22.63843303,9.136704647,0.627760491
041000120502,2018,27.831368868,10.985916844,0.643876452
041000120502,2019,27.448013436,13.338147813,0.653328214
041000120503,2010,19.237009208,12.828196948,0.630935233
041000120503,2011,53.629625946,35.886424082,0.692014178
041000120503,2012,24.008108048,15.360157568,0.613924658
041000120503,2013,40.313724641,27.173664664,0.686210929
041000120503,2014,24.162159489,15.421899915,0.683139714
041000120503,2015,21.828297633,14.158088918,0.623645356
041000120503,2016,21.554454686,13.049706887,0.605553313
041000120503,2017,24.371361947,14.560677957,0.623301268
041000120503,2018,31.371662442,19.034912691,0.643163428
041000120503,2019,31.679641148,20.930686785,0.656785897
041000120504,2010,15.969142283,7.243495403,0.64138348
041000120504,2011,50.877593828,20.735304009,0.712813294
041000120504,2012,22.115817435,7.043736898,0.643354377
041000120504,2013,33.623683567,15.208447282,0.703281574
041000120504,2014,21.198004002,7.493715609,0.684805677
041000120504,2015,20.96855387,8.839773271,0.634498618
041000120504,2016,19.387245866,5.572291254,0.61163284
041000120504,2017,24.951189588,8.081319078,0.651898814
041000120504,2018,29.903102809,9.491404975,0.676254121
041000120504,2019,29.56316642,11.778231317,0.680573512
041000120505,2010,16.304670917,7.37831801,0.610568071
041000120505,2011,48.744764067,20.978698389,0.688935066
041000120505,2012,21.575350545,7.350663822,0.618521902
041000120505,2013,33.190797038,15.412634409,0.682300368
041000120505,2014,19.954986046,6.925748754,0.652981058
041000120505,2015,21.630065193,9.764803575,0.600160793
041000120505,2016,18.715099817,5.447702994,0.569245412
041000120505,2017,23.479997727,7.264496005,0.606287129
041000120505,2018,26.486921546,7.313957864,0.636602601
041000120505,2019,28.570859203,11.646293078,0.641508936
041000120506,2010,18.922130136,9.641404309,0.650700076
041000120506,2011,55.33597589,24.594582487,0.719694398
041000120506,2012,26.17910504,10.170394024,0.649542667
041000120506,2013,36.850946283,17.817189575,0.71036502
041000120506,2014,23.129430123,9.484015358,0.689829361
041000120506,2015,26.02307826,12.755175297,0.640388706
041000120506,2016,21.810349753,7.820852704,0.616505862
041000120506,2017,28.985114785,11.181890535,0.657024544
041000120506,2018,33.147349646,11.989269643,0.672475971
041000120506,2019,33.432729565,15.022402527,0.682688921
041000120601,2010,22.651250732,8.965245846,0.644690114
041000120601,2011,51.54362991,21.23612743,0.680203957
041000120601,2012,26.575403971,10.176284172,0.622468725
041000120601,2013,33.272660067,13.546156336,0.681411226
041000120601,2014,23.29590024,8.988875783,0.660215612
041000120601,2015,21.789222524,8.436919928,0.646340739
041000120601,2016,24.241933188,9.135380915,0.623412563
041000120601,2017,29.540503758,10.374272053,0.652536574
041000120601,2018,36.144571624,13.065628427,0.663002379
041000120601,2019,34.488351476,14.798915956,0.66722426
041000120602,2010,22.554922277,8.839501137,0.643034453
041000120602,2011,45.847096368,20.85298863,0.692785719
041000120602,2012,27.459435117,10.454138753,0.624519049
041000120602,2013,31.069018553,13.574898767,0.694551676
041000120602,2014,19.610005073,8.928977373,0.682304388
041000120602,2015,21.021257338,8.801813357,0.654620572
041000120602,2016,18.527022918,8.397160625,0.629800576
041000120602,2017,22.602721153,8.904642014,0.644424683
041000120602,2018,30.786632592,12.236047392,0.659830426
041000120602,2019,30.089944692,14.74172919,0.654622323
041000120603,2010,27.39222844,13.726812614,0.647683091
041000120603,2011,51.293055861,26.303364419,0.699054065
041000120603,2012,32.446210554,15.41389389,0.636715263
041000120603,2013,37.636269414,20.154216776,0.702370723
041000120603,2014,23.966814206,13.265096656,0.689056583
041000120603,2015,28.105869715,15.757666185,0.663409804
041000120603,2016,22.518525878,12.377518129,0.633574639
041000120603,2017,27.900577248,14.193920279,0.651849704
041000120603,2018,35.813363729,17.242229392,0.664954544
041000120603,2019,35.134958435,19.741255625,0.665760131
041000120604,2010,18.891467414,7.762056843,0.62015106
041000120604,2011,49.711642568,22.862237263,0.690645345
041000120604,2012,25.539118673,9.847511132,0.622792975
041000120604,2013,33.433941377,15.627759505,0.682420825
041000120604,2014,22.012369363,9.173250958,0.670044631
041000120604,2015,21.864696875,10.301652492,0.634110266
041000120604,2016,20.44834062,8.08163213,0.606268863
041000120604,2017,25.775427929,10.464246833,0.636076182
041000120604,2018,31.03553321,11.671196476,0.651456315
041000120604,2019,32.323026849,15.558870559,0.663661204
041000120605,2010,21.876913942,15.535970561,0.593709157
041000120605,2011,50.629319283,29.03766612,0.64938612
041000120605,2012,27.322947973,16.483223549,0.590269247
041000120605,2013,34.305064323,22.166269397,0.645771474
041000120605,2014,23.680160332,15.034412662,0.607372993
041000120605,2015,29.221755913,18.626349221,0.590498348
041000120605,2016,23.162600411,13.624934128,0.545761353
041000120605,2017,28.135881143,16.75839947,0.601357796
041000120605,2018,35.630190842,17.87724668,0.608037069
041000120605,2019,31.999658082,20.344891299,0.622017069
041000120606,2010,14.575703327,10.946877503,0.481718493
041000120606,2011,36.827815951,25.693282867,0.569911062
041000120606,2012,17.583566089,12.649615241,0.496619043
041000120606,2013,27.893503489,21.098313959,0.546647057
041000120606,2014,14.387262383,11.168087029,0.507809373
041000120606,2015,20.160558443,14.545051034,0.486160592
041000120606,2016,13.656412578,10.142714617,0.458113315
041000120606,2017,17.598959585,12.852480945,0.489786865
041000120606,2018,19.799864097,12.734007093,0.504490708
041000120606,2019,21.273531061,16.23895703,0.509387498
041100010101,2010,32.059879864,3.622001138,0.695437725
041100010101,2011,70.79541839,6.901141087,0.73424454
041100010101,2012,47.573643368,4.598722764,0.692228203
041100010101,2013,68.615882939,6.570036662,0.762716891
041100010101,2014,37.192684327,4.891140525,0.739312936
041100010101,2015,51.948895413,5.597464329,0.753185012
041100010101,2016,37.319838419,4.326693286,0.707901419
041100010101,2017,49.807705551,5.294159913,0.732851705
041100010101,2018,56.376691264,5.364274181,0.721587432
041100010101,2019,43.81482026,5.212103917,0.717524024
041100010102,2010,23.984126734,3.478881544,0.68201154
041100010102,2011,63.970816179,6.84643717,0.71734691
041100010102,2012,39.016544136,4.485389078,0.673846394
041100010102,2013,64.870784443,6.744135156,0.758604967
041100010102,2014,30.451366794,4.798462041,0.730197083
041100010102,2015,41.028266372,5.622261738,0.74686224
041100010102,2016,30.638168036,4.221724174,0.69164248
041100010102,2017,44.760424814,5.252491314,0.722584229
041100010102,2018,51.413374128,5.352896064,0.712618088
041100010102,2019,39.034895425,5.185624282,0.709283814
041100010103,2010,32.710739426,2.738415824,0.68967085
041100010103,2011,65.241856019,5.108316374,0.716540062
041100010103,2012,43.47174694,3.461828163,0.678713582
041100010103,2013,72.357985809,5.121156532,0.762625534
041100010103,2014,35.194944294,3.687423893,0.730388027
041100010103,2015,46.886621129,4.138812635,0.743689814
041100010103,2016,35.285184975,3.267325848,0.697886661
041100010103,2017,49.471342094,3.925798712,0.719346854
041100010103,2018,55.497798706,4.103529793,0.715881437
041100010103,2019,44.984881886,3.943494391,0.713967625
041100010104,2010,22.174056167,6.574858444,0.654290536
041100010104,2011,57.752126459,24.04763345,0.701398758
041100010104,2012,35.041389994,15.853580415,0.657619689
041100010104,2013,50.198906833,15.187601279,0.727486361
041100010104,2014,27.6444066,10.412827098,0.686974548
041100010104,2015,37.022591492,11.139628156,0.714482541
041100010104,2016,27.208193189,11.931801977,0.639362939
041100010104,2017,35.313617126,11.925677886,0.691451259
041100010104,2018,45.028641496,18.473936115,0.693578779
041100010104,2019,33.540940479,11.705110822,0.68930157
041100010105,2010,30.554048951,4.088043992,0.684051637
041100010105,2011,67.457781663,9.557291794,0.721257947
041100010105,2012,44.225225955,6.551104581,0.680975415
041100010105,2013,67.249778137,7.877036055,0.754068409
041100010105,2014,35.677142034,5.578527976,0.719886865
041100010105,2015,50.104963873,6.383032145,0.742818586
041100010105,2016,35.433536717,5.503371662,0.682940415
041100010105,2017,47.415085237,6.086673216,0.715870619
041100010105,2018,56.292880272,7.637126893,0.715077251
041100010105,2019,42.448598217,5.985354278,0.709089139
041100010106,2010,29.152937562,4.920501863,0.678603424
041100010106,2011,68.826049256,12.554272537,0.726008135
041100010106,2012,45.548731091,8.67766053,0.686964957
041100010106,2013,57.09837912,9.402135183,0.741217306
041100010106,2014,33.567567498,6.584499555,0.705803112
041100010106,2015,50.282607268,7.726206554,0.740369265
041100010106,2016,33.722678028,6.882463878,0.667803574
041100010106,2017,40.865605601,7.227607471,0.706306399
041100010106,2018,54.144516565,9.853454334,0.709062611
041100010106,2019,38.178389053,7.046234142,0.696002503
041100010107,2010,22.348076359,2.824652038,0.681616881
041100010107,2011,67.055937973,6.52825182,0.740276979
041100010107,2012,37.935786229,4.311163087,0.679482809
041100010107,2013,50.822239444,5.206316363,0.76817671
041100010107,2014,26.37107409,3.301296531,0.724623146
041100010107,2015,44.171374232,4.082012142,0.754489833
041100010107,2016,26.961302312,3.354090329,0.687631357
041100010107,2017,34.671890057,3.902865344,0.706214464
041100010107,2018,44.092270614,4.91427822,0.702607683
041100010107,2019,34.703352506,3.934665891,0.692744407
041100010108,2010,29.655969467,2.455758377,0.639757201
041100010108,2011,70.030715729,6.188667906,0.703643938
041100010108,2012,43.90396684,4.155796941,0.649102775
041100010108,2013,54.579629428,4.255293425,0.708051637
041100010108,2014,32.413470023,3.006554441,0.669471898
041100010108,2015,49.943051303,3.658607602,0.683315271
041100010108,2016,32.81277488,3.036597629,0.638049987
041100010108,2017,38.419681313,3.092371489,0.660558751
041100010108,2018,49.698379972,4.900136878,0.67105238
041100010108,2019,38.565841759,3.441463571,0.654579128
041100010201,2010,21.703535258,2.134995132,0.669367319
041100010201,2011,61.796991458,8.065138638,0.722609096
041100010201,2012,38.776110249,5.450417613,0.685422104
041100010201,2013,53.26943001,5.287833442,0.742302073
041100010201,2014,26.706867651,3.14504184,0.704815696
041100010201,2015,39.79480537,3.230094729,0.727991333
041100010201,2016,30.247752868,4.146934656,0.678377682
041100010201,2017,38.586599794,4.366797686,0.706465163
041100010201,2018,46.94653626,6.534172081,0.699681058
041100010201,2019,32.035414463,3.866915932,0.685151239
041100010202,2010,37.844811917,2.124746632,0.643701458
041100010202,2011,80.675600223,5.69769347,0.707864839
041100010202,2012,54.654483433,3.826851338,0.666509196
041100010202,2013,69.350778639,4.157468068,0.7136312
041100010202,2014,42.143214655,2.762209439,0.679548358
041100010202,2015,60.206499859,3.241761165,0.691843565
041100010202,2016,41.830778804,2.844854675,0.648997076
041100010202,2017,50.530590582,3.045719056,0.6688425
041100010202,2018,60.758047273,4.459180954,0.681300093
041100010202,2019,46.806754042,3.14895502,0.662220319
041100010203,2010,42.554469993,5.813236039,0.616625291
041100010203,2011,81.702091131,14.587278611,0.685532494
041100010203,2012,52.060782663,9.415768246,0.631069165
041100010203,2013,65.382845766,9.795857253,0.677950935
041100010203,2014,44.513104566,7.242088857,0.654303061
041100010203,2015,59.690373674,8.033795381,0.65914256
041100010203,2016,43.010138659,6.19489734,0.61728174
041100010203,2017,47.890779993,7.198582367,0.628064473
041100010203,2018,58.814534199,10.305414315,0.654542746
041100010203,2019,48.0176429,7.953791602,0.629146238
041100010204,2010,34.622617271,9.554149233,0.584978001
041100010204,2011,63.457875869,14.815079783,0.629337628
041100010204,2012,36.766182449,11.331563444,0.585856152
041100010204,2013,51.305384032,13.393341267,0.62527887
041100010204,2014,33.859696508,10.642285696,0.612411615
041100010204,2015,36.760599538,10.154164156,0.604592444
041100010204,2016,31.397199278,9.35694507,0.577608091
041100010204,2017,38.14906278,11.349512083,0.591544036
041100010204,2018,43.689523541,11.986352448,0.604680077
041100010204,2019,36.380319979,11.557480787,0.590001408
041100010301,2010,9.196970587,0.255070335,0.473455594
041100010301,2011,24.422699623,0.340341201,0.515420546
041100010301,2012,12.278993167,0.276355569,0.49929405
041100010301,2013,19.376611753,0.437804171,0.557184277
041100010301,2014,10.616252939,0.314379316,0.536024769
041100010301,2015,9.151582066,0.309540241,0.482656618
041100010301,2016,8.174096701,0.246841326,0.467165105
041100010301,2017,15.041655325,0.288223548,0.514089912
041100010301,2018,20.743346274,0.335202451,0.546754124
041100010301,2019,17.547015056,0.338234733,0.512382483
041100010302,2010,21.680599434,1.323120844,0.567998202
041100010302,2011,44.168800292,1.924646426,0.605919241
041100010302,2012,29.428665006,1.666924292,0.576061125
041100010302,2013,34.229652262,2.138640083,0.634755694
041100010302,2014,20.819404046,1.594709719,0.608585687
041100010302,2015,17.419119466,1.398232337,0.57510164
041100010302,2016,18.902506646,1.39259579,0.543497318
041100010302,2017,30.044042263,1.611042737,0.592848881
041100010302,2018,37.558135846,1.891756715,0.617521843
041100010302,2019,30.77025403,1.851995494,0.594379547
041100010303,2010,16.582126517,0.357000802,0.474993615
041100010303,2011,35.023978192,0.600282407,0.522443559
041100010303,2012,20.484630217,0.495645782,0.498006146
041100010303,2013,28.910221532,0.611265751,0.546090812
041100010303,2014,15.641163423,0.480345362,0.50441058
041100010303,2015,16.186066148,0.358344254,0.477774327
041100010303,2016,13.342558309,0.330525195,0.459564223
041100010303,2017,21.631252888,0.393402047,0.504705947
041100010303,2018,27.093176919,0.563513811,0.53448998
041100010303,2019,25.443701207,0.578827967,0.505531776
041100010401,2010,14.803748651,0.472067224,0.469621663
041100010401,2011,37.142976036,0.84738755,0.525770651
041100010401,2012,23.251342246,0.684894832,0.519915395
041100010401,2013,27.735255459,0.883587425,0.559634477
041100010401,2014,15.442867633,0.603806398,0.520185326
041100010401,2015,16.376680661,0.534529624,0.485050698
041100010401,2016,13.963897258,0.493514332,0.471501888
041100010401,2017,18.991011748,0.56196232,0.504462426
041100010401,2018,25.564664353,0.721620456,0.540518801
041100010401,2019,23.505238836,0.719860442,0.515830159
041100010402,2010,12.591393808,0.543544922,0.51152134
041100010402,2011,38.199063165,1.185663803,0.56418936
041100010402,2012,23.728561803,0.943030013,0.556280874
041100010402,2013,30.862317398,1.149861123,0.613621216
041100010402,2014,15.006147057,0.749611553,0.553501372
041100010402,2015,17.818221402,0.725615632,0.540863555
041100010402,2016,14.211323649,0.660904031,0.514195329
041100010402,2017,18.152144986,0.72454074,0.546169
041100010402,2018,27.437082736,1.029765722,0.571882063
041100010402,2019,20.470341283,0.852280009,0.542087361
041100010403,2010,8.405767055,0.796983557,0.553074232
041100010403,2011,36.258315817,1.55407566,0.614852224
041100010403,2012,18.305506005,1.12815164,0.563989489
041100010403,2013,23.781999499,1.363339904,0.635901165
041100010403,2014,10.128103645,0.975050855,0.562024964
041100010403,2015,16.502726103,1.12105777,0.580102853
041100010403,2016,11.075584986,0.903442013,0.549316687
041100010403,2017,12.156276256,0.929901519,0.569909746
041100010403,2018,23.545276575,1.22943195,0.592883781
041100010403,2019,13.970798261,0.99472443,0.55414556
041100010404,2010,15.736250037,0.738591071,0.573181559
041100010404,2011,46.968128001,1.268418311,0.627629559
041100010404,2012,26.942582176,1.032397074,0.587905207
041100010404,2013,33.311342471,1.17408882,0.655094356
041100010404,2014,17.671523726,0.885361416,0.587232315
041100010404,2015,24.321647444,0.948671555,0.599738326
041100010404,2016,17.936643949,0.814654017,0.571472667
041100010404,2017,20.024029862,0.820718306,0.584994574
041100010404,2018,31.040959317,1.049132889,0.598677717
041100010404,2019,21.587717097,0.890693796,0.574481586
041100010501,2010,21.643754863,1.390925548,0.611123586
041100010501,2011,52.081180323,2.661143636,0.654615847
041100010501,2012,35.66634982,2.347442254,0.662993365
041100010501,2013,35.595580649,2.42142238,0.681787563
041100010501,2014,22.045263074,1.848868692,0.655913695
041100010501,2015,20.685669856,1.251314168,0.619932928
041100010501,2016,21.191258177,1.780839288,0.582444495
041100010501,2017,26.119388279,1.847252134,0.628859321
041100010501,2018,38.722519099,2.371186833,0.658320593
041100010501,2019,33.087714273,2.577050071,0.632651525
041100010502,2010,22.802906697,0.483612286,0.608184133
041100010502,2011,54.704823942,0.663343005,0.656603954
041100010502,2012,35.898155601,0.644013413,0.643290794
041100010502,2013,38.020813167,0.746784505,0.675340926
041100010502,2014,21.616480965,0.562369224,0.631486259
041100010502,2015,21.975260818,0.466909087,0.612853791
041100010502,2016,21.918571767,0.472023928,0.578628313
041100010502,2017,27.28439451,0.491751164,0.628233346
041100010502,2018,39.505813241,0.631961575,0.648515205
041100010502,2019,31.482885503,0.58863868,0.617930906
041100010503,2010,13.29471916,0.334711226,0.438803428
041100010503,2011,39.825659531,0.82134839,0.513325766
041100010503,2012,23.292560714,0.695775129,0.499961595
041100010503,2013,25.143676909,0.721622474,0.519826695
041100010503,2014,13.975345362,0.509419774,0.480272298
041100010503,2015,13.917263398,0.365606499,0.453541131
041100010503,2016,13.878087791,0.501967156,0.442297478
041100010503,2017,14.103230063,0.322582369,0.475250207
041100010503,2018,26.632521874,0.767450025,0.524388328
041100010503,2019,20.334816799,0.575919847,0.460288615
041100010504,2010,16.066558549,0.487624406,0.496897642
041100010504,2011,44.426025745,1.083938347,0.558210014
041100010504,2012,25.607462086,0.958805618,0.529065315
041100010504,2013,34.255802323,0.995876416,0.578273747
041100010504,2014,17.345610862,0.782289238,0.513030648
041100010504,2015,20.402414954,0.617958396,0.521923259
041100010504,2016,16.524080606,0.658863457,0.495744398
041100010504,2017,17.59468803,0.538009859,0.504544608
041100010504,2018,30.045635901,0.908029993,0.557361749
041100010504,2019,21.573071519,0.940972632,0.502294888
041100010505,2010,12.275724387,0.483559567,0.51965045
041100010505,2011,37.484423532,1.072322256,0.57111082
041100010505,2012,20.529019216,0.935615968,0.533957267
041100010505,2013,27.224745548,0.924035684,0.587826525
041100010505,2014,12.337079051,0.78479183,0.524945
041100010505,2015,18.583859902,0.629026482,0.536999459
041100010505,2016,12.31963283,0.627127391,0.506677101
041100010505,2017,12.791740898,0.524807068,0.516317893
041100010505,2018,24.313781462,0.826465218,0.563107137
041100010505,2019,16.388439679,0.939760119,0.517355257
041100010506,2010,16.85097908,0.553127121,0.547211188
041100010506,2011,46.343173392,0.820975891,0.615571189
041100010506,2012,28.027746328,0.7572898,0.594304938
041100010506,2013,32.135551562,0.909293032,0.628123719
041100010506,2014,19.657468723,0.699164972,0.5946122
041100010506,2015,23.357258441,0.642609302,0.584624223
041100010506,2016,18.691414959,0.601472271,0.544772954
041100010506,2017,20.177720461,0.552728139,0.558918379
041100010506,2018,29.246804618,0.684393938,0.594529271
041100010506,2019,22.878302559,0.703937662,0.570566096
041100010601,2010,41.989296379,14.30936639,0.636934708
041100010601,2011,80.792567256,19.00884979,0.697679435
041100010601,2012,47.780305086,14.472298002,0.643033683
041100010601,2013,62.181549937,18.074265572,0.694065738
041100010601,2014,42.384026703,14.390023687,0.672841334
041100010601,2015,45.886271699,14.19570319,0.659460676
041100010601,2016,40.107874651,13.757215778,0.629796934
041100010601,2017,46.60405141,14.535117399,0.644591759
041100010601,2018,53.564872035,14.902908977,0.659419643
041100010601,2019,44.278474449,14.269693313,0.651033366
041100010602,2010,45.082793443,7.270177026,0.631105633
041100010602,2011,81.367199758,10.634761945,0.683805719
041100010602,2012,49.314930261,7.545632453,0.628709415
041100010602,2013,61.693017241,9.861294236,0.684430568
041100010602,2014,44.0050237,7.442543099,0.65844744
041100010602,2015,48.374065779,7.781066983,0.641212317
041100010602,2016,40.593240713,6.905736579,0.62106828
041100010602,2017,49.18061201,7.466313773,0.632327355
041100010602,2018,57.501721526,8.011541562,0.646483984
041100010602,2019,46.429964874,7.598105787,0.637464333
041100010603,2010,22.36133753,12.922366246,0.538749226
041100010603,2011,43.419659604,19.73969092,0.586136667
041100010603,2012,24.388058898,13.671643695,0.535979024
041100010603,2013,35.997925275,18.321836,0.572566685
041100010603,2014,21.588329665,12.906611579,0.565224681
041100010603,2015,22.239705947,12.418331419,0.549575423
041100010603,2016,21.564831643,12.162457487,0.52991265
041100010603,2017,27.948796511,15.986588988,0.543896248
041100010603,2018,29.742379806,14.84467926,0.551780225
041100010603,2019,23.420295084,13.381563197,0.54374905
041100010701,2010,11.994810114,0.738984775,0.405180744
041100010701,2011,32.056469116,1.019701383,0.453240081
041100010701,2012,14.808827941,0.895771752,0.394000773
041100010701,2013,20.768326457,1.104898411,0.464147094
041100010701,2014,13.529710943,0.827347388,0.432351528
041100010701,2015,16.502358198,0.732201729,0.428886453
041100010701,2016,14.173529241,0.722161557,0.374038375
041100010701,2017,16.164942813,0.653656312,0.386448502
041100010701,2018,18.997296856,0.66609123,0.407212662
041100010701,2019,16.499927183,0.96251897,0.395471416
041100010702,2010,20.775331841,0.925586913,0.431538125
041100010702,2011,43.459085846,1.30948122,0.477886976
041100010702,2012,21.744061906,1.046027798,0.423346225
041100010702,2013,29.431281523,1.164898427,0.469331876
041100010702,2014,20.327281135,1.073200615,0.461581228
041100010702,2015,22.819105613,0.951405878,0.443190579
041100010702,2016,19.959988562,0.892881628,0.412920269
041100010702,2017,25.164563215,0.95183212,0.421070491
041100010702,2018,27.546536889,1.018699645,0.437083888
041100010702,2019,23.684139494,1.085177587,0.431124906
041100010703,2010,17.777268631,6.06443653,0.560020857
041100010703,2011,39.408837176,11.692478067,0.599410765
041100010703,2012,19.337445653,7.399621096,0.547646512
041100010703,2013,24.758805004,8.562187151,0.599267168
041100010703,2014,18.868180195,7.663952107,0.583055384
041100010703,2015,21.03677793,7.24373881,0.564136371
041100010703,2016,17.406293268,6.223063437,0.531676686
041100010703,2017,24.402373149,7.913182172,0.565847652
041100010703,2018,26.755843905,9.037492552,0.575472446
041100010703,2019,20.626871291,7.504437478,0.571540818
041100020101,2010,28.066823207,20.858342739,0.690276614
041100020101,2011,71.443434133,48.800506328,0.754855148
041100020101,2012,38.808627898,29.607434262,0.713873411
041100020101,2013,61.359087528,40.95782849,0.767408205
041100020101,2014,34.880997778,26.971888776,0.721529415
041100020101,2015,44.628635286,29.499475301,0.754395638
041100020101,2016,43.032289041,31.942965949,0.716308166
041100020101,2017,52.059167594,37.099581426,0.734825995
041100020101,2018,55.801547921,39.654820065,0.716759669
041100020101,2019,44.914695851,32.861477479,0.723995948
041100020102,2010,32.062478415,13.645015247,0.699453881
041100020102,2011,78.460656379,31.902325058,0.782797958
041100020102,2012,46.565921295,20.867023032,0.734564592
041100020102,2013,72.474393757,28.28710442,0.81516621
041100020102,2014,38.751730787,17.602542242,0.736120848
041100020102,2015,49.069586875,18.625461001,0.786654163
041100020102,2016,47.868849657,21.288680132,0.74870222
041100020102,2017,57.671899556,24.69539719,0.770033476
041100020102,2018,62.393238681,26.811048707,0.738279555
041100020102,2019,47.712207553,21.112406129,0.748447551
041100020103,2010,29.219988275,23.714424768,0.688545698
041100020103,2011,72.278499817,52.842118827,0.755147877
041100020103,2012,43.49047084,34.312219574,0.722057448
041100020103,2013,64.493974566,45.734538573,0.770903741
041100020103,2014,37.169904033,30.457327006,0.725954276
041100020103,2015,46.471382501,33.352923458,0.758069652
041100020103,2016,48.679862698,37.238508638,0.727054434
041100020103,2017,54.707265374,41.454334104,0.739344121
041100020103,2018,61.686017156,45.022591241,0.726856658
041100020103,2019,45.507149301,36.116650217,0.724541479
041100020104,2010,24.847050569,16.735586399,0.661584109
041100020104,2011,62.566145901,39.2796903,0.734842281
041100020104,2012,36.223625584,25.255530268,0.698451872
041100020104,2013,60.235594632,35.236389916,0.750156812
041100020104,2014,30.503903403,21.153396568,0.691258982
041100020104,2015,33.198810938,20.229752352,0.718163512
041100020104,2016,33.426604712,23.302684651,0.69320663
041100020104,2017,42.689171292,27.447879313,0.709950755
041100020104,2018,49.40673179,33.038597384,0.706109143
041100020104,2019,37.463411777,25.438560982,0.698492977
041100020105,2010,29.125520959,17.71207473,0.663409562
041100020105,2011,65.178497131,39.582496982,0.731767558
041100020105,2012,35.173622183,24.542431767,0.68733729
041100020105,2013,62.187757923,34.848469776,0.749038325
041100020105,2014,32.9153451,21.657085838,0.688264516
041100020105,2015,35.426309255,20.563131173,0.716963472
041100020105,2016,36.671515839,24.385979568,0.697623361
041100020105,2017,44.082096844,27.779352829,0.70784478
041100020105,2018,50.617524655,33.080329824,0.700055927
041100020105,2019,44.781620725,26.796586555,0.704781556
041100020106,2010,28.215804869,20.776621637,0.666643235
041100020106,2011,69.438163603,46.659067346,0.744244718
041100020106,2012,43.519973343,31.011878258,0.716802719
041100020106,2013,64.67069035,40.82001458,0.763702506
041100020106,2014,35.135633598,26.446199854,0.703946079
041100020106,2015,39.124300967,26.948708138,0.738964875
041100020106,2016,41.646814676,30.958411345,0.706977027
041100020106,2017,50.797374426,35.429089348,0.726259521
041100020106,2018,57.61083453,39.409706766,0.711534975
041100020106,2019,44.478846965,31.88663286,0.71529143
041100020201,2010,18.725780712,8.968992116,0.535568625
041100020201,2011,41.382184464,22.63010584,0.598018712
041100020201,2012,18.622770499,11.071262095,0.526860306
041100020201,2013,36.329017262,18.029258591,0.606033456
041100020201,2014,20.633634861,11.635210856,0.56759892
041100020201,2015,18.152026148,9.994454955,0.564562515
041100020201,2016,16.914411555,9.864973413,0.523766226
041100020201,2017,25.424160357,13.709902315,0.561339937
041100020201,2018,35.89426966,19.192075601,0.584905589
041100020201,2019,29.207294187,15.854741708,0.575885281
041100020202,2010,23.817027019,10.441595152,0.547518795
041100020202,2011,48.776540388,22.923300041,0.606962041
041100020202,2012,23.940861366,13.068881119,0.546096452
041100020202,2013,43.764471119,17.802230356,0.608690753
041100020202,2014,24.558150394,12.712002126,0.57043224
041100020202,2015,22.073551681,10.772653035,0.57038462
041100020202,2016,21.721977348,11.382335936,0.533575694
041100020202,2017,30.964233879,14.575866548,0.566698941
041100020202,2018,41.430615881,19.964720786,0.594109962
041100020202,2019,35.117038366,16.520926409,0.581952704
041100020203,2010,29.407070538,17.499811099,0.654184173
041100020203,2011,58.485128427,34.559460924,0.710978799
041100020203,2012,31.833058257,20.694460424,0.659025814
041100020203,2013,55.835650258,30.726769698,0.731815477
041100020203,2014,30.4054685,19.060214318,0.674322175
041100020203,2015,31.942071044,19.262050462,0.701526265
041100020203,2016,35.864733265,22.195510385,0.676434138
041100020203,2017,43.283346572,25.661415792,0.691880571
041100020203,2018,49.972259859,29.308939716,0.687418407
041100020203,2019,44.873601446,26.07740316,0.701371912
041100020302,2010,19.171603893,13.20970575,0.570835038
041100020302,2011,43.143532285,28.130221878,0.632919501
041100020302,2012,18.835227203,14.31716273,0.567314047
041100020302,2013,42.137161051,26.277707383,0.647310645
041100020302,2014,20.502127092,14.688717068,0.60738186
041100020302,2015,17.643755537,12.681967757,0.614007065
041100020302,2016,19.171512576,13.680293312,0.576500514
041100020302,2017,25.192984483,16.287466157,0.605976366
041100020302,2018,35.468279784,22.93762601,0.61718396
041100020302,2019,29.643686807,20.393926956,0.620942142
041100020303,2010,35.092443113,13.290589522,0.553800894
041100020303,2011,63.075948182,23.907391656,0.594342237
041100020303,2012,34.606823771,14.315971634,0.554836147
041100020303,2013,61.25835637,21.791061631,0.603105718
041100020303,2014,35.869984935,14.983394094,0.577710521
041100020303,2015,33.760983029,13.166609603,0.57990878
041100020303,2016,35.324293116,14.192958126,0.557299025
041100020303,2017,46.135331673,16.832198167,0.577784649
041100020303,2018,53.486882006,20.399240695,0.584657307
041100020303,2019,49.693774826,19.412721647,0.58481279
041100020304,2010,44.080002402,9.210264017,0.481338648
041100020304,2011,70.476257334,16.025721416,0.514310476
041100020304,2012,43.100626835,9.913979862,0.48386766
041100020304,2013,69.869050432,14.589918119,0.511217531
041100020304,2014,43.630658049,10.51037718,0.491203471
041100020304,2015,41.716052189,8.39154223,0.48876098
041100020304,2016,42.877809853,9.489609205,0.4716677
041100020304,2017,56.471948644,11.881055765,0.488396855
041100020304,2018,63.394056568,14.928583127,0.513908414
041100020304,2019,64.294056493,13.923119615,0.501129113
041100020305,2010,36.991787904,20.608334208,0.628356162
041100020305,2011,64.331513412,36.11652587,0.67258868
041100020305,2012,38.234906488,22.699954423,0.630161044
041100020305,2013,61.094441483,32.496639281,0.678642519
041100020305,2014,36.661435357,22.048468334,0.655142477
041100020305,2015,35.969876555,20.300661702,0.65679305
041100020305,2016,37.716707593,22.454511429,0.631010875
041100020305,2017,49.379218512,27.886260968,0.653958335
041100020305,2018,56.062770263,31.625459793,0.662665208
041100020305,2019,57.900630737,31.208264042,0.658564079
041100020401,2010,31.981813231,13.945099731,0.583480762
041100020401,2011,58.257882265,25.795137182,0.623840366
041100020401,2012,38.052229392,17.946658646,0.588878754
041100020401,2013,57.075674586,22.577413647,0.630888697
041100020401,2014,32.50507786,15.328085148,0.599889396
041100020401,2015,33.142418903,13.93870534,0.597046275
041100020401,2016,35.514810425,16.198204493,0.583927749
041100020401,2017,47.367227798,19.953071909,0.595604014
041100020401,2018,54.893446028,24.886372471,0.615734536
041100020401,2019,56.827014502,23.296571805,0.609346902
041100020402,2010,25.455696952,13.700594022,0.626229945
041100020402,2011,52.269490295,26.929308197,0.666959436
041100020402,2012,34.560424371,18.601922059,0.629835831
041100020402,2013,50.05180899,23.55790101,0.684142779
041100020402,2014,28.003949433,15.634709605,0.658878757
041100020402,2015,32.206168484,16.063822961,0.665023537
041100020402,2016,27.261452548,15.087481162,0.622734868
041100020402,2017,39.548381819,20.073563457,0.655383135
041100020402,2018,47.152819782,24.491358449,0.662903827
041100020402,2019,41.211767438,20.95331974,0.660805723
041100020403,2010,25.1042877,9.841089831,0.674350271
041100020403,2011,62.148006727,24.085446067,0.732738692
041100020403,2012,35.307148499,14.413154541,0.678960918
041100020403,2013,51.874929307,16.97678654,0.740832529
041100020403,2014,29.108149739,11.811806558,0.704285757
041100020403,2015,35.162217021,11.336991628,0.728451945
041100020403,2016,32.97330144,12.632829204,0.689386267
041100020403,2017,39.816305347,14.251057652,0.707468905
041100020403,2018,50.566446396,19.986417372,0.704628317
041100020403,2019,34.504682076,12.697459181,0.689846432
041100020404,2010,38.815606739,10.771761764,0.556315591
041100020404,2011,68.8812942,15.749243949,0.632912996
041100020404,2012,46.810364543,12.774180176,0.592550631
041100020404,2013,66.641692953,15.282409765,0.633435004
041100020404,2014,42.206099905,11.905037306,0.60828489
041100020404,2015,49.255593914,12.360497946,0.600458046
041100020404,2016,50.631842743,13.32075041,0.572167802
041100020404,2017,54.952623437,13.796765553,0.581780389
041100020404,2018,57.706982773,13.573183477,0.620898213
041100020404,2019,52.353337774,13.054208657,0.600783163
041100020405,2010,27.798416504,8.538806572,0.605624663
041100020405,2011,58.013848198,17.517100927,0.67248759
041100020405,2012,35.02781211,11.541806636,0.627222305
041100020405,2013,55.317090232,14.77052924,0.685955772
041100020405,2014,31.671344797,10.089941519,0.646724673
041100020405,2015,33.665360111,9.577989358,0.654778544
041100020405,2016,34.160432412,10.424661444,0.618511368
041100020405,2017,42.464324859,12.183047619,0.641663237
041100020405,2018,50.279196321,15.590700897,0.656521225
041100020405,2019,46.107077983,13.181410282,0.648724814
041100020501,2010,25.536390814,6.325358576,0.452466117
041100020501,2011,49.440162829,11.114603825,0.494996723
041100020501,2012,28.200931996,6.766795068,0.461658119
041100020501,2013,51.513811807,12.916368474,0.490382009
041100020501,2014,27.353516255,8.553074398,0.468692691
041100020501,2015,33.637651088,7.851948796,0.475197694
041100020501,2016,32.302614354,8.649973026,0.466016617
041100020501,2017,37.521359308,10.047502842,0.468249881
041100020501,2018,38.941664923,9.366045789,0.476768137
041100020501,2019,39.175843997,12.039768635,0.465575347
041100020502,2010,24.336260556,5.154802927,0.463854554
041100020502,2011,51.504598888,10.561535429,0.509168063
041100020502,2012,29.936885743,6.702191715,0.473914565
041100020502,2013,53.881788796,10.584128416,0.508744825
041100020502,2014,27.000213044,6.762777,0.478210842
041100020502,2015,31.734972134,6.115613696,0.488590164
041100020502,2016,32.94001197,6.907594415,0.475422664
041100020502,2017,39.007301002,8.472504536,0.48113063
041100020502,2018,42.4096197,9.439158897,0.493409357
041100020502,2019,44.547087421,9.770020626,0.487766766
041100020503,2010,29.419793,10.192157818,0.681617457
041100020503,2011,67.9670329,24.522792462,0.739187809
041100020503,2012,39.751318425,14.814572901,0.685853637
041100020503,2013,57.578756972,17.340159095,0.745532605
041100020503,2014,33.407930888,12.310518411,0.712371306
041100020503,2015,42.7854939,11.865295204,0.734624042
041100020503,2016,36.336935351,12.959595643,0.695199979
041100020503,2017,42.127348187,14.363172964,0.708418374
041100020503,2018,52.703835122,20.012693395,0.708579749
041100020503,2019,35.049948019,12.795267989,0.690176865
041100020504,2010,40.682236786,4.916801837,0.538233472
041100020504,2011,82.452792444,11.192034201,0.595395928
041100020504,2012,54.066966381,6.465143047,0.55539754
041100020504,2013,68.02646713,7.868453112,0.588672592
041100020504,2014,43.683364953,5.79283213,0.573973308
041100020504,2015,52.905370693,5.060555484,0.565494302
041100020504,2016,53.942151683,6.297626574,0.54666216
041100020504,2017,57.482881478,6.952671065,0.563061034
041100020504,2018,65.487249802,9.096660207,0.586980316
041100020504,2019,46.366270302,6.123323598,0.556569737
041100020505,2010,26.460938559,9.913958992,0.636610267
041100020505,2011,62.53784487,21.474922908,0.699431781
041100020505,2012,35.382787825,13.4481563,0.645827566
041100020505,2013,55.625016132,17.277796813,0.70563853
041100020505,2014,30.482311224,11.725504237,0.674732777
041100020505,2015,37.906288238,11.734372213,0.685861773
041100020505,2016,37.691133902,13.069397935,0.656567443
041100020505,2017,40.089982668,14.179584125,0.659250443
041100020505,2018,50.351475355,18.265550954,0.675168031
041100020505,2019,33.102219358,12.018577794,0.650767949
041100020601,2010,40.923389879,6.192906188,0.435771203
041100020601,2011,82.215904411,16.4046644,0.448139828
041100020601,2012,54.167233363,9.05207066,0.430097274
041100020601,2013,62.239259536,10.442254925,0.437869235
041100020601,2014,43.136075237,7.385187307,0.429692404
041100020601,2015,52.594418842,7.843544106,0.425231799
041100020601,2016,50.138428376,8.706647701,0.42558518
041100020601,2017,55.642020315,10.29004373,0.413388852
041100020601,2018,61.187049417,11.964729046,0.458803992
041100020601,2019,44.773918587,7.018309219,0.420325361
041100020602,2010,36.002065056,12.649064546,0.676274824
041100020602,2011,75.020684667,26.567735651,0.73865341
041100020602,2012,44.676325727,16.145984892,0.676074424
041100020602,2013,61.181834847,19.908624031,0.732388625
041100020602,2014,36.511568298,14.238296488,0.706736075
041100020602,2015,47.627923351,15.116461953,0.720769951
041100020602,2016,38.291892911,14.197932654,0.68507261
041100020602,2017,47.552752295,17.619089158,0.69010268
041100020602,2018,55.909370375,20.460286507,0.700172706
041100020602,2019,36.594993605,13.472270048,0.672425843
041100020603,2010,46.300197228,9.288600975,0.566835995
041100020603,2011,83.26729228,19.771401464,0.6090816
041100020603,2012,53.057583414,10.519951956,0.569634447
041100020603,2013,67.168263842,14.271148456,0.605880829
041100020603,2014,44.212433683,9.838765776,0.590944586
041100020603,2015,59.453652035,10.237131797,0.583994544
041100020603,2016,42.861294607,8.433711777,0.570531459
041100020603,2017,50.555066111,11.184318639,0.568497
041100020603,2018,64.166235848,15.821005633,0.593147413
041100020603,2019,47.296221386,9.872190482,0.577282025
041100020604,2010,53.219790998,8.973562904,0.556152278
041100020604,2011,91.960578127,18.927541553,0.596931916
041100020604,2012,59.437407521,10.051656842,0.558975528
041100020604,2013,74.386461784,13.555259853,0.593130728
041100020604,2014,50.744387786,9.503272905,0.579833765
041100020604,2015,65.330421358,9.804295506,0.573371225
041100020604,2016,50.155584164,8.247963331,0.560400071
041100020604,2017,58.040047726,10.887164908,0.558052303
041100020604,2018,73.085100992,15.27747737,0.58167758
041100020604,2019,53.778108977,9.555860354,0.566369453
041100020605,2010,66.922146468,5.265927534,0.556160858
041100020605,2011,112.236047843,11.443944854,0.598678195
041100020605,2012,78.400625548,6.292952622,0.557894031
041100020605,2013,92.032056409,7.591899131,0.588274597
041100020605,2014,67.418185058,6.078606497,0.583783402
041100020605,2015,78.319976159,6.171744932,0.570959628
041100020605,2016,68.688626635,5.413601149,0.557345206
041100020605,2017,76.406613405,6.934749725,0.557437173
041100020605,2018,86.360826655,8.401122143,0.584258143
041100020605,2019,73.07883444,6.353545219,0.563096174
041100030101,2010,21.203440772,7.8857945,0.639703309
041100030101,2011,58.49621773,15.55841688,0.736716753
041100030101,2012,31.875181828,12.382113855,0.673275749
041100030101,2013,48.924417981,13.972919861,0.733432197
041100030101,2014,26.36150944,10.860094511,0.685082344
041100030101,2015,30.999650414,10.285980487,0.699269065
041100030101,2016,39.869571847,13.422834421,0.699775648
041100030101,2017,44.434105748,14.52533941,0.702830959
041100030101,2018,49.948299024,15.113280387,0.701021966
041100030101,2019,38.714495158,13.989390972,0.701784396
041100030102,2010,16.561133749,4.628235408,0.560043546
041100030102,2011,45.8870983,9.223805927,0.650770567
041100030102,2012,25.010191566,6.556264424,0.60128537
041100030102,2013,36.089957319,7.623277132,0.641999283
041100030102,2014,17.900335599,5.346456359,0.607681888
041100030102,2015,25.649105711,5.854766711,0.597278735
041100030102,2016,29.086465912,6.902322054,0.607442672
041100030102,2017,32.439052186,7.652424195,0.620779778
041100030102,2018,37.642704969,7.810926488,0.646439161
041100030102,2019,30.994537321,7.521590817,0.627119727
041100030103,2010,21.372596748,6.97609984,0.653328747
041100030103,2011,59.634813725,13.640828906,0.748510509
041100030103,2012,27.353232618,10.586148192,0.672154802
041100030103,2013,50.156672983,13.089279779,0.744852449
041100030103,2014,27.177431932,9.818077681,0.698263992
041100030103,2015,30.767246546,9.568305332,0.716290079
041100030103,2016,35.433055856,11.85917241,0.702166286
041100030103,2017,43.359690194,13.058176169,0.710965359
041100030103,2018,48.724236597,13.044365196,0.708020448
041100030103,2019,38.374740004,12.791230996,0.713415103
041100030104,2010,17.222954637,5.369459652,0.600547862
041100030104,2011,52.616730872,11.320478951,0.698618143
041100030104,2012,20.505209722,7.208307615,0.623243728
041100030104,2013,41.908376894,9.449568695,0.687791021
041100030104,2014,20.911672552,7.044454225,0.648813733
041100030104,2015,25.507371046,6.961448184,0.645590094
041100030104,2016,23.931418145,7.552129227,0.642598329
041100030104,2017,33.385965521,8.976177567,0.661430914
041100030104,2018,37.310215826,9.592065974,0.669294537
041100030104,2019,30.711802444,8.950264368,0.666574442
041100030105,2010,34.700670246,12.364842182,0.650616456
041100030105,2011,76.604020138,20.300226497,0.730438401
041100030105,2012,41.622686374,15.227313318,0.668906565
041100030105,2013,64.650825726,18.124749829,0.725729652
041100030105,2014,40.722480041,14.956713772,0.691236039
041100030105,2015,42.383083196,14.505323748,0.694431602
041100030105,2016,40.281394028,14.844751777,0.688669426
041100030105,2017,51.340289241,16.774192197,0.699406848
041100030105,2018,51.336851996,17.692685292,0.678253891
041100030105,2019,48.256885741,16.269004084,0.6987022
041100030201,2010,14.765438851,3.921606372,0.62316478
041100030201,2011,54.630516812,8.663388342,0.69665077
041100030201,2012,20.94047032,5.351559687,0.618574892
041100030201,2013,43.693108927,7.160007087,0.692166288
041100030201,2014,22.208083982,5.781649197,0.659953488
041100030201,2015,22.284499785,4.754370026,0.661964418
041100030201,2016,21.548275188,5.550069185,0.64500215
041100030201,2017,31.677865977,6.552390866,0.659857105
041100030201,2018,30.766171202,7.159975694,0.609189382
041100030201,2019,25.027620655,5.725070008,0.655853492
041100030202,2010,15.782289031,3.330262652,0.60451368
041100030202,2011,45.875602532,5.235547051,0.675362604
041100030202,2012,19.452734328,3.928084872,0.605214394
041100030202,2013,40.617983202,5.328599033,0.680323179
041100030202,2014,20.002347633,4.066137802,0.639682526
041100030202,2015,21.353667689,3.194428005,0.645663456
041100030202,2016,19.934070509,3.915990739,0.620359569
041100030202,2017,29.898716964,4.83787345,0.643573911
041100030202,2018,28.163962112,5.469280652,0.591807935
041100030202,2019,24.697222619,4.399065,0.645871558
041100030203,2010,13.994405239,10.409234596,0.616874866
041100030203,2011,34.644829934,19.015004887,0.669928856
041100030203,2012,17.989472909,14.486710937,0.606928311
041100030203,2013,32.038009746,17.428281187,0.673089942
041100030203,2014,15.740138874,12.927883969,0.635069961
041100030203,2015,15.602725925,11.001227142,0.624410119
041100030203,2016,16.319051981,13.695748022,0.620297574
041100030203,2017,23.233183087,16.654829233,0.64492796
041100030203,2018,23.317364291,16.913165112,0.593552296
041100030203,2019,19.293433484,15.628604677,0.6537875
041100030204,2010,22.335297283,8.755749331,0.596227707
041100030204,2011,52.940315162,14.949061628,0.64928064
041100030204,2012,26.078567786,10.3821469,0.596739977
041100030204,2013,46.140711339,13.788267673,0.652420927
041100030204,2014,22.451789921,10.508856524,0.624367732
041100030204,2015,24.418283889,9.568058143,0.605949978
041100030204,2016,24.949547571,9.969119923,0.597479784
041100030204,2017,38.854539001,12.557833238,0.62926067
041100030204,2018,32.634928319,12.499459216,0.595692658
041100030204,2019,31.518987237,12.211878005,0.629887013
041100030301,2010,35.544948435,18.488700937,0.714213988
041100030301,2011,83.580491599,41.645285128,0.800944262
041100030301,2012,52.438178916,27.07869363,0.752769675
041100030301,2013,72.671184024,30.746717231,0.816389119
041100030301,2014,42.209640812,23.43708529,0.755223466
041100030301,2015,48.813222033,22.257512402,0.778820161
041100030301,2016,47.181919942,24.886435411,0.758851367
041100030301,2017,59.906121468,30.042500673,0.76612838
041100030301,2018,65.770399126,33.761497987,0.761905034
041100030301,2019,46.922295106,24.732879459,0.743229976
041100030302,2010,38.620304694,14.147787735,0.646428573
041100030302,2011,72.950548007,28.634155313,0.722125679
041100030302,2012,42.603745645,17.505780691,0.663468812
041100030302,2013,68.778189675,22.655215261,0.72884263
041100030302,2014,38.674835806,16.187757451,0.686884044
041100030302,2015,47.197353589,15.822097727,0.700426268
041100030302,2016,46.563887855,17.763506209,0.677304528
041100030302,2017,51.201514784,19.176779278,0.686636356
041100030302,2018,56.569110146,22.831180076,0.683353366
041100030302,2019,49.584755336,18.68328006,0.682339296
041100030303,2010,41.841273575,15.489301414,0.719626438
041100030303,2011,86.084527,32.156130645,0.792791772
041100030303,2012,53.690502751,20.387088592,0.739563666
041100030303,2013,75.865582901,24.220533743,0.80844609
041100030303,2014,43.809729848,17.45532489,0.754292998
041100030303,2015,52.795506054,17.344058328,0.77558613
041100030303,2016,51.620410912,19.312357034,0.757440073
041100030303,2017,59.674926296,21.656513416,0.76093762
041100030303,2018,68.397360988,26.503511067,0.747986414
041100030303,2019,49.559711354,19.447763101,0.741564758
041100030304,2010,35.629440318,8.080877884,0.736914487
041100030304,2011,83.661580426,14.358926238,0.826673457
041100030304,2012,53.975518893,11.489486752,0.785720194
041100030304,2013,73.124312022,13.292545997,0.841934555
041100030304,2014,43.557197517,9.952773843,0.78730821
041100030304,2015,49.807438125,9.854830119,0.808515859
041100030304,2016,49.354623983,10.785285479,0.789700033
041100030304,2017,59.326551376,12.134489321,0.796454241
041100030304,2018,66.988060539,12.33184574,0.783151024
041100030304,2019,48.614931666,10.643453978,0.780616495
041100030401,2010,42.70286988,4.544509187,0.782295498
041100030401,2011,93.513491454,7.724839457,0.8485417
041100030401,2012,53.833344927,5.853623424,0.787507067
041100030401,2013,75.811712334,6.983137082,0.855292441
041100030401,2014,49.362066782,5.801792161,0.818427711
041100030401,2015,47.049086296,5.264202151,0.823272893
041100030401,2016,48.072151116,5.569313583,0.799962378
041100030401,2017,59.33817739,6.272977884,0.813340437
041100030401,2018,66.214795282,6.344122754,0.802119118
041100030401,2019,51.555785513,5.734192933,0.80974769
041100030402,2010,42.858019295,5.716030609,0.77237808
041100030402,2011,94.480666066,8.708840864,0.835900731
041100030402,2012,60.689297114,7.38322925,0.797879707
041100030402,2013,77.16990936,8.155411174,0.837926637
041100030402,2014,50.876953485,6.736177011,0.80639078
041100030402,2015,52.901582986,6.638799121,0.821139177
041100030402,2016,52.629623791,6.831238693,0.79826831
041100030402,2017,65.897951812,7.683394731,0.809950954
041100030402,2018,69.578553774,7.39762741,0.798350917
041100030402,2019,52.742420252,6.845550059,0.792068772
041100030403,2010,59.432714162,23.565891752,0.554137252
041100030403,2011,96.928915993,32.633743724,0.586460799
041100030403,2012,70.708382775,26.798750723,0.553824342
041100030403,2013,81.867983148,29.106033235,0.57329135
041100030403,2014,50.968020562,22.375260257,0.564497621
041100030403,2015,49.94028218,21.382759494,0.551051982
041100030403,2016,56.659808398,22.970865502,0.549380937
041100030403,2017,67.241119851,26.840764797,0.553034588
041100030403,2018,65.660805695,25.230002685,0.578521381
041100030403,2019,49.546671892,22.044582043,0.554901453
041100030501,2010,47.272343718,16.618391962,0.665726487
041100030501,2011,76.748477473,24.384899967,0.706244903
041100030501,2012,52.117607694,20.597527333,0.663232591
041100030501,2013,62.134672761,22.931786092,0.702373977
041100030501,2014,40.913199773,17.801710448,0.672713512
041100030501,2015,40.937358341,15.995300727,0.67032548
041100030501,2016,46.288474909,18.230377748,0.667725573
041100030501,2017,56.476759131,22.379667174,0.678001435
041100030501,2018,53.897865122,21.306827921,0.663562511
041100030501,2019,42.314471228,17.880956065,0.659957727
041100030502,2010,35.425721836,13.549561902,0.663384638
041100030502,2011,65.487002327,21.216255107,0.706694185
041100030502,2012,41.868259557,16.500589095,0.664960423
041100030502,2013,51.032427345,18.805094652,0.699331485
041100030502,2014,33.076482998,15.021556123,0.686615147
041100030502,2015,32.974214046,13.587075797,0.672699261
041100030502,2016,33.672359873,13.117411574,0.660046347
041100030502,2017,45.402171857,17.715850481,0.6709083
041100030502,2018,45.287923667,17.229890662,0.675454427
041100030502,2019,33.790873718,15.27424363,0.667704191
041100030503,2010,47.585238304,11.96242438,0.639704696
041100030503,2011,90.931665702,20.95112091,0.682399637
041100030503,2012,58.224060605,15.481327923,0.642090246
041100030503,2013,74.620279003,18.075676017,0.678869652
041100030503,2014,52.53552445,15.502053202,0.667822933
041100030503,2015,52.337400631,13.524392636,0.646725483
041100030503,2016,51.339194058,12.53258229,0.640684349
041100030503,2017,64.121861002,17.477782057,0.651692214
041100030503,2018,66.714206504,17.411202341,0.670121509
041100030503,2019,53.886383138,15.924585773,0.647799465
041100030504,2010,32.61584886,22.233139957,0.622360377
041100030504,2011,72.074372885,39.9412222,0.66744883
041100030504,2012,39.744954478,29.100622145,0.626640601
041100030504,2013,50.356400786,34.21619249,0.662630638
041100030504,2014,41.601695958,29.231991346,0.651787222
041100030504,2015,37.829140054,25.316879474,0.630688542
041100030504,2016,36.778993291,23.351535037,0.625547657
041100030504,2017,46.422264292,32.97721384,0.635378509
041100030504,2018,55.432647039,33.046278081,0.65505133
041100030504,2019,42.479926926,30.099925448,0.631878309
041100040101,2010,13.628378983,5.361447442,0.580112834
041100040101,2011,40.816724587,10.315414602,0.653623034
041100040101,2012,26.864439885,9.329546786,0.633892528
041100040101,2013,32.815788287,10.149755271,0.663429164
041100040101,2014,16.99942031,6.464238912,0.607669414
041100040101,2015,17.770516115,6.307382471,0.627046592
041100040101,2016,21.805009714,8.358739176,0.625125376
041100040101,2017,31.393717759,9.891753741,0.645288838
041100040101,2018,41.133982736,10.565857975,0.661598729
041100040101,2019,22.530162022,8.077832975,0.633840446
041100040102,2010,16.286828329,4.377538265,0.580028704
041100040102,2011,47.491768862,8.295013197,0.649293676
041100040102,2012,31.248508553,7.248744007,0.631665065
041100040102,2013,39.043894409,7.971916402,0.657640136
041100040102,2014,18.222608957,5.031262901,0.606287673
041100040102,2015,24.679430318,5.749070965,0.62464108
041100040102,2016,26.192495151,6.56529647,0.620366454
041100040102,2017,34.150404732,7.629733067,0.638631769
041100040102,2018,44.066337408,7.767942169,0.653871257
041100040102,2019,26.716217632,6.585657502,0.630325462
041100040103,2010,15.667504539,6.72142225,0.593096167
041100040103,2011,45.939328828,14.049987153,0.660581648
041100040103,2012,28.16879456,11.115483684,0.632452375
041100040103,2013,36.72594666,13.20948265,0.668485612
041100040103,2014,18.960909008,8.210102817,0.620952591
041100040103,2015,24.622002499,9.448798512,0.634762021
041100040103,2016,23.058331415,9.564550416,0.626224035
041100040103,2017,35.329072551,12.723089316,0.647197146
041100040103,2018,42.050375458,12.651543382,0.661455693
041100040103,2019,26.866546022,10.661911556,0.638510292
041100040104,2010,14.285067767,5.908159265,0.58685798
041100040104,2011,42.813745508,11.935797106,0.659469432
041100040104,2012,27.677625838,10.328608204,0.634844142
041100040104,2013,33.363210998,11.27427569,0.668399729
041100040104,2014,18.071420796,7.40931729,0.616870757
041100040104,2015,20.986219901,7.710746713,0.633644392
041100040104,2016,22.87224635,9.125904264,0.629170289
041100040104,2017,34.106080646,11.365830108,0.649551659
041100040104,2018,42.040694357,11.712379035,0.665181177
041100040104,2019,25.796121529,9.692832726,0.640111643
041100040105,2010,16.509492518,8.491240013,0.608217466
041100040105,2011,45.2271847,16.79955451,0.672674297
041100040105,2012,26.564547305,13.231429253,0.644179582
041100040105,2013,34.026640706,14.927331976,0.679414317
041100040105,2014,17.837611028,9.480123553,0.628303673
041100040105,2015,23.476881373,11.00726108,0.647035788
041100040105,2016,24.618876448,12.763436238,0.642192982
041100040105,2017,31.946224167,14.41386217,0.657474107
041100040105,2018,41.863064149,15.418273299,0.674126016
041100040105,2019,25.020389793,12.269877975,0.649569121
041100040106,2010,21.579942197,5.116522015,0.647140579
041100040106,2011,60.761447718,9.289047365,0.720611624
041100040106,2012,35.525617562,7.596557347,0.703473609
041100040106,2013,46.872060985,8.845744005,0.718857701
041100040106,2014,26.203459702,5.743305039,0.681790993
041100040106,2015,34.959318139,6.844206221,0.701066034
041100040106,2016,38.421899668,7.793869936,0.706738718
041100040106,2017,43.794052244,8.362851984,0.705555777
041100040106,2018,54.870594377,8.717169211,0.717905066
041100040106,2019,35.256377516,7.255549164,0.69240978
041100040201,2010,21.140269683,9.561939293,0.587970507
041100040201,2011,61.876563249,20.602771003,0.639521397
041100040201,2012,34.292176997,13.637042075,0.59193562
041100040201,2013,46.077658102,18.651489389,0.654752599
041100040201,2014,25.17193055,10.698921876,0.607225296
041100040201,2015,32.367099288,13.524957933,0.6318715
041100040201,2016,35.919922986,14.425419193,0.615267036
041100040201,2017,40.93396978,17.050122479,0.619872924
041100040201,2018,48.584447774,16.496906097,0.602815867
041100040201,2019,36.106079598,14.659855409,0.627514545
041100040202,2010,20.752533699,5.127959028,0.599782725
041100040202,2011,59.994395951,8.941546245,0.647552645
041100040202,2012,33.112036039,6.580034674,0.602494552
041100040202,2013,46.008433877,8.69339985,0.666036936
041100040202,2014,23.979082295,5.821476272,0.618777664
041100040202,2015,34.944803692,7.006313748,0.642694076
041100040202,2016,37.65298303,7.916053224,0.631365028
041100040202,2017,38.713910527,7.83973571,0.631010896
041100040202,2018,48.022679659,7.752057221,0.61396937
041100040202,2019,37.082501203,7.835773027,0.642898934
041100040203,2010,25.294900694,5.934960718,0.609112225
041100040203,2011,65.330682579,9.771685887,0.654462557
041100040203,2012,36.941102978,7.239804348,0.608120657
041100040203,2013,54.356054212,9.937192766,0.673301567
041100040203,2014,29.002202215,6.792430674,0.629251114
041100040203,2015,41.747534685,8.160193018,0.650670545
041100040203,2016,46.113508471,9.183877734,0.640420407
041100040203,2017,44.684747071,8.896479785,0.638461808
041100040203,2018,51.271472076,8.247526508,0.617556523
041100040203,2019,46.343592418,9.205049438,0.651383151
041100040301,2010,26.294849437,9.138696126,0.676319403
041100040301,2011,67.794167424,17.118654706,0.752729461
041100040301,2012,35.556789838,12.670833999,0.687376519
041100040301,2013,50.934029798,15.160540835,0.747845266
041100040301,2014,29.993259333,10.473825067,0.703757962
041100040301,2015,44.427576987,13.041745081,0.747054461
041100040301,2016,41.000737117,13.928758513,0.712361605
041100040301,2017,44.269705352,14.607110322,0.717277281
041100040301,2018,55.473259659,15.079013715,0.726028758
041100040301,2019,38.716622896,13.20980079,0.71693575
041100040302,2010,25.376516936,8.98060426,0.675858017
041100040302,2011,61.824927452,16.789639579,0.744668031
041100040302,2012,31.974920489,11.785919708,0.669720339
041100040302,2013,42.302619829,13.70066525,0.72712703
041100040302,2014,27.163324153,9.830788966,0.693591428
041100040302,2015,40.638791831,12.225944518,0.72999022
041100040302,2016,37.2505992,13.207593635,0.708749015
041100040302,2017,39.746977573,13.696411013,0.706707261
041100040302,2018,48.952899165,13.70171872,0.700026404
041100040302,2019,40.491653526,13.358433124,0.714661887
041100040303,2010,16.884384123,7.846497534,0.570015161
041100040303,2011,48.633623269,15.532687827,0.653377684
041100040303,2012,25.634009733,12.092362897,0.599250231
041100040303,2013,34.258158963,13.297173059,0.636890166
041100040303,2014,18.431964819,8.970626911,0.595672516
041100040303,2015,26.057438355,10.196885235,0.616457591
041100040303,2016,28.189930459,12.736853849,0.613179481
041100040303,2017,30.271808163,13.057035877,0.611434413
041100040303,2018,42.110338763,13.951489297,0.635061499
041100040303,2019,27.477305655,12.192241169,0.624166347
041100040304,2010,28.299348482,10.311402549,0.736067314
041100040304,2011,56.883770608,17.924926502,0.801647119
041100040304,2012,31.132222957,12.151836997,0.712221995
041100040304,2013,48.055321558,15.717530263,0.798974621
041100040304,2014,28.344466417,11.112384095,0.752859806
041100040304,2015,39.355225424,13.567254198,0.789680444
041100040304,2016,38.177878116,14.737287393,0.757109573
041100040304,2017,35.80671747,14.493157689,0.754800461
041100040304,2018,47.89422572,15.007082666,0.747747475
041100040304,2019,45.589586772,15.919908482,0.78991522
041100040305,2010,25.9592548,9.936275935,0.727108491
041100040305,2011,60.235890694,17.97595598,0.777191788
041100040305,2012,34.445674714,13.786105391,0.71974795
041100040305,2013,48.760405379,16.876927604,0.795843729
041100040305,2014,28.399117415,11.616408121,0.74542181
041100040305,2015,41.847096616,14.117645489,0.776669672
041100040305,2016,42.320387364,16.684710703,0.759607519
041100040305,2017,42.786006665,16.123154301,0.75853691
041100040305,2018,48.406736293,15.439603897,0.735518017
041100040305,2019,45.732784668,16.405353825,0.774872253
041100040401,2010,28.314280641,12.141317401,0.734508965
041100040401,2011,76.201189061,28.434481625,0.798404586
041100040401,2012,40.072076897,16.370730267,0.740644338
041100040401,2013,62.262727411,23.607958721,0.805236648
041100040401,2014,32.941843543,13.142617428,0.757034733
041100040401,2015,45.945237837,18.432261663,0.785130433
041100040401,2016,49.294833045,20.931435333,0.776734323
041100040401,2017,55.89678878,22.051503456,0.784777513
041100040401,2018,61.257297598,24.110865436,0.772478602
041100040401,2019,53.660464198,21.177533327,0.786104897
041100040402,2010,26.297444372,12.981676007,0.704152053
041100040402,2011,66.581105243,26.611803376,0.766012856
041100040402,2012,39.387153583,18.216066672,0.711675397
041100040402,2013,55.823046576,24.455181567,0.779265842
041100040402,2014,29.487821694,13.740472311,0.720389928
041100040402,2015,41.991594273,18.714865914,0.758335
041100040402,2016,46.18695287,21.97302059,0.74113666
041100040402,2017,47.211186461,21.733197598,0.740197913
041100040402,2018,53.311696559,21.185016852,0.724553948
041100040402,2019,49.17743452,22.037614144,0.752266592
041100040403,2010,25.902830028,11.521011099,0.696546839
041100040403,2011,64.412979238,22.891239833,0.755862752
041100040403,2012,34.556058498,14.18120117,0.686606816
041100040403,2013,57.911812097,21.455859013,0.769190436
041100040403,2014,30.243813325,12.943160383,0.721958877
041100040403,2015,38.051447715,15.954498472,0.743921194
041100040403,2016,39.427306237,16.411090095,0.718242315
041100040403,2017,44.013306599,17.820197896,0.728099827
041100040403,2018,52.529974137,17.892484299,0.707011619
041100040403,2019,47.211813868,19.034933693,0.745846877
041100040501,2010,23.940412314,7.209334677,0.707389563
041100040501,2011,60.350980826,12.921881383,0.752067208
041100040501,2012,32.555004035,9.102239222,0.693533938
041100040501,2013,52.609100193,13.140354736,0.77379108
041100040501,2014,27.901440248,8.496629935,0.726058675
041100040501,2015,37.641777846,10.225893768,0.750828002
041100040501,2016,41.184228415,11.453713495,0.735267937
041100040501,2017,38.947620995,10.730844939,0.733817814
041100040501,2018,46.720534752,10.662327319,0.706867931
041100040501,2019,45.694099831,11.904683597,0.751740168
041100040502,2010,26.623137152,5.713227735,0.710079176
041100040502,2011,56.866701198,9.264440576,0.766496867
041100040502,2012,30.383535906,6.06251377,0.68108932
041100040502,2013,51.419343087,9.02349591,0.769271399
041100040502,2014,27.595291371,5.819487231,0.722306786
041100040502,2015,37.27513779,7.467243595,0.75698125
041100040502,2016,35.294352229,7.036471379,0.720559156
041100040502,2017,34.154261176,7.311365375,0.724273598
041100040502,2018,46.828769472,7.418862044,0.710291002
041100040502,2019,41.47046693,8.307853859,0.758534192
041100040601,2010,25.190123891,4.751789943,0.660523473
041100040601,2011,69.001387772,8.159434176,0.725820788
041100040601,2012,31.800911163,5.856748111,0.685567177
041100040601,2013,60.780813303,8.271106078,0.742135599
041100040601,2014,31.453752462,5.679459926,0.708474688
041100040601,2015,38.892190687,6.17343186,0.700702768
041100040601,2016,32.460944083,5.774255621,0.668336886
041100040601,2017,45.016518671,6.914655213,0.713342075
041100040601,2018,45.664731149,6.339477882,0.70072941
041100040601,2019,45.523834407,7.224821716,0.722600423
041100040602,2010,38.014836846,5.543379479,0.769617828
041100040602,2011,84.605841943,7.935278788,0.82006649
041100040602,2012,43.024573625,6.063414756,0.754645484
041100040602,2013,71.680072761,8.212457205,0.839879529
041100040602,2014,41.302677168,5.844331885,0.782534018
041100040602,2015,52.515145267,6.735840009,0.81657366
041100040602,2016,45.325911483,6.235547189,0.774146127
041100040602,2017,51.25739546,6.89591469,0.786074729
041100040602,2018,60.422770837,6.540190453,0.75407379
041100040602,2019,50.177539008,7.257623089,0.80600389
041100040603,2010,32.884343165,4.73727219,0.744521167
041100040603,2011,76.681016149,6.997049594,0.788572679
041100040603,2012,39.337899349,5.486402542,0.733258557
041100040603,2013,72.271928672,7.490047222,0.815467194
041100040603,2014,36.812302623,5.255289182,0.759500573
041100040603,2015,48.416040565,5.778037017,0.777483672
041100040603,2016,39.998772498,5.512194135,0.743046185
041100040603,2017,52.143158157,6.385582759,0.781867716
041100040603,2018,51.751377619,5.537039408,0.731604126
041100040603,2019,50.782447947,6.608222689,0.796024009
041100040604,2010,41.762761785,5.951023609,0.805943966
041100040604,2011,90.562790045,8.663274656,0.84656922
041100040604,2012,45.626029764,6.486875477,0.772554142
041100040604,2013,72.707701257,8.394860153,0.867109864
041100040604,2014,41.651930869,5.919378798,0.799059148
041100040604,2015,51.320708044,6.745859985,0.826467369
041100040604,2016,44.912037481,6.22698135,0.794906474
041100040604,2017,51.048333257,7.090087887,0.816932287
041100040604,2018,57.141282556,6.410562352,0.765620331
041100040604,2019,51.608172842,7.175121656,0.825118239
041100040605,2010,39.848724547,4.70650515,0.791814331
041100040605,2011,86.099986492,6.815361037,0.835120777
041100040605,2012,43.584862874,5.0755334,0.75965049
041100040605,2013,70.879101714,6.642330343,0.855325535
041100040605,2014,38.490390288,4.659190764,0.786285567
041100040605,2015,45.925150211,5.237096516,0.81220513
041100040605,2016,42.039874549,4.855302384,0.782295394
041100040605,2017,50.048070349,5.610831441,0.804969351
041100040605,2018,50.969238304,4.891083572,0.746255633
041100040605,2019,47.750994683,5.649797615,0.812713175
041100040606,2010,45.778891081,5.212179786,0.813475734
041100040606,2011,91.556007063,7.19206561,0.849769244
041100040606,2012,48.649317865,5.461566404,0.786859218
041100040606,2013,78.643026562,7.187681219,0.870723719
041100040606,2014,44.839491893,5.290565043,0.811584192
041100040606,2015,47.894933371,5.342706854,0.824384956
041100040606,2016,47.150340196,5.271184517,0.801270558
041100040606,2017,55.432186304,5.950368546,0.820418954
041100040606,2018,59.214326422,5.31518464,0.774717231
041100040606,2019,51.681304444,5.755463851,0.816664318
041100040607,2010,56.192716388,10.639128368,0.768432078
041100040607,2011,93.348342794,13.870147993,0.812906174
041100040607,2012,58.811947087,11.279965809,0.753627823
041100040607,2013,76.917486137,13.466623611,0.812759802
041100040607,2014,47.367329498,10.205382174,0.780949772
041100040607,2015,50.719548493,10.129131476,0.777347494
041100040607,2016,58.731902175,10.684099768,0.758073999
041100040607,2017,68.842183472,12.712145819,0.783492158
041100040607,2018,59.631074218,10.438405356,0.738937112
041100040607,2019,54.751202208,11.314016145,0.777334173
041201010603,2010,17.5069831,2.012074946,0.589023172
041201010603,2011,51.556494182,4.3293958,0.699121363
041201010603,2012,26.098927546,3.052165505,0.610645254
041201010603,2013,48.551174343,3.490077133,0.696497538
041201010603,2014,21.170288677,2.458736865,0.625884889
041201010603,2015,25.83532463,2.38059461,0.64357212
041201010603,2016,35.687711143,3.427898002,0.648339895
041201010603,2017,37.474052724,3.60049954,0.651123034
041201010603,2018,45.511436123,4.501652062,0.679008935
041201010603,2019,31.543834636,3.34260914,0.669866469
041201010605,2010,27.247577837,5.074976897,0.722683375
041201010605,2011,76.893334922,10.315839915,0.81295695
041201010605,2012,35.829961469,6.724537498,0.73475285
041201010605,2013,62.454087096,8.781093392,0.806569042
041201010605,2014,33.601227647,6.234909155,0.762534045
041201010605,2015,40.981003089,6.95889153,0.778946778
041201010605,2016,42.660423192,7.261871336,0.753653464
041201010605,2017,52.533670617,8.58014925,0.781102392
041201010605,2018,54.761869894,8.19317606,0.764969784
041201010605,2019,47.378384401,8.107153261,0.785482054
041201010702,2010,14.615120814,9.268936399,0.543914304
041201010702,2011,47.173230873,19.212689092,0.639911694
041201010702,2012,24.470872528,13.340783889,0.577724039
041201010702,2013,36.59868877,15.760203449,0.629830595
041201010702,2014,21.441134072,12.561952244,0.584275687
041201010702,2015,22.217392021,11.766825173,0.610423236
041201010702,2016,23.318692978,13.092259912,0.586887988
041201010702,2017,31.54292024,15.481590492,0.610379436
041201010702,2018,36.57486576,17.0626637,0.595453966
041201010702,2019,29.019609568,15.110406104,0.606397117
041201010703,2010,13.369983862,8.055705682,0.570775647
041201010703,2011,35.855671909,15.553769169,0.65309076
041201010703,2012,17.346343736,10.072294243,0.579773565
041201010703,2013,25.524435068,13.636893763,0.647840426
041201010703,2014,18.823071574,11.851015221,0.616237584
041201010703,2015,16.530080965,10.129805837,0.612642173
041201010703,2016,17.211470086,9.662756613,0.604756309
041201010703,2017,22.410444677,11.864782843,0.623553753
041201010703,2018,27.177131181,13.9026389,0.601542418
041201010703,2019,20.900834992,12.085191054,0.621769156
042600000101,2010,,,
042600000101,2011,,,
042600000101,2012,,,
042600000101,2013,,,
042600000101,2014,,,
042600000101,2015,,,
042600000101,2016,,,
042600000101,2017,,,
042600000101,2018,,,
042600000101,2019,,,
042600000102,2010,,,
042600000102,2011,,,
042600000102,2012,,,
042600000102,2013,,,
042600000102,2014,,,
042600000102,2015,,,
042600000102,2016,,,
042600000102,2017,,,
042600000102,2018,,,
042600000102,2019,,,
042600000200,2010,,,
042600000200,2011,,,
042600000200,2012,,,
042600000200,2013,,,
042600000200,2014,,,
042600000200,2015,,,
042600000200,2016,,,
042600000200,2017,,,
042600000200,2018,,,
042600000200,2019,,,
050301010401,2010,26.909042603,7.672720211,0.609061287
050301010401,2011,53.093515787,13.258231155,0.686928141
050301010401,2012,35.96615952,9.457504198,0.65860006
050301010401,2013,57.159114826,14.137321691,0.707283704
050301010401,2014,26.087362161,8.532014491,0.654558145
050301010401,2015,26.728898035,7.24502866,0.653950317
050301010401,2016,37.445806252,9.777594811,0.674583032
050301010401,2017,47.156194471,11.427266553,0.691927147
050301010401,2018,58.330986052,13.729737314,0.699185471
050301010401,2019,39.526359716,11.669022236,0.659790517
050301010402,2010,30.946497589,5.445508875,0.636697964
050301010402,2011,57.129429168,8.094969574,0.710819328
050301010402,2012,43.280480642,7.21365718,0.70186411
050301010402,2013,62.519853921,9.914936947,0.734818076
050301010402,2014,33.639869428,6.525769577,0.694016433
050301010402,2015,28.650066561,5.331462654,0.687503534
050301010402,2016,38.755959688,6.611586582,0.704360313
050301010402,2017,53.519226621,8.65040481,0.726903358
050301010402,2018,65.256651073,9.615634189,0.727461233
050301010402,2019,41.369292468,7.271252826,0.675261179
050301010403,2010,25.111060715,2.763095836,0.615875431
050301010403,2011,53.719625798,4.735391351,0.697894406
050301010403,2012,35.06249156,3.307720947,0.663911008
050301010403,2013,55.549546193,4.855548879,0.718034826
050301010403,2014,24.931623104,3.080840025,0.66173795
050301010403,2015,28.553518813,2.605331697,0.664271568
050301010403,2016,39.094233073,3.332060965,0.690065462
050301010403,2017,40.547944006,3.865945872,0.700935769
050301010403,2018,56.272397091,4.563191524,0.709308109
050301010403,2019,39.042845493,4.123123512,0.665417228
050301010404,2010,26.684398843,3.191817591,0.647180298
050301010404,2011,53.909636095,5.678657722,0.714133122
050301010404,2012,31.303765543,3.66045169,0.670697081
050301010404,2013,54.892071585,5.595010427,0.733116904
050301010404,2014,24.962609083,3.495270269,0.680670929
050301010404,2015,26.725547543,2.80078,0.666457131
050301010404,2016,41.792432083,3.902408592,0.712220002
050301010404,2017,40.156629593,4.390558133,0.715695703
050301010404,2018,57.830577543,5.418819755,0.725513701
050301010404,2019,43.857028535,5.004978764,0.686863257
050301010405,2010,29.547132137,1.30353604,0.680836113
050301010405,2011,57.106918957,1.912451947,0.736687744
050301010405,2012,31.527105116,1.257518952,0.693580206
050301010405,2013,55.974120375,2.056746838,0.758028819
050301010405,2014,25.951157143,1.254657431,0.703817688
050301010405,2015,28.241908485,1.104304219,0.682198532
050301010405,2016,44.325792566,1.595058093,0.739881676
050301010405,2017,43.13966701,1.717436496,0.74137018
050301010405,2018,61.406337822,1.9352046,0.753068649
050301010405,2019,48.501019688,1.964210685,0.715493874
050301010501,2010,20.602745678,2.8847761,0.580011089
050301010501,2011,43.829785964,4.094225137,0.671551985
050301010501,2012,26.612648216,3.512426657,0.629817706
050301010501,2013,47.251992846,5.689032394,0.682314547
050301010501,2014,18.799675057,3.244150367,0.630756698
050301010501,2015,22.400853808,3.20120136,0.637998666
050301010501,2016,28.579543971,4.064937786,0.664244547
050301010501,2017,28.098488421,4.322035306,0.656714262
050301010501,2018,47.307813303,4.767845677,0.680535299
050301010501,2019,35.083375633,4.42044074,0.645762684
050301010502,2010,20.560853314,3.917866411,0.596662208
050301010502,2011,41.879331705,5.280945676,0.674832829
050301010502,2012,25.527116485,4.629210735,0.633847752
050301010502,2013,44.665616306,7.447132578,0.694388873
050301010502,2014,19.139238563,4.110554159,0.646156353
050301010502,2015,21.625684868,4.144660545,0.641984461
050301010502,2016,28.001932912,5.501453408,0.674987365
050301010502,2017,25.739242573,5.681707844,0.665060007
050301010502,2018,47.386902513,6.301229263,0.691350297
050301010502,2019,35.858314309,5.802456968,0.662476637
050301010503,2010,24.227955039,2.268389408,0.623772851
050301010503,2011,41.646781884,2.589883449,0.676629761
050301010503,2012,24.994587809,2.20887616,0.635529669
050301010503,2013,41.6551645,3.889293527,0.70949343
050301010503,2014,23.042354694,2.396292638,0.675005753
050301010503,2015,22.160809413,2.124151636,0.646553328
050301010503,2016,28.773687062,2.681335556,0.683744313
050301010503,2017,25.589388966,2.838602971,0.674841011
050301010503,2018,53.600877906,3.498710966,0.71123354
050301010503,2019,37.298171221,3.035109458,0.685210329
050301010504,2010,25.555379548,1.542958399,0.605139861
050301010504,2011,41.151716963,2.268253301,0.679924901
050301010504,2012,23.039966105,1.44521584,0.616741661
050301010504,2013,39.669072021,2.467934025,0.681511313
050301010504,2014,20.625487817,1.704879102,0.643411418
050301010504,2015,20.524960803,1.455171614,0.62114354
050301010504,2016,30.589205864,1.774581918,0.668082147
050301010504,2017,24.538717171,1.798318948,0.654861536
050301010504,2018,48.949397175,2.40164555,0.690831138
050301010504,2019,33.98691789,2.411819575,0.644091596
050301010601,2010,27.068596053,9.47240851,0.65073033
050301010601,2011,43.255505529,12.247510251,0.733621366
050301010601,2012,23.131208253,8.900497976,0.658247748
050301010601,2013,36.440648557,12.448341065,0.725265393
050301010601,2014,26.169345536,10.299750498,0.686318134
050301010601,2015,23.413000784,8.800719365,0.652615678
050301010601,2016,26.007707384,9.979239056,0.705275886
050301010601,2017,28.872095076,10.69539429,0.711175877
050301010601,2018,44.86717061,12.53003296,0.733622007
050301010601,2019,36.843563443,10.819364003,0.673790249
050301010602,2010,22.679735594,9.593077271,0.682565409
050301010602,2011,51.742331465,15.815227227,0.744829877
050301010602,2012,34.36563617,13.588501731,0.752349378
050301010602,2013,47.737738904,19.166665159,0.78812132
050301010602,2014,29.40101698,12.395127353,0.74576377
050301010602,2015,27.019615807,10.234348975,0.72582414
050301010602,2016,38.564280116,15.179907118,0.764142648
050301010602,2017,50.988023493,18.892935499,0.789294369
050301010602,2018,53.277636555,19.402127157,0.790766164
050301010602,2019,36.890753565,14.999308617,0.752587196
050301010603,2010,19.618668261,9.527721283,0.606194977
050301010603,2011,44.643788353,17.445208145,0.682557161
050301010603,2012,28.954273077,13.370110657,0.665462121
050301010603,2013,44.029966692,21.159336528,0.715194531
050301010603,2014,23.887880506,12.60421989,0.671113059
050301010603,2015,21.105239638,9.782872237,0.64479419
050301010603,2016,32.774055176,15.658150384,0.675512375
050301010603,2017,44.117860515,20.409761365,0.706682378
050301010603,2018,46.062960392,20.523193386,0.708261313
050301010603,2019,34.44401564,16.757548665,0.679727655
050301010604,2010,23.610838514,8.455988528,0.635669286
050301010604,2011,43.850816008,11.732400932,0.708169975
050301010604,2012,26.29277338,8.582976644,0.656161219
050301010604,2013,46.827190622,14.730775403,0.722575885
050301010604,2014,18.687255293,8.194670412,0.662869012
050301010604,2015,21.245459525,6.926763176,0.656346396
050301010604,2016,31.957131432,11.777165313,0.699782802
050301010604,2017,41.778111815,13.310652355,0.707798299
050301010604,2018,47.035220949,14.22615425,0.718154105
050301010604,2019,39.105568172,11.997027536,0.68591015
050301010605,2010,24.591073985,11.393139923,0.634943074
050301010605,2011,47.798163957,18.058333284,0.707219783
050301010605,2012,30.864065543,13.918049207,0.669541977
050301010605,2013,53.715388109,23.552754714,0.737092055
050301010605,2014,23.479590058,12.135619908,0.676002639
050301010605,2015,24.190358627,10.642693976,0.667021371
050301010605,2016,36.777224324,17.43467341,0.709815767
050301010605,2017,47.367440817,20.486146551,0.720198642
050301010605,2018,52.83731938,22.433068699,0.728580877
050301010605,2019,40.026311869,17.159108369,0.694836337
050301010606,2010,25.736191919,8.87038527,0.664725557
050301010606,2011,53.904106745,13.528427286,0.73860805
050301010606,2012,32.910734363,9.805058532,0.702939495
050301010606,2013,52.234394741,15.603747477,0.769417007
050301010606,2014,27.009547331,9.930108726,0.707310692
050301010606,2015,26.270764737,7.943339115,0.687911363
050301010606,2016,39.341158367,12.470860058,0.744238793
050301010606,2017,50.077001182,15.509163303,0.757237627
050301010606,2018,57.21138408,15.291054589,0.757876186
050301010606,2019,44.027790212,13.299753383,0.723923404
050301010607,2010,22.347130444,11.901231636,0.65617636
050301010607,2011,45.085432944,19.644558821,0.746805922
050301010607,2012,27.397664123,13.436742561,0.697664238
050301010607,2013,38.417275657,19.926168408,0.745628882
050301010607,2014,26.269470399,14.220663894,0.704485417
050301010607,2015,20.840615155,10.668069405,0.646221057
050301010607,2016,26.873633294,13.635106362,0.723812781
050301010607,2017,38.894104974,18.883498437,0.74697805
050301010607,2018,44.008757366,19.519357881,0.734458292
050301010607,2019,42.061637972,20.409646586,0.726638718
050301010608,2010,26.041631744,8.212849889,0.678873743
050301010608,2011,44.196949054,12.081404703,0.760414729
050301010608,2012,25.612840688,7.992837537,0.697333755
050301010608,2013,39.340134284,12.781452651,0.758686245
050301010608,2014,25.95247425,9.067508918,0.717843827
050301010608,2015,21.622086502,6.834954261,0.668573964
050301010608,2016,27.682271228,9.481529571,0.742513516
050301010608,2017,35.117315904,12.163747766,0.763262955
050301010608,2018,46.700494014,12.809256617,0.755262158
050301010608,2019,44.421935538,12.65223732,0.737483749
050301010609,2010,31.830225399,10.414385823,0.676022804
050301010609,2011,52.695631996,14.270696462,0.768936284
050301010609,2012,29.291709998,10.118440268,0.700377962
050301010609,2013,46.284582487,15.007014743,0.758488219
050301010609,2014,29.6943389,11.538546274,0.722150397
050301010609,2015,27.875335497,9.546566338,0.687029749
050301010609,2016,33.176001436,11.777070997,0.740653724
050301010609,2017,39.773363247,13.750636177,0.752192108
050301010609,2018,52.840750604,14.795715894,0.764053897
050301010609,2019,48.671987455,13.58885604,0.724157264
050301010610,2010,27.661759704,7.853737083,0.651609065
050301010610,2011,42.844002566,11.249201227,0.719605726
050301010610,2012,21.063418079,6.824162394,0.651318098
050301010610,2013,35.538294117,11.392509977,0.720583387
050301010610,2014,27.616198372,9.349628391,0.689975915
050301010610,2015,22.788347938,7.218796183,0.651285346
050301010610,2016,25.598646405,8.477059573,0.680464491
050301010610,2017,30.686995071,10.02736868,0.708797124
050301010610,2018,44.482563355,11.660272132,0.72258946
050301010610,2019,39.902489647,12.052671266,0.680446959
050301010701,2010,33.309567315,5.406530296,0.687201422
050301010701,2011,46.829310039,7.012060122,0.740457806
050301010701,2012,23.574326763,4.359870811,0.666350296
050301010701,2013,47.824216121,6.994563138,0.767050663
050301010701,2014,27.445105133,5.25580341,0.72092433
050301010701,2015,24.996312694,4.315277382,0.68750154
050301010701,2016,26.071814934,4.70775917,0.715404313
050301010701,2017,28.796097241,4.77774827,0.732043703
050301010701,2018,59.459827584,7.91993202,0.749701116
050301010701,2019,38.543309295,6.843667056,0.690428364
050301010702,2010,22.628432512,5.760752532,0.663350269
050301010702,2011,39.08601437,8.632575241,0.708838367
050301010702,2012,18.584399921,5.085412326,0.638577234
050301010702,2013,38.652270585,8.295664577,0.738466107
050301010702,2014,22.604838361,6.440527817,0.712093113
050301010702,2015,20.049486486,5.357827773,0.64452886
050301010702,2016,18.602485662,4.967176702,0.677413685
050301010702,2017,22.068102876,5.232235765,0.718770118
050301010702,2018,49.454164936,9.690214556,0.728282849
050301010702,2019,30.854319082,8.407780212,0.668065278
050301010703,2010,22.542616382,5.910166206,0.668781803
050301010703,2011,38.508178103,8.683656338,0.701739308
050301010703,2012,17.906794451,5.100984871,0.638296244
050301010703,2013,35.988368442,8.408784912,0.739640542
050301010703,2014,21.63968647,6.421143064,0.708135236
050301010703,2015,19.484181355,5.350031363,0.638598295
050301010703,2016,17.740134851,4.985818343,0.678102315
050301010703,2017,21.943920598,5.383079677,0.721616616
050301010703,2018,48.176238077,9.88002767,0.730426854
050301010703,2019,30.32832676,8.588829673,0.670980743
050301010704,2010,29.34621502,6.181543654,0.657007857
050301010704,2011,38.534871341,7.014069221,0.712495286
050301010704,2012,21.586202908,4.95316049,0.642247726
050301010704,2013,42.295533445,7.792341595,0.730781457
050301010704,2014,23.103893727,5.748144907,0.686327263
050301010704,2015,21.143377527,4.62300557,0.660160579
050301010704,2016,23.726163543,5.531644224,0.696756351
050301010704,2017,25.263135041,5.72872728,0.704071667
050301010704,2018,56.543710028,8.870817498,0.732603765
050301010704,2019,37.526038101,7.913797473,0.672813262
050301010801,2010,31.677223416,7.612058131,0.647801759
050301010801,2011,33.041699866,7.657959011,0.690753432
050301010801,2012,20.914667759,6.137445347,0.638246321
050301010801,2013,43.617980102,9.389666007,0.7164816
050301010801,2014,21.133983578,6.774445369,0.671095753
050301010801,2015,19.354780343,5.391688783,0.651306729
050301010801,2016,22.131321591,6.649440623,0.681052586
050301010801,2017,24.814491599,7.408904422,0.69064481
050301010801,2018,57.217932935,10.405161946,0.731754283
050301010801,2019,37.359244222,9.23175649,0.656004671
050301010802,2010,33.561986082,9.355251057,0.686641046
050301010802,2011,47.180788051,11.657012299,0.729733047
050301010802,2012,27.427211883,8.505109475,0.674613913
050301010802,2013,44.107466406,11.890116499,0.761873705
050301010802,2014,29.44201395,9.67319507,0.732201988
050301010802,2015,25.679187259,8.183186552,0.692573564
050301010802,2016,31.088812788,9.720098523,0.72596175
050301010802,2017,32.644210999,9.674642731,0.751915929
050301010802,2018,57.569272021,13.427656612,0.762496095
050301010802,2019,41.896717743,12.290542559,0.717733967
050301010803,2010,35.87817156,9.359833422,0.683408225
050301010803,2011,50.799400672,11.824247433,0.733969435
050301010803,2012,29.527096308,8.651967589,0.676599231
050301010803,2013,47.020825254,11.818244427,0.760086113
050301010803,2014,30.986971479,9.633792421,0.731084448
050301010803,2015,27.218576937,8.096956296,0.690005574
050301010803,2016,33.048426057,9.878980207,0.727652761
050301010803,2017,35.40024179,9.853266696,0.752637134
050301010803,2018,59.398070339,13.272869083,0.759526131
050301010803,2019,45.978566206,12.16976949,0.713607454
050301010804,2010,30.888676315,7.483751905,0.663537412
050301010804,2011,43.275130007,9.252394143,0.710926569
050301010804,2012,26.892764258,6.866886914,0.662494948
050301010804,2013,42.429893232,9.520439798,0.737454585
050301010804,2014,26.671609763,7.68993806,0.702596019
050301010804,2015,23.909353246,6.550214762,0.666042218
050301010804,2016,29.123119373,7.778151769,0.709080412
050301010804,2017,30.615009604,7.935936288,0.724430137
050301010804,2018,56.538942808,10.711454723,0.742277818
050301010804,2019,40.951016669,9.668069525,0.689914833
050301011001,2010,35.749928988,30.079387487,0.628190415
050301011001,2011,43.289440717,37.082181327,0.682782359
050301011001,2012,25.250151159,21.628738535,0.600861278
050301011001,2013,43.721117083,36.460287049,0.68045446
050301011001,2014,29.776881772,26.29554381,0.63709923
050301011001,2015,29.901583472,25.550490994,0.634380967
050301011001,2016,31.105704706,26.921937437,0.647785902
050301011001,2017,32.238214588,27.958771173,0.654182042
050301011001,2018,47.443059579,39.564298754,0.684366471
050301011001,2019,40.033765566,35.001204872,0.623307573
050301011002,2010,33.349317149,29.499074187,0.628964021
050301011002,2011,41.289828631,36.512181963,0.680441958
050301011002,2012,23.056108412,20.520775048,0.59471475
050301011002,2013,42.941581436,37.266162818,0.680131819
050301011002,2014,29.127468777,26.755389814,0.637924333
050301011002,2015,26.747529515,23.891281373,0.627210441
050301011002,2016,27.785428873,24.995419026,0.641856476
050301011002,2017,30.182896213,27.595671751,0.654803873
050301011002,2018,48.603377685,42.461997418,0.690102193
050301011002,2019,37.321357779,33.939171201,0.617242574
050301011003,2010,38.826159992,31.355253634,0.630135956
050301011003,2011,45.054093541,37.118626235,0.683834565
050301011003,2012,26.402304342,21.416153367,0.602228128
050301011003,2013,46.126114908,36.79751886,0.682361357
050301011003,2014,32.498614321,27.563212577,0.63885613
050301011003,2015,32.427278774,26.371521441,0.641192043
050301011003,2016,34.119754749,28.101803627,0.654324465
050301011003,2017,37.631955955,31.133637936,0.656503533
050301011003,2018,52.689423988,41.973388853,0.684817847
050301011003,2019,43.772619833,36.401401129,0.627514979
050301011004,2010,38.353361673,28.27533157,0.656796431
050301011004,2011,42.781902608,30.741095188,0.696160026
050301011004,2012,26.933518984,18.490009,0.612682878
050301011004,2013,42.727445558,31.23709995,0.699364285
050301011004,2014,31.348506862,24.384542049,0.675861594
050301011004,2015,29.068972657,21.340223194,0.651118697
050301011004,2016,33.80994487,25.067056476,0.665025859
050301011004,2017,40.108955185,30.946040442,0.686588509
050301011004,2018,57.685816379,39.25952772,0.713899153
050301011004,2019,36.55876293,28.206652224,0.625419396
050301011005,2010,38.362499329,30.530322132,0.635425348
050301011005,2011,43.074732805,34.540075484,0.676336504
050301011005,2012,25.950568537,21.036487477,0.602230127
050301011005,2013,44.644241759,34.707198337,0.680545993
050301011005,2014,31.18001435,26.592279314,0.649758017
050301011005,2015,28.782919502,23.44648845,0.631563505
050301011005,2016,32.98639732,27.165374883,0.649418005
050301011005,2017,37.781872471,31.68805677,0.666833584
050301011005,2018,56.266738368,43.188940668,0.700305689
050301011005,2019,38.267080276,31.734623099,0.617407978
050301011102,2010,25.90306862,9.647928086,0.600135362
050301011102,2011,45.690308501,16.161118123,0.610254801
050301011102,2012,22.259243745,9.292261939,0.581132599
050301011102,2013,37.215666658,14.106501035,0.665253546
050301011102,2014,26.881617468,12.630915029,0.626014196
050301011102,2015,24.374655909,11.102154433,0.57171833
050301011102,2016,24.554877885,9.691719067,0.606515337
050301011102,2017,27.33099174,10.978335349,0.640680686
050301011102,2018,51.59572553,17.803893447,0.675282458
050301011102,2019,37.893483004,14.476434597,0.617881131
050301011103,2010,33.616468612,11.417247349,0.622481446
050301011103,2011,55.317244529,18.261589809,0.655024025
050301011103,2012,29.516197781,10.991530033,0.612412312
050301011103,2013,44.420983132,14.860891635,0.686047958
050301011103,2014,34.938735038,14.298042863,0.656986329
050301011103,2015,32.013336453,12.456839419,0.607006522
050301011103,2016,33.202164727,11.626090634,0.641471699
050301011103,2017,35.791002845,12.371083133,0.667435053
050301011103,2018,60.672294219,18.891825401,0.694553031
050301011103,2019,48.454372187,16.761985775,0.644660693
050301011106,2010,32.176430572,12.128726426,0.629139799
050301011106,2011,46.340828055,17.036906605,0.693553908
050301011106,2012,27.465870423,10.434859148,0.634817283
050301011106,2013,39.701589149,14.171683888,0.710250836
050301011106,2014,33.258951525,14.162276718,0.680845939
050301011106,2015,26.048147527,10.394614106,0.620515107
050301011106,2016,33.979682622,12.422531744,0.686709644
050301011106,2017,34.619968112,12.750531844,0.689040855
050301011106,2018,57.719268495,19.375525414,0.721601402
050301011106,2019,44.049874971,18.083974301,0.659773259
050301011107,2010,38.274661882,16.653038299,0.685310099
050301011107,2011,49.156364303,22.039891563,0.698018216
050301011107,2012,29.552955347,12.817156489,0.655640172
050301011107,2013,45.621582287,18.002751668,0.758993483
050301011107,2014,35.141670455,16.864175379,0.707736765
050301011107,2015,30.591179448,13.743755033,0.667535366
050301011107,2016,36.165581697,16.471482251,0.702283295
050301011107,2017,36.821783816,16.141818067,0.726506041
050301011107,2018,66.338472945,26.016173528,0.766491135
050301011107,2019,47.111685947,22.260979719,0.673982814
050301011109,2010,48.536356517,17.540428813,0.703837343
050301011109,2011,60.892436231,22.585573266,0.7212321
050301011109,2012,37.168747869,13.854404807,0.67006179
050301011109,2013,54.819073402,18.460422575,0.766171078
050301011109,2014,43.468296208,17.565838023,0.728595877
050301011109,2015,40.691677253,14.981918592,0.691365008
050301011109,2016,47.537734599,17.640906894,0.72780239
050301011109,2017,50.287846593,17.630489704,0.741942812
050301011109,2018,78.88763604,26.495115009,0.778971995
050301011109,2019,54.210058802,22.601092906,0.690579268
050301020104,2010,16.366868185,14.253770303,0.627329011
050301020104,2011,40.730419126,33.717390038,0.700393546
050301020104,2012,23.9443013,20.871976242,0.635265654
050301020104,2013,36.776390736,28.369624717,0.714873665
050301020104,2014,18.235262407,16.82436966,0.643606759
050301020104,2015,22.178307164,18.074416152,0.655886141
050301020104,2016,27.014057502,23.032492127,0.657431113
050301020104,2017,34.283375905,27.219639745,0.674029749
050301020104,2018,32.455419509,27.922294977,0.689287319
050301020104,2019,31.25094916,26.294080497,0.668320622
050301020105,2010,17.896865458,15.951210351,0.709398798
050301020105,2011,34.120871859,29.243324699,0.779722728
050301020105,2012,23.632600799,21.183589716,0.710686831
050301020105,2013,32.477811785,27.475757514,0.796365494
050301020105,2014,17.639116249,16.249762532,0.734078431
050301020105,2015,23.179554158,20.263219172,0.751538464
050301020105,2016,27.637600881,24.489698073,0.755276319
050301020105,2017,32.712303245,27.332485134,0.772137219
050301020105,2018,28.915179553,25.282317923,0.769854826
050301020105,2019,29.528498581,25.935726216,0.755363505
050301020301,2010,33.321942447,22.181222315,0.633686274
050301020301,2011,69.004129125,38.674675772,0.695322596
050301020301,2012,47.391503653,29.633976527,0.655439006
050301020301,2013,64.466363287,35.160172046,0.697528702
050301020301,2014,31.538223922,21.88607786,0.65862559
050301020301,2015,47.47930873,26.953732033,0.668595842
050301020301,2016,46.600651133,28.436866341,0.663480015
050301020301,2017,59.232673143,34.793156792,0.676915238
050301020301,2018,53.653459935,31.09403182,0.670093507
050301020301,2019,51.489836381,31.496062731,0.663895268
050301020302,2010,17.558750003,11.53206799,0.575066536
050301020302,2011,56.393000642,32.668639701,0.665474377
050301020302,2012,39.777024218,23.655747211,0.632019885
050301020302,2013,42.345615399,24.970692372,0.660886645
050301020302,2014,24.141078071,16.846862894,0.62130964
050301020302,2015,26.537898546,15.737596068,0.640420937
050301020302,2016,35.801966266,21.81125708,0.628553774
050301020302,2017,52.186732545,28.48953767,0.651196004
050301020302,2018,43.859517115,25.703512067,0.638548105
050301020302,2019,39.368472534,23.372665181,0.640487651
050301020303,2010,28.162948184,16.872536015,0.636939478
050301020303,2011,70.156701,35.682723696,0.71078603
050301020303,2012,47.802935036,25.53230505,0.675189797
050301020303,2013,59.37438903,31.052759581,0.701764116
050301020303,2014,30.403224262,18.545177172,0.668649321
050301020303,2015,39.547386033,21.687827297,0.687667725
050301020303,2016,50.663003126,26.97969078,0.68114967
050301020303,2017,61.39306118,31.844151092,0.693455247
050301020303,2018,54.256872912,27.960267807,0.688988481
050301020303,2019,52.139043699,28.121186483,0.682567707
050301020304,2010,16.353784559,10.514058775,0.54411444
050301020304,2011,44.004479402,22.562768625,0.630436573
050301020304,2012,28.393508054,15.842678613,0.582694498
050301020304,2013,39.096348953,19.648691132,0.629854421
050301020304,2014,19.130610684,12.198957588,0.582444042
050301020304,2015,24.298693861,13.250655841,0.597026908
050301020304,2016,28.143458052,15.485239336,0.584361486
050301020304,2017,48.410168286,24.752218001,0.608067212
050301020304,2018,38.711525527,20.275812912,0.61705037
050301020304,2019,32.490396685,17.231014542,0.609366849
050301020401,2010,31.596040165,25.634619056,0.718397073
050301020401,2011,70.515371042,52.954649941,0.80041263
050301020401,2012,45.332497993,35.796909546,0.757640915
050301020401,2013,59.729466483,46.008792084,0.806493723
050301020401,2014,32.147828018,27.220624758,0.749333769
050301020401,2015,34.961405803,28.229993098,0.762407803
050301020401,2016,48.967443838,39.170719596,0.772566274
050301020401,2017,62.59497676,46.873806862,0.792221045
050301020401,2018,56.821109738,43.680140255,0.789915366
050301020401,2019,48.051006623,38.316947557,0.762895977
050301020601,2010,35.305047788,22.023159956,0.715125484
050301020601,2011,68.452354198,39.334906008,0.803069576
050301020601,2012,42.271292708,26.25184502,0.757770761
050301020601,2013,60.223550512,33.869250335,0.812469251
050301020601,2014,39.034333078,24.61551158,0.777348458
050301020601,2015,39.347098344,23.600903081,0.784454877
050301020601,2016,42.760337132,25.162124297,0.777971668
050301020601,2017,77.174146156,41.558726812,0.802470588
050301020601,2018,68.632809666,37.63559738,0.820789097
050301020601,2019,55.33275925,32.158020791,0.791641256
050301020602,2010,37.917231309,22.106658103,0.718349572
050301020602,2011,67.562963065,39.179604602,0.799967831
050301020602,2012,43.511035828,25.901933,0.758725004
050301020602,2013,59.263596469,33.463613474,0.809696814
050301020602,2014,42.280752933,24.785866257,0.781176789
050301020602,2015,38.93885411,23.604552876,0.781759437
050301020602,2016,42.586965733,24.936526341,0.775943224
050301020602,2017,74.68651746,41.063547977,0.799317181
050301020602,2018,71.553564742,37.710895514,0.822444171
050301020602,2019,54.213760833,31.869669757,0.789401445
050301020603,2010,40.976706685,20.279678274,0.745599478
050301020603,2011,72.721856038,35.776315293,0.814882162
050301020603,2012,47.721136613,23.788957461,0.779732498
050301020603,2013,64.335774936,30.568260382,0.827694246
050301020603,2014,45.021235078,22.873540841,0.799442517
050301020603,2015,45.222684034,22.165160612,0.800442637
050301020603,2016,51.352157568,23.885465471,0.795992768
050301020603,2017,78.078083278,36.937930918,0.819825146
050301020603,2018,74.730092424,34.153995777,0.83598549
050301020603,2019,59.56047958,29.359611295,0.807850219
050301020606,2010,40.458602155,17.940119696,0.744460197
050301020606,2011,68.1095644,33.000743182,0.805463133
050301020606,2012,48.610682447,21.801512629,0.783086999
050301020606,2013,60.927050029,27.098839488,0.827210529
050301020606,2014,42.003218982,20.468756898,0.791578043
050301020606,2015,41.517484276,19.773700682,0.789740925
050301020606,2016,50.204254688,22.439414166,0.798470653
050301020606,2017,71.263915951,31.83412927,0.819533126
050301020606,2018,74.707306349,32.40688692,0.827860854
050301020606,2019,57.585302645,26.303010747,0.801160462
050301030101,2010,23.907897415,9.630844337,0.621347635
050301030101,2011,47.806272287,17.702793456,0.690955617
050301030101,2012,27.632626082,10.485676734,0.649430845
050301030101,2013,45.790696727,15.252845292,0.714678465
050301030101,2014,25.563092275,11.36978675,0.665343713
050301030101,2015,23.152865393,9.949963281,0.653738413
050301030101,2016,26.986798807,10.673466256,0.670077233
050301030101,2017,29.787288005,10.539427003,0.696447282
050301030101,2018,50.700447052,17.91281615,0.68554359
050301030101,2019,34.604082865,14.126721352,0.649971142
050301030102,2010,35.591339615,20.463979957,0.601817406
050301030102,2011,56.056937723,27.443840033,0.671376391
050301030102,2012,28.567816782,15.572528607,0.590235358
050301030102,2013,62.294894453,30.495586755,0.685284038
050301030102,2014,36.028930369,20.582869461,0.634723498
050301030102,2015,27.840643442,13.456949715,0.644958598
050301030102,2016,27.910700523,14.292489319,0.634417912
050301030102,2017,36.6576524,19.022378712,0.647572736
050301030102,2018,56.477134687,28.985200726,0.654735583
050301030102,2019,45.583727618,24.682517176,0.632092905
050301030103,2010,33.327614672,9.506957138,0.601560723
050301030103,2011,55.407008763,15.713350237,0.667672409
050301030103,2012,32.870459499,9.533168588,0.621232504
050301030103,2013,57.662073234,14.700364041,0.685162175
050301030103,2014,34.867880265,10.827863661,0.640469557
050301030103,2015,29.403669627,8.866609768,0.63595704
050301030103,2016,33.336077506,9.628280704,0.643317783
050301030103,2017,39.221137972,10.094967591,0.663939485
050301030103,2018,56.575583471,15.625072395,0.656364171
050301030103,2019,42.434879464,12.765810336,0.633585819
050301030201,2010,33.784881629,22.029865768,0.579302414
050301030201,2011,52.878863054,29.708515547,0.660918394
050301030201,2012,27.359799352,17.064592522,0.571564888
050301030201,2013,58.570570679,33.203222979,0.671625512
050301030201,2014,33.13672495,22.358204295,0.623651287
050301030201,2015,25.186169938,15.075127525,0.629279743
050301030201,2016,25.952696216,15.88668662,0.617120657
050301030201,2017,33.407037782,20.857430656,0.6288023
050301030201,2018,52.000483817,30.855590147,0.638190774
050301030201,2019,43.362409713,26.701244606,0.62606123
050301030202,2010,24.191708996,12.510683058,0.441025705
050301030202,2011,33.940174766,13.073209327,0.49615567
050301030202,2012,22.000891524,11.115582828,0.447089261
050301030202,2013,47.40550906,23.230230238,0.50329675
050301030202,2014,25.566302464,13.601008453,0.467980027
050301030202,2015,15.556242934,6.517367876,0.465642968
050301030202,2016,20.511374171,9.866496273,0.451285385
050301030202,2017,28.066931422,13.833450554,0.463045819
050301030202,2018,35.724446252,14.904029972,0.497604134
050301030202,2019,30.943491929,14.217982528,0.49144363
050301030203,2010,27.385436591,14.285631024,0.566089928
050301030203,2011,43.222128269,19.36947304,0.635283935
050301030203,2012,28.45364622,14.636498829,0.601609113
050301030203,2013,52.112069826,22.575585946,0.663376117
050301030203,2014,28.484041584,15.0573336,0.615091655
050301030203,2015,19.445766502,10.197932599,0.606795411
050301030203,2016,27.467260067,13.797904697,0.617225355
050301030203,2017,36.885997903,17.266750603,0.638444128
050301030203,2018,47.47689068,21.123447833,0.636660445
050301030203,2019,34.580296539,16.445733941,0.612326235
050301030204,2010,31.022153754,10.929957308,0.438605179
050301030204,2011,43.290623716,13.474026411,0.481015859
050301030204,2012,27.586245395,10.386545647,0.44543884
050301030204,2013,56.064168945,17.771701822,0.497425305
050301030204,2014,31.670120101,11.957258345,0.463955409
050301030204,2015,22.952764889,8.94828223,0.460878906
050301030204,2016,29.704031247,10.946666264,0.460121235
050301030204,2017,34.985405337,12.725440218,0.462943957
050301030204,2018,45.496164275,14.31192549,0.489640963
050301030204,2019,36.808992379,13.117893453,0.476594848
050301030301,2010,21.384406102,14.829819359,0.425668048
050301030301,2011,33.776317597,23.536009109,0.471348378
050301030301,2012,24.394903316,17.700147755,0.438816538
050301030301,2013,35.886352763,25.413139254,0.471246132
050301030301,2014,28.776700149,20.259256381,0.445615377
050301030301,2015,15.659212358,12.224286988,0.435974885
050301030301,2016,20.442559154,15.52511273,0.420976186
050301030301,2017,29.400376361,21.331280455,0.444287134
050301030301,2018,36.60683255,24.930370807,0.4719495
050301030301,2019,30.285754245,22.313901614,0.462304385
050301030302,2010,30.329602892,21.735987038,0.488350389
050301030302,2011,51.435090276,35.201433994,0.538775231
050301030302,2012,29.489092543,21.812615648,0.489447887
050301030302,2013,52.9923523,37.402194283,0.54804099
050301030302,2014,30.478074382,22.609086299,0.508710768
050301030302,2015,24.548840829,18.876945666,0.511309111
050301030302,2016,26.57192652,19.73255451,0.495040367
050301030302,2017,41.345054913,29.587535043,0.510642156
050301030302,2018,41.014399652,28.114456222,0.524520985
050301030302,2019,38.757730936,28.384317899,0.521999921
050301030303,2010,39.838120003,32.221852631,0.577612173
050301030303,2011,67.362313402,51.615970965,0.655831072
050301030303,2012,38.247448575,31.46233191,0.589121213
050301030303,2013,60.618584431,48.275819592,0.659743293
050301030303,2014,39.029083726,32.275289944,0.628393078
050301030303,2015,32.699156047,26.93234427,0.632418347
050301030303,2016,30.724409769,25.266167669,0.592002553
050301030303,2017,45.380004794,36.066270576,0.625404066
050301030303,2018,52.67104099,39.610721335,0.618117044
050301030303,2019,50.710444331,40.968740188,0.624496313
050301030304,2010,25.121691911,19.180479436,0.524641065
050301030304,2011,43.713591328,31.202155987,0.594296361
050301030304,2012,25.655294293,19.184103615,0.533380556
050301030304,2013,39.653486329,29.147235781,0.58936959
050301030304,2014,25.945577727,19.644035772,0.554849113
050301030304,2015,19.530383518,15.35378247,0.553235308
050301030304,2016,21.070361902,16.107011184,0.527671471
050301030304,2017,32.083344206,23.221104192,0.558587353
050301030304,2018,35.467730313,24.442777086,0.560449056
050301030304,2019,31.137427213,23.557193104,0.55942097
050301030305,2010,17.786699602,13.585557495,0.455867957
050301030305,2011,38.049044317,27.463627512,0.520812523
050301030305,2012,23.925559266,17.932952167,0.482359211
050301030305,2013,29.586005733,22.787791443,0.511931832
050301030305,2014,23.512877064,17.499038335,0.489341451
050301030305,2015,14.953972667,12.398896445,0.470754055
050301030305,2016,22.821275805,17.422087759,0.463441586
050301030305,2017,28.150896331,21.610042724,0.494438425
050301030305,2018,33.664707283,23.064450344,0.511133847
050301030305,2019,28.664189546,21.580924583,0.50476338
050301030306,2010,26.982714956,14.986699753,0.480636856
050301030306,2011,42.439833381,24.129677332,0.536334107
050301030306,2012,31.267980109,18.637998006,0.50139158
050301030306,2013,45.392490378,26.207696538,0.551384311
050301030306,2014,34.165151888,19.430894509,0.523676448
050301030306,2015,20.549231074,13.707600228,0.506295531
050301030306,2016,27.257510923,16.507169864,0.498904688
050301030306,2017,35.904782829,21.425956544,0.51711095
050301030306,2018,46.209002226,25.174389594,0.540932217
050301030306,2019,36.853838873,22.439099607,0.536041232
050301030401,2010,12.669352133,4.187417744,0.446034418
050301030401,2011,30.078781822,7.899635496,0.497885573
050301030401,2012,18.236932788,6.395361699,0.461787076
050301030401,2013,29.939658338,8.374728344,0.492463659
050301030401,2014,15.428999623,6.450537504,0.44766692
050301030401,2015,16.676240307,4.181791331,0.461597065
050301030401,2016,16.151873675,4.480418869,0.445045816
050301030401,2017,24.102709876,7.997583663,0.457633487
050301030401,2018,31.057287092,11.179057431,0.493719948
050301030401,2019,22.89129944,7.157069642,0.477060179
050301030402,2010,11.47595445,0.538274794,0.496103128
050301030402,2011,40.859882898,2.055301343,0.572320216
050301030402,2012,18.380169587,1.438784124,0.560807128
050301030402,2013,28.026453519,1.61501174,0.589958112
050301030402,2014,15.471242426,1.116044892,0.543342359
050301030402,2015,15.026744399,0.803785302,0.541181558
050301030402,2016,18.923570293,0.929370357,0.542763814
050301030402,2017,25.132994215,1.199584516,0.582671792
050301030402,2018,36.775646649,2.299262955,0.587894131
050301030402,2019,22.888758752,1.514844844,0.561239762
050301030403,2010,20.967202795,3.617639195,0.43690853
050301030403,2011,44.252136473,6.934404877,0.489320978
050301030403,2012,28.554012616,5.657417595,0.456602794
050301030403,2013,42.840804243,7.056794539,0.483039515
050301030403,2014,23.785954647,5.88913992,0.436205735
050301030403,2015,26.951604893,3.366304846,0.454257989
050301030403,2016,27.767032267,3.927973616,0.436151973
050301030403,2017,38.667823188,7.232778365,0.45300589
050301030403,2018,44.483882919,10.06203581,0.487777379
050301030403,2019,32.837791693,6.08289206,0.465931383
050301030404,2010,22.845450178,2.546867703,0.544729016
050301030404,2011,54.203743069,4.63593125,0.629237319
050301030404,2012,33.248876156,3.905905134,0.608374725
050301030404,2013,46.38448709,4.802040448,0.635891163
050301030404,2014,26.189980126,2.760407557,0.571507362
050301030404,2015,29.262227833,3.16211897,0.619958943
050301030404,2016,31.000168552,3.286579397,0.593453773
050301030404,2017,45.925529733,4.128391338,0.623395922
050301030404,2018,51.253667079,4.718894926,0.615953802
050301030404,2019,34.190259271,4.059361832,0.605413138
050301030405,2010,25.345765785,4.969857433,0.559901905
050301030405,2011,51.884849658,8.579490821,0.633074124
050301030405,2012,35.149851675,7.734244619,0.612202258
050301030405,2013,48.108431909,8.652926802,0.639801592
050301030405,2014,28.736522396,5.909493656,0.594902514
050301030405,2015,26.541079876,5.394798257,0.602722989
050301030405,2016,31.550239665,6.384289841,0.606035473
050301030405,2017,46.565107633,7.669060216,0.628893653
050301030405,2018,50.760796855,8.952125564,0.635301293
050301030405,2019,38.619264,7.71636203,0.611208901
050301030406,2010,19.504612475,7.998050263,0.600205116
050301030406,2011,40.241109781,12.783948873,0.678962091
050301030406,2012,26.777636132,11.080948638,0.645674503
050301030406,2013,34.633301788,12.755014406,0.659623333
050301030406,2014,25.706410721,10.058144847,0.634219668
050301030406,2015,18.147633631,7.877750562,0.625444156
050301030406,2016,24.230603364,9.852983868,0.635760941
050301030406,2017,32.238237918,11.389477369,0.662325065
050301030406,2018,36.850374086,12.346529977,0.669871486
050301030406,2019,31.912321233,11.534030345,0.644759938
050301030501,2010,22.678688141,16.390882594,0.605552772
050301030501,2011,55.327856611,34.106493398,0.670251861
050301030501,2012,33.680909622,23.086454647,0.625139221
050301030501,2013,46.513046809,29.697529656,0.676911955
050301030501,2014,23.487797272,17.1413839,0.619864631
050301030501,2015,29.503704684,20.086536422,0.644249582
050301030501,2016,32.839021841,22.859112361,0.630911497
050301030501,2017,41.415836928,28.045977078,0.643803875
050301030501,2018,43.808335816,27.596413308,0.644755666
050301030501,2019,36.611724208,25.080707561,0.64087885
050301030502,2010,18.126830224,8.126580708,0.542092577
050301030502,2011,40.371226013,17.821418526,0.598071486
050301030502,2012,27.383319054,12.712347602,0.562793791
050301030502,2013,31.86894013,15.411762377,0.607789856
050301030502,2014,20.045136866,9.323842501,0.568398512
050301030502,2015,23.312023855,11.157657853,0.58366093
050301030502,2016,22.709843798,10.845661826,0.56132486
050301030502,2017,40.577028877,16.925359549,0.573468781
050301030502,2018,34.511728231,14.749070861,0.585513828
050301030502,2019,30.114338619,14.30480789,0.584646421
050301030503,2010,29.802354888,10.485444497,0.505800004
050301030503,2011,53.61315143,19.341724912,0.557817699
050301030503,2012,40.945133138,14.799897821,0.525946784
050301030503,2013,45.281702081,15.657220798,0.560705024
050301030503,2014,32.677270546,12.209781834,0.526158901
050301030503,2015,28.571345827,9.599296445,0.524389724
050301030503,2016,36.621146246,13.121252004,0.514956294
050301030503,2017,57.927639603,21.478527561,0.533223364
050301030503,2018,54.203690276,19.862509092,0.551920213
050301030503,2019,41.535982939,14.510317292,0.538710069
050301030601,2010,17.151065358,2.849352441,0.443188424
050301030601,2011,33.614576031,4.122794578,0.497261428
050301030601,2012,24.182825713,3.540380062,0.461164933
050301030601,2013,35.638549947,4.579229745,0.497974401
050301030601,2014,25.295967143,3.483403412,0.469513672
050301030601,2015,14.376479688,2.344287097,0.452353786
050301030601,2016,19.815938833,2.771239577,0.439653415
050301030601,2017,25.198450804,3.217750804,0.460810491
050301030601,2018,35.539009761,4.480567046,0.49901213
050301030601,2019,28.553584564,3.798246029,0.487535158
050301030602,2010,27.655450613,5.878711568,0.521875838
050301030602,2011,43.101146072,8.365129951,0.584481856
050301030602,2012,38.002424356,7.421448568,0.546539402
050301030602,2013,46.697430704,8.798399121,0.589904493
050301030602,2014,32.294805512,6.065749648,0.564359463
050301030602,2015,23.12582388,5.752512579,0.560380682
050301030602,2016,29.854845951,6.022816197,0.535714085
050301030602,2017,37.760587093,7.266524885,0.565211319
050301030602,2018,42.427474887,7.934075188,0.572771346
050301030602,2019,37.382776471,8.187734487,0.570188728
050301030603,2010,33.243823134,5.762130649,0.460572593
050301030603,2011,54.52413302,9.866370165,0.508352242
050301030603,2012,44.360781523,7.437783244,0.477892784
050301030603,2013,49.032909982,7.849239892,0.508838606
050301030603,2014,38.302634985,7.403087564,0.473831976
050301030603,2015,31.617088832,4.747362389,0.477630822
050301030603,2016,38.914542047,6.430128587,0.46383119
050301030603,2017,55.115761286,10.673231724,0.486411987
050301030603,2018,52.325190551,10.171183862,0.50812328
050301030603,2019,46.633810634,8.518169,0.48860291
050301030701,2010,32.558984633,26.236040235,0.528126052
050301030701,2011,49.907449272,36.41110125,0.585477154
050301030701,2012,39.223114892,30.165229891,0.56522725
050301030701,2013,62.465935854,47.011812278,0.60384486
050301030701,2014,36.201393602,29.30353557,0.574602762
050301030701,2015,24.301404662,19.724578393,0.562334229
050301030701,2016,35.985373172,28.522457749,0.560561822
050301030701,2017,49.511037549,38.040510595,0.578035257
050301030701,2018,59.125272855,42.832828576,0.601745724
050301030701,2019,41.391469579,32.187107517,0.576805075
050301030702,2010,35.698254213,27.895757561,0.515343152
050301030702,2011,53.601133029,39.889679743,0.570826275
050301030702,2012,41.375794887,31.694352131,0.542727057
050301030702,2013,62.879588007,46.79737999,0.58189091
050301030702,2014,40.066708163,31.626630048,0.558217997
050301030702,2015,28.141226972,21.773701218,0.545652965
050301030702,2016,41.332534063,30.929116163,0.542517776
050301030702,2017,50.676580742,38.598215193,0.553321401
050301030702,2018,62.540720018,45.473296453,0.581428078
050301030702,2019,46.334728394,35.8105864,0.566489894
050301030703,2010,30.562832354,21.045557012,0.470011298
050301030703,2011,46.172377247,31.494490309,0.516832914
050301030703,2012,37.084300462,25.448170729,0.495250631
050301030703,2013,44.183534875,30.449614584,0.522677155
050301030703,2014,34.048530988,24.402152204,0.502271314
050301030703,2015,26.149230674,19.508224776,0.48921713
050301030703,2016,32.589219883,23.061200183,0.485035354
050301030703,2017,39.086049912,27.351039534,0.491657456
050301030703,2018,48.498473295,32.393939257,0.518352108
050301030703,2019,37.969510781,27.876476963,0.506440359
050301030704,2010,21.034644603,11.173949123,0.511895996
050301030704,2011,38.000167417,17.317016855,0.553865511
050301030704,2012,23.567795286,13.812356167,0.540505958
050301030704,2013,30.517792462,17.882239905,0.578972021
050301030704,2014,21.446538365,12.771024676,0.549394635
050301030704,2015,17.747098233,10.363688729,0.518831359
050301030704,2016,19.14890437,12.088369018,0.525680037
050301030704,2017,39.273292791,19.614650259,0.556756786
050301030704,2018,45.934716698,20.597596305,0.587419037
050301030704,2019,27.244231164,15.366508931,0.5440341
050301030705,2010,40.218916084,17.122062501,0.469875359
050301030705,2011,57.001036495,20.992518838,0.512990656
050301030705,2012,46.817279785,20.740862574,0.496832654
050301030705,2013,49.079953586,20.12899973,0.514756597
050301030705,2014,39.329210352,17.614039924,0.491641091
050301030705,2015,35.806418816,15.785930321,0.477508109
050301030705,2016,40.367028031,17.880849701,0.474610451
050301030705,2017,52.01699155,20.65723436,0.491639706
050301030705,2018,64.297795605,23.662246733,0.527840342
050301030705,2019,46.105952582,19.886055787,0.497316528
050301030801,2010,35.871826765,21.783215919,0.524009267
050301030801,2011,52.332608452,30.915463031,0.578367522
050301030801,2012,37.901745625,22.902449256,0.551932271
050301030801,2013,62.609492863,33.569478644,0.602093605
050301030801,2014,36.352451064,21.864541519,0.570567312
050301030801,2015,30.461302473,18.361848759,0.553349018
050301030801,2016,40.716651227,24.131404913,0.559840169
050301030801,2017,52.154984254,28.118962481,0.577619315
050301030801,2018,63.969691592,34.625125823,0.601157331
050301030801,2019,46.960159305,27.431782287,0.576801766
050301030802,2010,31.671323473,17.088300942,0.574924417
050301030802,2011,46.862599699,25.124085596,0.642855121
050301030802,2012,32.3759868,17.66110769,0.609851398
050301030802,2013,58.419985089,27.511154138,0.667602902
050301030802,2014,31.621346837,16.503409837,0.632641509
050301030802,2015,24.619192769,13.170079466,0.611607687
050301030802,2016,34.25219395,18.076163805,0.614863049
050301030802,2017,44.753618367,21.958864329,0.635751345
050301030802,2018,59.440073577,28.109571122,0.665759854
050301030802,2019,41.301177461,21.522942903,0.638244807
050301030803,2010,51.32699291,25.280506173,0.557761627
050301030803,2011,74.077665726,36.128217403,0.600344166
050301030803,2012,55.841896183,27.377402843,0.573891016
050301030803,2013,73.519989864,34.625025326,0.602869197
050301030803,2014,50.547907534,25.721354715,0.589745643
050301030803,2015,47.683064126,23.294036034,0.584256178
050301030803,2016,57.759947396,27.408588232,0.579142573
050301030803,2017,66.039378392,31.843114902,0.586315015
050301030803,2018,80.297001016,37.438102186,0.604656397
050301030803,2019,64.121271585,31.193238992,0.593659507
050301030804,2010,33.180247389,11.538647206,0.522413842
050301030804,2011,54.573623153,19.680229169,0.588892929
050301030804,2012,36.328324911,13.278450004,0.547065637
050301030804,2013,43.447342931,14.773610384,0.589336384
050301030804,2014,34.948128388,13.58631729,0.56436945
050301030804,2015,28.622524077,10.179558111,0.544246879
050301030804,2016,33.60279723,11.831697752,0.545395737
050301030804,2017,47.162864717,16.502948596,0.561695291
050301030804,2018,60.174799533,21.096242537,0.598661055
050301030804,2019,40.161429836,14.58443574,0.57188696
050301030805,2010,26.124611555,17.544126777,0.548521204
050301030805,2011,41.118346518,26.235465367,0.605546901
050301030805,2012,31.546494857,21.858958158,0.572063207
050301030805,2013,54.501459699,34.105514306,0.653615215
050301030805,2014,27.10686587,17.171001913,0.603448458
050301030805,2015,22.310991377,14.525831171,0.577310525
050301030805,2016,32.912218659,21.956525146,0.598025674
050301030805,2017,46.770339472,29.40516208,0.62235244
050301030805,2018,50.662260458,31.044800195,0.637939558
050301030805,2019,37.4835732,24.575634023,0.606353114
050301030806,2010,41.309343697,21.339427915,0.582274623
050301030806,2011,58.771980639,30.549138418,0.634349786
050301030806,2012,48.532584883,26.370888483,0.599729929
050301030806,2013,70.801872446,37.429961958,0.658519133
050301030806,2014,40.53452203,20.653104879,0.627994271
050301030806,2015,36.60557597,18.713844683,0.610032448
050301030806,2016,50.050642511,26.162859433,0.618321742
050301030806,2017,63.308213068,33.283718265,0.632720802
050301030806,2018,72.264079384,35.049019058,0.65024557
050301030806,2019,53.621278653,28.527599827,0.625583601
050301030807,2010,49.863550277,13.439902109,0.585159174
050301030807,2011,69.221325145,19.608013369,0.639581045
050301030807,2012,53.434195249,16.350557829,0.598198893
050301030807,2013,67.012331707,21.322305678,0.646461332
050301030807,2014,45.206025771,14.00812822,0.624140569
050301030807,2015,44.79657095,13.295029913,0.611892766
050301030807,2016,56.253904678,16.121441006,0.61629984
050301030807,2017,67.258160169,19.702587534,0.626335787
050301030807,2018,78.479250713,21.827705538,0.649027629
050301030807,2019,59.75044439,18.368935361,0.625752521
050301030808,2010,28.718838462,19.83970296,0.653380466
050301030808,2011,48.631709798,31.83376727,0.705616322
050301030808,2012,37.452409444,26.324110503,0.684359741
050301030808,2013,53.469896976,33.787405745,0.737486584
050301030808,2014,32.444870804,21.224779016,0.709185167
050301030808,2015,27.609658259,19.036736183,0.682780911
050301030808,2016,38.225088812,26.332886702,0.706336205
050301030808,2017,53.628761114,34.028532722,0.735066316
050301030808,2018,58.543243804,35.290495295,0.735671066
050301030808,2019,40.550824392,26.752853695,0.696169419
050301030809,2010,33.199979503,19.215451257,0.650696702
050301030809,2011,52.68782188,30.589239219,0.703070529
050301030809,2012,36.599549905,22.993943064,0.666294804
050301030809,2013,51.916033538,29.21402841,0.730394286
050301030809,2014,33.541815333,20.07319695,0.694374279
050301030809,2015,30.314793087,19.00121657,0.675531433
050301030809,2016,42.151084148,25.443116422,0.697049321
050301030809,2017,55.084690754,30.502075272,0.720836248
050301030809,2018,62.290649799,33.123757497,0.730383876
050301030809,2019,43.989488744,25.435582399,0.69320393
050301060201,2010,52.831682733,28.849985874,0.793416953
050301060201,2011,50.968699295,28.788924516,0.778839858
050301060201,2012,34.295421519,21.063477156,0.723181989
050301060201,2013,55.909143505,33.032508092,0.831034852
050301060201,2014,46.241350265,28.975595792,0.803970735
050301060201,2015,44.009123527,25.571311039,0.772591495
050301060201,2016,40.214815117,24.269318194,0.749910609
050301060201,2017,51.928636915,28.924999387,0.782535519
050301060201,2018,61.070308291,32.888898902,0.799043083
050301060201,2019,47.707970689,28.906821262,0.735593829
050301060202,2010,47.040487591,24.281857067,0.760902276
050301060202,2011,48.271710235,25.327879447,0.76782418
050301060202,2012,32.274303841,19.28476153,0.704909287
050301060202,2013,49.355039675,27.783544843,0.813642402
050301060202,2014,42.44530815,24.988937195,0.788482319
050301060202,2015,40.879820094,22.618687355,0.770880652
050301060202,2016,36.926732877,21.399975343,0.737004482
050301060202,2017,46.657440609,24.78724563,0.771208443
050301060202,2018,56.803028658,28.617161194,0.784978228
050301060202,2019,46.921634323,25.656724712,0.727816614
050301060203,2010,41.174327773,16.974971689,0.731064804
050301060203,2011,45.397018842,18.463882578,0.754475715
050301060203,2012,28.193550566,14.138938322,0.681165799
050301060203,2013,47.625237244,21.345994406,0.799822897
050301060203,2014,39.338270038,19.047668418,0.774066893
050301060203,2015,38.02871798,17.506294135,0.765950129
050301060203,2016,33.972724142,16.282211504,0.723794846
050301060203,2017,43.294844763,18.639808066,0.760480589
050301060203,2018,54.991790244,20.996118158,0.770271246
050301060203,2019,44.79742719,19.53878145,0.717416635
050301060204,2010,44.936425796,18.757821174,0.737499828
050301060204,2011,49.077095187,22.130630311,0.749611241
050301060204,2012,29.757666697,15.082194153,0.681318022
050301060204,2013,52.551318287,24.248294506,0.800780358
050301060204,2014,41.847184942,20.671634752,0.771826932
050301060204,2015,37.854471655,18.103790519,0.753842438
050301060204,2016,38.808074236,19.000622467,0.735946583
050301060204,2017,51.540195847,22.430252208,0.774239212
050301060204,2018,64.520794153,25.229674965,0.791080289
050301060204,2019,47.56026113,21.758442536,0.722657162
050301060205,2010,47.949153467,22.571286283,0.762059222
050301060205,2011,49.289996931,23.985948047,0.767247309
050301060205,2012,31.026448817,17.182869368,0.692272549
050301060205,2013,56.493204794,27.48275588,0.814117319
050301060205,2014,45.288148692,24.777687527,0.787646838
050301060205,2015,39.403662625,20.648686844,0.770591173
050301060205,2016,39.022625852,20.777164865,0.735914232
050301060205,2017,48.274865196,23.789578168,0.770411507
050301060205,2018,64.856583793,28.779720142,0.789255407
050301060205,2019,45.204028629,23.915988092,0.723992143
050301060206,2010,48.798394967,20.137722041,0.750120566
050301060206,2011,53.834931916,23.143699142,0.786362893
050301060206,2012,35.512695452,17.10686945,0.698251638
050301060206,2013,57.364056096,24.475200372,0.826001039
050301060206,2014,44.616388555,21.973809115,0.788678885
050301060206,2015,42.646384466,19.486000657,0.776326408
050301060206,2016,39.336931653,19.31768061,0.755598977
050301060206,2017,52.303459687,22.479748481,0.781726489
050301060206,2018,67.066264259,26.305017742,0.804518993
050301060206,2019,47.108453409,23.260089673,0.732983062
050301060207,2010,46.695000026,19.916866201,0.745823031
050301060207,2011,49.417001937,22.204637339,0.759321172
050301060207,2012,30.60118784,15.302160516,0.682371888
050301060207,2013,52.572376532,24.401135909,0.805880684
050301060207,2014,43.067021272,21.4459165,0.777024863
050301060207,2015,37.256116735,17.829677035,0.757905139
050301060207,2016,38.095874863,18.851379007,0.739048057
050301060207,2017,51.347706154,22.922805755,0.775888842
050301060207,2018,67.117594005,26.838324776,0.796416756
050301060207,2019,45.405076157,21.862522181,0.723711712
050301060301,2010,51.905112416,32.94637217,0.655746797
050301060301,2011,56.440554279,37.699021359,0.678836383
050301060301,2012,36.657499875,24.716452068,0.622209859
050301060301,2013,50.032032706,33.543677603,0.707114756
050301060301,2014,45.186375433,32.290189861,0.679879733
050301060301,2015,42.36149438,27.798157985,0.659970584
050301060301,2016,38.887432142,26.489534934,0.631248402
050301060301,2017,54.440249669,33.173666708,0.661884902
050301060301,2018,61.566765521,40.184123356,0.685966539
050301060301,2019,51.131296847,36.409290145,0.630362111
050301060302,2010,45.527071213,25.559757344,0.654370746
050301060302,2011,50.145819062,28.099353748,0.671858872
050301060302,2012,33.745119692,19.782537028,0.607206246
050301060302,2013,44.526374986,25.745277164,0.705259046
050301060302,2014,38.858254868,25.092885108,0.673211289
050301060302,2015,37.599577575,21.522389106,0.669226865
050301060302,2016,34.162744658,20.091612322,0.618772585
050301060302,2017,49.976592759,25.494221638,0.67039319
050301060302,2018,55.364524518,30.750018552,0.684609654
050301060302,2019,45.809266722,28.873709967,0.63183729
050301060303,2010,43.474256675,29.144507638,0.646975656
050301060303,2011,49.31774735,33.453775684,0.674135875
050301060303,2012,33.087858986,23.076924993,0.610783484
050301060303,2013,44.171107187,30.468138752,0.712984982
050301060303,2014,41.278216421,30.666391101,0.676102521
050301060303,2015,36.458279397,24.898855553,0.663508925
050301060303,2016,34.532578097,24.163966283,0.631645473
050301060303,2017,47.443369349,30.056794471,0.665661983
050301060303,2018,55.413573748,37.067721069,0.688733441
050301060303,2019,46.84780463,34.246189268,0.622248368
050301060304,2010,38.776215941,23.200244515,0.653975341
050301060304,2011,48.3108003,28.171347613,0.698124239
050301060304,2012,32.670821024,20.408381977,0.630069502
050301060304,2013,43.800379166,24.820955292,0.734340438
050301060304,2014,38.716600279,25.534270693,0.693140537
050301060304,2015,36.019032272,21.688868884,0.678518552
050301060304,2016,33.342104321,20.746513465,0.656924093
050301060304,2017,47.52448823,25.987084251,0.698966006
050301060304,2018,54.815395434,30.523134174,0.715679671
050301060304,2019,45.456079144,29.169240451,0.639976972
050301060701,2010,34.80116512,6.860952448,0.663186288
050301060701,2011,40.486194248,8.174810556,0.698331041
050301060701,2012,26.963109333,6.474292632,0.637776549
050301060701,2013,45.728762556,8.519918291,0.743664846
050301060701,2014,28.450309426,8.324619892,0.691801323
050301060701,2015,33.613269014,7.243203274,0.675832234
050301060701,2016,25.866820394,6.087950017,0.656767669
050301060701,2017,39.598132438,7.338167952,0.721709866
050301060701,2018,52.105019426,8.992882582,0.720709621
050301060701,2019,32.544030232,7.212273088,0.639324716
050301060702,2010,36.08641473,8.800824073,0.645834359
050301060702,2011,41.952300638,9.576417282,0.686510685
050301060702,2012,26.616115172,7.803246646,0.626393425
050301060702,2013,44.207515503,10.524652146,0.722235559
050301060702,2014,29.539090476,9.655374841,0.670266375
050301060702,2015,33.637460344,8.666888004,0.673571403
050301060702,2016,26.504450345,8.146997512,0.638953981
050301060702,2017,41.870255026,9.901506778,0.691848578
050301060702,2018,53.169605963,11.0180794,0.693931176
050301060702,2019,35.556597298,9.252941694,0.631528284
050301060703,2010,31.234870204,7.626509978,0.634628451
050301060703,2011,38.127817791,8.63524053,0.686853216
050301060703,2012,25.049832507,6.851473005,0.632008723
050301060703,2013,39.280154084,8.978841116,0.721554063
050301060703,2014,27.679625595,8.648732248,0.678592429
050301060703,2015,30.884682389,7.514514359,0.655315277
050301060703,2016,25.053240349,6.700007696,0.649728877
050301060703,2017,40.24921574,8.624748747,0.713177374
050301060703,2018,48.687760252,10.061780513,0.717467862
050301060703,2019,33.404798402,8.650152855,0.617842758
050301060704,2010,29.855426787,7.469364704,0.622694179
050301060704,2011,36.946700547,8.560714001,0.670777086
050301060704,2012,23.948802063,6.122116421,0.618338051
050301060704,2013,41.450919581,8.508575372,0.709799399
050301060704,2014,29.659363943,8.653314945,0.672301597
050301060704,2015,30.018177095,7.472118649,0.641932274
050301060704,2016,24.808490003,5.824909025,0.638661232
050301060704,2017,40.625215984,7.828324867,0.701947703
050301060704,2018,48.336409051,9.571451238,0.701776008
050301060704,2019,32.422312317,8.766767495,0.605223369
050301060901,2010,27.850976134,9.996198448,0.660847678
050301060901,2011,36.963945698,12.048717841,0.711989299
050301060901,2012,25.356334204,10.070180305,0.659593642
050301060901,2013,34.427538396,12.788397392,0.741707116
050301060901,2014,25.022821426,11.251079559,0.696571132
050301060901,2015,30.282027302,10.869380301,0.698769189
050301060901,2016,23.497592661,10.146501663,0.681352831
050301060901,2017,30.473531373,12.310867833,0.709383521
050301060901,2018,45.829511989,13.632999993,0.728668104
050301060901,2019,28.347163136,11.382583167,0.633686364
050301060902,2010,28.957605611,11.639433095,0.669197158
050301060902,2011,40.292349725,14.595750693,0.728885007
050301060902,2012,25.223926176,10.631650042,0.653590727
050301060902,2013,33.465586216,13.979429471,0.737037695
050301060902,2014,26.905873058,12.851157574,0.709025802
050301060902,2015,33.417397134,13.02093154,0.701306841
050301060902,2016,23.890807738,11.101689626,0.678198416
050301060902,2017,30.057864842,13.435718672,0.709108998
050301060902,2018,48.892820977,16.10825605,0.736728045
050301060902,2019,28.131514195,11.968462654,0.633219175
050301060903,2010,29.787609867,10.662293436,0.637893856
050301060903,2011,33.551302333,11.438895294,0.681394165
050301060903,2012,23.277116292,9.537269267,0.629654432
050301060903,2013,34.951796346,13.137094486,0.721677689
050301060903,2014,22.959953649,11.346836322,0.672645851
050301060903,2015,28.02081227,10.085607553,0.666366213
050301060903,2016,21.401609746,9.601536641,0.631302171
050301060903,2017,31.728587959,11.872360628,0.697931558
050301060903,2018,43.883219572,13.701898824,0.699881662
050301060903,2019,27.344324206,11.174394268,0.621031885
050301060904,2010,27.437892865,10.926888824,0.638478034
050301060904,2011,37.924876654,12.96113104,0.711256455
050301060904,2012,25.741832171,10.154868505,0.64039838
050301060904,2013,31.809965912,12.676386818,0.711500766
050301060904,2014,25.463220348,11.810495934,0.695860932
050301060904,2015,34.362055786,12.601078612,0.693133345
050301060904,2016,26.145007131,11.294208488,0.673880559
050301060904,2017,27.843173176,12.138092158,0.686939966
050301060904,2018,44.517988402,13.558623321,0.715705672
050301060904,2019,25.447584984,10.151742337,0.611679251
050301060905,2010,23.639742674,9.254612545,0.630800462
050301060905,2011,34.013167368,10.926338316,0.698383646
050301060905,2012,21.902260595,8.084362793,0.637170888
050301060905,2013,30.586068819,11.751291998,0.714018445
050301060905,2014,23.956808203,10.573849049,0.701384972
050301060905,2015,30.326603122,10.353052982,0.686550171
050301060905,2016,20.952578839,8.341707283,0.65319419
050301060905,2017,25.544339293,9.864698487,0.7003093
050301060905,2018,41.885290364,12.494126537,0.721079085
050301060905,2019,23.627180093,9.487162556,0.590118917
050301060906,2010,23.728517656,8.366933528,0.643235091
050301060906,2011,37.161623046,10.423374176,0.707444293
050301060906,2012,24.079510533,7.633053786,0.640633228
050301060906,2013,30.497984553,10.04150435,0.706907418
050301060906,2014,24.005126548,9.244356609,0.70617174
050301060906,2015,31.40936854,9.726886053,0.694318722
050301060906,2016,22.481305216,7.821734404,0.660830119
050301060906,2017,26.472454934,9.063729709,0.696191733
050301060906,2018,42.345245733,10.839093828,0.722189082
050301060906,2019,24.401985735,8.697314753,0.583274224
050301061201,2010,41.396431231,17.215827352,0.753960498
050301061201,2011,45.16408064,19.269477695,0.781086091
050301061201,2012,27.393553656,13.134833447,0.683797409
050301061201,2013,47.770389664,20.280477056,0.830047001
050301061201,2014,35.029964068,16.333240534,0.787037389
050301061201,2015,31.482727556,13.693012018,0.76549927
050301061201,2016,32.339212488,14.444304939,0.751668728
050301061201,2017,46.216237852,20.213465268,0.789973622
050301061201,2018,62.091593166,23.781179798,0.809607048
050301061201,2019,39.244765513,19.046811532,0.724315491
050301061202,2010,37.102809204,13.51885088,0.741539644
050301061202,2011,44.281380343,15.689748642,0.772452695
050301061202,2012,26.346437698,10.736583765,0.683631664
050301061202,2013,43.058233109,15.566314318,0.806194387
050301061202,2014,31.782154836,13.231609924,0.768303058
050301061202,2015,29.9156133,11.091687342,0.744738433
050301061202,2016,31.512757639,11.945489779,0.742576286
050301061202,2017,41.874792994,15.726232472,0.781818333
050301061202,2018,56.919606446,18.952738438,0.798061418
050301061202,2019,36.760787107,15.211124982,0.717345215
050301061204,2010,42.189240459,16.474706666,0.715086757
050301061204,2011,51.516746836,19.57426492,0.769126863
050301061204,2012,33.458416219,13.57219248,0.675697758
050301061204,2013,49.340462776,17.099702316,0.79813813
050301061204,2014,37.054175379,15.925557922,0.748461838
050301061204,2015,37.971000238,13.472158611,0.744279319
050301061204,2016,34.37792263,13.272643792,0.728369573
050301061204,2017,47.848260811,18.232487722,0.761652775
050301061204,2018,58.736398242,20.609368007,0.780734266
050301061204,2019,44.627717764,19.79346979,0.714598391
050301061205,2010,41.847529352,11.800060564,0.689729175
050301061205,2011,53.345486685,13.510920536,0.742527932
050301061205,2012,36.705700515,9.647211753,0.66535466
050301061205,2013,50.769476798,11.739283174,0.784723158
050301061205,2014,39.113186818,11.46072043,0.73539459
050301061205,2015,37.400536105,9.701155178,0.703591009
050301061205,2016,38.616493561,10.197222373,0.701298726
050301061205,2017,51.052556286,12.61058135,0.753757356
050301061205,2018,59.997821172,14.197072941,0.760152186
050301061205,2019,46.77768406,14.117885686,0.702653488
050301061206,2010,46.025396105,12.494317241,0.700932253
050301061206,2011,52.738056801,12.293581436,0.74017574
050301061206,2012,37.80108579,9.715706794,0.675591959
050301061206,2013,52.098692532,11.55959576,0.802847456
050301061206,2014,40.639607749,11.641720251,0.748744602
050301061206,2015,41.678554078,10.031310758,0.724870833
050301061206,2016,38.33122679,9.508095252,0.70658185
050301061206,2017,50.492564467,11.201944832,0.765142338
050301061206,2018,63.589895052,14.256552983,0.755367637
050301061206,2019,40.899455234,12.344333051,0.693664876
050301061207,2010,43.301114272,16.647769044,0.701546568
050301061207,2011,53.571885769,18.992888068,0.751835225
050301061207,2012,37.142505041,14.19626535,0.698513568
050301061207,2013,48.106167983,16.718051427,0.791823293
050301061207,2014,38.89585744,15.881595864,0.748320266
050301061207,2015,41.411948424,14.13750983,0.753276033
050301061207,2016,35.990488689,13.915479464,0.707055265
050301061207,2017,44.047154539,15.37332826,0.764415996
050301061207,2018,62.323937678,21.098397858,0.769276868
050301061207,2019,38.112409676,16.826634404,0.683559514
050301061208,2010,36.280438441,9.353673388,0.694074684
050301061208,2011,52.264680828,13.678351631,0.729533576
050301061208,2012,37.862849464,10.361547743,0.672502509
050301061208,2013,43.484104558,10.635984401,0.747062843
050301061208,2014,35.953489323,10.866927447,0.730795754
050301061208,2015,44.193116584,11.501480278,0.730256419
050301061208,2016,37.033215149,9.896373345,0.697813713
050301061208,2017,41.713599165,10.856659168,0.7326921
050301061208,2018,56.033802892,13.920985661,0.740114691
050301061208,2019,36.001589517,12.671636914,0.649398939
050302010101,2010,26.6328317,13.093912574,0.560100907
050302010101,2011,41.525835025,18.38593811,0.637917193
050302010101,2012,24.824435457,12.004895703,0.545293973
050302010101,2013,28.429904387,14.988773801,0.605580379
050302010101,2014,25.272167726,14.463719174,0.600548521
050302010101,2015,29.191550052,14.62445859,0.586508567
050302010101,2016,20.982206561,10.985039704,0.564849634
050302010101,2017,24.971281726,13.582060653,0.591797679
050302010101,2018,46.549658508,18.982895287,0.645781067
050302010101,2019,27.98824214,13.663641873,0.516884177
050302010102,2010,18.47672983,12.735945401,0.549713168
050302010102,2011,33.791067842,18.721800371,0.644040673
050302010102,2012,19.550653726,12.192979709,0.558715569
050302010102,2013,21.810662869,15.402218516,0.618118338
050302010102,2014,20.480247193,15.498233243,0.577547888
050302010102,2015,25.223837427,16.31274464,0.576991585
050302010102,2016,17.191479693,11.498003523,0.582773662
050302010102,2017,20.684447484,14.52364509,0.598325109
050302010102,2018,34.270405875,18.593568003,0.632705724
050302010102,2019,25.508016478,16.226511787,0.495252637
050302010103,2010,26.021170855,11.933061372,0.558852001
050302010103,2011,42.548348468,17.843621699,0.644513405
050302010103,2012,25.658694865,11.513664948,0.547081304
050302010103,2013,28.064068272,13.719236947,0.607305632
050302010103,2014,25.380106868,13.688747898,0.595742181
050302010103,2015,30.060806833,14.307137494,0.589829174
050302010103,2016,22.146552984,11.017581775,0.580220231
050302010103,2017,25.782555189,13.29134899,0.597960911
050302010103,2018,43.903884949,16.841522459,0.64183926
050302010103,2019,29.182996697,13.317903403,0.517723426
050302010104,2010,19.354833868,12.425219099,0.55083997
050302010104,2011,30.446109404,15.758823222,0.633880461
050302010104,2012,20.24219119,11.819845187,0.555230648
050302010104,2013,22.925298691,15.069166726,0.612299782
050302010104,2014,19.665818565,14.19934772,0.5675534
050302010104,2015,23.835526356,14.754017917,0.573786092
050302010104,2016,16.710862415,10.405690071,0.578921501
050302010104,2017,20.342759577,13.609627184,0.595489631
050302010104,2018,31.015625938,16.024861387,0.620878079
050302010104,2019,25.98771207,16.116924333,0.499111442
050302010601,2010,26.446680154,6.488340532,0.645877552
050302010601,2011,43.309157926,8.656888371,0.690305562
050302010601,2012,30.945121231,7.024694142,0.652469324
050302010601,2013,31.349115864,8.196249939,0.673798623
050302010601,2014,27.724848508,7.688167287,0.68071756
050302010601,2015,31.77970106,7.471783812,0.668027432
050302010601,2016,22.060554262,5.290495402,0.649970564
050302010601,2017,27.476410881,6.510580977,0.660753032
050302010601,2018,50.395303268,9.542291849,0.707087412
050302010601,2019,25.484991706,7.389325678,0.592570184
050302010602,2010,29.394675907,6.377180146,0.638310217
050302010602,2011,47.357581329,7.518309176,0.68457848
050302010602,2012,32.345453481,6.870941564,0.632063096
050302010602,2013,35.7180548,7.815073929,0.680913155
050302010602,2014,26.998394479,6.892069534,0.662761292
050302010602,2015,34.401765057,7.132541409,0.66107812
050302010602,2016,27.799947329,6.256899044,0.663946958
050302010602,2017,31.239482675,6.810909549,0.675467756
050302010602,2018,53.926403552,7.808172025,0.699511137
050302010602,2019,30.006425054,6.932817594,0.598168901
050302010603,2010,31.281531173,6.582496158,0.647672154
050302010603,2011,39.952331731,7.655701856,0.681071197
050302010603,2012,27.73866224,6.481571977,0.645024083
050302010603,2013,30.476421735,7.482745966,0.675680274
050302010603,2014,25.595353218,7.138277908,0.674947004
050302010603,2015,34.247239581,7.249152317,0.666917026
050302010603,2016,26.726593558,6.005104338,0.664943919
050302010603,2017,27.364784305,6.575721208,0.672767168
050302010603,2018,50.642382708,8.841957752,0.711317126
050302010603,2019,28.079865773,6.972945159,0.611175127
050302010604,2010,27.684728566,6.122361167,0.639715477
050302010604,2011,38.462845707,7.048314004,0.674765654
050302010604,2012,25.487568282,6.02159084,0.640222269
050302010604,2013,29.774737894,7.072468183,0.676277671
050302010604,2014,22.904337506,6.396590417,0.664649561
050302010604,2015,32.434978333,6.761707487,0.660688299
050302010604,2016,24.176296476,5.796476723,0.662466608
050302010604,2017,25.174474995,6.236452209,0.677775236
050302010604,2018,47.196955474,7.866857191,0.708788962
050302010604,2019,27.539323492,6.230381741,0.618825114
050302010605,2010,33.07138594,7.023169532,0.650437695
050302010605,2011,44.709822723,8.329629064,0.679725754
050302010605,2012,27.45053275,6.730611822,0.629476891
050302010605,2013,30.77708027,7.85139769,0.672572053
050302010605,2014,27.149410133,7.432107013,0.67156272
050302010605,2015,35.921265841,7.584177734,0.663411913
050302010605,2016,26.537488456,6.214792394,0.650183082
050302010605,2017,26.973002933,6.725981034,0.664559187
050302010605,2018,49.852702017,8.825065524,0.701040005
050302010605,2019,29.838914194,7.048299866,0.603513435
050302010701,2010,30.926030365,6.19382453,0.668981983
050302010701,2011,45.853612992,7.690908604,0.702201701
050302010701,2012,27.613136211,6.327787097,0.646704145
050302010701,2013,30.448390781,7.365015228,0.691245115
050302010701,2014,28.106536973,6.915485812,0.692055912
050302010701,2015,33.375025002,6.754390619,0.679716997
050302010701,2016,24.256007954,5.442462695,0.657156891
050302010701,2017,25.829417808,6.0749877,0.675120027
050302010701,2018,49.631716488,8.026456295,0.716327806
050302010701,2019,27.626906905,6.463945824,0.606567863
050302010702,2010,28.970047775,7.982422878,0.647787044
050302010702,2011,48.343717066,9.687527288,0.682703863
050302010702,2012,20.463278255,6.56813982,0.607262895
050302010702,2013,27.870023935,8.668256195,0.665589268
050302010702,2014,28.404647275,9.089502955,0.666473679
050302010702,2015,37.697525613,8.762433837,0.654993646
050302010702,2016,25.595015802,7.630137665,0.631985821
050302010702,2017,23.158167201,7.440815449,0.637738233
050302010702,2018,51.487021779,10.089495206,0.698094774
050302010702,2019,34.627076275,8.061657716,0.62140658
050302010703,2010,31.793902202,7.260267801,0.662650838
050302010703,2011,48.121070952,8.936125274,0.690443193
050302010703,2012,23.093781471,6.488532401,0.62277615
050302010703,2013,29.774511955,7.914393788,0.677552134
050302010703,2014,27.595040212,7.958294398,0.681714077
050302010703,2015,37.141143097,7.863443688,0.671445575
050302010703,2016,26.926593771,6.676371877,0.653249759
050302010703,2017,23.451408016,6.261637119,0.654026924
050302010703,2018,51.198024119,9.135856118,0.707080737
050302010703,2019,30.996966197,7.221183027,0.61757852
050302010704,2010,26.381946618,7.774659559,0.670812544
050302010704,2011,39.443625268,9.589679468,0.697132452
050302010704,2012,21.094795339,7.129029281,0.638714315
050302010704,2013,27.399252778,8.637834412,0.684821072
050302010704,2014,26.761428769,9.128378242,0.697626115
050302010704,2015,31.938396496,8.283665967,0.680311485
050302010704,2016,23.690636286,7.381007349,0.665990252
050302010704,2017,19.073010719,6.698484125,0.654303679
050302010704,2018,48.109510938,10.576879918,0.718174196
050302010704,2019,28.143321643,7.752728237,0.627709248
050302010705,2010,31.063557238,11.221291576,0.615661675
050302010705,2011,39.700284824,11.793592588,0.627707724
050302010705,2012,22.237077744,9.115360522,0.577953095
050302010705,2013,27.333581866,11.070117403,0.628786236
050302010705,2014,31.503315634,12.908818271,0.643020824
050302010705,2015,33.383009864,10.866066736,0.620355685
050302010705,2016,26.196258192,10.103389792,0.59739492
050302010705,2017,20.657569157,9.454447714,0.603569008
050302010705,2018,53.328535351,14.654247049,0.658772157
050302010705,2019,34.0897889,10.959831821,0.588812623
050302010801,2010,26.917148132,7.498760765,0.633940509
050302010801,2011,38.143910404,8.851431272,0.660797979
050302010801,2012,24.114334403,7.140541261,0.633483516
050302010801,2013,32.161933927,9.364698631,0.681564449
050302010801,2014,27.960770482,8.760778123,0.675367547
050302010801,2015,28.163244639,7.977641192,0.652948207
050302010801,2016,22.577831766,6.902121913,0.629434848
050302010801,2017,31.371068492,8.978620302,0.681159015
050302010801,2018,49.689281518,11.005619157,0.704552644
050302010801,2019,26.145222213,7.725875414,0.594049466
050302010802,2010,29.927126964,7.05435959,0.659894219
050302010802,2011,43.969167366,8.398066024,0.686934188
050302010802,2012,26.005743136,6.755077574,0.649692408
050302010802,2013,27.588848423,7.873954526,0.66127931
050302010802,2014,28.357101452,7.942500426,0.678089679
050302010802,2015,30.9947986,7.457616879,0.668654154
050302010802,2016,21.986653697,6.471628848,0.631050085
050302010802,2017,25.537401379,7.113727672,0.649557867
050302010802,2018,49.123454452,9.461320627,0.700883927
050302010802,2019,26.632938618,6.427278105,0.594341365
050302010803,2010,29.341830623,7.289826451,0.662685452
050302010803,2011,41.039344345,8.856436664,0.695362485
050302010803,2012,27.942301828,7.517354511,0.66276631
050302010803,2013,27.429466666,8.083873064,0.67566564
050302010803,2014,27.858918896,8.422541093,0.692441898
050302010803,2015,29.846387869,7.918984455,0.677493137
050302010803,2016,23.626714653,7.16081119,0.658198871
050302010803,2017,26.039250151,7.703039335,0.675294202
050302010803,2018,51.324881404,10.523516893,0.721712082
050302010803,2019,25.722510055,7.193179465,0.603412921
050302010804,2010,26.76897964,3.918461168,0.656789748
050302010804,2011,42.435991716,5.075341903,0.694508256
050302010804,2012,22.646841579,3.86689579,0.64977452
050302010804,2013,29.011228967,4.959349556,0.691586121
050302010804,2014,28.535010003,5.116114105,0.699515281
050302010804,2015,32.952751487,4.706393864,0.675544102
050302010804,2016,26.805033657,4.386093649,0.662616799
050302010804,2017,20.436015914,3.823645425,0.654581454
050302010804,2018,50.020262554,5.965430566,0.727854814
050302010804,2019,27.276901131,4.290739813,0.611442676
050302010805,2010,27.688636636,6.387995402,0.666377286
050302010805,2011,40.703707571,7.930040303,0.698791771
050302010805,2012,26.286667113,6.767203178,0.664845165
050302010805,2013,29.004353741,7.692249423,0.675088797
050302010805,2014,27.580067029,7.478617989,0.692300292
050302010805,2015,30.411077745,7.050867175,0.680399494
050302010805,2016,25.295921718,6.759960112,0.658317374
050302010805,2017,21.903524622,6.234304977,0.660567381
050302010805,2018,48.727850837,9.240102322,0.718319856
050302010805,2019,26.125567131,6.422043139,0.609276191
050302010901,2010,25.12336434,10.107811535,0.578032057
050302010901,2011,35.636324321,11.006898244,0.606073971
050302010901,2012,21.937910123,9.092530832,0.565325826
050302010901,2013,29.391310347,12.343202319,0.623662095
050302010901,2014,28.753028077,11.938817173,0.622780918
050302010901,2015,27.39360022,10.702872381,0.607235346
050302010901,2016,20.848765751,8.898905517,0.571153362
050302010901,2017,24.828133716,10.895847801,0.607107456
050302010901,2018,46.10197058,13.507342388,0.639221375
050302010901,2019,28.345234963,10.625832966,0.5594072
050302010902,2010,30.581487586,9.252327265,0.625919779
050302010902,2011,42.940171037,10.363946449,0.650890929
050302010902,2012,28.917582627,9.29110198,0.621400713
050302010902,2013,28.841215606,9.075942094,0.643079716
050302010902,2014,29.169257639,9.847139619,0.649939173
050302010902,2015,32.24348447,9.417574824,0.64219827
050302010902,2016,25.097736519,8.328960362,0.613131771
050302010902,2017,22.722335249,7.951762559,0.624572166
050302010902,2018,50.976111794,11.841980658,0.681583672
050302010902,2019,29.406198944,8.84140971,0.588610115
050302010903,2010,29.529664068,9.275612291,0.604821289
050302010903,2011,39.915946382,10.859305003,0.612439451
050302010903,2012,22.65681835,7.560042552,0.571354491
050302010903,2013,31.041492232,9.636962555,0.628402546
050302010903,2014,32.937406058,11.018296977,0.640209707
050302010903,2015,34.541243044,9.869940895,0.613538855
050302010903,2016,23.151509541,7.377919813,0.598521613
050302010903,2017,21.698286898,7.38517717,0.599465717
050302010903,2018,52.499794579,12.928267702,0.663124093
050302010903,2019,31.537784392,9.593910559,0.57973255
050302010904,2010,32.773486938,13.377349021,0.572482627
050302010904,2011,41.434498697,15.2919933,0.573303305
050302010904,2012,24.609721302,10.746190737,0.533203129
050302010904,2013,30.247227481,12.703359722,0.583181291
050302010904,2014,35.46829644,15.279722642,0.596075512
050302010904,2015,33.959090284,13.162859352,0.567083594
050302010904,2016,24.986082433,10.783050823,0.550485969
050302010904,2017,21.569630097,9.933838185,0.548155932
050302010904,2018,52.097095163,17.603042082,0.61711123
050302010904,2019,35.165146024,14.305917425,0.547142851
050302011001,2010,36.488195807,24.83693248,0.577702722
050302011001,2011,53.47262152,34.334754254,0.627956269
050302011001,2012,41.002567058,27.041482039,0.584802028
050302011001,2013,46.843955799,31.897548169,0.654840991
050302011001,2014,35.104780107,25.991000506,0.599283838
050302011001,2015,42.350359215,28.874257439,0.605054993
050302011001,2016,37.146553523,24.72462615,0.579492169
050302011001,2017,42.985546258,29.373395558,0.6285142
050302011001,2018,56.052458801,36.320791757,0.638051558
050302011001,2019,42.379021874,29.348528503,0.544739665
050302011002,2010,41.721934971,30.143759429,0.600850851
050302011002,2011,62.733458441,40.73597455,0.642355762
050302011002,2012,47.009472975,33.227409689,0.617889755
050302011002,2013,53.556655039,40.60930077,0.704870557
050302011002,2014,41.652580075,32.88882313,0.633629604
050302011002,2015,48.624660633,33.495298431,0.626322944
050302011002,2016,46.304092569,32.45066456,0.631875153
050302011002,2017,51.393949027,37.40794866,0.653704392
050302011002,2018,65.931751347,44.175032862,0.660341006
050302011002,2019,50.562301035,35.877572033,0.595950151
050302011004,2010,44.26589892,33.929013653,0.602159833
050302011004,2011,67.38981258,47.15580281,0.652727669
050302011004,2012,51.666119153,38.976092006,0.62587266
050302011004,2013,59.942965365,46.634042925,0.710756383
050302011004,2014,44.807773521,36.825752849,0.633657975
050302011004,2015,51.927417443,37.737789513,0.631400101
050302011004,2016,50.351917464,37.049489718,0.620603436
050302011004,2017,56.878018778,43.482753347,0.661499789
050302011004,2018,72.036567128,52.183063634,0.671944476
050302011004,2019,55.157228379,42.251384432,0.603842439
050302011005,2010,40.18261263,24.565019826,0.586748941
050302011005,2011,59.741373265,35.306943507,0.618186416
050302011005,2012,40.686945043,26.191190793,0.561275566
050302011005,2013,43.366444402,28.379850068,0.610906356
050302011005,2014,40.464747776,26.794340282,0.602031858
050302011005,2015,53.659495641,31.118097305,0.600251669
050302011005,2016,43.235929618,26.473056448,0.583709019
050302011005,2017,45.677601473,29.680130935,0.614061991
050302011005,2018,66.533082519,40.690566412,0.634729295
050302011005,2019,51.132516833,32.259478372,0.568985019
050302011006,2010,38.280628537,22.363927574,0.593179914
050302011006,2011,58.750934689,34.819782703,0.62464002
050302011006,2012,36.093089984,21.873032929,0.55749388
050302011006,2013,37.963747299,22.917035635,0.608548559
050302011006,2014,38.768457198,24.49307534,0.604585347
050302011006,2015,48.648136388,27.877015531,0.597943438
050302011006,2016,38.139603955,21.410144153,0.584837459
050302011006,2017,42.232223802,25.799924827,0.613325934
050302011006,2018,58.508391755,34.337607877,0.635002353
050302011006,2019,49.123098123,30.115310549,0.57224947
050302011007,2010,37.707873473,22.880524647,0.630120413
050302011007,2011,58.435993339,35.447245268,0.660221213
050302011007,2012,34.17003691,21.133826054,0.584930022
050302011007,2013,35.666647606,21.83684541,0.644471251
050302011007,2014,39.520524113,26.374477726,0.645941398
050302011007,2015,48.847051003,28.73996065,0.638026276
050302011007,2016,38.495311593,22.894283716,0.620450189
050302011007,2017,40.255784505,25.284358024,0.651563991
050302011007,2018,62.26456861,37.66727501,0.673129332
050302011007,2019,49.860554399,30.986286905,0.611028378
050302011009,2010,41.775980897,26.120822673,0.519828257
050302011009,2011,51.72530872,32.429959134,0.522409245
050302011009,2012,32.576354894,21.174098701,0.485900629
050302011009,2013,36.262070653,23.552969502,0.531047778
050302011009,2014,46.70785738,31.143090329,0.554885018
050302011009,2015,48.895243168,31.216009258,0.523287535
050302011009,2016,39.200345327,23.434795262,0.507322954
050302011009,2017,37.645045194,24.266076125,0.509389556
050302011009,2018,71.117242416,42.500327421,0.58660105
050302011009,2019,51.738676003,33.484725292,0.500572692
050302011010,2010,45.394068,30.065478342,0.5278914
050302011010,2011,56.28221315,37.884382506,0.528296216
050302011010,2012,35.65234766,24.78806472,0.486242178
050302011010,2013,39.271106947,27.160349077,0.528589012
050302011010,2014,51.785393818,36.890540615,0.556343282
050302011010,2015,51.245803965,35.261687488,0.529063308
050302011010,2016,43.206160892,27.97290063,0.527944163
050302011010,2017,38.149169652,26.198564874,0.504435381
050302011010,2018,74.072292994,48.05307514,0.582839167
050302011010,2019,54.337623095,37.344316109,0.500804969
050302020102,2010,38.220517341,2.047675526,0.633899384
050302020102,2011,54.28019631,4.257465196,0.633219994
050302020102,2012,30.096786512,0.976208968,0.596689125
050302020102,2013,36.366722529,2.404274844,0.640209742
050302020102,2014,48.020556328,3.400617461,0.693284453
050302020102,2015,43.344476176,3.18780531,0.622241105
050302020102,2016,34.089959962,1.254787577,0.615097347
050302020102,2017,29.517080402,0.880029023,0.621707395
050302020102,2018,63.530087049,5.161882136,0.66790304
050302020102,2019,46.404574993,4.004705184,0.635656528
050302020103,2010,18.666267466,3.012324841,0.671307597
050302020103,2011,36.464467679,4.735992235,0.709147498
050302020103,2012,18.182113527,3.335266202,0.676536992
050302020103,2013,23.987014567,3.667668597,0.69790118
050302020103,2014,32.550757925,4.454151554,0.75464275
050302020103,2015,30.835595658,3.622570079,0.708292788
050302020103,2016,20.038262059,3.385931748,0.674578131
050302020103,2017,15.540230835,2.659837984,0.685278758
050302020103,2018,48.125796946,5.040206501,0.748581973
050302020103,2019,30.973928351,4.701686956,0.676830253
050302020104,2010,20.74263564,3.844085292,0.674379014
050302020104,2011,38.681987103,5.195415525,0.707294109
050302020104,2012,21.145077127,3.835493493,0.690220179
050302020104,2013,31.620555795,4.415578832,0.714883585
050302020104,2014,35.31056206,5.250195914,0.760086955
050302020104,2015,34.448947336,4.519503979,0.732222286
050302020104,2016,20.461505551,4.021771449,0.666922914
050302020104,2017,19.522124649,3.260296872,0.715619664
050302020104,2018,49.223127685,5.166592956,0.754201407
050302020104,2019,33.137855231,5.140033336,0.687454832
050302020105,2010,21.839758582,3.862459542,0.671014003
050302020105,2011,39.960173468,5.193666075,0.712903855
050302020105,2012,19.780734591,3.796807501,0.674074759
050302020105,2013,29.183862024,4.403761212,0.710989963
050302020105,2014,35.401862054,5.105903141,0.753084959
050302020105,2015,33.789852322,4.063707968,0.718460494
050302020105,2016,21.724141177,3.838302896,0.66920707
050302020105,2017,19.577247943,3.232512456,0.699294939
050302020105,2018,49.392740611,5.033284345,0.749297174
050302020105,2019,30.683033619,4.907904838,0.666226125
050302020106,2010,36.160013668,8.690473936,0.693586561
050302020106,2011,56.09724322,13.235498201,0.707963761
050302020106,2012,31.623601631,8.244316172,0.663928574
050302020106,2013,39.328666073,10.058004664,0.725026114
050302020106,2014,49.152167096,11.734199014,0.768082905
050302020106,2015,46.595076601,10.901154938,0.712475773
050302020106,2016,36.418921128,9.68127919,0.675066146
050302020106,2017,30.927110629,7.574051726,0.689617809
050302020106,2018,59.75038758,13.169663577,0.722791773
050302020106,2019,44.249250169,12.444686459,0.672249736
050302020201,2010,27.671781222,2.311549127,0.717110636
050302020201,2011,53.24463405,3.524470123,0.774180067
050302020201,2012,21.484421731,1.998968211,0.698407005
050302020201,2013,38.03814812,2.313554237,0.78366135
050302020201,2014,38.254103882,2.777153204,0.796035685
050302020201,2015,44.348107161,3.096247878,0.773763124
050302020201,2016,28.717842187,2.452743233,0.714011482
050302020201,2017,24.783409932,1.800428316,0.745132091
050302020201,2018,55.244309794,3.418707282,0.791428146
050302020201,2019,42.023642452,3.460456845,0.740400985
050302020202,2010,25.385232482,0.886749992,0.692055812
050302020202,2011,48.105714159,1.363493278,0.726352008
050302020202,2012,18.032676797,0.603466114,0.663013695
050302020202,2013,35.227704201,0.908809017,0.730874175
050302020202,2014,38.765538916,1.249861765,0.754715307
050302020202,2015,45.036117557,1.291388655,0.733210534
050302020202,2016,29.910353943,0.936531759,0.676953382
050302020202,2017,22.930430755,0.638009221,0.717144591
050302020202,2018,51.836809098,1.491749067,0.748403558
050302020202,2019,39.96933464,1.346438507,0.700249773
050302020203,2010,26.272211575,2.946577802,0.707603332
050302020203,2011,52.388532819,4.456711357,0.753157875
050302020203,2012,26.057963805,2.751540128,0.733346181
050302020203,2013,36.935354419,3.46286925,0.776251836
050302020203,2014,39.749378685,3.994615413,0.798509166
050302020203,2015,45.677158299,4.02565983,0.771913181
050302020203,2016,30.245575336,3.36350827,0.711931463
050302020203,2017,24.074813921,2.556725698,0.756934031
050302020203,2018,52.241010161,4.100561703,0.791359232
050302020203,2019,40.311581247,4.202620986,0.733551765
050302020204,2010,28.296982144,4.219990989,0.727731715
050302020204,2011,56.462951859,6.869410423,0.767971899
050302020204,2012,28.605138831,4.173346768,0.739513639
050302020204,2013,43.102425328,5.403466353,0.787013861
050302020204,2014,45.650205834,6.196272454,0.811946364
050302020204,2015,52.287198606,6.454299679,0.782005556
050302020204,2016,37.24658573,5.476263031,0.732535352
050302020204,2017,28.518473084,4.043371793,0.768829051
050302020204,2018,60.453369785,6.82361162,0.792879258
050302020204,2019,45.774685583,6.488439572,0.752744013
050302020205,2010,28.057751274,1.618662245,0.714242489
050302020205,2011,52.055301607,2.422506458,0.753154865
050302020205,2012,22.86650866,1.351576336,0.692574116
050302020205,2013,39.288799929,1.646250055,0.7623208
050302020205,2014,40.475704701,2.009234363,0.78153155
050302020205,2015,47.544936424,2.181148523,0.760535859
050302020205,2016,32.100951064,1.688774624,0.708084396
050302020205,2017,25.769700194,1.259969057,0.737425016
050302020205,2018,55.24877693,2.447091961,0.771611552
050302020205,2019,42.784698794,2.40942641,0.727317019
050302020301,2010,37.859884806,3.151426809,0.715215872
050302020301,2011,57.161969013,4.081989542,0.751075583
050302020301,2012,25.921649166,2.608605394,0.701171709
050302020301,2013,38.473063365,3.4161515,0.753047414
050302020301,2014,42.258459691,3.782672133,0.777993378
050302020301,2015,52.204474965,3.702270448,0.759909263
050302020301,2016,37.860202137,3.392337251,0.7220412
050302020301,2017,28.92594468,2.834154383,0.75824798
050302020301,2018,63.68436646,4.20323241,0.766481719
050302020301,2019,46.498126526,3.568882449,0.721712243
050302020302,2010,26.222881162,7.252048533,0.604021126
050302020302,2011,49.467881808,9.566582323,0.6359655
050302020302,2012,26.299320863,6.830437317,0.608785467
050302020302,2013,40.994114989,9.317453891,0.647148659
050302020302,2014,44.172852209,10.801008279,0.685341127
050302020302,2015,46.107288042,10.563612143,0.654503299
050302020302,2016,32.705943638,7.756362339,0.608697584
050302020302,2017,27.235648656,7.091331825,0.64231405
050302020302,2018,55.180454804,10.610994559,0.669490978
050302020302,2019,40.167853217,9.44617161,0.621489103
050302020303,2010,26.772928169,6.749581003,0.623831141
050302020303,2011,50.667513624,9.021412877,0.658397817
050302020303,2012,24.08113984,5.410862896,0.610745239
050302020303,2013,36.195901593,7.706261529,0.646443368
050302020303,2014,41.128353065,9.111177311,0.692190403
050302020303,2015,49.357402207,10.048109504,0.671459219
050302020303,2016,34.543619955,7.425174095,0.628648846
050302020303,2017,24.701284613,5.786249862,0.643238738
050302020303,2018,59.077250759,9.982881824,0.67629479
050302020303,2019,38.653739123,8.337447413,0.620298564
050302020304,2010,41.803590158,6.511547049,0.654195887
050302020304,2011,64.119453907,7.837513774,0.687471946
050302020304,2012,29.822279354,4.696825666,0.631407376
050302020304,2013,44.031454749,6.502472861,0.679007458
050302020304,2014,49.536131675,7.724863015,0.705740764
050302020304,2015,59.240185127,7.862460635,0.692260334
050302020304,2016,44.504600222,6.676686723,0.658254971
050302020304,2017,33.116257539,5.414541481,0.671968227
050302020304,2018,71.699464981,8.195094843,0.701015115
050302020304,2019,50.975553391,6.713515512,0.650941938
050302020404,2010,39.57023544,13.579473181,0.691548963
050302020404,2011,65.901905147,19.558931234,0.702562859
050302020404,2012,33.568242827,12.833885435,0.643868897
050302020404,2013,43.060836808,15.938635214,0.702655347
050302020404,2014,53.972752321,18.336797262,0.764491763
050302020404,2015,58.461092521,17.008578538,0.727568296
050302020404,2016,46.278761281,16.219411303,0.677247596
050302020404,2017,35.333247527,13.152264618,0.689468241
050302020404,2018,66.22755406,19.090622929,0.719395127
050302020404,2019,52.048341278,16.295604966,0.669912825
