huc12_id,year,incrunoff_mm/mo,incbsflow_mm/mo,soilmstfr_frac
020502061004,2010,33.293369264,13.178811143,0.731480434
020502061004,2011,62.536716302,17.11020873,0.799259778
020502061004,2012,28.872013139,14.104851884,0.769322108
020502061004,2013,28.120912795,13.007035726,0.75655623
020502061004,2014,30.537291451,13.284786821,0.749443793
020502061004,2015,20.731611205,10.461262785,0.717864155
020502061004,2016,26.248778433,11.171159997,0.728655338
020502061004,2017,44.187241385,15.71697442,0.783744477
020502061004,2018,64.64663425,18.282759146,0.809091664
020502061004,2019,43.399932514,17.078022776,0.760855315
020502061005,2010,36.037557875,16.407436717,0.742541234
020502061005,2011,68.067617978,23.046818731,0.790331921
020502061005,2012,29.699479467,15.336329067,0.761165731
020502061005,2013,29.644792776,15.123688282,0.758981911
020502061005,2014,36.455648347,17.764774911,0.757938066
020502061005,2015,24.013510999,12.986811788,0.718396495
020502061005,2016,27.460246179,13.368916712,0.723590578
020502061005,2017,49.824262145,20.339171427,0.779459442
020502061005,2018,68.981258059,24.125521885,0.817623855
020502061005,2019,46.957745619,22.086723152,0.771889072
020502061101,2010,36.32601385,17.036290964,0.699050704
020502061101,2011,74.969758858,30.446500724,0.749765572
020502061101,2012,39.948116176,19.424561128,0.73048798
020502061101,2013,36.490313089,17.827011755,0.704918581
020502061101,2014,51.650148044,24.392337303,0.724170334
020502061101,2015,29.281605816,16.338504981,0.654721312
020502061101,2016,32.775282851,13.08177114,0.675958089
020502061101,2017,50.800197656,22.906371482,0.719980384
020502061101,2018,66.29587074,26.935203909,0.741753589
020502061101,2019,56.700114427,27.845868253,0.728125941
020502061102,2010,31.096485303,14.205576537,0.670377219
020502061102,2011,67.317550687,23.816575625,0.718919424
020502061102,2012,34.685860858,17.304394416,0.683858764
020502061102,2013,32.762892143,15.612222449,0.668186122
020502061102,2014,41.74289368,18.506057176,0.686712171
020502061102,2015,24.131772011,13.255585929,0.627062604
020502061102,2016,30.350701348,12.049769356,0.63506391
020502061102,2017,43.478053143,18.156806859,0.687979849
020502061102,2018,57.325266713,21.536270684,0.707386189
020502061102,2019,52.999444692,23.380315896,0.70793312
020502061103,2010,34.319154267,15.764138607,0.688769011
020502061103,2011,73.531453478,27.895794022,0.742122047
020502061103,2012,38.286446438,19.725707831,0.725841989
020502061103,2013,34.600317784,17.52997381,0.695820083
020502061103,2014,45.441766299,21.201274685,0.722242116
020502061103,2015,27.061052878,15.440127881,0.657791083
020502061103,2016,31.702401878,13.486636565,0.675431152
020502061103,2017,48.188727023,21.029488859,0.70991738
020502061103,2018,66.346398429,26.973752258,0.740068411
020502061103,2019,53.570724492,26.457367728,0.721317709
020502061201,2010,44.724537651,9.729987152,0.672516993
020502061201,2011,81.279628177,14.336740392,0.721138347
020502061201,2012,40.459080728,6.08266161,0.645684737
020502061201,2013,30.576624419,7.221544929,0.641425356
020502061201,2014,37.405469883,8.041840706,0.684448357
020502061201,2015,27.500784206,5.774592416,0.650308737
020502061201,2016,32.666113226,4.77155605,0.625410327
020502061201,2017,55.655606263,9.146343967,0.695135148
020502061201,2018,79.609649664,13.024215713,0.692224778
020502061201,2019,51.771039675,12.665035633,0.676724973
020502061202,2010,39.280581775,10.890364622,0.690000941
020502061202,2011,76.799658528,19.000453453,0.744295342
020502061202,2012,32.987832812,8.204995207,0.668622619
020502061202,2013,30.986728858,9.3799881,0.675229502
020502061202,2014,38.253561572,11.843509324,0.697758564
020502061202,2015,25.56454415,8.210320337,0.658845074
020502061202,2016,32.187621238,8.074020734,0.654137807
020502061202,2017,49.605339547,12.946179405,0.71426621
020502061202,2018,67.461243992,15.886156332,0.717819746
020502061202,2019,51.644572567,15.969737371,0.709132404
020502061203,2010,35.23532925,10.457958968,0.697247061
020502061203,2011,74.796414453,21.263606667,0.763365169
020502061203,2012,32.6150958,9.384665867,0.692970767
020502061203,2013,30.780243988,10.172723908,0.700189975
020502061203,2014,38.599926886,14.103430557,0.702792307
020502061203,2015,24.088133002,9.438008153,0.65778005
020502061203,2016,31.672711383,9.94985666,0.670366681
020502061203,2017,45.371101177,14.905768764,0.725218797
020502061203,2018,62.064143268,16.650496152,0.737302886
020502061203,2019,51.761876485,17.483203808,0.734737471
020502061204,2010,33.01128701,10.584033791,0.690497368
020502061204,2011,68.795796931,21.399028875,0.761402068
020502061204,2012,32.751472856,9.878005757,0.696532588
020502061204,2013,29.112980268,10.207355057,0.692866034
020502061204,2014,37.435995378,14.306955158,0.702844427
020502061204,2015,23.266062841,9.536204612,0.645001335
020502061204,2016,29.872348935,10.090483627,0.664074086
020502061204,2017,42.089549787,14.944275789,0.719747592
020502061204,2018,59.08420488,16.837082514,0.735923703
020502061204,2019,49.661545462,17.684756924,0.732494996
020502061205,2010,40.421555406,9.782165143,0.659101311
020502061205,2011,76.388427817,16.950027445,0.716580634
020502061205,2012,38.153681829,8.191525457,0.651135472
020502061205,2013,33.851174369,8.699417339,0.650906594
020502061205,2014,39.791921472,10.990037062,0.670172672
020502061205,2015,26.202611039,7.608632567,0.625986538
020502061205,2016,32.51024628,7.517493315,0.623886686
020502061205,2017,49.081331686,11.882418407,0.685906978
020502061205,2018,70.956224506,14.52564469,0.698320652
020502061205,2019,55.127122333,14.289739026,0.683411566
020502061206,2010,34.260611475,11.314012211,0.732435863
020502061206,2011,67.437538345,23.656278448,0.786284596
020502061206,2012,28.333080713,8.89358095,0.723972976
020502061206,2013,27.20668763,9.491166007,0.720468888
020502061206,2014,37.142810996,14.915008446,0.743832647
020502061206,2015,24.966529129,9.944163851,0.686165286
020502061206,2016,25.858466528,8.364028902,0.691892634
020502061206,2017,43.387515011,16.027722747,0.756428035
020502061206,2018,63.942271219,19.393960868,0.784594287
020502061206,2019,45.453941082,17.976941403,0.746526648
020502061207,2010,38.470796228,9.823535351,0.693699284
020502061207,2011,71.139607102,18.648367927,0.736059708
020502061207,2012,31.636079069,7.918442752,0.685976294
020502061207,2013,30.776903718,8.877830773,0.69429855
020502061207,2014,41.285107815,13.026795177,0.710110685
020502061207,2015,26.836663786,8.640758156,0.662349545
020502061207,2016,28.479765321,7.605356772,0.651657448
020502061207,2017,46.02851987,13.184273223,0.713886949
020502061207,2018,71.241797507,17.035172516,0.742770999
020502061207,2019,47.551591789,14.740523383,0.713469045
020503010101,2010,46.828702347,21.39777276,0.642482504
020503010101,2011,70.855646373,27.854504903,0.695303125
020503010101,2012,40.851613175,22.56679556,0.659275642
020503010101,2013,40.638140226,21.567803579,0.666754726
020503010101,2014,50.544964778,26.476680787,0.676675052
020503010101,2015,27.060538716,16.056163977,0.593196536
020503010101,2016,25.371853164,14.66395608,0.597995442
020503010101,2017,42.934767624,23.026137669,0.667807229
020503010101,2018,64.19995637,28.63678168,0.716029753
020503010101,2019,52.085562545,28.143199395,0.680054509
020503010102,2010,43.756089656,15.668987236,0.648405288
020503010102,2011,67.454391575,20.394215481,0.702112519
020503010102,2012,40.067233766,16.868369468,0.666172212
020503010102,2013,36.195437642,15.093243642,0.668281806
020503010102,2014,47.569417983,19.016675095,0.681796749
020503010102,2015,26.722271161,12.666265737,0.597772765
020503010102,2016,26.483681388,11.402773348,0.608820818
020503010102,2017,43.334911188,17.090378913,0.673258339
020503010102,2018,66.292846194,20.288086086,0.718905765
020503010102,2019,50.458265747,20.925622386,0.685400892
020503010103,2010,35.206764479,14.535670146,0.65372849
020503010103,2011,60.731380407,19.376788207,0.711110799
020503010103,2012,31.221376591,15.851769945,0.678972909
020503010103,2013,28.574122657,13.534945824,0.672807825
020503010103,2014,38.184322403,16.466382919,0.691014971
020503010103,2015,20.795355148,10.890040382,0.608047938
020503010103,2016,23.931671667,11.833322661,0.629511526
020503010103,2017,36.17756786,15.328371289,0.679437894
020503010103,2018,59.013062389,20.324156967,0.719782803
020503010103,2019,37.28052832,16.442851415,0.686306117
020503010104,2010,36.547298066,18.447626893,0.682738881
020503010104,2011,63.210497665,27.171259265,0.741914206
020503010104,2012,34.177446979,18.957508865,0.697497764
020503010104,2013,29.775554223,16.516516086,0.697835642
020503010104,2014,43.00388659,23.639201773,0.712941754
020503010104,2015,21.653506157,13.276093959,0.621719021
020503010104,2016,25.739584359,13.976613343,0.661721755
020503010104,2017,39.972398407,20.689093079,0.704113178
020503010104,2018,62.328166936,27.374807151,0.73988024
020503010104,2019,42.472286875,23.695837171,0.706162171
020503010201,2010,55.780720229,19.495948029,0.649924415
020503010201,2011,97.027965524,27.217770894,0.719109762
020503010201,2012,47.285387116,19.575198539,0.685677256
020503010201,2013,41.545612919,17.392579919,0.660833247
020503010201,2014,49.345136347,20.10309761,0.710078711
020503010201,2015,38.306458432,17.413907245,0.667693312
020503010201,2016,41.67418493,16.469107159,0.660246237
020503010201,2017,71.25762862,23.999813208,0.700772196
020503010201,2018,82.417171591,26.834233959,0.725020956
020503010201,2019,68.856301584,26.02464916,0.696640806
020503010202,2010,60.490733513,18.198702049,0.653719935
020503010202,2011,104.208226805,23.637440472,0.723016727
020503010202,2012,52.552639837,18.685482283,0.690011034
020503010202,2013,44.878181413,17.207905115,0.666971967
020503010202,2014,52.575169829,19.140865213,0.712962394
020503010202,2015,41.05100028,16.978815349,0.670518925
020503010202,2016,46.215624253,16.115342208,0.665598789
020503010202,2017,78.819838138,22.101681739,0.704484476
020503010202,2018,89.265139718,23.597756682,0.727034676
020503010202,2019,73.328538687,23.749173672,0.697761698
020503010301,2010,41.523942645,24.060048218,0.661682503
020503010301,2011,70.126318828,31.109470095,0.719245221
020503010301,2012,29.718781725,20.754070057,0.645338463
020503010301,2013,31.473755924,21.698987611,0.68303529
020503010301,2014,40.002536713,23.695305196,0.677801746
020503010301,2015,24.223552306,16.704084126,0.632573262
020503010301,2016,26.620877426,18.542370712,0.603694744
020503010301,2017,52.933679425,29.479869541,0.68677701
020503010301,2018,66.178258976,33.886958812,0.705932727
020503010301,2019,45.530404912,26.062623961,0.6791172
020503010302,2010,38.455897136,24.563632325,0.650939684
020503010302,2011,74.71283141,35.812788598,0.717629316
020503010302,2012,29.01880935,21.765248147,0.639883746
020503010302,2013,31.076784676,22.936806634,0.678112976
020503010302,2014,42.767884477,27.163187164,0.675854103
020503010302,2015,24.981983412,18.051433398,0.630268195
020503010302,2016,32.422451118,23.617424113,0.611379627
020503010302,2017,52.177537975,32.297723479,0.682416152
020503010302,2018,72.378605878,38.940968544,0.702493666
020503010302,2019,49.214125223,30.088888196,0.677761665
020503010303,2010,37.713329336,21.893044487,0.651391668
020503010303,2011,64.039492121,29.41650307,0.710092827
020503010303,2012,27.288790236,19.2469444,0.637962047
020503010303,2013,27.995534183,19.335992921,0.672610275
020503010303,2014,37.696487838,22.382397052,0.669298707
020503010303,2015,23.674142508,16.274412281,0.628710331
020503010303,2016,27.077484876,18.608903501,0.603240959
020503010303,2017,46.342521407,26.606430705,0.67617511
020503010303,2018,61.29360317,31.714516157,0.696073352
020503010303,2019,42.606950472,24.610080532,0.671927764
020503010304,2010,37.851839651,23.094816361,0.653196376
020503010304,2011,70.783724927,31.355726862,0.716439177
020503010304,2012,29.77134144,21.254570748,0.642521454
020503010304,2013,32.09662658,22.640024598,0.680674683
020503010304,2014,40.406358695,24.840604773,0.675383002
020503010304,2015,25.199402462,17.867088942,0.632062226
020503010304,2016,26.024781834,18.582571434,0.601307808
020503010304,2017,48.352313364,28.49778885,0.681639606
020503010304,2018,67.367550723,33.766401607,0.700854361
020503010304,2019,45.091208416,26.242257708,0.675599164
020503010305,2010,36.73741626,20.351177483,0.652091003
020503010305,2011,70.221482625,28.211199876,0.719785213
020503010305,2012,30.480669129,20.063060911,0.652314768
020503010305,2013,30.782099709,19.941797642,0.683595971
020503010305,2014,37.057462063,20.242526709,0.675187612
020503010305,2015,22.023336186,14.805476394,0.629986709
020503010305,2016,23.502076762,15.909714931,0.605335811
020503010305,2017,43.110333192,24.169247688,0.685399935
020503010305,2018,67.223261651,29.834570577,0.705987809
020503010305,2019,43.402042054,23.170658484,0.680339337
020503010401,2010,50.728734575,18.337667171,0.652940481
020503010401,2011,100.832464839,27.9137052,0.730397127
020503010401,2012,43.169443576,18.831649743,0.690089841
020503010401,2013,40.998973304,17.769180091,0.667592339
020503010401,2014,48.062814864,19.896952212,0.715097445
020503010401,2015,34.467080044,16.246427105,0.665997222
020503010401,2016,39.814343388,15.820360497,0.662155819
020503010401,2017,69.484918208,23.474916207,0.707205045
020503010401,2018,78.072535392,25.805201695,0.731591011
020503010401,2019,63.469237058,24.475638889,0.696857604
020503010402,2010,50.806819053,15.956670107,0.649283959
020503010402,2011,95.191614845,22.277900309,0.721924368
020503010402,2012,42.519873586,16.164141151,0.686238224
020503010402,2013,39.665266357,15.25040625,0.662603766
020503010402,2014,47.938963093,17.286102218,0.714883362
020503010402,2015,34.761774296,14.628485446,0.666952934
020503010402,2016,38.207208848,13.525137809,0.659143793
020503010402,2017,67.742166899,19.567494092,0.704052311
020503010402,2018,77.732266932,21.541695439,0.728305098
020503010402,2019,66.324898031,21.862355756,0.698242388
020503010403,2010,57.17581813,15.890380215,0.650402446
020503010403,2011,96.528887685,20.395089727,0.715343541
020503010403,2012,46.6275253,15.704378448,0.679309911
020503010403,2013,43.488635403,15.530321744,0.663487748
020503010403,2014,50.186776881,16.866280035,0.706262965
020503010403,2015,37.110342566,14.580897317,0.661572305
020503010403,2016,41.56145839,13.352833912,0.654748397
020503010403,2017,73.554212545,18.809351629,0.696180046
020503010403,2018,81.568891082,20.274949134,0.719120895
020503010403,2019,67.80119737,20.454531307,0.68730952
020503010404,2010,55.622674308,17.224396859,0.653675772
020503010404,2011,96.082201841,23.300642141,0.719622267
020503010404,2012,45.762940114,17.214136627,0.685423139
020503010404,2013,43.327994981,16.599320492,0.66788295
020503010404,2014,50.738553385,18.489010393,0.710641442
020503010404,2015,36.588294654,15.44938737,0.665594525
020503010404,2016,43.005675949,14.800682049,0.660736165
020503010404,2017,72.885650512,21.096462959,0.699140042
020503010404,2018,87.116712438,23.856064028,0.72453413
020503010404,2019,67.71503314,22.705368046,0.692410357
020503010405,2010,51.199955134,21.758301197,0.636992485
020503010405,2011,90.329426298,30.178051998,0.704692879
020503010405,2012,42.840723378,20.195867259,0.659238698
020503010405,2013,43.270615864,20.878806725,0.657992461
020503010405,2014,49.218067405,22.801851097,0.69380554
020503010405,2015,34.29602149,18.412900392,0.64653951
020503010405,2016,41.045058197,18.526044542,0.640587769
020503010405,2017,68.797217105,27.025541465,0.680102331
020503010405,2018,85.842432024,31.294967665,0.706838671
020503010405,2019,66.498579945,27.917155533,0.677506364
020503010406,2010,45.715669882,19.034173816,0.604176756
020503010406,2011,77.330826217,23.636978088,0.663947558
020503010406,2012,45.396185276,18.533732134,0.617686127
020503010406,2013,39.308242835,18.077773644,0.630037957
020503010406,2014,44.623856379,18.728176893,0.655376515
020503010406,2015,30.97819841,16.386946193,0.610595313
020503010406,2016,35.248742838,15.613208973,0.593768868
020503010406,2017,55.713526688,20.352156887,0.63370623
020503010406,2018,79.317651387,24.38645638,0.662897712
020503010406,2019,61.007223734,22.325723853,0.642446817
020503010501,2010,51.697841414,11.579063935,0.68035217
020503010501,2011,71.342958792,14.470344592,0.728516538
020503010501,2012,39.684978227,11.366392656,0.719720905
020503010501,2013,45.014180639,12.162963002,0.717718256
020503010501,2014,51.430642712,12.899570584,0.728896943
020503010501,2015,27.641570968,8.947334128,0.652710903
020503010501,2016,29.022369138,8.920618572,0.676273769
020503010501,2017,44.018225397,11.622301788,0.717546684
020503010501,2018,65.446454092,13.528631363,0.746276915
020503010501,2019,53.840026975,13.828446943,0.715944998
020503010502,2010,33.780104923,13.218778075,0.648531654
020503010502,2011,66.385716466,18.441539163,0.720412546
020503010502,2012,33.938080344,14.85497116,0.683253301
020503010502,2013,29.45120768,12.801039987,0.678494631
020503010502,2014,40.009117388,15.927632998,0.693131329
020503010502,2015,21.488846596,11.731739538,0.617203752
020503010502,2016,18.49889323,8.641098287,0.609497085
020503010502,2017,32.985291083,11.772526102,0.676786614
020503010502,2018,56.259420706,16.097904432,0.729862307
020503010502,2019,40.622328023,17.731181489,0.666703275
020503010503,2010,39.602143182,7.921525194,0.643652633
020503010503,2011,69.661425105,10.472413186,0.704559644
020503010503,2012,35.891835818,7.93468406,0.673082294
020503010503,2013,32.718370648,7.601395187,0.669942945
020503010503,2014,42.143319584,8.983077586,0.672656283
020503010503,2015,21.855922864,6.651811178,0.603162986
020503010503,2016,20.498046871,5.188809625,0.601494505
020503010503,2017,37.957742366,7.471935263,0.672947598
020503010503,2018,63.202383697,9.250474692,0.710665616
020503010503,2019,41.453265815,9.648277946,0.661333081
020503010601,2010,44.202087833,23.878059011,0.668470395
020503010601,2011,74.825045943,31.053302815,0.718643944
020503010601,2012,36.451580331,24.554653033,0.675660524
020503010601,2013,37.695341394,24.010751508,0.712781048
020503010601,2014,43.688702115,25.432773361,0.705431303
020503010601,2015,29.107182111,19.856137883,0.651306449
020503010601,2016,26.441259845,17.720431777,0.623551309
020503010601,2017,49.274550814,26.525453272,0.70883237
020503010601,2018,67.149765259,31.336617582,0.740113761
020503010601,2019,52.066208877,29.890834216,0.700107228
020503010602,2010,41.797775926,22.09515179,0.687507947
020503010602,2011,73.868973091,28.591180403,0.74361765
020503010602,2012,33.767033045,21.046035299,0.697310884
020503010602,2013,35.920740855,22.430380181,0.727319288
020503010602,2014,41.849318006,24.412185404,0.736453225
020503010602,2015,26.443805698,17.340378079,0.673896452
020503010602,2016,22.764740886,15.041856894,0.640391678
020503010602,2017,48.652802534,25.659913077,0.720587343
020503010602,2018,63.175471174,30.114301618,0.758336216
020503010602,2019,47.897786145,26.48941203,0.714213034
020503010603,2010,44.598228684,20.621320606,0.686539145
020503010603,2011,75.727033512,26.324298617,0.73726407
020503010603,2012,33.914857172,19.999558652,0.699629742
020503010603,2013,37.090860289,20.864427782,0.721266369
020503010603,2014,43.445598194,22.105376223,0.723080469
020503010603,2015,28.050767019,16.360182245,0.666733896
020503010603,2016,23.230607888,14.043018997,0.636099599
020503010603,2017,45.747388881,21.238807417,0.711289716
020503010603,2018,63.198575884,27.025244413,0.751247413
020503010603,2019,45.096591357,22.688079826,0.697852614
020503010701,2010,64.448348262,18.752738491,0.693323672
020503010701,2011,100.870238132,23.227186558,0.722010925
020503010701,2012,58.543813657,17.910232154,0.710818396
020503010701,2013,62.090940369,20.994389083,0.732746124
020503010701,2014,70.027535427,21.589848423,0.75298589
020503010701,2015,35.884360725,15.0195605,0.680021857
020503010701,2016,35.287450502,13.09295645,0.66658996
020503010701,2017,54.048450732,17.872022295,0.720103981
020503010701,2018,88.749526596,24.59181026,0.748567216
020503010701,2019,63.312927289,22.04241279,0.710629253
020503010702,2010,63.059749867,19.347285263,0.689785522
020503010702,2011,99.540154449,24.256550649,0.716977144
020503010702,2012,57.96712732,18.045974754,0.705861476
020503010702,2013,60.477179501,20.719997059,0.726348408
020503010702,2014,67.336894103,21.201103071,0.7451183
020503010702,2015,34.765863318,14.662019145,0.671264937
020503010702,2016,35.710568233,13.368042388,0.665425038
020503010702,2017,52.430291441,17.610789169,0.713230009
020503010702,2018,86.34773179,25.163673538,0.742854296
020503010702,2019,60.730364696,21.844200077,0.703716005
020503010801,2010,60.13781029,17.391563312,0.667010416
020503010801,2011,93.971307479,21.574042283,0.713805655
020503010801,2012,56.561999066,16.782529371,0.685314323
020503010801,2013,57.340718475,18.924164999,0.702549275
020503010801,2014,66.349351138,20.053000294,0.730100929
020503010801,2015,32.556603696,13.258588399,0.65309486
020503010801,2016,32.288857969,11.758439584,0.637329406
020503010801,2017,50.09265579,15.382800283,0.684153759
020503010801,2018,85.323724115,22.632027332,0.735106145
020503010801,2019,58.123591625,19.551253801,0.684137918
020503010802,2010,53.890951997,16.55146685,0.669459658
020503010802,2011,95.249646105,20.575054251,0.706665086
020503010802,2012,45.03454865,14.790383777,0.671117874
020503010802,2013,51.068516693,16.972341028,0.703899377
020503010802,2014,61.087169598,17.592709108,0.702631586
020503010802,2015,29.541035077,12.217570992,0.638394378
020503010802,2016,29.452816089,10.920707226,0.625690114
020503010802,2017,47.842817374,14.582604852,0.685323587
020503010802,2018,84.59243187,21.735753433,0.732737826
020503010802,2019,53.97212682,17.517265103,0.671757255
020503010901,2010,53.924556796,20.537785046,0.719494557
020503010901,2011,88.908785249,31.299773496,0.760745063
020503010901,2012,53.259822005,20.398500602,0.736717898
020503010901,2013,50.265851842,20.090431663,0.732686308
020503010901,2014,57.342784991,24.597475475,0.724481288
020503010901,2015,35.106000589,17.246179277,0.669163509
020503010901,2016,35.301607237,15.075338286,0.677790523
020503010901,2017,47.856736982,19.287426827,0.713755518
020503010901,2018,74.106499695,23.891183451,0.748109247
020503010901,2019,57.905355037,28.001260961,0.699914498
020503010902,2010,52.604178388,18.305290243,0.713218823
020503010902,2011,90.645456831,28.787107604,0.756755198
020503010902,2012,53.942534184,18.517714141,0.731658423
020503010902,2013,48.37975277,18.099215564,0.727117922
020503010902,2014,56.154730587,22.695849617,0.719164852
020503010902,2015,36.020725893,16.241746462,0.666557385
020503010902,2016,33.695033983,13.566148036,0.671891254
020503010902,2017,49.454765427,17.778185539,0.710137469
020503010902,2018,73.380211215,21.075153579,0.742797674
020503010902,2019,57.495762792,26.01356991,0.693523235
020503010903,2010,45.871421828,20.060449811,0.721038593
020503010903,2011,84.037706736,32.136531776,0.765891514
020503010903,2012,39.029716735,18.895218071,0.728408316
020503010903,2013,40.948084401,19.307686443,0.735588361
020503010903,2014,49.638851158,24.076382569,0.724349876
020503010903,2015,29.99912266,16.636830073,0.662105284
020503010903,2016,27.243504696,13.920148291,0.652517576
020503010903,2017,42.412552523,18.687647234,0.716898951
020503010903,2018,66.391504908,24.094511876,0.754685153
020503010903,2019,51.994880072,27.68758651,0.696347115
020503010904,2010,49.497058208,20.492812516,0.719254221
020503010904,2011,89.294787446,32.183078951,0.76509298
020503010904,2012,45.165841018,19.704624132,0.730703897
020503010904,2013,46.10562805,20.122427224,0.735482453
020503010904,2014,52.179780312,24.354561716,0.722687685
020503010904,2015,31.924999173,16.92526934,0.659479559
020503010904,2016,30.22249047,14.369290149,0.660228096
020503010904,2017,45.710439797,19.031403967,0.715093156
020503010904,2018,68.86687797,24.156934953,0.751978776
020503010904,2019,54.989149582,27.992604204,0.6960887
020503011001,2010,37.897767988,15.794065203,0.729939092
020503011001,2011,66.852554999,25.454591235,0.787742811
020503011001,2012,32.336902323,13.583196912,0.753841273
020503011001,2013,29.802338662,13.079575335,0.752949689
020503011001,2014,41.380920185,19.501191257,0.756866468
020503011001,2015,23.747256613,12.032767248,0.686588706
020503011001,2016,25.106914699,10.512620068,0.705264019
020503011001,2017,39.482967798,17.519735542,0.753111664
020503011001,2018,62.296221552,21.608010258,0.788521666
020503011001,2019,44.133641896,21.44060299,0.755617889
020503011002,2010,38.415694251,18.913875619,0.747954955
020503011002,2011,69.353818419,31.496823097,0.801056919
020503011002,2012,29.053496618,14.145720906,0.746902511
020503011002,2013,30.498501254,15.392615239,0.758640574
020503011002,2014,42.242298404,23.896412432,0.755344051
020503011002,2015,25.191683395,14.100804934,0.684708813
020503011002,2016,22.452704898,11.394669285,0.685270849
020503011002,2017,39.256185939,19.942005132,0.760985994
020503011002,2018,59.116734907,26.021860732,0.791582831
020503011002,2019,44.966566691,26.57090571,0.743195517
020503011003,2010,38.900194166,18.797546139,0.741240088
020503011003,2011,70.487073936,30.706690412,0.7902373
020503011003,2012,30.209711537,15.308502465,0.720955547
020503011003,2013,33.1853255,16.636814408,0.749013597
020503011003,2014,43.658562687,23.432563294,0.758165916
020503011003,2015,25.725245875,14.257786566,0.691637387
020503011003,2016,21.262549137,11.162976987,0.662226107
020503011003,2017,39.120924004,19.34906283,0.73945801
020503011003,2018,58.949561995,24.407276871,0.781521066
020503011003,2019,44.989965036,25.817704771,0.720389197
020503011004,2010,46.438093778,21.229329563,0.758193957
020503011004,2011,86.630847634,33.182296486,0.810046533
020503011004,2012,43.108292123,20.395030246,0.776078431
020503011004,2013,42.339892316,21.127262525,0.779720976
020503011004,2014,48.98821807,25.318655888,0.768134008
020503011004,2015,30.550382307,17.910836117,0.705405065
020503011004,2016,28.577097961,15.114378521,0.707111612
020503011004,2017,43.600098921,20.475306457,0.757358542
020503011004,2018,66.93638291,25.535129183,0.797516817
020503011004,2019,52.413959018,28.932053385,0.736159824
020503011005,2010,50.114580886,21.596814334,0.761272637
020503011005,2011,88.939131726,33.255137531,0.808255623
020503011005,2012,48.770175699,21.535291642,0.780392435
020503011005,2013,46.767534146,22.005569835,0.780322304
020503011005,2014,52.734558142,26.250830517,0.771292443
020503011005,2015,33.063192155,18.512650048,0.710275058
020503011005,2016,31.153696259,15.771676092,0.713651459
020503011005,2017,47.202716864,21.475671289,0.761453842
020503011005,2018,72.006063224,25.951458173,0.795923858
020503011005,2019,55.954031954,29.562804724,0.740171048
020503011006,2010,37.753796266,18.947429486,0.741875284
020503011006,2011,66.017382663,30.434602821,0.792247186
020503011006,2012,31.316728507,16.096568909,0.729384055
020503011006,2013,33.418408315,17.409669112,0.753518895
020503011006,2014,41.992943374,23.32513685,0.758025484
020503011006,2015,24.783931163,14.435772232,0.687028323
020503011006,2016,21.404755015,11.732084587,0.67087664
020503011006,2017,38.291442431,19.615671188,0.743697905
020503011006,2018,55.063187122,23.848096496,0.780328279
020503011006,2019,43.669082959,26.034577363,0.720954729
020503020101,2010,40.414163209,14.533452438,0.740443534
020503020101,2011,73.636888182,21.560825765,0.810387967
020503020101,2012,27.324157351,12.193372478,0.7219773
020503020101,2013,32.202857746,13.662549506,0.77843135
020503020101,2014,38.639173211,15.217462796,0.766350858
020503020101,2015,27.872070122,11.892270099,0.737670532
020503020101,2016,32.647444288,12.735202734,0.744994247
020503020101,2017,52.169864113,19.050780918,0.801114966
020503020101,2018,59.880523222,20.058064309,0.807931704
020503020101,2019,45.360974579,17.79052568,0.759857584
020503020102,2010,45.42479245,12.5316979,0.740336023
020503020102,2011,76.744983553,17.29692221,0.804205981
020503020102,2012,29.862474724,10.651717782,0.723326105
020503020102,2013,37.503986185,12.413790757,0.779321679
020503020102,2014,40.277968419,12.48573372,0.763093625
020503020102,2015,31.70231468,10.63671486,0.738731489
020503020102,2016,36.71345811,10.86318035,0.743453716
020503020102,2017,57.453727879,15.328840855,0.798161556
020503020102,2018,64.79346843,16.191531295,0.805893245
020503020102,2019,49.060918277,15.464532383,0.7602818
020503020103,2010,36.022532916,10.803917155,0.705346955
020503020103,2011,72.901272507,18.849659669,0.772960146
020503020103,2012,23.654145623,8.647356583,0.660796833
020503020103,2013,31.013337975,10.375179205,0.729105878
020503020103,2014,37.303793685,11.934013865,0.714093956
020503020103,2015,24.283272283,8.301545245,0.72512436
020503020103,2016,24.202745553,7.891786232,0.687846145
020503020103,2017,40.042879484,12.924004486,0.765208421
020503020103,2018,63.614922649,18.207273428,0.786629682
020503020103,2019,37.218016048,12.200064029,0.723423145
020503020104,2010,39.689942409,11.386347555,0.707336406
020503020104,2011,78.323028048,18.179663249,0.771602461
020503020104,2012,27.211081928,9.61377487,0.667151544
020503020104,2013,34.895701837,11.328244806,0.726928619
020503020104,2014,41.142622979,12.427289069,0.715309338
020503020104,2015,28.336242567,9.495547932,0.72262765
020503020104,2016,28.499364888,9.418344374,0.693236557
020503020104,2017,46.323301006,14.546726426,0.763837555
020503020104,2018,66.256096232,16.984533489,0.782086995
020503020104,2019,41.227050129,12.816883242,0.721226058
020503020105,2010,62.410888584,14.704380954,0.740071584
020503020105,2011,78.377413995,17.650904872,0.784247693
020503020105,2012,36.808572574,12.930084099,0.739457219
020503020105,2013,48.509505878,14.210713326,0.784429428
020503020105,2014,46.076119259,13.473399081,0.767235237
020503020105,2015,41.615521484,12.476188909,0.740912498
020503020105,2016,50.331078661,13.365614384,0.725471326
020503020105,2017,72.000522356,18.049845317,0.779735275
020503020105,2018,76.912547707,18.279333934,0.792802574
020503020105,2019,57.790926162,16.83609645,0.76033565
020503020106,2010,50.176301775,11.825996983,0.739220742
020503020106,2011,85.556709379,17.145565889,0.794713029
020503020106,2012,28.861598838,9.436864815,0.718058159
020503020106,2013,38.878859054,12.463921095,0.789155595
020503020106,2014,45.452755866,12.572534908,0.767564831
020503020106,2015,32.058352403,10.752571223,0.749264573
020503020106,2016,38.032262834,10.974228627,0.745723052
020503020106,2017,60.20060595,16.617952112,0.801576823
020503020106,2018,79.336199837,18.08964124,0.81528001
020503020106,2019,44.984761226,12.932582513,0.762237515
020503020201,2010,56.307010585,9.771556038,0.764670463
020503020201,2011,79.628080302,12.125166224,0.814991845
020503020201,2012,33.92046167,8.497088754,0.752075674
020503020201,2013,43.703849693,9.930460178,0.793426419
020503020201,2014,46.710369664,8.895885774,0.763708439
020503020201,2015,40.705973794,8.542399966,0.76275589
020503020201,2016,43.781090747,8.871958368,0.762031195
020503020201,2017,78.028197823,12.38027652,0.817345564
020503020201,2018,79.86817826,13.112967215,0.828270155
020503020201,2019,50.847282647,10.314460974,0.770754197
020503020202,2010,58.077311288,15.477013002,0.741111302
020503020202,2011,88.971185269,20.085917888,0.799395041
020503020202,2012,39.741923846,14.334589822,0.738717144
020503020202,2013,49.924517619,15.659143612,0.767635791
020503020202,2014,54.368628567,15.23490088,0.748183418
020503020202,2015,45.47968198,14.054995578,0.744831965
020503020202,2016,47.170808654,14.504678781,0.743046713
020503020202,2017,83.152310798,20.003794717,0.793751268
020503020202,2018,86.105329099,21.028536923,0.809303538
020503020202,2019,60.099091418,17.5291256,0.757554226
020503020301,2010,56.948993722,14.886206269,0.752460469
020503020301,2011,90.875619676,18.260109556,0.78778005
020503020301,2012,38.903516877,13.320915165,0.747961541
020503020301,2013,59.511115178,15.70501391,0.773031994
020503020301,2014,57.506493329,14.909150207,0.768858548
020503020301,2015,42.052684939,13.180858102,0.760980702
020503020301,2016,47.436532089,13.473825759,0.749364005
020503020301,2017,84.331059816,18.619506151,0.784288568
020503020301,2018,96.033001873,19.496271864,0.800774808
020503020301,2019,60.29034702,16.11478745,0.761136445
020503020302,2010,53.810486741,17.535058241,0.753742183
020503020302,2011,86.77016124,23.635375634,0.796494198
020503020302,2012,35.069585814,14.97691307,0.749710854
020503020302,2013,51.854086186,19.020371349,0.790798547
020503020302,2014,53.281597932,18.586547983,0.786682666
020503020302,2015,37.490364077,15.100099341,0.762098327
020503020302,2016,41.614275862,15.250214582,0.750977763
020503020302,2017,74.160634341,23.518404105,0.79448992
020503020302,2018,87.055089418,25.077813484,0.812968038
020503020302,2019,53.32859319,19.407284366,0.768861485
020503020303,2010,47.48644329,13.734810611,0.745343001
020503020303,2011,80.047020305,18.455278085,0.793383736
020503020303,2012,30.705363486,12.62266256,0.74697012
020503020303,2013,42.178811978,14.131835027,0.796947619
020503020303,2014,45.64900167,14.437570452,0.790550184
020503020303,2015,31.183709701,11.741160463,0.755907949
020503020303,2016,34.593229686,11.738256097,0.743255323
020503020303,2017,59.917396613,17.007468577,0.791513965
020503020303,2018,74.968411247,19.371714193,0.813271844
020503020303,2019,45.935712984,16.065532236,0.768138406
020503020304,2010,43.573243331,18.759425474,0.677367484
020503020304,2011,82.266985447,29.444128572,0.73967016
020503020304,2012,29.195311646,15.456864181,0.666162988
020503020304,2013,35.749411221,17.135014344,0.735769056
020503020304,2014,43.483925346,19.456217599,0.705550899
020503020304,2015,25.82019071,12.739702784,0.695359482
020503020304,2016,29.59420302,14.623205241,0.682561236
020503020304,2017,53.105974652,23.963358525,0.740836741
020503020304,2018,78.201887129,31.597912218,0.763526816
020503020304,2019,42.769103892,20.88294455,0.709110495
020503020305,2010,41.693014633,18.760865978,0.708694279
020503020305,2011,84.064404364,31.301534134,0.759156849
020503020305,2012,30.593874242,16.318482938,0.70071549
020503020305,2013,38.853845127,19.030226667,0.745580679
020503020305,2014,43.28883396,19.839678257,0.723523422
020503020305,2015,26.623156119,13.347220591,0.710764033
020503020305,2016,31.652391695,15.188289366,0.711657248
020503020305,2017,64.979019119,29.480844115,0.769359775
020503020305,2018,78.718964345,32.393414579,0.784540787
020503020305,2019,47.03190352,22.869684216,0.724107501
020503020401,2010,38.063596695,18.308512443,0.697403494
020503020401,2011,91.204944739,37.085886213,0.762855929
020503020401,2012,39.964388921,22.000844643,0.726437527
020503020401,2013,39.477058698,19.497366167,0.714186296
020503020401,2014,47.586167448,22.377114278,0.706112555
020503020401,2015,30.324494161,14.516262425,0.687692375
020503020401,2016,33.944693378,15.957638161,0.688329147
020503020401,2017,58.58438163,28.304799131,0.754851412
020503020401,2018,74.559936943,34.876424182,0.775731652
020503020401,2019,53.098942548,26.224698142,0.721983148
020503020402,2010,38.433710759,18.642957382,0.696817437
020503020402,2011,87.869861296,35.303872144,0.760782203
020503020402,2012,39.846807663,21.907109615,0.727382611
020503020402,2013,39.108862369,19.273972322,0.714460177
020503020402,2014,46.276320773,21.400110529,0.70381448
020503020402,2015,30.048414584,14.217444007,0.684277964
020503020402,2016,33.688893134,15.734262245,0.691739845
020503020402,2017,60.24800168,29.819894568,0.755428849
020503020402,2018,76.53237111,36.149388059,0.77680695
020503020402,2019,54.250391316,27.095035198,0.722158759
020503020403,2010,38.427008143,18.108349065,0.705709831
020503020403,2011,91.071678881,32.472654957,0.771989476
020503020403,2012,38.728253396,20.015998249,0.733982156
020503020403,2013,39.577922404,19.157689411,0.723872954
020503020403,2014,47.318039343,20.637973446,0.710558736
020503020403,2015,29.825533458,13.719520685,0.68690353
020503020403,2016,34.828873656,16.354708987,0.708913373
020503020403,2017,62.620157572,29.75507961,0.766426988
020503020403,2018,77.94945497,34.005136576,0.787002897
020503020403,2019,53.7748938,24.974093243,0.730010116
020503020404,2010,38.396985365,17.736534957,0.714545612
020503020404,2011,93.075616194,31.727120158,0.779478759
020503020404,2012,37.270717299,18.904638988,0.736165744
020503020404,2013,38.503193929,18.111808563,0.727445111
020503020404,2014,47.361644501,20.386204457,0.718303098
020503020404,2015,29.647414581,13.705695262,0.695236862
020503020404,2016,33.661574655,15.217687209,0.708399945
020503020404,2017,62.497677925,29.088496649,0.773783275
020503020404,2018,77.620565922,32.455021297,0.793273338
020503020404,2019,51.470583372,22.88459579,0.734223129
020503020501,2010,55.987884589,31.024435885,0.768720554
020503020501,2011,91.328194702,53.049122848,0.811496155
020503020501,2012,49.645776381,30.769938756,0.791122902
020503020501,2013,59.508283694,32.965096441,0.806922725
020503020501,2014,51.463156663,27.66067144,0.785649263
020503020501,2015,41.875172408,23.027648827,0.753751093
020503020501,2016,46.033206122,26.67246044,0.784864859
020503020501,2017,78.463647153,43.976951773,0.801505219
020503020501,2018,94.286970452,54.343766905,0.831583064
020503020501,2019,67.203916444,38.054848943,0.785259145
020503020502,2010,55.173920831,30.044940553,0.767769335
020503020502,2011,88.926160643,50.386550099,0.810869909
020503020502,2012,46.608235948,27.671936792,0.785830252
020503020502,2013,56.871919715,30.198735382,0.804877839
020503020502,2014,53.582875886,29.583419458,0.788385203
020503020502,2015,41.981417878,22.964057531,0.750867824
020503020502,2016,45.567860869,26.039871676,0.783611875
020503020502,2017,80.071575226,45.269246186,0.802813892
020503020502,2018,90.220210515,50.097415736,0.83121806
020503020502,2019,66.261439677,36.962983394,0.784780992
020503020503,2010,51.715387236,26.832157314,0.763694194
020503020503,2011,89.920219416,51.671352026,0.813330883
020503020503,2012,49.233511946,30.421692066,0.792185831
020503020503,2013,57.333697312,30.84847691,0.807850711
020503020503,2014,51.200266941,27.408351316,0.785630879
020503020503,2015,40.340970824,21.477139328,0.750695576
020503020503,2016,45.041543613,25.704751825,0.785256439
020503020503,2017,76.06131922,41.675510726,0.802346774
020503020503,2018,94.50479327,54.567261338,0.832929059
020503020503,2019,67.064935129,37.89790513,0.788243775
020503020504,2010,42.670594332,27.591617034,0.680852582
020503020504,2011,87.812526201,47.589322503,0.750274379
020503020504,2012,50.701236417,35.46895321,0.747220356
020503020504,2013,48.577216539,34.154514755,0.743003989
020503020504,2014,53.211581464,32.866777934,0.717613325
020503020504,2015,36.79501121,25.404254098,0.687104533
020503020504,2016,42.019843861,29.389265874,0.729929878
020503020504,2017,69.255199595,41.908320604,0.742248275
020503020504,2018,90.236871088,52.121569935,0.773990667
020503020504,2019,69.233117658,45.373259048,0.734961686
020503020505,2010,45.601110366,26.165194042,0.743044099
020503020505,2011,88.503397329,49.768057407,0.795040516
020503020505,2012,33.787601079,21.364855075,0.739001256
020503020505,2013,48.519475252,29.005362122,0.769599951
020503020505,2014,50.115765619,28.462270694,0.753399224
020503020505,2015,31.69447405,18.542378354,0.742046023
020503020505,2016,39.043697141,23.511524959,0.766622876
020503020505,2017,76.163873246,44.537112051,0.803253612
020503020505,2018,84.315055105,49.753930669,0.817163247
020503020505,2019,59.972275379,35.531687428,0.769232363
020503020506,2010,42.418110816,24.410222664,0.741435963
020503020506,2011,88.522388651,50.851610116,0.803384271
020503020506,2012,40.173738439,25.320970855,0.76417363
020503020506,2013,44.327184278,25.743116979,0.774984112
020503020506,2014,48.95388193,28.146242516,0.752547509
020503020506,2015,31.473728889,17.995610739,0.733553518
020503020506,2016,38.65916497,22.454874988,0.771377125
020503020506,2017,69.183293774,40.913679822,0.803457509
020503020506,2018,82.530458059,48.446094747,0.822397245
020503020506,2019,61.026155908,37.215815221,0.7718466
020503020601,2010,39.334943415,20.518346394,0.733994306
020503020601,2011,90.509384417,35.316556326,0.795303664
020503020601,2012,38.495788192,22.240924767,0.743953562
020503020601,2013,37.283620809,20.847111014,0.743936707
020503020601,2014,45.60200835,22.715180157,0.71948977
020503020601,2015,27.659848603,14.761677417,0.72240027
020503020601,2016,31.305872836,16.301762739,0.724842204
020503020601,2017,62.43313938,29.603557517,0.780141895
020503020601,2018,82.037700344,35.925168545,0.813430959
020503020601,2019,55.559926553,30.320358031,0.737658788
020503020602,2010,37.689490893,18.031227398,0.722859122
020503020602,2011,86.373352482,31.932946319,0.783406253
020503020602,2012,34.518518008,18.923385337,0.721621424
020503020602,2013,34.299212901,17.607231821,0.727177917
020503020602,2014,42.17604757,19.730536226,0.705332925
020503020602,2015,25.820384063,12.630303498,0.699562916
020503020602,2016,30.610217529,14.409105954,0.718946456
020503020602,2017,63.384311044,28.76977185,0.772570811
020503020602,2018,81.69418627,34.039427469,0.800864221
020503020602,2019,51.674175252,25.445609974,0.727558509
020503020701,2010,35.961825388,11.65771532,0.666233697
020503020701,2011,84.601340046,17.594392569,0.755069999
020503020701,2012,32.096013109,11.956176892,0.683254829
020503020701,2013,33.329300869,11.586855148,0.67987807
020503020701,2014,37.549832627,12.189312574,0.687443022
020503020701,2015,24.975764751,9.694758904,0.66112738
020503020701,2016,29.260878207,9.868015258,0.677715272
020503020701,2017,55.503663145,16.137972799,0.726625922
020503020701,2018,66.569729616,17.328041149,0.757713565
020503020701,2019,47.158839327,15.46327425,0.691949787
020503020702,2010,37.038208051,11.857888169,0.676682103
020503020702,2011,84.822628754,17.534915989,0.765002226
020503020702,2012,31.190558798,11.577667916,0.690332348
020503020702,2013,33.419989229,11.453560375,0.690124945
020503020702,2014,36.112778706,11.871586365,0.69504848
020503020702,2015,25.23254618,9.66698503,0.671137189
020503020702,2016,28.287509278,9.510305689,0.681871911
020503020702,2017,56.804686024,16.134853392,0.73804281
020503020702,2018,68.885323429,17.761882723,0.770269342
020503020702,2019,46.565711564,15.013247208,0.696841298
020503020703,2010,41.141666159,9.930418628,0.712891688
020503020703,2011,90.231052948,13.613192879,0.763409108
020503020703,2012,31.985557279,9.486074538,0.722965294
020503020703,2013,36.249558379,10.788338371,0.733280326
020503020703,2014,38.470320459,10.239454174,0.719405163
020503020703,2015,28.043150323,8.333248941,0.705969791
020503020703,2016,28.663424207,7.918717297,0.707686582
020503020703,2017,63.301447006,13.03062987,0.752655517
020503020703,2018,82.333797995,15.010415665,0.78506528
020503020703,2019,50.144861404,11.959987082,0.712035959
020503020704,2010,40.930192128,13.158017801,0.696763607
020503020704,2011,87.237333923,19.529674762,0.745378348
020503020704,2012,31.277477487,11.919497476,0.707158048
020503020704,2013,34.811003732,12.713119716,0.710690105
020503020704,2014,38.632952952,12.778004855,0.686079415
020503020704,2015,26.269114487,9.502659274,0.691441751
020503020704,2016,28.215461893,10.148367548,0.689032423
020503020704,2017,56.419248202,16.969699577,0.734146214
020503020704,2018,75.968242351,20.233487562,0.763833559
020503020704,2019,47.21129358,15.212721109,0.690007179
020503020801,2010,38.269101827,23.353102494,0.665801653
020503020801,2011,78.778689612,41.900125863,0.721999567
020503020801,2012,33.231376817,23.273674397,0.668599272
020503020801,2013,33.530069391,21.70841307,0.676849467
020503020801,2014,38.724493228,23.921440239,0.660874129
020503020801,2015,25.157346853,15.95844341,0.663964805
020503020801,2016,29.899614086,18.847991387,0.672096348
020503020801,2017,54.010126733,32.811006217,0.704581894
020503020801,2018,67.877302703,39.703092106,0.727422387
020503020801,2019,46.988808432,30.534464505,0.679702171
020503020802,2010,39.073375984,14.745071344,0.687430896
020503020802,2011,79.304931601,18.275528885,0.740789471
020503020802,2012,28.015581611,13.807903321,0.65891753
020503020802,2013,32.317760647,14.865366305,0.681769214
020503020802,2014,36.559445669,14.363843111,0.66396327
020503020802,2015,24.528677235,12.651000254,0.683830199
020503020802,2016,25.066912476,12.11648781,0.678300201
020503020802,2017,52.577155897,17.337329066,0.740217321
020503020802,2018,70.693852207,19.140230888,0.754525811
020503020802,2019,36.657340012,15.505901301,0.68533607
020503020803,2010,43.61420294,15.829961172,0.738167451
020503020803,2011,85.63426835,19.990596918,0.791921889
020503020803,2012,34.383773373,15.343339127,0.736955735
020503020803,2013,38.903956557,16.063823838,0.763691648
020503020803,2014,43.690965915,15.797150779,0.732485228
020503020803,2015,33.414171571,14.486094038,0.757669338
020503020803,2016,31.910712935,13.503005663,0.734268075
020503020803,2017,56.314846799,18.609882339,0.771224248
020503020803,2018,74.678717284,20.925339871,0.797680965
020503020803,2019,47.412655516,18.869057482,0.746611094
020503030101,2010,38.973064861,10.362669145,0.740923418
020503030101,2011,73.822100875,16.258300021,0.82478596
020503030101,2012,26.006615743,10.309658102,0.726355424
020503030101,2013,35.07129413,11.217801156,0.800828755
020503030101,2014,44.34802255,11.807099306,0.777401912
020503030101,2015,26.021917975,9.747258118,0.74118404
020503030101,2016,29.633028242,10.536921062,0.761529986
020503030101,2017,42.232003797,13.115693056,0.811099046
020503030101,2018,64.983117798,15.442784076,0.822321707
020503030101,2019,43.65592296,14.831386004,0.752940225
020503030102,2010,45.679559416,2.898517256,0.787124422
020503030102,2011,82.929058038,4.172273326,0.846333168
020503030102,2012,36.608273599,3.277805571,0.792970294
020503030102,2013,50.740788317,3.836659165,0.861633529
020503030102,2014,50.57036887,3.63645574,0.829705133
020503030102,2015,34.888831137,3.051069472,0.777958701
020503030102,2016,33.509884005,3.095872308,0.797332961
020503030102,2017,54.530749743,3.927721682,0.841331175
020503030102,2018,71.607746058,4.272698529,0.851200649
020503030102,2019,45.886084231,4.236661822,0.801081248
020503030103,2010,38.311882123,2.995300243,0.762321079
020503030103,2011,73.764687522,4.603586146,0.832102803
020503030103,2012,24.779007594,3.742596748,0.744609021
020503030103,2013,40.201900238,3.966783252,0.809430447
020503030103,2014,46.316514594,3.753082261,0.798422577
020503030103,2015,27.172996036,3.384679865,0.770693098
020503030103,2016,29.484628145,3.510552561,0.784614214
020503030103,2017,41.357416592,4.177309535,0.818452842
020503030103,2018,62.559643087,4.683282053,0.835821965
020503030103,2019,39.204517313,5.348284646,0.764199499
020503030104,2010,41.104900637,3.147017522,0.769309253
020503030104,2011,80.332926542,4.705050995,0.835004734
020503030104,2012,26.033015045,3.7831506,0.743274298
020503030104,2013,39.539090309,3.928065052,0.807287768
020503030104,2014,49.354546769,3.800448654,0.798894847
020503030104,2015,30.454505755,3.469795186,0.775715373
020503030104,2016,33.379871253,3.616112334,0.788353593
020503030104,2017,41.782400464,4.202840506,0.818455235
020503030104,2018,67.623746285,4.760317361,0.837065638
020503030104,2019,41.46930598,5.381467767,0.765551094
020503030105,2010,39.944037678,6.531924436,0.757509251
020503030105,2011,77.431180294,10.010694305,0.831688993
020503030105,2012,25.774040846,6.869255988,0.739128864
020503030105,2013,38.140462324,7.388130357,0.806819607
020503030105,2014,46.951561687,7.565092962,0.792279835
020503030105,2015,29.977389227,6.555949402,0.76542704
020503030105,2016,30.154733361,6.814752311,0.774545782
020503030105,2017,39.900191328,8.272881201,0.81568769
020503030105,2018,67.065338862,9.720691474,0.833093915
020503030105,2019,42.82322971,9.711722609,0.762498167
020503030201,2010,46.459654868,19.347172484,0.713874262
020503030201,2011,81.274161908,30.564573813,0.784897309
020503030201,2012,32.528905001,15.842450667,0.697902453
020503030201,2013,36.968942244,17.485085066,0.727593665
020503030201,2014,40.449817239,18.615816866,0.724470042
020503030201,2015,31.370539628,13.770407122,0.703353044
020503030201,2016,35.226283522,15.958808731,0.708085856
020503030201,2017,57.263349696,25.700800868,0.765481842
020503030201,2018,70.188087747,28.113944544,0.767243887
020503030201,2019,48.544374681,21.606617254,0.727407106
020503030202,2010,47.831499898,16.082760141,0.718015386
020503030202,2011,81.532956364,23.503403408,0.787604339
020503030202,2012,35.148822272,14.374046711,0.70505285
020503030202,2013,38.754985389,16.327551392,0.733361922
020503030202,2014,40.161958968,15.89471755,0.729060434
020503030202,2015,34.120837214,13.348473637,0.70984277
020503030202,2016,36.69487802,13.994819953,0.711508962
020503030202,2017,59.273268411,20.90400307,0.768784346
020503030202,2018,73.064656777,23.086297906,0.771500419
020503030202,2019,49.610840634,18.367743616,0.732479047
020503030301,2010,46.123471717,16.623146126,0.712416384
020503030301,2011,80.198469624,25.482950027,0.784654284
020503030301,2012,32.410172303,14.376974454,0.699259538
020503030301,2013,37.969897985,17.447664973,0.730105192
020503030301,2014,38.477456124,15.775846054,0.722195203
020503030301,2015,32.367825268,13.939288628,0.705945679
020503030301,2016,36.146894756,15.566461104,0.710431863
020503030301,2017,55.844503933,22.370798442,0.764913148
020503030301,2018,72.426914952,25.514295305,0.768375531
020503030301,2019,47.099047328,19.038944369,0.727545993
020503030302,2010,45.29370584,18.306497559,0.714954568
020503030302,2011,80.154520254,28.96036754,0.781797189
020503030302,2012,30.533374945,14.275626531,0.692280453
020503030302,2013,37.561357896,17.706669429,0.731268424
020503030302,2014,42.222909459,17.365021919,0.718117856
020503030302,2015,30.864502428,13.431567816,0.702538298
020503030302,2016,33.832584644,14.839245961,0.711056416
020503030302,2017,50.195122405,21.867519644,0.755335067
020503030302,2018,71.225611979,27.724622522,0.766181781
020503030302,2019,47.022409959,20.198947239,0.720948915
020503030303,2010,42.741751288,17.265553656,0.727130699
020503030303,2011,86.429593901,28.621092335,0.790068012
020503030303,2012,29.312356792,13.421514921,0.699692517
020503030303,2013,36.235070666,16.39933397,0.744002539
020503030303,2014,46.550659177,16.948118748,0.725859827
020503030303,2015,29.051947922,12.827870344,0.720012837
020503030303,2016,29.306925826,12.861008761,0.725802853
020503030303,2017,39.628506565,18.129966248,0.757445803
020503030303,2018,71.351901738,26.889577959,0.780147986
020503030303,2019,44.79411824,19.004392866,0.726187053
020503030401,2010,37.439503005,14.700309081,0.680965663
020503030401,2011,86.593931343,28.140644779,0.769289945
020503030401,2012,31.539623798,13.861651735,0.687724818
020503030401,2013,33.970901107,14.90168053,0.713096073
020503030401,2014,44.082469256,15.994993795,0.689959912
020503030401,2015,26.854486298,11.349937288,0.672613048
020503030401,2016,28.504893602,12.831801655,0.686487698
020503030401,2017,30.300968674,12.867361397,0.707882969
020503030401,2018,73.195052843,26.561794721,0.765656382
020503030401,2019,37.677492305,16.124524691,0.681278092
020503030402,2010,42.653796838,15.260734221,0.68530605
020503030402,2011,80.113334611,25.204141147,0.768102324
020503030402,2012,31.318123918,13.484603962,0.664750394
020503030402,2013,34.794284602,13.136271235,0.70680058
020503030402,2014,51.323738627,15.735355754,0.712511212
020503030402,2015,28.24290948,11.313543013,0.664056267
020503030402,2016,31.395972591,12.883564136,0.692524092
020503030402,2017,38.849920308,14.575577115,0.718106562
020503030402,2018,75.444507442,24.435651811,0.75625615
020503030402,2019,37.253012493,15.821760029,0.669820822
020503030403,2010,40.443935292,16.18842314,0.675011843
020503030403,2011,85.503547504,28.772585442,0.766772739
020503030403,2012,33.625518475,15.9885148,0.676702635
020503030403,2013,35.062092346,15.7269751,0.708121136
020503030403,2014,46.766630375,17.548627713,0.70081357
020503030403,2015,28.961824486,13.177052643,0.670391639
020503030403,2016,30.706371672,14.314529782,0.686572438
020503030403,2017,33.240208138,14.462509162,0.704907673
020503030403,2018,71.706939182,26.154522435,0.756628182
020503030403,2019,39.845843792,18.704781855,0.671998072
020503030501,2010,46.140625927,7.096001178,0.75951593
020503030501,2011,89.483949318,11.593812972,0.814236491
020503030501,2012,30.198199966,6.53324695,0.723093927
020503030501,2013,36.539038325,7.341445498,0.747472323
020503030501,2014,53.246162773,8.515082636,0.781882348
020503030501,2015,31.048387487,6.767387409,0.750626547
020503030501,2016,34.60099593,7.287841311,0.77093771
020503030501,2017,44.370617498,9.018286885,0.795378965
020503030501,2018,74.160025772,11.078708806,0.808986986
020503030501,2019,42.805462118,9.729300086,0.753880887
020503030502,2010,41.058482478,6.350410279,0.737368245
020503030502,2011,87.00254751,10.321286726,0.798528711
020503030502,2012,28.198646835,5.785986608,0.70547435
020503030502,2013,31.573975087,5.572770677,0.732750761
020503030502,2014,49.047623118,7.601649976,0.747184056
020503030502,2015,29.241429774,5.022231097,0.732842864
020503030502,2016,28.566673661,5.426189092,0.734302356
020503030502,2017,36.618628112,5.77696907,0.770639589
020503030502,2018,75.139836171,9.10678364,0.79657864
020503030502,2019,44.24831188,8.050275512,0.746207278
020503030503,2010,49.853200646,14.040010026,0.730459213
020503030503,2011,91.650162259,20.918215806,0.790051363
020503030503,2012,35.021136584,14.606762132,0.718236314
020503030503,2013,35.930898979,12.956119045,0.722853818
020503030503,2014,57.441902921,16.374848968,0.754811373
020503030503,2015,33.262687162,12.435640978,0.731965708
020503030503,2016,33.108796091,12.085914399,0.726986407
020503030503,2017,44.115567299,13.658862556,0.763002558
020503030503,2018,76.436668585,17.950546586,0.776053031
020503030503,2019,44.25001975,18.030184262,0.717901332
020503030504,2010,40.216282341,8.121285265,0.722772029
020503030504,2011,79.585976691,11.529624869,0.783741365
020503030504,2012,29.530708838,8.093935539,0.706148608
020503030504,2013,32.154873612,7.908123333,0.722626821
020503030504,2014,48.091115696,9.100023542,0.736507481
020503030504,2015,27.853139138,7.15234552,0.71838465
020503030504,2016,26.408622436,6.935779687,0.713607776
020503030504,2017,36.026824041,7.610990994,0.754489695
020503030504,2018,68.67127286,10.62462303,0.776845606
020503030504,2019,36.786104855,9.938904154,0.719601666
020503030505,2010,39.511969192,7.232679608,0.723400058
020503030505,2011,84.164155844,9.816018914,0.782692209
020503030505,2012,30.69763807,7.1714997,0.711623447
020503030505,2013,35.498667264,7.454151918,0.741607095
020503030505,2014,48.10819075,7.656562476,0.738124593
020503030505,2015,28.263643798,6.204942389,0.720580769
020503030505,2016,26.262045523,6.032489492,0.717174607
020503030505,2017,42.735133511,6.934343458,0.75563594
020503030505,2018,79.826290187,9.692781911,0.781878267
020503030505,2019,40.027595263,8.945842646,0.731336204
020503030601,2010,30.793220319,14.954633632,0.647001948
020503030601,2011,72.693181835,29.667341221,0.751802001
020503030601,2012,26.459929278,15.737946093,0.618106397
020503030601,2013,27.448033621,14.43495388,0.685841737
020503030601,2014,38.702314209,17.564590512,0.663924894
020503030601,2015,21.890771391,11.911709865,0.65224902
020503030601,2016,22.306821251,12.514616446,0.624973074
020503030601,2017,33.592142477,17.111408159,0.725900251
020503030601,2018,64.443444576,27.756442748,0.742463741
020503030601,2019,42.681953759,22.082419946,0.686068788
020503030602,2010,30.062420465,14.692282876,0.642380824
020503030602,2011,70.184757619,29.695626751,0.748711611
020503030602,2012,26.960724293,16.31144339,0.615968962
020503030602,2013,27.382485267,14.482170926,0.683124804
020503030602,2014,39.277402337,18.144588152,0.664651566
020503030602,2015,21.731960283,11.978002105,0.651508596
020503030602,2016,22.450200919,12.688009763,0.621583513
020503030602,2017,35.286847516,18.356459477,0.727441869
020503030602,2018,62.816101322,27.831373063,0.741534359
020503030602,2019,43.085415423,22.734132763,0.683832277
020503030603,2010,28.25302602,14.149091336,0.637302502
020503030603,2011,67.523334716,28.505709379,0.743890451
020503030603,2012,26.518483463,16.3391659,0.613086167
020503030603,2013,26.528888985,14.406942985,0.682156386
020503030603,2014,37.572674756,18.027887035,0.662231937
020503030603,2015,20.742238198,11.7582973,0.643976998
020503030603,2016,21.114208409,11.993495115,0.616291132
020503030603,2017,32.320984101,16.174020266,0.715966407
020503030603,2018,67.086526205,29.111265795,0.739712939
020503030603,2019,41.100194206,22.759004575,0.676798665
020503030701,2010,35.294469342,12.110687825,0.666013555
020503030701,2011,63.525013674,15.415964426,0.734375452
020503030701,2012,24.688975925,11.609846947,0.64891656
020503030701,2013,30.195271132,12.75958197,0.686874442
020503030701,2014,32.419588712,12.150658096,0.657152212
020503030701,2015,19.336089618,10.187371577,0.663868107
020503030701,2016,19.949834629,10.375946784,0.648410227
020503030701,2017,35.783288926,13.297462197,0.717912692
020503030701,2018,64.403221013,16.042453194,0.745198611
020503030701,2019,31.883496561,12.493972584,0.664560505
020503030702,2010,38.815044021,12.822329896,0.670172236
020503030702,2011,76.742226233,18.718586707,0.753457616
020503030702,2012,30.342093574,13.998705161,0.670675428
020503030702,2013,35.50442874,13.94379022,0.713342289
020503030702,2014,38.760736176,13.855350743,0.685178749
020503030702,2015,23.062489764,10.866459523,0.678355069
020503030702,2016,23.953136093,11.042299874,0.675749059
020503030702,2017,41.995277966,14.311988392,0.728546329
020503030702,2018,78.174148358,18.893484208,0.758663662
020503030702,2019,37.871093658,15.889226417,0.682777424
020503030801,2010,40.364924284,14.401819615,0.690906259
020503030801,2011,79.787362228,21.581991931,0.778518771
020503030801,2012,27.750031489,13.774550112,0.686813522
020503030801,2013,41.525589417,17.980815448,0.741325846
020503030801,2014,41.782584169,15.239701255,0.697221886
020503030801,2015,25.63557467,12.934875031,0.701721412
020503030801,2016,25.450731354,12.348743168,0.702056255
020503030801,2017,44.681111075,18.864820638,0.754077762
020503030801,2018,81.671331137,23.415929374,0.78214464
020503030801,2019,38.741535056,17.873739901,0.720004546
020503030802,2010,36.363957178,16.061015823,0.702204456
020503030802,2011,76.531144824,24.340749945,0.783798825
020503030802,2012,26.162732687,13.987531611,0.684546938
020503030802,2013,36.938647391,18.346524191,0.742763281
020503030802,2014,40.452145483,16.640618277,0.712761644
020503030802,2015,25.324983378,13.949256112,0.706484082
020503030802,2016,24.946751243,12.977703181,0.694993418
020503030802,2017,44.42477972,20.400778595,0.764244067
020503030802,2018,79.097388139,26.265727418,0.782086482
020503030802,2019,39.532205493,19.617879243,0.72850538
020503030803,2010,38.216455404,13.785998532,0.677835176
020503030803,2011,73.294229353,20.014362856,0.748144186
020503030803,2012,24.59541739,11.264567467,0.655191305
020503030803,2013,33.196708212,14.872219149,0.722352726
020503030803,2014,37.160331384,13.453571057,0.685867597
020503030803,2015,21.456129229,10.547968209,0.680674067
020503030803,2016,23.608515808,11.065509861,0.672023268
020503030803,2017,40.432900292,16.96698541,0.729835631
020503030803,2018,74.162997544,22.35639435,0.754840005
020503030803,2019,35.28507503,15.915067421,0.704211028
020503030804,2010,39.772482249,14.971394156,0.714220567
020503030804,2011,74.433603788,21.033922428,0.769111901
020503030804,2012,27.080819451,12.491487945,0.697614038
020503030804,2013,30.664884303,14.329659604,0.743779175
020503030804,2014,37.096180193,14.40516185,0.717328327
020503030804,2015,24.043948438,11.629544315,0.719324266
020503030804,2016,24.171697528,11.214750058,0.705994754
020503030804,2017,45.683665908,17.989619281,0.755301101
020503030804,2018,67.467138503,22.329917405,0.778112834
020503030804,2019,34.895755533,15.99566627,0.728848556
020503040101,2010,33.236071235,12.80737352,0.746877404
020503040101,2011,65.341832511,21.460373433,0.804768051
020503040101,2012,26.674965574,9.761442995,0.71464093
020503040101,2013,31.268124423,11.891458429,0.752269703
020503040101,2014,34.208360615,13.617214749,0.738951399
020503040101,2015,24.197334587,8.934294156,0.74303376
020503040101,2016,22.007739964,7.80917848,0.679945714
020503040101,2017,42.623412913,13.417560612,0.797400805
020503040101,2018,67.342526342,17.988672354,0.83418381
020503040101,2019,38.022091532,18.18047291,0.726394486
020503040102,2010,33.823514173,12.462581652,0.736284859
020503040102,2011,68.546122855,21.122132312,0.793754828
020503040102,2012,26.1168089,9.412657966,0.700912105
020503040102,2013,30.900046138,11.519626602,0.742320366
020503040102,2014,33.9643479,13.299720124,0.729148311
020503040102,2015,24.568475071,8.605162841,0.735006369
020503040102,2016,22.407485457,7.568252225,0.675795627
020503040102,2017,43.890169604,13.056521558,0.788028631
020503040102,2018,66.948465353,17.568636868,0.823257368
020503040102,2019,39.481785742,17.864567136,0.719023797
020503040103,2010,36.819853972,12.173868067,0.742678093
020503040103,2011,72.758555693,21.710804199,0.802791753
020503040103,2012,31.173358167,11.536616263,0.713713094
020503040103,2013,36.834845096,12.1558509,0.771147387
020503040103,2014,38.800754407,14.1652798,0.741114214
020503040103,2015,25.225791645,8.211334957,0.730491479
020503040103,2016,25.057928438,8.495157172,0.689821288
020503040103,2017,43.64700656,12.307688121,0.792064556
020503040103,2018,77.56722691,19.054934025,0.835376663
020503040103,2019,42.35785573,18.371403984,0.727260239
020503040201,2010,34.149332566,16.720070675,0.619827968
020503040201,2011,67.938184086,25.669685563,0.695962211
020503040201,2012,27.862735088,15.079577162,0.637172721
020503040201,2013,29.144404345,16.700052389,0.664631729
020503040201,2014,35.77239127,17.430313965,0.649112931
020503040201,2015,23.945469947,15.038721342,0.640140745
020503040201,2016,19.780131004,13.114602546,0.603188972
020503040201,2017,33.75754592,18.643846953,0.651486078
020503040201,2018,71.168536472,26.644991165,0.689860595
020503040201,2019,31.603045966,18.396352796,0.630905828
020503040202,2010,34.792450033,20.084388204,0.617266695
020503040202,2011,71.159204662,31.57640664,0.698979558
020503040202,2012,27.709610673,18.5717646,0.613731905
020503040202,2013,26.263656576,17.795141009,0.611676771
020503040202,2014,36.160010511,20.300800417,0.618120962
020503040202,2015,24.534353118,16.813663321,0.608730099
020503040202,2016,23.751168633,16.651637603,0.601959256
020503040202,2017,29.612943559,20.543782571,0.63903723
020503040202,2018,70.929290631,33.568460087,0.690576422
020503040202,2019,34.355839499,21.238998407,0.617596811
020503040203,2010,31.731158605,17.090273832,0.624866979
020503040203,2011,65.709765178,26.48171571,0.704548856
020503040203,2012,25.96381325,15.890755793,0.635487283
020503040203,2013,27.314871374,16.83191042,0.655137927
020503040203,2014,32.591426802,17.772434532,0.645471347
020503040203,2015,21.858753402,14.48775872,0.634248512
020503040203,2016,20.262376875,13.906483512,0.60877772
020503040203,2017,30.714880141,18.036085775,0.653800408
020503040203,2018,66.828185099,27.585278305,0.70004051
020503040203,2019,30.620651712,18.504731289,0.625532083
020503040301,2010,27.296318233,7.316453967,0.707105401
020503040301,2011,58.614343374,10.150496714,0.799147366
020503040301,2012,24.682147099,7.694047062,0.701671346
020503040301,2013,27.577650415,6.887594281,0.728915771
020503040301,2014,27.92628577,7.274368872,0.708263296
020503040301,2015,14.28270261,5.435126284,0.676172557
020503040301,2016,16.823552399,4.536801042,0.678791702
020503040301,2017,17.769915652,5.606365018,0.712765643
020503040301,2018,52.226427677,8.170386274,0.807985621
020503040301,2019,31.395958637,10.522678654,0.68060243
020503040302,2010,32.518495888,7.15972829,0.702446438
020503040302,2011,59.749084106,9.823850878,0.78261852
020503040302,2012,27.977135514,7.455787087,0.69240137
020503040302,2013,30.268075625,6.627267882,0.71509088
020503040302,2014,30.660708713,7.096727577,0.706727752
020503040302,2015,16.677782028,5.318231219,0.667444582
020503040302,2016,18.08654595,4.311724909,0.662712812
020503040302,2017,26.241411577,5.525095798,0.710294712
020503040302,2018,63.010976155,7.925831423,0.794334404
020503040302,2019,34.509555243,10.310318019,0.676093764
020503040401,2010,36.560937369,15.951609906,0.654342991
020503040401,2011,74.73343185,23.251749934,0.729274775
020503040401,2012,29.252903373,14.168197461,0.64397515
020503040401,2013,32.359652993,16.430577762,0.672191868
020503040401,2014,41.52334744,16.684926084,0.66110911
020503040401,2015,21.485546484,11.787518214,0.625371025
020503040401,2016,22.65305797,11.419078409,0.622520866
020503040401,2017,24.915289056,13.806855391,0.665358664
020503040401,2018,64.633213001,22.734942213,0.729855817
020503040401,2019,36.032762715,16.621527992,0.638744723
020503040402,2010,35.060500585,15.757792394,0.640892699
020503040402,2011,72.014193791,23.772581065,0.717086476
020503040402,2012,26.951129259,14.008076553,0.629756666
020503040402,2013,30.253410369,15.996024793,0.657558812
020503040402,2014,39.949361926,17.237280488,0.651833106
020503040402,2015,20.846759784,11.76044068,0.612558994
020503040402,2016,22.657617894,12.041601999,0.610041486
020503040402,2017,24.667764873,14.460560318,0.654221474
020503040402,2018,64.041310426,23.180423441,0.717702989
020503040402,2019,34.098078945,16.74808732,0.629373624
020503040403,2010,28.547992009,3.344405336,0.740958735
020503040403,2011,68.776555923,5.425353736,0.813855836
020503040403,2012,23.752272391,4.246051264,0.729544922
020503040403,2013,27.394979994,4.152281284,0.760096125
020503040403,2014,31.341873656,4.026908544,0.750243377
020503040403,2015,17.544904105,3.024760151,0.719514359
020503040403,2016,17.219060762,3.104108786,0.707688336
020503040403,2017,28.988057634,3.647550768,0.770088266
020503040403,2018,71.936828569,4.992440757,0.827400176
020503040403,2019,28.444032142,5.210699755,0.701408089
020503040404,2010,30.680899183,7.162849554,0.730700623
020503040404,2011,62.558694164,10.800430325,0.79589895
020503040404,2012,23.428363352,7.380562142,0.709545638
020503040404,2013,26.388802561,7.699898189,0.739764679
020503040404,2014,30.917721261,7.448844065,0.737127062
020503040404,2015,16.210906638,5.328723148,0.696110561
020503040404,2016,17.167979194,5.098032047,0.688033678
020503040404,2017,26.025124945,6.540162367,0.750523662
020503040404,2018,68.065446771,10.400454443,0.813691854
020503040404,2019,30.826517167,9.139043573,0.703114533
020503040501,2010,42.761973167,18.001649266,0.702655796
020503040501,2011,76.133679515,28.795116179,0.754455852
020503040501,2012,37.5403306,16.261534782,0.695285553
020503040501,2013,41.411954812,19.155831908,0.720928079
020503040501,2014,45.402993859,20.198080455,0.707243559
020503040501,2015,30.20520502,14.360666249,0.684474253
020503040501,2016,28.317952261,13.303387932,0.653865286
020503040501,2017,48.354709774,19.638172867,0.745918137
020503040501,2018,81.046191346,27.581694078,0.776596221
020503040501,2019,48.092108548,24.992557537,0.685857528
020503040502,2010,42.047588621,18.335008745,0.705336186
020503040502,2011,72.758972579,27.658118368,0.7540113
020503040502,2012,36.652458868,16.076951419,0.695982337
020503040502,2013,41.577531446,19.015364859,0.723671293
020503040502,2014,43.040065444,19.410750883,0.707165373
020503040502,2015,31.369221872,14.437429114,0.69378628
020503040502,2016,27.967870942,12.971648054,0.653243495
020503040502,2017,51.492035904,20.312271578,0.750043302
020503040502,2018,76.53206861,26.655955347,0.776338407
020503040502,2019,46.880597488,24.961813651,0.683174712
020503040503,2010,42.010074857,17.051533356,0.703269125
020503040503,2011,74.926476489,27.129797902,0.755193171
020503040503,2012,37.790158913,15.5606572,0.69712687
020503040503,2013,43.973337131,18.734487436,0.723527403
020503040503,2014,43.689417338,19.258804081,0.710667449
020503040503,2015,33.411343103,14.442023541,0.691906745
020503040503,2016,29.844140822,12.963816106,0.65651176
020503040503,2017,55.960714108,19.933781922,0.751215324
020503040503,2018,76.315607476,25.709995114,0.776405418
020503040503,2019,50.605148611,24.47310208,0.689699995
020503040601,2010,43.773375278,6.243064693,0.656171904
020503040601,2011,71.610614369,6.845984708,0.735015337
020503040601,2012,36.397290457,6.527695769,0.654109519
020503040601,2013,34.297266798,6.21404296,0.637321936
020503040601,2014,39.981779978,6.312853473,0.677341973
020503040601,2015,27.788050648,5.616544851,0.632161645
020503040601,2016,29.527122363,5.41668541,0.629799479
020503040601,2017,56.741140731,6.397088671,0.723951585
020503040601,2018,63.436844281,6.788895987,0.718278436
020503040601,2019,47.16458758,6.695866283,0.675171867
020503040602,2010,37.332950743,6.550501672,0.660400817
020503040602,2011,70.910030613,7.463095679,0.746768022
020503040602,2012,32.809479722,6.988684003,0.665769972
020503040602,2013,32.503599502,6.685807912,0.6450353
020503040602,2014,36.604163705,6.708443018,0.682758906
020503040602,2015,26.15937854,5.995716781,0.640277392
020503040602,2016,27.619742895,5.872225499,0.640857345
020503040602,2017,52.136620509,6.880596219,0.731289908
020503040602,2018,59.673959898,7.291381148,0.725371147
020503040602,2019,42.30303526,7.059134817,0.679362615
020503040603,2010,41.440508313,6.314253988,0.663413517
020503040603,2011,70.324097702,7.192184117,0.743647797
020503040603,2012,34.116307921,6.551747366,0.660362424
020503040603,2013,34.40625943,6.395515757,0.649903009
020503040603,2014,39.851560388,6.528593395,0.689971421
020503040603,2015,27.957317348,5.812418004,0.645600634
020503040603,2016,28.160645278,5.415998104,0.636089566
020503040603,2017,56.383067266,6.684808735,0.73343609
020503040603,2018,63.801658186,7.160544902,0.73099177
020503040603,2019,45.250939144,6.870454448,0.682096549
020503040701,2010,29.06807309,19.246710504,0.639767348
020503040701,2011,56.123633736,33.302601477,0.710160495
020503040701,2012,23.275141154,18.145189453,0.60580576
020503040701,2013,29.617505806,20.972117865,0.662346952
020503040701,2014,30.122719853,20.321665146,0.644501261
020503040701,2015,19.78952418,14.377963678,0.626798376
020503040701,2016,19.151255181,13.71736707,0.592282347
020503040701,2017,43.643136434,26.485925779,0.711514121
020503040701,2018,60.099707399,35.246760367,0.743911302
020503040701,2019,39.519423935,27.150884122,0.656393195
020503040702,2010,30.138751908,21.080093986,0.630633513
020503040702,2011,55.257061006,34.919013497,0.726155848
020503040702,2012,26.626046335,19.943536124,0.612769942
020503040702,2013,30.244024143,21.388210536,0.654880337
020503040702,2014,32.521678115,22.910993989,0.673330943
020503040702,2015,23.691784675,17.466836791,0.623513977
020503040702,2016,21.103386947,15.545084002,0.605462683
020503040702,2017,46.581210614,29.235788009,0.719455637
020503040702,2018,54.755288807,34.324988044,0.739752262
020503040702,2019,41.448403339,29.410971471,0.661174857
020503040801,2010,33.214442877,12.536421066,0.637896317
020503040801,2011,59.246390266,17.590006306,0.70467545
020503040801,2012,23.469162933,11.395914436,0.607942762
020503040801,2013,27.404368116,12.199534402,0.636663184
020503040801,2014,31.673112249,13.257073815,0.66913545
020503040801,2015,22.046232859,10.672703589,0.626103777
020503040801,2016,20.24438749,8.918018715,0.602139728
020503040801,2017,49.593255319,15.99476053,0.701217748
020503040801,2018,52.044508069,17.098006801,0.699401511
020503040801,2019,38.317497654,15.82581796,0.639790483
020503040802,2010,38.711632491,18.444112389,0.682259637
020503040802,2011,73.008345422,30.901319677,0.733033717
020503040802,2012,31.803498345,15.430147719,0.644170887
020503040802,2013,37.961175143,19.629663828,0.698178471
020503040802,2014,47.048575475,23.985932278,0.699610799
020503040802,2015,31.088311298,16.292296003,0.667771325
020503040802,2016,28.514536984,14.153221526,0.622194246
020503040802,2017,60.231368347,26.14503467,0.748084825
020503040802,2018,68.512984193,28.955057432,0.727017015
020503040802,2019,53.971228109,28.875588497,0.681440509
020503040803,2010,40.868361004,16.237553959,0.675414277
020503040803,2011,73.93049512,26.342561415,0.725546455
020503040803,2012,32.192117614,13.854401237,0.645141906
020503040803,2013,41.542025906,17.906587942,0.695685313
020503040803,2014,45.494449669,20.147410851,0.691162466
020503040803,2015,33.854413099,14.759645237,0.66940413
020503040803,2016,29.12169166,12.639321471,0.624369381
020503040803,2017,63.437683181,22.164065344,0.739211492
020503040803,2018,70.239039557,23.80970899,0.723005253
020503040803,2019,52.877413578,24.98357838,0.673016104
020503040901,2010,35.367726032,8.105070984,0.747116191
020503040901,2011,66.372048207,10.486154897,0.818605941
020503040901,2012,27.58755461,7.451291413,0.720218322
020503040901,2013,29.40779874,7.460927278,0.746241043
020503040901,2014,30.961268084,8.241506484,0.749774629
020503040901,2015,17.319606076,5.737757107,0.701587196
020503040901,2016,19.090086805,4.39824079,0.697195068
020503040901,2017,25.812223521,6.266851615,0.750793257
020503040901,2018,55.221058034,8.269006872,0.82951068
020503040901,2019,36.484320816,10.69145028,0.74161293
020503040902,2010,33.041774299,7.705154552,0.744104045
020503040902,2011,63.463264248,10.04509438,0.816813854
020503040902,2012,27.504156553,7.105925826,0.721308224
020503040902,2013,29.251230964,7.04653875,0.746660214
020503040902,2014,30.863564584,7.85412927,0.747127587
020503040902,2015,17.209363649,5.41339294,0.699358885
020503040902,2016,18.525233503,4.051668558,0.692021284
020503040902,2017,24.19045346,5.832815237,0.745945618
020503040902,2018,59.974256657,7.876065811,0.831700154
020503040902,2019,34.70046411,10.316435039,0.739263138
020503040903,2010,35.753381271,7.373462482,0.726208989
020503040903,2011,70.316169744,9.877528711,0.785481256
020503040903,2012,28.108809207,6.634691833,0.705840505
020503040903,2013,33.50919261,7.318408544,0.746846086
020503040903,2014,33.289893827,7.809209701,0.725648147
020503040903,2015,24.258830297,6.390143668,0.711513408
020503040903,2016,23.246665334,5.052854065,0.703003104
020503040903,2017,34.717235389,6.48980776,0.741949538
020503040903,2018,69.473047556,8.540246745,0.815418654
020503040903,2019,41.25721019,10.834984138,0.722347214
020503040904,2010,31.569090874,6.65674217,0.720239258
020503040904,2011,55.766681021,7.363337192,0.774685811
020503040904,2012,27.515368652,7.008775911,0.702928126
020503040904,2013,33.71668262,6.99182339,0.744301255
020503040904,2014,28.395147445,6.720279313,0.711955798
020503040904,2015,19.686943523,5.971755755,0.685712998
020503040904,2016,19.69776004,4.90750369,0.677484977
020503040904,2017,34.284077949,5.087420374,0.761423288
020503040904,2018,63.67788528,5.987966333,0.807987924
020503040904,2019,32.908303713,7.052088684,0.709160634
020503040905,2010,30.873527636,7.329832483,0.738823544
020503040905,2011,59.942527622,9.288042306,0.803240457
020503040905,2012,25.995435677,7.035988299,0.722690321
020503040905,2013,32.844155198,7.379316325,0.762025495
020503040905,2014,29.609530838,7.632852769,0.740176994
020503040905,2015,21.24003857,6.216556484,0.717948758
020503040905,2016,20.206344004,4.946044983,0.707823033
020503040905,2017,33.040560217,6.110825064,0.767097071
020503040905,2018,62.201231626,7.819743554,0.833765387
020503040905,2019,35.563304567,9.658231452,0.735782889
020503040906,2010,34.800209119,6.414333056,0.687691033
020503040906,2011,64.069241468,9.255706487,0.748283098
020503040906,2012,27.203035149,5.392058335,0.658466838
020503040906,2013,35.27358714,6.190033015,0.713152804
020503040906,2014,33.246794964,6.083539104,0.695595893
020503040906,2015,24.212906473,4.299636427,0.692711667
020503040906,2016,20.285543145,3.671579747,0.64803063
020503040906,2017,44.866483319,6.189692409,0.741341264
020503040906,2018,65.452144882,7.924593565,0.756349562
020503040906,2019,38.915956384,7.978125881,0.696307628
020503040907,2010,33.181490367,6.270901014,0.73254433
020503040907,2011,63.228030569,7.499185549,0.792824972
020503040907,2012,26.616503223,6.362121612,0.715311995
020503040907,2013,36.386447442,6.561840958,0.762273634
020503040907,2014,33.387826002,6.627228657,0.738290178
020503040907,2015,24.86862723,5.841616226,0.723468774
020503040907,2016,21.727730394,4.647650548,0.705459826
020503040907,2017,40.721460666,5.431256194,0.775861051
020503040907,2018,60.296935747,6.523347864,0.806439077
020503040907,2019,37.577287695,7.790374454,0.733199284
020503041001,2010,35.229161626,5.123275421,0.708830156
020503041001,2011,68.524408783,7.625909295,0.761724836
020503041001,2012,29.749762182,6.376331037,0.704223382
020503041001,2013,32.971498875,5.435431755,0.747039984
020503041001,2014,40.50031161,6.006205128,0.738524668
020503041001,2015,28.415170765,5.324436461,0.711153867
020503041001,2016,21.544792793,4.389056818,0.646080597
020503041001,2017,45.023796145,5.194726292,0.741771375
020503041001,2018,58.825008438,6.312036971,0.763872118
020503041001,2019,44.819034582,7.33541578,0.731078876
020503041002,2010,32.922041183,6.229290252,0.708059328
020503041002,2011,67.599194952,8.724608002,0.76567843
020503041002,2012,27.946000739,7.519334518,0.700096161
020503041002,2013,29.767775865,6.489993955,0.736493841
020503041002,2014,37.984701281,7.1718596,0.736152886
020503041002,2015,25.046446825,6.355365888,0.697492151
020503041002,2016,19.538390522,5.279568901,0.636357889
020503041002,2017,38.075269693,5.987658005,0.733444764
020503041002,2018,53.44846966,7.230352588,0.761678284
020503041002,2019,40.968837415,8.26744485,0.725608651
020503041101,2010,36.406958353,10.703029183,0.732261288
020503041101,2011,79.942863027,20.934228053,0.819863032
020503041101,2012,34.449999451,9.364132911,0.737209069
020503041101,2013,43.542945504,11.128509489,0.788778277
020503041101,2014,44.97495259,15.381804063,0.752994128
020503041101,2015,34.914110566,9.201837148,0.756552275
020503041101,2016,27.909985061,7.67193717,0.69347518
020503041101,2017,42.954361234,10.343894945,0.769829195
020503041101,2018,70.468319717,15.03159856,0.818728745
020503041101,2019,47.876695881,18.521958754,0.728695521
020503041102,2010,37.824519401,10.623710807,0.737503263
020503041102,2011,80.919637315,20.823505781,0.824011484
020503041102,2012,35.209527124,9.240989581,0.740303534
020503041102,2013,42.221270019,10.89278055,0.788264355
020503041102,2014,47.648407751,15.291987066,0.7584978
020503041102,2015,32.686336131,8.990187818,0.752483743
020503041102,2016,26.027942041,7.442578063,0.68476061
020503041102,2017,42.819569579,10.148160369,0.771362026
020503041102,2018,72.287588081,14.843189237,0.819975768
020503041102,2019,48.67215946,18.384264901,0.728529108
020503041201,2010,41.766159083,9.843098584,0.7592637
020503041201,2011,82.160194972,19.137325388,0.826629124
020503041201,2012,34.136906364,8.429772386,0.735542366
020503041201,2013,40.013135026,10.039730136,0.775928231
020503041201,2014,49.177855112,14.509023819,0.776624182
020503041201,2015,37.125894779,9.75569192,0.761942295
020503041201,2016,28.830731162,7.513787225,0.697340958
020503041201,2017,50.533965524,10.566231631,0.809237206
020503041201,2018,67.606608925,14.206752497,0.805646404
020503041201,2019,53.445240294,16.836479578,0.751659603
020503041202,2010,42.740956778,9.76388032,0.732967011
020503041202,2011,89.534517677,21.75082995,0.814545163
020503041202,2012,38.141155222,8.736314908,0.695713568
020503041202,2013,42.288072588,9.345510105,0.745319595
020503041202,2014,54.33666619,16.639990306,0.754631126
020503041202,2015,38.658872557,10.318971491,0.7379974
020503041202,2016,28.274770649,6.867306552,0.670842891
020503041202,2017,49.051893835,9.26912999,0.771344028
020503041202,2018,76.309179782,15.789106489,0.785519273
020503041202,2019,56.940611956,18.695204777,0.731076628
020503041203,2010,42.577639577,14.806768131,0.736407913
020503041203,2011,89.072384844,25.113087811,0.808518198
020503041203,2012,39.353708134,12.808160914,0.733226935
020503041203,2013,45.572789809,13.276807457,0.771262336
020503041203,2014,52.854185448,18.939893585,0.744339425
020503041203,2015,32.647538154,12.085014225,0.701269999
020503041203,2016,27.333277623,9.824094458,0.667784323
020503041203,2017,46.87181131,14.422592284,0.754090914
020503041203,2018,78.145651767,17.783297801,0.808491509
020503041203,2019,53.402821994,22.571473957,0.706920891
020503041204,2010,44.371882246,12.061660128,0.736251621
020503041204,2011,87.486803901,22.683444659,0.799645484
020503041204,2012,37.695730627,9.992133275,0.705647721
020503041204,2013,42.270226712,10.353746884,0.746655495
020503041204,2014,54.278055958,16.913881752,0.753448219
020503041204,2015,29.089704062,10.106225629,0.685766474
020503041204,2016,25.484750576,7.579751742,0.651750996
020503041204,2017,47.172984589,12.467885522,0.746664557
020503041204,2018,77.369909821,16.158648752,0.792399836
020503041204,2019,54.028917915,19.826406295,0.714672391
020503050101,2010,53.935226013,17.532518561,0.696535844
020503050101,2011,91.443480029,25.241916405,0.765138026
020503050101,2012,41.395783698,15.783255912,0.71699791
020503050101,2013,45.296164698,18.758397059,0.756617466
020503050101,2014,44.278206351,17.598381703,0.7377757
020503050101,2015,33.802324363,14.712726814,0.712256364
020503050101,2016,35.289225117,14.784506305,0.710673063
020503050101,2017,46.188504185,17.964742368,0.733977294
020503050101,2018,89.035268982,25.909733048,0.774671414
020503050101,2019,52.327115015,20.628211728,0.708583755
020503050102,2010,54.405156433,13.489046003,0.692159308
020503050102,2011,90.385509959,18.402924119,0.759397298
020503050102,2012,43.202319503,12.789391398,0.714861222
020503050102,2013,47.697875482,15.399112397,0.754684983
020503050102,2014,47.120365742,14.689892287,0.738195656
020503050102,2015,34.176183624,12.424713035,0.71202424
020503050102,2016,37.856736598,12.580055122,0.711555461
020503050102,2017,48.07883796,14.453493755,0.732145258
020503050102,2018,89.76290144,18.366342811,0.769563951
020503050102,2019,51.613507676,16.334456683,0.703702154
020503050103,2010,42.46467194,16.709662809,0.686661965
020503050103,2011,90.933996576,30.642420243,0.778963955
020503050103,2012,40.768857139,17.679942663,0.709615149
020503050103,2013,51.921059548,22.545953724,0.762756657
020503050103,2014,44.633698502,18.644661709,0.725138847
020503050103,2015,41.39755889,16.513153329,0.739161519
020503050103,2016,36.149875007,16.043240814,0.706062322
020503050103,2017,46.933406674,19.199745944,0.740616888
020503050103,2018,84.448404305,30.60678331,0.792222959
020503050103,2019,53.578826636,22.971240635,0.702016864
020503050104,2010,48.589248663,16.043663088,0.716470461
020503050104,2011,97.098618644,23.878724317,0.785330844
020503050104,2012,43.49323091,15.310166648,0.73857976
020503050104,2013,52.91788832,19.488589209,0.782422932
020503050104,2014,49.98167805,17.395169148,0.755342939
020503050104,2015,41.703096742,15.66223756,0.755565787
020503050104,2016,34.966135222,13.521368853,0.723371759
020503050104,2017,49.099300245,17.052614137,0.762504839
020503050104,2018,92.082879552,24.760735414,0.802277766
020503050104,2019,53.405637359,19.843499782,0.720652929
020503050105,2010,58.7441581,11.746014951,0.746175644
020503050105,2011,96.139308995,16.284884202,0.794260455
020503050105,2012,50.619624973,11.993228198,0.765989787
020503050105,2013,64.492283896,15.055268435,0.807543899
020503050105,2014,61.512414903,14.41405556,0.797760805
020503050105,2015,40.468684625,11.402345517,0.753863859
020503050105,2016,44.353604089,11.762171707,0.768367503
020503050105,2017,57.310268017,13.890217639,0.797179808
020503050105,2018,99.550731246,16.613800557,0.805831263
020503050105,2019,59.294236994,13.979580179,0.740360878
020503050106,2010,52.912754442,14.622038877,0.72227475
020503050106,2011,95.569707544,20.838500491,0.786428097
020503050106,2012,47.67694981,14.890597982,0.749081924
020503050106,2013,60.863197923,18.407951249,0.78150841
020503050106,2014,57.69554454,17.079993609,0.767846808
020503050106,2015,39.840620497,14.005857888,0.745220215
020503050106,2016,34.63563513,12.023535561,0.711615146
020503050106,2017,54.222610663,15.824662053,0.769161293
020503050106,2018,91.668480042,20.557923635,0.790574604
020503050106,2019,56.294072614,18.0343353,0.71501167
020503050107,2010,48.764779918,13.387209726,0.711946885
020503050107,2011,85.940946816,17.232797633,0.761594297
020503050107,2012,44.386537965,12.996041625,0.732816769
020503050107,2013,53.27842509,16.025441003,0.771596727
020503050107,2014,52.734450873,14.706939086,0.743450927
020503050107,2015,32.227433256,11.565792983,0.712393107
020503050107,2016,29.138481728,9.867877331,0.687255685
020503050107,2017,50.469121559,14.250064732,0.749627916
020503050107,2018,84.528956209,17.380674521,0.768596139
020503050107,2019,51.356457641,15.855253703,0.700832348
020503050201,2010,40.921732757,9.665763197,0.672083592
020503050201,2011,67.463642381,13.318743821,0.738230735
020503050201,2012,35.806775598,9.098334097,0.660225187
020503050201,2013,33.366956893,9.42117613,0.688883884
020503050201,2014,46.165040746,10.569834666,0.698478894
020503050201,2015,24.698104898,7.383624734,0.65778579
020503050201,2016,28.721296028,8.078043573,0.641848222
020503050201,2017,33.532292744,9.470616715,0.694360613
020503050201,2018,68.384932726,13.483068511,0.730668169
020503050201,2019,43.320647007,10.576870509,0.685896477
020503050202,2010,40.258001349,3.807106141,0.660436746
020503050202,2011,65.890603023,5.12098654,0.724605076
020503050202,2012,33.381997538,3.40217847,0.647708981
020503050202,2013,32.855237416,3.564658057,0.678361367
020503050202,2014,44.559691847,4.201561209,0.687031241
020503050202,2015,24.789531146,2.881651962,0.647300726
020503050202,2016,28.949725524,3.398389026,0.63449903
020503050202,2017,33.961020371,3.685402684,0.683855005
020503050202,2018,65.68383861,5.072101346,0.715807134
020503050202,2019,41.419308126,3.974788702,0.673918422
020503050203,2010,52.535891514,12.787059734,0.711551191
020503050203,2011,88.416871328,20.382960091,0.770839844
020503050203,2012,45.017366261,10.962926291,0.711032353
020503050203,2013,47.966091016,11.161722003,0.762732741
020503050203,2014,58.826892322,15.13787772,0.754168351
020503050203,2015,35.014583893,8.242864959,0.7133989
020503050203,2016,40.179295762,9.423480621,0.714850166
020503050203,2017,46.981822274,9.27967504,0.749238859
020503050203,2018,80.898160356,15.725621412,0.767444929
020503050203,2019,54.680453132,14.392149101,0.718808592
020503050301,2010,37.656753406,10.629313902,0.618728116
020503050301,2011,67.842686622,14.963439988,0.691759091
020503050301,2012,37.600251643,10.715457785,0.608955201
020503050301,2013,31.740754612,11.345234909,0.643557232
020503050301,2014,42.692533834,11.691225923,0.648270585
020503050301,2015,22.178063735,8.526797627,0.608084344
020503050301,2016,27.486026089,9.189538432,0.589486616
020503050301,2017,31.705326757,11.131468935,0.647066002
020503050301,2018,66.867344978,15.561527839,0.684994586
020503050301,2019,39.620733903,11.72715333,0.634844998
020503050302,2010,37.166547631,12.332814922,0.620440445
020503050302,2011,63.419843202,17.11083365,0.69301718
020503050302,2012,34.798392079,12.191450272,0.60936767
020503050302,2013,29.890654959,12.569359339,0.643609124
020503050302,2014,41.469807175,13.033954333,0.648662285
020503050302,2015,20.948102734,8.98517133,0.606484469
020503050302,2016,25.522872041,9.73353513,0.585262785
020503050302,2017,29.33470022,12.099211544,0.647920374
020503050302,2018,64.925698031,18.350957337,0.687536268
020503050302,2019,39.206556505,13.60452391,0.635830732
020503050303,2010,44.417511548,9.282259458,0.676245431
020503050303,2011,73.153314618,12.17509949,0.742517663
020503050303,2012,33.596225984,7.737164037,0.66159688
020503050303,2013,39.705159928,9.914683832,0.738646835
020503050303,2014,50.406136028,9.958385662,0.725114018
020503050303,2015,28.102849679,7.000453885,0.680329893
020503050303,2016,29.433754954,7.007691037,0.672189981
020503050303,2017,39.742857701,9.238113764,0.70957797
020503050303,2018,75.545383521,12.842043416,0.742140083
020503050303,2019,46.908485546,9.457107806,0.684809084
020503050304,2010,36.665314104,13.21315854,0.730374237
020503050304,2011,73.288028464,20.726643509,0.788510452
020503050304,2012,33.523707402,11.82930178,0.727057432
020503050304,2013,32.40179104,12.392679932,0.778532511
020503050304,2014,42.886111136,14.095982847,0.750443246
020503050304,2015,23.858314721,9.836206602,0.716873761
020503050304,2016,25.158638973,9.239178123,0.705881359
020503050304,2017,30.296998202,11.917295194,0.760859862
020503050304,2018,64.272460934,19.785489958,0.79817525
020503050304,2019,42.490922787,14.948580857,0.73760834
020503050305,2010,36.752115298,12.487970692,0.734250643
020503050305,2011,68.027395158,17.348606639,0.785815007
020503050305,2012,32.948011843,10.55129446,0.731144243
020503050305,2013,32.641083314,11.80888749,0.781177954
020503050305,2014,40.751564659,12.2895195,0.75150187
020503050305,2015,23.878058481,9.430958817,0.721976467
020503050305,2016,24.463199526,8.451778356,0.711592311
020503050305,2017,31.607078451,11.85418608,0.764082552
020503050305,2018,58.200147893,15.637391003,0.793972786
020503050305,2019,42.479076554,13.469601993,0.741472209
020503050306,2010,43.400559838,10.908593789,0.70614792
020503050306,2011,76.506478689,15.285724533,0.764683444
020503050306,2012,36.412214121,9.852388635,0.708341257
020503050306,2013,41.23980632,11.522099969,0.762950278
020503050306,2014,49.372909563,11.717768246,0.744160497
020503050306,2015,27.366498017,7.910065478,0.712516202
020503050306,2016,29.283691642,8.006230491,0.699615002
020503050306,2017,39.24042356,10.524382739,0.745644855
020503050306,2018,71.627952094,14.485899519,0.76849693
020503050306,2019,49.068099942,12.489018356,0.711893572
020503050307,2010,47.228963198,10.882023878,0.702930451
020503050307,2011,83.329252066,14.730146475,0.759770208
020503050307,2012,39.471285848,9.888196466,0.711128678
020503050307,2013,47.246248121,11.954192965,0.761509456
020503050307,2014,52.916337535,12.286998299,0.745172059
020503050307,2015,31.592104902,8.665102819,0.723703501
020503050307,2016,32.287553177,8.126719334,0.700251955
020503050307,2017,43.636036045,10.576360836,0.746284897
020503050307,2018,79.274019062,14.170034935,0.764163348
020503050307,2019,51.597698961,12.496734779,0.703957632
020503050308,2010,43.406464212,11.085059327,0.720410819
020503050308,2011,80.150936317,15.485972287,0.773727347
020503050308,2012,38.88161042,10.112917627,0.724279127
020503050308,2013,41.84812423,11.522468672,0.77303075
020503050308,2014,48.229958853,11.379458639,0.748317108
020503050308,2015,29.154748136,8.863482355,0.7288868
020503050308,2016,28.813640781,7.796261924,0.702911458
020503050308,2017,38.275297971,10.167677611,0.755688112
020503050308,2018,71.29755406,14.566982369,0.779549705
020503050308,2019,48.309391221,12.459523364,0.721665983
020503050401,2010,45.455089506,31.162115914,0.764577545
020503050401,2011,77.066127247,43.985392942,0.804930089
020503050401,2012,48.914212943,33.143156759,0.782960685
020503050401,2013,42.663696451,29.519305358,0.799714854
020503050401,2014,51.436783567,33.393816545,0.796726519
020503050401,2015,36.014710839,25.263211772,0.784029244
020503050401,2016,32.721984062,22.424768253,0.743985543
020503050401,2017,38.675907931,25.455820216,0.788650027
020503050401,2018,64.867955086,37.174023196,0.820833718
020503050401,2019,58.606150745,41.330927007,0.78454283
020503050402,2010,42.565771468,30.544598011,0.71073319
020503050402,2011,69.107437015,41.048924665,0.772189888
020503050402,2012,46.030701074,34.213603923,0.744377304
020503050402,2013,38.858113331,29.583118746,0.759584177
020503050402,2014,43.713889885,31.799749834,0.751651395
020503050402,2015,29.892036924,24.31860069,0.723702358
020503050402,2016,28.100591674,21.582393525,0.686430542
020503050402,2017,33.694520924,25.051312214,0.737329249
020503050402,2018,56.362957619,34.695063237,0.781680603
020503050402,2019,53.025681028,39.824392142,0.752151522
020503050403,2010,44.716278446,27.766186423,0.706183637
020503050403,2011,75.6276884,35.361498339,0.762027569
020503050403,2012,47.732761243,31.003820905,0.721019612
020503050403,2013,49.056105552,29.881664106,0.759056779
020503050403,2014,48.182208297,28.744883329,0.740328995
020503050403,2015,34.703229086,23.923406071,0.71753573
020503050403,2016,31.229657035,20.803744324,0.670261354
020503050403,2017,37.847336883,22.692713154,0.728797963
020503050403,2018,66.499543622,29.698794071,0.769679573
020503050403,2019,51.822498219,33.158194196,0.724658359
020503050404,2010,55.045259386,32.117690697,0.775709517
020503050404,2011,87.234397104,42.072957263,0.808573221
020503050404,2012,53.891278894,30.067864142,0.786704111
020503050404,2013,50.233711955,28.918686383,0.807121395
020503050404,2014,56.217633606,33.69527425,0.810409522
020503050404,2015,38.029323946,23.545430598,0.76036569
020503050404,2016,36.68204272,22.757014418,0.736205049
020503050404,2017,44.869701204,26.106006638,0.778291422
020503050404,2018,77.06400485,37.409373034,0.826345795
020503050404,2019,63.017963235,38.314604094,0.779749794
020503050405,2010,44.857158631,23.228041263,0.739552324
020503050405,2011,72.23667932,31.35955209,0.779741427
020503050405,2012,44.588948972,22.590887533,0.75218646
020503050405,2013,36.618387383,21.443173588,0.7730995
020503050405,2014,42.113265436,22.245288023,0.757035314
020503050405,2015,27.638153842,16.834605271,0.744810303
020503050405,2016,27.310876243,15.595705226,0.712251578
020503050405,2017,34.339608245,18.607590321,0.752143158
020503050405,2018,69.215243708,31.376462221,0.793995218
020503050405,2019,48.195515446,26.379596701,0.745595844
020503050406,2010,51.021631483,30.400030461,0.704392755
020503050406,2011,83.624211407,42.0062054,0.739375737
020503050406,2012,50.941206358,29.95046726,0.716145738
020503050406,2013,53.850162604,33.041837397,0.744251796
020503050406,2014,52.130664646,31.891171545,0.725402597
020503050406,2015,35.299699951,22.862699908,0.718622858
020503050406,2016,35.140464377,22.401415514,0.680180191
020503050406,2017,44.348574838,25.837149336,0.72085609
020503050406,2018,79.643859649,38.925110343,0.756354729
020503050406,2019,56.909227375,36.575848021,0.70092576
020503050407,2010,51.738208151,30.175016532,0.733862305
020503050407,2011,69.147682945,36.629249139,0.776708553
020503050407,2012,48.08171117,27.380839584,0.765559223
020503050407,2013,42.465027304,25.371313916,0.759433822
020503050407,2014,50.224848992,31.624753198,0.741776794
020503050407,2015,36.656911521,23.064358751,0.724040442
020503050407,2016,33.83759492,21.038165493,0.711810223
020503050407,2017,41.668638711,24.675278811,0.738614393
020503050407,2018,65.879525362,33.30559684,0.793671981
020503050407,2019,57.442520219,37.587749685,0.740405962
020503050408,2010,58.770774679,26.275067468,0.679327638
020503050408,2011,77.012261435,30.491467074,0.710389849
020503050408,2012,56.798091945,26.212108001,0.694190011
020503050408,2013,49.866678662,24.205712115,0.712572388
020503050408,2014,54.693797042,27.640516285,0.68424994
020503050408,2015,39.188371466,21.953355627,0.659486256
020503050408,2016,41.092327477,21.261683349,0.652784856
020503050408,2017,50.81788378,23.916396849,0.674095084
020503050408,2018,73.857397208,27.122076295,0.725621997
020503050408,2019,57.389466002,31.956277223,0.668415498
020503050501,2010,52.489017177,31.506621992,0.722502429
020503050501,2011,88.248560558,43.772439864,0.785227238
020503050501,2012,55.732914931,33.124558649,0.747606166
020503050501,2013,49.135090147,31.217469959,0.772793254
020503050501,2014,56.085965985,34.66225153,0.76371395
020503050501,2015,34.50027734,23.874406272,0.732970433
020503050501,2016,37.831809364,23.093567748,0.720696771
020503050501,2017,43.507962348,26.168876412,0.761924202
020503050501,2018,72.677517483,34.254392112,0.800232876
020503050501,2019,65.024163361,43.657794586,0.752047755
020503050502,2010,49.159479884,24.183850754,0.707247008
020503050502,2011,79.017295998,31.698232062,0.770855802
020503050502,2012,47.216310078,25.017713217,0.729114069
020503050502,2013,43.100220303,23.928063901,0.755302278
020503050502,2014,48.599671333,25.775162209,0.748458876
020503050502,2015,29.798434418,18.550266339,0.709959892
020503050502,2016,33.551856658,18.179969235,0.700672587
020503050502,2017,40.478324418,21.514917024,0.742919294
020503050502,2018,67.789824291,27.558890516,0.786693669
020503050502,2019,57.360345225,31.768784357,0.73260712
020503050503,2010,56.738240605,22.645901528,0.677402574
020503050503,2011,87.381595546,27.062493869,0.745669529
020503050503,2012,52.535506684,22.214853701,0.700361985
020503050503,2013,48.189038529,21.875711936,0.737304534
020503050503,2014,54.900148914,22.825655624,0.724603935
020503050503,2015,33.567022772,17.93908633,0.691614083
020503050503,2016,39.35320631,17.521874801,0.679173621
020503050503,2017,47.853269397,20.925083027,0.719483944
020503050503,2018,82.961600586,26.408242161,0.75931373
020503050503,2019,59.900453528,26.248461165,0.68735315
020503050504,2010,48.790679775,18.779396562,0.703528092
020503050504,2011,71.131792887,22.42651058,0.762076537
020503050504,2012,40.946669727,17.33431958,0.719258659
020503050504,2013,36.881899591,16.838112357,0.743120609
020503050504,2014,44.022358128,18.277137839,0.734688396
020503050504,2015,26.055678981,13.471490388,0.695664242
020503050504,2016,30.198042079,13.148746241,0.689297495
020503050504,2017,37.799680133,16.294317262,0.730689244
020503050504,2018,68.231548758,21.840692087,0.782248126
020503050504,2019,52.008453548,21.9306092,0.717640608
020503050505,2010,57.652780576,25.493396817,0.756139586
020503050505,2011,80.188649095,29.865625472,0.795936365
020503050505,2012,50.701685608,25.417739208,0.768822039
020503050505,2013,47.554202345,23.146443276,0.798689218
020503050505,2014,51.67008853,25.82844935,0.782758899
020503050505,2015,36.924423092,20.395659544,0.75775335
020503050505,2016,38.825298794,19.657347714,0.748409783
020503050505,2017,44.642392817,21.354161815,0.774412928
020503050505,2018,72.390059194,26.500011311,0.816375462
020503050505,2019,60.043115584,30.58125616,0.759849441
020503050601,2010,76.825242901,12.977544379,0.756287966
020503050601,2011,109.388076658,15.056076895,0.787750902
020503050601,2012,65.508619358,11.970460211,0.772177885
020503050601,2013,72.667462162,13.58790023,0.784540894
020503050601,2014,81.30902955,13.315951817,0.792088017
020503050601,2015,44.315566142,10.578140725,0.746320394
020503050601,2016,47.419609541,10.459197555,0.764650228
020503050601,2017,65.237565496,12.303745739,0.780302781
020503050601,2018,97.518505757,15.805157112,0.801297482
020503050601,2019,70.522466563,14.627935638,0.766822917
020503050602,2010,80.10980635,13.350950863,0.739597108
020503050602,2011,110.018243984,15.189431616,0.771121922
020503050602,2012,70.228586178,12.403808841,0.755577116
020503050602,2013,75.212907714,13.997599829,0.767989771
020503050602,2014,81.036956736,13.58656305,0.775130153
020503050602,2015,47.153872883,11.06044601,0.730645626
020503050602,2016,51.546567163,10.895335541,0.74867658
020503050602,2017,66.485461085,12.604168771,0.763462927
020503050602,2018,100.675646271,16.077743015,0.785181867
020503050602,2019,73.428124693,15.140790915,0.752486338
020503050603,2010,76.775786938,12.270515297,0.752767584
020503050603,2011,107.400495848,14.441964884,0.784388306
020503050603,2012,64.896003621,11.304988092,0.769303775
020503050603,2013,76.049653242,12.938213273,0.781714677
020503050603,2014,82.022865406,12.618880558,0.788764917
020503050603,2015,45.514197693,10.022363767,0.743654245
020503050603,2016,48.382747929,9.843247238,0.761965287
020503050603,2017,64.39959633,11.55251648,0.776686849
020503050603,2018,97.265901354,15.057660725,0.797687107
020503050603,2019,70.151522533,13.971691454,0.763489718
020503050604,2010,65.36221768,13.081495915,0.732472952
020503050604,2011,104.050052737,15.811150742,0.772466359
020503050604,2012,71.861277654,13.830896665,0.788556965
020503050604,2013,72.982338347,14.681418171,0.776836988
020503050604,2014,76.728585794,14.073149055,0.764674618
020503050604,2015,43.260925611,10.823244113,0.710260876
020503050604,2016,53.669432687,12.080817769,0.760035387
020503050604,2017,66.195695812,13.992286459,0.769441407
020503050604,2018,96.165290118,16.169906253,0.793559371
020503050604,2019,70.873832874,16.597703377,0.735296265
020503050605,2010,64.725612962,12.53460715,0.734567692
020503050605,2011,102.267166284,15.261389175,0.775310528
020503050605,2012,67.774986047,12.669261418,0.782608308
020503050605,2013,70.842911535,13.805662353,0.778502658
020503050605,2014,76.09101545,13.409413978,0.770336085
020503050605,2015,41.353860565,10.276131184,0.716378006
020503050605,2016,51.842268344,11.065817468,0.759702227
020503050605,2017,65.065282976,12.980987839,0.768652337
020503050605,2018,91.486567196,15.479421935,0.792220915
020503050605,2019,68.656185817,15.470151782,0.741191003
020503050606,2010,61.152937478,13.239054172,0.723868444
020503050606,2011,100.751474498,16.540044925,0.771524041
020503050606,2012,65.832608688,14.025627007,0.781112844
020503050606,2013,67.926034303,15.233289831,0.766099065
020503050606,2014,80.292754471,15.251401426,0.777009473
020503050606,2015,41.855657053,11.616549789,0.711835877
020503050606,2016,47.957649065,12.013922753,0.752652227
020503050606,2017,64.410923603,13.942597645,0.771766752
020503050606,2018,86.132150907,16.357890689,0.783785465
020503050606,2019,73.313397523,16.830430491,0.746257827
020503050701,2010,60.946712949,10.422846578,0.716659455
020503050701,2011,89.744965226,12.692951135,0.745571212
020503050701,2012,46.71567111,9.100499535,0.725519139
020503050701,2013,66.777324708,11.556883023,0.744338074
020503050701,2014,71.795684784,11.629192638,0.746617684
020503050701,2015,38.868419493,9.357064788,0.697815308
020503050701,2016,44.15218908,8.783291264,0.720961356
020503050701,2017,51.972749339,9.75779987,0.724260335
020503050701,2018,79.154648808,12.143717476,0.76940063
020503050701,2019,64.868044284,13.180716715,0.724550918
020503050702,2010,62.393598103,13.349475537,0.725179399
020503050702,2011,91.384122051,16.308607078,0.755625857
020503050702,2012,45.474574226,11.66562569,0.732573746
020503050702,2013,66.988734993,14.716639994,0.752983283
020503050702,2014,73.947224941,15.082099458,0.755685263
020503050702,2015,39.521404339,11.666159112,0.705166935
020503050702,2016,44.09338624,11.447979218,0.729085352
020503050702,2017,51.038083032,12.665677267,0.732258841
020503050702,2018,79.411742582,15.925985694,0.778405095
020503050702,2019,65.555124665,16.227907408,0.733024905
020503050703,2010,63.654199109,12.285531543,0.758066585
020503050703,2011,92.373146225,14.657933737,0.786317767
020503050703,2012,52.672503592,11.208323134,0.782736314
020503050703,2013,63.699098114,13.373844249,0.785448823
020503050703,2014,75.56536082,13.741575842,0.788881707
020503050703,2015,40.251933713,10.133146303,0.744140203
020503050703,2016,47.016804181,10.873006913,0.766551808
020503050703,2017,55.914016512,12.026407397,0.773520203
020503050703,2018,82.878238108,14.795711539,0.811966186
020503050703,2019,67.033329119,14.873168738,0.770350598
020503050801,2010,62.573512851,25.362208486,0.678530457
020503050801,2011,101.604498098,32.640431017,0.725467639
020503050801,2012,61.520727804,24.707252362,0.700936823
020503050801,2013,61.592514931,26.468177162,0.704353919
020503050801,2014,67.443270036,24.688782011,0.701346204
020503050801,2015,40.369459121,18.647676003,0.675283853
020503050801,2016,43.608755199,19.33608215,0.687807197
020503050801,2017,53.235040441,22.099795436,0.69549688
020503050801,2018,83.061978788,31.471963229,0.729761268
020503050801,2019,64.446110572,28.423542821,0.676649755
020503050802,2010,65.958744731,26.994590624,0.680017635
020503050802,2011,103.842401174,33.476364185,0.72539055
020503050802,2012,61.702996723,25.456372777,0.699729424
020503050802,2013,62.593007991,27.897035132,0.705258734
020503050802,2014,70.645859468,26.953240663,0.703381467
020503050802,2015,44.61716731,21.822504359,0.679964966
020503050802,2016,48.102723388,22.811707629,0.691378137
020503050802,2017,57.516852294,25.230571374,0.699264009
020503050802,2018,82.410802452,31.78298406,0.72991728
020503050802,2019,66.703022889,30.487109362,0.68031239
020503050901,2010,68.464938472,13.176207987,0.739915016
020503050901,2011,109.041192894,16.638434483,0.781494136
020503050901,2012,70.367990188,13.575729786,0.777237635
020503050901,2013,71.542979495,14.895510562,0.772179755
020503050901,2014,83.942949701,14.661925625,0.78434582
020503050901,2015,47.71898319,11.46989365,0.735129235
020503050901,2016,51.656198276,11.464783665,0.751679295
020503050901,2017,68.303813008,13.429269447,0.770922185
020503050901,2018,90.421306335,15.886752554,0.789971313
020503050901,2019,74.487433516,16.745192869,0.758549296
020503050902,2010,51.829766656,11.920671778,0.72393108
020503050902,2011,95.150743441,16.619370161,0.783807931
020503050902,2012,56.03934818,11.626143063,0.763940726
020503050902,2013,57.715624368,13.099139012,0.767402465
020503050902,2014,66.343157207,12.852887409,0.759530138
020503050902,2015,35.65147606,10.12747955,0.709783032
020503050902,2016,38.616944179,9.407783233,0.735105186
020503050902,2017,56.857176225,12.235196256,0.7600486
020503050902,2018,78.634621159,15.213366934,0.791082876
020503050902,2019,59.995002331,15.482802057,0.728257867
020503050903,2010,50.110890976,12.322747836,0.738968654
020503050903,2011,96.610357797,17.987104367,0.796697517
020503050903,2012,52.192059487,12.078393501,0.781687204
020503050903,2013,52.138964524,13.777769868,0.788078664
020503050903,2014,62.208294734,13.724832684,0.774231656
020503050903,2015,33.875989832,10.322772383,0.725233061
020503050903,2016,36.040304122,9.804404873,0.745379928
020503050903,2017,54.631742536,13.297756577,0.778169603
020503050903,2018,81.279307197,17.153980898,0.81194346
020503050903,2019,57.769442815,16.107628269,0.739843286
020503050904,2010,46.740543469,13.204677706,0.701349147
020503050904,2011,78.745036305,16.882872768,0.74297822
020503050904,2012,51.654467084,12.664737549,0.716361414
020503050904,2013,42.678491127,12.26321258,0.726941253
020503050904,2014,47.033899056,13.572896421,0.714161184
020503050904,2015,29.630936894,10.604364019,0.670543194
020503050904,2016,32.86266238,10.28496911,0.68419674
020503050904,2017,39.181413526,11.648130631,0.691937815
020503050904,2018,66.801820638,16.141806278,0.751442542
020503050904,2019,47.356135758,15.760642768,0.688750825
020503050905,2010,58.455804288,14.660633598,0.72884423
020503050905,2011,100.391215292,19.135176595,0.781280729
020503050905,2012,61.498107284,14.114142157,0.764839598
020503050905,2013,53.503856771,15.468320168,0.76362666
020503050905,2014,63.694888668,15.525944463,0.7646227
020503050905,2015,38.623185193,12.860030544,0.710736072
020503050905,2016,45.115491165,12.655654147,0.732142067
020503050905,2017,53.826898986,13.97088454,0.742623442
020503050905,2018,83.474642216,18.071075467,0.787574433
020503050905,2019,59.647732809,17.900569141,0.722579593
020503050906,2010,49.307056503,13.050671678,0.70739468
020503050906,2011,81.536391872,16.641960086,0.750499338
020503050906,2012,51.579656484,12.146403851,0.729227707
020503050906,2013,41.764184582,12.319482719,0.734566084
020503050906,2014,50.918255962,13.425371438,0.729862123
020503050906,2015,29.794319586,10.427800924,0.677538522
020503050906,2016,34.610831482,9.963796425,0.695416596
020503050906,2017,40.10794414,11.067988346,0.70250754
020503050906,2018,68.028606371,15.451934771,0.759002978
020503050906,2019,50.597590146,15.593805653,0.69626342
020503051001,2010,42.80640093,23.390025912,0.691034019
020503051001,2011,84.048509687,40.998109441,0.762563435
020503051001,2012,40.269655082,21.389379675,0.696104223
020503051001,2013,45.478182082,24.020925576,0.73392671
020503051001,2014,51.868757943,28.542835263,0.695782047
020503051001,2015,31.161480751,17.635269061,0.643270769
020503051001,2016,27.848527512,15.277638334,0.618940082
020503051001,2017,43.389046059,22.026636642,0.710237623
020503051001,2018,75.958881182,34.074295952,0.772482976
020503051001,2019,53.920612443,32.155399827,0.656230545
020503051002,2010,42.205221414,21.594154825,0.670497981
020503051002,2011,70.279865792,29.571651094,0.735699459
020503051002,2012,42.059829964,22.973870899,0.716202803
020503051002,2013,39.536060574,23.133654153,0.73124262
020503051002,2014,42.184973429,22.677422748,0.70812203
020503051002,2015,24.871790253,15.297759614,0.64534328
020503051002,2016,25.54512073,15.37045773,0.64961274
020503051002,2017,36.972700871,20.72064243,0.692921094
020503051002,2018,60.22042325,28.216575835,0.746604497
020503051002,2019,41.875276795,22.386685966,0.667880756
020503051003,2010,46.425388745,23.891411705,0.670923242
020503051003,2011,80.288660292,33.809014764,0.725670766
020503051003,2012,48.032691611,22.030014928,0.68529863
020503051003,2013,46.199716979,23.03848106,0.704729684
020503051003,2014,52.270837025,25.821492213,0.681912513
020503051003,2015,30.27756373,16.058256174,0.625564291
020503051003,2016,31.613210727,15.708016316,0.635137253
020503051003,2017,44.845280527,22.755202497,0.676111967
020503051003,2018,70.507124694,30.312134907,0.717245402
020503051003,2019,49.928941386,25.887903721,0.644650228
020503051004,2010,44.521110017,23.533443539,0.676790291
020503051004,2011,74.621266766,32.986320947,0.730922423
020503051004,2012,42.886309291,20.217162095,0.687118302
020503051004,2013,42.696180991,21.392943056,0.70773882
020503051004,2014,48.737589198,24.657350313,0.684917166
020503051004,2015,29.100967507,15.484153712,0.627663271
020503051004,2016,28.98742351,14.38864594,0.636721001
020503051004,2017,39.585415847,21.071285324,0.675941293
020503051004,2018,65.175139807,28.881329799,0.721418873
020503051004,2019,46.980205041,24.823384778,0.644373968
020503051005,2010,46.525400291,25.656572891,0.69310623
020503051005,2011,75.440390635,38.718695575,0.724882381
020503051005,2012,43.019667061,24.276411648,0.706286309
020503051005,2013,45.368061261,26.472598904,0.725952179
020503051005,2014,50.167979454,27.910689854,0.686804316
020503051005,2015,30.203869585,18.548796957,0.622851819
020503051005,2016,31.419646124,17.60171793,0.642215546
020503051005,2017,37.570144773,21.238890354,0.679617599
020503051005,2018,70.119855415,33.768315383,0.745948487
020503051005,2019,54.079078074,33.645326112,0.643941644
020503051006,2010,39.248090809,23.045376046,0.682981213
020503051006,2011,61.343270164,33.322945938,0.726809304
020503051006,2012,35.247012159,19.297083939,0.685995753
020503051006,2013,36.0249548,20.276971345,0.707167921
020503051006,2014,41.298037003,23.696428842,0.680641057
020503051006,2015,26.709173065,15.799114507,0.629432684
020503051006,2016,26.232459805,14.438547651,0.625187462
020503051006,2017,34.027243878,19.097177836,0.676573707
020503051006,2018,54.255437219,28.288425568,0.732202985
020503051006,2019,43.007939613,27.47792743,0.651507582
020503051007,2010,65.434630148,36.939555589,0.690111265
020503051007,2011,97.69011863,49.049699622,0.731167338
020503051007,2012,71.505999443,39.531849919,0.689420183
020503051007,2013,62.459452811,36.821379316,0.696693994
020503051007,2014,73.232434935,42.729252769,0.696315044
020503051007,2015,51.493570195,32.899232827,0.643532387
020503051007,2016,54.267324994,32.168516898,0.638118828
020503051007,2017,62.134936458,36.669245306,0.668610287
020503051007,2018,86.653616993,46.023309697,0.71549337
020503051007,2019,69.129569284,44.420233341,0.671837961
020503051008,2010,72.653523109,31.919376275,0.706386265
020503051008,2011,106.288968895,42.1411855,0.73295986
020503051008,2012,73.798726579,29.679685667,0.691857398
020503051008,2013,61.857898327,27.2871203,0.700236559
020503051008,2014,76.500212352,35.767405482,0.704219149
020503051008,2015,53.369598334,26.02015654,0.658433513
020503051008,2016,56.557630797,25.932660598,0.644330515
020503051008,2017,65.8647785,30.02413936,0.691563178
020503051008,2018,91.826811851,38.432223428,0.721456847
020503051008,2019,70.9438769,34.477852174,0.691429451
020503051009,2010,47.011152284,28.364923155,0.705744508
020503051009,2011,71.459107669,38.10601854,0.736697631
020503051009,2012,43.981159547,27.821106505,0.693268413
020503051009,2013,36.424467953,22.621736579,0.719098364
020503051009,2014,45.67753875,27.483630541,0.674841196
020503051009,2015,30.991257926,20.30602386,0.650072727
020503051009,2016,32.24618173,19.320153785,0.64942743
020503051009,2017,35.649334196,21.31732102,0.67856974
020503051009,2018,58.958916603,31.030908612,0.745639995
020503051009,2019,54.00346437,33.917349666,0.683109147
020503051010,2010,42.966561092,25.618781109,0.724883414
020503051010,2011,66.709350312,35.035145374,0.771743618
020503051010,2012,43.698250355,25.16907845,0.735564919
020503051010,2013,37.146768261,21.277393674,0.729452447
020503051010,2014,45.900928794,25.381885001,0.718420884
020503051010,2015,30.362227546,19.071423823,0.673932595
020503051010,2016,33.615138172,18.504806594,0.704481865
020503051010,2017,36.354284376,21.007136229,0.712588235
020503051010,2018,59.057395488,30.094476263,0.758347864
020503051010,2019,47.985472461,28.487702621,0.698151745
020503051011,2010,44.804939008,24.644296284,0.694564082
020503051011,2011,65.244531048,32.883867811,0.728600541
020503051011,2012,42.601367417,22.754746195,0.679218499
020503051011,2013,36.54934313,19.962423354,0.692440117
020503051011,2014,46.344785686,25.776815994,0.685648881
020503051011,2015,31.55793246,18.425614383,0.645303603
020503051011,2016,32.715216091,17.889510878,0.638962173
020503051011,2017,37.870138625,20.799467209,0.674135978
020503051011,2018,55.520533242,28.496962143,0.716694517
020503051011,2019,46.92438571,27.670098964,0.673567431
020503060101,2010,39.688268626,18.206220849,0.696672148
020503060101,2011,66.553629503,24.280131101,0.731775135
020503060101,2012,32.736026159,15.914182613,0.707520522
020503060101,2013,32.646412926,16.499088777,0.721985822
020503060101,2014,44.752381758,19.264104967,0.71593932
020503060101,2015,31.349492293,16.01393157,0.696182404
020503060101,2016,40.266751583,18.182132026,0.699495288
020503060101,2017,42.919671444,19.98975525,0.73581634
020503060101,2018,65.686832946,26.628636373,0.754098746
020503060101,2019,46.003081621,21.660725276,0.655072361
020503060102,2010,40.971801716,17.450886621,0.705728341
020503060102,2011,66.296426046,22.481663705,0.741351764
020503060102,2012,34.712416253,16.03888399,0.720684098
020503060102,2013,33.768535054,16.575966291,0.729934084
020503060102,2014,47.053050396,19.302049336,0.728204396
020503060102,2015,31.866695337,15.575172476,0.702975775
020503060102,2016,39.914007086,17.244446582,0.706904298
020503060102,2017,43.688429323,19.095278543,0.745469262
020503060102,2018,66.636190055,25.047814742,0.763160885
020503060102,2019,47.522265142,20.284213909,0.66643012
020503060201,2010,40.885434692,16.333754472,0.612196839
020503060201,2011,67.02657378,20.328378783,0.6417203
020503060201,2012,34.611421569,14.536757317,0.628400575
020503060201,2013,32.256191502,14.938484173,0.623521134
020503060201,2014,43.41574997,15.843833236,0.619419849
020503060201,2015,23.393267786,11.185300037,0.588604967
020503060201,2016,28.435787901,11.474855477,0.588513477
020503060201,2017,34.052384549,15.677387646,0.635704685
020503060201,2018,70.506876499,22.609670288,0.676557083
020503060201,2019,45.317918237,17.696723191,0.587835932
020503060202,2010,45.972402023,19.16072644,0.647405246
020503060202,2011,70.657254839,22.466305779,0.679881594
020503060202,2012,38.276042719,15.39493261,0.649768134
020503060202,2013,34.844908443,16.15357693,0.638839646
020503060202,2014,46.539699827,17.982245325,0.652378663
020503060202,2015,27.107718182,12.690132189,0.619503306
020503060202,2016,31.266268329,12.694905732,0.613257717
020503060202,2017,39.534773301,16.8664908,0.666094647
020503060202,2018,77.253070619,24.866378833,0.718578222
020503060202,2019,45.931295015,19.577749263,0.621639216
020503060203,2010,37.528857526,18.478674232,0.665747203
020503060203,2011,59.293371087,25.129874992,0.702693819
020503060203,2012,31.870802493,16.701697129,0.685052926
020503060203,2013,29.348512714,15.751296979,0.682416396
020503060203,2014,40.555814484,19.136630848,0.681723912
020503060203,2015,24.892768743,13.177376104,0.647936628
020503060203,2016,30.322550722,14.061880197,0.659138279
020503060203,2017,34.91061024,17.939137725,0.69773443
020503060203,2018,60.724532081,27.048894182,0.727577808
020503060203,2019,44.526183261,22.079457188,0.636789825
020503060204,2010,40.356371442,17.348755733,0.646777639
020503060204,2011,61.162984343,22.528991856,0.681152654
020503060204,2012,32.03358216,15.4922625,0.664387371
020503060204,2013,30.381944935,15.035371125,0.664884667
020503060204,2014,42.620108211,18.085767357,0.660661427
020503060204,2015,24.983488735,12.088189787,0.630208341
020503060204,2016,31.182277483,13.266361077,0.637216663
020503060204,2017,36.596295295,17.08517889,0.678174974
020503060204,2018,63.233774216,24.965884917,0.71039471
020503060204,2019,47.88096334,21.199041072,0.626877487
020503060301,2010,38.802370451,11.625857206,0.628461632
020503060301,2011,67.039083606,14.944302631,0.666558899
020503060301,2012,33.382316775,10.697767618,0.637978993
020503060301,2013,26.558115685,9.650359371,0.628054639
020503060301,2014,39.81050529,10.830069417,0.62683255
020503060301,2015,19.279958016,7.434660616,0.602510479
020503060301,2016,25.246220871,7.523570049,0.601295242
020503060301,2017,33.04730218,11.503704713,0.658271063
020503060301,2018,66.260213338,15.543876501,0.696265579
020503060301,2019,49.586880476,13.624361406,0.614667474
020503060302,2010,45.926174464,17.469553333,0.662249915
020503060302,2011,72.108922031,21.092107127,0.6971749
020503060302,2012,35.141818589,14.71403226,0.658281899
020503060302,2013,29.788087127,13.434756822,0.681068633
020503060302,2014,44.55033302,15.951552051,0.656331415
020503060302,2015,22.113570229,10.420401673,0.639713923
020503060302,2016,27.456731292,10.06676826,0.632753622
020503060302,2017,37.722886894,15.680976466,0.696963262
020503060302,2018,68.412989316,22.151093018,0.727050112
020503060302,2019,50.720086244,20.024702276,0.63766959
020503060303,2010,42.078834697,15.929368548,0.642461192
020503060303,2011,68.456412243,20.946739571,0.683114922
020503060303,2012,34.013801728,14.11929026,0.655265169
020503060303,2013,28.847509333,12.265859274,0.655689156
020503060303,2014,42.945738513,14.511144814,0.641104463
020503060303,2015,21.726347503,9.163574668,0.622077929
020503060303,2016,27.257995206,9.911215455,0.623001096
020503060303,2017,35.205289317,14.36600604,0.67611753
020503060303,2018,68.186344958,21.863172127,0.70955789
020503060303,2019,50.745439937,18.548913139,0.626373897
020503060401,2010,44.468586742,18.080845385,0.673434495
020503060401,2011,71.817113519,20.8609639,0.695448291
020503060401,2012,35.873403105,15.822583331,0.688539753
020503060401,2013,30.851921569,14.670466409,0.708746433
020503060401,2014,44.831525231,16.201801947,0.667657626
020503060401,2015,26.560436474,12.606270639,0.672966857
020503060401,2016,31.034560933,12.780423234,0.642079176
020503060401,2017,39.004977487,16.2613987,0.70745062
020503060401,2018,66.662009413,22.862787402,0.735288668
020503060401,2019,47.237267734,19.41954441,0.637246627
020503060402,2010,48.107062659,18.711098824,0.67981028
020503060402,2011,75.583384416,20.594960139,0.699324257
020503060402,2012,38.960340348,16.599223898,0.693672497
020503060402,2013,36.788999622,17.503536756,0.717721213
020503060402,2014,46.277888016,16.604206428,0.665437427
020503060402,2015,28.902605131,13.547630838,0.678935499
020503060402,2016,32.990390225,13.511335686,0.650057119
020503060402,2017,40.377019247,16.357960777,0.70948796
020503060402,2018,70.829068852,22.333825501,0.737463377
020503060402,2019,48.031587751,19.195782092,0.638091299
020503060501,2010,37.029492433,18.16597565,0.675817558
020503060501,2011,58.169982532,24.993968949,0.717949226
020503060501,2012,25.162506364,13.323598221,0.679364888
020503060501,2013,26.263616879,13.893036169,0.699678082
020503060501,2014,40.956989437,19.15191487,0.694402323
020503060501,2015,22.043675392,11.866191864,0.677399773
020503060501,2016,27.889459697,13.360067539,0.655342853
020503060501,2017,31.542221661,16.167714726,0.718920562
020503060501,2018,58.532158924,27.60134407,0.760824905
020503060501,2019,42.420678139,20.875525995,0.667451421
020503060502,2010,40.631675004,18.22152213,0.678652296
020503060502,2011,61.46884538,24.40788175,0.711732107
020503060502,2012,28.069419739,13.320190391,0.677603409
020503060502,2013,27.013443978,13.494840291,0.704094688
020503060502,2014,37.903469331,16.741623193,0.664386725
020503060502,2015,20.15839611,9.500107633,0.666049951
020503060502,2016,25.126856276,11.019284198,0.638769399
020503060502,2017,30.488698763,14.091577134,0.706345546
020503060502,2018,63.662387749,27.45588968,0.748500628
020503060502,2019,41.821681972,19.172532078,0.653858532
020503060503,2010,41.996970071,20.079256149,0.630005799
020503060503,2011,65.513022271,28.707769755,0.660982093
020503060503,2012,29.598279737,15.077157141,0.612930868
020503060503,2013,25.449210368,14.322551767,0.655692593
020503060503,2014,33.813185045,17.124307098,0.614580988
020503060503,2015,17.434471873,9.08311081,0.607876274
020503060503,2016,21.234211286,10.20143423,0.574090594
020503060503,2017,26.671308382,13.371368242,0.635217068
020503060503,2018,61.058561766,28.64177829,0.693601183
020503060503,2019,39.605929412,20.216592778,0.619205907
020503060504,2010,42.676016914,16.287875792,0.657010482
020503060504,2011,68.627387201,22.759328131,0.686010683
020503060504,2012,31.475005962,12.964722135,0.651189466
020503060504,2013,29.691751251,12.982371095,0.693852117
020503060504,2014,36.82393257,14.436772796,0.638809087
020503060504,2015,20.562582956,8.524988625,0.642719143
020503060504,2016,24.640148777,9.817468557,0.61303127
020503060504,2017,30.341251336,12.076447544,0.669554665
020503060504,2018,66.490368373,23.103873968,0.720004725
020503060504,2019,42.391260187,17.228335462,0.642027717
020503060601,2010,43.365222937,14.831493257,0.644993766
020503060601,2011,57.023146276,15.638703387,0.665914879
020503060601,2012,26.404871466,12.249736054,0.62094526
020503060601,2013,27.984799038,12.327416605,0.680558332
020503060601,2014,41.943886768,14.20127654,0.647552699
020503060601,2015,36.162444434,14.37820506,0.66992673
020503060601,2016,31.316249199,13.310314087,0.622318899
020503060601,2017,34.46780058,13.889122515,0.672091769
020503060601,2018,56.056681818,16.43636166,0.71207871
020503060601,2019,39.141118258,17.169022002,0.624920179
020503060602,2010,46.821573944,13.625161868,0.630107444
020503060602,2011,59.86038673,14.835969124,0.642561326
020503060602,2012,30.776413828,12.216242834,0.604660524
020503060602,2013,30.781519627,12.206491357,0.653174522
020503060602,2014,45.590018494,12.587947275,0.617197747
020503060602,2015,34.224347283,12.682955817,0.642675988
020503060602,2016,30.371086084,10.927373991,0.5928027
020503060602,2017,35.111930905,12.53217788,0.645871141
020503060602,2018,59.527206092,15.466559782,0.696515953
020503060602,2019,41.182323959,15.248953244,0.601923182
020503060603,2010,44.370087659,16.534993087,0.642515241
020503060603,2011,58.417951935,17.381613836,0.659542515
020503060603,2012,29.67165771,13.916130788,0.618777658
020503060603,2013,27.936262823,13.580360453,0.672558907
020503060603,2014,43.580468457,15.458230922,0.643071667
020503060603,2015,33.545302234,15.217641288,0.659496072
020503060603,2016,29.936922252,13.60012796,0.609363576
020503060603,2017,37.110527974,15.383504564,0.666450217
020503060603,2018,62.502519053,18.707183929,0.70915023
020503060603,2019,42.233664635,18.557591529,0.620180597
020503060701,2010,37.743687365,15.498124515,0.672168025
020503060701,2011,49.638201682,17.29439684,0.69751306
020503060701,2012,22.911827777,13.144328331,0.648474546
020503060701,2013,23.94169463,12.629777888,0.69006242
020503060701,2014,38.518991808,14.539062656,0.686195473
020503060701,2015,25.260353235,13.339766287,0.695060228
020503060701,2016,29.540751018,12.935570971,0.647780578
020503060701,2017,31.565894365,15.113933163,0.716571944
020503060701,2018,49.559837716,18.674334982,0.747076905
020503060701,2019,34.724204466,17.240660471,0.65035058
020503060702,2010,43.934482224,17.782803516,0.688135134
020503060702,2011,59.199656822,20.046959227,0.715220412
020503060702,2012,28.485250871,15.630773385,0.66484618
020503060702,2013,28.208741865,14.120517088,0.700465479
020503060702,2014,46.332472921,17.273539172,0.708508336
020503060702,2015,30.400160871,15.141382819,0.707291918
020503060702,2016,34.891068856,15.024284242,0.662485792
020503060702,2017,38.724085023,17.396202561,0.733954048
020503060702,2018,57.822542029,21.030055929,0.76288775
020503060702,2019,41.959459275,19.788010674,0.66717996
020503060703,2010,37.169217267,14.573133482,0.675385075
020503060703,2011,50.683626347,16.643928035,0.700212633
020503060703,2012,22.670049098,12.655279938,0.651688322
020503060703,2013,22.58502028,11.572368251,0.689216764
020503060703,2014,38.60512257,13.527405336,0.689795516
020503060703,2015,24.431738165,12.213713067,0.695295236
020503060703,2016,27.705880378,11.601244743,0.641295032
020503060703,2017,29.819917377,13.744105557,0.721073506
020503060703,2018,52.533464093,18.1517776,0.754363342
020503060703,2019,35.161267277,16.652809497,0.652111205
020503060704,2010,34.542701159,23.599045487,0.652447667
020503060704,2011,48.7604977,26.925402184,0.66766027
020503060704,2012,26.291815307,19.445037994,0.640130138
020503060704,2013,21.296651772,16.005132261,0.658544156
020503060704,2014,35.401155549,22.112390791,0.647962585
020503060704,2015,21.724073025,17.07461851,0.640716866
020503060704,2016,23.333220515,16.396813216,0.598588883
020503060704,2017,30.999036041,20.651261246,0.682632889
020503060704,2018,52.26799733,27.442796124,0.737458439
020503060704,2019,38.521348456,25.786854486,0.623220429
020503060705,2010,52.762750994,28.51660761,0.677036455
020503060705,2011,66.273821207,29.930156356,0.699510673
020503060705,2012,43.186150562,23.950181614,0.678277285
020503060705,2013,36.690820235,21.853352756,0.693124024
020503060705,2014,50.699646107,26.742673988,0.675424445
020503060705,2015,37.808405354,22.522217844,0.665113086
020503060705,2016,37.406991373,22.034883192,0.637486742
020503060705,2017,46.77812332,25.327863967,0.699165631
020503060705,2018,65.779461172,29.574719959,0.735746165
020503060705,2019,50.044700029,28.098483379,0.655636453
020503060706,2010,56.940519976,24.713683765,0.653178477
020503060706,2011,71.49658167,25.816203329,0.661126959
020503060706,2012,44.61036571,19.950935418,0.639578193
020503060706,2013,40.428712585,19.936724937,0.669310944
020503060706,2014,55.317032144,23.501802872,0.648144351
020503060706,2015,41.567873184,20.637532944,0.622389309
020503060706,2016,38.798312169,18.738364083,0.607667441
020503060706,2017,47.143681661,21.015613468,0.656100206
020503060706,2018,69.823900566,25.822084529,0.699325848
020503060706,2019,51.8441888,24.277563707,0.635063912
020503060707,2010,43.997601786,18.562457873,0.648066095
020503060707,2011,59.634837613,19.593421321,0.661270271
020503060707,2012,34.350751823,13.814681549,0.639564724
020503060707,2013,29.755666389,13.092155876,0.660291345
020503060707,2014,44.219106091,17.764099672,0.641418662
020503060707,2015,28.821318552,13.685817036,0.616139661
020503060707,2016,28.475358038,12.852448728,0.596656282
020503060707,2017,35.837972377,15.089705331,0.654909107
020503060707,2018,55.739199388,17.938577309,0.692084183
020503060707,2019,40.712738301,17.751732043,0.624537487
020503060801,2010,38.411627986,14.933137747,0.59958787
020503060801,2011,71.26395605,19.929544224,0.648500515
020503060801,2012,30.4713942,14.073923545,0.615795081
020503060801,2013,37.171708188,16.99014061,0.654609119
020503060801,2014,43.060474013,14.040821936,0.616344914
020503060801,2015,24.577573299,11.736479648,0.598039967
020503060801,2016,28.000496037,12.615176037,0.59158022
020503060801,2017,34.37856626,15.312004573,0.616356066
020503060801,2018,64.996293889,22.192829639,0.659382667
020503060801,2019,43.536383754,16.741501464,0.606179575
020503060802,2010,40.278592451,22.475534198,0.661320198
020503060802,2011,57.766200394,26.337964858,0.70331112
020503060802,2012,31.436168545,21.308654828,0.678734352
020503060802,2013,30.797273323,21.824208513,0.707902356
020503060802,2014,39.103412542,21.441332127,0.6765971
020503060802,2015,25.30162358,18.477640386,0.650994316
020503060802,2016,27.897847381,18.265823274,0.651541766
020503060802,2017,31.52327763,20.323734733,0.677780299
020503060802,2018,51.446964894,26.735406655,0.717923349
020503060802,2019,38.690412093,23.691712174,0.661873794
020503060803,2010,39.538109706,24.768485021,0.664857659
020503060803,2011,54.977028255,29.705119047,0.705692097
020503060803,2012,30.67329402,22.912516051,0.680309479
020503060803,2013,31.022463045,23.813535618,0.710851856
020503060803,2014,40.128315775,24.588448321,0.682382407
020503060803,2015,27.415309753,20.78813977,0.657410751
020503060803,2016,27.464679339,19.572422103,0.647449302
020503060803,2017,31.335597944,22.013919917,0.68073744
020503060803,2018,50.36888077,31.331924189,0.72039644
020503060803,2019,38.920542501,26.281404615,0.667204901
020503060804,2010,39.625358807,22.920672527,0.64034305
020503060804,2011,64.21720683,30.488173237,0.684239252
020503060804,2012,28.972134773,19.515809296,0.637441693
020503060804,2013,31.371534911,20.548792958,0.675286283
020503060804,2014,39.700250392,21.848490125,0.638709287
020503060804,2015,27.44828932,18.728110816,0.62100176
020503060804,2016,27.293158419,17.379060574,0.623073721
020503060804,2017,33.27897938,20.894750521,0.652589273
020503060804,2018,53.131622722,27.815176755,0.67962586
020503060804,2019,43.080192353,25.709422343,0.640032006
020503060901,2010,48.978155312,28.344595425,0.563018046
020503060901,2011,62.805948482,35.894288378,0.595272167
020503060901,2012,31.817777205,19.532297026,0.542859047
020503060901,2013,40.101246587,24.213577861,0.582147646
020503060901,2014,48.213886083,27.508938334,0.58454941
020503060901,2015,25.859237724,17.679878672,0.550294655
020503060901,2016,34.526024464,21.20894055,0.548642268
020503060901,2017,42.27752523,26.83953668,0.581295281
020503060901,2018,63.039845465,39.64790764,0.621293224
020503060901,2019,46.912860268,28.161757287,0.570364044
020503060902,2010,38.575717252,25.753977841,0.588716827
020503060902,2011,57.64279996,37.713369763,0.63421321
020503060902,2012,25.965126168,18.04413967,0.575710866
020503060902,2013,34.807667001,23.835136541,0.624033331
020503060902,2014,39.710929664,25.47114265,0.607594996
020503060902,2015,22.70417237,16.731749451,0.580612038
020503060902,2016,26.762577416,18.633626222,0.588314073
020503060902,2017,37.314637382,26.21839458,0.620346508
020503060902,2018,53.625393089,37.943335902,0.650302966
020503060902,2019,38.393136253,26.716669557,0.591242278
020503060903,2010,39.286103434,24.239211507,0.586128499
020503060903,2011,63.596253436,36.876124194,0.634440328
020503060903,2012,29.649241405,19.00259193,0.578042839
020503060903,2013,38.25501795,24.03204016,0.625628445
020503060903,2014,41.636709535,24.264843827,0.604471773
020503060903,2015,24.278497878,16.973028025,0.582676873
020503060903,2016,27.341596898,17.592483326,0.585320405
020503060903,2017,38.179205023,24.602257997,0.619811212
020503060903,2018,57.154320769,36.120099742,0.65072109
020503060903,2019,40.743136947,25.972443976,0.590460818
020503060904,2010,49.464760117,29.472095149,0.617377705
020503060904,2011,63.067391033,37.025408494,0.652492227
020503060904,2012,32.277529918,20.331109511,0.604465146
020503060904,2013,39.729757966,24.599990061,0.643648928
020503060904,2014,46.045889076,27.34812837,0.630283482
020503060904,2015,30.012413306,19.977746428,0.603620526
020503060904,2016,33.383179405,21.326449298,0.609481241
020503060904,2017,43.168051111,27.568238323,0.638137398
020503060904,2018,59.938584365,37.791911465,0.668485779
020503060904,2019,44.871186328,28.517512099,0.617414446
020503061001,2010,53.38213812,15.746358854,0.356447843
020503061001,2011,77.603954399,18.378993347,0.371048774
020503061001,2012,41.506398444,14.896271317,0.353145509
020503061001,2013,48.416167012,15.952966433,0.367280489
020503061001,2014,49.046140628,15.973231778,0.355899089
020503061001,2015,38.709285024,14.274923772,0.352772296
020503061001,2016,43.173166033,14.434218523,0.354763139
020503061001,2017,48.505493813,15.856153813,0.366809856
020503061001,2018,74.549816522,19.556462579,0.375074453
020503061001,2019,54.495579908,17.455726693,0.362879484
020503061002,2010,46.134335983,15.629204425,0.342200945
020503061002,2011,67.563278956,18.254372008,0.356181759
020503061002,2012,35.954173358,14.808648402,0.338135811
020503061002,2013,41.005156581,15.842448263,0.35509731
020503061002,2014,43.32348339,15.842830982,0.33887868
020503061002,2015,32.67161583,14.149575821,0.335392661
020503061002,2016,35.393222943,14.155896505,0.325841372
020503061002,2017,38.396112611,15.561406997,0.345640768
020503061002,2018,62.177139618,19.382646907,0.360205633
020503061002,2019,44.559164312,17.238739775,0.337239851
020503061101,2010,55.860699913,30.01507133,0.299345368
020503061101,2011,80.51104455,36.290078762,0.308955726
020503061101,2012,50.620700772,27.95140365,0.298316131
020503061101,2013,58.052295498,31.754467492,0.305868666
020503061101,2014,66.066624904,32.102427948,0.305037476
020503061101,2015,38.599222642,25.561848705,0.286339843
020503061101,2016,41.004057107,24.281301676,0.292791784
020503061101,2017,56.066746647,31.810783236,0.305807544
020503061101,2018,83.82704093,41.421604468,0.312653945
020503061101,2019,61.76613748,33.224303336,0.293779763
020503061102,2010,51.147769478,27.765031276,0.295198021
020503061102,2011,71.398217922,33.130246638,0.302994301
020503061102,2012,46.074788482,24.938385307,0.294938012
020503061102,2013,54.461939402,29.292857022,0.305208871
020503061102,2014,60.723903552,29.436903243,0.302102585
020503061102,2015,35.966604087,23.446807615,0.28522369
020503061102,2016,35.509854941,21.087786249,0.28214725
020503061102,2017,50.125494314,28.376910451,0.304362541
020503061102,2018,75.633182169,37.756931559,0.309493682
020503061102,2019,55.244190661,30.235543739,0.290935296
020503061103,2010,54.545391777,28.10039603,0.416783414
020503061103,2011,67.823558423,31.63634717,0.430192725
020503061103,2012,47.06553111,25.214390745,0.423494559
020503061103,2013,55.238246127,29.662053662,0.442044926
020503061103,2014,61.624478249,29.141641568,0.433519393
020503061103,2015,37.63916305,22.964976085,0.406059186
020503061103,2016,36.387198271,21.320397629,0.395937936
020503061103,2017,49.221057566,26.403856147,0.432807541
020503061103,2018,78.049002917,37.057012493,0.448258647
020503061103,2019,55.263580925,29.35236462,0.411465278
020503061104,2010,54.633450879,32.846022324,0.417878519
020503061104,2011,61.918121649,36.43171151,0.424992604
020503061104,2012,36.932577728,25.74875241,0.400659713
020503061104,2013,45.367262909,31.068348761,0.429101242
020503061104,2014,49.057172477,30.786747009,0.426841231
020503061104,2015,32.809539367,24.951802954,0.403635803
020503061104,2016,35.312174705,24.491000556,0.400097117
020503061104,2017,43.798768935,30.341936299,0.417499829
020503061104,2018,65.161461394,40.505400833,0.438774405
020503061104,2019,51.702750862,34.735647778,0.422616496
020503061105,2010,39.34303198,20.950406188,0.59795421
020503061105,2011,58.817304283,28.010510718,0.647085334
020503061105,2012,27.075247154,17.349814476,0.581399058
020503061105,2013,35.43933062,21.534131287,0.634612962
020503061105,2014,36.132363016,20.71201572,0.60898347
020503061105,2015,27.052022957,17.698153991,0.582496238
020503061105,2016,29.074184049,18.28851396,0.583286521
020503061105,2017,34.920991634,21.165445888,0.60572161
020503061105,2018,56.467564082,30.387286591,0.657096658
020503061105,2019,38.743830632,23.879690472,0.607786814
020503061106,2010,46.747582952,28.804789019,0.68909352
020503061106,2011,57.581088598,34.277944329,0.715962581
020503061106,2012,31.836472955,22.829163224,0.698529921
020503061106,2013,39.913915378,27.880952539,0.73143581
020503061106,2014,42.893263815,27.733346429,0.723677407
020503061106,2015,29.458713986,22.484321749,0.669931828
020503061106,2016,31.157735192,22.353539574,0.681455176
020503061106,2017,34.892328686,24.816495621,0.711492616
020503061106,2018,60.665348633,38.598294515,0.733100087
020503061106,2019,45.072489659,30.449256727,0.684383587
020503061107,2010,48.369936202,22.474836294,0.647722248
020503061107,2011,67.361333599,27.682710515,0.693317393
020503061107,2012,32.883557461,18.419287398,0.639587941
020503061107,2013,41.237971087,22.164739615,0.689293637
020503061107,2014,46.08885143,22.470091813,0.668413504
020503061107,2015,32.366864125,19.080812301,0.633715629
020503061107,2016,34.248723252,19.110922994,0.635198487
020503061107,2017,38.735108634,21.002668824,0.656397761
020503061107,2018,64.247828164,29.221065795,0.699783256
020503061107,2019,46.671290477,24.424865654,0.653731138
020503061201,2010,39.082680209,19.137944826,0.656600198
020503061201,2011,46.594543489,22.305366765,0.691163226
020503061201,2012,28.097404324,16.705119612,0.696259452
020503061201,2013,31.619836904,20.209399096,0.721294556
020503061201,2014,41.69884537,19.691997802,0.704514686
020503061201,2015,25.881972703,16.623543439,0.661786933
020503061201,2016,23.29612285,14.123368764,0.623540722
020503061201,2017,30.810943502,16.640440324,0.702279404
020503061201,2018,61.208082165,29.108005607,0.753878705
020503061201,2019,35.666302855,20.681112482,0.666371665
020503061202,2010,40.804438826,21.915854518,0.625155969
020503061202,2011,51.22440973,25.677094168,0.665107021
020503061202,2012,26.979038002,17.580103629,0.617862472
020503061202,2013,32.994287143,20.712270245,0.672125528
020503061202,2014,38.756927187,20.588722571,0.621333278
020503061202,2015,26.427006808,17.549944048,0.619555599
020503061202,2016,26.634662188,16.362265524,0.602829398
020503061202,2017,28.811449738,17.507773451,0.634526767
020503061202,2018,51.976812286,26.340798193,0.684337037
020503061202,2019,42.929184127,24.131095406,0.629300595
020503061203,2010,43.157187026,20.311639032,0.628596273
020503061203,2011,54.275085358,22.99031795,0.683702779
020503061203,2012,30.466063855,19.162066283,0.60535624
020503061203,2013,33.312521983,20.390698305,0.661899602
020503061203,2014,39.60228031,19.217786454,0.622980171
020503061203,2015,30.516611586,19.004173053,0.628686994
020503061203,2016,29.243508939,17.962628857,0.605167872
020503061203,2017,32.735734184,19.011566471,0.636961769
020503061203,2018,51.917731015,23.161132613,0.669320919
020503061203,2019,44.921783042,21.68871229,0.621524087
020503061204,2010,42.5186004,18.665485979,0.626238252
020503061204,2011,61.345575539,21.976790518,0.685304099
020503061204,2012,28.547779864,17.762013605,0.606609793
020503061204,2013,30.021857974,18.043898076,0.653367692
020503061204,2014,39.719278312,17.74564814,0.623222492
020503061204,2015,28.888805893,17.632392077,0.621626222
020503061204,2016,27.859107633,16.324951327,0.599433877
020503061204,2017,29.774898055,16.58325483,0.628382507
020503061204,2018,50.368670156,20.636089934,0.667048433
020503061204,2019,40.414627091,19.434408054,0.609984434
020503061301,2010,49.055790713,22.01664703,0.708774577
020503061301,2011,60.620090028,26.331805023,0.744051201
020503061301,2012,30.81006962,17.391617976,0.698883602
020503061301,2013,32.643618814,18.672930193,0.749985292
020503061301,2014,40.768699235,20.16269886,0.705303805
020503061301,2015,34.710165432,19.169927526,0.71264562
020503061301,2016,32.476777738,17.114558114,0.703481703
020503061301,2017,31.841580669,17.577040592,0.73055794
020503061301,2018,55.212502743,25.240476627,0.755531924
020503061301,2019,37.612037569,20.884652521,0.653113065
020503061302,2010,47.091626614,25.423000437,0.706398834
020503061302,2011,61.446571282,32.299819864,0.744500722
020503061302,2012,27.041767097,18.865997217,0.689145452
020503061302,2013,29.343411719,20.421994353,0.74773047
020503061302,2014,39.831930348,23.517596442,0.707673531
020503061302,2015,33.954763434,22.368019936,0.710673103
020503061302,2016,33.432187329,20.687948366,0.708164285
020503061302,2017,30.867558339,20.383514869,0.726732514
020503061302,2018,52.882943546,30.134455562,0.755082943
020503061302,2019,38.041119179,24.351988355,0.656113404
020503061303,2010,50.493274127,24.777375998,0.709124318
020503061303,2011,64.671765283,30.648504573,0.746291965
020503061303,2012,27.708779392,17.989920564,0.692809107
020503061303,2013,29.788961533,19.549827935,0.747577832
020503061303,2014,40.425509072,22.054872123,0.708682019
020503061303,2015,32.874951471,20.516383146,0.709106506
020503061303,2016,33.01295737,19.115808283,0.706319718
020503061303,2017,31.11521841,19.089553493,0.727220816
020503061303,2018,52.333068879,27.237057293,0.753460328
020503061303,2019,37.762149215,22.663556025,0.651598576
020503061304,2010,45.459868207,24.770004606,0.68504578
020503061304,2011,62.240247056,30.83851109,0.744000518
020503061304,2012,29.954800919,18.995193104,0.680195929
020503061304,2013,29.868050681,18.169079384,0.725448239
020503061304,2014,37.326066613,21.210403684,0.715248917
020503061304,2015,32.681403023,20.455173703,0.692044831
020503061304,2016,31.307273531,18.789637116,0.67991053
020503061304,2017,32.635829526,19.365968965,0.719878745
020503061304,2018,52.911664567,26.434025287,0.739452014
020503061304,2019,39.187405023,23.866136829,0.65262678
020503061401,2010,40.613007951,21.850461412,0.595749477
020503061401,2011,45.998096882,20.979256137,0.645135319
020503061401,2012,23.604837439,14.119287418,0.60072785
020503061401,2013,26.848244829,17.535336421,0.632791598
020503061401,2014,38.471049554,19.925837591,0.616096385
020503061401,2015,27.355653587,17.490345107,0.621216843
020503061401,2016,21.895231933,14.392898222,0.568831067
020503061401,2017,30.236593959,17.820978855,0.62944109
020503061401,2018,57.184345284,24.577887748,0.672269571
020503061401,2019,35.857436938,20.940147645,0.596922666
020503061402,2010,41.155711791,22.825532408,0.5981695
020503061402,2011,46.844455258,22.316137091,0.647530677
020503061402,2012,23.452726743,14.626526965,0.60267937
020503061402,2013,27.496469328,18.078093987,0.633447546
020503061402,2014,40.072258957,21.439325396,0.620577167
020503061402,2015,28.752559862,18.716362794,0.62361571
020503061402,2016,22.475870094,15.112501024,0.571265831
020503061402,2017,31.26155384,18.778868383,0.632098225
020503061402,2018,56.421373287,26.239316442,0.673710538
020503061402,2019,35.77485038,21.842619378,0.598377709
020503061403,2010,42.013485708,25.379147899,0.647747192
020503061403,2011,48.656763207,25.205452573,0.691206283
020503061403,2012,27.964030329,17.706505801,0.645263249
020503061403,2013,30.771103924,19.727386306,0.690500585
020503061403,2014,40.045837615,22.517227437,0.655408532
020503061403,2015,33.444805586,21.072151479,0.666607702
020503061403,2016,25.364534393,17.607035209,0.623721156
020503061403,2017,30.061300029,19.061638571,0.677201205
020503061403,2018,50.233374128,24.466158626,0.705826172
020503061403,2019,37.789654948,23.326744588,0.653181501
020503061501,2010,42.799431859,28.747304626,0.658247978
020503061501,2011,45.078593956,26.407030995,0.694034124
020503061501,2012,25.358839429,17.55299698,0.631259082
020503061501,2013,26.723073419,19.074406726,0.697614372
020503061501,2014,38.820278751,24.746478605,0.658673359
020503061501,2015,28.822207774,20.713302021,0.681005717
020503061501,2016,24.168451339,18.149925899,0.62882843
020503061501,2017,27.708224077,18.702242647,0.677968747
020503061501,2018,49.094518576,25.687214032,0.715888513
020503061501,2019,37.010764474,24.757411577,0.655210961
020503061502,2010,43.230547461,22.294577299,0.686594608
020503061502,2011,49.254491694,21.658359065,0.724184853
020503061502,2012,31.125295781,17.136482148,0.676635055
020503061502,2013,33.434729837,17.764088771,0.725722155
020503061502,2014,39.300875648,18.861646378,0.685723997
020503061502,2015,34.538568404,18.447504634,0.699712533
020503061502,2016,27.3037858,16.497430823,0.664314241
020503061502,2017,28.67601831,16.044315494,0.709062021
020503061502,2018,51.991823261,20.581369976,0.738055258
020503061502,2019,37.228486519,19.666150782,0.686263036
020503061503,2010,39.331353768,24.88404873,0.657995952
020503061503,2011,50.978761135,26.438001005,0.702750723
020503061503,2012,31.240912506,20.848878415,0.640581309
020503061503,2013,32.966792652,21.1228469,0.685212389
020503061503,2014,35.77302623,20.969598866,0.658156158
020503061503,2015,37.05722846,22.630109321,0.683903271
020503061503,2016,29.378419481,20.212601251,0.648510781
020503061503,2017,28.898276509,19.106338554,0.673838513
020503061503,2018,49.685581144,23.967017192,0.706827256
020503061503,2019,33.380318298,20.963393216,0.63381873
020503061601,2010,60.632405439,36.514271641,0.681701337
020503061601,2011,76.846159948,42.132435332,0.719120211
020503061601,2012,41.541212364,28.08040904,0.685045575
020503061601,2013,43.194618557,28.061861297,0.725887429
020503061601,2014,53.285653671,32.047044753,0.70560856
020503061601,2015,54.677262416,33.512989733,0.694002814
020503061601,2016,52.10888623,32.082988954,0.69762133
020503061601,2017,46.373856844,30.104361465,0.707378189
020503061601,2018,73.369169278,40.378599083,0.737295464
020503061601,2019,54.372423264,36.641116876,0.662691182
020503061602,2010,60.711536389,40.391013578,0.689153288
020503061602,2011,73.208134844,45.862728219,0.732579748
020503061602,2012,41.460942742,30.001529199,0.714335703
020503061602,2013,39.348092931,28.588050041,0.741152938
020503061602,2014,49.942522165,33.844592506,0.732694489
020503061602,2015,51.659860365,35.535204613,0.70992946
020503061602,2016,46.080693757,31.559994697,0.714478967
020503061602,2017,42.985148076,30.642134352,0.732130743
020503061602,2018,74.955611557,46.470833981,0.756895091
020503061602,2019,49.983750744,37.282295173,0.649561555
020503061701,2010,41.824023074,28.062944131,0.760247917
020503061701,2011,59.986166665,37.888835079,0.7951032
020503061701,2012,35.371548827,22.668726795,0.762245518
020503061701,2013,33.021905012,20.149939218,0.781054559
020503061701,2014,41.686314326,26.832565157,0.760981375
020503061701,2015,28.985190855,19.214795368,0.728648777
020503061701,2016,28.953527898,18.09705776,0.733357996
020503061701,2017,34.370271698,22.090052782,0.76537513
020503061701,2018,55.800186826,34.998542041,0.810451326
020503061701,2019,43.199948786,29.473169869,0.749340424
020503061702,2010,34.813461595,21.788334062,0.721514116
020503061702,2011,50.426818004,29.778479043,0.753151528
020503061702,2012,29.79424831,17.844579969,0.70731497
020503061702,2013,26.723470825,14.897480969,0.733043278
020503061702,2014,37.20673362,22.229426408,0.712418192
020503061702,2015,25.16594755,15.488725824,0.684161725
020503061702,2016,23.546556593,13.332631056,0.671444428
020503061702,2017,28.623792531,16.228212281,0.719851133
020503061702,2018,46.844655045,26.938749183,0.758828298
020503061702,2019,38.456989245,24.592254063,0.702365796
020503061703,2010,46.954472278,32.167569405,0.780163147
020503061703,2011,62.229407183,40.290956023,0.808751907
020503061703,2012,38.906570475,27.527275763,0.7551167
020503061703,2013,34.169786793,24.299547695,0.787260875
020503061703,2014,45.850322715,30.521375809,0.75979353
020503061703,2015,34.135808104,24.616784373,0.759737074
020503061703,2016,31.746256903,22.637757932,0.732375616
020503061703,2017,36.36078992,24.824570242,0.788684795
020503061703,2018,55.505361951,35.609602503,0.815833986
020503061703,2019,45.686151299,32.730537652,0.744878596
020503061704,2010,38.249444481,22.644905803,0.747977996
020503061704,2011,52.527909012,29.595944295,0.779616567
020503061704,2012,30.364147464,18.619750445,0.716711648
020503061704,2013,29.565778575,16.850065762,0.745600414
020503061704,2014,38.922368882,22.253167782,0.723821652
020503061704,2015,28.352892153,17.425094168,0.711955836
020503061704,2016,25.558218029,14.856665686,0.694356721
020503061704,2017,28.291459013,16.017285279,0.741166076
020503061704,2018,44.266525319,24.031223474,0.769933075
020503061704,2019,38.310347335,24.333672242,0.699938091
020503061705,2010,46.236821663,30.115861294,0.78943403
020503061705,2011,62.065787102,38.020608705,0.817835437
020503061705,2012,36.10509637,25.245464679,0.755844193
020503061705,2013,35.579597151,24.049128232,0.799026652
020503061705,2014,42.28713453,27.310253092,0.754354671
020503061705,2015,32.217235362,22.45775816,0.769841782
020503061705,2016,29.97217009,20.821245189,0.74207872
020503061705,2017,32.43166268,21.925656867,0.79429354
020503061705,2018,57.057290957,33.275167198,0.822511094
020503061705,2019,40.460192859,29.013371291,0.72968611
020503061706,2010,32.869022805,21.379027851,0.731398842
020503061706,2011,46.245782737,28.626610475,0.769475612
020503061706,2012,25.548791118,17.793669951,0.699197999
020503061706,2013,23.662154015,15.404292458,0.73024007
020503061706,2014,30.882276348,19.590022519,0.705430789
020503061706,2015,23.745073113,15.915225682,0.702869094
020503061706,2016,21.87592875,14.187281738,0.684672801
020503061706,2017,21.957935319,13.812029185,0.722282391
020503061706,2018,33.755948588,20.046251237,0.754699765
020503061706,2019,31.286826026,21.924629724,0.681300698
020503061707,2010,48.447934963,31.326646089,0.775912022
020503061707,2011,68.251550345,40.317096944,0.807000425
020503061707,2012,35.477249806,25.115183047,0.750057369
020503061707,2013,32.609916124,22.555905718,0.784484586
020503061707,2014,41.809421052,26.759959958,0.745247558
020503061707,2015,32.057281812,22.190586231,0.760669662
020503061707,2016,31.528603809,21.797663861,0.735827551
020503061707,2017,30.543013276,20.99831074,0.772543997
020503061707,2018,53.671466757,30.917178437,0.820974958
020503061707,2019,43.6394428,31.374931075,0.720830357
020503061708,2010,45.907473009,30.043376323,0.737694878
020503061708,2011,63.98922148,37.79926075,0.787127801
020503061708,2012,30.646114962,20.590448858,0.701696759
020503061708,2013,29.019063332,18.968277347,0.732324472
020503061708,2014,39.461909245,25.197230603,0.725301129
020503061708,2015,30.273667066,20.405230797,0.719064774
020503061708,2016,29.39874822,19.466705932,0.698299849
020503061708,2017,30.989607261,19.86507896,0.737685782
020503061708,2018,50.697515503,29.314449565,0.770557678
020503061708,2019,42.99147064,29.796614945,0.694192468
020503061709,2010,43.382197964,23.829615357,0.717751961
020503061709,2011,52.872052749,27.563594254,0.747353779
020503061709,2012,28.344272441,16.065133828,0.673091392
020503061709,2013,26.762566966,14.659290828,0.72024439
020503061709,2014,33.83747085,18.559582604,0.709838036
020503061709,2015,29.54631316,16.599032834,0.707699404
020503061709,2016,27.498149287,16.021688185,0.670715382
020503061709,2017,29.224406209,15.137397852,0.717644877
020503061709,2018,48.68250151,24.101213051,0.768547941
020503061709,2019,38.953284023,23.636218934,0.679953367
020503061710,2010,45.88464963,25.430548049,0.626260298
020503061710,2011,58.915567109,30.337318766,0.621604537
020503061710,2012,29.798806754,16.306886362,0.521603495
020503061710,2013,33.458559867,18.517233134,0.574867464
020503061710,2014,42.255784135,23.882623797,0.618983135
020503061710,2015,39.126549911,21.582334627,0.589131193
020503061710,2016,34.497997486,19.725826805,0.552275537
020503061710,2017,37.93880311,20.869889344,0.573913246
020503061710,2018,62.451475214,32.950484657,0.651681046
020503061710,2019,46.792010199,27.226869398,0.580530188
020503061711,2010,49.173847644,29.124319373,0.747993503
020503061711,2011,59.110917638,33.859804998,0.788164822
020503061711,2012,32.092358187,19.321535389,0.722877994
020503061711,2013,30.703707342,18.451505743,0.771500948
020503061711,2014,38.338232345,23.001777907,0.74267697
020503061711,2015,33.724739941,20.74911296,0.754432125
020503061711,2016,30.796492763,19.758401202,0.714750376
020503061711,2017,31.937569424,18.168408046,0.765614377
020503061711,2018,58.186190113,31.905736181,0.811939774
020503061711,2019,42.671840993,27.741013394,0.72044428
020503061712,2010,39.207106166,21.667078946,0.659687307
020503061712,2011,49.058881794,25.272547521,0.670399171
020503061712,2012,25.775416601,14.222990099,0.583975662
020503061712,2013,27.769499454,14.948274931,0.634586353
020503061712,2014,34.432797392,19.038842059,0.65417233
020503061712,2015,31.64764732,17.335775153,0.63562096
020503061712,2016,27.572034536,15.43078867,0.601605209
020503061712,2017,29.594463635,15.489793913,0.627431125
020503061712,2018,46.698672821,23.827336672,0.695197275
020503061712,2019,38.534937775,22.783531624,0.627736054
020600020101,2010,34.062627802,15.158325892,0.720109113
020600020101,2011,41.879124702,15.69248148,0.760255155
020600020101,2012,23.128975736,11.72711594,0.694909848
020600020101,2013,29.522483439,12.97795053,0.735558394
020600020101,2014,35.479968394,14.679397542,0.689473758
020600020101,2015,37.227675093,15.398418575,0.741355511
020600020101,2016,22.949735595,12.207336644,0.678967402
020600020101,2017,22.330069069,11.179608966,0.73752509
020600020101,2018,42.209127811,14.277145102,0.764548765
020600020101,2019,30.939710723,14.707306261,0.692459402
020600020102,2010,35.218026561,19.786229545,0.684512347
020600020102,2011,41.822053734,17.860039943,0.729895106
020600020102,2012,22.716785237,12.257354511,0.659882122
020600020102,2013,25.909804161,12.693988242,0.710014469
020600020102,2014,31.957985972,15.129398774,0.670904142
020600020102,2015,32.166085027,15.475590954,0.707313278
020600020102,2016,21.838590753,12.510389429,0.651299032
020600020102,2017,21.049151969,10.548651599,0.703419336
020600020102,2018,38.713341495,13.912390228,0.727180824
020600020102,2019,29.564180932,16.027869335,0.65742615
020600020201,2010,56.470909723,46.412320719,0.668750927
020600020201,2011,70.14088701,55.797855513,0.718189993
020600020201,2012,49.103550863,40.177910817,0.682560306
020600020201,2013,57.008776935,46.286322442,0.71655967
020600020201,2014,57.841267177,45.659873588,0.69609379
020600020201,2015,63.673768033,48.678070063,0.685984568
020600020201,2016,46.436930542,39.610390405,0.665265787
020600020201,2017,45.706690849,37.852181947,0.703025908
020600020201,2018,74.701037808,58.895732217,0.72902392
020600020201,2019,59.620661047,49.640129553,0.672886113
020600020202,2010,41.061889577,20.13308118,0.717769439
020600020202,2011,51.484071592,20.122105422,0.753338897
020600020202,2012,32.396078819,16.55151391,0.724483249
020600020202,2013,40.545694205,18.876276928,0.743300259
020600020202,2014,42.848428535,18.980365726,0.710557877
020600020202,2015,49.262434311,20.849059374,0.738961205
020600020202,2016,30.337295578,17.144176335,0.695945267
020600020202,2017,32.523511349,16.591456774,0.742307931
020600020202,2018,56.016325844,19.973007914,0.769947464
020600020202,2019,39.492440081,20.359194398,0.70114824
020600020203,2010,46.621043273,36.680506636,0.642030399
020600020203,2011,54.942910165,40.742023271,0.678974888
020600020203,2012,37.782932586,29.00505813,0.647906918
020600020203,2013,43.662019392,33.369424733,0.680369731
020600020203,2014,45.828899977,34.5621826,0.669508178
020600020203,2015,54.852136722,39.575505851,0.671057426
020600020203,2016,36.103746481,29.288570643,0.628028643
020600020203,2017,34.486570004,26.432609136,0.656299595
020600020203,2018,59.637643595,43.574208255,0.693126114
020600020203,2019,46.015561866,36.491855886,0.639527176
020600030301,2010,53.201039367,31.778515954,0.326648468
020600030301,2011,68.607069392,35.686821783,0.3360771
020600030301,2012,39.995165092,27.451868528,0.325880965
020600030301,2013,39.215849003,27.448242531,0.337984377
020600030301,2014,48.622548005,30.353061099,0.334738066
020600030301,2015,47.425941,30.583577279,0.32969101
020600030301,2016,48.102969929,30.51775615,0.332453993
020600030301,2017,48.64998206,31.378491215,0.334901853
020600030301,2018,64.591431337,34.978193624,0.344798257
020600030301,2019,46.361569736,32.081178755,0.331448554
020600030401,2010,46.474592391,34.291909989,0.465804547
020600030401,2011,54.596824335,36.697570019,0.500705272
020600030401,2012,31.113119777,25.78302913,0.465743207
020600030401,2013,28.146646561,23.640913214,0.485953439
020600030401,2014,37.531080037,28.504342298,0.481947562
020600030401,2015,39.703575285,30.554802573,0.48204616
020600030401,2016,39.450365703,30.193759494,0.472639959
020600030401,2017,33.457433178,27.398933245,0.48824891
020600030401,2018,50.676789368,34.934808506,0.518253013
020600030401,2019,39.968558015,33.244576587,0.459994867
020700020501,2010,51.451758337,10.813730036,0.707967341
020700020501,2011,79.56266201,14.422154984,0.771647474
020700020501,2012,41.963158732,10.514142793,0.728757528
020700020501,2013,53.367669119,12.958697929,0.783419401
020700020501,2014,52.492275647,11.471164342,0.741072985
020700020501,2015,44.000384359,10.212520649,0.729328019
020700020501,2016,37.656126927,10.011038464,0.733112647
020700020501,2017,51.982905856,11.150364121,0.761141006
020700020501,2018,72.043667736,14.093499888,0.778838059
020700020501,2019,48.93802772,14.011437887,0.725286198
020700020502,2010,52.039700086,10.925796284,0.704017779
020700020502,2011,79.648333228,14.771715735,0.769300704
020700020502,2012,41.941971772,10.630098811,0.726504848
020700020502,2013,54.084799527,13.162185244,0.780961013
020700020502,2014,51.585971297,11.648303862,0.737961775
020700020502,2015,45.541994563,10.389314237,0.728418708
020700020502,2016,38.868981981,10.194842552,0.732475435
020700020502,2017,51.336657212,11.31935219,0.757994342
020700020502,2018,73.425306335,14.485448938,0.777009013
020700020502,2019,47.773759723,14.116398671,0.720351169
020700020503,2010,43.858681841,11.636259946,0.683664698
020700020503,2011,74.715401416,16.054809159,0.751396619
020700020503,2012,34.154736562,11.023246975,0.694403534
020700020503,2013,47.100679531,13.691344548,0.736942879
020700020503,2014,52.737782426,12.682612349,0.718513569
020700020503,2015,34.167502227,10.729696274,0.686600361
020700020503,2016,32.607172106,10.54318503,0.692613669
020700020503,2017,51.436183431,13.241857976,0.736208446
020700020503,2018,66.281096466,15.484259004,0.741467618
020700020503,2019,45.402483021,15.752904289,0.691097457
020700020504,2010,34.905116531,18.52284601,0.663433453
020700020504,2011,61.436294183,32.559447467,0.762741977
020700020504,2012,30.051093316,17.963510664,0.685546414
020700020504,2013,34.383333328,20.89337647,0.705989987
020700020504,2014,43.458023839,22.518582106,0.718469843
020700020504,2015,28.416015011,16.677661466,0.700704756
020700020504,2016,26.486689909,16.413155223,0.70120932
020700020504,2017,31.681955412,17.569897083,0.72541069
020700020504,2018,56.982507736,32.978680636,0.778612626
020700020504,2019,41.834184761,26.834172557,0.695821046
020700020505,2010,42.246062144,21.632553047,0.691535728
020700020505,2011,62.242304033,35.136361388,0.763937465
020700020505,2012,31.712326554,19.064276682,0.698362046
020700020505,2013,36.892330578,22.641835763,0.745554461
020700020505,2014,47.708687439,25.807766432,0.753240682
020700020505,2015,32.317532565,17.782425146,0.692457046
020700020505,2016,33.056128685,19.535626068,0.70363378
020700020505,2017,39.291264222,22.124392782,0.723628779
020700020505,2018,65.654328223,38.508554574,0.777491631
020700020505,2019,41.210951158,26.035055288,0.673649965
020700020506,2010,42.083309705,14.468393426,0.684169489
020700020506,2011,71.568542109,24.237116291,0.759879168
020700020506,2012,35.907152321,14.421631004,0.705809801
020700020506,2013,41.426539566,16.368655574,0.731746363
020700020506,2014,48.849241673,17.065219418,0.725360635
020700020506,2015,35.284362602,13.003177006,0.700590295
020700020506,2016,31.129153535,12.546588676,0.708007639
020700020506,2017,42.017544439,13.940545679,0.730345757
020700020506,2018,64.470599136,23.260065103,0.76662475
020700020506,2019,45.804669047,20.919321565,0.698790754
020700020601,2010,41.651288585,21.321646128,0.673067825
020700020601,2011,75.40045754,32.227501297,0.739835121
020700020601,2012,34.634494796,19.342043327,0.677637629
020700020601,2013,40.120591776,24.097075304,0.689367813
020700020601,2014,48.897336889,24.805142307,0.695358971
020700020601,2015,33.314252115,19.982490016,0.683409874
020700020601,2016,32.162753694,19.825603151,0.693661706
020700020601,2017,38.712295037,22.330367849,0.703468896
020700020601,2018,65.074143663,30.239542608,0.746580891
020700020601,2019,44.429224,26.884547621,0.67668895
020700020602,2010,38.934076261,18.889932815,0.670418097
020700020602,2011,68.077763173,27.203320188,0.73564899
020700020602,2012,31.39105182,16.747084961,0.674506225
020700020602,2013,38.949781849,21.176568719,0.684442505
020700020602,2014,50.905041182,22.69120718,0.700887499
020700020602,2015,31.350729597,17.672206853,0.681306786
020700020602,2016,30.392003288,17.844705659,0.682800311
020700020602,2017,30.729992468,16.722810189,0.687033647
020700020602,2018,57.049703061,24.909031452,0.744718532
020700020602,2019,42.977349456,23.011886951,0.674102762
020700030101,2010,37.25468029,8.722759309,0.574933791
020700030101,2011,61.981001586,12.572301226,0.665515813
020700030101,2012,21.328748813,8.411864559,0.562360848
020700030101,2013,30.828788149,9.544813345,0.584001893
020700030101,2014,39.307683174,10.423852333,0.601899346
020700030101,2015,23.902133132,8.412578323,0.587972536
020700030101,2016,22.081966599,8.486226694,0.557090001
020700030101,2017,30.069245015,10.15396458,0.613751853
020700030101,2018,61.205851784,12.185888148,0.651506757
020700030101,2019,31.568020358,10.699699145,0.583213467
020700030102,2010,26.212809953,9.644806894,0.570087659
020700030102,2011,49.262900748,14.303814554,0.668086077
020700030102,2012,20.006345247,8.942323384,0.569405137
020700030102,2013,25.620636323,11.721265919,0.58917278
020700030102,2014,31.485544312,12.831949592,0.609777655
020700030102,2015,19.97617445,9.288365275,0.592751505
020700030102,2016,18.64098324,9.312996238,0.577041324
020700030102,2017,19.296888247,8.753857836,0.580903144
020700030102,2018,43.181094773,12.216493002,0.652801492
020700030102,2019,25.590412786,12.247160067,0.562687995
020700030104,2010,31.369234411,10.626112857,0.571417142
020700030104,2011,54.672342373,15.601507673,0.66269012
020700030104,2012,20.805435333,9.776671392,0.564802667
020700030104,2013,30.04817848,12.635494516,0.588580521
020700030104,2014,35.888952867,13.151567858,0.603593753
020700030104,2015,22.6702281,10.339162871,0.587959096
020700030104,2016,20.44835113,10.261525144,0.562978844
020700030104,2017,23.962812963,10.949240099,0.595749837
020700030104,2018,51.503847398,14.791174926,0.648805929
020700030104,2019,29.095823349,12.834065932,0.571634191
020700030301,2010,25.812862586,12.119185143,0.603512081
020700030301,2011,36.1075346,17.937869324,0.703262949
020700030301,2012,15.711735417,10.537668865,0.600135386
020700030301,2013,18.479929405,9.660160157,0.645987057
020700030301,2014,29.708937092,16.982678092,0.650115411
020700030301,2015,17.084873722,11.389443176,0.635646953
020700030301,2016,15.944381942,9.806962776,0.586656892
020700030301,2017,9.752448614,6.926243852,0.628899516
020700030301,2018,39.856097502,18.448409992,0.707701978
020700030301,2019,26.213439061,14.197418648,0.599019274
020700030401,2010,28.42083956,4.447084953,0.693374696
020700030401,2011,51.577450165,7.57317777,0.78441418
020700030401,2012,15.293144579,3.889004019,0.672349111
020700030401,2013,23.963565252,4.828813683,0.70731019
020700030401,2014,26.737643648,5.649639776,0.724264317
020700030401,2015,18.944485537,4.001740216,0.702080619
020700030401,2016,15.638547617,3.400327071,0.693740003
020700030401,2017,20.594593134,4.205709377,0.72524877
020700030401,2018,54.24675856,6.911489609,0.779001776
020700030401,2019,25.360914127,5.521659146,0.703028187
020700030402,2010,31.069640609,4.43400185,0.710573269
020700030402,2011,56.856691608,7.530994738,0.80247457
020700030402,2012,14.924154023,3.831388236,0.685260998
020700030402,2013,24.876674652,4.796451965,0.726787911
020700030402,2014,29.46859792,5.616853742,0.743084858
020700030402,2015,18.463301059,3.954381635,0.7165657
020700030402,2016,16.085650582,3.341621093,0.711888912
020700030402,2017,22.652917438,4.192355135,0.744741128
020700030402,2018,62.025704888,6.897190102,0.797861652
020700030402,2019,25.623047705,5.481362171,0.717605855
020700030403,2010,23.382308267,5.363645053,0.719544457
020700030403,2011,39.214082415,7.617166962,0.81576376
020700030403,2012,14.790722054,6.101528406,0.702979623
020700030403,2013,18.663051226,5.435975875,0.762418591
020700030403,2014,23.134353457,6.27784716,0.762690987
020700030403,2015,15.069963348,4.763387041,0.734267797
020700030403,2016,11.695655769,4.210565037,0.730269076
020700030403,2017,18.676728186,4.724251147,0.773500639
020700030403,2018,42.699083561,6.775338924,0.819124267
020700030403,2019,21.715778811,7.726500101,0.730395717
020700030404,2010,31.290825434,4.432767234,0.694181435
020700030404,2011,54.287517656,6.380633278,0.790506361
020700030404,2012,19.758996792,4.910625133,0.681031971
020700030404,2013,29.326693132,4.595085551,0.735037312
020700030404,2014,30.590597057,5.245636087,0.727770964
020700030404,2015,22.325668711,4.009924833,0.708777927
020700030404,2016,17.304571251,3.41725094,0.690140355
020700030404,2017,24.416297517,3.774183802,0.733707996
020700030404,2018,58.674195814,5.592379487,0.792242101
020700030404,2019,29.475268203,6.321081474,0.704107106
020700030405,2010,25.642217202,6.067166505,0.666888917
020700030405,2011,45.3561828,7.933117446,0.770686154
020700030405,2012,13.915659045,5.04112262,0.648493698
020700030405,2013,23.192997873,5.429930294,0.703990058
020700030405,2014,24.908273606,6.875024513,0.695989044
020700030405,2015,17.837801075,4.80753298,0.691293806
020700030405,2016,13.282864355,3.754701692,0.644421082
020700030405,2017,15.213429553,3.745542502,0.688013151
020700030405,2018,47.820156876,6.110463994,0.766991389
020700030405,2019,24.968561336,7.581875512,0.6837802
020700040101,2010,42.774206771,0.979231734,0.664938026
020700040101,2011,79.977132146,1.552441067,0.750382536
020700040101,2012,30.129298396,1.041789842,0.676397755
020700040101,2013,36.949806512,1.044830182,0.712066428
020700040101,2014,43.298335626,1.149957479,0.720008133
020700040101,2015,35.295411805,1.111942187,0.707882475
020700040101,2016,31.880275594,1.022533815,0.653907589
020700040101,2017,34.57987693,1.024299931,0.701077543
020700040101,2018,77.120087271,1.700198896,0.74373324
020700040101,2019,39.098020867,1.135616298,0.686865603
020700040102,2010,36.219109737,1.672162502,0.66740139
020700040102,2011,74.805765599,2.475616929,0.756063754
020700040102,2012,28.167689912,1.800325568,0.679426418
020700040102,2013,33.064057041,1.761983121,0.715000958
020700040102,2014,39.965276094,1.919662575,0.720397618
020700040102,2015,29.957465901,1.755899617,0.708831887
020700040102,2016,28.925649473,1.75946007,0.661226894
020700040102,2017,29.127350491,1.654319124,0.700160798
020700040102,2018,68.143347064,2.470320948,0.738060839
020700040102,2019,35.78628583,1.959838672,0.683011422
020700040301,2010,28.589981411,6.81441658,0.68121523
020700040301,2011,62.397429317,10.03271113,0.783625908
020700040301,2012,21.586069757,6.256795314,0.663254948
020700040301,2013,25.25671578,6.67410122,0.704262583
020700040301,2014,31.595222365,7.530676419,0.70147896
020700040301,2015,18.07208957,5.351012983,0.675680405
020700040301,2016,18.149949682,5.28648477,0.647501665
020700040301,2017,19.855266216,5.231527977,0.709119676
020700040301,2018,59.682432053,9.166304731,0.782829704
020700040301,2019,26.285518963,7.189619274,0.67258601
020700040302,2010,28.912061931,6.637996614,0.662455259
020700040302,2011,57.122719406,9.824960759,0.771421978
020700040302,2012,20.429583619,5.921767283,0.665113897
020700040302,2013,25.333261966,6.716183279,0.691686704
020700040302,2014,33.430225785,7.416517053,0.695016763
020700040302,2015,19.734654436,5.931601115,0.689709226
020700040302,2016,17.693339491,5.130065215,0.642539196
020700040302,2017,17.261529693,5.16870842,0.684643791
020700040302,2018,53.584712708,8.406483736,0.765644303
020700040302,2019,26.413752973,7.292007524,0.677726454
020700040303,2010,28.568300211,8.286643208,0.621993554
020700040303,2011,50.506879212,12.15562361,0.745280466
020700040303,2012,18.282536954,7.537090222,0.641514216
020700040303,2013,23.646315425,8.116900495,0.659167924
020700040303,2014,37.160556547,9.898052556,0.71174538
020700040303,2015,20.897696203,8.016364609,0.679092234
020700040303,2016,18.254036808,6.609342728,0.608173953
020700040303,2017,17.348816907,6.724548051,0.692671578
020700040303,2018,54.603413929,11.287300768,0.748849431
020700040303,2019,29.58573971,10.541163005,0.661451161
020700040304,2010,26.820700825,6.77823686,0.632369548
020700040304,2011,53.85549199,10.416466491,0.745011561
020700040304,2012,19.172736704,6.504529188,0.639881858
020700040304,2013,24.206230146,6.87577821,0.663841672
020700040304,2014,30.775827742,8.018943192,0.688566
020700040304,2015,19.902729024,6.221209417,0.67164407
020700040304,2016,18.327133905,5.871966964,0.612778864
020700040304,2017,16.92746095,5.489258124,0.666038012
020700040304,2018,50.049791077,8.855749224,0.725997313
020700040304,2019,26.906969555,8.39382653,0.648927408
020700040305,2010,24.534912213,12.351067292,0.625184978
020700040305,2011,44.877645675,19.668312075,0.732274099
020700040305,2012,19.212630337,11.878777255,0.644415822
020700040305,2013,20.12375115,11.838138647,0.655020234
020700040305,2014,36.190554826,17.274440961,0.703791655
020700040305,2015,18.024003024,11.344210908,0.661592071
020700040305,2016,17.284469195,9.711842393,0.616320832
020700040305,2017,16.671790102,10.590187364,0.675285287
020700040305,2018,52.765125444,20.208930143,0.730760138
020700040305,2019,27.922088862,15.289524112,0.653662788
020700040501,2010,30.747497292,12.698288594,0.629479492
020700040501,2011,55.875320455,16.125761269,0.718899955
020700040501,2012,18.792496882,7.331522705,0.619726632
020700040501,2013,27.128552079,9.065063843,0.662793674
020700040501,2014,34.551332203,13.634768815,0.659214598
020700040501,2015,24.638646402,8.325671219,0.664725745
020700040501,2016,18.684176271,7.229883675,0.595265267
020700040501,2017,19.542992527,6.59993903,0.649113295
020700040501,2018,57.458015341,14.229692965,0.714736064
020700040501,2019,33.157670624,13.630156117,0.640901435
020700040504,2010,29.850337576,12.216039337,0.618839478
020700040504,2011,50.859974231,14.61216206,0.700654442
020700040504,2012,20.557465521,7.225990015,0.622804185
020700040504,2013,24.103069548,7.597462884,0.646271811
020700040504,2014,39.613298757,13.234626187,0.67757286
020700040504,2015,23.55655169,7.828950502,0.6584735
020700040504,2016,21.579177067,7.745966616,0.596176008
020700040504,2017,19.634377658,6.104646487,0.641732884
020700040504,2018,58.086023774,13.454054023,0.708477506
020700040504,2019,33.315401549,12.745356582,0.638816134
020700040601,2010,52.67133058,11.080539447,0.783497892
020700040601,2011,91.753483732,14.841183012,0.835936804
020700040601,2012,46.11515831,10.44871226,0.770823135
020700040601,2013,47.239082,11.785352891,0.840024621
020700040601,2014,50.926565537,10.925947939,0.787068885
020700040601,2015,32.296456272,8.895265225,0.766499123
020700040601,2016,37.987841164,9.568864372,0.77171409
020700040601,2017,46.44237131,10.958296931,0.816734871
020700040601,2018,85.715724286,15.115411061,0.849163575
020700040601,2019,52.721486369,11.842340361,0.770123278
020700040602,2010,45.743021198,13.71095094,0.747077036
020700040602,2011,80.279470496,18.960450642,0.814023924
020700040602,2012,38.728604143,12.823706247,0.746361969
020700040602,2013,37.999798015,13.241938131,0.794193011
020700040602,2014,46.806380507,13.352466372,0.761750788
020700040602,2015,27.5437079,10.360900582,0.732500243
020700040602,2016,31.934359562,10.980813398,0.735783312
020700040602,2017,35.781831473,12.341091273,0.77787016
020700040602,2018,70.549607896,18.508721303,0.819335389
020700040602,2019,44.623797337,14.540061396,0.737877292
020700040603,2010,40.104343514,11.599594604,0.71216891
020700040603,2011,77.760977196,17.458507947,0.800478027
020700040603,2012,34.302561743,11.37192144,0.734987418
020700040603,2013,36.964404046,12.560416802,0.768343537
020700040603,2014,47.834838985,13.03079798,0.759982316
020700040603,2015,25.90419761,9.683972997,0.717022587
020700040603,2016,28.523801598,9.670464757,0.70796412
020700040603,2017,30.304781924,10.909705645,0.760168623
020700040603,2018,72.659018794,17.473688649,0.79881807
020700040603,2019,42.132157102,13.524373102,0.717710284
020700040604,2010,36.626217093,12.67003012,0.714365725
020700040604,2011,65.7996726,19.205484615,0.8251392
020700040604,2012,30.102671879,12.051793045,0.727753936
020700040604,2013,34.07019723,13.195833646,0.783238643
020700040604,2014,52.05144593,16.21554275,0.809802432
020700040604,2015,31.358212947,12.671008092,0.775378943
020700040604,2016,28.881012805,11.167539203,0.726830867
020700040604,2017,30.28987315,12.004566574,0.786335945
020700040604,2018,71.013993432,19.705276975,0.830153719
020700040604,2019,47.434525306,16.440999611,0.733460033
020700040605,2010,34.762892033,15.391636722,0.709117715
020700040605,2011,64.846368566,24.912281883,0.819714262
020700040605,2012,30.28651354,15.289781618,0.737476312
020700040605,2013,31.076815819,15.368773155,0.768792296
020700040605,2014,46.986176231,19.158291296,0.785316261
020700040605,2015,26.417200255,13.623028941,0.743389503
020700040605,2016,26.167919035,12.921348821,0.709530896
020700040605,2017,26.587989675,13.68577587,0.772633299
020700040605,2018,63.45446637,23.485775193,0.817493438
020700040605,2019,43.663833133,20.586517983,0.729660303
020700040701,2010,38.606213745,11.148264031,0.68850502
020700040701,2011,72.529581729,15.252281088,0.745314466
020700040701,2012,34.957361856,11.13528796,0.702055469
020700040701,2013,36.747443059,11.710226376,0.730960304
020700040701,2014,51.279857154,13.235202494,0.716392093
020700040701,2015,26.998981908,9.423564632,0.684957253
020700040701,2016,29.7795884,9.51740155,0.683065904
020700040701,2017,35.868577751,11.653889248,0.716894168
020700040701,2018,70.921618153,14.669904901,0.741591636
020700040701,2019,46.972762522,13.813381936,0.67892679
020700040702,2010,34.288808412,8.018563578,0.662211621
020700040702,2011,68.256052812,11.623680694,0.741828088
020700040702,2012,31.57623143,8.32697361,0.690948147
020700040702,2013,33.269439592,9.14539351,0.720808237
020700040702,2014,43.97521383,9.089273932,0.704558672
020700040702,2015,22.891607762,6.742985056,0.667792337
020700040702,2016,25.933326628,6.927748632,0.669194405
020700040702,2017,28.857079326,8.315360781,0.706912139
020700040702,2018,65.905254977,11.451871322,0.736534828
020700040702,2019,41.418723782,9.966655732,0.661575369
020700040703,2010,29.901371615,6.835772686,0.640584217
020700040703,2011,61.610144295,11.234222798,0.735150128
020700040703,2012,25.86440505,6.708522546,0.671614583
020700040703,2013,27.914720241,7.351265581,0.700159842
020700040703,2014,40.303567955,8.262323098,0.697860082
020700040703,2015,18.910244184,5.595242812,0.655530404
020700040703,2016,20.988268468,5.456281727,0.650675307
020700040703,2017,22.543297008,6.529972054,0.695799897
020700040703,2018,61.42456059,11.169938292,0.731363935
020700040703,2019,38.788344302,9.13586986,0.655740361
020700040801,2010,45.806207579,8.048240127,0.688940485
020700040801,2011,70.924418231,9.760783831,0.730041606
020700040801,2012,42.653689837,7.628070916,0.715989066
020700040801,2013,38.425536148,8.218078118,0.709638509
020700040801,2014,45.317135419,8.187089329,0.706475647
020700040801,2015,28.860804326,6.529386526,0.688276112
020700040801,2016,33.746745422,6.809030639,0.677784205
020700040801,2017,48.296939766,8.619726922,0.736620784
020700040801,2018,82.206188472,10.763281752,0.764112047
020700040801,2019,47.104098036,9.771976796,0.699812676
020700040802,2010,48.604165653,10.442428159,0.721231979
020700040802,2011,83.055376552,12.842259552,0.759517657
020700040802,2012,54.895500122,11.415078775,0.745230854
020700040802,2013,47.150467286,11.451532976,0.744662275
020700040802,2014,50.985717413,10.452520675,0.713505691
020700040802,2015,30.684911798,8.188605945,0.699861901
020700040802,2016,37.472187208,8.983942532,0.680570508
020700040802,2017,44.843634777,10.371684848,0.742311574
020700040802,2018,86.207440729,13.108807988,0.775503983
020700040802,2019,52.672754409,12.673632775,0.711721074
020700040803,2010,47.710122731,19.065481583,0.691228931
020700040803,2011,75.359507045,24.247244227,0.735866153
020700040803,2012,53.174696363,20.016072506,0.713863707
020700040803,2013,45.917741779,19.296682213,0.72641348
020700040803,2014,55.245342618,20.7898945,0.715318089
020700040803,2015,34.345457459,15.829762993,0.696073597
020700040803,2016,39.128042491,16.330103247,0.657614468
020700040803,2017,46.588380866,18.842678682,0.71282233
020700040803,2018,80.617259499,25.915985902,0.748880465
020700040803,2019,58.792693021,23.640919519,0.693342532
020700040804,2010,28.905844919,12.420844215,0.615825201
020700040804,2011,51.169951319,17.403999341,0.699366619
020700040804,2012,26.39928554,11.957864938,0.654872724
020700040804,2013,22.562056331,10.25867917,0.660459137
020700040804,2014,38.118903276,15.252129662,0.691114811
020700040804,2015,18.975872883,9.519647735,0.637291627
020700040804,2016,21.126084061,9.628597053,0.613939223
020700040804,2017,20.121394076,9.887961429,0.662997195
020700040804,2018,47.483649342,16.438177236,0.702598498
020700040804,2019,40.075162286,16.902303226,0.647962378
020700040805,2010,40.558510465,16.82598755,0.670224241
020700040805,2011,70.059949433,22.726249005,0.734941952
020700040805,2012,43.39070664,17.73640012,0.699617913
020700040805,2013,36.009144519,16.235481743,0.710821
020700040805,2014,53.680725728,19.586040587,0.712192205
020700040805,2015,30.564103837,14.675746359,0.686230208
020700040805,2016,34.96364297,14.687923981,0.654269334
020700040805,2017,38.450820099,16.142658352,0.703765822
020700040805,2018,70.702502687,22.37935203,0.741189603
020700040805,2019,55.929332306,22.474370008,0.678557172
020700040806,2010,30.516720779,11.970028247,0.632120148
020700040806,2011,57.043681871,17.439608552,0.717735582
020700040806,2012,30.395580646,12.536047779,0.672609654
020700040806,2013,27.135970966,11.390294317,0.683714911
020700040806,2014,43.432422716,15.242426305,0.698725414
020700040806,2015,22.699410685,10.403077563,0.660796085
020700040806,2016,22.965392724,9.826635162,0.623122517
020700040806,2017,22.540056877,9.863890483,0.684729238
020700040806,2018,57.227581639,17.340944137,0.722037583
020700040806,2019,40.762113422,16.580291775,0.655386666
020700040807,2010,29.772864907,10.146999034,0.612218814
020700040807,2011,56.212979087,14.322977181,0.684094173
020700040807,2012,30.371838943,10.588984674,0.636440566
020700040807,2013,26.403730536,9.743921933,0.636179722
020700040807,2014,38.936441836,11.680244521,0.646583854
020700040807,2015,24.145732444,9.234188118,0.633534188
020700040807,2016,23.721657922,8.693617505,0.580602012
020700040807,2017,23.468684671,8.642108463,0.653208052
020700040807,2018,55.016705737,14.56607799,0.694018099
020700040807,2019,35.38316213,12.377634279,0.621089943
020700041001,2010,36.908871544,11.835388866,0.631757447
020700041001,2011,56.361198719,15.113096519,0.678615804
020700041001,2012,36.454908156,11.254687876,0.664649198
020700041001,2013,28.131722655,10.119108692,0.667893685
020700041001,2014,37.558617225,12.942919262,0.665228141
020700041001,2015,25.648638079,9.389639983,0.64349949
020700041001,2016,27.870511682,9.719093851,0.636208526
020700041001,2017,31.793174965,10.975903608,0.673962785
020700041001,2018,52.90566864,14.348298551,0.694419062
020700041001,2019,39.162678713,14.122485819,0.625252215
020700041002,2010,36.513860614,12.317975082,0.628089006
020700041002,2011,57.989929566,15.896395159,0.675438701
020700041002,2012,34.028551351,11.600443539,0.659132239
020700041002,2013,28.04272736,10.414707912,0.665863014
020700041002,2014,41.232342875,13.657641236,0.668899077
020700041002,2015,25.527632962,9.69873316,0.641583286
020700041002,2016,28.954318723,10.102670131,0.635170213
020700041002,2017,35.161014446,11.745569284,0.67344342
020700041002,2018,59.336983369,15.428450718,0.693697816
020700041002,2019,41.507670531,14.85744097,0.626488962
020700041003,2010,32.098847165,12.384728864,0.621602269
020700041003,2011,54.028648021,16.171035007,0.674800027
020700041003,2012,30.707921299,11.844987482,0.652480964
020700041003,2013,26.503000928,10.501671432,0.665205306
020700041003,2014,37.949409526,14.018984083,0.665754882
020700041003,2015,21.492568271,9.513067186,0.629330128
020700041003,2016,25.362073164,10.133237404,0.626046779
020700041003,2017,29.107909551,11.590784891,0.671262985
020700041003,2018,52.690081473,15.781626942,0.695090707
020700041003,2019,39.260670249,15.497743709,0.621789896
020700041005,2010,35.149901455,15.897303596,0.473237743
020700041005,2011,53.216273307,18.790542182,0.499004851
020700041005,2012,34.686284452,15.755241093,0.488798175
020700041005,2013,31.910268466,14.6666663,0.490890078
020700041005,2014,38.584434171,17.190209619,0.496014464
020700041005,2015,27.387154924,13.649979999,0.47936571
020700041005,2016,27.248231814,12.888935332,0.463319217
020700041005,2017,29.47628713,13.925108337,0.491863347
020700041005,2018,53.559114002,18.952790039,0.507182584
020700041005,2019,38.806572747,18.218332543,0.473880636
020700041006,2010,34.938579913,16.251939885,0.56577962
020700041006,2011,54.049794912,20.369697202,0.610540858
020700041006,2012,33.988649822,15.339463449,0.604178458
020700041006,2013,29.53313213,14.178099635,0.587967975
020700041006,2014,39.27086799,18.370283869,0.593561693
020700041006,2015,26.500764214,13.049912739,0.583140516
020700041006,2016,27.287955192,12.928737972,0.567337761
020700041006,2017,29.733336841,14.244363719,0.611570746
020700041006,2018,53.958129658,18.083612898,0.626372182
020700041006,2019,40.708249282,19.70997328,0.566035205
020700041102,2010,30.68101063,13.256914581,0.610932888
020700041102,2011,55.872036473,18.489999321,0.695091383
020700041102,2012,30.346738115,11.168311137,0.635721135
020700041102,2013,28.815634711,9.996520701,0.652739903
020700041102,2014,45.291341855,18.297120316,0.657561839
020700041102,2015,26.583435912,10.517138675,0.626994997
020700041102,2016,25.202443014,10.141411828,0.60206669
020700041102,2017,28.050680907,9.391442039,0.646338548
020700041102,2018,61.847338075,18.037052029,0.683287671
020700041102,2019,40.188366284,17.322107653,0.626363063
020700090101,2010,46.299876868,21.80413581,0.605698498
020700090101,2011,73.247599419,27.933565096,0.656779263
020700090101,2012,43.91140227,21.355699594,0.629542097
020700090101,2013,38.977939625,18.822166887,0.647690507
020700090101,2014,56.318153725,23.546742738,0.664863915
020700090101,2015,42.032970552,19.5011534,0.622710523
020700090101,2016,48.157757244,20.051462788,0.609277031
020700090101,2017,50.730914027,22.629267586,0.647170367
020700090101,2018,80.931554504,30.763813794,0.668682839
020700090101,2019,57.339369023,26.279407339,0.596749335
020700090102,2010,37.547482478,16.064128413,0.611709424
020700090102,2011,63.217220898,21.201273367,0.669973019
020700090102,2012,33.488076845,15.160685136,0.630081855
020700090102,2013,30.344898331,12.643899142,0.652490603
020700090102,2014,47.817039029,17.549435784,0.680929475
020700090102,2015,36.494061309,15.599743989,0.644784672
020700090102,2016,42.676995209,16.205314593,0.625788985
020700090102,2017,42.242752049,17.169459466,0.66453203
020700090102,2018,67.757704862,22.690472336,0.68427253
020700090102,2019,49.949071385,21.088372144,0.613822889
020700090201,2010,35.153902052,14.637405516,0.594291077
020700090201,2011,60.359101657,20.19932116,0.663161237
020700090201,2012,30.619989599,13.522208803,0.591571028
020700090201,2013,30.125126987,13.486308726,0.61736636
020700090201,2014,41.443477447,16.949122282,0.637841833
020700090201,2015,24.002758582,11.320578654,0.598499527
020700090201,2016,29.317253634,12.563907479,0.592964152
020700090201,2017,38.376796988,16.44062979,0.631671656
020700090201,2018,63.897036765,21.229965939,0.682574028
020700090201,2019,41.138255704,17.96768913,0.597726309
020700090202,2010,34.307264804,14.453535601,0.597770927
020700090202,2011,58.43039859,19.478664463,0.663682675
020700090202,2012,29.505277689,13.221304679,0.592759867
020700090202,2013,28.457601764,13.012832241,0.618054257
020700090202,2014,38.420491068,15.723627782,0.635871053
020700090202,2015,21.481605762,10.446103068,0.597408678
020700090202,2016,26.018340009,11.293536744,0.589849533
020700090202,2017,34.902671828,15.055796878,0.632657613
020700090202,2018,63.833162341,21.016618599,0.685006245
020700090202,2019,38.25772929,16.68907501,0.59525923
020700090203,2010,39.856018651,17.98751421,0.618797586
020700090203,2011,65.187432521,25.086612241,0.680337591
020700090203,2012,35.295352725,16.333646405,0.636011213
020700090203,2013,33.663632881,14.640162605,0.656664396
020700090203,2014,51.092851659,21.256361088,0.673659281
020700090203,2015,37.323763707,16.233233806,0.641505333
020700090203,2016,41.009854654,16.747508131,0.631375239
020700090203,2017,42.648311601,18.838540507,0.65981569
020700090203,2018,73.497824638,27.593563424,0.69215715
020700090203,2019,48.19161173,22.156317643,0.627065257
020700090301,2010,42.676441205,7.904980027,0.665475434
020700090301,2011,69.405011108,10.410671503,0.727143474
020700090301,2012,35.468345245,6.781158814,0.708127758
020700090301,2013,35.675501996,7.308438453,0.710582084
020700090301,2014,45.455479146,8.592597499,0.716640043
020700090301,2015,38.356103259,7.445784324,0.716122637
020700090301,2016,35.936284684,7.010841169,0.699202669
020700090301,2017,37.661258705,7.578482035,0.717859274
020700090301,2018,76.173649921,10.634912066,0.760912185
020700090301,2019,42.722583929,8.717313851,0.66313718
020700090302,2010,30.026710863,9.56402675,0.622376448
020700090302,2011,51.932467691,13.095307592,0.699286408
020700090302,2012,25.395380326,8.385655302,0.615728838
020700090302,2013,24.856989329,7.780883986,0.649155736
020700090302,2014,39.083092876,10.837274007,0.68906399
020700090302,2015,26.797282922,7.983319613,0.669919932
020700090302,2016,27.677768806,7.813455065,0.645320586
020700090302,2017,30.789529267,9.499165186,0.652415731
020700090302,2018,60.370492027,13.63533349,0.71977991
020700090302,2019,36.929697014,11.986952899,0.631592682
020700090303,2010,37.907259839,9.952183727,0.6639089
020700090303,2011,60.921554705,12.592272033,0.725044848
020700090303,2012,31.061934503,8.480355588,0.701108292
020700090303,2013,31.9746274,8.254293501,0.709838842
020700090303,2014,41.164887028,10.307971271,0.717358358
020700090303,2015,33.50987847,8.592502582,0.711950982
020700090303,2016,31.863119963,8.10124985,0.693632882
020700090303,2017,30.191069881,8.236059389,0.710058416
020700090303,2018,67.976175575,12.929267546,0.762711343
020700090303,2019,39.713256413,11.401717456,0.658048583
020700090501,2010,33.918661036,9.707677475,0.689228897
020700090501,2011,65.84898441,14.093897967,0.741905054
020700090501,2012,26.418468442,7.975638652,0.691463971
020700090501,2013,27.225156357,7.027082835,0.723950814
020700090501,2014,45.675105263,11.418500135,0.762467805
020700090501,2015,35.363652066,9.821783735,0.739767716
020700090501,2016,38.641035878,9.885891418,0.715529095
020700090501,2017,39.842831405,10.985579385,0.761023549
020700090501,2018,62.10542911,14.089852976,0.765201678
020700090501,2019,40.97867663,11.458212449,0.697366446
020700090502,2010,31.567855441,13.220060227,0.637512526
020700090502,2011,57.256067254,17.181255143,0.687741701
020700090502,2012,21.198544253,9.894528029,0.615891862
020700090502,2013,22.255944181,9.450958171,0.643434349
020700090502,2014,40.052653122,15.040585321,0.686439042
020700090502,2015,28.061137279,12.193924241,0.668933885
020700090502,2016,32.637446591,12.576191536,0.650953743
020700090502,2017,30.201900096,13.124184112,0.669824166
020700090502,2018,51.803940306,16.42164181,0.70807467
020700090502,2019,34.477656958,14.411372991,0.631921222
020700090503,2010,36.975608828,14.524004064,0.65913574
020700090503,2011,60.402610824,19.338393978,0.709197417
020700090503,2012,30.303016021,12.662329957,0.677136535
020700090503,2013,29.654118068,11.417522309,0.702102021
020700090503,2014,49.702112617,18.527939822,0.730234654
020700090503,2015,38.929719248,15.33820918,0.697996064
020700090503,2016,42.746415116,15.733813699,0.680822266
020700090503,2017,36.315903225,14.557888753,0.7088374
020700090503,2018,71.559541303,22.394184776,0.726878025
020700090503,2019,43.190921894,17.26953116,0.66394784
041100030101,2010,21.203440772,7.8857945,0.639703309
041100030101,2011,58.49621773,15.55841688,0.736716753
041100030101,2012,31.875181828,12.382113855,0.673275749
041100030101,2013,48.924417981,13.972919861,0.733432197
041100030101,2014,26.36150944,10.860094511,0.685082344
041100030101,2015,30.999650414,10.285980487,0.699269065
041100030101,2016,39.869571847,13.422834421,0.699775648
041100030101,2017,44.434105748,14.52533941,0.702830959
041100030101,2018,49.948299024,15.113280387,0.701021966
041100030101,2019,38.714495158,13.989390972,0.701784396
041100030103,2010,21.372596748,6.97609984,0.653328747
041100030103,2011,59.634813725,13.640828906,0.748510509
041100030103,2012,27.353232618,10.586148192,0.672154802
041100030103,2013,50.156672983,13.089279779,0.744852449
041100030103,2014,27.177431932,9.818077681,0.698263992
041100030103,2015,30.767246546,9.568305332,0.716290079
041100030103,2016,35.433055856,11.85917241,0.702166286
041100030103,2017,43.359690194,13.058176169,0.710965359
041100030103,2018,48.724236597,13.044365196,0.708020448
041100030103,2019,38.374740004,12.791230996,0.713415103
041201010401,2010,22.731693526,13.833410975,0.64309305
041201010401,2011,40.87444629,21.284064941,0.671853842
041201010401,2012,27.531093775,16.455339081,0.634890584
041201010401,2013,36.157538024,19.664382537,0.677413706
041201010401,2014,26.299251654,17.432590776,0.656886976
041201010401,2015,23.276029514,15.852495426,0.65840861
041201010401,2016,24.357351582,15.908008017,0.621980682
041201010401,2017,38.679922098,20.707137318,0.680962435
041201010401,2018,34.736783384,20.521290126,0.639053296
041201010401,2019,29.850140324,19.427636133,0.661669241
041201010402,2010,40.673360242,20.334078774,0.70241301
041201010402,2011,64.573755514,30.153680367,0.70924043
041201010402,2012,51.494476244,27.016700537,0.685810138
041201010402,2013,57.390880672,26.720698544,0.720960317
041201010402,2014,40.159935839,22.814346128,0.688342976
041201010402,2015,42.833355129,22.32188317,0.695978625
041201010402,2016,41.543966509,24.471573465,0.666943788
041201010402,2017,62.333733824,28.799064731,0.735686052
041201010402,2018,56.436953126,28.751625166,0.68663415
041201010402,2019,50.344196602,27.924770962,0.704119641
041201010403,2010,24.898152891,11.044458343,0.619486623
041201010403,2011,42.777562864,16.075765757,0.65759301
041201010403,2012,30.906798009,13.636799933,0.616280532
041201010403,2013,41.9754662,14.666051094,0.666915924
041201010403,2014,24.615577128,12.85420252,0.637726022
041201010403,2015,27.03400515,12.97997417,0.646159039
041201010403,2016,22.631618183,12.568996103,0.607797285
041201010403,2017,43.462393458,16.046090875,0.662889569
041201010403,2018,36.431016161,17.361518486,0.634590769
041201010403,2019,27.245321489,14.338657853,0.638881005
041201010404,2010,28.628315402,15.443840855,0.623396512
041201010404,2011,50.503525761,23.646860999,0.654570101
041201010404,2012,34.583353167,19.445941934,0.616311428
041201010404,2013,44.324094176,21.366548787,0.661654414
041201010404,2014,30.733786098,18.751979538,0.639343176
041201010404,2015,30.781838707,18.219279034,0.645717619
041201010404,2016,29.318412761,18.353542239,0.607615135
041201010404,2017,47.534391452,22.810856066,0.657491081
041201010404,2018,41.365302721,22.691894944,0.622364879
041201010404,2019,34.33633271,20.886773617,0.631196535
041201010405,2010,35.087055512,17.562114882,0.682320028
041201010405,2011,61.681496218,28.893630234,0.709481797
041201010405,2012,41.584144447,22.905945627,0.668364619
041201010405,2013,52.168161114,24.469116885,0.716572073
041201010405,2014,37.366511772,23.020631734,0.691561831
041201010405,2015,39.341530675,21.238012719,0.696196943
041201010405,2016,35.688398452,21.40077217,0.661545821
041201010405,2017,52.128146128,25.166025648,0.714817214
041201010405,2018,53.218081272,27.589529281,0.684319262
041201010405,2019,40.966438325,25.016139516,0.688969788
041201010406,2010,32.277879092,13.550629721,0.650546998
041201010406,2011,61.741531327,22.768471418,0.691988702
041201010406,2012,39.716190086,17.157995776,0.654682458
041201010406,2013,51.779599799,19.318292088,0.692058179
041201010406,2014,36.479625191,17.000428066,0.671314873
041201010406,2015,38.936055528,16.385411844,0.679937969
041201010406,2016,35.794287637,17.06668291,0.646016302
041201010406,2017,49.219057639,19.199437403,0.677575579
041201010406,2018,49.861289452,20.917935389,0.662256257
041201010406,2019,38.749581719,18.29544414,0.6596916
041201010407,2010,32.537957559,9.858075343,0.662276046
041201010407,2011,72.339880109,19.147020644,0.712646877
041201010407,2012,45.148185973,13.900168329,0.672195043
041201010407,2013,62.088992824,16.028365503,0.72515425
041201010407,2014,40.609209364,13.415253794,0.684661433
041201010407,2015,44.698759982,12.490338474,0.708536247
041201010407,2016,39.894932055,13.414307893,0.662388973
041201010407,2017,52.468838575,15.266238494,0.711535206
041201010407,2018,58.040366338,17.267165421,0.684399457
041201010407,2019,45.575831662,14.847805702,0.686476768
041201010408,2010,19.969809126,12.569417754,0.606062704
041201010408,2011,45.182676517,20.951233803,0.67605319
041201010408,2012,26.613247926,14.520158833,0.612574363
041201010408,2013,37.043698887,17.961347597,0.664127347
041201010408,2014,27.015311844,16.536576137,0.649701969
041201010408,2015,26.13308392,15.592249338,0.660338822
041201010408,2016,26.332614876,15.018743938,0.635122895
041201010408,2017,31.489102823,17.105542256,0.645216092
041201010408,2018,36.689414429,18.916374396,0.631230988
041201010408,2019,29.505790065,16.553543044,0.64384045
041201010501,2010,46.341624159,36.990703206,0.309851897
041201010501,2011,95.400183832,61.331689239,0.318864319
041201010501,2012,59.811862435,42.879518944,0.297903292
041201010501,2013,86.825493523,57.156116477,0.319813825
041201010501,2014,58.440487565,44.047141372,0.313630014
041201010501,2015,64.955266818,46.701294081,0.316680082
041201010501,2016,60.462954665,43.492429288,0.307991524
041201010501,2017,72.997617759,50.980287221,0.318889277
041201010501,2018,75.026972674,49.936600657,0.311034358
041201010501,2019,67.581332104,48.704576482,0.317573701
041201010502,2010,41.19614983,34.479191202,0.298965253
041201010502,2011,86.841842606,58.990191339,0.314854037
041201010502,2012,55.911882671,41.477422959,0.297277271
041201010502,2013,82.752234721,55.871749289,0.318419571
041201010502,2014,54.800258147,42.416017403,0.310394046
041201010502,2015,61.087204045,45.135819191,0.314175282
041201010502,2016,58.720263086,42.548447166,0.308275098
041201010502,2017,69.314317272,49.45179428,0.316361488
041201010502,2018,68.829779157,48.253027119,0.308646696
041201010502,2019,63.589415485,47.118375135,0.314755012
041201010503,2010,37.057413866,26.444706211,0.384647909
041201010503,2011,84.555865077,48.480121887,0.417719803
041201010503,2012,52.490122473,33.409498852,0.386869927
041201010503,2013,76.191023728,44.808299563,0.415460128
041201010503,2014,49.289193907,33.311120551,0.400016331
041201010503,2015,55.343584474,36.012934182,0.410068553
041201010503,2016,53.444606174,34.128353284,0.396971215
041201010503,2017,63.651486278,39.962771526,0.409630329
041201010503,2018,64.460984148,39.038108527,0.399202511
041201010503,2019,58.066594447,37.639198512,0.407447242
041201010601,2010,26.400730942,4.177626045,0.705890934
041201010601,2011,73.906602767,9.168142394,0.792285361
041201010601,2012,38.0129255,6.350824901,0.729592089
041201010601,2013,60.283376362,7.696254217,0.794560631
041201010601,2014,33.193991587,5.681623116,0.7500646
041201010601,2015,45.104088298,6.412432201,0.764632077
041201010601,2016,45.674460667,6.966407607,0.745752155
041201010601,2017,57.063990821,8.178532179,0.769002983
041201010601,2018,61.284944496,8.138464215,0.770624853
041201010601,2019,50.711255188,7.610890967,0.76963487
041201010602,2010,19.347430742,2.058389894,0.589231515
041201010602,2011,52.716099766,4.452503844,0.696462846
041201010602,2012,28.524012602,3.136978332,0.615024485
041201010602,2013,50.785763844,3.619869043,0.694331814
041201010602,2014,21.598721214,2.511591784,0.623382308
041201010602,2015,26.818215866,2.424348926,0.639898008
041201010602,2016,36.886549905,3.547374734,0.645346088
041201010602,2017,39.348621202,3.674266968,0.648459474
041201010602,2018,48.10201824,4.643862867,0.677073433
041201010602,2019,32.718859189,3.408000798,0.666715509
041201010603,2010,17.5069831,2.012074946,0.589023172
041201010603,2011,51.556494182,4.3293958,0.699121363
041201010603,2012,26.098927546,3.052165505,0.610645254
041201010603,2013,48.551174343,3.490077133,0.696497538
041201010603,2014,21.170288677,2.458736865,0.625884889
041201010603,2015,25.83532463,2.38059461,0.64357212
041201010603,2016,35.687711143,3.427898002,0.648339895
041201010603,2017,37.474052724,3.60049954,0.651123034
041201010603,2018,45.511436123,4.501652062,0.679008935
041201010603,2019,31.543834636,3.34260914,0.669866469
041201010604,2010,23.925137643,3.770924503,0.708107874
041201010604,2011,71.545588947,8.113773647,0.804933653
041201010604,2012,38.744706667,5.857127015,0.733971333
041201010604,2013,60.028023436,6.845312376,0.793946936
041201010604,2014,35.051698414,5.506353318,0.768555504
041201010604,2015,42.335814037,6.056454884,0.778423479
041201010604,2016,48.837594476,6.712324065,0.753367631
041201010604,2017,52.673450908,6.938033995,0.771212808
041201010604,2018,54.297945607,6.785331045,0.767095819
041201010604,2019,46.125011457,6.483577648,0.77960017
041201010605,2010,27.247577837,5.074976897,0.722683375
041201010605,2011,76.893334922,10.315839915,0.81295695
041201010605,2012,35.829961469,6.724537498,0.73475285
041201010605,2013,62.454087096,8.781093392,0.806569042
041201010605,2014,33.601227647,6.234909155,0.762534045
041201010605,2015,40.981003089,6.95889153,0.778946778
041201010605,2016,42.660423192,7.261871336,0.753653464
041201010605,2017,52.533670617,8.58014925,0.781102392
041201010605,2018,54.761869894,8.19317606,0.764969784
041201010605,2019,47.378384401,8.107153261,0.785482054
041201010701,2010,16.451567132,7.626410708,0.544526371
041201010701,2011,52.860200723,14.150953651,0.644111355
041201010701,2012,28.958877022,10.202474701,0.581525185
041201010701,2013,46.586675049,11.694515032,0.643065175
041201010701,2014,27.146593242,10.938870672,0.595581274
041201010701,2015,28.541845563,9.261758833,0.612738482
041201010701,2016,28.021603589,9.79441201,0.598964008
041201010701,2017,37.536323887,11.905898609,0.617640866
041201010701,2018,43.220579421,15.093285258,0.593170667
041201010701,2019,32.775378291,10.763423612,0.614308865
041201010702,2010,14.615120814,9.268936399,0.543914304
041201010702,2011,47.173230873,19.212689092,0.639911694
041201010702,2012,24.470872528,13.340783889,0.577724039
041201010702,2013,36.59868877,15.760203449,0.629830595
041201010702,2014,21.441134072,12.561952244,0.584275687
041201010702,2015,22.217392021,11.766825173,0.610423236
041201010702,2016,23.318692978,13.092259912,0.586887988
041201010702,2017,31.54292024,15.481590492,0.610379436
041201010702,2018,36.57486576,17.0626637,0.595453966
041201010702,2019,29.019609568,15.110406104,0.606397117
041300020101,2010,41.472069398,23.649168034,0.698603418
041300020101,2011,73.880367094,42.382917375,0.722050846
041300020101,2012,33.726896522,20.317908045,0.709077505
041300020101,2013,49.268494751,27.52723022,0.73613265
041300020101,2014,40.23000381,26.230810719,0.710033778
041300020101,2015,40.844837384,23.594716347,0.720551445
041300020101,2016,40.272549906,23.513190643,0.719268071
041300020101,2017,65.73067645,36.300723319,0.741859237
041300020101,2018,77.718174949,39.956631257,0.754050395
041300020101,2019,55.654768658,30.816407933,0.735695859
041300020102,2010,43.575867955,25.586139778,0.699957972
041300020102,2011,72.737701342,44.538697182,0.721234237
041300020102,2012,33.674859495,21.511037769,0.707737236
041300020102,2013,49.416925833,29.560854022,0.735953465
041300020102,2014,41.015441591,27.786072811,0.709483647
041300020102,2015,39.024720773,24.980495245,0.71866027
041300020102,2016,41.600550548,25.247109944,0.719377193
041300020102,2017,66.860286675,39.006799612,0.741541344
041300020102,2018,77.966850375,43.133313953,0.754205254
041300020102,2019,54.743654493,32.945433682,0.734926824
041300020103,2010,42.937818775,17.092801452,0.693316211
041300020103,2011,68.456674466,26.286141272,0.720830547
041300020103,2012,33.153931007,15.441988211,0.703771009
041300020103,2013,44.897545974,19.318141046,0.727506105
041300020103,2014,37.354656968,17.970311391,0.705890373
041300020103,2015,38.36089216,17.295143729,0.717981569
041300020103,2016,38.864152832,17.11240229,0.711056982
041300020103,2017,60.839747012,24.286923838,0.737140079
041300020103,2018,74.317582912,27.460334964,0.747360441
041300020103,2019,49.510181874,21.640595809,0.730334812
041300020301,2010,49.590544823,9.670644325,0.694104123
041300020301,2011,62.563093671,12.217030141,0.721770771
041300020301,2012,33.992202619,9.322244165,0.699482657
041300020301,2013,46.723145732,11.695352958,0.739880871
041300020301,2014,33.447592114,9.717582516,0.712937512
041300020301,2015,35.528837001,9.187054749,0.709477935
041300020301,2016,32.687426666,9.084100596,0.702983589
041300020301,2017,54.875901729,12.089408455,0.729346666
041300020301,2018,67.282234063,13.241777597,0.7445998
041300020301,2019,51.20710586,12.103638478,0.730509485
041300020302,2010,53.09831355,15.321263623,0.697816737
041300020302,2011,64.400521782,18.20157677,0.723493302
041300020302,2012,36.257348582,13.613974812,0.703069894
041300020302,2013,47.221539697,16.539233257,0.741137783
041300020302,2014,35.976511978,14.000311868,0.715903234
041300020302,2015,36.716564927,13.188269321,0.710959299
041300020302,2016,35.617381128,13.519859091,0.709290338
041300020302,2017,58.724162845,18.772650854,0.733128669
041300020302,2018,72.579029354,21.42841524,0.748272552
041300020302,2019,53.888063875,18.323534982,0.733154529
041300020303,2010,50.068361674,15.808623958,0.703161478
041300020303,2011,68.695486487,19.899486164,0.7338657
041300020303,2012,35.45791707,12.502249666,0.715085336
041300020303,2013,46.387232368,15.7730156,0.741133839
041300020303,2014,40.01923864,14.816718593,0.723122062
041300020303,2015,35.918926341,12.887290479,0.713166591
041300020303,2016,41.034999185,14.459569701,0.724781265
041300020303,2017,60.368555313,19.581691925,0.741914164
041300020303,2018,71.705896064,22.26348407,0.752022349
041300020303,2019,53.018392933,17.894940721,0.739656882
042600000101,2010,,,
042600000101,2011,,,
042600000101,2012,,,
042600000101,2013,,,
042600000101,2014,,,
042600000101,2015,,,
042600000101,2016,,,
042600000101,2017,,,
042600000101,2018,,,
042600000101,2019,,,
042600000102,2010,,,
042600000102,2011,,,
042600000102,2012,,,
042600000102,2013,,,
042600000102,2014,,,
042600000102,2015,,,
042600000102,2016,,,
042600000102,2017,,,
042600000102,2018,,,
042600000102,2019,,,
042600000200,2010,,,
042600000200,2011,,,
042600000200,2012,,,
042600000200,2013,,,
042600000200,2014,,,
042600000200,2015,,,
042600000200,2016,,,
042600000200,2017,,,
042600000200,2018,,,
042600000200,2019,,,
050100010101,2010,42.938152011,8.961956083,0.722662011
050100010101,2011,72.887880698,12.867291941,0.767641582
050100010101,2012,41.984179772,10.083099609,0.731094614
050100010101,2013,62.39175948,11.998926412,0.758635448
050100010101,2014,49.270627063,11.043193945,0.755474235
050100010101,2015,47.667991668,10.408345152,0.753212434
050100010101,2016,46.095667176,9.704101425,0.755794892
050100010101,2017,81.816928856,14.005921591,0.7839116
050100010101,2018,85.12075294,14.301939078,0.797304946
050100010101,2019,67.259768612,12.673681525,0.775130562
050100010102,2010,42.605276446,8.852797677,0.723812788
050100010102,2011,74.299769933,12.780824049,0.768567417
050100010102,2012,41.879770564,9.911973372,0.729503047
050100010102,2013,63.29698565,11.945228503,0.761701122
050100010102,2014,49.53211367,10.956237786,0.75746621
050100010102,2015,47.747000359,10.243975468,0.753099241
050100010102,2016,45.828776583,9.557860233,0.755009975
050100010102,2017,82.169386466,13.860754731,0.785594713
050100010102,2018,83.137628097,14.051594134,0.796492335
050100010102,2019,65.508411799,12.493850985,0.775179768
050100010103,2010,47.880406093,8.340964102,0.749054181
050100010103,2011,82.285895282,11.105849726,0.786358641
050100010103,2012,50.144915655,9.637902205,0.756916549
050100010103,2013,72.268976056,10.924399626,0.785714883
050100010103,2014,58.520284536,10.102609188,0.782526076
050100010103,2015,53.707898803,9.281598441,0.771113784
050100010103,2016,60.579580708,10.071907985,0.786547223
050100010103,2017,90.741680856,11.878691666,0.800030968
050100010103,2018,90.270380858,12.175168784,0.805414743
050100010103,2019,79.656219498,11.798717944,0.794185119
050100010104,2010,49.891730154,7.777646458,0.748690869
050100010104,2011,79.719695417,10.898299164,0.774320483
050100010104,2012,44.582282001,9.554158387,0.748097798
050100010104,2013,70.690244459,10.370401352,0.778766946
050100010104,2014,55.044925482,9.774636876,0.771828132
050100010104,2015,49.189869437,9.139986752,0.76251614
050100010104,2016,53.849741035,9.5470662,0.770711692
050100010104,2017,89.167386775,11.831766053,0.788129416
050100010104,2018,90.903299004,12.292678888,0.804462996
050100010104,2019,80.673856673,12.655069663,0.79904604
050100010105,2010,46.091091402,9.192824094,0.729084509
050100010105,2011,74.596158526,12.223420021,0.76492459
050100010105,2012,41.218544704,9.756095834,0.727651644
050100010105,2013,61.267462018,11.371264791,0.765453014
050100010105,2014,52.458554207,11.126443794,0.759815579
050100010105,2015,44.619594315,9.772628577,0.746726651
050100010105,2016,48.806683183,9.99988738,0.752676505
050100010105,2017,79.438395113,13.040004982,0.775167974
050100010105,2018,84.595703942,13.546308042,0.789462403
050100010105,2019,70.509291888,12.878804467,0.780422095
050100010201,2010,43.085311855,8.989981886,0.686401786
050100010201,2011,64.781608324,10.87287368,0.719941594
050100010201,2012,32.848939789,8.442757753,0.690510813
050100010201,2013,47.964047404,10.127247488,0.709151958
050100010201,2014,40.147656059,9.704609165,0.707989131
050100010201,2015,38.707309929,9.509849405,0.698132454
050100010201,2016,37.880591226,8.745262532,0.705231953
050100010201,2017,72.994955172,12.728860762,0.727774352
050100010201,2018,80.677901833,13.640061111,0.745139383
050100010201,2019,64.355885792,12.860829197,0.733762016
050100010202,2010,45.716954883,10.160268843,0.68187259
050100010202,2011,65.607443161,11.647736288,0.715049855
050100010202,2012,33.183912659,9.250975691,0.684780658
050100010202,2013,48.746383766,10.84631792,0.70694804
050100010202,2014,40.843601163,10.493020949,0.699562108
050100010202,2015,38.051752289,9.762618163,0.692892959
050100010202,2016,39.979132279,9.811860461,0.698405858
050100010202,2017,70.541972982,13.849348463,0.725274014
050100010202,2018,79.348461324,14.43649348,0.736204472
050100010202,2019,58.909371548,13.561578988,0.720501551
050100010203,2010,45.128979985,7.644615335,0.673718558
050100010203,2011,64.30390769,7.900121493,0.707485088
050100010203,2012,31.495890251,6.734549516,0.676264287
050100010203,2013,47.374679855,7.860658764,0.702347786
050100010203,2014,38.224400136,7.066678823,0.687202885
050100010203,2015,34.423445927,6.515631033,0.683229889
050100010203,2016,41.046570628,7.411836429,0.691589917
050100010203,2017,65.326658533,9.520439355,0.718405005
050100010203,2018,74.032917811,9.64770564,0.72397062
050100010203,2019,52.467564069,8.861511818,0.704891104
050100010204,2010,42.742512067,8.777097083,0.687011709
050100010204,2011,58.004365503,10.352320499,0.724823247
050100010204,2012,33.103622083,7.674512796,0.679657021
050100010204,2013,48.015746068,9.581295346,0.729495797
050100010204,2014,40.103777307,9.349735708,0.702132967
050100010204,2015,31.790390376,7.697929998,0.683376775
050100010204,2016,37.850639851,8.217476847,0.691875961
050100010204,2017,57.520706553,10.683560907,0.727810656
050100010204,2018,68.501454543,11.726754316,0.740099575
050100010204,2019,55.896129259,10.752594642,0.722064386
050100010205,2010,42.396888224,8.76709062,0.692694892
050100010205,2011,58.080293798,10.335959776,0.729987267
050100010205,2012,31.362625283,7.56886605,0.680973801
050100010205,2013,47.26418352,9.576921425,0.735462991
050100010205,2014,42.862694326,9.591544219,0.714299672
050100010205,2015,32.35469249,7.718546017,0.688062602
050100010205,2016,36.163309107,8.167879274,0.693169167
050100010205,2017,59.469844788,10.760469491,0.735683244
050100010205,2018,69.676840727,11.701839764,0.747065113
050100010205,2019,58.26002403,10.786018783,0.728486325
050100010206,2010,45.310439439,3.243358955,0.72781802
050100010206,2011,68.233350796,3.66507394,0.764961365
050100010206,2012,31.12283462,2.826786818,0.72087779
050100010206,2013,46.425786858,3.366648333,0.749583158
050100010206,2014,42.421799858,3.360258209,0.750787211
050100010206,2015,36.765245163,2.969163228,0.723607225
050100010206,2016,40.314339255,3.01446692,0.729974394
050100010206,2017,61.944024793,3.863667251,0.770459658
050100010206,2018,75.851394715,4.132942409,0.781981604
050100010206,2019,61.078675211,3.907862421,0.77521122
050100010207,2010,44.599885084,10.606380919,0.70359064
050100010207,2011,65.270975977,12.58550718,0.742681377
050100010207,2012,32.744049351,8.969375631,0.697404508
050100010207,2013,48.722046779,11.260469083,0.735482432
050100010207,2014,43.023802346,10.522649933,0.724855154
050100010207,2015,35.481259903,9.21459797,0.703164009
050100010207,2016,39.453544968,9.955732766,0.707612221
050100010207,2017,64.246433043,13.422600464,0.746690052
050100010207,2018,76.237019683,14.274608908,0.759590427
050100010207,2019,61.814680789,13.368473453,0.744972421
050100010301,2010,38.868317907,9.060610848,0.715581595
050100010301,2011,68.578973572,13.325109099,0.756107469
050100010301,2012,34.844241366,9.168606376,0.719158652
050100010301,2013,54.722013121,11.734244605,0.757253242
050100010301,2014,41.445169974,10.817440204,0.742920246
050100010301,2015,39.770508342,9.574677199,0.747832854
050100010301,2016,39.396581533,9.220185085,0.742146637
050100010301,2017,71.028034975,13.634759223,0.775999527
050100010301,2018,75.445274968,13.789437283,0.78894606
050100010301,2019,61.513264394,13.004330499,0.771149589
050100010302,2010,43.11913165,10.689040856,0.666030729
050100010302,2011,68.145156529,14.075290354,0.71295111
050100010302,2012,41.136715301,11.012503477,0.674962674
050100010302,2013,58.26163117,12.928683734,0.723782977
050100010302,2014,43.763350815,12.112143627,0.706124207
050100010302,2015,40.32385604,10.539533431,0.694202554
050100010302,2016,42.06227304,10.776802035,0.705391361
050100010302,2017,72.215470691,14.983862935,0.73003624
050100010302,2018,77.328277248,15.162412884,0.738339016
050100010302,2019,64.820919904,14.305118861,0.715061161
050100010303,2010,40.010747794,6.403551281,0.739239263
050100010303,2011,74.592285547,8.809085612,0.784054341
050100010303,2012,37.65503493,6.719610281,0.751130597
050100010303,2013,56.785632824,8.060040458,0.78136075
050100010303,2014,42.521559636,7.503244664,0.772801959
050100010303,2015,41.304625664,6.816013117,0.767470226
050100010303,2016,45.713288288,6.910170453,0.77850335
050100010303,2017,73.128460729,9.146747659,0.800480359
050100010303,2018,77.35328044,9.352688165,0.808812305
050100010303,2019,64.218002023,9.005628909,0.799447796
050100010304,2010,45.174834782,5.283540924,0.761579762
050100010304,2011,76.69071247,6.770265849,0.797476659
050100010304,2012,43.335626867,5.897805973,0.781402278
050100010304,2013,55.800170862,6.142311083,0.799812504
050100010304,2014,48.288642308,6.15092921,0.796296229
050100010304,2015,44.379959141,5.641315423,0.785597829
050100010304,2016,50.005704524,6.096225004,0.806368956
050100010304,2017,79.140829673,7.067266069,0.812318424
050100010304,2018,82.567898691,7.53210016,0.82754257
050100010304,2019,70.244663337,7.096433752,0.817814059
050100010305,2010,45.927244224,5.001790818,0.772207497
050100010305,2011,74.046701193,6.304165913,0.80158654
050100010305,2012,43.020847939,5.545561616,0.788912543
050100010305,2013,54.339763127,5.694929525,0.806269345
050100010305,2014,47.402884262,5.759201217,0.804725314
050100010305,2015,44.943684435,5.326270015,0.795379444
050100010305,2016,49.153702905,5.692273806,0.813832142
050100010305,2017,76.449953051,6.549747465,0.818906272
050100010305,2018,80.286627064,7.026123541,0.833854975
050100010305,2019,68.910480056,6.644297322,0.825451441
050100010306,2010,42.144179845,5.48370389,0.766435076
050100010306,2011,76.169395941,7.047025064,0.80738252
050100010306,2012,39.687750974,5.877392772,0.77965911
050100010306,2013,56.524428481,6.55842347,0.805927131
050100010306,2014,42.987501378,6.222098645,0.800570665
050100010306,2015,44.062761575,5.883413306,0.793106041
050100010306,2016,48.337597213,6.157365193,0.811841933
050100010306,2017,75.510860224,7.420590329,0.825169963
050100010306,2018,79.708431697,7.761052973,0.833643435
050100010306,2019,67.090292409,7.561885818,0.827512506
050100010307,2010,39.735892309,5.151551323,0.753402915
050100010307,2011,76.726789288,6.748480118,0.800512518
050100010307,2012,36.654008052,5.285088668,0.759704851
050100010307,2013,56.917351878,6.213621939,0.791573468
050100010307,2014,40.078346166,5.635385953,0.785578529
050100010307,2015,45.082634083,5.489513779,0.782120638
050100010307,2016,46.461656519,5.488985182,0.794287502
050100010307,2017,75.607273685,7.156636518,0.819034711
050100010307,2018,83.334977145,7.459161283,0.823456543
050100010307,2019,64.845717594,7.175064395,0.815457886
050100010308,2010,44.970470608,5.312459271,0.743900898
050100010308,2011,71.767174306,6.478727214,0.776484016
050100010308,2012,37.41890076,5.314542809,0.742312765
050100010308,2013,53.929824012,5.994981228,0.776104971
050100010308,2014,44.288214053,5.879590818,0.770467699
050100010308,2015,43.527062163,5.422331281,0.759091306
050100010308,2016,45.835272943,5.466348759,0.766676925
050100010308,2017,72.990314791,6.892091396,0.790869209
050100010308,2018,80.802997202,7.315216025,0.803703388
050100010308,2019,66.317750551,6.99349746,0.796689666
050100010309,2010,43.164497166,5.330516317,0.699450494
050100010309,2011,65.642447835,6.464761273,0.733177517
050100010309,2012,31.324366139,4.774989974,0.682296402
050100010309,2013,48.7526872,5.846597556,0.729362353
050100010309,2014,43.401767824,5.980967876,0.722550779
050100010309,2015,34.383322701,4.984352112,0.695881806
050100010309,2016,42.073063954,5.32771837,0.69873827
050100010309,2017,65.001087501,6.837896572,0.737950055
050100010309,2018,80.526045806,7.4862687,0.758780264
050100010309,2019,63.765738138,6.959989421,0.749652837
050100010310,2010,46.748105605,5.245578506,0.750158644
050100010310,2011,67.570578872,6.220458507,0.778070125
050100010310,2012,37.101709593,4.895998934,0.748765242
050100010310,2013,57.847931,6.142777301,0.774038937
050100010310,2014,45.109893137,5.754652457,0.756555166
050100010310,2015,41.828252553,5.233011882,0.743755166
050100010310,2016,49.528418651,5.488199446,0.755404621
050100010310,2017,77.268526719,7.056154749,0.79346538
050100010310,2018,92.010389723,7.602716158,0.805301611
050100010310,2019,69.321851972,6.999643878,0.8027484
050100010311,2010,35.641891709,5.555613595,0.731902492
050100010311,2011,59.458607596,7.662528663,0.765788934
050100010311,2012,29.213997122,5.248414588,0.718432027
050100010311,2013,47.474678063,7.014303098,0.759489863
050100010311,2014,39.80087751,6.521646046,0.749119904
050100010311,2015,31.786757576,5.264790529,0.738323425
050100010311,2016,41.750334759,6.185159689,0.741639642
050100010311,2017,62.790633582,8.432029534,0.790417138
050100010311,2018,79.948906188,9.176724853,0.802542941
050100010311,2019,60.201766504,8.24214051,0.790723473
050100010601,2010,35.435767735,11.053357352,0.690357841
050100010601,2011,64.478327327,15.796711459,0.741850705
050100010601,2012,38.825291403,13.970747202,0.697370899
050100010601,2013,50.848155775,15.217607681,0.730337653
050100010601,2014,40.541234173,13.654659297,0.717846702
050100010601,2015,36.742554845,12.808642329,0.701891008
050100010601,2016,41.465292882,12.656467311,0.713482767
050100010601,2017,65.016326171,16.094758205,0.73955987
050100010601,2018,65.294470069,16.250713297,0.745003472
050100010601,2019,62.787265367,16.95135775,0.74848439
050100010602,2010,37.581280634,9.571482612,0.651459285
050100010602,2011,66.550766532,14.074723842,0.701024932
050100010602,2012,41.606392125,11.817372604,0.662751698
050100010602,2013,51.240370273,13.650297362,0.691927225
050100010602,2014,42.264875113,12.716082686,0.683710355
050100010602,2015,35.981584082,10.3161023,0.641791482
050100010602,2016,44.367212992,12.082720007,0.670253171
050100010602,2017,65.86302483,14.601085556,0.704775668
050100010602,2018,72.44066459,14.610318562,0.705355957
050100010602,2019,56.674716804,13.846980182,0.698297667
050100010603,2010,32.010133349,4.637631932,0.729504767
050100010603,2011,59.512033989,6.010883483,0.779395041
050100010603,2012,31.266705136,4.696562851,0.725050968
050100010603,2013,45.95800061,6.144830039,0.778048574
050100010603,2014,33.943091738,5.387735288,0.747051532
050100010603,2015,31.378941611,4.586459117,0.730646425
050100010603,2016,37.718102962,5.315982891,0.756680094
050100010603,2017,57.066030705,6.204195224,0.783017728
050100010603,2018,64.006255105,6.977510676,0.803292102
050100010603,2019,51.611261991,6.278974122,0.788192288
050100010604,2010,35.252136536,7.199446671,0.709679815
050100010604,2011,59.92837064,9.441081569,0.759468215
050100010604,2012,35.460097715,7.855371332,0.7076506
050100010604,2013,50.872439895,9.764559145,0.757956695
050100010604,2014,38.922287593,8.589978862,0.735486749
050100010604,2015,32.826591908,7.384369839,0.707270959
050100010604,2016,41.452554801,8.354883823,0.728139981
050100010604,2017,58.693298173,9.633448998,0.75848805
050100010604,2018,72.280433383,10.937273712,0.776481307
050100010604,2019,54.134067269,9.963600095,0.765164659
050100010901,2010,47.06312043,13.947063625,0.679418305
050100010901,2011,83.680032065,18.562876644,0.711198373
050100010901,2012,49.294470476,14.155235752,0.680697926
050100010901,2013,72.129656194,18.696186149,0.713389695
050100010901,2014,58.008260724,17.289328019,0.710201254
050100010901,2015,55.539433815,15.623541958,0.707515567
050100010901,2016,65.552820569,18.050004922,0.711377941
050100010901,2017,93.005436077,21.821110831,0.71774046
050100010901,2018,90.260703621,20.847535006,0.7221365
050100010901,2019,82.221519042,20.90915781,0.716544675
050100010902,2010,48.396348842,15.247746671,0.719560306
050100010902,2011,86.142326046,20.7214665,0.750057456
050100010902,2012,57.396163831,16.922325487,0.721286733
050100010902,2013,67.869215069,18.783200565,0.732316418
050100010902,2014,63.623208713,19.401995784,0.744832858
050100010902,2015,60.963287535,17.531835473,0.728615898
050100010902,2016,66.017850397,19.500217512,0.750103143
050100010902,2017,95.936285113,23.043516073,0.758590692
050100010902,2018,95.402100847,23.237845201,0.766686575
050100010902,2019,90.443904112,22.976246015,0.754642811
050100010903,2010,33.917349923,11.365820727,0.691783183
050100010903,2011,73.814508515,16.587841175,0.747930004
050100010903,2012,44.183693343,13.380779609,0.720548753
050100010903,2013,54.717183757,15.581077083,0.724821093
050100010903,2014,52.26266203,17.131134019,0.748076148
050100010903,2015,50.193744581,15.295010622,0.741086866
050100010903,2016,51.435721242,15.640316961,0.744548299
050100010903,2017,88.158250592,21.246556691,0.766546664
050100010903,2018,86.079683165,20.585151622,0.769484378
050100010903,2019,66.376484693,17.828146914,0.747138686
050100010904,2010,42.829789592,15.78466265,0.652536684
050100010904,2011,88.439691454,22.38980636,0.702133204
050100010904,2012,59.971699673,18.561620261,0.66144323
050100010904,2013,65.045973593,20.211251017,0.688199838
050100010904,2014,64.254125469,20.763979297,0.691700931
050100010904,2015,53.987989331,17.831760285,0.671664072
050100010904,2016,58.069314389,19.172468724,0.686633758
050100010904,2017,82.036673608,22.782580936,0.704543935
050100010904,2018,90.762383315,24.258755774,0.712472445
050100010904,2019,78.464871066,22.739592487,0.700482574
050100010905,2010,29.913709409,10.424097029,0.661174349
050100010905,2011,66.8249662,18.427500437,0.716892369
050100010905,2012,43.18888953,14.206848269,0.687441341
050100010905,2013,48.344598283,15.856870195,0.703099561
050100010905,2014,48.931002058,17.20742042,0.7167531
050100010905,2015,42.447722664,14.111165584,0.698905962
050100010905,2016,44.572431534,15.283571251,0.709937251
050100010905,2017,68.327022145,19.8600836,0.731818528
050100010905,2018,71.926070104,21.003037934,0.735915259
050100010905,2019,57.497165184,17.793888803,0.718965213
050100011001,2010,52.16977467,16.10197758,0.787125086
050100011001,2011,90.031178376,18.433779612,0.810840963
050100011001,2012,52.816595622,15.171596552,0.765631398
050100011001,2013,75.623421667,20.0246227,0.809127934
050100011001,2014,49.366596692,14.245238032,0.779756951
050100011001,2015,54.697915027,15.590161265,0.774492582
050100011001,2016,58.187258861,15.620677261,0.759496314
050100011001,2017,82.152915329,20.04237877,0.817932651
050100011001,2018,83.203971085,19.319903887,0.802251349
050100011001,2019,68.065593601,18.826196177,0.795998593
050100011003,2010,51.799581289,12.359829243,0.783740427
050100011003,2011,93.318842963,14.573420006,0.806356823
050100011003,2012,53.925007047,12.516482151,0.761073153
050100011003,2013,80.645988286,16.384851523,0.805990559
050100011003,2014,50.929906048,11.671607691,0.778877194
050100011003,2015,55.151722808,12.176202742,0.769715763
050100011003,2016,60.39888538,12.51699793,0.754972163
050100011003,2017,85.480438371,16.403407642,0.815020316
050100011003,2018,84.033427668,14.359927465,0.79269084
050100011003,2019,71.817512304,15.505931249,0.793553748
050100011004,2010,50.361661766,8.093479846,0.777055231
050100011004,2011,96.567241073,9.984024025,0.803573299
050100011004,2012,53.5191363,8.473454088,0.75786302
050100011004,2013,74.371131416,9.828420457,0.79474029
050100011004,2014,53.696670929,8.735327328,0.779343119
050100011004,2015,51.576007889,7.504927718,0.75686371
050100011004,2016,59.323295716,8.249766824,0.74771054
050100011004,2017,88.892355866,10.880742425,0.809804785
050100011004,2018,87.453667078,9.792525268,0.7894909
050100011004,2019,69.648401042,9.971746138,0.785802376
050100011101,2010,52.299551333,23.426165408,0.791839791
050100011101,2011,90.794011648,26.455681324,0.817445004
050100011101,2012,53.352002355,24.617134633,0.753615842
050100011101,2013,77.725345555,27.684901158,0.810434662
050100011101,2014,54.597863694,23.814395064,0.784924152
050100011101,2015,52.654821933,22.216408486,0.771447358
050100011101,2016,63.911562239,23.850571916,0.770221897
050100011101,2017,88.262052678,29.182086821,0.821762186
050100011101,2018,79.730529606,26.991289606,0.79290778
050100011101,2019,75.177429063,28.626562758,0.792674667
050100011102,2010,56.37338322,15.824645976,0.773788461
050100011102,2011,93.676794291,17.880482886,0.797154967
050100011102,2012,54.667958964,16.242821725,0.75348694
050100011102,2013,81.200072271,18.817417241,0.800681542
050100011102,2014,50.780244097,15.481733719,0.774063925
050100011102,2015,56.864448918,15.4044244,0.774507779
050100011102,2016,58.85623443,15.570840678,0.749845278
050100011102,2017,83.460283394,19.106746656,0.796698978
050100011102,2018,83.083981871,18.191425235,0.784621197
050100011102,2019,65.50199766,18.515284782,0.783026867
050100011103,2010,47.571008123,19.84103879,0.776987774
050100011103,2011,93.233958115,26.743621732,0.821700535
050100011103,2012,54.885708253,22.348142574,0.766352717
050100011103,2013,75.105060754,24.792067117,0.813322136
050100011103,2014,53.773490165,21.802641052,0.794942634
050100011103,2015,53.955481322,20.732502698,0.766295093
050100011103,2016,60.229485901,22.278934213,0.775161949
050100011103,2017,88.514647633,27.171860175,0.818392025
050100011103,2018,84.609148556,25.834517121,0.808266272
050100011103,2019,69.008425531,25.847776108,0.797216164
050100011104,2010,43.399175833,15.207026698,0.771642029
050100011104,2011,94.516637247,22.756713711,0.820529669
050100011104,2012,58.078518249,19.78816555,0.775585782
050100011104,2013,72.966874073,20.370703092,0.809984395
050100011104,2014,56.148428005,18.706359019,0.794301762
050100011104,2015,53.392632329,16.708360294,0.75774109
050100011104,2016,59.609834673,18.454696803,0.774282323
050100011104,2017,91.292586254,22.912109436,0.815572832
050100011104,2018,90.421985876,22.47619693,0.808368296
050100011104,2019,69.082327274,21.885311496,0.795144318
050100011105,2010,34.747921375,9.456859981,0.732640553
050100011105,2011,94.947212719,17.201550571,0.79762361
050100011105,2012,57.945219037,14.254284119,0.763030641
050100011105,2013,67.226277015,15.108700826,0.775592454
050100011105,2014,54.896414707,13.589414815,0.770020422
050100011105,2015,48.693342099,12.597196412,0.727538787
050100011105,2016,60.058039453,13.769628036,0.759567526
050100011105,2017,93.352037112,17.527925802,0.792758536
050100011105,2018,92.949716383,17.243072371,0.79486834
050100011105,2019,64.212986343,15.709390833,0.765970126
050100011106,2010,47.836240089,14.597554277,0.772274019
050100011106,2011,99.75989735,19.592540388,0.810479395
050100011106,2012,57.050002723,17.001482869,0.760958562
050100011106,2013,76.924899201,18.880862571,0.798494709
050100011106,2014,56.180459235,16.830904659,0.782047126
050100011106,2015,53.285091709,14.889719467,0.754477929
050100011106,2016,63.967051697,16.646120255,0.760711295
050100011106,2017,93.279227596,20.892959138,0.812153103
050100011106,2018,92.226213655,19.701735942,0.79615352
050100011106,2019,72.152172855,19.340468473,0.785157682
050100011107,2010,47.649658535,6.764820726,0.774208098
050100011107,2011,95.293818184,8.403708887,0.800530289
050100011107,2012,53.060952134,7.443455856,0.757556668
050100011107,2013,72.663830763,8.352116502,0.791917782
050100011107,2014,52.959131536,7.457995523,0.777769532
050100011107,2015,50.011468625,6.41654134,0.754006585
050100011107,2016,57.20356304,6.971008093,0.744009935
050100011107,2017,86.901250388,9.127956101,0.807164323
050100011107,2018,86.82586341,8.409507621,0.789042278
050100011107,2019,67.768014808,8.542850159,0.783838226
050100011108,2010,35.667523017,8.096224936,0.736904602
050100011108,2011,92.219545731,13.600870615,0.790565956
050100011108,2012,54.401936578,11.537413173,0.754378266
050100011108,2013,66.499378458,12.4261614,0.774643435
050100011108,2014,53.381538072,11.585451028,0.77457897
050100011108,2015,48.047248106,10.211339233,0.736567139
050100011108,2016,57.992116532,11.452988273,0.756964522
050100011108,2017,91.552774855,14.771708342,0.8042667
050100011108,2018,89.629733117,14.317623105,0.798043172
050100011108,2019,65.456728553,13.11042278,0.768672741
050100011201,2010,40.474830181,22.386273248,0.695615692
050100011201,2011,75.226714376,35.611727768,0.727327696
050100011201,2012,45.424079783,25.148049951,0.694158004
050100011201,2013,61.706763674,31.940427457,0.752014237
050100011201,2014,54.022959201,30.593366312,0.751408876
050100011201,2015,41.657664533,23.505405691,0.71111775
050100011201,2016,49.961350316,26.894829498,0.726316365
050100011201,2017,69.071940468,34.852700592,0.761142361
050100011201,2018,90.540928642,40.421507791,0.773787698
050100011201,2019,64.089505706,35.487615128,0.760993229
050100011202,2010,34.351040614,20.313103591,0.712618767
050100011202,2011,65.854195201,32.93225905,0.75473147
050100011202,2012,38.644582874,22.569644442,0.716101834
050100011202,2013,52.929428341,28.811698549,0.762996906
050100011202,2014,47.056241151,27.827497993,0.761896005
050100011202,2015,36.636330617,21.728515523,0.719880026
050100011202,2016,42.644511976,24.906493099,0.737307599
050100011202,2017,59.272605931,32.113864203,0.785241765
050100011202,2018,73.978553838,36.887649142,0.78284313
050100011202,2019,54.949061575,32.181396472,0.776655276
050100011203,2010,38.922830562,20.879657654,0.687570259
050100011203,2011,75.545093372,33.797356802,0.721964222
050100011203,2012,46.688599464,24.625049106,0.691549513
050100011203,2013,58.963309878,30.095585727,0.744498294
050100011203,2014,51.124004555,29.040231649,0.743963127
050100011203,2015,40.934413156,22.434457366,0.703973219
050100011203,2016,48.613058133,25.89020573,0.722852524
050100011203,2017,70.105397189,33.36287689,0.755788516
050100011203,2018,85.315728224,37.289699374,0.765692956
050100011203,2019,62.128234058,33.472114808,0.753660592
050100011204,2010,33.105124904,17.353921399,0.721670621
050100011204,2011,67.370639675,28.067757524,0.772296774
050100011204,2012,38.233746951,19.272076463,0.729557077
050100011204,2013,52.777512789,24.239120247,0.76816253
050100011204,2014,46.325752113,23.670744772,0.766910921
050100011204,2015,36.290347057,18.990411805,0.723241982
050100011204,2016,43.010372389,21.979225777,0.744267215
050100011204,2017,58.181199479,27.111795204,0.798914825
050100011204,2018,70.285349692,30.167988386,0.786018192
050100011204,2019,53.804340696,26.920371848,0.784622567
050100011205,2010,29.095143546,15.204223666,0.699214181
050100011205,2011,61.197201181,26.102765863,0.74590282
050100011205,2012,37.457348037,18.909484069,0.714477752
050100011205,2013,46.026539473,22.360878859,0.75114413
050100011205,2014,41.221008979,21.772729315,0.75030975
050100011205,2015,34.094605093,17.790364396,0.710424521
050100011205,2016,39.295692312,20.202785262,0.729386458
050100011205,2017,54.372721037,25.301146358,0.775472446
050100011205,2018,65.333859753,28.125286067,0.77024268
050100011205,2019,49.114940933,25.157560361,0.764794658
050100011206,2010,32.382266458,17.117491011,0.665530378
050100011206,2011,67.789708961,24.489524594,0.717382417
050100011206,2012,42.926348332,21.114862308,0.68237786
050100011206,2013,49.057342998,23.017382238,0.704658065
050100011206,2014,44.052794893,22.28576738,0.704041747
050100011206,2015,37.624858287,18.288425635,0.670707401
050100011206,2016,42.939447001,20.86515587,0.68811644
050100011206,2017,62.173706702,25.602814921,0.715531698
050100011206,2018,70.995368277,26.631397291,0.721384865
050100011206,2019,53.392962522,25.11085458,0.713220362
050100011207,2010,26.797462646,15.999545451,0.674809003
050100011207,2011,78.026545112,38.48445603,0.729980203
050100011207,2012,43.493564742,22.952685713,0.714060903
050100011207,2013,50.632758015,27.951867276,0.74819163
050100011207,2014,51.309602042,30.093396966,0.742603555
050100011207,2015,45.375595806,24.263858732,0.721922739
050100011207,2016,48.990580707,26.621086911,0.740272762
050100011207,2017,77.021909329,34.922055917,0.766322641
050100011207,2018,77.151514516,37.296836741,0.765750701
050100011207,2019,59.199608372,33.176429728,0.752407308
050100011208,2010,27.322225549,14.506913491,0.726608259
050100011208,2011,62.375749583,33.20169234,0.777337668
050100011208,2012,39.085419664,20.086800719,0.761015947
050100011208,2013,46.141090283,25.203834624,0.790549015
050100011208,2014,43.167630345,25.321163785,0.795499397
050100011208,2015,37.284362264,20.631942051,0.754914583
050100011208,2016,39.34759709,21.045049466,0.761951371
050100011208,2017,59.58732381,30.314860195,0.811271374
050100011208,2018,63.980659636,31.310435439,0.806123525
050100011208,2019,53.407104969,29.279542865,0.799796235
050100011209,2010,30.942402222,16.508884867,0.721989036
050100011209,2011,80.838126415,37.426100679,0.767671835
050100011209,2012,49.512554563,25.231914175,0.754018602
050100011209,2013,54.616443905,28.582683987,0.77431555
050100011209,2014,50.721725561,28.59832306,0.77324589
050100011209,2015,46.865337897,25.374719098,0.751712581
050100011209,2016,51.957344478,27.57204421,0.764853242
050100011209,2017,79.727207103,36.737617697,0.809187967
050100011209,2018,76.159813871,36.04877681,0.800043415
050100011209,2019,64.502783343,34.045983185,0.789949124
050100020501,2010,53.393497093,31.175232287,0.762390275
050100020501,2011,91.75494523,44.434247512,0.772112875
050100020501,2012,49.057965121,29.389743547,0.735553988
050100020501,2013,70.494440503,37.070093854,0.770080509
050100020501,2014,54.118880495,32.096964712,0.765261492
050100020501,2015,52.546674569,32.014368919,0.746714054
050100020501,2016,59.71544839,34.873372401,0.732176299
050100020501,2017,82.211964571,41.603305665,0.77788694
050100020501,2018,82.840775567,41.873957264,0.789153481
050100020501,2019,76.085216899,41.622921614,0.777101843
050100020504,2010,51.445405873,25.296109773,0.755098315
050100020504,2011,95.570655099,39.1808556,0.766228501
050100020504,2012,48.970138753,25.04765756,0.729323043
050100020504,2013,73.480581009,31.102779691,0.764504043
050100020504,2014,57.958657898,27.38895592,0.762701292
050100020504,2015,53.708905572,27.069755038,0.739996433
050100020504,2016,60.145033937,30.291211412,0.728509092
050100020504,2017,83.42950849,35.321174776,0.771230848
050100020504,2018,86.117964051,36.105633637,0.783516707
050100020504,2019,78.470063419,35.581888578,0.771821442
050100020505,2010,46.690079869,23.419018239,0.74414369
050100020505,2011,96.392853709,46.071524239,0.771099471
050100020505,2012,50.901968492,25.388413837,0.731799691
050100020505,2013,75.539532921,34.251685911,0.770367186
050100020505,2014,60.465344072,30.321957149,0.767225987
050100020505,2015,51.433473695,26.958763884,0.737379051
050100020505,2016,61.241982552,30.742873766,0.738612722
050100020505,2017,82.20474297,37.731104188,0.780575748
050100020505,2018,88.0136601,39.082991782,0.784160227
050100020505,2019,77.046664417,36.595827104,0.780323672
050100020506,2010,37.533775812,14.882784645,0.713029871
050100020506,2011,85.800685973,38.016098453,0.749779571
050100020506,2012,54.360697459,22.507599232,0.722621379
050100020506,2013,65.672627343,26.510609329,0.752124371
050100020506,2014,54.562222464,24.266007093,0.742195269
050100020506,2015,49.018854931,22.11334696,0.71605147
050100020506,2016,56.083416272,23.967494311,0.730858161
050100020506,2017,79.497303209,33.236457536,0.770476375
050100020506,2018,84.381983373,33.210595529,0.76727681
050100020506,2019,71.534552843,29.636686384,0.757680163
050100020507,2010,33.738143177,15.834680773,0.691484236
050100020507,2011,83.15681234,34.738436062,0.737765406
050100020507,2012,47.437895091,22.210229696,0.697233817
050100020507,2013,61.4770757,25.641118846,0.725580411
050100020507,2014,51.226658969,23.573799217,0.722782211
050100020507,2015,44.223363915,20.817793119,0.693043515
050100020507,2016,50.556970308,23.398521206,0.690115462
050100020507,2017,76.216147315,29.368007754,0.749423515
050100020507,2018,77.873975474,31.586451537,0.743061862
050100020507,2019,64.604451399,28.295004435,0.732531832
050100020508,2010,35.90276774,15.516740297,0.702983993
050100020508,2011,87.980609926,36.825803165,0.747687177
050100020508,2012,54.200954854,22.981519974,0.714190935
050100020508,2013,66.737834864,26.690377507,0.74356761
050100020508,2014,54.635412303,24.232404896,0.735944291
050100020508,2015,50.815312362,21.979305911,0.708516001
050100020508,2016,55.440363346,24.231878208,0.714449974
050100020508,2017,82.462226261,31.760976366,0.763777629
050100020508,2018,84.852267262,32.925164676,0.759272971
050100020508,2019,71.160653352,29.554408421,0.749268379
050100030101,2010,23.865552159,13.380469932,0.627698704
050100030101,2011,68.776771943,34.027602707,0.710643394
050100030101,2012,41.402193238,22.950245061,0.684405479
050100030101,2013,47.613807416,27.455634884,0.705274735
050100030101,2014,43.29176959,26.398872878,0.699162301
050100030101,2015,37.535677056,21.57426618,0.679695893
050100030101,2016,45.192913009,25.531517361,0.704365077
050100030101,2017,74.442045064,36.713231285,0.740834498
050100030101,2018,65.249468272,34.020751141,0.714574255
050100030101,2019,54.32783992,31.121065108,0.707984869
050100030102,2010,21.347496743,11.607725856,0.6250875
050100030102,2011,70.923724569,29.711037945,0.716436271
050100030102,2012,39.123691321,20.284540722,0.685172838
050100030102,2013,43.386492265,22.539962528,0.704682532
050100030102,2014,39.815980006,21.899957091,0.697109335
050100030102,2015,34.084674573,18.064169029,0.672521425
050100030102,2016,42.481260862,21.90111704,0.703266598
050100030102,2017,75.396875417,32.840249773,0.748348201
050100030102,2018,63.546597739,28.863874794,0.725862262
050100030102,2019,51.616307108,26.557298329,0.710085879
050100030103,2010,21.569047268,12.661098164,0.620549849
050100030103,2011,69.754380477,36.346305523,0.712749625
050100030103,2012,39.526491452,23.366295425,0.681063115
050100030103,2013,46.132165618,28.123140178,0.703123234
050100030103,2014,41.159585204,25.884262435,0.694422005
050100030103,2015,35.732969848,21.81130716,0.675236443
050100030103,2016,42.227848519,25.360897053,0.701778988
050100030103,2017,69.921673562,37.573855811,0.739538074
050100030103,2018,63.105069896,34.88244425,0.714754164
050100030103,2019,53.069063875,31.870228368,0.705015075
050100030104,2010,22.705940882,12.996801508,0.6271549
050100030104,2011,70.429573177,37.102927819,0.71888483
050100030104,2012,38.230364791,22.006513163,0.68431478
050100030104,2013,50.272733869,29.763717218,0.71181309
050100030104,2014,42.610843296,27.418629501,0.703628032
050100030104,2015,35.749556393,21.697072921,0.689494351
050100030104,2016,41.052993302,25.033613579,0.712049769
050100030104,2017,67.635250286,36.681127311,0.738860551
050100030104,2018,61.927133974,34.149372221,0.70449474
050100030104,2019,52.239158956,31.699153812,0.706631351
050100030105,2010,22.961347351,15.211054992,0.636167394
050100030105,2011,69.807789892,38.256177462,0.73640887
050100030105,2012,40.52132656,25.624121865,0.690899399
050100030105,2013,45.826003878,29.558267476,0.709972155
050100030105,2014,40.561205429,27.482221811,0.710147658
050100030105,2015,35.937294942,23.793252494,0.694162977
050100030105,2016,42.922061697,28.39714231,0.720508674
050100030105,2017,67.542099944,39.061460321,0.742910556
050100030105,2018,59.386536974,34.483290697,0.721634506
050100030105,2019,53.771483658,34.260902366,0.709972062
050100030106,2010,27.248767413,16.566313143,0.625237231
050100030106,2011,69.728802995,39.555434307,0.710499528
050100030106,2012,39.78595114,24.020391256,0.664404279
050100030106,2013,48.086043819,29.741569415,0.69444087
050100030106,2014,40.214913894,26.426045054,0.687090983
050100030106,2015,37.085688511,23.944657919,0.674011579
050100030106,2016,38.950558535,24.85462346,0.686220658
050100030106,2017,71.222083022,39.073342191,0.726596519
050100030106,2018,63.610501746,36.428115866,0.705537476
050100030106,2019,53.480431006,32.736625494,0.689836231
050100030201,2010,25.003785539,10.968466652,0.634250165
050100030201,2011,57.471875054,16.274327269,0.689664631
050100030201,2012,32.441232905,13.467542614,0.662133835
050100030201,2013,40.346564297,15.068075238,0.664152596
050100030201,2014,40.748049606,16.554199474,0.687980595
050100030201,2015,36.131764418,14.059595756,0.665619855
050100030201,2016,36.280152922,15.00712254,0.683648061
050100030201,2017,62.157790083,20.220776814,0.711678941
050100030201,2018,61.703961124,19.469996427,0.69864325
050100030201,2019,48.467429003,17.704857768,0.690371251
050100030202,2010,28.311547312,21.669583213,0.642512383
050100030202,2011,55.97325222,34.074885129,0.71402851
050100030202,2012,37.670522468,26.6063166,0.696596815
050100030202,2013,43.415513783,30.071753607,0.696794722
050100030202,2014,40.910739306,30.020049648,0.709865489
050100030202,2015,36.545082371,26.400835183,0.683119023
050100030202,2016,37.603957483,26.320854982,0.701766175
050100030202,2017,60.423575949,36.123610047,0.739015317
050100030202,2018,59.396060777,35.374755539,0.729987619
050100030202,2019,51.967495728,35.569765759,0.716665734
050100030301,2010,22.297022772,11.4243323,0.59780582
050100030301,2011,62.678990044,21.995001978,0.689889548
050100030301,2012,36.486590848,17.105824998,0.665134751
050100030301,2013,45.70984212,19.697914485,0.687681577
050100030301,2014,43.889904172,20.401682863,0.685352738
050100030301,2015,38.155381179,16.78910094,0.664040636
050100030301,2016,38.556068982,18.231622152,0.687004357
050100030301,2017,65.550811932,25.343282523,0.715279025
050100030301,2018,64.518365956,24.619061104,0.720639801
050100030301,2019,51.913099235,22.642609029,0.701734764
050100030302,2010,23.378043653,14.352414145,0.612940057
050100030302,2011,62.493166098,25.471856522,0.70146761
050100030302,2012,36.300577388,20.726647605,0.670732037
050100030302,2013,44.961239233,22.987678904,0.689724947
050100030302,2014,43.764554433,23.909232729,0.693352089
050100030302,2015,38.557771942,20.475909339,0.67286586
050100030302,2016,41.298029304,23.271700162,0.694986187
050100030302,2017,65.838784913,29.117516298,0.70931079
050100030302,2018,62.58288151,29.27844445,0.718695201
050100030302,2019,50.715425118,27.231551724,0.707302115
050100030303,2010,20.008341936,11.587345645,0.592178933
050100030303,2011,57.813275516,25.279530306,0.693755022
050100030303,2012,33.881017227,17.980895769,0.659862571
050100030303,2013,41.850278049,21.775548796,0.673208214
050100030303,2014,43.164722438,23.979539074,0.689854601
050100030303,2015,33.682168443,17.619519558,0.668479767
050100030303,2016,35.336723984,18.896345163,0.673930716
050100030303,2017,60.374053719,26.855079705,0.703665735
050100030303,2018,62.662530977,28.250089345,0.707563068
050100030303,2019,47.89019659,24.796515524,0.6882455
050100030304,2010,20.638675476,11.748681957,0.593597751
050100030304,2011,55.676412195,24.454983572,0.691926187
050100030304,2012,31.611131685,16.897056161,0.656646587
050100030304,2013,39.849214832,20.172663119,0.669157853
050100030304,2014,40.291452631,22.38823256,0.687203726
050100030304,2015,32.853308564,17.430136322,0.669009984
050100030304,2016,33.763231417,18.248888197,0.672942879
050100030304,2017,60.873107183,26.830943192,0.703912093
050100030304,2018,59.200112146,26.839521869,0.705584046
050100030304,2019,47.209634415,23.840428903,0.686502358
050100030305,2010,21.210381508,12.370974426,0.581876189
050100030305,2011,57.385593801,25.245829544,0.674533972
050100030305,2012,33.921438894,19.055707299,0.643906234
050100030305,2013,43.041245858,22.22459887,0.663703941
050100030305,2014,42.62601598,23.862680598,0.665764952
050100030305,2015,35.88167919,18.976456955,0.650953038
050100030305,2016,36.633682407,20.480964116,0.65678961
050100030305,2017,62.162676883,29.000604008,0.684589094
050100030305,2018,63.939516844,30.149251569,0.687252308
050100030305,2019,47.258331758,25.39941596,0.674519254
050100030401,2010,24.112065658,14.462478999,0.642926006
050100030401,2011,57.125688395,27.254433139,0.722119987
050100030401,2012,34.536803064,21.083713435,0.684884079
050100030401,2013,46.764583583,24.943057154,0.69666302
050100030401,2014,33.873719625,20.425206634,0.687764322
050100030401,2015,34.081852329,19.930287768,0.69310677
050100030401,2016,35.986921312,21.266281366,0.69918503
050100030401,2017,61.780135831,30.345531122,0.715675057
050100030401,2018,61.060720748,30.276404051,0.722145885
050100030401,2019,48.312465421,26.180074626,0.676727146
050100030402,2010,22.334719103,10.712898701,0.643038632
050100030402,2011,59.203894219,17.858819677,0.720478054
050100030402,2012,34.752276525,14.463614942,0.682596254
050100030402,2013,44.894573031,17.209482517,0.692701383
050100030402,2014,35.876811338,15.801526362,0.691944292
050100030402,2015,33.928068333,13.991832967,0.689620599
050100030402,2016,34.010612283,14.513568823,0.694745838
050100030402,2017,62.903492547,20.417064042,0.732939656
050100030402,2018,59.608828215,19.608353727,0.724318972
050100030402,2019,45.475333771,17.473697889,0.691097919
050100030403,2010,20.646612239,10.036727617,0.642047812
050100030403,2011,60.030932789,18.079032348,0.727204151
050100030403,2012,32.132562268,13.860170714,0.681736434
050100030403,2013,42.702373164,16.621039486,0.69853291
050100030403,2014,33.107907343,14.658251246,0.687320909
050100030403,2015,31.568173529,13.144881933,0.689227873
050100030403,2016,33.523393679,14.642401792,0.698893055
050100030403,2017,63.00369999,20.679277403,0.728121528
050100030403,2018,57.203512983,19.558265416,0.728754483
050100030403,2019,42.354720597,16.54427101,0.688583789
050100030404,2010,25.643506568,14.662923243,0.644621439
050100030404,2011,59.23627238,25.887224035,0.722428447
050100030404,2012,34.196451487,19.850409164,0.684011113
050100030404,2013,47.065221621,23.889754827,0.69648025
050100030404,2014,34.759651504,20.125453065,0.688658521
050100030404,2015,37.154218732,20.097546634,0.696739595
050100030404,2016,35.330761153,19.776624321,0.697657094
050100030404,2017,63.933682664,28.852911293,0.71533055
050100030404,2018,61.613124971,28.131008826,0.721567161
050100030404,2019,49.421546159,24.605096737,0.673170799
050100030405,2010,21.662119185,9.873108979,0.647039971
050100030405,2011,63.805822661,18.715478498,0.758182932
050100030405,2012,33.103219048,13.00720066,0.708237169
050100030405,2013,43.04200248,15.542258978,0.712774176
050100030405,2014,31.275553542,12.618912004,0.701026521
050100030405,2015,35.237081831,12.893988996,0.712154427
050100030405,2016,33.097615388,14.118839731,0.711312824
050100030405,2017,55.934815822,19.003763223,0.744683036
050100030405,2018,54.925277517,17.024302514,0.733186115
050100030405,2019,46.934723074,15.539148088,0.690869825
050100030406,2010,20.041302396,10.142752829,0.636873727
050100030406,2011,62.339699322,21.582637941,0.738111942
050100030406,2012,30.660305114,14.405974222,0.687914331
050100030406,2013,40.804156264,17.387130235,0.701023213
050100030406,2014,31.153142064,14.939176317,0.68747872
050100030406,2015,32.628729029,14.347346787,0.692088297
050100030406,2016,30.174214519,14.815026963,0.695228751
050100030406,2017,59.254053254,22.411948972,0.731646389
050100030406,2018,57.701853808,22.004557044,0.730005191
050100030406,2019,43.842161924,18.161592463,0.687008021
050100030501,2010,30.312621585,16.678358847,0.682476331
050100030501,2011,82.903776019,42.299205722,0.762954388
050100030501,2012,49.551239095,26.893317653,0.713897625
050100030501,2013,57.278073917,30.118767279,0.719343309
050100030501,2014,48.566970573,26.087180216,0.722012089
050100030501,2015,42.957333546,21.256471729,0.69407897
050100030501,2016,50.884587991,27.561310685,0.72527771
050100030501,2017,85.829724309,42.5767131,0.750923812
050100030501,2018,70.71586787,37.806498792,0.751857512
050100030501,2019,59.519220444,32.27424569,0.731119607
050100030502,2010,28.731503038,15.239750565,0.674045856
050100030502,2011,83.749971529,42.350287935,0.758704689
050100030502,2012,49.176561113,26.579931881,0.709992646
050100030502,2013,56.816261582,29.62907567,0.716630966
050100030502,2014,48.201543829,25.609249074,0.718488621
050100030502,2015,43.501434568,21.743431995,0.694387598
050100030502,2016,52.400902684,28.758877334,0.726491515
050100030502,2017,90.916653577,45.664225309,0.749938731
050100030502,2018,70.727257787,37.546258076,0.747302836
050100030502,2019,61.994850023,34.189605983,0.730335282
050100030503,2010,27.085502065,13.766725152,0.66922838
050100030503,2011,81.876978492,40.172230252,0.757680036
050100030503,2012,46.555955384,24.137492221,0.706501061
050100030503,2013,54.091538244,27.505974798,0.716003616
050100030503,2014,48.022142835,25.431312956,0.719356918
050100030503,2015,42.55724499,21.05721467,0.693712849
050100030503,2016,52.061255744,28.463063544,0.72863764
050100030503,2017,84.929112266,41.411145737,0.747498308
050100030503,2018,67.774268855,34.852406188,0.746525302
050100030503,2019,62.262627655,34.045279201,0.729962365
050100030601,2010,41.132719285,12.40473013,0.771751645
050100030601,2011,109.522430414,25.535225347,0.825951906
050100030601,2012,59.998529088,17.414944209,0.780122292
050100030601,2013,71.861672204,19.43034048,0.821925668
050100030601,2014,55.546374374,17.386140316,0.79784141
050100030601,2015,60.932751454,16.464289203,0.779021098
050100030601,2016,72.326676092,18.75766595,0.786173513
050100030601,2017,86.559276913,22.835017905,0.819772476
050100030601,2018,87.330613607,20.974787473,0.810038718
050100030601,2019,75.149504672,22.095778339,0.80458044
050100030602,2010,45.281648323,11.702093787,0.773357219
050100030602,2011,114.15409959,21.123313137,0.824292018
050100030602,2012,61.929224974,14.821172123,0.777914786
050100030602,2013,73.967131624,16.345832832,0.817596961
050100030602,2014,62.879777097,15.627888915,0.799453968
050100030602,2015,65.128966823,14.562202482,0.775003021
050100030602,2016,72.584923264,15.771623949,0.781910059
050100030602,2017,92.79013671,19.531989222,0.816023594
050100030602,2018,93.858458483,18.291039767,0.807725976
050100030602,2019,77.988533606,18.743227773,0.803042461
050100030603,2010,33.127635558,6.851173727,0.723812918
050100030603,2011,86.45073385,13.074876462,0.792630096
050100030603,2012,51.803080491,9.179612273,0.748868959
050100030603,2013,60.802737626,10.905820672,0.757650607
050100030603,2014,48.96492965,10.141318163,0.759573301
050100030603,2015,48.99009304,8.70455483,0.736009411
050100030603,2016,54.028503811,9.45101343,0.764206757
050100030603,2017,87.686163111,13.448494261,0.784267741
050100030603,2018,71.59228655,11.253550099,0.783715087
050100030603,2019,64.345450607,11.982998756,0.769056728
050100030604,2010,35.663186462,12.758978233,0.733098919
050100030604,2011,89.17903138,23.968102977,0.797580648
050100030604,2012,53.75832104,17.160004734,0.754466339
050100030604,2013,63.725029893,20.340368507,0.780747606
050100030604,2014,49.345182172,17.234369032,0.767363258
050100030604,2015,51.816930796,16.459264874,0.748032833
050100030604,2016,60.19685149,18.78792957,0.774034311
050100030604,2017,88.72156699,24.767254357,0.789492058
050100030604,2018,72.98182433,20.524194683,0.788477848
050100030604,2019,67.414664855,21.985019855,0.77610535
050100030605,2010,34.244176367,8.286658025,0.71821669
050100030605,2011,95.392524579,17.000963847,0.809548318
050100030605,2012,48.273795734,10.811482324,0.739794772
050100030605,2013,59.786276285,13.155714062,0.774632652
050100030605,2014,53.474132807,12.773903963,0.780124099
050100030605,2015,45.739185265,9.914664765,0.74872784
050100030605,2016,49.490925104,9.762431323,0.768847086
050100030605,2017,81.101089577,15.838771554,0.780918717
050100030605,2018,80.494691202,14.667766754,0.78942593
050100030605,2019,63.657121801,14.416553961,0.759585612
050100030606,2010,33.863072311,9.815446202,0.713408715
050100030606,2011,94.019588894,20.673848642,0.804827056
050100030606,2012,47.707244967,13.290344797,0.738069046
050100030606,2013,57.18677498,15.411488303,0.775111107
050100030606,2014,52.224575709,15.180928875,0.773672018
050100030606,2015,47.218659537,12.638416663,0.744231746
050100030606,2016,52.558301616,13.56764921,0.773151082
050100030606,2017,81.308390822,19.351884048,0.782641872
050100030606,2018,75.920808236,17.120409954,0.787956449
050100030606,2019,63.432247575,17.662994588,0.753852942
050100030701,2010,26.775625643,4.779654094,0.643504676
050100030701,2011,63.924500818,8.053039201,0.751763816
050100030701,2012,38.11466535,6.429518181,0.710498644
050100030701,2013,45.533187309,7.217264628,0.719127823
050100030701,2014,32.832629566,6.734293843,0.690519559
050100030701,2015,39.670213999,6.223284917,0.696993641
050100030701,2016,43.746783916,7.275487131,0.731824736
050100030701,2017,57.717553224,8.09601559,0.749950098
050100030701,2018,63.475122003,8.121232034,0.733872097
050100030701,2019,50.040344145,8.402971763,0.709720734
050100030702,2010,28.579770935,9.502353666,0.626391974
050100030702,2011,59.403255724,14.34678941,0.724490077
050100030702,2012,42.387237787,12.853979113,0.67260339
050100030702,2013,43.845512021,12.887539145,0.693490682
050100030702,2014,33.753607595,12.184289916,0.683433159
050100030702,2015,39.503671617,11.701024185,0.683661764
050100030702,2016,47.832870436,13.113816075,0.695686188
050100030702,2017,60.040859304,14.832076663,0.705805069
050100030702,2018,61.843395406,14.568416281,0.709819714
050100030702,2019,51.032082106,14.098992563,0.68813195
050100030703,2010,24.392646714,6.01882364,0.628477041
050100030703,2011,64.132197939,10.263320371,0.746455863
050100030703,2012,34.511685283,8.012794495,0.680566548
050100030703,2013,41.881218343,8.934055248,0.707817993
050100030703,2014,29.940082941,8.169092876,0.672868548
050100030703,2015,37.575078014,7.778315391,0.695164354
050100030703,2016,37.272984249,8.445494709,0.703236906
050100030703,2017,54.715166012,9.929320711,0.73271851
050100030703,2018,62.922095045,10.091155095,0.730270306
050100030703,2019,45.13783957,9.79457906,0.688412709
050100030801,2010,19.838467856,13.989346055,0.582560528
050100030801,2011,53.400655352,37.286734806,0.690389451
050100030801,2012,30.467952052,24.298222491,0.633686602
050100030801,2013,44.550105183,33.715571201,0.698316823
050100030801,2014,27.950913965,21.244875242,0.629258257
050100030801,2015,27.581912399,19.458643285,0.640076361
050100030801,2016,29.441971794,22.664136508,0.641647466
050100030801,2017,43.06731511,33.646361319,0.67782548
050100030801,2018,47.573127951,35.906998551,0.685925157
050100030801,2019,33.25482129,25.86448584,0.625769731
050100030802,2010,20.626653912,15.109109938,0.606316031
050100030802,2011,58.411053358,39.268313816,0.709155543
050100030802,2012,29.416503027,23.776288857,0.640278796
050100030802,2013,44.347835377,31.981227728,0.700150422
050100030802,2014,28.725341046,21.310462975,0.62617378
050100030802,2015,28.598865621,20.095440188,0.65931135
050100030802,2016,32.138743087,25.800421834,0.671673135
050100030802,2017,42.85164417,31.931927395,0.686844869
050100030802,2018,53.383420486,37.848533128,0.707104501
050100030802,2019,37.171537107,28.154734061,0.648512111
050100030803,2010,25.48972686,17.899765143,0.613782392
050100030803,2011,58.798217203,36.767790306,0.718225918
050100030803,2012,34.009539364,26.156213748,0.667630138
050100030803,2013,42.701298863,29.962664037,0.702904263
050100030803,2014,30.908364739,22.532689255,0.653763012
050100030803,2015,34.899441126,24.966755952,0.684036461
050100030803,2016,32.456896644,26.017389051,0.683445319
050100030803,2017,44.528305353,31.602826939,0.694774485
050100030803,2018,57.137454233,36.578737567,0.719214294
050100030803,2019,39.026608166,28.404148287,0.662467085
050100030804,2010,22.736305936,15.470458153,0.594281484
050100030804,2011,56.035672901,36.70297622,0.706711102
050100030804,2012,31.223572712,23.490066072,0.639937361
050100030804,2013,42.214365368,29.289225539,0.687547756
050100030804,2014,28.586330351,20.595806101,0.62389159
050100030804,2015,31.111345855,21.479691246,0.661323391
050100030804,2016,31.95613846,24.223626427,0.652635373
050100030804,2017,43.238997304,30.50639852,0.67887617
050100030804,2018,52.578575368,35.44737237,0.694890193
050100030804,2019,36.530103373,26.228599411,0.641272232
050100030901,2010,30.603030402,8.217264896,0.666697379
050100030901,2011,67.671328786,12.306209804,0.761439024
050100030901,2012,37.712743547,10.349081963,0.700437822
050100030901,2013,46.902017127,11.326632038,0.729724493
050100030901,2014,33.148340547,10.194637855,0.689517152
050100030901,2015,38.410432128,9.459302812,0.713741054
050100030901,2016,37.076905643,10.087871004,0.711371126
050100030901,2017,58.730915388,11.916241402,0.751122319
050100030901,2018,63.253912217,12.044235078,0.742858034
050100030901,2019,52.585635026,12.92009529,0.714685194
050100030902,2010,31.530884577,8.53482998,0.660650104
050100030902,2011,79.658520771,19.771747531,0.758953444
050100030902,2012,42.265545834,11.312389974,0.697923497
050100030902,2013,49.070222248,13.135972938,0.728348241
050100030902,2014,40.179720682,12.313372015,0.714400476
050100030902,2015,41.760244174,11.734358736,0.708322375
050100030902,2016,40.031652206,11.032660463,0.717233191
050100030902,2017,66.105159747,16.636725025,0.751842353
050100030902,2018,67.679260367,16.310987041,0.743122126
050100030902,2019,57.223861709,16.653424258,0.71882254
050100030903,2010,27.418483922,5.121622772,0.638228095
050100030903,2011,79.511010846,14.453830238,0.733670168
050100030903,2012,42.270128324,7.878611534,0.669342053
050100030903,2013,47.18766545,8.762631599,0.708297256
050100030903,2014,44.753350773,9.806741982,0.708465793
050100030903,2015,39.952039497,8.21852341,0.677553919
050100030903,2016,44.313555515,8.027974385,0.706978622
050100030903,2017,65.237069193,11.955555282,0.750258039
050100030903,2018,63.636049131,11.860800989,0.719007897
050100030903,2019,54.951057866,11.588654649,0.71095001
050100030904,2010,30.570891023,10.549450318,0.662950414
050100030904,2011,92.651801717,30.789425781,0.788429768
050100030904,2012,43.013692375,15.648979259,0.69479104
050100030904,2013,49.502402755,17.010965518,0.740682748
050100030904,2014,44.019494711,17.166020028,0.723830393
050100030904,2015,40.420690543,14.649266373,0.710625161
050100030904,2016,45.040777605,15.679109847,0.731662094
050100030904,2017,65.400159055,22.246002822,0.759873123
050100030904,2018,74.372118324,23.59464116,0.760486617
050100030904,2019,56.645294924,21.832405323,0.719117534
050100030905,2010,34.81494393,9.218867602,0.66148395
050100030905,2011,88.443976838,22.983086264,0.758807933
050100030905,2012,41.835824095,11.773168825,0.680276937
050100030905,2013,53.300535496,13.995068501,0.726172538
050100030905,2014,43.642046803,14.092996256,0.701122582
050100030905,2015,46.412406848,13.08228986,0.706134198
050100030905,2016,44.643526421,12.444438259,0.70798074
050100030905,2017,67.664912047,17.031303497,0.747477148
050100030905,2018,77.185442428,18.614471637,0.74320957
050100030905,2019,58.214422074,17.331528031,0.71176779
050100030906,2010,29.322612418,8.888989046,0.649505
050100030906,2011,67.475731639,17.454466573,0.759672901
050100030906,2012,45.422307905,13.29909621,0.717686974
050100030906,2013,50.656800373,13.685025063,0.75570675
050100030906,2014,36.459718326,11.127348814,0.723371567
050100030906,2015,38.936812342,11.524524215,0.705300532
050100030906,2016,41.603391641,10.507951559,0.731489179
050100030906,2017,57.769887469,14.419974969,0.759678756
050100030906,2018,62.685451059,15.849014481,0.756999937
050100030906,2019,53.458801396,16.291224314,0.710510907
050100030907,2010,30.206150733,8.768790166,0.643142833
050100030907,2011,76.73021792,20.017742809,0.756191214
050100030907,2012,44.239097605,12.479342987,0.692815618
050100030907,2013,48.707811829,13.304529526,0.730125974
050100030907,2014,37.895056165,12.862045989,0.691906819
050100030907,2015,44.552367998,12.846567748,0.708802637
050100030907,2016,43.782419647,11.52151667,0.715051409
050100030907,2017,61.79144265,16.17566059,0.744394241
050100030907,2018,76.635677158,18.99519951,0.756698926
050100030907,2019,53.16784702,17.172796216,0.698138599
050100030908,2010,24.320742691,6.053195089,0.614383495
050100030908,2011,56.939323975,9.354925257,0.722867438
050100030908,2012,33.63929217,7.800686928,0.669790302
050100030908,2013,46.528641467,9.492481562,0.713809593
050100030908,2014,33.042702876,8.702836856,0.692545474
050100030908,2015,31.230367076,7.179123327,0.666506473
050100030908,2016,35.063028936,7.964185089,0.686501052
050100030908,2017,46.52650133,8.659283464,0.718047396
050100030908,2018,56.055086931,9.723018671,0.711814223
050100030908,2019,45.51296516,10.003401169,0.684780013
050100030909,2010,31.023057484,8.525552589,0.647905172
050100030909,2011,66.04459942,16.305228763,0.746638254
050100030909,2012,47.725222313,11.788703646,0.711138016
050100030909,2013,47.695352881,12.373959603,0.726619402
050100030909,2014,42.598396375,12.495228895,0.725465367
050100030909,2015,39.489370241,10.818607732,0.689802017
050100030909,2016,46.0697128,10.350360431,0.728217738
050100030909,2017,59.784421082,14.377272229,0.761338288
050100030909,2018,65.02391276,16.247926266,0.734365956
050100030909,2019,55.354188016,16.191909398,0.720503536
050100040101,2010,63.52221433,23.898902669,0.788845012
050100040101,2011,89.08556724,34.306867165,0.791340783
050100040101,2012,67.094764747,25.348075864,0.763653138
050100040101,2013,80.036400477,30.466873343,0.785022018
050100040101,2014,58.49566909,24.15587705,0.8043139
050100040101,2015,65.461364644,25.034894951,0.796620687
050100040101,2016,57.037149962,23.762911846,0.751066585
050100040101,2017,91.068691566,32.625689931,0.810418852
050100040101,2018,83.372570548,32.822864793,0.797808152
050100040101,2019,64.136130765,25.619679745,0.786931962
050100040102,2010,64.300413901,23.68428212,0.784057841
050100040102,2011,91.049561148,34.094401447,0.785971249
050100040102,2012,66.253258354,25.199513625,0.760061835
050100040102,2013,79.753546095,30.270275399,0.779923954
050100040102,2014,60.550297697,23.988537437,0.799723922
050100040102,2015,65.879742295,24.835294293,0.79151264
050100040102,2016,58.974664356,23.624880375,0.747415564
050100040102,2017,89.694878756,32.414978629,0.804414066
050100040102,2018,87.282771512,32.618575359,0.794800951
050100040102,2019,63.720379427,25.448568595,0.780740941
050100040103,2010,62.743967518,23.72404925,0.786284141
050100040103,2011,90.601065429,34.210941136,0.788625263
050100040103,2012,63.418742393,25.236868203,0.759233695
050100040103,2013,79.858157346,30.331718985,0.784249113
050100040103,2014,59.354185102,24.070763053,0.802752916
050100040103,2015,65.002267506,24.891509025,0.793858782
050100040103,2016,59.763615328,23.691692911,0.750239042
050100040103,2017,88.828349372,32.460577279,0.807299769
050100040103,2018,85.314297176,32.71244017,0.796378188
050100040103,2019,64.13742926,25.530329587,0.783798972
050100040201,2010,48.151341551,24.634166558,0.779443939
050100040201,2011,113.559204349,50.409219115,0.824155229
050100040201,2012,59.114310973,30.122204304,0.766995589
050100040201,2013,76.840494077,36.832297749,0.821790984
050100040201,2014,60.297925287,31.693392414,0.798902811
050100040201,2015,62.948279242,31.361193028,0.787805509
050100040201,2016,76.408553057,35.849034492,0.779858472
050100040201,2017,93.221374774,43.418200628,0.818202323
050100040201,2018,92.68147222,41.920485512,0.809964433
050100040201,2019,77.161161043,37.420085244,0.803071228
050100040202,2010,46.411464409,22.611000339,0.773648231
050100040202,2011,118.464248847,48.77827278,0.824018002
050100040202,2012,61.340795354,28.942339196,0.769571086
050100040202,2013,80.70927499,35.32556358,0.823104854
050100040202,2014,62.797056368,30.284305927,0.799882047
050100040202,2015,65.234898161,30.065583051,0.788061954
050100040202,2016,80.978743584,34.550352739,0.782649388
050100040202,2017,95.732448033,41.637963026,0.818938199
050100040202,2018,96.060533772,40.446452134,0.810025693
050100040202,2019,79.28821443,35.758158548,0.803722342
050100040303,2010,54.849151811,16.391505387,0.765819106
050100040303,2011,95.025882117,26.24099322,0.783544749
050100040303,2012,55.686281986,18.838749085,0.744470485
050100040303,2013,75.337355728,21.55490191,0.772459372
050100040303,2014,51.268849744,16.916026317,0.775270319
050100040303,2015,59.768907789,18.38077335,0.77367205
050100040303,2016,59.59531232,19.050842744,0.742864282
050100040303,2017,83.1694135,23.376544826,0.796328801
050100040303,2018,83.490044227,24.934694211,0.774478589
050100040303,2019,61.760337603,20.563136608,0.76992679
050100040304,2010,49.239162582,18.61539041,0.770333607
050100040304,2011,102.66354398,36.851830186,0.805030077
050100040304,2012,58.136361194,23.220611095,0.753318503
050100040304,2013,75.987792957,27.413991004,0.794979464
050100040304,2014,57.64959014,23.044309875,0.788307078
050100040304,2015,62.153685749,23.253641038,0.784466492
050100040304,2016,66.473135338,25.249503136,0.753694662
050100040304,2017,85.115279279,30.782298998,0.806258414
050100040304,2018,85.850182832,31.432048476,0.79300565
050100040304,2019,70.90500283,26.77277612,0.790235674
050100040401,2010,44.094670085,21.452904799,0.762303655
050100040401,2011,87.191502391,43.343103489,0.785569283
050100040401,2012,55.851997204,27.573964369,0.745515718
050100040401,2013,70.356019717,34.012812203,0.772881607
050100040401,2014,49.026097983,26.181024319,0.769056727
050100040401,2015,58.115636149,28.261416687,0.776361204
050100040401,2016,55.974684808,30.374612047,0.733100889
050100040401,2017,72.129715461,35.321600182,0.790448289
050100040401,2018,71.78074035,35.826105274,0.766801783
050100040401,2019,59.401031286,31.03978443,0.767335436
050100040402,2010,48.880310813,22.125557693,0.756621891
050100040402,2011,97.808598102,44.102009386,0.783947558
050100040402,2012,58.161805578,27.701877883,0.736435685
050100040402,2013,80.115089123,35.507208263,0.780675764
050100040402,2014,57.071686873,27.558624527,0.766020304
050100040402,2015,63.851102703,28.858736314,0.771376427
050100040402,2016,63.251053103,30.17793983,0.732542981
050100040402,2017,77.956238379,35.680670292,0.779981954
050100040402,2018,80.238128339,36.090822681,0.76061323
050100040402,2019,73.418668182,33.131351465,0.775372044
050100040501,2010,44.400003706,21.836413594,0.766110086
050100040501,2011,106.672747248,47.399644247,0.817592928
050100040501,2012,63.008744686,29.875883635,0.780427162
050100040501,2013,70.817524173,33.357773426,0.807344852
050100040501,2014,47.813636825,24.797704854,0.77357301
050100040501,2015,62.453341213,30.602212598,0.771044961
050100040501,2016,70.479916693,33.593420955,0.78186985
050100040501,2017,88.409707057,40.340599637,0.803616025
050100040501,2018,79.766837253,35.869120355,0.80117531
050100040501,2019,74.254231944,36.167520108,0.787147887
050100040502,2010,45.611575774,26.813352379,0.769174475
050100040502,2011,113.287114766,56.195300064,0.822440533
050100040502,2012,65.431641646,36.081136591,0.780150115
050100040502,2013,75.867527065,41.304750497,0.814055214
050100040502,2014,51.930201324,31.096979833,0.782047758
050100040502,2015,67.639846377,37.823894093,0.781796388
050100040502,2016,77.029586684,41.486544729,0.785828767
050100040502,2017,93.436645261,49.595677168,0.811578635
050100040502,2018,84.420148823,43.556175413,0.807483733
050100040502,2019,78.482534261,43.854201803,0.794566246
050100040601,2010,34.838777139,14.076723107,0.721817732
050100040601,2011,86.044685409,31.788764416,0.777221321
050100040601,2012,46.561686432,17.316644809,0.73774935
050100040601,2013,76.437791283,27.206851984,0.782364613
050100040601,2014,50.1046149,19.746787506,0.771311168
050100040601,2015,55.995358456,20.986422719,0.761402524
050100040601,2016,59.589738877,23.564905315,0.745296034
050100040601,2017,70.871087513,26.559157747,0.762252954
050100040601,2018,68.67794741,25.602062989,0.757338036
050100040601,2019,62.386419991,23.842921973,0.760960152
050100040602,2010,22.773575493,4.928600965,0.65747029
050100040602,2011,74.88783044,14.370225529,0.738216046
050100040602,2012,35.215270356,8.357389233,0.682923806
050100040602,2013,53.848122248,10.041052094,0.740929052
050100040602,2014,31.99893853,6.77244281,0.723656838
050100040602,2015,42.811628844,7.478684875,0.72037762
050100040602,2016,47.567277999,11.256917644,0.716135427
050100040602,2017,56.005965833,11.175668204,0.724247136
050100040602,2018,56.202869584,11.755023258,0.72600026
050100040602,2019,49.512934865,10.741024077,0.724090243
050100040603,2010,33.753592574,9.338233305,0.714110278
050100040603,2011,85.004928952,20.388437729,0.771120549
050100040603,2012,43.664606089,12.521905572,0.727083906
050100040603,2013,64.080279905,16.146257086,0.787292752
050100040603,2014,41.773338666,11.730014328,0.759691729
050100040603,2015,54.975929026,13.459951757,0.757571352
050100040603,2016,64.695440603,17.189536737,0.75916801
050100040603,2017,70.664377729,17.818895609,0.763092607
050100040603,2018,67.269610805,17.214721052,0.762349075
050100040603,2019,61.624139456,16.560541723,0.755342806
050100040701,2010,27.711634012,9.848428223,0.705579265
050100040701,2011,73.713878458,22.657062459,0.768609848
050100040701,2012,36.465579996,13.542131954,0.714385017
050100040701,2013,56.422016393,18.808500869,0.79297169
050100040701,2014,29.851143011,11.678784573,0.736405188
050100040701,2015,42.92566109,13.520697577,0.747762367
050100040701,2016,53.600934005,17.342470956,0.75952638
050100040701,2017,57.731285744,18.144828009,0.762757
050100040701,2018,55.135676518,18.317252623,0.752682204
050100040701,2019,49.962905828,17.192169907,0.73824672
050100040702,2010,33.508651531,13.242971363,0.728807776
050100040702,2011,84.339736162,30.391367316,0.784166105
050100040702,2012,45.775138826,17.629230269,0.73646205
050100040702,2013,69.568437514,24.327886168,0.805739861
050100040702,2014,38.089440749,15.81812979,0.761430788
050100040702,2015,50.379403315,18.7019441,0.7570885
050100040702,2016,65.895589238,24.139209727,0.775096718
050100040702,2017,68.671345829,24.799329798,0.77580126
050100040702,2018,65.30324998,23.767187418,0.772952113
050100040702,2019,59.205269435,22.682830449,0.750800873
050100040703,2010,33.744680424,13.242201717,0.744517156
050100040703,2011,89.411858553,30.064727622,0.800122206
050100040703,2012,52.030818538,17.760248022,0.766555765
050100040703,2013,71.123621341,23.800503503,0.822249153
050100040703,2014,42.762203262,16.437637318,0.785600422
050100040703,2015,52.747097446,19.124513209,0.778159723
050100040703,2016,65.107254686,23.419565266,0.787832223
050100040703,2017,75.416155152,24.858185465,0.792735621
050100040703,2018,75.558942121,23.90189978,0.809828065
050100040703,2019,57.370912393,22.044361328,0.752256568
050100040801,2010,24.748214668,9.64274892,0.615247027
050100040801,2011,57.582829943,15.301522211,0.692040765
050100040801,2012,37.080395626,13.373665511,0.662728752
050100040801,2013,40.183921109,13.457159489,0.678889106
050100040801,2014,29.800454232,11.781850593,0.647894259
050100040801,2015,30.479251368,10.777351713,0.656803175
050100040801,2016,38.676750263,12.530701656,0.672252789
050100040801,2017,48.154474166,15.230509782,0.683869581
050100040801,2018,51.790186209,15.259909594,0.68717609
050100040801,2019,37.690929517,13.605416513,0.654250463
050100040802,2010,24.895813774,8.58967816,0.624014262
050100040802,2011,65.342397509,15.838689743,0.71637569
050100040802,2012,38.113972313,11.735405558,0.675572723
050100040802,2013,45.850809376,13.269718674,0.707274023
050100040802,2014,35.051923599,12.062433777,0.681529214
050100040802,2015,34.058885908,10.744085168,0.670236427
050100040802,2016,43.253742998,12.018432732,0.69067057
050100040802,2017,54.553928235,14.905235108,0.709734186
050100040802,2018,57.618460788,14.939996723,0.704677458
050100040802,2019,43.551310654,13.532844695,0.689657878
050100040803,2010,22.28500185,5.892992646,0.624097731
050100040803,2011,66.812992792,12.801678314,0.728992492
050100040803,2012,33.451504657,7.916468903,0.67523506
050100040803,2013,43.566464171,9.57972552,0.715997162
050100040803,2014,35.0033987,9.425615604,0.697120198
050100040803,2015,31.745874579,7.871985518,0.672242732
050100040803,2016,38.475356654,8.496714237,0.694137853
050100040803,2017,55.189435513,11.389722241,0.718486888
050100040803,2018,54.197406564,10.828427049,0.706498139
050100040803,2019,43.674285572,10.193787026,0.702985961
050100040804,2010,22.818779328,6.195871644,0.626775529
050100040804,2011,65.211330322,12.951555991,0.726496027
050100040804,2012,34.02944513,8.171581666,0.675512576
050100040804,2013,44.293664675,9.879388384,0.716504765
050100040804,2014,34.899781091,9.588534312,0.696170758
050100040804,2015,32.632573248,8.167795751,0.674088634
050100040804,2016,40.941829847,8.964193339,0.696937701
050100040804,2017,53.205337237,11.53626135,0.717762807
050100040804,2018,54.306360182,11.218737125,0.707638084
050100040804,2019,42.587992448,10.399524296,0.702624791
050100040805,2010,21.561907773,6.220900186,0.621865423
050100040805,2011,71.928078061,13.557372058,0.732827072
050100040805,2012,34.473423344,8.46683168,0.681352564
050100040805,2013,43.970668918,10.151277812,0.718168531
050100040805,2014,35.824402411,9.96442953,0.698953339
050100040805,2015,31.327729574,8.310269308,0.670547397
050100040805,2016,37.128005393,8.639293348,0.691230962
050100040805,2017,52.784515505,11.649811494,0.71844094
050100040805,2018,57.960780589,11.450124341,0.708939142
050100040805,2019,44.860425779,10.643337299,0.704679526
050100040806,2010,28.433184139,11.647100019,0.614115908
050100040806,2011,66.157560085,16.668781849,0.693091268
050100040806,2012,41.913932714,15.065799309,0.663622813
050100040806,2013,45.116009097,15.540540883,0.679229687
050100040806,2014,33.086292662,13.17594815,0.646322156
050100040806,2015,33.588562008,12.533461028,0.656432228
050100040806,2016,42.11237787,14.190292711,0.670531654
050100040806,2017,52.941672708,16.951249298,0.683100506
050100040806,2018,58.37600392,17.12232352,0.687798643
050100040806,2019,40.593497181,14.630300266,0.650039417
050100040807,2010,21.137668455,8.684959399,0.640458788
050100040807,2011,63.063918841,16.054584443,0.740518628
050100040807,2012,32.264702514,11.631469566,0.679701194
050100040807,2013,41.130903584,13.573990701,0.723593576
050100040807,2014,31.336038656,12.036465051,0.692527692
050100040807,2015,29.279176795,10.58378819,0.681117611
050100040807,2016,33.790951076,11.238661117,0.686178013
050100040807,2017,44.517923475,13.807837709,0.715732663
050100040807,2018,53.902618069,14.751848684,0.717327276
050100040807,2019,38.667947929,13.203776123,0.682724548
050100040901,2010,40.263409435,26.642485849,0.76217745
050100040901,2011,105.020518141,57.468101332,0.813894875
050100040901,2012,56.886433998,34.882965135,0.765724847
050100040901,2013,71.949020223,42.951867586,0.818328519
050100040901,2014,55.720799333,36.202633351,0.793398294
050100040901,2015,61.026472339,37.437164231,0.786758862
050100040901,2016,70.603925956,42.169683253,0.776523721
050100040901,2017,85.024594915,49.442836603,0.805444161
050100040901,2018,79.780560264,45.899735023,0.80009279
050100040901,2019,71.577325694,43.387714414,0.794381247
050100040902,2010,39.602637475,22.247311585,0.747374441
050100040902,2011,93.038039287,48.661939382,0.788556737
050100040902,2012,49.932914787,26.61310941,0.74574968
050100040902,2013,71.897896503,37.677269957,0.793222568
050100040902,2014,52.939169515,29.988557714,0.777346311
050100040902,2015,58.513501464,31.060903167,0.778937819
050100040902,2016,63.437487851,34.457288595,0.761826447
050100040902,2017,75.29421516,40.572145778,0.779719657
050100040902,2018,74.703229197,38.635743731,0.770657541
050100040902,2019,70.694908376,36.677107183,0.779464519
050100040903,2010,43.268036812,29.955865022,0.74525216
050100040903,2011,94.089993725,57.646475649,0.785543437
050100040903,2012,53.951248999,35.213585869,0.751509042
050100040903,2013,83.592053924,51.834159494,0.79857307
050100040903,2014,58.205382996,39.967344711,0.775733812
050100040903,2015,63.461334836,40.822893574,0.777250929
050100040903,2016,68.439091415,44.116952617,0.756993581
050100040903,2017,77.835708094,49.488668126,0.776929756
050100040903,2018,76.963486769,47.737841158,0.772928159
050100040903,2019,72.293556744,45.718095376,0.779598678
050100040904,2010,37.926636004,20.410059705,0.749624984
050100040904,2011,95.02314377,45.997383504,0.797691875
050100040904,2012,49.228272207,25.155825379,0.754876677
050100040904,2013,71.780965384,34.318868584,0.812736072
050100040904,2014,47.007283059,25.366102775,0.774566538
050100040904,2015,62.002592319,30.754617655,0.781477213
050100040904,2016,66.196605594,33.920901931,0.77109739
050100040904,2017,80.685314694,40.006466291,0.790664711
050100040904,2018,70.745452539,33.992989375,0.784861527
050100040904,2019,66.058964361,33.610881776,0.777119772
050100040905,2010,41.799409525,22.16285495,0.750873613
050100040905,2011,99.479813647,44.52558929,0.804516658
050100040905,2012,55.203857442,27.11170204,0.764882419
050100040905,2013,70.13328066,33.950370258,0.805151293
050100040905,2014,43.506573857,23.967105542,0.766295854
050100040905,2015,58.832980162,29.281949913,0.770186321
050100040905,2016,66.305006762,32.281400623,0.777170847
050100040905,2017,84.969148217,40.001228796,0.793595054
050100040905,2018,74.306256757,34.05113339,0.801504621
050100040905,2019,70.493949629,34.557655809,0.778433598
050100040906,2010,37.843678135,16.397745339,0.73843147
050100040906,2011,90.600671289,33.053650595,0.793712361
050100040906,2012,54.403744998,22.474780696,0.758184619
050100040906,2013,71.187961206,28.577492692,0.804691392
050100040906,2014,43.976939762,19.295144684,0.764339109
050100040906,2015,54.224543034,22.423131994,0.763341958
050100040906,2016,70.583061885,27.993600171,0.784636116
050100040906,2017,77.104851011,29.9657634,0.785704122
050100040906,2018,75.866950466,29.152238332,0.797751587
050100040906,2019,63.964832707,26.454695815,0.755806597
050100040907,2010,36.347392691,13.795925015,0.761231259
050100040907,2011,88.461925877,26.541753529,0.802814468
050100040907,2012,53.518395174,18.874296344,0.770724037
050100040907,2013,61.573291477,22.232860378,0.800447866
050100040907,2014,40.605832475,15.86682037,0.767177787
050100040907,2015,47.771747213,18.275683816,0.766367117
050100040907,2016,60.845191282,21.511808778,0.791591231
050100040907,2017,72.518173202,23.827979582,0.798315305
050100040907,2018,76.644556555,25.412815003,0.808492099
050100040907,2019,53.38151654,20.242164412,0.745764504
050100040908,2010,23.38108003,8.603818887,0.670219487
050100040908,2011,69.657494675,17.951715101,0.746775362
050100040908,2012,37.666297267,12.650662748,0.697882593
050100040908,2013,47.181132553,15.441115161,0.741286866
050100040908,2014,32.254628192,10.468528776,0.694886723
050100040908,2015,32.176339146,11.279283347,0.694370106
050100040908,2016,35.533843526,11.68298767,0.711217426
050100040908,2017,53.055058349,15.109151728,0.730236948
050100040908,2018,66.284493144,18.238775928,0.761972591
050100040908,2019,40.319101434,13.088351949,0.689528175
050100040909,2010,34.823183079,11.446022527,0.709558561
050100040909,2011,88.128904765,22.929643522,0.779416282
050100040909,2012,49.263259143,15.679216797,0.732456351
050100040909,2013,61.949660246,19.619682029,0.775758759
050100040909,2014,41.664036015,14.320875833,0.731066121
050100040909,2015,45.883887093,15.669605645,0.731541607
050100040909,2016,50.035495093,16.269328318,0.748639692
050100040909,2017,67.985318463,19.678530842,0.763572758
050100040909,2018,81.986683698,22.298854436,0.785152183
050100040909,2019,54.964321467,17.63778066,0.726531603
050100050101,2010,45.045007153,19.870119115,0.722833345
050100050101,2011,78.772422508,32.455247735,0.764354382
050100050101,2012,48.419268847,22.773928045,0.738604099
050100050101,2013,63.492524064,26.553555412,0.743548222
050100050101,2014,55.013502917,26.003617909,0.750872008
050100050101,2015,49.599992895,23.44418728,0.753184404
050100050101,2016,58.358230399,26.908201434,0.764270894
050100050101,2017,87.370965246,35.836955628,0.774406226
050100050101,2018,87.024489361,36.784486827,0.783879359
050100050101,2019,69.250598513,30.436030042,0.755436789
050100050102,2010,44.26914969,8.970115803,0.753639981
050100050102,2011,79.716057427,12.649342924,0.798079415
050100050102,2012,50.314216349,10.126814675,0.762875905
050100050102,2013,55.818565654,10.458859931,0.773851668
050100050102,2014,58.130442044,11.2865319,0.798811077
050100050102,2015,50.958387501,10.03234232,0.781407803
050100050102,2016,62.213879679,11.645244881,0.804608486
050100050102,2017,86.053104085,13.169858127,0.803147759
050100050102,2018,86.589235708,13.140568794,0.811166597
050100050102,2019,71.581909959,11.91880486,0.798077498
050100050201,2010,43.420382704,20.492194252,0.742610026
050100050201,2011,71.774696254,29.064065949,0.765399059
050100050201,2012,49.192006762,24.553381863,0.755703729
050100050201,2013,65.777315023,27.704048231,0.757630047
050100050201,2014,60.384698974,27.48460031,0.763349919
050100050201,2015,51.395008908,24.422256674,0.772326694
050100050201,2016,57.981411785,26.991970072,0.777535353
050100050201,2017,92.138852693,35.029932127,0.790513942
050100050201,2018,94.048778992,36.193378337,0.797798078
050100050201,2019,73.590191695,30.886342292,0.77034134
050100050202,2010,40.931515819,17.406428176,0.721436818
050100050202,2011,72.434730677,24.991576417,0.750242358
050100050202,2012,47.338737721,21.161304749,0.743532008
050100050202,2013,65.056739044,24.163062887,0.746774681
050100050202,2014,55.494063344,23.58959596,0.750868477
050100050202,2015,49.911847727,21.03497189,0.757230221
050100050202,2016,56.441740217,23.456041635,0.764634221
050100050202,2017,89.590948579,30.260295259,0.779483317
050100050202,2018,91.212519477,31.168458583,0.78599205
050100050202,2019,69.933654956,26.481602943,0.75330444
050100050203,2010,41.856818084,9.807645469,0.736667533
050100050203,2011,71.83464964,12.919194824,0.769326369
050100050203,2012,48.250304982,11.216405461,0.745647143
050100050203,2013,59.755256293,11.741685007,0.753896947
050100050203,2014,52.858044951,12.075541937,0.764216338
050100050203,2015,48.992616948,11.026614913,0.754147827
050100050203,2016,59.351584019,12.475840085,0.77809453
050100050203,2017,87.829900308,14.336856581,0.77767265
050100050203,2018,80.551515464,13.848902117,0.785122284
050100050203,2019,67.905531164,12.907773166,0.763884321
050100050301,2010,46.43086562,7.722349413,0.693529271
050100050301,2011,80.706309456,10.249920182,0.737752161
050100050301,2012,43.538845011,8.310382886,0.697324036
050100050301,2013,55.219839138,8.870046732,0.713739977
050100050301,2014,52.819775638,9.224812538,0.728279128
050100050301,2015,52.606109595,8.653380039,0.706682353
050100050301,2016,57.995071917,9.421912831,0.732465816
050100050301,2017,77.093445857,10.187415575,0.732552384
050100050301,2018,85.61899807,10.600859268,0.753401515
050100050301,2019,70.461305125,9.834334796,0.7299327
050100050302,2010,42.326979294,7.147486392,0.691974967
050100050302,2011,73.427667041,9.649078481,0.736261922
050100050302,2012,39.444682603,7.705159921,0.695884599
050100050302,2013,51.998308488,8.42898524,0.713163099
050100050302,2014,48.845416089,8.703130455,0.727473437
050100050302,2015,47.277020293,8.038939445,0.704395876
050100050302,2016,53.168412851,8.718343471,0.73108396
050100050302,2017,73.130699112,9.767359783,0.731953159
050100050302,2018,79.971404877,9.971928841,0.751430145
050100050302,2019,64.532389658,9.178665045,0.726179475
050100050401,2010,46.820303113,8.005037236,0.744843681
050100050401,2011,73.4423604,9.955695397,0.775970676
050100050401,2012,47.113028766,8.971962456,0.750305523
050100050401,2013,59.701434441,9.346971485,0.770092537
050100050401,2014,51.932964097,9.307459646,0.770044165
050100050401,2015,48.758564123,8.60216215,0.743224695
050100050401,2016,50.83989477,9.013691232,0.764825188
050100050401,2017,78.338016544,10.013367904,0.774435668
050100050401,2018,85.72276809,10.37741515,0.785436362
050100050401,2019,68.984351183,9.473199362,0.762414047
050100050402,2010,49.779995624,10.016657825,0.762281435
050100050402,2011,76.129864725,12.907019837,0.789040363
050100050402,2012,46.19923852,10.499576733,0.76087017
050100050402,2013,63.439357829,11.594283,0.777161077
050100050402,2014,50.543714429,11.116339908,0.779323541
050100050402,2015,50.087214742,10.344918025,0.755768125
050100050402,2016,52.496568111,10.867601351,0.769018748
050100050402,2017,76.41852433,12.484790585,0.78252253
050100050402,2018,83.599509345,12.983769233,0.787435791
050100050402,2019,70.089002404,11.845939898,0.769638042
050100050403,2010,46.629649571,9.26155563,0.757260295
050100050403,2011,77.347734242,12.922973504,0.793372252
050100050403,2012,46.828333824,10.244561109,0.761372143
050100050403,2013,62.510455043,11.286166588,0.778602069
050100050403,2014,52.134351099,11.106814239,0.781553308
050100050403,2015,48.661883421,9.950416541,0.755889871
050100050403,2016,52.050046291,10.639766412,0.771585364
050100050403,2017,76.829186398,12.355314425,0.784857774
050100050403,2018,86.390662369,13.06501359,0.792293054
050100050403,2019,69.117050248,11.569523549,0.77129785
050100050404,2010,38.786954166,7.5044207,0.72743417
050100050404,2011,72.152896099,10.759773044,0.780524426
050100050404,2012,41.704147073,8.794286019,0.743896557
050100050404,2013,55.623535736,9.503490388,0.763868149
050100050404,2014,46.988666565,9.225168981,0.763582049
050100050404,2015,43.876756576,8.463286803,0.737153784
050100050404,2016,47.536077048,8.862787678,0.760597305
050100050404,2017,69.712800931,10.173483976,0.774089056
050100050404,2018,84.480460447,11.107065892,0.779184044
050100050404,2019,61.116599645,9.529866211,0.751754017
050100050405,2010,38.662776411,10.449963152,0.710909663
050100050405,2011,69.528481709,15.232015423,0.764845277
050100050405,2012,43.74034836,12.606237862,0.728525131
050100050405,2013,55.336590513,13.929736443,0.752089941
050100050405,2014,48.751691565,12.922175339,0.75368874
050100050405,2015,42.06289526,11.711240728,0.71780675
050100050405,2016,43.97537447,12.0459912,0.747380503
050100050405,2017,72.598841514,14.383446709,0.761818234
050100050405,2018,80.697891894,15.615541331,0.772504447
050100050405,2019,63.713079607,13.494767685,0.742402718
050100050501,2010,39.119036456,10.213170142,0.722231879
050100050501,2011,75.065256399,13.461214213,0.762173272
050100050501,2012,48.684278693,11.904201737,0.74061796
050100050501,2013,60.60946265,12.528438602,0.754097483
050100050501,2014,49.710710444,11.904015205,0.749041597
050100050501,2015,47.496484208,11.436849098,0.743810563
050100050501,2016,53.267320721,12.192497164,0.766458331
050100050501,2017,86.05939857,13.608437108,0.772243962
050100050501,2018,85.865025305,13.554133904,0.772155005
050100050501,2019,66.896624244,12.215111825,0.747444798
050100050502,2010,39.338676689,9.841777797,0.717051407
050100050502,2011,74.456958027,12.916226694,0.758325466
050100050502,2012,45.747423035,11.142452003,0.732109925
050100050502,2013,58.079601664,11.887605101,0.748306184
050100050502,2014,47.575146213,11.226409262,0.743342997
050100050502,2015,46.052414577,10.802087973,0.738398769
050100050502,2016,53.90030567,11.730973433,0.76031736
050100050502,2017,82.777394086,12.987057204,0.765821497
050100050502,2018,82.145362588,12.8167369,0.766083627
050100050502,2019,67.079090369,11.604030386,0.739196579
050100050601,2010,40.660674411,8.229472742,0.707123159
050100050601,2011,72.200255195,11.113538543,0.753876788
050100050601,2012,47.04090053,9.381904482,0.720978227
050100050601,2013,50.69124521,9.530913295,0.728245601
050100050601,2014,51.160057679,9.983564117,0.75441872
050100050601,2015,47.156090495,9.250070067,0.728252195
050100050601,2016,57.54428116,10.311367728,0.763911022
050100050601,2017,79.129716548,11.401452269,0.759759134
050100050601,2018,75.61616814,10.935822317,0.768347178
050100050601,2019,65.888256872,10.613158175,0.747567893
050100050602,2010,37.000691482,7.332138139,0.68648427
050100050602,2011,71.247483101,9.780656672,0.73972841
050100050602,2012,44.548496787,8.669896844,0.708095853
050100050602,2013,58.994319991,9.297136088,0.725976814
050100050602,2014,47.014572604,9.008432927,0.728491099
050100050602,2015,44.265910392,8.398318747,0.711827987
050100050602,2016,52.674233346,9.113494805,0.738963651
050100050602,2017,81.52712636,10.58611818,0.742639922
050100050602,2018,74.568051937,9.942572359,0.745852474
050100050602,2019,64.428024446,9.258097012,0.719624581
050100050603,2010,36.429771387,11.816337997,0.698902941
050100050603,2011,70.693910228,15.287172666,0.75188285
050100050603,2012,41.047903529,12.887698335,0.71240992
050100050603,2013,56.589125662,14.104278359,0.744310527
050100050603,2014,44.615057011,13.271012307,0.737138906
050100050603,2015,45.010254386,12.882446949,0.717299237
050100050603,2016,52.05662107,13.816316419,0.746656404
050100050603,2017,78.812080528,15.208621606,0.748535971
050100050603,2018,75.273998115,14.892839363,0.753860075
050100050603,2019,64.865717819,14.3140231,0.725727283
050100050604,2010,37.303748006,8.338098634,0.706515413
050100050604,2011,72.039739226,11.08468905,0.756606844
050100050604,2012,39.909574005,9.176959362,0.723273603
050100050604,2013,55.894613544,10.396419774,0.746969566
050100050604,2014,44.127812928,9.781986603,0.745724116
050100050604,2015,44.108314751,9.444406156,0.728146042
050100050604,2016,50.712086251,10.12597222,0.755439081
050100050604,2017,74.800393059,11.238989266,0.7573168
050100050604,2018,78.702817457,11.306341777,0.76662834
050100050604,2019,64.808838228,10.427919501,0.734782746
050100050605,2010,40.858164872,7.046008155,0.716425232
050100050605,2011,81.47449183,9.496031559,0.766906782
050100050605,2012,52.029539413,8.382630658,0.730834646
050100050605,2013,64.385998249,9.251557608,0.765301303
050100050605,2014,48.902044422,8.356345188,0.754170003
050100050605,2015,49.528496842,8.273018548,0.738859939
050100050605,2016,55.700525526,8.742414968,0.76225743
050100050605,2017,85.043091771,9.266984131,0.765281434
050100050605,2018,91.047164729,9.884400195,0.782256166
050100050605,2019,75.144864154,8.689029651,0.745795237
050100050606,2010,41.874080279,8.473845175,0.733096176
050100050606,2011,83.861975613,12.034568538,0.780495084
050100050606,2012,53.863753479,10.088509105,0.749138683
050100050606,2013,64.223673638,10.948487685,0.769075319
050100050606,2014,47.510843817,9.437381099,0.757875052
050100050606,2015,53.996474263,10.109984181,0.760486866
050100050606,2016,56.456682023,10.493569389,0.776507725
050100050606,2017,88.986752371,11.897415216,0.7822151
050100050606,2018,89.284905946,12.277333241,0.792790055
050100050606,2019,69.029646989,10.103131271,0.747133859
050100050607,2010,42.425944544,7.961207631,0.731417718
050100050607,2011,85.168054352,10.994373625,0.779146521
050100050607,2012,51.979488095,9.200406395,0.74444514
050100050607,2013,62.81938106,9.877727362,0.765601041
050100050607,2014,46.850253549,8.686767503,0.754760669
050100050607,2015,51.662243176,9.114378373,0.755855631
050100050607,2016,57.591108071,9.739313779,0.774316147
050100050607,2017,87.540669336,10.540132875,0.778227655
050100050607,2018,90.516730151,11.002800514,0.790696231
050100050607,2019,68.885924818,9.110611808,0.744105225
050100050608,2010,39.264694414,7.941894613,0.729524242
050100050608,2011,82.036473633,11.045158519,0.780207672
050100050608,2012,52.268664224,9.413974604,0.747965471
050100050608,2013,60.458051444,9.888737014,0.766376946
050100050608,2014,45.848947304,8.810134687,0.757114851
050100050608,2015,52.77621728,9.449829576,0.760050246
050100050608,2016,54.147172724,9.810575642,0.775357409
050100050608,2017,84.680662536,10.602663141,0.780462398
050100050608,2018,84.121379855,10.739884165,0.788168096
050100050608,2019,65.838502537,9.05463268,0.74330197
050100050609,2010,37.321094899,7.017011588,0.715086888
050100050609,2011,80.844846042,9.88756618,0.775388914
050100050609,2012,51.92174458,8.610240498,0.743568399
050100050609,2013,57.298745743,9.002592794,0.763572328
050100050609,2014,46.563023473,8.256195309,0.754879545
050100050609,2015,49.397245229,8.438935898,0.747605088
050100050609,2016,53.155760022,9.015743484,0.766800371
050100050609,2017,79.789082179,9.684360676,0.770276987
050100050609,2018,84.069457015,9.939067184,0.783244604
050100050609,2019,67.146896795,8.627619232,0.738931911
050100050701,2010,35.217534373,6.713801179,0.695692692
050100050701,2011,75.191394129,9.006057586,0.761729495
050100050701,2012,50.073290417,8.292835916,0.728029789
050100050701,2013,52.424143423,8.731961178,0.760274424
050100050701,2014,46.857076153,8.180133372,0.744675343
050100050701,2015,48.020230152,8.256976194,0.736222304
050100050701,2016,47.602898697,8.331739396,0.747632106
050100050701,2017,72.363316282,8.806777106,0.750603255
050100050701,2018,83.087842751,9.279618171,0.774530787
050100050701,2019,63.38257129,7.945447601,0.726628947
050100050702,2010,38.878965657,6.573416408,0.750046208
050100050702,2011,79.472804368,9.061187991,0.803219829
050100050702,2012,52.611552213,8.410324318,0.790040667
050100050702,2013,59.25782155,8.794852883,0.807853418
050100050702,2014,53.473947773,8.425277708,0.791685348
050100050702,2015,51.209515699,7.811364754,0.773234287
050100050702,2016,51.603894378,8.428149441,0.8010151
050100050702,2017,76.575658242,9.286919822,0.801544466
050100050702,2018,91.033239811,9.90151427,0.816200781
050100050702,2019,67.21243818,8.400650826,0.778582941
050100050703,2010,41.947914311,7.728479727,0.759105512
050100050703,2011,82.966060707,9.671382677,0.817082977
050100050703,2012,59.055941159,9.031059293,0.796941106
050100050703,2013,61.546286153,9.313202405,0.81458478
050100050703,2014,55.324123378,8.846807964,0.79793054
050100050703,2015,56.439839646,8.819648894,0.789842357
050100050703,2016,65.40870594,9.37992432,0.806365416
050100050703,2017,80.888075341,9.663612713,0.809342203
050100050703,2018,90.787340603,9.924610239,0.821785036
050100050703,2019,75.286070419,8.94242003,0.782490914
050100050704,2010,41.51974488,7.480821224,0.731289721
050100050704,2011,83.220411464,10.02088434,0.793792645
050100050704,2012,56.589083942,9.139116727,0.771507282
050100050704,2013,60.909995841,9.625458653,0.793826653
050100050704,2014,55.776663397,9.106615425,0.77939748
050100050704,2015,56.709093436,8.935082297,0.762347695
050100050704,2016,60.036680472,9.667115798,0.787492073
050100050704,2017,81.1573958,10.0588638,0.787039046
050100050704,2018,94.169683507,10.492705191,0.804934104
050100050704,2019,71.848210174,9.019941904,0.756530288
050100050801,2010,41.475856401,7.66024533,0.75618559
050100050801,2011,72.914195901,10.391191418,0.810723027
050100050801,2012,60.549183269,11.139359749,0.810168666
050100050801,2013,65.786236186,11.009974844,0.822466228
050100050801,2014,53.584149547,10.427400963,0.81258216
050100050801,2015,47.404472359,8.79032273,0.76759495
050100050801,2016,52.232431617,10.084409664,0.803366729
050100050801,2017,77.889890817,11.599715309,0.818573797
050100050801,2018,97.068078647,12.12776567,0.826362822
050100050801,2019,64.764533328,10.348675387,0.793209747
050100050802,2010,42.857225869,7.483281679,0.761325858
050100050802,2011,77.554912459,10.105166842,0.815010301
050100050802,2012,62.404068184,10.579403358,0.811303958
050100050802,2013,65.508597846,10.285508104,0.823473368
050100050802,2014,56.707548945,10.185810375,0.815609683
050100050802,2015,50.011178427,8.624750481,0.770900624
050100050802,2016,54.240834802,9.892068158,0.807642183
050100050802,2017,78.211889534,10.841887391,0.819819701
050100050802,2018,97.917053988,11.265439765,0.82754706
050100050802,2019,66.513512199,9.635549157,0.793017044
050100050901,2010,28.259488857,8.613744856,0.675822977
050100050901,2011,65.093822916,14.912216339,0.787003341
050100050901,2012,40.81682206,12.550825898,0.733562081
050100050901,2013,45.406654372,12.853456228,0.758742667
050100050901,2014,35.436316052,11.806120942,0.74658459
050100050901,2015,37.688725973,10.95588061,0.724957287
050100050901,2016,49.20175941,13.143818796,0.75890644
050100050901,2017,55.651214132,13.755055396,0.760730347
050100050901,2018,61.429683281,14.350798143,0.77146533
050100050901,2019,49.578921877,13.785116377,0.743793174
050100050902,2010,28.641790069,8.741312018,0.676439955
050100050902,2011,66.849594238,14.725533516,0.785147892
050100050902,2012,41.308263155,12.649050504,0.731998327
050100050902,2013,48.622540435,13.129449181,0.758630548
050100050902,2014,38.433274283,12.141009343,0.747528384
050100050902,2015,39.921373667,11.117493325,0.723269252
050100050902,2016,52.891188703,13.393846992,0.757831036
050100050902,2017,56.021694524,13.618357047,0.757814766
050100050902,2018,66.041324808,14.547067032,0.771370999
050100050902,2019,54.507265593,14.274608535,0.747700983
050100050903,2010,26.829479178,7.198769766,0.664254673
050100050903,2011,66.342160547,12.797141479,0.776959332
050100050903,2012,39.866322751,10.358975594,0.719928981
050100050903,2013,47.148053201,11.383254207,0.740561571
050100050903,2014,37.929946945,10.608890954,0.736314103
050100050903,2015,38.383242278,9.475836511,0.711129204
050100050903,2016,48.279070663,11.09318357,0.749809326
050100050903,2017,53.720929965,11.677358331,0.749017171
050100050903,2018,64.775824863,12.57080126,0.758356163
050100050903,2019,50.381888569,12.095572616,0.734463266
050100051001,2010,33.965799023,14.748337301,0.677727404
050100051001,2011,83.284745202,34.204862129,0.792002565
050100051001,2012,49.792589199,20.464881252,0.728949008
050100051001,2013,52.142011794,24.365600065,0.747966448
050100051001,2014,50.157679,24.480701595,0.756642295
050100051001,2015,44.307850041,21.02659731,0.718836287
050100051001,2016,58.222177264,25.259301212,0.774026861
050100051001,2017,69.242098533,30.216409196,0.766667051
050100051001,2018,76.246197155,30.663913879,0.751633127
050100051001,2019,64.873760247,29.982984128,0.724564559
050100051002,2010,33.656803759,13.595013525,0.680000439
050100051002,2011,81.888636761,31.337507349,0.795536318
050100051002,2012,50.168469053,18.743511755,0.733490039
050100051002,2013,50.494287359,22.235934918,0.751909527
050100051002,2014,49.816914339,22.682585187,0.761461788
050100051002,2015,43.466184265,19.185760629,0.7210846
050100051002,2016,57.264599831,23.124484669,0.778422457
050100051002,2017,68.020323187,27.818878179,0.770329915
050100051002,2018,74.330951418,27.740669951,0.754102026
050100051002,2019,64.680048768,28.163316189,0.730012238
050100051003,2010,30.892749364,14.211439621,0.661171092
050100051003,2011,64.600610337,25.978483377,0.762830879
050100051003,2012,50.257067898,21.129983041,0.737097863
050100051003,2013,47.99993456,21.044788376,0.748151572
050100051003,2014,38.241835634,18.743231762,0.725530607
050100051003,2015,36.116779527,18.060999437,0.69534147
050100051003,2016,37.301286069,16.8597017,0.720453412
050100051003,2017,54.759823949,23.023092148,0.774907398
050100051003,2018,70.714683317,28.907636385,0.756555025
050100051003,2019,54.17477278,24.112865558,0.736315065
050100051004,2010,31.422435127,15.250366394,0.662894326
050100051004,2011,66.762999442,28.272018031,0.764852429
050100051004,2012,52.159515081,22.846065084,0.739200991
050100051004,2013,48.51706706,22.614894062,0.749501675
050100051004,2014,41.444870171,21.455775243,0.731098974
050100051004,2015,37.487567185,19.511321715,0.697337537
050100051004,2016,39.70598286,18.978030243,0.724981829
050100051004,2017,56.372617139,24.811735423,0.776304633
050100051004,2018,74.469055805,30.825709468,0.757439723
050100051004,2019,55.191954685,25.561674874,0.737113696
050100051005,2010,31.774527305,13.855963949,0.655500847
050100051005,2011,68.888088796,25.382041083,0.766478935
050100051005,2012,50.681552642,19.981410591,0.727271711
050100051005,2013,47.935123919,20.688467124,0.730617013
050100051005,2014,44.512613265,20.039820547,0.738385766
050100051005,2015,38.529917401,17.612733143,0.690015559
050100051005,2016,46.754481039,18.656536259,0.736613183
050100051005,2017,57.65300518,22.505452835,0.758439795
050100051005,2018,68.031478344,25.779421098,0.745248834
050100051005,2019,56.300762455,23.869066273,0.72371688
050100060101,2010,25.255653201,8.058310856,0.603813024
050100060101,2011,53.751464932,11.716963533,0.730995442
050100060101,2012,34.291808896,10.911094166,0.677994119
050100060101,2013,40.446900186,12.213951436,0.702686776
050100060101,2014,30.779991079,10.636338851,0.686778584
050100060101,2015,29.076483702,8.88407843,0.627274902
050100060101,2016,30.558327893,9.271460309,0.667330552
050100060101,2017,42.606436865,10.34494382,0.701561404
050100060101,2018,53.27064654,11.971844368,0.70291425
050100060101,2019,42.931442859,12.880613221,0.687608991
050100060102,2010,24.456256807,8.33148386,0.609029935
050100060102,2011,48.281052384,11.671778647,0.718724495
050100060102,2012,33.790310004,11.030204991,0.67561975
050100060102,2013,39.748722114,12.003502921,0.698129638
050100060102,2014,28.635375167,10.576954542,0.679430107
050100060102,2015,28.583449188,9.170851649,0.640053426
050100060102,2016,25.420458742,8.866603601,0.658809026
050100060102,2017,40.925125407,10.8144716,0.700487616
050100060102,2018,49.879369934,11.973059916,0.700947424
050100060102,2019,40.343547022,12.308929222,0.69285981
050100060201,2010,41.308105899,6.972683633,0.757817345
050100060201,2011,74.386204113,9.582638886,0.814973262
050100060201,2012,51.334029669,8.504905521,0.779188307
050100060201,2013,63.23010421,9.806037131,0.813435354
050100060201,2014,49.405465717,9.014822888,0.802272018
050100060201,2015,42.737643439,7.446517477,0.770492555
050100060201,2016,45.862017117,7.883095137,0.79563329
050100060201,2017,76.905314299,10.230452707,0.813216634
050100060201,2018,83.751181941,10.546143403,0.824194432
050100060201,2019,70.989467363,9.759642525,0.789767194
050100060202,2010,38.468711629,5.708473215,0.757619812
050100060202,2011,80.420896961,8.293618839,0.83479012
050100060202,2012,50.8425167,7.362792196,0.80211955
050100060202,2013,60.259218004,8.214618998,0.823469259
050100060202,2014,49.798965188,7.59904848,0.810391212
050100060202,2015,45.318918063,6.561163442,0.784085956
050100060202,2016,47.588274574,7.018861756,0.810784904
050100060202,2017,76.849260309,8.772874282,0.823975818
050100060202,2018,87.598484628,9.179563888,0.843308307
050100060202,2019,69.486504349,8.302711306,0.799910156
050100060301,2010,48.720703958,11.054493417,0.829058693
050100060301,2011,78.790859751,14.17004277,0.861745599
050100060301,2012,49.023885875,12.555170336,0.84000644
050100060301,2013,63.362246968,13.356234577,0.852434306
050100060301,2014,47.554535718,12.41287386,0.847677352
050100060301,2015,51.564150179,11.613286933,0.82277237
050100060301,2016,57.91123247,12.821208614,0.847871268
050100060301,2017,72.021881196,14.554846553,0.846801317
050100060301,2018,75.949722331,14.67976572,0.860357072
050100060301,2019,60.059027336,13.632230154,0.846733861
050100060302,2010,39.927074263,7.525477172,0.754484399
050100060302,2011,71.431444653,10.180431444,0.812595699
050100060302,2012,42.581974441,8.427757431,0.772266112
050100060302,2013,56.300779564,9.465133316,0.788306465
050100060302,2014,45.78989062,9.198891038,0.79538379
050100060302,2015,47.809777107,8.208372351,0.764975555
050100060302,2016,50.322904792,8.85528762,0.79164013
050100060302,2017,68.371649126,10.620509122,0.804438723
050100060302,2018,79.667771619,10.781086046,0.810221383
050100060302,2019,60.437579628,10.031129829,0.787603904
050100060303,2010,49.372240301,11.125401764,0.810810739
050100060303,2011,79.395481127,13.83068795,0.84722604
050100060303,2012,48.474155898,11.722002408,0.816174384
050100060303,2013,61.040336741,12.646244588,0.829750724
050100060303,2014,49.264478645,12.044338801,0.834919948
050100060303,2015,54.009438931,11.43343062,0.808254167
050100060303,2016,58.711048016,12.355661279,0.834791917
050100060303,2017,72.931393236,13.933215987,0.839429199
050100060303,2018,80.450605072,14.159962872,0.847820388
050100060303,2019,65.185978976,13.598836756,0.838848103
050100060304,2010,41.625208911,5.53282277,0.773438145
050100060304,2011,77.118467888,7.784510546,0.836190338
050100060304,2012,48.826594392,6.739653904,0.811228218
050100060304,2013,63.299122944,7.914285216,0.829038084
050100060304,2014,50.678831914,7.408235682,0.819734636
050100060304,2015,46.529598684,6.273497684,0.787147754
050100060304,2016,50.860813657,6.707993234,0.810015082
050100060304,2017,78.310431483,8.451408357,0.831428035
050100060304,2018,86.483316937,8.438411405,0.840433889
050100060304,2019,65.74010346,7.69538375,0.813831977
050100060305,2010,38.816381308,6.990533385,0.776798517
050100060305,2011,71.35049536,8.900721936,0.83788324
050100060305,2012,48.140885983,8.348224521,0.814255747
050100060305,2013,58.68387066,9.276371673,0.836078401
050100060305,2014,49.065029823,8.729034985,0.825421673
050100060305,2015,51.859748377,8.074889916,0.793887894
050100060305,2016,47.547488733,7.745633295,0.8145807
050100060305,2017,72.902111334,9.738643653,0.834474991
050100060305,2018,82.070535865,10.016228406,0.843947766
050100060305,2019,62.0563298,9.402119086,0.824796376
050100060306,2010,46.597141846,7.432543527,0.772095726
050100060306,2011,76.487036091,9.036829225,0.817480343
050100060306,2012,50.961941485,8.121876055,0.783012547
050100060306,2013,60.549874568,8.811705707,0.807770962
050100060306,2014,53.054638943,8.636507947,0.809902779
050100060306,2015,58.134624263,8.148046221,0.783636866
050100060306,2016,55.405418106,8.133549361,0.80359054
050100060306,2017,76.546487085,9.728309325,0.818892953
050100060306,2018,84.086712959,9.663806575,0.821618931
050100060306,2019,65.333106177,9.21929329,0.803698307
050100060401,2010,52.64503616,11.556525713,0.807237905
050100060401,2011,83.383040086,12.687997533,0.840799078
050100060401,2012,59.226014579,12.196387312,0.833965949
050100060401,2013,64.153936034,12.419335821,0.843844689
050100060401,2014,61.078372526,12.56638765,0.834267647
050100060401,2015,56.175623645,11.659311663,0.820207219
050100060401,2016,55.568570418,11.259640235,0.824043581
050100060401,2017,88.88838664,13.614051005,0.847803124
050100060401,2018,93.280654166,13.741606383,0.850301588
050100060401,2019,71.209731027,13.520030676,0.842404148
050100060402,2010,46.549582789,8.687761806,0.775471304
050100060402,2011,77.697924029,10.022294476,0.8295024
050100060402,2012,53.372722014,9.490984898,0.821970375
050100060402,2013,61.20353467,9.944903698,0.827598212
050100060402,2014,57.412898468,10.086266082,0.825756424
050100060402,2015,55.013483012,9.267291928,0.799290177
050100060402,2016,52.768403903,8.951794072,0.803121029
050100060402,2017,83.019143711,11.091321441,0.838099564
050100060402,2018,89.032562929,11.099959401,0.840382615
050100060402,2019,68.768019302,10.780895102,0.821769026
050100060501,2010,40.879121722,6.280521326,0.749289813
050100060501,2011,70.372678658,7.609916763,0.814572236
050100060501,2012,51.340767295,7.410677897,0.800999524
050100060501,2013,59.267749167,8.166017556,0.817896288
050100060501,2014,50.702847914,7.658951148,0.811662227
050100060501,2015,52.001996904,7.099817278,0.786716085
050100060501,2016,50.447047815,7.120304615,0.792413288
050100060501,2017,78.391139097,8.740581741,0.823944423
050100060501,2018,88.026759732,8.895111541,0.83202359
050100060501,2019,65.839878445,8.169014566,0.800215657
050100060502,2010,44.326371941,12.217468414,0.714985951
050100060502,2011,67.294976793,13.19597152,0.787106449
050100060502,2012,55.717970874,13.216746172,0.765688405
050100060502,2013,60.7468455,14.035532365,0.789942825
050100060502,2014,51.357400005,13.490046238,0.781180369
050100060502,2015,49.4399474,12.529563821,0.757403836
050100060502,2016,54.455063647,12.711681928,0.764108986
050100060502,2017,80.989953638,15.054141836,0.79874547
050100060502,2018,90.440123017,15.731473938,0.804254864
050100060502,2019,70.462537379,15.326727358,0.769500716
050100060503,2010,45.640053326,12.931109453,0.704931603
050100060503,2011,68.013366909,14.175960802,0.773514348
050100060503,2012,57.44973101,14.217275126,0.750733996
050100060503,2013,64.292781223,14.993352723,0.778068779
050100060503,2014,50.564807366,14.239932697,0.769282495
050100060503,2015,49.17199759,13.020838305,0.740299797
050100060503,2016,56.092966912,13.567032168,0.749345181
050100060503,2017,79.45537185,15.893913555,0.784051583
050100060503,2018,94.19329923,16.903052012,0.788410774
050100060503,2019,69.773767937,16.139164378,0.753899243
050100060504,2010,34.691328818,7.371204307,0.686602779
050100060504,2011,64.742463071,8.412297345,0.772900449
050100060504,2012,53.098698141,8.816927868,0.752613249
050100060504,2013,51.219407859,9.271176119,0.755253854
050100060504,2014,39.036930971,8.19423437,0.75121664
050100060504,2015,46.22155903,7.899547842,0.718456951
050100060504,2016,46.548860822,8.223486708,0.74075226
050100060504,2017,63.896189446,9.662392442,0.784883734
050100060504,2018,79.028007163,9.80132264,0.782355686
050100060504,2019,61.528184115,9.58823663,0.744763292
050100060601,2010,43.028505498,14.818667774,0.810636569
050100060601,2011,69.36493526,20.97730374,0.882413645
050100060601,2012,55.686959099,18.971038513,0.862737449
050100060601,2013,55.749964015,19.102340478,0.85790375
050100060601,2014,45.985458539,19.224702146,0.86701818
050100060601,2015,41.145128655,16.588867971,0.832685244
050100060601,2016,50.769204881,18.066850318,0.855336833
050100060601,2017,76.939948285,21.364083949,0.864679669
050100060601,2018,71.642219179,21.108980774,0.873254218
050100060601,2019,64.368746714,19.895670377,0.844180208
050100060602,2010,45.294241118,16.216615321,0.781703585
050100060602,2011,72.647365376,22.825256837,0.857896324
050100060602,2012,60.096901573,19.259946289,0.818568965
050100060602,2013,54.645926851,19.944640641,0.824634576
050100060602,2014,46.262203842,20.414143604,0.838268013
050100060602,2015,47.553899179,18.962993365,0.816855405
050100060602,2016,47.230280764,17.683114704,0.808804931
050100060602,2017,82.324904001,23.45197849,0.843035921
050100060602,2018,80.501131073,23.081886939,0.850931359
050100060602,2019,64.766735925,21.171813946,0.825855069
050100060701,2010,54.035087639,15.144061443,0.832068737
050100060701,2011,86.986211594,20.162212117,0.860965204
050100060701,2012,56.826715814,17.546326546,0.839832651
050100060701,2013,64.472270918,17.730619121,0.850232112
050100060701,2014,57.422329902,17.55991791,0.851804606
050100060701,2015,59.694900076,16.78857523,0.828896299
050100060701,2016,64.400884142,17.995770205,0.852216191
050100060701,2017,85.175377709,21.302144639,0.847565593
050100060701,2018,82.88956392,19.965508243,0.857723299
050100060701,2019,62.862693422,18.050207553,0.830100863
050100060702,2010,46.508513507,9.52061241,0.754127612
050100060702,2011,79.199261519,13.359728138,0.827650172
050100060702,2012,55.078033151,11.866220529,0.790049678
050100060702,2013,62.819266752,12.209724262,0.797240531
050100060702,2014,55.505761055,12.055819733,0.804236782
050100060702,2015,51.310654233,10.790507942,0.772653039
050100060702,2016,59.503908101,11.818076698,0.799173037
050100060702,2017,77.009886703,13.964477267,0.800519053
050100060702,2018,80.718092219,13.384026508,0.816120871
050100060702,2019,61.573105007,12.520487666,0.791427727
050100060703,2010,52.52306337,14.088938356,0.829178869
050100060703,2011,82.568347189,18.399985889,0.853701806
050100060703,2012,55.321780803,16.277930164,0.835382271
050100060703,2013,61.418402747,16.127961167,0.843730003
050100060703,2014,57.165867288,16.520386765,0.849561594
050100060703,2015,58.24298369,15.491712528,0.824136094
050100060703,2016,60.832374785,16.343067356,0.84540661
050100060703,2017,85.779117563,19.907747951,0.844227428
050100060703,2018,79.308140913,18.257073495,0.850294416
050100060703,2019,62.235631532,16.768745869,0.82617275
050100060704,2010,50.06891159,12.881971732,0.785760066
050100060704,2011,78.976500976,17.072056352,0.845314076
050100060704,2012,66.376993523,15.930216973,0.837730431
050100060704,2013,62.695080397,16.338535436,0.833821291
050100060704,2014,58.323902362,16.203173979,0.842184506
050100060704,2015,54.478153337,14.529490046,0.822231304
050100060704,2016,54.530192299,14.183739306,0.823102567
050100060704,2017,92.784843279,19.60885379,0.846552786
050100060704,2018,83.549206283,17.905011555,0.84526793
050100060704,2019,73.124490134,17.901472425,0.84587862
050100060705,2010,49.357864507,8.440495347,0.812641062
050100060705,2011,84.186377023,11.059311115,0.846187612
050100060705,2012,57.804992825,10.120611726,0.835508238
050100060705,2013,59.185957186,10.249247039,0.838764205
050100060705,2014,58.26526043,10.592753851,0.843224325
050100060705,2015,56.926023579,9.650584442,0.823558529
050100060705,2016,53.659600936,9.489751463,0.828096921
050100060705,2017,87.810518204,12.935537589,0.850516048
050100060705,2018,82.483723441,11.251069872,0.843568604
050100060705,2019,66.946611468,10.950016935,0.841898211
050100060706,2010,47.481969757,10.545166238,0.779244229
050100060706,2011,77.375606765,13.641662607,0.835752394
050100060706,2012,60.532446954,12.924203129,0.818291975
050100060706,2013,58.0703062,12.917949074,0.816474978
050100060706,2014,54.424397888,12.994913002,0.825901984
050100060706,2015,54.550652791,11.926176972,0.81105695
050100060706,2016,52.112424436,11.750519774,0.806982653
050100060706,2017,88.10739424,15.968717717,0.835491402
050100060706,2018,82.01401787,14.404849182,0.836275059
050100060706,2019,66.552976141,14.012602877,0.82337818
050100060707,2010,42.59001716,9.139543533,0.759454764
050100060707,2011,66.158400194,11.237682615,0.825916816
050100060707,2012,58.50865396,10.989601088,0.803626199
050100060707,2013,56.577468528,11.516465273,0.807785989
050100060707,2014,48.696974787,11.015729668,0.812542938
050100060707,2015,50.293755917,10.587642883,0.803412607
050100060707,2016,45.077953083,9.426929687,0.787439379
050100060707,2017,85.233040018,13.898273786,0.82794511
050100060707,2018,84.56695866,13.168144058,0.843042094
050100060707,2019,63.042812486,12.450071174,0.805082979
050100060708,2010,38.626715991,8.465992057,0.73607295
050100060708,2011,65.223800536,10.458408185,0.804173359
050100060708,2012,52.264768002,10.415470938,0.791435051
050100060708,2013,54.691582697,11.253871552,0.804543274
050100060708,2014,47.850445734,10.821513195,0.806687821
050100060708,2015,45.595922798,9.969705798,0.780199532
050100060708,2016,45.925504521,9.177499643,0.784015652
050100060708,2017,74.280244735,13.356666676,0.824256479
050100060708,2018,82.529124041,12.743675627,0.819553282
050100060708,2019,61.298652547,12.24072481,0.789611311
050100060709,2010,42.270743275,9.675294538,0.736205993
050100060709,2011,68.533563747,12.072356919,0.811939888
050100060709,2012,58.923353748,11.872775087,0.791665461
050100060709,2013,56.368833512,12.119778074,0.79785936
050100060709,2014,52.652533161,11.887407153,0.79895399
050100060709,2015,50.95776157,11.317817961,0.780946352
050100060709,2016,48.55964313,10.184068203,0.783981124
050100060709,2017,79.954626395,14.297854794,0.813624349
050100060709,2018,86.003519946,14.240985262,0.82178988
050100060709,2019,69.375032299,13.7591661,0.790912512
050100060801,2010,26.990274246,6.255045666,0.631914295
050100060801,2011,46.992482711,8.388774005,0.745015475
050100060801,2012,32.95623982,7.042896955,0.695141912
050100060801,2013,36.101596072,7.486923082,0.702295442
050100060801,2014,31.55556646,7.301542245,0.723126246
050100060801,2015,28.21582751,6.792950444,0.671387415
050100060801,2016,26.213097995,5.354297117,0.666526156
050100060801,2017,53.530723072,8.609321329,0.753104442
050100060801,2018,57.383697685,10.064719646,0.720419414
050100060801,2019,46.064318114,9.504336772,0.709929656
050100060802,2010,28.587665703,6.314627417,0.630920896
050100060802,2011,49.621780951,9.509798208,0.736497579
050100060802,2012,32.930392839,6.65132838,0.691352236
050100060802,2013,35.166135218,7.649877586,0.688155902
050100060802,2014,31.15231108,7.333364899,0.712567592
050100060802,2015,28.890904863,7.062588486,0.660394288
050100060802,2016,26.453109934,5.624266687,0.669946608
050100060802,2017,52.74295784,8.413357582,0.740302662
050100060802,2018,61.916097699,10.518026379,0.721068797
050100060802,2019,46.790510728,10.060893547,0.712462203
050100060901,2010,41.102351514,22.0876704,0.78735218
050100060901,2011,78.0520734,36.607771696,0.894455114
050100060901,2012,56.712159294,28.814831989,0.868434052
050100060901,2013,53.372962613,28.492281091,0.868695839
050100060901,2014,49.00033421,28.936700372,0.878324879
050100060901,2015,41.052840168,23.293739847,0.834858529
050100060901,2016,46.945589063,25.209454213,0.852851035
050100060901,2017,85.280628506,40.701975855,0.874542327
050100060901,2018,73.294605356,36.365813657,0.88301397
050100060901,2019,65.036475858,32.661945753,0.836730925
050100060902,2010,51.713835077,18.174164606,0.865819598
050100060902,2011,89.120565464,26.476516946,0.915477212
050100060902,2012,67.818968305,22.658348701,0.901154998
050100060902,2013,63.634876281,23.305206488,0.910287882
050100060902,2014,59.761084099,23.729777252,0.908767672
050100060902,2015,53.346906617,19.938537109,0.889217914
050100060902,2016,58.402545803,20.998606844,0.898017185
050100060902,2017,96.48403156,26.35551263,0.908731908
050100060902,2018,88.717204387,26.927639734,0.917836696
050100060902,2019,78.088706209,23.993067039,0.905745487
050100060903,2010,46.2368222,16.118918366,0.819311221
050100060903,2011,83.608327453,25.042124051,0.901685356
050100060903,2012,61.818182241,21.377305256,0.877726517
050100060903,2013,55.321519905,21.089374088,0.8876471
050100060903,2014,54.995271903,22.62503856,0.891061126
050100060903,2015,48.851675809,18.839828872,0.863769451
050100060903,2016,50.504404755,19.345512653,0.871120381
050100060903,2017,90.973112853,25.005784677,0.890314549
050100060903,2018,83.285063141,25.392213115,0.897832909
050100060903,2019,69.709249994,21.759636656,0.873889669
050100061001,2010,39.797281703,12.507427836,0.785325413
050100061001,2011,77.982585032,18.747295542,0.872362533
050100061001,2012,59.044706062,17.631303247,0.86356071
050100061001,2013,57.376240981,17.651935495,0.861479639
050100061001,2014,44.712451627,16.937268492,0.857822849
050100061001,2015,38.000246271,14.130410983,0.8195296
050100061001,2016,46.768435616,15.881827244,0.839025768
050100061001,2017,80.464611636,18.801454658,0.861183406
050100061001,2018,71.736677785,19.28289813,0.869061319
050100061001,2019,62.874337723,15.151979745,0.817276206
050100061002,2010,43.573577388,13.290854964,0.780475943
050100061002,2011,79.71322345,20.035559889,0.876059339
050100061002,2012,56.970006124,17.828191371,0.853564372
050100061002,2013,57.442385902,18.493036724,0.863494656
050100061002,2014,48.013327564,18.208471695,0.860239126
050100061002,2015,40.39860499,14.66577916,0.818771408
050100061002,2016,45.3689532,16.313942818,0.835030739
050100061002,2017,82.292735672,19.713943152,0.858166794
050100061002,2018,74.06062678,20.09282813,0.867329178
050100061002,2019,62.38421654,16.321391834,0.822494602
050100061003,2010,42.286135023,14.300002117,0.769055048
050100061003,2011,74.488410588,22.626777521,0.874012331
050100061003,2012,51.711166408,18.336203881,0.845567528
050100061003,2013,51.734250177,19.779743843,0.859814094
050100061003,2014,48.136514215,19.733182531,0.858599832
050100061003,2015,40.401915347,16.205320796,0.817312661
050100061003,2016,39.917925184,15.924935044,0.823038723
050100061003,2017,79.12981758,22.454523725,0.858429195
050100061003,2018,76.02768834,23.340037723,0.870894147
050100061003,2019,61.266244577,19.724787313,0.830646924
050100061004,2010,38.730827396,15.606468406,0.7521163
050100061004,2011,66.618304537,23.702057451,0.860024076
050100061004,2012,47.188406404,18.929707702,0.808677396
050100061004,2013,43.142818607,18.858557103,0.807156984
050100061004,2014,41.373115048,19.823006083,0.827421092
050100061004,2015,37.63573997,16.188009857,0.789632379
050100061004,2016,36.062322355,16.23454546,0.798416162
050100061004,2017,74.639265284,24.786070912,0.848625353
050100061004,2018,75.049356664,24.802999202,0.862137137
050100061004,2019,58.532214205,21.122675163,0.808546341
050100061005,2010,39.11807823,17.488831884,0.764417476
050100061005,2011,67.343659338,26.929337599,0.865185262
050100061005,2012,46.229674454,20.001619858,0.826424398
050100061005,2013,45.133417276,21.335419896,0.835589678
050100061005,2014,43.086131471,21.976866318,0.85265862
050100061005,2015,38.076625396,18.207418946,0.804045467
050100061005,2016,35.701552296,17.250546724,0.809863339
050100061005,2017,71.098952958,27.881332995,0.859325663
050100061005,2018,76.954192557,29.124299408,0.873903382
050100061005,2019,56.970776783,23.584606613,0.821731829
050100061101,2010,38.480445032,15.748430955,0.714976366
050100061101,2011,65.860720967,25.198289646,0.800609827
050100061101,2012,57.892392098,22.261614452,0.801119004
050100061101,2013,54.451428024,21.152795806,0.805084418
050100061101,2014,43.938299468,19.613683897,0.773811756
050100061101,2015,43.062731048,18.223885682,0.755534174
050100061101,2016,41.827536009,16.660749872,0.768057411
050100061101,2017,65.530931734,24.873437337,0.827351146
050100061101,2018,77.796155215,27.770743736,0.817875368
050100061101,2019,65.792047315,27.63457755,0.791869761
050100061102,2010,33.994758782,12.296856255,0.696952282
050100061102,2011,62.401547911,19.948409778,0.789005248
050100061102,2012,55.015500962,18.149837917,0.780056755
050100061102,2013,51.616315776,17.423315146,0.786578075
050100061102,2014,40.71605448,15.492878737,0.760666918
050100061102,2015,38.920600854,14.556672081,0.727903216
050100061102,2016,40.569987038,13.483447223,0.749740308
050100061102,2017,58.487314279,18.870248647,0.793592681
050100061102,2018,72.12565225,22.309598252,0.797101726
050100061102,2019,58.442189282,20.607390667,0.77171436
050100061103,2010,30.506939143,11.496314206,0.653261945
050100061103,2011,50.3630371,14.693437135,0.751101742
050100061103,2012,35.74311554,11.933446003,0.720234353
050100061103,2013,40.373323203,13.978549542,0.717129555
050100061103,2014,36.774676538,14.199458417,0.741122367
050100061103,2015,34.374969805,12.911613595,0.707130467
050100061103,2016,28.670545377,9.076461308,0.682705563
050100061103,2017,54.367173472,15.017324495,0.758061558
050100061103,2018,62.684525467,16.964817077,0.748124994
050100061103,2019,48.061959015,15.672000424,0.726522038
050100061104,2010,26.558814105,6.983918508,0.641204807
050100061104,2011,42.978895466,9.052864703,0.739971482
050100061104,2012,32.862910667,9.107553717,0.714272563
050100061104,2013,38.546682674,9.453627049,0.707303569
050100061104,2014,28.242329594,8.775186152,0.730917125
050100061104,2015,30.314563407,8.047981253,0.699885974
050100061104,2016,27.621000293,7.466680674,0.670788445
050100061104,2017,46.866380455,9.984813534,0.747428626
050100061104,2018,56.184774665,10.725166462,0.735595552
050100061104,2019,41.972370672,10.032019334,0.727409437
050100061105,2010,35.197696473,13.10545745,0.694865502
050100061105,2011,59.57174569,20.691177376,0.775227001
050100061105,2012,48.87821137,17.129639737,0.766395699
050100061105,2013,46.671905079,17.623978372,0.763020797
050100061105,2014,38.91038262,15.98020156,0.752008493
050100061105,2015,42.231333729,15.889109522,0.732984789
050100061105,2016,38.238659993,13.513132909,0.741841778
050100061105,2017,62.91186181,20.378996678,0.804853791
050100061105,2018,73.750707165,24.258994167,0.792333252
050100061105,2019,61.019556513,22.208830634,0.773946714
050100061106,2010,42.511235396,15.342694402,0.737544851
050100061106,2011,60.775963268,20.658972238,0.800995651
050100061106,2012,42.155802998,14.683369985,0.754143182
050100061106,2013,46.15521574,17.325535101,0.786543269
050100061106,2014,38.992856853,15.298676942,0.783527564
050100061106,2015,39.106483866,14.200900846,0.743696206
050100061106,2016,34.90559736,12.295698196,0.756854396
050100061106,2017,70.297762957,23.234848336,0.837347675
050100061106,2018,79.72011223,26.156755482,0.841739227
050100061106,2019,61.019348093,21.972085296,0.770462107
050100061107,2010,38.495105556,13.373623527,0.720892798
050100061107,2011,59.677944839,18.971324874,0.788917259
050100061107,2012,40.441961712,13.784083745,0.740647718
050100061107,2013,43.781296022,15.765792291,0.759277557
050100061107,2014,38.102348139,14.599314237,0.770159963
050100061107,2015,37.235412779,13.614206195,0.732551301
050100061107,2016,33.623055516,11.422954921,0.73839027
050100061107,2017,61.510716332,19.494521921,0.811089061
050100061107,2018,77.949997193,23.457023434,0.817402123
050100061107,2019,54.785603658,18.778508788,0.760944236
050100070101,2010,56.922928379,18.554841131,0.81783848
050100070101,2011,93.365674732,23.264449841,0.852368017
050100070101,2012,65.912713875,23.415782315,0.825729516
050100070101,2013,64.128483221,21.918371841,0.858817196
050100070101,2014,62.055040744,21.013640282,0.83290169
050100070101,2015,49.38148401,18.491816394,0.793722596
050100070101,2016,54.927816191,18.3235405,0.821765402
050100070101,2017,81.086338331,23.640990812,0.849980803
050100070101,2018,95.516488788,26.373339413,0.866117103
050100070101,2019,75.932127524,24.121646524,0.807933397
050100070102,2010,56.280528458,18.425299293,0.818715241
050100070102,2011,92.511227871,22.939862606,0.854109621
050100070102,2012,64.460826092,23.199052339,0.826166751
050100070102,2013,62.383721465,21.689184692,0.861054526
050100070102,2014,62.003413863,20.880092622,0.834916329
050100070102,2015,48.013097883,18.34614391,0.793112467
050100070102,2016,52.449585527,17.700943149,0.818920803
050100070102,2017,79.804582317,23.376792129,0.853115331
050100070102,2018,93.707222871,25.961827398,0.867614963
050100070102,2019,75.327283961,23.917527427,0.808976457
050100070103,2010,51.542275424,18.197085951,0.814877413
050100070103,2011,83.247217204,22.943663632,0.852114802
050100070103,2012,58.023103547,23.0726423,0.822868098
050100070103,2013,56.934536105,21.534335529,0.859686415
050100070103,2014,56.557400246,20.708531426,0.832115493
050100070103,2015,43.533028963,18.059148503,0.78974357
050100070103,2016,46.820433066,17.366285995,0.813191029
050100070103,2017,72.335920933,23.349210218,0.851634367
050100070103,2018,86.028808876,26.140367266,0.866624732
050100070103,2019,68.135540053,24.059628075,0.8093659
050100070201,2010,48.417957681,7.207892857,0.653808078
050100070201,2011,80.904955843,10.314329342,0.751294785
050100070201,2012,39.526046057,7.934614135,0.661922826
050100070201,2013,45.352620899,7.922046953,0.719578805
050100070201,2014,40.34023324,7.694632543,0.687533748
050100070201,2015,32.944680222,6.545752084,0.662415572
050100070201,2016,44.758133131,7.657683691,0.704441554
050100070201,2017,54.686628151,9.316462805,0.73445824
050100070201,2018,74.691712859,10.181936493,0.748575297
050100070201,2019,45.243382779,8.573349169,0.681140946
050100070202,2010,47.841421569,5.137081299,0.647763522
050100070202,2011,80.445072428,7.630502619,0.753709595
050100070202,2012,36.575562298,6.014524825,0.649262082
050100070202,2013,42.088758642,5.792477253,0.709794149
050100070202,2014,35.826204256,5.353626566,0.675969949
050100070202,2015,32.805080796,4.765293465,0.659051597
050100070202,2016,40.653157798,5.417164703,0.69763118
050100070202,2017,54.603130974,7.060097647,0.736178552
050100070202,2018,75.088245467,7.727317573,0.74866132
050100070202,2019,44.054662319,6.342798409,0.683393608
050100070203,2010,49.090511094,5.630667836,0.652311969
050100070203,2011,81.075419238,8.068435494,0.752602579
050100070203,2012,39.360612938,6.212329911,0.653640486
050100070203,2013,48.129101551,6.426194639,0.717828835
050100070203,2014,40.322504943,5.978698345,0.684442573
050100070203,2015,34.545105132,5.180273015,0.6611612
050100070203,2016,43.696872809,5.716486671,0.700858242
050100070203,2017,59.215166594,7.590188442,0.736443969
050100070203,2018,78.224826249,8.267693482,0.749904057
050100070203,2019,48.79673521,7.054196068,0.683295015
050100070301,2010,47.011831601,13.487194494,0.642518778
050100070301,2011,79.751802937,17.324547956,0.737702863
050100070301,2012,41.88084682,14.342001446,0.659794991
050100070301,2013,45.996512744,15.618194489,0.694346845
050100070301,2014,44.369259631,14.692741575,0.683731358
050100070301,2015,32.438745154,11.932884069,0.643199142
050100070301,2016,38.770604715,14.04353805,0.674991216
050100070301,2017,56.407719605,16.461561897,0.726417751
050100070301,2018,72.106335881,17.620190387,0.720222949
050100070301,2019,45.581354045,15.169983354,0.653184367
050100070302,2010,45.14287098,14.91562086,0.686879197
050100070302,2011,78.670084012,20.558271418,0.761622649
050100070302,2012,43.308809145,15.764210471,0.693803311
050100070302,2013,50.15222998,18.610450305,0.740640354
050100070302,2014,42.240299004,15.933083798,0.716465995
050100070302,2015,34.047068823,13.029686689,0.670113184
050100070302,2016,36.170650551,14.699060482,0.703402287
050100070302,2017,59.358211569,19.986209408,0.760511959
050100070302,2018,72.089681684,20.546624219,0.750693959
050100070302,2019,47.862237476,16.65845087,0.694286067
050100070303,2010,42.973516643,8.25482207,0.731493616
050100070303,2011,75.552140035,10.156802554,0.779778556
050100070303,2012,43.232151745,7.542964958,0.723116427
050100070303,2013,47.209655289,9.126706679,0.781288247
050100070303,2014,42.138701151,8.66282454,0.748395186
050100070303,2015,33.788146055,6.822077813,0.695209815
050100070303,2016,35.224311188,6.957808523,0.727239923
050100070303,2017,58.311453773,10.21008393,0.790604884
050100070303,2018,72.216364395,10.476512286,0.77757053
050100070303,2019,49.349218199,8.424330756,0.731878837
050100070304,2010,42.956934021,6.944655174,0.728111521
050100070304,2011,77.754932555,8.672133877,0.777989818
050100070304,2012,44.648667352,6.739805759,0.72172238
050100070304,2013,48.430148271,8.552704011,0.781703861
050100070304,2014,45.110916042,7.918438029,0.748677882
050100070304,2015,34.287068589,6.252861299,0.693806622
050100070304,2016,37.006973963,6.294421426,0.726516469
050100070304,2017,60.071951674,8.833343568,0.789906211
050100070304,2018,73.609706143,8.89875587,0.776670119
050100070304,2019,52.524775737,7.68561411,0.732899884
050100070305,2010,51.403300981,13.352917031,0.690210818
050100070305,2011,85.814646431,16.292937302,0.761151526
050100070305,2012,49.955676673,14.315699357,0.696685744
050100070305,2013,54.382041227,14.758109555,0.740049512
050100070305,2014,52.017466575,14.553749226,0.720637906
050100070305,2015,38.11529335,11.666478374,0.675473716
050100070305,2016,44.578425621,12.831848184,0.705446853
050100070305,2017,67.164490134,16.188995238,0.758954512
050100070305,2018,82.85575553,17.213902638,0.75383134
050100070305,2019,55.059956851,15.063181215,0.696699431
050100070306,2010,49.262803572,20.702805912,0.715430662
050100070306,2011,81.687987054,28.594704416,0.777239104
050100070306,2012,53.189749548,24.234735806,0.717076469
050100070306,2013,52.857717806,21.575504808,0.76841011
050100070306,2014,52.521924912,22.729814268,0.74594302
050100070306,2015,39.239155388,18.356296879,0.705602773
050100070306,2016,46.683720493,18.721264435,0.725473201
050100070306,2017,67.338678647,26.195561792,0.76873545
050100070306,2018,82.147076205,29.347649611,0.785233726
050100070306,2019,60.835224405,27.811308748,0.730867078
050100070307,2010,53.28781945,15.003390322,0.701297223
050100070307,2011,84.569106342,19.961669848,0.782665349
050100070307,2012,44.841398141,13.505772149,0.708753097
050100070307,2013,52.938406197,15.732339801,0.753146162
050100070307,2014,47.933082129,15.665389381,0.728160789
050100070307,2015,41.68269285,12.733455329,0.692405855
050100070307,2016,43.695517969,12.61824274,0.706844277
050100070307,2017,70.609079298,18.786196583,0.772340138
050100070307,2018,84.094393028,20.600986665,0.75466196
050100070307,2019,58.759785035,18.262168025,0.725683765
050100070308,2010,51.39362314,9.247281068,0.721287646
050100070308,2011,83.951926897,13.043597274,0.773996803
050100070308,2012,50.283935941,10.452213133,0.721099898
050100070308,2013,49.517279004,10.464101498,0.760779277
050100070308,2014,53.455341145,10.674852666,0.737413863
050100070308,2015,42.492566504,8.874946076,0.692507059
050100070308,2016,42.541543302,8.98568732,0.721152298
050100070308,2017,76.015631447,13.466643393,0.760668095
050100070308,2018,89.343390266,14.348997357,0.786064117
050100070308,2019,65.056234887,12.199206431,0.732495177
050100070309,2010,53.544946159,9.808926384,0.719547044
050100070309,2011,82.999826245,13.618601185,0.77172062
050100070309,2012,49.265999044,10.848552751,0.718476159
050100070309,2013,49.328515299,10.878709174,0.757498255
050100070309,2014,52.845742149,11.051522426,0.734818774
050100070309,2015,44.501998234,9.421727026,0.691397522
050100070309,2016,43.6690164,9.588416632,0.719643285
050100070309,2017,76.22874991,13.921381896,0.757151622
050100070309,2018,92.194465955,15.14611562,0.783768507
050100070309,2019,64.545045031,12.771297591,0.730672891
