huc12_id,year,pscutot_mgd
040102011601,2010,0.020124234
040102011601,2011,0.023121905
040102011601,2012,0.0277934
040102011601,2013,0.025438211
040102011601,2014,0.020357282
040102011601,2015,0.025687515
040102011601,2016,0.022136918
040102011601,2017,0.021988096
040102011601,2018,0.021668527
040102011601,2019,0.022578987
040102011601,2020,0.023518178
040102011602,2010,0.019266382
040102011602,2011,0.020312069
040102011602,2012,0.024508919
040102011602,2013,0.022765216
040102011602,2014,0.017674708
040102011602,2015,0.022274861
040102011602,2016,0.019018523
040102011602,2017,0.018807012
040102011602,2018,0.018171412
040102011602,2019,0.018334309
040102011602,2020,0.019615235
040102011603,2010,0.223690578
040102011603,2011,0.241992873
040102011603,2012,0.287073234
040102011603,2013,0.265593059
040102011603,2014,0.212955525
040102011603,2015,0.269433618
040102011603,2016,0.23148225
040102011603,2017,0.229934995
040102011603,2018,0.224657584
040102011603,2019,0.233448767
040102011603,2020,0.243219702
040102011604,2010,0.448101815
040102011604,2011,0.47542177
040102011604,2012,0.570287827
040102011604,2013,0.529235218
040102011604,2014,0.41519596
040102011604,2015,0.523994222
040102011604,2016,0.448256934
040102011604,2017,0.443915168
040102011604,2018,0.430362948
040102011604,2019,0.438447982
040102011604,2020,0.464945169
040103010103,2010,0.0
040103010103,2011,0.0
040103010103,2012,0.0
040103010103,2013,0.0
040103010103,2014,0.0
040103010103,2015,0.0
040103010103,2016,0.0
040103010103,2017,0.0
040103010103,2018,0.0
040103010103,2019,0.0
040103010103,2020,0.0
040103010205,2010,0.0
040103010205,2011,0.0
040103010205,2012,0.0
040103010205,2013,0.0
040103010205,2014,0.0
040103010205,2015,0.0
040103010205,2016,0.0
040103010205,2017,0.0
040103010205,2018,0.0
040103010205,2019,0.0
040103010205,2020,0.0
040103010301,2010,0.0
040103010301,2011,0.0
040103010301,2012,0.0
040103010301,2013,0.0
040103010301,2014,0.0
040103010301,2015,0.0
040103010301,2016,0.0
040103010301,2017,0.0
040103010301,2018,0.0
040103010301,2019,0.0
040103010301,2020,0.0
040103010302,2010,0.0
040103010302,2011,0.0
040103010302,2012,0.0
040103010302,2013,0.0
040103010302,2014,0.0
040103010302,2015,0.0
040103010302,2016,0.0
040103010302,2017,0.0
040103010302,2018,0.0
040103010302,2019,0.0
040103010302,2020,0.0
040103010303,2010,0.0
040103010303,2011,0.0
040103010303,2012,0.0
040103010303,2013,0.0
040103010303,2014,0.0
040103010303,2015,0.0
040103010303,2016,0.0
040103010303,2017,0.0
040103010303,2018,0.0
040103010303,2019,0.0
040103010303,2020,0.0
040103010401,2010,9.128e-06
040103010401,2011,1.3494e-05
040103010401,2012,1.5802e-05
040103010401,2013,1.417e-05
040103010401,2014,1.2136e-05
040103010401,2015,1.0013e-05
040103010401,2016,8.691e-06
040103010401,2017,8.255e-06
040103010401,2018,7.578e-06
040103010401,2019,1.1994e-05
040103010401,2020,1.2206e-05
040103010402,2010,0.0
040103010402,2011,0.0
040103010402,2012,0.0
040103010402,2013,0.0
040103010402,2014,0.0
040103010402,2015,0.0
040103010402,2016,0.0
040103010402,2017,0.0
040103010402,2018,0.0
040103010402,2019,0.0
040103010402,2020,0.0
040103010403,2010,0.0
040103010403,2011,0.0
040103010403,2012,0.0
040103010403,2013,0.0
040103010403,2014,0.0
040103010403,2015,0.0
040103010403,2016,0.0
040103010403,2017,0.0
040103010403,2018,0.0
040103010403,2019,0.0
040103010403,2020,0.0
040103010501,2010,0.0
040103010501,2011,0.0
040103010501,2012,0.0
040103010501,2013,0.0
040103010501,2014,0.0
040103010501,2015,0.0
040103010501,2016,0.0
040103010501,2017,0.0
040103010501,2018,0.0
040103010501,2019,0.0
040103010501,2020,0.0
040103010502,2010,0.000760926
040103010502,2011,0.000791629
040103010502,2012,0.000967082
040103010502,2013,0.000899971
040103010502,2014,0.000683529
040103010502,2015,0.000858829
040103010502,2016,0.000730222
040103010502,2017,0.000719827
040103010502,2018,0.000690376
040103010502,2019,0.000681631
040103010502,2020,0.000743862
040103010503,2010,0.018993462
040103010503,2011,0.019891722
040103010503,2012,0.024150508
040103010503,2013,0.022453489
040103010503,2014,0.01724244
040103010503,2015,0.021697534
040103010503,2016,0.018487352
040103010503,2017,0.018253297
040103010503,2018,0.017572282
040103010503,2019,0.0175429
040103010503,2020,0.018951371
040103010504,2010,0.013334315
040103010504,2011,0.013872359
040103010504,2012,0.016946968
040103010504,2013,0.015770927
040103010504,2014,0.011978034
040103010504,2015,0.015049948
040103010504,2016,0.012796267
040103010504,2017,0.01261412
040103010504,2018,0.012098025
040103010504,2019,0.011944779
040103010504,2020,0.013035299
040103010601,2010,0.0
040103010601,2011,0.0
040103010601,2012,0.0
040103010601,2013,0.0
040103010601,2014,0.0
040103010601,2015,0.0
040103010601,2016,0.0
040103010601,2017,0.0
040103010601,2018,0.0
040103010601,2019,0.0
040103010601,2020,0.0
040103010602,2010,0.0
040103010602,2011,0.0
040103010602,2012,0.0
040103010602,2013,0.0
040103010602,2014,0.0
040103010602,2015,0.0
040103010602,2016,0.0
040103010602,2017,0.0
040103010602,2018,0.0
040103010602,2019,0.0
040103010602,2020,0.0
040103010603,2010,0.0
040103010603,2011,0.0
040103010603,2012,0.0
040103010603,2013,0.0
040103010603,2014,0.0
040103010603,2015,0.0
040103010603,2016,0.0
040103010603,2017,0.0
040103010603,2018,0.0
040103010603,2019,0.0
040103010603,2020,0.0
040103010604,2010,0.0
040103010604,2011,0.0
040103010604,2012,0.0
040103010604,2013,0.0
040103010604,2014,0.0
040103010604,2015,0.0
040103010604,2016,0.0
040103010604,2017,0.0
040103010604,2018,0.0
040103010604,2019,0.0
040103010604,2020,0.0
040103010605,2010,0.0
040103010605,2011,0.0
040103010605,2012,0.0
040103010605,2013,0.0
040103010605,2014,0.0
040103010605,2015,0.0
040103010605,2016,0.0
040103010605,2017,0.0
040103010605,2018,0.0
040103010605,2019,0.0
040103010605,2020,0.0
040103010606,2010,0.0
040103010606,2011,0.0
040103010606,2012,0.0
040103010606,2013,0.0
040103010606,2014,0.0
040103010606,2015,0.0
040103010606,2016,0.0
040103010606,2017,0.0
040103010606,2018,0.0
040103010606,2019,0.0
040103010606,2020,0.0
040103010607,2010,0.0
040103010607,2011,0.0
040103010607,2012,0.0
040103010607,2013,0.0
040103010607,2014,0.0
040103010607,2015,0.0
040103010607,2016,0.0
040103010607,2017,0.0
040103010607,2018,0.0
040103010607,2019,0.0
040103010607,2020,0.0
040103010608,2010,0.000126821
040103010608,2011,0.000131938
040103010608,2012,0.00016118
040103010608,2013,0.000149995
040103010608,2014,0.000113922
040103010608,2015,0.000143138
040103010608,2016,0.000121704
040103010608,2017,0.000119971
040103010608,2018,0.000115063
040103010608,2019,0.000113605
040103010608,2020,0.000123977
040103010701,2010,0.0
040103010701,2011,0.0
040103010701,2012,0.0
040103010701,2013,0.0
040103010701,2014,0.0
040103010701,2015,0.0
040103010701,2016,0.0
040103010701,2017,0.0
040103010701,2018,0.0
040103010701,2019,0.0
040103010701,2020,0.0
040103010702,2010,0.0
040103010702,2011,0.0
040103010702,2012,0.0
040103010702,2013,0.0
040103010702,2014,0.0
040103010702,2015,0.0
040103010702,2016,0.0
040103010702,2017,0.0
040103010702,2018,0.0
040103010702,2019,0.0
040103010702,2020,0.0
040103010703,2010,0.0
040103010703,2011,0.0
040103010703,2012,0.0
040103010703,2013,0.0
040103010703,2014,0.0
040103010703,2015,0.0
040103010703,2016,0.0
040103010703,2017,0.0
040103010703,2018,0.0
040103010703,2019,0.0
040103010703,2020,0.0
040103010704,2010,0.0
040103010704,2011,0.0
040103010704,2012,0.0
040103010704,2013,0.0
040103010704,2014,0.0
040103010704,2015,0.0
040103010704,2016,0.0
040103010704,2017,0.0
040103010704,2018,0.0
040103010704,2019,0.0
040103010704,2020,0.0
040103010705,2010,0.0
040103010705,2011,0.0
040103010705,2012,0.0
040103010705,2013,0.0
040103010705,2014,0.0
040103010705,2015,0.0
040103010705,2016,0.0
040103010705,2017,0.0
040103010705,2018,0.0
040103010705,2019,0.0
040103010705,2020,0.0
040103010801,2010,1.0967e-05
040103010801,2011,1.3613e-05
040103010801,2012,1.7987e-05
040103010801,2013,1.6869e-05
040103010801,2014,1.3617e-05
040103010801,2015,1.5237e-05
040103010801,2016,1.4513e-05
040103010801,2017,1.3732e-05
040103010801,2018,1.1501e-05
040103010801,2019,1.2066e-05
040103010801,2020,1.2689e-05
040103010802,2010,0.0
040103010802,2011,0.0
040103010802,2012,0.0
040103010802,2013,0.0
040103010802,2014,0.0
040103010802,2015,0.0
040103010802,2016,0.0
040103010802,2017,0.0
040103010802,2018,0.0
040103010802,2019,0.0
040103010802,2020,0.0
040103010803,2010,0.0
040103010803,2011,0.0
040103010803,2012,0.0
040103010803,2013,0.0
040103010803,2014,0.0
040103010803,2015,0.0
040103010803,2016,0.0
040103010803,2017,0.0
040103010803,2018,0.0
040103010803,2019,0.0
040103010803,2020,0.0
040103010804,2010,0.004376027
040103010804,2011,0.005431535
040103010804,2012,0.007176882
040103010804,2013,0.006730757
040103010804,2014,0.005433219
040103010804,2015,0.006079394
040103010804,2016,0.005790555
040103010804,2017,0.005479095
040103010804,2018,0.00458873
040103010804,2019,0.00481418
040103010804,2020,0.005062782
040103010805,2010,0.0
040103010805,2011,0.0
040103010805,2012,0.0
040103010805,2013,0.0
040103010805,2014,0.0
040103010805,2015,0.0
040103010805,2016,0.0
040103010805,2017,0.0
040103010805,2018,0.0
040103010805,2019,0.0
040103010805,2020,0.0
040103010806,2010,0.0
040103010806,2011,0.0
040103010806,2012,0.0
040103010806,2013,0.0
040103010806,2014,0.0
040103010806,2015,0.0
040103010806,2016,0.0
040103010806,2017,0.0
040103010806,2018,0.0
040103010806,2019,0.0
040103010806,2020,0.0
040103010807,2010,0.0
040103010807,2011,0.0
040103010807,2012,0.0
040103010807,2013,0.0
040103010807,2014,0.0
040103010807,2015,0.0
040103010807,2016,0.0
040103010807,2017,0.0
040103010807,2018,0.0
040103010807,2019,0.0
040103010807,2020,0.0
040103010901,2010,0.0
040103010901,2011,0.0
040103010901,2012,0.0
040103010901,2013,0.0
040103010901,2014,0.0
040103010901,2015,0.0
040103010901,2016,0.0
040103010901,2017,0.0
040103010901,2018,0.0
040103010901,2019,0.0
040103010901,2020,0.0
040103010902,2010,0.0
040103010902,2011,0.0
040103010902,2012,0.0
040103010902,2013,0.0
040103010902,2014,0.0
040103010902,2015,0.0
040103010902,2016,0.0
040103010902,2017,0.0
040103010902,2018,0.0
040103010902,2019,0.0
040103010902,2020,0.0
040103010903,2010,0.0
040103010903,2011,0.0
040103010903,2012,0.0
040103010903,2013,0.0
040103010903,2014,0.0
040103010903,2015,0.0
040103010903,2016,0.0
040103010903,2017,0.0
040103010903,2018,0.0
040103010903,2019,0.0
040103010903,2020,0.0
040103010904,2010,0.0
040103010904,2011,0.0
040103010904,2012,0.0
040103010904,2013,0.0
040103010904,2014,0.0
040103010904,2015,0.0
040103010904,2016,0.0
040103010904,2017,0.0
040103010904,2018,0.0
040103010904,2019,0.0
040103010904,2020,0.0
040103010905,2010,0.0
040103010905,2011,0.0
040103010905,2012,0.0
040103010905,2013,0.0
040103010905,2014,0.0
040103010905,2015,0.0
040103010905,2016,0.0
040103010905,2017,0.0
040103010905,2018,0.0
040103010905,2019,0.0
040103010905,2020,0.0
040103010906,2010,0.0
040103010906,2011,0.0
040103010906,2012,0.0
040103010906,2013,0.0
040103010906,2014,0.0
040103010906,2015,0.0
040103010906,2016,0.0
040103010906,2017,0.0
040103010906,2018,0.0
040103010906,2019,0.0
040103010906,2020,0.0
040103010907,2010,0.000138211
040103010907,2011,0.000142005
040103010907,2012,0.000198504
040103010907,2013,0.000190181
040103010907,2014,0.000146998
040103010907,2015,0.000171516
040103010907,2016,0.000158568
040103010907,2017,0.000158116
040103010907,2018,0.000170341
040103010907,2019,0.000178349
040103010907,2020,0.000187001
040103010908,2010,0.00039903
040103010908,2011,0.000409983
040103010908,2012,0.000573101
040103010908,2013,0.000549071
040103010908,2014,0.000424398
040103010908,2015,0.000495183
040103010908,2016,0.000457802
040103010908,2017,0.000456497
040103010908,2018,0.00049179
040103010908,2019,0.000514912
040103010908,2020,0.00053989
040103011002,2010,0.0
040103011002,2011,0.0
040103011002,2012,0.0
040103011002,2013,0.0
040103011002,2014,0.0
040103011002,2015,0.0
040103011002,2016,0.0
040103011002,2017,0.0
040103011002,2018,0.0
040103011002,2019,0.0
040103011002,2020,0.0
040103011003,2010,0.003906866
040103011003,2011,0.003630336
040103011003,2012,0.004169169
040103011003,2013,0.003479619
040103011003,2014,0.00313031
040103011003,2015,0.003595416
040103011003,2016,0.003679808
040103011003,2017,0.003109232
040103011003,2018,0.003178991
040103011003,2019,0.003577227
040103011003,2020,0.003527094
040103011004,2010,0.0
040103011004,2011,0.0
040103011004,2012,0.0
040103011004,2013,0.0
040103011004,2014,0.0
040103011004,2015,0.0
040103011004,2016,0.0
040103011004,2017,0.0
040103011004,2018,0.0
040103011004,2019,0.0
040103011004,2020,0.0
040103011005,2010,0.0
040103011005,2011,0.0
040103011005,2012,0.0
040103011005,2013,0.0
040103011005,2014,0.0
040103011005,2015,0.0
040103011005,2016,0.0
040103011005,2017,0.0
040103011005,2018,0.0
040103011005,2019,0.0
040103011005,2020,0.0
040103011006,2010,2.6357e-05
040103011006,2011,2.2965e-05
040103011006,2012,2.9453e-05
040103011006,2013,2.5062e-05
040103011006,2014,1.9675e-05
040103011006,2015,2.2788e-05
040103011006,2016,2.0922e-05
040103011006,2017,1.961e-05
040103011006,2018,1.9102e-05
040103011006,2019,2.1032e-05
040103011006,2020,2.1168e-05
040103011007,2010,0.010200328
040103011007,2011,0.008887637
040103011007,2012,0.01139814
040103011007,2013,0.009699155
040103011007,2014,0.007614169
040103011007,2015,0.008819017
040103011007,2016,0.008096749
040103011007,2017,0.007589221
040103011007,2018,0.007392413
040103011007,2019,0.008139255
040103011007,2020,0.00819185
040103011008,2010,0.00157266
040103011008,2011,0.001370273
040103011008,2012,0.001757336
040103011008,2013,0.001495391
040103011008,2014,0.001173933
040103011008,2015,0.001359693
040103011008,2016,0.001248336
040103011008,2017,0.001170087
040103011008,2018,0.001139743
040103011008,2019,0.001254889
040103011008,2020,0.001262998
040103011101,2010,0.000332673
040103011101,2011,0.000378469
040103011101,2012,0.000478534
040103011101,2013,0.000423428
040103011101,2014,0.000357253
040103011101,2015,0.000408591
040103011101,2016,0.000401964
040103011101,2017,0.000374191
040103011101,2018,0.000367657
040103011101,2019,0.000388085
040103011101,2020,0.00037015
040103011102,2010,0.0
040103011102,2011,0.0
040103011102,2012,0.0
040103011102,2013,0.0
040103011102,2014,0.0
040103011102,2015,0.0
040103011102,2016,0.0
040103011102,2017,0.0
040103011102,2018,0.0
040103011102,2019,0.0
040103011102,2020,0.0
040103011103,2010,0.0
040103011103,2011,0.0
040103011103,2012,0.0
040103011103,2013,0.0
040103011103,2014,0.0
040103011103,2015,0.0
040103011103,2016,0.0
040103011103,2017,0.0
040103011103,2018,0.0
040103011103,2019,0.0
040103011103,2020,0.0
040103011104,2010,0.0
040103011104,2011,0.0
040103011104,2012,0.0
040103011104,2013,0.0
040103011104,2014,0.0
040103011104,2015,0.0
040103011104,2016,0.0
040103011104,2017,0.0
040103011104,2018,0.0
040103011104,2019,0.0
040103011104,2020,0.0
040103011105,2010,0.046427937
040103011105,2011,0.043886981
040103011105,2012,0.055010657
040103011105,2013,0.047257492
040103011105,2014,0.043510246
040103011105,2015,0.051475057
040103011105,2016,0.047271702
040103011105,2017,0.042501235
040103011105,2018,0.041600644
040103011105,2019,0.044137769
040103011105,2020,0.043705551
040103020101,2010,0.0
040103020101,2011,0.0
040103020101,2012,0.0
040103020101,2013,0.0
040103020101,2014,0.0
040103020101,2015,0.0
040103020101,2016,0.0
040103020101,2017,0.0
040103020101,2018,0.0
040103020101,2019,0.0
040103020101,2020,0.0
040103020102,2010,0.0
040103020102,2011,0.0
040103020102,2012,0.0
040103020102,2013,0.0
040103020102,2014,0.0
040103020102,2015,0.0
040103020102,2016,0.0
040103020102,2017,0.0
040103020102,2018,0.0
040103020102,2019,0.0
040103020102,2020,0.0
040103020103,2010,0.0
040103020103,2011,0.0
040103020103,2012,0.0
040103020103,2013,0.0
040103020103,2014,0.0
040103020103,2015,0.0
040103020103,2016,0.0
040103020103,2017,0.0
040103020103,2018,0.0
040103020103,2019,0.0
040103020103,2020,0.0
040103020104,2010,0.00120703
040103020104,2011,0.001208387
040103020104,2012,0.001513638
040103020104,2013,0.00132351
040103020104,2014,0.001454697
040103020104,2015,0.001230231
040103020104,2016,0.001110721
040103020104,2017,0.001044656
040103020104,2018,0.001060265
040103020104,2019,0.001047869
040103020104,2020,0.001083033
040103020106,2010,0.00514179
040103020106,2011,0.005120492
040103020106,2012,0.006537495
040103020106,2013,0.005731342
040103020106,2014,0.007054866
040103020106,2015,0.0053625
040103020106,2016,0.004767701
040103020106,2017,0.004429464
040103020106,2018,0.00457387
040103020106,2019,0.00442213
040103020106,2020,0.004662034
040103020107,2010,0.078787065
040103020107,2011,0.07965818
040103020107,2012,0.096210526
040103020107,2013,0.08369127
040103020107,2014,0.070151078
040103020107,2015,0.076778516
040103020107,2016,0.071454939
040103020107,2017,0.068784607
040103020107,2018,0.067551397
040103020107,2019,0.069602009
040103020107,2020,0.069292713
040103020109,2010,0.0
040103020109,2011,0.0
040103020109,2012,0.0
040103020109,2013,0.0
040103020109,2014,0.0
040103020109,2015,0.0
040103020109,2016,0.0
040103020109,2017,0.0
040103020109,2018,0.0
040103020109,2019,0.0
040103020109,2020,0.0
040103020201,2010,0.0
040103020201,2011,0.0
040103020201,2012,0.0
040103020201,2013,0.0
040103020201,2014,0.0
040103020201,2015,0.0
040103020201,2016,0.0
040103020201,2017,0.0
040103020201,2018,0.0
040103020201,2019,0.0
040103020201,2020,0.0
040103020202,2010,0.0
040103020202,2011,0.0
040103020202,2012,0.0
040103020202,2013,0.0
040103020202,2014,0.0
040103020202,2015,0.0
040103020202,2016,0.0
040103020202,2017,0.0
040103020202,2018,0.0
040103020202,2019,0.0
040103020202,2020,0.0
040103020203,2010,0.0
040103020203,2011,0.0
040103020203,2012,0.0
040103020203,2013,0.0
040103020203,2014,0.0
040103020203,2015,0.0
040103020203,2016,0.0
040103020203,2017,0.0
040103020203,2018,0.0
040103020203,2019,0.0
040103020203,2020,0.0
040103020301,2010,0.0
040103020301,2011,0.0
040103020301,2012,0.0
040103020301,2013,0.0
040103020301,2014,0.0
040103020301,2015,0.0
040103020301,2016,0.0
040103020301,2017,0.0
040103020301,2018,0.0
040103020301,2019,0.0
040103020301,2020,0.0
040103020302,2010,0.0
040103020302,2011,0.0
040103020302,2012,0.0
040103020302,2013,0.0
040103020302,2014,0.0
040103020302,2015,0.0
040103020302,2016,0.0
040103020302,2017,0.0
040103020302,2018,0.0
040103020302,2019,0.0
040103020302,2020,0.0
040103020303,2010,0.0
040103020303,2011,0.0
040103020303,2012,0.0
040103020303,2013,0.0
040103020303,2014,0.0
040103020303,2015,0.0
040103020303,2016,0.0
040103020303,2017,0.0
040103020303,2018,0.0
040103020303,2019,0.0
040103020303,2020,0.0
040103020304,2010,0.000925302
040103020304,2011,0.001010841
040103020304,2012,0.001308165
040103020304,2013,0.001164374
040103020304,2014,0.001062629
040103020304,2015,0.00137347
040103020304,2016,0.001206599
040103020304,2017,0.00104262
040103020304,2018,0.000943764
040103020304,2019,0.000979403
040103020304,2020,0.000935493
040103020305,2010,0.002134503
040103020305,2011,0.002331826
040103020305,2012,0.003017699
040103020305,2013,0.002685999
040103020305,2014,0.002451292
040103020305,2015,0.003168347
040103020305,2016,0.002783403
040103020305,2017,0.002405136
040103020305,2018,0.002177092
040103020305,2019,0.002259305
040103020305,2020,0.002158011
040103020401,2010,0.0
040103020401,2011,0.0
040103020401,2012,0.0
040103020401,2013,0.0
040103020401,2014,0.0
040103020401,2015,0.0
040103020401,2016,0.0
040103020401,2017,0.0
040103020401,2018,0.0
040103020401,2019,0.0
040103020401,2020,0.0
040103020402,2010,0.0
040103020402,2011,0.0
040103020402,2012,0.0
040103020402,2013,0.0
040103020402,2014,0.0
040103020402,2015,0.0
040103020402,2016,0.0
040103020402,2017,0.0
040103020402,2018,0.0
040103020402,2019,0.0
040103020402,2020,0.0
040103020403,2010,0.0
040103020403,2011,0.0
040103020403,2012,0.0
040103020403,2013,0.0
040103020403,2014,0.0
040103020403,2015,0.0
040103020403,2016,0.0
040103020403,2017,0.0
040103020403,2018,0.0
040103020403,2019,0.0
040103020403,2020,0.0
040103020404,2010,0.0
040103020404,2011,0.0
040103020404,2012,0.0
040103020404,2013,0.0
040103020404,2014,0.0
040103020404,2015,0.0
040103020404,2016,0.0
040103020404,2017,0.0
040103020404,2018,0.0
040103020404,2019,0.0
040103020404,2020,0.0
040103020405,2010,0.0
040103020405,2011,0.0
040103020405,2012,0.0
040103020405,2013,0.0
040103020405,2014,0.0
040103020405,2015,0.0
040103020405,2016,0.0
040103020405,2017,0.0
040103020405,2018,0.0
040103020405,2019,0.0
040103020405,2020,0.0
040103020501,2010,0.001826367
040103020501,2011,0.001836997
040103020501,2012,0.002561235
040103020501,2013,0.002029683
040103020501,2014,0.002521761
040103020501,2015,0.001891978
040103020501,2016,0.001885935
040103020501,2017,0.001903789
040103020501,2018,0.001794322
040103020501,2019,0.001777791
040103020501,2020,0.001835855
040103020502,2010,6.3862e-05
040103020502,2011,6.552e-05
040103020502,2012,0.000103512
040103020502,2013,6.9981e-05
040103020502,2014,8.3454e-05
040103020502,2015,6.457e-05
040103020502,2016,7.7414e-05
040103020502,2017,8.681e-05
040103020502,2018,7.2685e-05
040103020502,2019,7.5037e-05
040103020502,2020,7.4818e-05
040103020503,2010,0.0
040103020503,2011,0.0
040103020503,2012,0.0
040103020503,2013,0.0
040103020503,2014,0.0
040103020503,2015,0.0
040103020503,2016,0.0
040103020503,2017,0.0
040103020503,2018,0.0
040103020503,2019,0.0
040103020503,2020,0.0
040103020504,2010,0.0
040103020504,2011,0.0
040103020504,2012,0.0
040103020504,2013,0.0
040103020504,2014,0.0
040103020504,2015,0.0
040103020504,2016,0.0
040103020504,2017,0.0
040103020504,2018,0.0
040103020504,2019,0.0
040103020504,2020,0.0
040103020505,2010,0.000502651
040103020505,2011,0.000640485
040103020505,2012,0.000786063
040103020505,2013,0.000693903
040103020505,2014,0.000602071
040103020505,2015,0.000682887
040103020505,2016,0.000633986
040103020505,2017,0.000597017
040103020505,2018,0.000597877
040103020505,2019,0.000618853
040103020505,2020,0.000635535
040103020506,2010,0.0
040103020506,2011,0.0
040103020506,2012,0.0
040103020506,2013,0.0
040103020506,2014,0.0
040103020506,2015,0.0
040103020506,2016,0.0
040103020506,2017,0.0
040103020506,2018,0.0
040103020506,2019,0.0
040103020506,2020,0.0
040103020601,2010,0.0
040103020601,2011,0.0
040103020601,2012,0.0
040103020601,2013,0.0
040103020601,2014,0.0
040103020601,2015,0.0
040103020601,2016,0.0
040103020601,2017,0.0
040103020601,2018,0.0
040103020601,2019,0.0
040103020601,2020,0.0
040103020602,2010,0.0
040103020602,2011,0.0
040103020602,2012,0.0
040103020602,2013,0.0
040103020602,2014,0.0
040103020602,2015,0.0
040103020602,2016,0.0
040103020602,2017,0.0
040103020602,2018,0.0
040103020602,2019,0.0
040103020602,2020,0.0
040103020603,2010,0.0
040103020603,2011,0.0
040103020603,2012,0.0
040103020603,2013,0.0
040103020603,2014,0.0
040103020603,2015,0.0
040103020603,2016,0.0
040103020603,2017,0.0
040103020603,2018,0.0
040103020603,2019,0.0
040103020603,2020,0.0
040103020604,2010,0.0
040103020604,2011,0.0
040103020604,2012,0.0
040103020604,2013,0.0
040103020604,2014,0.0
040103020604,2015,0.0
040103020604,2016,0.0
040103020604,2017,0.0
040103020604,2018,0.0
040103020604,2019,0.0
040103020604,2020,0.0
040103020605,2010,0.000748813
040103020605,2011,0.000755855
040103020605,2012,0.000915795
040103020605,2013,0.000891156
040103020605,2014,0.000680322
040103020605,2015,0.000817999
040103020605,2016,0.000743365
040103020605,2017,0.000651843
040103020605,2018,0.000722848
040103020605,2019,0.00074307
040103020605,2020,0.000757136
040103020606,2010,0.0
040103020606,2011,0.0
040103020606,2012,0.0
040103020606,2013,0.0
040103020606,2014,0.0
040103020606,2015,0.0
040103020606,2016,0.0
040103020606,2017,0.0
040103020606,2018,0.0
040103020606,2019,0.0
040103020606,2020,0.0
040103020607,2010,0.0
040103020607,2011,0.0
040103020607,2012,0.0
040103020607,2013,0.0
040103020607,2014,0.0
040103020607,2015,0.0
040103020607,2016,0.0
040103020607,2017,0.0
040103020607,2018,0.0
040103020607,2019,0.0
040103020607,2020,0.0
040103020608,2010,0.0
040103020608,2011,0.0
040103020608,2012,0.0
040103020608,2013,0.0
040103020608,2014,0.0
040103020608,2015,0.0
040103020608,2016,0.0
040103020608,2017,0.0
040103020608,2018,0.0
040103020608,2019,0.0
040103020608,2020,0.0
040103020609,2010,0.0
040103020609,2011,0.0
040103020609,2012,0.0
040103020609,2013,0.0
040103020609,2014,0.0
040103020609,2015,0.0
040103020609,2016,0.0
040103020609,2017,0.0
040103020609,2018,0.0
040103020609,2019,0.0
040103020609,2020,0.0
040103020610,2010,0.0
040103020610,2011,0.0
040103020610,2012,0.0
040103020610,2013,0.0
040103020610,2014,0.0
040103020610,2015,0.0
040103020610,2016,0.0
040103020610,2017,0.0
040103020610,2018,0.0
040103020610,2019,0.0
040103020610,2020,0.0
040103020611,2010,0.0
040103020611,2011,0.0
040103020611,2012,0.0
040103020611,2013,0.0
040103020611,2014,0.0
040103020611,2015,0.0
040103020611,2016,0.0
040103020611,2017,0.0
040103020611,2018,0.0
040103020611,2019,0.0
040103020611,2020,0.0
040103020612,2010,7.336e-06
040103020612,2011,9.142e-06
040103020612,2012,1.1602e-05
040103020612,2013,1.0392e-05
040103020612,2014,8.444e-06
040103020612,2015,9.505e-06
040103020612,2016,9.651e-06
040103020612,2017,9.118e-06
040103020612,2018,8.973e-06
040103020612,2019,9.451e-06
040103020612,2020,8.871e-06
040103020701,2010,0.0
040103020701,2011,0.0
040103020701,2012,0.0
040103020701,2013,0.0
040103020701,2014,0.0
040103020701,2015,0.0
040103020701,2016,0.0
040103020701,2017,0.0
040103020701,2018,0.0
040103020701,2019,0.0
040103020701,2020,0.0
040103020702,2010,0.0
040103020702,2011,0.0
040103020702,2012,0.0
040103020702,2013,0.0
040103020702,2014,0.0
040103020702,2015,0.0
040103020702,2016,0.0
040103020702,2017,0.0
040103020702,2018,0.0
040103020702,2019,0.0
040103020702,2020,0.0
040103020703,2010,0.000541685
040103020703,2011,0.000649674
040103020703,2012,0.000797899
040103020703,2013,0.000702118
040103020703,2014,0.000609172
040103020703,2015,0.000694479
040103020703,2016,0.000646208
040103020703,2017,0.000606554
040103020703,2018,0.000600497
040103020703,2019,0.000639212
040103020703,2020,0.000660491
040103020704,2010,0.001116435
040103020704,2011,0.001263978
040103020704,2012,0.001695358
040103020704,2013,0.001513024
040103020704,2014,0.001274141
040103020704,2015,0.001446585
040103020704,2016,0.001358466
040103020704,2017,0.001198315
040103020704,2018,0.001202305
040103020704,2019,0.001285237
040103020704,2020,0.001285619
040103020705,2010,0.0005668
040103020705,2011,0.000633242
040103020705,2012,0.000858848
040103020705,2013,0.000767522
040103020705,2014,0.000644038
040103020705,2015,0.000731209
040103020705,2016,0.000687584
040103020705,2017,0.00060165
040103020705,2018,0.000603959
040103020705,2019,0.000647846
040103020705,2020,0.000645791
040201010201,2010,0.0
040201010201,2011,0.0
040201010201,2012,0.0
040201010201,2013,0.0
040201010201,2014,0.0
040201010201,2015,0.0
040201010201,2016,0.0
040201010201,2017,0.0
040201010201,2018,0.0
040201010201,2019,0.0
040201010201,2020,0.0
040201010202,2010,0.0
040201010202,2011,0.0
040201010202,2012,0.0
040201010202,2013,0.0
040201010202,2014,0.0
040201010202,2015,0.0
040201010202,2016,0.0
040201010202,2017,0.0
040201010202,2018,0.0
040201010202,2019,0.0
040201010202,2020,0.0
040201010301,2010,0.0
040201010301,2011,0.0
040201010301,2012,0.0
040201010301,2013,0.0
040201010301,2014,0.0
040201010301,2015,0.0
040201010301,2016,0.0
040201010301,2017,0.0
040201010301,2018,0.0
040201010301,2019,0.0
040201010301,2020,0.0
040201010302,2010,0.0
040201010302,2011,0.0
040201010302,2012,0.0
040201010302,2013,0.0
040201010302,2014,0.0
040201010302,2015,0.0
040201010302,2016,0.0
040201010302,2017,0.0
040201010302,2018,0.0
040201010302,2019,0.0
040201010302,2020,0.0
040201010303,2010,0.0
040201010303,2011,0.0
040201010303,2012,0.0
040201010303,2013,0.0
040201010303,2014,0.0
040201010303,2015,0.0
040201010303,2016,0.0
040201010303,2017,0.0
040201010303,2018,0.0
040201010303,2019,0.0
040201010303,2020,0.0
040201010305,2010,0.0
040201010305,2011,0.0
040201010305,2012,0.0
040201010305,2013,0.0
040201010305,2014,0.0
040201010305,2015,0.0
040201010305,2016,0.0
040201010305,2017,0.0
040201010305,2018,0.0
040201010305,2019,0.0
040201010305,2020,0.0
040201020101,2010,0.0
040201020101,2011,0.0
040201020101,2012,0.0
040201020101,2013,0.0
040201020101,2014,0.0
040201020101,2015,0.0
040201020101,2016,0.0
040201020101,2017,0.0
040201020101,2018,0.0
040201020101,2019,0.0
040201020101,2020,0.0
040201020102,2010,0.0
040201020102,2011,0.0
040201020102,2012,0.0
040201020102,2013,0.0
040201020102,2014,0.0
040201020102,2015,0.0
040201020102,2016,0.0
040201020102,2017,0.0
040201020102,2018,0.0
040201020102,2019,0.0
040201020102,2020,0.0
040301010101,2010,0.015955717
040301010101,2011,0.015742126
040301010101,2012,0.019534725
040301010101,2013,0.017281864
040301010101,2014,0.014662575
040301010101,2015,0.014772729
040301010101,2016,0.013154253
040301010101,2017,0.014005159
040301010101,2018,0.013732102
040301010101,2019,0.013579953
040301010101,2020,0.013546109
040301010102,2010,0.0
040301010102,2011,0.0
040301010102,2012,0.0
040301010102,2013,0.0
040301010102,2014,0.0
040301010102,2015,0.0
040301010102,2016,0.0
040301010102,2017,0.0
040301010102,2018,0.0
040301010102,2019,0.0
040301010102,2020,0.0
040301010103,2010,0.0
040301010103,2011,0.0
040301010103,2012,0.0
040301010103,2013,0.0
040301010103,2014,0.0
040301010103,2015,0.0
040301010103,2016,0.0
040301010103,2017,0.0
040301010103,2018,0.0
040301010103,2019,0.0
040301010103,2020,0.0
040301010104,2010,0.0
040301010104,2011,0.0
040301010104,2012,0.0
040301010104,2013,0.0
040301010104,2014,0.0
040301010104,2015,0.0
040301010104,2016,0.0
040301010104,2017,0.0
040301010104,2018,0.0
040301010104,2019,0.0
040301010104,2020,0.0
040301010105,2010,0.039363629
040301010105,2011,0.041092585
040301010105,2012,0.050608171
040301010105,2013,0.04457286
040301010105,2014,0.039074422
040301010105,2015,0.040296832
040301010105,2016,0.036875778
040301010105,2017,0.037929625
040301010105,2018,0.036057133
040301010105,2019,0.036174503
040301010105,2020,0.03621812
040301010201,2010,0.0
040301010201,2011,0.0
040301010201,2012,0.0
040301010201,2013,0.0
040301010201,2014,0.0
040301010201,2015,0.0
040301010201,2016,0.0
040301010201,2017,0.0
040301010201,2018,0.0
040301010201,2019,0.0
040301010201,2020,0.0
040301010202,2010,3.4633e-05
040301010202,2011,3.6922e-05
040301010202,2012,4.78e-05
040301010202,2013,4.2847e-05
040301010202,2014,4.0685e-05
040301010202,2015,4.4747e-05
040301010202,2016,4.0168e-05
040301010202,2017,4.1763e-05
040301010202,2018,3.9478e-05
040301010202,2019,3.6555e-05
040301010202,2020,3.8915e-05
040301010203,2010,0.014234183
040301010203,2011,0.015174913
040301010203,2012,0.019645869
040301010203,2013,0.017610284
040301010203,2014,0.016721598
040301010203,2015,0.018391038
040301010203,2016,0.016509184
040301010203,2017,0.017164624
040301010203,2018,0.016225571
040301010203,2019,0.015024107
040301010203,2020,0.015994076
040301010204,2010,0.003682663
040301010204,2011,0.003894594
040301010204,2012,0.004804352
040301010204,2013,0.004214724
040301010204,2014,0.004057832
040301010204,2015,0.004114219
040301010204,2016,0.003747279
040301010204,2017,0.00377564
040301010204,2018,0.003204129
040301010204,2019,0.003204988
040301010204,2020,0.003245656
040301010205,2010,0.041337936
040301010205,2011,0.043162617
040301010205,2012,0.052960447
040301010205,2013,0.04672341
040301010205,2014,0.040292866
040301010205,2015,0.041838713
040301010205,2016,0.038402048
040301010205,2017,0.03962812
040301010205,2018,0.037675062
040301010205,2019,0.037679412
040301010205,2020,0.037613431
040301010301,2010,0.002035537
040301010301,2011,0.002229757
040301010301,2012,0.003024265
040301010301,2013,0.002335496
040301010301,2014,0.002839117
040301010301,2015,0.003005505
040301010301,2016,0.002674107
040301010301,2017,0.002502044
040301010301,2018,0.00268532
040301010301,2019,0.002697329
040301010301,2020,0.002845928
040301010302,2010,0.021214179
040301010302,2011,0.023606439
040301010302,2012,0.031251675
040301010302,2013,0.024256889
040301010302,2014,0.023893177
040301010302,2015,0.025370998
040301010302,2016,0.022594087
040301010302,2017,0.022465631
040301010302,2018,0.021823822
040301010302,2019,0.02234324
040301010302,2020,0.022249748
040301010303,2010,0.005062122
040301010303,2011,0.005545692
040301010303,2012,0.007523486
040301010303,2013,0.005801915
040301010303,2014,0.007100894
040301010303,2015,0.007515364
040301010303,2016,0.006691727
040301010303,2017,0.006251667
040301010303,2018,0.006724032
040301010303,2019,0.006759432
040301010303,2020,0.00712849
040301010401,2010,0.000382418
040301010401,2011,0.000442694
040301010401,2012,0.000581014
040301010401,2013,0.000454191
040301010401,2014,0.000437513
040301010401,2015,0.000458496
040301010401,2016,0.000404086
040301010401,2017,0.00039975
040301010401,2018,0.000393684
040301010401,2019,0.000392775
040301010401,2020,0.00043495
040301010402,2010,0.0
040301010402,2011,0.0
040301010402,2012,0.0
040301010402,2013,0.0
040301010402,2014,0.0
040301010402,2015,0.0
040301010402,2016,0.0
040301010402,2017,0.0
040301010402,2018,0.0
040301010402,2019,0.0
040301010402,2020,0.0
040301010403,2010,0.024670884
040301010403,2011,0.027632839
040301010403,2012,0.035698654
040301010403,2013,0.029406229
040301010403,2014,0.027059104
040301010403,2015,0.028416391
040301010403,2016,0.024745324
040301010403,2017,0.024603786
040301010403,2018,0.0235131
040301010403,2019,0.023173788
040301010403,2020,0.024168175
040301010404,2010,0.026765468
040301010404,2011,0.031164852
040301010404,2012,0.041054039
040301010404,2013,0.034722761
040301010404,2014,0.033211845
040301010404,2015,0.034621165
040301010404,2016,0.029758471
040301010404,2017,0.029579786
040301010404,2018,0.029014406
040301010404,2019,0.027180166
040301010404,2020,0.029363363
040301010405,2010,0.0
040301010405,2011,0.0
040301010405,2012,0.0
040301010405,2013,0.0
040301010405,2014,0.0
040301010405,2015,0.0
040301010405,2016,0.0
040301010405,2017,0.0
040301010405,2018,0.0
040301010405,2019,0.0
040301010405,2020,0.0
040301010406,2010,0.002701306
040301010406,2011,0.002876524
040301010406,2012,0.003895222
040301010406,2013,0.003099043
040301010406,2014,0.002889272
040301010406,2015,0.003106127
040301010406,2016,0.002643172
040301010406,2017,0.002561958
040301010406,2018,0.002507546
040301010406,2019,0.002333379
040301010406,2020,0.002497975
040301010407,2010,0.0
040301010407,2011,0.0
040301010407,2012,0.0
040301010407,2013,0.0
040301010407,2014,0.0
040301010407,2015,0.0
040301010407,2016,0.0
040301010407,2017,0.0
040301010407,2018,0.0
040301010407,2019,0.0
040301010407,2020,0.0
040301010408,2010,0.0
040301010408,2011,0.0
040301010408,2012,0.0
040301010408,2013,0.0
040301010408,2014,0.0
040301010408,2015,0.0
040301010408,2016,0.0
040301010408,2017,0.0
040301010408,2018,0.0
040301010408,2019,0.0
040301010408,2020,0.0
040301010501,2010,0.0
040301010501,2011,0.0
040301010501,2012,0.0
040301010501,2013,0.0
040301010501,2014,0.0
040301010501,2015,0.0
040301010501,2016,0.0
040301010501,2017,0.0
040301010501,2018,0.0
040301010501,2019,0.0
040301010501,2020,0.0
040301010502,2010,0.001540907
040301010502,2011,0.001718148
040301010502,2012,0.002180491
040301010502,2013,0.001774831
040301010502,2014,0.001575258
040301010502,2015,0.001684581
040301010502,2016,0.001476727
040301010502,2017,0.001517403
040301010502,2018,0.001453703
040301010502,2019,0.001415909
040301010502,2020,0.001452199
040301010503,2010,0.000845761
040301010503,2011,0.000943044
040301010503,2012,0.001196811
040301010503,2013,0.000974155
040301010503,2014,0.000864615
040301010503,2015,0.00092462
040301010503,2016,0.000810535
040301010503,2017,0.00083286
040301010503,2018,0.000797897
040301010503,2019,0.000777153
040301010503,2020,0.000797072
040301010601,2010,0.006842098
040301010601,2011,0.00750023
040301010601,2012,0.00972016
040301010601,2013,0.008104308
040301010601,2014,0.007414454
040301010601,2015,0.007684667
040301010601,2016,0.006672489
040301010601,2017,0.006851691
040301010601,2018,0.006487866
040301010601,2019,0.006463669
040301010601,2020,0.006528363
040301010602,2010,0.004660495
040301010602,2011,0.005005204
040301010602,2012,0.006170941
040301010602,2013,0.004863543
040301010602,2014,0.004707349
040301010602,2015,0.005086728
040301010602,2016,0.004044959
040301010602,2017,0.003903229
040301010602,2018,0.004025712
040301010602,2019,0.00383172
040301010602,2020,0.003957956
040301010603,2010,0.008656162
040301010603,2011,0.009391401
040301010603,2012,0.011904534
040301010603,2013,0.00987325
040301010603,2014,0.008940659
040301010603,2015,0.009321028
040301010603,2016,0.008346908
040301010603,2017,0.008495524
040301010603,2018,0.008388837
040301010603,2019,0.008446824
040301010603,2020,0.008608318
040301010604,2010,0.129939958
040301010604,2011,0.117880058
040301010604,2012,0.146791123
040301010604,2013,0.126893895
040301010604,2014,0.113694488
040301010604,2015,0.122221776
040301010604,2016,0.109088032
040301010604,2017,0.110952062
040301010604,2018,0.105539191
040301010604,2019,0.109928193
040301010604,2020,0.115790566
040301010605,2010,0.091768198
040301010605,2011,0.082402469
040301010605,2012,0.102730502
040301010605,2013,0.088664451
040301010605,2014,0.079677039
040301010605,2015,0.085874231
040301010605,2016,0.076487555
040301010605,2017,0.077709106
040301010605,2018,0.073920979
040301010605,2019,0.07722929
040301010605,2020,0.08165895
040301010701,2010,0.012184048
040301010701,2011,0.010940562
040301010701,2012,0.013639511
040301010701,2013,0.011771964
040301010701,2014,0.010578707
040301010701,2015,0.011401507
040301010701,2016,0.01015524
040301010701,2017,0.010317425
040301010701,2018,0.009814476
040301010701,2019,0.01025372
040301010701,2020,0.010841845
040301010702,2010,1.1933e-05
040301010702,2011,1.0716e-05
040301010702,2012,1.3359e-05
040301010702,2013,1.153e-05
040301010702,2014,1.0361e-05
040301010702,2015,1.1167e-05
040301010702,2016,9.946e-06
040301010702,2017,1.0105e-05
040301010702,2018,9.613e-06
040301010702,2019,1.0043e-05
040301010702,2020,1.0619e-05
040301010703,2010,0.0
040301010703,2011,0.0
040301010703,2012,0.0
040301010703,2013,0.0
040301010703,2014,0.0
040301010703,2015,0.0
040301010703,2016,0.0
040301010703,2017,0.0
040301010703,2018,0.0
040301010703,2019,0.0
040301010703,2020,0.0
040301010704,2010,0.008894716
040301010704,2011,0.009526716
040301010704,2012,0.011754554
040301010704,2013,0.0103775
040301010704,2014,0.009017857
040301010704,2015,0.009421893
040301010704,2016,0.00876963
040301010704,2017,0.0089708
040301010704,2018,0.00849088
040301010704,2019,0.00857471
040301010704,2020,0.00842846
040301010705,2010,0.000791485
040301010705,2011,0.000900489
040301010705,2012,0.001130667
040301010705,2013,0.0009345
040301010705,2014,0.000853264
040301010705,2015,0.000898258
040301010705,2016,0.000824757
040301010705,2017,0.000835028
040301010705,2018,0.000801384
040301010705,2019,0.000822268
040301010705,2020,0.000817974
040301010801,2010,0.0
040301010801,2011,0.0
040301010801,2012,0.0
040301010801,2013,0.0
040301010801,2014,0.0
040301010801,2015,0.0
040301010801,2016,0.0
040301010801,2017,0.0
040301010801,2018,0.0
040301010801,2019,0.0
040301010801,2020,0.0
040301010802,2010,0.0
040301010802,2011,0.0
040301010802,2012,0.0
040301010802,2013,0.0
040301010802,2014,0.0
040301010802,2015,0.0
040301010802,2016,0.0
040301010802,2017,0.0
040301010802,2018,0.0
040301010802,2019,0.0
040301010802,2020,0.0
040301010803,2010,0.015023557
040301010803,2011,0.01709262
040301010803,2012,0.021461735
040301010803,2013,0.017738186
040301010803,2014,0.016196216
040301010803,2015,0.017050258
040301010803,2016,0.015655115
040301010803,2017,0.015850065
040301010803,2018,0.015211461
040301010803,2019,0.015607865
040301010803,2020,0.015526358
040301010804,2010,0.021326122
040301010804,2011,0.024263183
040301010804,2012,0.030465194
040301010804,2013,0.025179572
040301010804,2014,0.022990726
040301010804,2015,0.02420305
040301010804,2016,0.022222627
040301010804,2017,0.022499361
040301010804,2018,0.021592855
040301010804,2019,0.022155555
040301010804,2020,0.022039854
040301010901,2010,0.0
040301010901,2011,0.0
040301010901,2012,0.0
040301010901,2013,0.0
040301010901,2014,0.0
040301010901,2015,0.0
040301010901,2016,0.0
040301010901,2017,0.0
040301010901,2018,0.0
040301010901,2019,0.0
040301010901,2020,0.0
040301010902,2010,0.002886755
040301010902,2011,0.003271924
040301010902,2012,0.004084676
040301010902,2013,0.003280325
040301010902,2014,0.003120414
040301010902,2015,0.003083676
040301010902,2016,0.002714936
040301010902,2017,0.002727281
040301010902,2018,0.002521577
040301010902,2019,0.002306603
040301010902,2020,0.002408807
040301010903,2010,0.067418078
040301010903,2011,0.077379946
040301010903,2012,0.099077328
040301010903,2013,0.081998916
040301010903,2014,0.076516561
040301010903,2015,0.079651032
040301010903,2016,0.071934731
040301010903,2017,0.071025933
040301010903,2018,0.066078837
040301010903,2019,0.062448292
040301010903,2020,0.062903527
040301011001,2010,0.002948964
040301011001,2011,0.003369174
040301011001,2012,0.00407119
040301011001,2013,0.003373237
040301011001,2014,0.003075272
040301011001,2015,0.003052924
040301011001,2016,0.002766186
040301011001,2017,0.002688319
040301011001,2018,0.002717898
040301011001,2019,0.002738526
040301011001,2020,0.002822932
040301011002,2010,0.007621636
040301011002,2011,0.008514434
040301011002,2012,0.011633109
040301011002,2013,0.009574952
040301011002,2014,0.008302567
040301011002,2015,0.00810636
040301011002,2016,0.007583731
040301011002,2017,0.007859201
040301011002,2018,0.007094509
040301011002,2019,0.006861837
040301011002,2020,0.007256928
040301011003,2010,0.0
040301011003,2011,0.0
040301011003,2012,0.0
040301011003,2013,0.0
040301011003,2014,0.0
040301011003,2015,0.0
040301011003,2016,0.0
040301011003,2017,0.0
040301011003,2018,0.0
040301011003,2019,0.0
040301011003,2020,0.0
040301011004,2010,0.00469503
040301011004,2011,0.005346501
040301011004,2012,0.006715855
040301011004,2013,0.005543712
040301011004,2014,0.005051005
040301011004,2015,0.005307898
040301011004,2016,0.00487663
040301011004,2017,0.004938591
040301011004,2018,0.004734395
040301011004,2019,0.004853409
040301011004,2020,0.004833351
040301011101,2010,0.007684307
040301011101,2011,0.008773825
040301011101,2012,0.01148301
040301011101,2013,0.009180022
040301011101,2014,0.008563103
040301011101,2015,0.008891152
040301011101,2016,0.007707322
040301011101,2017,0.007753714
040301011101,2018,0.007509093
040301011101,2019,0.007213736
040301011101,2020,0.007886816
040301011102,2010,0.0
040301011102,2011,0.0
040301011102,2012,0.0
040301011102,2013,0.0
040301011102,2014,0.0
040301011102,2015,0.0
040301011102,2016,0.0
040301011102,2017,0.0
040301011102,2018,0.0
040301011102,2019,0.0
040301011102,2020,0.0
040301011103,2010,0.002954783
040301011103,2011,0.003352835
040301011103,2012,0.004389085
040301011103,2013,0.003565365
040301011103,2014,0.003074443
040301011103,2015,0.003193399
040301011103,2016,0.003057887
040301011103,2017,0.002840036
040301011103,2018,0.002756273
040301011103,2019,0.002853346
040301011103,2020,0.002991302
040301011104,2010,0.007571381
040301011104,2011,0.008652708
040301011104,2012,0.01093488
040301011104,2013,0.008610246
040301011104,2014,0.008335409
040301011104,2015,0.008033519
040301011104,2016,0.007193218
040301011104,2017,0.007032932
040301011104,2018,0.006405625
040301011104,2019,0.005517626
040301011104,2020,0.005726166
040301011105,2010,0.0
040301011105,2011,0.0
040301011105,2012,0.0
040301011105,2013,0.0
040301011105,2014,0.0
040301011105,2015,0.0
040301011105,2016,0.0
040301011105,2017,0.0
040301011105,2018,0.0
040301011105,2019,0.0
040301011105,2020,0.0
040301011106,2010,0.027112174
040301011106,2011,0.030988315
040301011106,2012,0.039146168
040301011106,2013,0.033874545
040301011106,2014,0.03153146
040301011106,2015,0.032871166
040301011106,2016,0.02780929
040301011106,2017,0.028128968
040301011106,2018,0.027841422
040301011106,2019,0.027491045
040301011106,2020,0.027869776
040301011107,2010,0.000121899
040301011107,2011,0.00013933
040301011107,2012,0.000175979
040301011107,2013,0.000152541
040301011107,2014,0.0001419
040301011107,2015,0.00014811
040301011107,2016,0.000125178
040301011107,2017,0.000126707
040301011107,2018,0.000125575
040301011107,2019,0.000124232
040301011107,2020,0.000125904
040301011108,2010,0.027731287
040301011108,2011,0.031550475
040301011108,2012,0.039615222
040301011108,2013,0.032742096
040301011108,2014,0.029895844
040301011108,2015,0.031472282
040301011108,2016,0.028897052
040301011108,2017,0.029256901
040301011108,2018,0.028078132
040301011108,2019,0.028809835
040301011108,2020,0.028659384
040301011109,2010,0.27804573
040301011109,2011,0.316338541
040301011109,2012,0.397199131
040301011109,2013,0.328286237
040301011109,2014,0.299748503
040301011109,2015,0.31555454
040301011109,2016,0.289734183
040301011109,2017,0.293342179
040301011109,2018,0.281523339
040301011109,2019,0.288859712
040301011109,2020,0.287351224
040301011201,2010,0.057547232
040301011201,2011,0.065848396
040301011201,2012,0.082760509
040301011201,2013,0.068459432
040301011201,2014,0.062032378
040301011201,2015,0.064656844
040301011201,2016,0.059342742
040301011201,2017,0.060380131
040301011201,2018,0.05765588
040301011201,2019,0.058905464
040301011201,2020,0.058492827
040301011202,2010,0.026786782
040301011202,2011,0.031462039
040301011202,2012,0.039907166
040301011202,2013,0.032249211
040301011202,2014,0.027664452
040301011202,2015,0.02730226
040301011202,2016,0.025392181
040301011202,2017,0.026189438
040301011202,2018,0.024203242
040301011202,2019,0.024045287
040301011202,2020,0.024407618
040301011203,2010,0.031798538
040301011203,2011,0.038195244
040301011203,2012,0.049974289
040301011203,2013,0.040767079
040301011203,2014,0.03600723
040301011203,2015,0.036423757
040301011203,2016,0.03427403
040301011203,2017,0.037528696
040301011203,2018,0.032869369
040301011203,2019,0.032513765
040301011203,2020,0.033474579
040301011204,2010,0.049388938
040301011204,2011,0.059729477
040301011204,2012,0.077914894
040301011204,2013,0.063551642
040301011204,2014,0.056387729
040301011204,2015,0.057252755
040301011204,2016,0.053770625
040301011204,2017,0.05913872
040301011204,2018,0.051656842
040301011204,2019,0.051188091
040301011204,2020,0.052594337
040301020101,2010,0.0
040301020101,2011,0.0
040301020101,2012,0.0
040301020101,2013,0.0
040301020101,2014,0.0
040301020101,2015,0.0
040301020101,2016,0.0
040301020101,2017,0.0
040301020101,2018,0.0
040301020101,2019,0.0
040301020101,2020,0.0
040301020102,2010,2.9609e-05
040301020102,2011,3.4198e-05
040301020102,2012,4.1296e-05
040301020102,2013,3.2533e-05
040301020102,2014,3.1338e-05
040301020102,2015,3.0386e-05
040301020102,2016,2.6377e-05
040301020102,2017,2.5816e-05
040301020102,2018,3.2657e-05
040301020102,2019,2.4904e-05
040301020102,2020,2.2084e-05
040301020103,2010,0.000621798
040301020103,2011,0.00071816
040301020103,2012,0.000867217
040301020103,2013,0.000683191
040301020103,2014,0.000658093
040301020103,2015,0.000638096
040301020103,2016,0.000553921
040301020103,2017,0.000542133
040301020103,2018,0.000685799
040301020103,2019,0.000522985
040301020103,2020,0.000463755
040301020104,2010,0.010067212
040301020104,2011,0.011627349
040301020104,2012,0.014040663
040301020104,2013,0.011061181
040301020104,2014,0.010654834
040301020104,2015,0.010331084
040301020104,2016,0.008968246
040301020104,2017,0.008777398
040301020104,2018,0.011103416
040301020104,2019,0.00846737
040301020104,2020,0.007508417
040301020105,2010,0.0
040301020105,2011,0.0
040301020105,2012,0.0
040301020105,2013,0.0
040301020105,2014,0.0
040301020105,2015,0.0
040301020105,2016,0.0
040301020105,2017,0.0
040301020105,2018,0.0
040301020105,2019,0.0
040301020105,2020,0.0
040301020106,2010,0.0
040301020106,2011,0.0
040301020106,2012,0.0
040301020106,2013,0.0
040301020106,2014,0.0
040301020106,2015,0.0
040301020106,2016,0.0
040301020106,2017,0.0
040301020106,2018,0.0
040301020106,2019,0.0
040301020106,2020,0.0
040301020107,2010,0.0
040301020107,2011,0.0
040301020107,2012,0.0
040301020107,2013,0.0
040301020107,2014,0.0
040301020107,2015,0.0
040301020107,2016,0.0
040301020107,2017,0.0
040301020107,2018,0.0
040301020107,2019,0.0
040301020107,2020,0.0
040301020108,2010,0.0
040301020108,2011,0.0
040301020108,2012,0.0
040301020108,2013,0.0
040301020108,2014,0.0
040301020108,2015,0.0
040301020108,2016,0.0
040301020108,2017,0.0
040301020108,2018,0.0
040301020108,2019,0.0
040301020108,2020,0.0
040301020109,2010,0.0
040301020109,2011,0.0
040301020109,2012,0.0
040301020109,2013,0.0
040301020109,2014,0.0
040301020109,2015,0.0
040301020109,2016,0.0
040301020109,2017,0.0
040301020109,2018,0.0
040301020109,2019,0.0
040301020109,2020,0.0
040301020110,2010,0.04780936
040301020110,2011,0.049304537
040301020110,2012,0.064713484
040301020110,2013,0.053720281
040301020110,2014,0.0511069
040301020110,2015,0.051571777
040301020110,2016,0.048945526
040301020110,2017,0.048702837
040301020110,2018,0.047167626
040301020110,2019,0.045818503
040301020110,2020,0.047238156
040301020111,2010,5.3855e-05
040301020111,2011,5.5539e-05
040301020111,2012,7.2896e-05
040301020111,2013,6.0513e-05
040301020111,2014,5.7569e-05
040301020111,2015,5.8093e-05
040301020111,2016,5.5134e-05
040301020111,2017,5.4861e-05
040301020111,2018,5.3132e-05
040301020111,2019,5.1612e-05
040301020111,2020,5.3211e-05
040301020201,2010,0.00076037
040301020201,2011,0.000799833
040301020201,2012,0.001010011
040301020201,2013,0.000917618
040301020201,2014,0.000788869
040301020201,2015,0.000853451
040301020201,2016,0.000793931
040301020201,2017,0.000808972
040301020201,2018,0.000793179
040301020201,2019,0.000808517
040301020201,2020,0.00079938
040301020202,2010,0.0
040301020202,2011,0.0
040301020202,2012,0.0
040301020202,2013,0.0
040301020202,2014,0.0
040301020202,2015,0.0
040301020202,2016,0.0
040301020202,2017,0.0
040301020202,2018,0.0
040301020202,2019,0.0
040301020202,2020,0.0
040301020203,2010,0.00583609
040301020203,2011,0.006138979
040301020203,2012,0.007752166
040301020203,2013,0.007043016
040301020203,2014,0.006054829
040301020203,2015,0.006550514
040301020203,2016,0.006093679
040301020203,2017,0.006209123
040301020203,2018,0.006087905
040301020203,2019,0.006205628
040301020203,2020,0.006135498
040301020204,2010,0.012037552
040301020204,2011,0.012662294
040301020204,2012,0.015989661
040301020204,2013,0.014526966
040301020204,2014,0.012488725
040301020204,2015,0.013511127
040301020204,2016,0.012568858
040301020204,2017,0.012806974
040301020204,2018,0.012556948
040301020204,2019,0.012799765
040301020204,2020,0.012655114
040301020205,2010,0.00258316
040301020205,2011,0.002675924
040301020205,2012,0.003373439
040301020205,2013,0.003053306
040301020205,2014,0.002616166
040301020205,2015,0.002794982
040301020205,2016,0.002578612
040301020205,2017,0.002649581
040301020205,2018,0.002604416
040301020205,2019,0.002641523
040301020205,2020,0.002614621
040301020301,2010,0.0
040301020301,2011,0.0
040301020301,2012,0.0
040301020301,2013,0.0
040301020301,2014,0.0
040301020301,2015,0.0
040301020301,2016,0.0
040301020301,2017,0.0
040301020301,2018,0.0
040301020301,2019,0.0
040301020301,2020,0.0
040301020302,2010,0.00905814
040301020302,2011,0.009398212
040301020302,2012,0.012248312
040301020302,2013,0.010489284
040301020302,2014,0.009954406
040301020302,2015,0.010815422
040301020302,2016,0.01005461
040301020302,2017,0.010331543
040301020302,2018,0.009307822
040301020302,2019,0.009060173
040301020302,2020,0.009207881
040301020303,2010,0.0
040301020303,2011,0.0
040301020303,2012,0.0
040301020303,2013,0.0
040301020303,2014,0.0
040301020303,2015,0.0
040301020303,2016,0.0
040301020303,2017,0.0
040301020303,2018,0.0
040301020303,2019,0.0
040301020303,2020,0.0
040301020304,2010,0.005495571
040301020304,2011,0.005701893
040301020304,2012,0.007431048
040301020304,2013,0.006363846
040301020304,2014,0.006039336
040301020304,2015,0.006561714
040301020304,2016,0.006100129
040301020304,2017,0.006268145
040301020304,2018,0.005647053
040301020304,2019,0.005496805
040301020304,2020,0.005586419
040301020305,2010,0.008244258
040301020305,2011,0.007881059
040301020305,2012,0.009843657
040301020305,2013,0.008722178
040301020305,2014,0.007331005
040301020305,2015,0.007253908
040301020305,2016,0.006337218
040301020305,2017,0.006880908
040301020305,2018,0.006872257
040301020305,2019,0.006751269
040301020305,2020,0.006731475
040301020401,2010,0.024342248
040301020401,2011,0.025103521
040301020401,2012,0.032949023
040301020401,2013,0.027351807
040301020401,2014,0.026021198
040301020401,2015,0.026257891
040301020401,2016,0.02492073
040301020401,2017,0.024797164
040301020401,2018,0.024015508
040301020401,2019,0.023328598
040301020401,2020,0.024051418
040301020402,2010,4.0391e-05
040301020402,2011,4.1654e-05
040301020402,2012,5.4672e-05
040301020402,2013,4.5385e-05
040301020402,2014,4.3177e-05
040301020402,2015,4.357e-05
040301020402,2016,4.1351e-05
040301020402,2017,4.1146e-05
040301020402,2018,3.9849e-05
040301020402,2019,3.8709e-05
040301020402,2020,3.9908e-05
040301020403,2010,0.0
040301020403,2011,0.0
040301020403,2012,0.0
040301020403,2013,0.0
040301020403,2014,0.0
040301020403,2015,0.0
040301020403,2016,0.0
040301020403,2017,0.0
040301020403,2018,0.0
040301020403,2019,0.0
040301020403,2020,0.0
040301020404,2010,0.0
040301020404,2011,0.0
040301020404,2012,0.0
040301020404,2013,0.0
040301020404,2014,0.0
040301020404,2015,0.0
040301020404,2016,0.0
040301020404,2017,0.0
040301020404,2018,0.0
040301020404,2019,0.0
040301020404,2020,0.0
040301020405,2010,0.0
040301020405,2011,0.0
040301020405,2012,0.0
040301020405,2013,0.0
040301020405,2014,0.0
040301020405,2015,0.0
040301020405,2016,0.0
040301020405,2017,0.0
040301020405,2018,0.0
040301020405,2019,0.0
040301020405,2020,0.0
040301020406,2010,0.0
040301020406,2011,0.0
040301020406,2012,0.0
040301020406,2013,0.0
040301020406,2014,0.0
040301020406,2015,0.0
040301020406,2016,0.0
040301020406,2017,0.0
040301020406,2018,0.0
040301020406,2019,0.0
040301020406,2020,0.0
040301020407,2010,0.0
040301020407,2011,0.0
040301020407,2012,0.0
040301020407,2013,0.0
040301020407,2014,0.0
040301020407,2015,0.0
040301020407,2016,0.0
040301020407,2017,0.0
040301020407,2018,0.0
040301020407,2019,0.0
040301020407,2020,0.0
040301030101,2010,0.0
040301030101,2011,0.0
040301030101,2012,0.0
040301030101,2013,0.0
040301030101,2014,0.0
040301030101,2015,0.0
040301030101,2016,0.0
040301030101,2017,0.0
040301030101,2018,0.0
040301030101,2019,0.0
040301030101,2020,0.0
040301030102,2010,0.0
040301030102,2011,0.0
040301030102,2012,0.0
040301030102,2013,0.0
040301030102,2014,0.0
040301030102,2015,0.0
040301030102,2016,0.0
040301030102,2017,0.0
040301030102,2018,0.0
040301030102,2019,0.0
040301030102,2020,0.0
040301030103,2010,0.0
040301030103,2011,0.0
040301030103,2012,0.0
040301030103,2013,0.0
040301030103,2014,0.0
040301030103,2015,0.0
040301030103,2016,0.0
040301030103,2017,0.0
040301030103,2018,0.0
040301030103,2019,0.0
040301030103,2020,0.0
040301030104,2010,1.1092e-05
040301030104,2011,1.1412e-05
040301030104,2012,1.469e-05
040301030104,2013,1.2673e-05
040301030104,2014,1.1557e-05
040301030104,2015,1.2198e-05
040301030104,2016,1.1245e-05
040301030104,2017,1.1043e-05
040301030104,2018,1.0536e-05
040301030104,2019,1.0393e-05
040301030104,2020,1.0745e-05
040301030201,2010,0.022774629
040301030201,2011,0.024145155
040301030201,2012,0.032899912
040301030201,2013,0.02621559
040301030201,2014,0.028010758
040301030201,2015,0.028734504
040301030201,2016,0.024936518
040301030201,2017,0.024668993
040301030201,2018,0.024746414
040301030201,2019,0.024185974
040301030201,2020,0.023708577
040301030202,2010,0.0
040301030202,2011,0.0
040301030202,2012,0.0
040301030202,2013,0.0
040301030202,2014,0.0
040301030202,2015,0.0
040301030202,2016,0.0
040301030202,2017,0.0
040301030202,2018,0.0
040301030202,2019,0.0
040301030202,2020,0.0
040301030203,2010,0.006628909
040301030203,2011,0.007609418
040301030203,2012,0.010408894
040301030203,2013,0.008554054
040301030203,2014,0.007920925
040301030203,2015,0.008550904
040301030203,2016,0.007607098
040301030203,2017,0.007689664
040301030203,2018,0.008158476
040301030203,2019,0.008043219
040301030203,2020,0.009318503
040301030204,2010,6.234e-05
040301030204,2011,6.931e-05
040301030204,2012,9.8442e-05
040301030204,2013,8.6305e-05
040301030204,2014,8.2928e-05
040301030204,2015,8.556e-05
040301030204,2016,7.5406e-05
040301030204,2017,7.4179e-05
040301030204,2018,7.5359e-05
040301030204,2019,7.0852e-05
040301030204,2020,7.4288e-05
040301030205,2010,0.027816068
040301030205,2011,0.03191417
040301030205,2012,0.043654227
040301030205,2013,0.035868451
040301030205,2014,0.033244094
040301030205,2015,0.035875853
040301030205,2016,0.031910949
040301030205,2017,0.032252918
040301030205,2018,0.034207635
040301030205,2019,0.033722659
040301030205,2020,0.039034362
040301040101,2010,0.0
040301040101,2011,0.0
040301040101,2012,0.0
040301040101,2013,0.0
040301040101,2014,0.0
040301040101,2015,0.0
040301040101,2016,0.0
040301040101,2017,0.0
040301040101,2018,0.0
040301040101,2019,0.0
040301040101,2020,0.0
040301040102,2010,0.0
040301040102,2011,0.0
040301040102,2012,0.0
040301040102,2013,0.0
040301040102,2014,0.0
040301040102,2015,0.0
040301040102,2016,0.0
040301040102,2017,0.0
040301040102,2018,0.0
040301040102,2019,0.0
040301040102,2020,0.0
040301040103,2010,0.0
040301040103,2011,0.0
040301040103,2012,0.0
040301040103,2013,0.0
040301040103,2014,0.0
040301040103,2015,0.0
040301040103,2016,0.0
040301040103,2017,0.0
040301040103,2018,0.0
040301040103,2019,0.0
040301040103,2020,0.0
040301040104,2010,0.0
040301040104,2011,0.0
040301040104,2012,0.0
040301040104,2013,0.0
040301040104,2014,0.0
040301040104,2015,0.0
040301040104,2016,0.0
040301040104,2017,0.0
040301040104,2018,0.0
040301040104,2019,0.0
040301040104,2020,0.0
040301040105,2010,0.0
040301040105,2011,0.0
040301040105,2012,0.0
040301040105,2013,0.0
040301040105,2014,0.0
040301040105,2015,0.0
040301040105,2016,0.0
040301040105,2017,0.0
040301040105,2018,0.0
040301040105,2019,0.0
040301040105,2020,0.0
040301040201,2010,0.0
040301040201,2011,0.0
040301040201,2012,0.0
040301040201,2013,0.0
040301040201,2014,0.0
040301040201,2015,0.0
040301040201,2016,0.0
040301040201,2017,0.0
040301040201,2018,0.0
040301040201,2019,0.0
040301040201,2020,0.0
040301040202,2010,0.0
040301040202,2011,0.0
040301040202,2012,0.0
040301040202,2013,0.0
040301040202,2014,0.0
040301040202,2015,0.0
040301040202,2016,0.0
040301040202,2017,0.0
040301040202,2018,0.0
040301040202,2019,0.0
040301040202,2020,0.0
040301040203,2010,0.002695747
040301040203,2011,0.002689705
040301040203,2012,0.003581968
040301040203,2013,0.003030451
040301040203,2014,0.00276636
040301040203,2015,0.002671279
040301040203,2016,0.002512402
040301040203,2017,0.002417354
040301040203,2018,0.002447552
040301040203,2019,0.002299081
040301040203,2020,0.002295831
040301040204,2010,0.0
040301040204,2011,0.0
040301040204,2012,0.0
040301040204,2013,0.0
040301040204,2014,0.0
040301040204,2015,0.0
040301040204,2016,0.0
040301040204,2017,0.0
040301040204,2018,0.0
040301040204,2019,0.0
040301040204,2020,0.0
040301040205,2010,0.0
040301040205,2011,0.0
040301040205,2012,0.0
040301040205,2013,0.0
040301040205,2014,0.0
040301040205,2015,0.0
040301040205,2016,0.0
040301040205,2017,0.0
040301040205,2018,0.0
040301040205,2019,0.0
040301040205,2020,0.0
040301040206,2010,0.0
040301040206,2011,0.0
040301040206,2012,0.0
040301040206,2013,0.0
040301040206,2014,0.0
040301040206,2015,0.0
040301040206,2016,0.0
040301040206,2017,0.0
040301040206,2018,0.0
040301040206,2019,0.0
040301040206,2020,0.0
040301040207,2010,0.0
040301040207,2011,0.0
040301040207,2012,0.0
040301040207,2013,0.0
040301040207,2014,0.0
040301040207,2015,0.0
040301040207,2016,0.0
040301040207,2017,0.0
040301040207,2018,0.0
040301040207,2019,0.0
040301040207,2020,0.0
040301040301,2010,0.0
040301040301,2011,0.0
040301040301,2012,0.0
040301040301,2013,0.0
040301040301,2014,0.0
040301040301,2015,0.0
040301040301,2016,0.0
040301040301,2017,0.0
040301040301,2018,0.0
040301040301,2019,0.0
040301040301,2020,0.0
040301040302,2010,0.000602647
040301040302,2011,0.000661164
040301040302,2012,0.00091419
040301040302,2013,0.00083232
040301040302,2014,0.000781446
040301040302,2015,0.000877685
040301040302,2016,0.0007659
040301040302,2017,0.000632046
040301040302,2018,0.000552542
040301040302,2019,0.000522462
040301040302,2020,0.00055405
040301040401,2010,0.0
040301040401,2011,0.0
040301040401,2012,0.0
040301040401,2013,0.0
040301040401,2014,0.0
040301040401,2015,0.0
040301040401,2016,0.0
040301040401,2017,0.0
040301040401,2018,0.0
040301040401,2019,0.0
040301040401,2020,0.0
040301040402,2010,0.0
040301040402,2011,0.0
040301040402,2012,0.0
040301040402,2013,0.0
040301040402,2014,0.0
040301040402,2015,0.0
040301040402,2016,0.0
040301040402,2017,0.0
040301040402,2018,0.0
040301040402,2019,0.0
040301040402,2020,0.0
040301040403,2010,0.0
040301040403,2011,0.0
040301040403,2012,0.0
040301040403,2013,0.0
040301040403,2014,0.0
040301040403,2015,0.0
040301040403,2016,0.0
040301040403,2017,0.0
040301040403,2018,0.0
040301040403,2019,0.0
040301040403,2020,0.0
040301040404,2010,0.0
040301040404,2011,0.0
040301040404,2012,0.0
040301040404,2013,0.0
040301040404,2014,0.0
040301040404,2015,0.0
040301040404,2016,0.0
040301040404,2017,0.0
040301040404,2018,0.0
040301040404,2019,0.0
040301040404,2020,0.0
040301040405,2010,0.004241559
040301040405,2011,0.004144273
040301040405,2012,0.005766049
040301040405,2013,0.004905994
040301040405,2014,0.004115061
040301040405,2015,0.004512166
040301040405,2016,0.004717466
040301040405,2017,0.004517651
040301040405,2018,0.004538455
040301040405,2019,0.004235904
040301040405,2020,0.004272912
040301040406,2010,0.0
040301040406,2011,0.0
040301040406,2012,0.0
040301040406,2013,0.0
040301040406,2014,0.0
040301040406,2015,0.0
040301040406,2016,0.0
040301040406,2017,0.0
040301040406,2018,0.0
040301040406,2019,0.0
040301040406,2020,0.0
040301040501,2010,0.000862111
040301040501,2011,0.001212421
040301040501,2012,0.00158133
040301040501,2013,0.001297792
040301040501,2014,0.001179093
040301040501,2015,0.001297687
040301040501,2016,0.001233385
040301040501,2017,0.001222494
040301040501,2018,0.001195974
040301040501,2019,0.001185652
040301040501,2020,0.0012845
040301040502,2010,0.00146002
040301040502,2011,0.001601788
040301040502,2012,0.002214791
040301040502,2013,0.002016446
040301040502,2014,0.001893193
040301040502,2015,0.002126349
040301040502,2016,0.00185553
040301040502,2017,0.001531244
040301040502,2018,0.001338633
040301040502,2019,0.001265758
040301040502,2020,0.001342287
040301040503,2010,0.0
040301040503,2011,0.0
040301040503,2012,0.0
040301040503,2013,0.0
040301040503,2014,0.0
040301040503,2015,0.0
040301040503,2016,0.0
040301040503,2017,0.0
040301040503,2018,0.0
040301040503,2019,0.0
040301040503,2020,0.0
040301040504,2010,0.010491714
040301040504,2011,0.011137589
040301040504,2012,0.014425552
040301040504,2013,0.011948383
040301040504,2014,0.011086976
040301040504,2015,0.011778021
040301040504,2016,0.009918224
040301040504,2017,0.009742531
040301040504,2018,0.009462853
040301040504,2019,0.009303705
040301040504,2020,0.009634282
040301040505,2010,0.016688589
040301040505,2011,0.017197101
040301040505,2012,0.023674484
040301040505,2013,0.020553385
040301040505,2014,0.018633444
040301040505,2015,0.019751649
040301040505,2016,0.0177229
040301040505,2017,0.017750733
040301040505,2018,0.017564757
040301040505,2019,0.017116291
040301040505,2020,0.017589143
040301040506,2010,0.02931668
040301040506,2011,0.030162938
040301040506,2012,0.038826015
040301040506,2013,0.033495713
040301040506,2014,0.030544173
040301040506,2015,0.032238858
040301040506,2016,0.029720087
040301040506,2017,0.029187697
040301040506,2018,0.027847402
040301040506,2019,0.027468732
040301040506,2020,0.028399586
040301050101,2010,0.000669564
040301050101,2011,0.000631391
040301050101,2012,0.00073995
040301050101,2013,0.000684904
040301050101,2014,0.000595047
040301050101,2015,0.000657689
040301050101,2016,0.000612712
040301050101,2017,0.000616261
040301050101,2018,0.00054216
040301050101,2019,0.000519393
040301050101,2020,0.00053712
040301050102,2010,0.002261248
040301050102,2011,0.00213233
040301050102,2012,0.002498953
040301050102,2013,0.002313052
040301050102,2014,0.002009588
040301050102,2015,0.002221142
040301050102,2016,0.002069247
040301050102,2017,0.002081233
040301050102,2018,0.00183098
040301050102,2019,0.001754092
040301050102,2020,0.001813957
040301050103,2010,0.0
040301050103,2011,0.0
040301050103,2012,0.0
040301050103,2013,0.0
040301050103,2014,0.0
040301050103,2015,0.0
040301050103,2016,0.0
040301050103,2017,0.0
040301050103,2018,0.0
040301050103,2019,0.0
040301050103,2020,0.0
040301050104,2010,0.0
040301050104,2011,0.0
040301050104,2012,0.0
040301050104,2013,0.0
040301050104,2014,0.0
040301050104,2015,0.0
040301050104,2016,0.0
040301050104,2017,0.0
040301050104,2018,0.0
040301050104,2019,0.0
040301050104,2020,0.0
040301050201,2010,0.0
040301050201,2011,0.0
040301050201,2012,0.0
040301050201,2013,0.0
040301050201,2014,0.0
040301050201,2015,0.0
040301050201,2016,0.0
040301050201,2017,0.0
040301050201,2018,0.0
040301050201,2019,0.0
040301050201,2020,0.0
040301050202,2010,0.001470969
040301050202,2011,0.001578404
040301050202,2012,0.001869353
040301050202,2013,0.001622521
040301050202,2014,0.001383528
040301050202,2015,0.001548937
040301050202,2016,0.001459151
040301050202,2017,0.001452317
040301050202,2018,0.001431698
040301050202,2019,0.001367008
040301050202,2020,0.001391596
040301050203,2010,0.0
040301050203,2011,0.0
040301050203,2012,0.0
040301050203,2013,0.0
040301050203,2014,0.0
040301050203,2015,0.0
040301050203,2016,0.0
040301050203,2017,0.0
040301050203,2018,0.0
040301050203,2019,0.0
040301050203,2020,0.0
040301050204,2010,0.0
040301050204,2011,0.0
040301050204,2012,0.0
040301050204,2013,0.0
040301050204,2014,0.0
040301050204,2015,0.0
040301050204,2016,0.0
040301050204,2017,0.0
040301050204,2018,0.0
040301050204,2019,0.0
040301050204,2020,0.0
040301050205,2010,0.0
040301050205,2011,0.0
040301050205,2012,0.0
040301050205,2013,0.0
040301050205,2014,0.0
040301050205,2015,0.0
040301050205,2016,0.0
040301050205,2017,0.0
040301050205,2018,0.0
040301050205,2019,0.0
040301050205,2020,0.0
040301050206,2010,0.0
040301050206,2011,0.0
040301050206,2012,0.0
040301050206,2013,0.0
040301050206,2014,0.0
040301050206,2015,0.0
040301050206,2016,0.0
040301050206,2017,0.0
040301050206,2018,0.0
040301050206,2019,0.0
040301050206,2020,0.0
040301050207,2010,0.0
040301050207,2011,0.0
040301050207,2012,0.0
040301050207,2013,0.0
040301050207,2014,0.0
040301050207,2015,0.0
040301050207,2016,0.0
040301050207,2017,0.0
040301050207,2018,0.0
040301050207,2019,0.0
040301050207,2020,0.0
040301050208,2010,0.0
040301050208,2011,0.0
040301050208,2012,0.0
040301050208,2013,0.0
040301050208,2014,0.0
040301050208,2015,0.0
040301050208,2016,0.0
040301050208,2017,0.0
040301050208,2018,0.0
040301050208,2019,0.0
040301050208,2020,0.0
040301050301,2010,0.0
040301050301,2011,0.0
040301050301,2012,0.0
040301050301,2013,0.0
040301050301,2014,0.0
040301050301,2015,0.0
040301050301,2016,0.0
040301050301,2017,0.0
040301050301,2018,0.0
040301050301,2019,0.0
040301050301,2020,0.0
040301050302,2010,0.0
040301050302,2011,0.0
040301050302,2012,0.0
040301050302,2013,0.0
040301050302,2014,0.0
040301050302,2015,0.0
040301050302,2016,0.0
040301050302,2017,0.0
040301050302,2018,0.0
040301050302,2019,0.0
040301050302,2020,0.0
040301050303,2010,0.0
040301050303,2011,0.0
040301050303,2012,0.0
040301050303,2013,0.0
040301050303,2014,0.0
040301050303,2015,0.0
040301050303,2016,0.0
040301050303,2017,0.0
040301050303,2018,0.0
040301050303,2019,0.0
040301050303,2020,0.0
040301050304,2010,0.001313672
040301050304,2011,0.001359568
040301050304,2012,0.001948422
040301050304,2013,0.001520726
040301050304,2014,0.001395083
040301050304,2015,0.00154053
040301050304,2016,0.001379134
040301050304,2017,0.001224843
040301050304,2018,0.001247173
040301050304,2019,0.001214918
040301050304,2020,0.001302252
040301050305,2010,0.002560406
040301050305,2011,0.002649858
040301050305,2012,0.003797562
040301050305,2013,0.002963963
040301050305,2014,0.002719079
040301050305,2015,0.003002562
040301050305,2016,0.002687993
040301050305,2017,0.002387273
040301050305,2018,0.002430797
040301050305,2019,0.00236793
040301050305,2020,0.002538146
040301050401,2010,0.0
040301050401,2011,0.0
040301050401,2012,0.0
040301050401,2013,0.0
040301050401,2014,0.0
040301050401,2015,0.0
040301050401,2016,0.0
040301050401,2017,0.0
040301050401,2018,0.0
040301050401,2019,0.0
040301050401,2020,0.0
040301050402,2010,0.0
040301050402,2011,0.0
040301050402,2012,0.0
040301050402,2013,0.0
040301050402,2014,0.0
040301050402,2015,0.0
040301050402,2016,0.0
040301050402,2017,0.0
040301050402,2018,0.0
040301050402,2019,0.0
040301050402,2020,0.0
040301050403,2010,0.0
040301050403,2011,0.0
040301050403,2012,0.0
040301050403,2013,0.0
040301050403,2014,0.0
040301050403,2015,0.0
040301050403,2016,0.0
040301050403,2017,0.0
040301050403,2018,0.0
040301050403,2019,0.0
040301050403,2020,0.0
040301050404,2010,0.0
040301050404,2011,0.0
040301050404,2012,0.0
040301050404,2013,0.0
040301050404,2014,0.0
040301050404,2015,0.0
040301050404,2016,0.0
040301050404,2017,0.0
040301050404,2018,0.0
040301050404,2019,0.0
040301050404,2020,0.0
040301050405,2010,0.0
040301050405,2011,0.0
040301050405,2012,0.0
040301050405,2013,0.0
040301050405,2014,0.0
040301050405,2015,0.0
040301050405,2016,0.0
040301050405,2017,0.0
040301050405,2018,0.0
040301050405,2019,0.0
040301050405,2020,0.0
040301050406,2010,0.0
040301050406,2011,0.0
040301050406,2012,0.0
040301050406,2013,0.0
040301050406,2014,0.0
040301050406,2015,0.0
040301050406,2016,0.0
040301050406,2017,0.0
040301050406,2018,0.0
040301050406,2019,0.0
040301050406,2020,0.0
040301050407,2010,0.0
040301050407,2011,0.0
040301050407,2012,0.0
040301050407,2013,0.0
040301050407,2014,0.0
040301050407,2015,0.0
040301050407,2016,0.0
040301050407,2017,0.0
040301050407,2018,0.0
040301050407,2019,0.0
040301050407,2020,0.0
040301050408,2010,0.002133672
040301050408,2011,0.002208215
040301050408,2012,0.003164635
040301050408,2013,0.002469969
040301050408,2014,0.002265899
040301050408,2015,0.002502135
040301050408,2016,0.002239994
040301050408,2017,0.001989394
040301050408,2018,0.002025664
040301050408,2019,0.001973275
040301050408,2020,0.002115122
040301050501,2010,0.0
040301050501,2011,0.0
040301050501,2012,0.0
040301050501,2013,0.0
040301050501,2014,0.0
040301050501,2015,0.0
040301050501,2016,0.0
040301050501,2017,0.0
040301050501,2018,0.0
040301050501,2019,0.0
040301050501,2020,0.0
040301050502,2010,0.0
040301050502,2011,0.0
040301050502,2012,0.0
040301050502,2013,0.0
040301050502,2014,0.0
040301050502,2015,0.0
040301050502,2016,0.0
040301050502,2017,0.0
040301050502,2018,0.0
040301050502,2019,0.0
040301050502,2020,0.0
040301050503,2010,0.0
040301050503,2011,0.0
040301050503,2012,0.0
040301050503,2013,0.0
040301050503,2014,0.0
040301050503,2015,0.0
040301050503,2016,0.0
040301050503,2017,0.0
040301050503,2018,0.0
040301050503,2019,0.0
040301050503,2020,0.0
040301050504,2010,0.001289182
040301050504,2011,0.00138017
040301050504,2012,0.001776694
040301050504,2013,0.00147348
040301050504,2014,0.001299138
040301050504,2015,0.001371742
040301050504,2016,0.001240262
040301050504,2017,0.001196508
040301050504,2018,0.001298539
040301050504,2019,0.001157207
040301050504,2020,0.001234217
040301050505,2010,0.0
040301050505,2011,0.0
040301050505,2012,0.0
040301050505,2013,0.0
040301050505,2014,0.0
040301050505,2015,0.0
040301050505,2016,0.0
040301050505,2017,0.0
040301050505,2018,0.0
040301050505,2019,0.0
040301050505,2020,0.0
040301050506,2010,0.005676411
040301050506,2011,0.005714558
040301050506,2012,0.007164901
040301050506,2013,0.006111025
040301050506,2014,0.005639998
040301050506,2015,0.005888687
040301050506,2016,0.005227221
040301050506,2017,0.005366701
040301050506,2018,0.005253379
040301050506,2019,0.005498602
040301050506,2020,0.005100984
040301050507,2010,0.0
040301050507,2011,0.0
040301050507,2012,0.0
040301050507,2013,0.0
040301050507,2014,0.0
040301050507,2015,0.0
040301050507,2016,0.0
040301050507,2017,0.0
040301050507,2018,0.0
040301050507,2019,0.0
040301050507,2020,0.0
040301050601,2010,0.0
040301050601,2011,0.0
040301050601,2012,0.0
040301050601,2013,0.0
040301050601,2014,0.0
040301050601,2015,0.0
040301050601,2016,0.0
040301050601,2017,0.0
040301050601,2018,0.0
040301050601,2019,0.0
040301050601,2020,0.0
040301050602,2010,0.0
040301050602,2011,0.0
040301050602,2012,0.0
040301050602,2013,0.0
040301050602,2014,0.0
040301050602,2015,0.0
040301050602,2016,0.0
040301050602,2017,0.0
040301050602,2018,0.0
040301050602,2019,0.0
040301050602,2020,0.0
040301050603,2010,0.00620954
040301050603,2011,0.006245627
040301050603,2012,0.007687217
040301050603,2013,0.006741875
040301050603,2014,0.006470174
040301050603,2015,0.007001324
040301050603,2016,0.00651669
040301050603,2017,0.006075039
040301050603,2018,0.005930512
040301050603,2019,0.005895497
040301050603,2020,0.005982099
040301050604,2010,0.002241492
040301050604,2011,0.002254519
040301050604,2012,0.002774898
040301050604,2013,0.002433652
040301050604,2014,0.002335575
040301050604,2015,0.002527307
040301050604,2016,0.002352366
040301050604,2017,0.002192941
040301050604,2018,0.00214077
040301050604,2019,0.002128131
040301050604,2020,0.002159392
040301050605,2010,0.090515395
040301050605,2011,0.092767934
040301050605,2012,0.113819567
040301050605,2013,0.099261434
040301050605,2014,0.092659177
040301050605,2015,0.098904549
040301050605,2016,0.095216194
040301050605,2017,0.089510359
040301050605,2018,0.086379315
040301050605,2019,0.088039165
040301050605,2020,0.090659181
040301050606,2010,0.017023227
040301050606,2011,0.017122157
040301050606,2012,0.021074225
040301050606,2013,0.018482603
040301050606,2014,0.017737744
040301050606,2015,0.019193874
040301050606,2016,0.017865266
040301050606,2017,0.016654498
040301050606,2018,0.016258282
040301050606,2019,0.016162288
040301050606,2020,0.016399705
040301050607,2010,0.000521333
040301050607,2011,0.000536382
040301050607,2012,0.000690436
040301050607,2013,0.000595648
040301050607,2014,0.000543162
040301050607,2015,0.000573298
040301050607,2016,0.000528507
040301050607,2017,0.00051904
040301050607,2018,0.000495205
040301050607,2019,0.000488472
040301050607,2020,0.000505025
040301060103,2010,0.0
040301060103,2011,0.0
040301060103,2012,0.0
040301060103,2013,0.0
040301060103,2014,0.0
040301060103,2015,0.0
040301060103,2016,0.0
040301060103,2017,0.0
040301060103,2018,0.0
040301060103,2019,0.0
040301060103,2020,0.0
040301060301,2010,0.0
040301060301,2011,0.0
040301060301,2012,0.0
040301060301,2013,0.0
040301060301,2014,0.0
040301060301,2015,0.0
040301060301,2016,0.0
040301060301,2017,0.0
040301060301,2018,0.0
040301060301,2019,0.0
040301060301,2020,0.0
040301060302,2010,0.0
040301060302,2011,0.0
040301060302,2012,0.0
040301060302,2013,0.0
040301060302,2014,0.0
040301060302,2015,0.0
040301060302,2016,0.0
040301060302,2017,0.0
040301060302,2018,0.0
040301060302,2019,0.0
040301060302,2020,0.0
040301060303,2010,0.0
040301060303,2011,0.0
040301060303,2012,0.0
040301060303,2013,0.0
040301060303,2014,0.0
040301060303,2015,0.0
040301060303,2016,0.0
040301060303,2017,0.0
040301060303,2018,0.0
040301060303,2019,0.0
040301060303,2020,0.0
040301060305,2010,0.0
040301060305,2011,0.0
040301060305,2012,0.0
040301060305,2013,0.0
040301060305,2014,0.0
040301060305,2015,0.0
040301060305,2016,0.0
040301060305,2017,0.0
040301060305,2018,0.0
040301060305,2019,0.0
040301060305,2020,0.0
040301060306,2010,0.0
040301060306,2011,0.0
040301060306,2012,0.0
040301060306,2013,0.0
040301060306,2014,0.0
040301060306,2015,0.0
040301060306,2016,0.0
040301060306,2017,0.0
040301060306,2018,0.0
040301060306,2019,0.0
040301060306,2020,0.0
040301060309,2010,0.0
040301060309,2011,0.0
040301060309,2012,0.0
040301060309,2013,0.0
040301060309,2014,0.0
040301060309,2015,0.0
040301060309,2016,0.0
040301060309,2017,0.0
040301060309,2018,0.0
040301060309,2019,0.0
040301060309,2020,0.0
040301060502,2010,0.000796635
040301060502,2011,0.000872042
040301060502,2012,0.001077689
040301060502,2013,0.000993399
040301060502,2014,0.00074328
040301060502,2015,0.000766159
040301060502,2016,0.000768838
040301060502,2017,0.000757143
040301060502,2018,0.000740193
040301060502,2019,0.000734351
040301060502,2020,0.000685153
040301060503,2010,5.4548e-05
040301060503,2011,5.9941e-05
040301060503,2012,7.2279e-05
040301060503,2013,6.7504e-05
040301060503,2014,4.2671e-05
040301060503,2015,6.4935e-05
040301060503,2016,5.8354e-05
040301060503,2017,5.5085e-05
040301060503,2018,4.1539e-05
040301060503,2019,4.2161e-05
040301060503,2020,4.1839e-05
040301060504,2010,0.002318299
040301060504,2011,0.002547499
040301060504,2012,0.00307186
040301060504,2013,0.002868904
040301060504,2014,0.001813516
040301060504,2015,0.002759755
040301060504,2016,0.00248003
040301060504,2017,0.002341133
040301060504,2018,0.001765405
040301060504,2019,0.001791835
040301060504,2020,0.001778178
040301080101,2010,0.0
040301080101,2011,0.0
040301080101,2012,0.0
040301080101,2013,0.0
040301080101,2014,0.0
040301080101,2015,0.0
040301080101,2016,0.0
040301080101,2017,0.0
040301080101,2018,0.0
040301080101,2019,0.0
040301080101,2020,0.0
040301080102,2010,0.0
040301080102,2011,0.0
040301080102,2012,0.0
040301080102,2013,0.0
040301080102,2014,0.0
040301080102,2015,0.0
040301080102,2016,0.0
040301080102,2017,0.0
040301080102,2018,0.0
040301080102,2019,0.0
040301080102,2020,0.0
040301080103,2010,0.0
040301080103,2011,0.0
040301080103,2012,0.0
040301080103,2013,0.0
040301080103,2014,0.0
040301080103,2015,0.0
040301080103,2016,0.0
040301080103,2017,0.0
040301080103,2018,0.0
040301080103,2019,0.0
040301080103,2020,0.0
040301080104,2010,0.0
040301080104,2011,0.0
040301080104,2012,0.0
040301080104,2013,0.0
040301080104,2014,0.0
040301080104,2015,0.0
040301080104,2016,0.0
040301080104,2017,0.0
040301080104,2018,0.0
040301080104,2019,0.0
040301080104,2020,0.0
040301080105,2010,0.0
040301080105,2011,0.0
040301080105,2012,0.0
040301080105,2013,0.0
040301080105,2014,0.0
040301080105,2015,0.0
040301080105,2016,0.0
040301080105,2017,0.0
040301080105,2018,0.0
040301080105,2019,0.0
040301080105,2020,0.0
040301080106,2010,0.0
040301080106,2011,0.0
040301080106,2012,0.0
040301080106,2013,0.0
040301080106,2014,0.0
040301080106,2015,0.0
040301080106,2016,0.0
040301080106,2017,0.0
040301080106,2018,0.0
040301080106,2019,0.0
040301080106,2020,0.0
040301080107,2010,0.0
040301080107,2011,0.0
040301080107,2012,0.0
040301080107,2013,0.0
040301080107,2014,0.0
040301080107,2015,0.0
040301080107,2016,0.0
040301080107,2017,0.0
040301080107,2018,0.0
040301080107,2019,0.0
040301080107,2020,0.0
040301080201,2010,0.0
040301080201,2011,0.0
040301080201,2012,0.0
040301080201,2013,0.0
040301080201,2014,0.0
040301080201,2015,0.0
040301080201,2016,0.0
040301080201,2017,0.0
040301080201,2018,0.0
040301080201,2019,0.0
040301080201,2020,0.0
040301080202,2010,0.0
040301080202,2011,0.0
040301080202,2012,0.0
040301080202,2013,0.0
040301080202,2014,0.0
040301080202,2015,0.0
040301080202,2016,0.0
040301080202,2017,0.0
040301080202,2018,0.0
040301080202,2019,0.0
040301080202,2020,0.0
040301080203,2010,0.0
040301080203,2011,0.0
040301080203,2012,0.0
040301080203,2013,0.0
040301080203,2014,0.0
040301080203,2015,0.0
040301080203,2016,0.0
040301080203,2017,0.0
040301080203,2018,0.0
040301080203,2019,0.0
040301080203,2020,0.0
040301080204,2010,0.0
040301080204,2011,0.0
040301080204,2012,0.0
040301080204,2013,0.0
040301080204,2014,0.0
040301080204,2015,0.0
040301080204,2016,0.0
040301080204,2017,0.0
040301080204,2018,0.0
040301080204,2019,0.0
040301080204,2020,0.0
040301080205,2010,0.0
040301080205,2011,0.0
040301080205,2012,0.0
040301080205,2013,0.0
040301080205,2014,0.0
040301080205,2015,0.0
040301080205,2016,0.0
040301080205,2017,0.0
040301080205,2018,0.0
040301080205,2019,0.0
040301080205,2020,0.0
040301080206,2010,0.0
040301080206,2011,0.0
040301080206,2012,0.0
040301080206,2013,0.0
040301080206,2014,0.0
040301080206,2015,0.0
040301080206,2016,0.0
040301080206,2017,0.0
040301080206,2018,0.0
040301080206,2019,0.0
040301080206,2020,0.0
040301080207,2010,0.0
040301080207,2011,0.0
040301080207,2012,0.0
040301080207,2013,0.0
040301080207,2014,0.0
040301080207,2015,0.0
040301080207,2016,0.0
040301080207,2017,0.0
040301080207,2018,0.0
040301080207,2019,0.0
040301080207,2020,0.0
040301080208,2010,0.0
040301080208,2011,0.0
040301080208,2012,0.0
040301080208,2013,0.0
040301080208,2014,0.0
040301080208,2015,0.0
040301080208,2016,0.0
040301080208,2017,0.0
040301080208,2018,0.0
040301080208,2019,0.0
040301080208,2020,0.0
040301080209,2010,0.0
040301080209,2011,0.0
040301080209,2012,0.0
040301080209,2013,0.0
040301080209,2014,0.0
040301080209,2015,0.0
040301080209,2016,0.0
040301080209,2017,0.0
040301080209,2018,0.0
040301080209,2019,0.0
040301080209,2020,0.0
040301080501,2010,0.0
040301080501,2011,0.0
040301080501,2012,0.0
040301080501,2013,0.0
040301080501,2014,0.0
040301080501,2015,0.0
040301080501,2016,0.0
040301080501,2017,0.0
040301080501,2018,0.0
040301080501,2019,0.0
040301080501,2020,0.0
040301080502,2010,0.0
040301080502,2011,0.0
040301080502,2012,0.0
040301080502,2013,0.0
040301080502,2014,0.0
040301080502,2015,0.0
040301080502,2016,0.0
040301080502,2017,0.0
040301080502,2018,0.0
040301080502,2019,0.0
040301080502,2020,0.0
040301080503,2010,0.0
040301080503,2011,0.0
040301080503,2012,0.0
040301080503,2013,0.0
040301080503,2014,0.0
040301080503,2015,0.0
040301080503,2016,0.0
040301080503,2017,0.0
040301080503,2018,0.0
040301080503,2019,0.0
040301080503,2020,0.0
040301080504,2010,0.0
040301080504,2011,0.0
040301080504,2012,0.0
040301080504,2013,0.0
040301080504,2014,0.0
040301080504,2015,0.0
040301080504,2016,0.0
040301080504,2017,0.0
040301080504,2018,0.0
040301080504,2019,0.0
040301080504,2020,0.0
040301080505,2010,0.0
040301080505,2011,0.0
040301080505,2012,0.0
040301080505,2013,0.0
040301080505,2014,0.0
040301080505,2015,0.0
040301080505,2016,0.0
040301080505,2017,0.0
040301080505,2018,0.0
040301080505,2019,0.0
040301080505,2020,0.0
040301080506,2010,0.0
040301080506,2011,0.0
040301080506,2012,0.0
040301080506,2013,0.0
040301080506,2014,0.0
040301080506,2015,0.0
040301080506,2016,0.0
040301080506,2017,0.0
040301080506,2018,0.0
040301080506,2019,0.0
040301080506,2020,0.0
040301080601,2010,0.000851136
040301080601,2011,0.000885818
040301080601,2012,0.00111227
040301080601,2013,0.000996513
040301080601,2014,0.000862296
040301080601,2015,0.000882409
040301080601,2016,0.000832554
040301080601,2017,0.000798845
040301080601,2018,0.000881931
040301080601,2019,0.000879775
040301080601,2020,0.000874638
040301080602,2010,0.0
040301080602,2011,0.0
040301080602,2012,0.0
040301080602,2013,0.0
040301080602,2014,0.0
040301080602,2015,0.0
040301080602,2016,0.0
040301080602,2017,0.0
040301080602,2018,0.0
040301080602,2019,0.0
040301080602,2020,0.0
040301080603,2010,0.0
040301080603,2011,0.0
040301080603,2012,0.0
040301080603,2013,0.0
040301080603,2014,0.0
040301080603,2015,0.0
040301080603,2016,0.0
040301080603,2017,0.0
040301080603,2018,0.0
040301080603,2019,0.0
040301080603,2020,0.0
040301080604,2010,0.0
040301080604,2011,0.0
040301080604,2012,0.0
040301080604,2013,0.0
040301080604,2014,0.0
040301080604,2015,0.0
040301080604,2016,0.0
040301080604,2017,0.0
040301080604,2018,0.0
040301080604,2019,0.0
040301080604,2020,0.0
040301080605,2010,0.0
040301080605,2011,0.0
040301080605,2012,0.0
040301080605,2013,0.0
040301080605,2014,0.0
040301080605,2015,0.0
040301080605,2016,0.0
040301080605,2017,0.0
040301080605,2018,0.0
040301080605,2019,0.0
040301080605,2020,0.0
040301080606,2010,0.0
040301080606,2011,0.0
040301080606,2012,0.0
040301080606,2013,0.0
040301080606,2014,0.0
040301080606,2015,0.0
040301080606,2016,0.0
040301080606,2017,0.0
040301080606,2018,0.0
040301080606,2019,0.0
040301080606,2020,0.0
040301080607,2010,0.0
040301080607,2011,0.0
040301080607,2012,0.0
040301080607,2013,0.0
040301080607,2014,0.0
040301080607,2015,0.0
040301080607,2016,0.0
040301080607,2017,0.0
040301080607,2018,0.0
040301080607,2019,0.0
040301080607,2020,0.0
040301080701,2010,0.0
040301080701,2011,0.0
040301080701,2012,0.0
040301080701,2013,0.0
040301080701,2014,0.0
040301080701,2015,0.0
040301080701,2016,0.0
040301080701,2017,0.0
040301080701,2018,0.0
040301080701,2019,0.0
040301080701,2020,0.0
040301080702,2010,0.012061491
040301080702,2011,0.013047835
040301080702,2012,0.015787932
040301080702,2013,0.014084527
040301080702,2014,0.011539892
040301080702,2015,0.012392794
040301080702,2016,0.011905563
040301080702,2017,0.011392687
040301080702,2018,0.011671268
040301080702,2019,0.011128092
040301080702,2020,0.010928695
040301080703,2010,0.0
040301080703,2011,0.0
040301080703,2012,0.0
040301080703,2013,0.0
040301080703,2014,0.0
040301080703,2015,0.0
040301080703,2016,0.0
040301080703,2017,0.0
040301080703,2018,0.0
040301080703,2019,0.0
040301080703,2020,0.0
040301080704,2010,0.099326452
040301080704,2011,0.105863305
040301080704,2012,0.129793312
040301080704,2013,0.115750468
040301080704,2014,0.095791771
040301080704,2015,0.102542254
040301080704,2016,0.097934073
040301080704,2017,0.092537318
040301080704,2018,0.096010129
040301080704,2019,0.091884253
040301080704,2020,0.090682797
040301080705,2010,0.022329517
040301080705,2011,0.026008669
040301080705,2012,0.03260231
040301080705,2013,0.028604679
040301080705,2014,0.023692745
040301080705,2015,0.022308242
040301080705,2016,0.023388303
040301080705,2017,0.021537063
040301080705,2018,0.022300506
040301080705,2019,0.022281959
040301080705,2020,0.021836769
040301080706,2010,0.031014598
040301080706,2011,0.031883581
040301080706,2012,0.040661751
040301080706,2013,0.03501446
040301080706,2014,0.030023066
040301080706,2015,0.031749096
040301080706,2016,0.029690518
040301080706,2017,0.029014278
040301080706,2018,0.030062432
040301080706,2019,0.028049361
040301080706,2020,0.027483758
040301080707,2010,0.0
040301080707,2011,0.0
040301080707,2012,0.0
040301080707,2013,0.0
040301080707,2014,0.0
040301080707,2015,0.0
040301080707,2016,0.0
040301080707,2017,0.0
040301080707,2018,0.0
040301080707,2019,0.0
040301080707,2020,0.0
040301080709,2010,0.0
040301080709,2011,0.0
040301080709,2012,0.0
040301080709,2013,0.0
040301080709,2014,0.0
040301080709,2015,0.0
040301080709,2016,0.0
040301080709,2017,0.0
040301080709,2018,0.0
040301080709,2019,0.0
040301080709,2020,0.0
040301080710,2010,0.0
040301080710,2011,0.0
040301080710,2012,0.0
040301080710,2013,0.0
040301080710,2014,0.0
040301080710,2015,0.0
040301080710,2016,0.0
040301080710,2017,0.0
040301080710,2018,0.0
040301080710,2019,0.0
040301080710,2020,0.0
040301080711,2010,0.0
040301080711,2011,0.0
040301080711,2012,0.0
040301080711,2013,0.0
040301080711,2014,0.0
040301080711,2015,0.0
040301080711,2016,0.0
040301080711,2017,0.0
040301080711,2018,0.0
040301080711,2019,0.0
040301080711,2020,0.0
040301080712,2010,0.0
040301080712,2011,0.0
040301080712,2012,0.0
040301080712,2013,0.0
040301080712,2014,0.0
040301080712,2015,0.0
040301080712,2016,0.0
040301080712,2017,0.0
040301080712,2018,0.0
040301080712,2019,0.0
040301080712,2020,0.0
040301080903,2010,0.0
040301080903,2011,0.0
040301080903,2012,0.0
040301080903,2013,0.0
040301080903,2014,0.0
040301080903,2015,0.0
040301080903,2016,0.0
040301080903,2017,0.0
040301080903,2018,0.0
040301080903,2019,0.0
040301080903,2020,0.0
040301080904,2010,0.0
040301080904,2011,0.0
040301080904,2012,0.0
040301080904,2013,0.0
040301080904,2014,0.0
040301080904,2015,0.0
040301080904,2016,0.0
040301080904,2017,0.0
040301080904,2018,0.0
040301080904,2019,0.0
040301080904,2020,0.0
040301080905,2010,0.002201011
040301080905,2011,0.002297134
040301080905,2012,0.002957986
040301080905,2013,0.00279379
040301080905,2014,0.002540025
040301080905,2015,0.002759914
040301080905,2016,0.002371039
040301080905,2017,0.002050743
040301080905,2018,0.002123135
040301080905,2019,0.00201518
040301080905,2020,0.002115931
040301080906,2010,0.0
040301080906,2011,0.0
040301080906,2012,0.0
040301080906,2013,0.0
040301080906,2014,0.0
040301080906,2015,0.0
040301080906,2016,0.0
040301080906,2017,0.0
040301080906,2018,0.0
040301080906,2019,0.0
040301080906,2020,0.0
040301080908,2010,0.0
040301080908,2011,0.0
040301080908,2012,0.0
040301080908,2013,0.0
040301080908,2014,0.0
040301080908,2015,0.0
040301080908,2016,0.0
040301080908,2017,0.0
040301080908,2018,0.0
040301080908,2019,0.0
040301080908,2020,0.0
040301080909,2010,0.0
040301080909,2011,0.0
040301080909,2012,0.0
040301080909,2013,0.0
040301080909,2014,0.0
040301080909,2015,0.0
040301080909,2016,0.0
040301080909,2017,0.0
040301080909,2018,0.0
040301080909,2019,0.0
040301080909,2020,0.0
040301080910,2010,0.0
040301080910,2011,0.0
040301080910,2012,0.0
040301080910,2013,0.0
040301080910,2014,0.0
040301080910,2015,0.0
040301080910,2016,0.0
040301080910,2017,0.0
040301080910,2018,0.0
040301080910,2019,0.0
040301080910,2020,0.0
040301080913,2010,0.08922636
040301080913,2011,0.090435694
040301080913,2012,0.110844563
040301080913,2013,0.09707232
040301080913,2014,0.089515578
040301080913,2015,0.096041113
040301080913,2016,0.092173401
040301080913,2017,0.086787044
040301080913,2018,0.083823104
040301080913,2019,0.085337782
040301080913,2020,0.087449758
040302010101,2010,0.0
040302010101,2011,0.0
040302010101,2012,0.0
040302010101,2013,0.0
040302010101,2014,0.0
040302010101,2015,0.0
040302010101,2016,0.0
040302010101,2017,0.0
040302010101,2018,0.0
040302010101,2019,0.0
040302010101,2020,0.0
040302010102,2010,0.014825361
040302010102,2011,0.017072274
040302010102,2012,0.021935122
040302010102,2013,0.016960038
040302010102,2014,0.015726805
040302010102,2015,0.01582232
040302010102,2016,0.013977194
040302010102,2017,0.013854489
040302010102,2018,0.012790071
040302010102,2019,0.012755626
040302010102,2020,0.013038607
040302010201,2010,0.0
040302010201,2011,0.0
040302010201,2012,0.0
040302010201,2013,0.0
040302010201,2014,0.0
040302010201,2015,0.0
040302010201,2016,0.0
040302010201,2017,0.0
040302010201,2018,0.0
040302010201,2019,0.0
040302010201,2020,0.0
040302010202,2010,0.0
040302010202,2011,0.0
040302010202,2012,0.0
040302010202,2013,0.0
040302010202,2014,0.0
040302010202,2015,0.0
040302010202,2016,0.0
040302010202,2017,0.0
040302010202,2018,0.0
040302010202,2019,0.0
040302010202,2020,0.0
040302010203,2010,0.0
040302010203,2011,0.0
040302010203,2012,0.0
040302010203,2013,0.0
040302010203,2014,0.0
040302010203,2015,0.0
040302010203,2016,0.0
040302010203,2017,0.0
040302010203,2018,0.0
040302010203,2019,0.0
040302010203,2020,0.0
040302010204,2010,0.00027583
040302010204,2011,0.000315068
040302010204,2012,0.00043273
040302010204,2013,0.000333769
040302010204,2014,0.000321258
040302010204,2015,0.000318369
040302010204,2016,0.000277361
040302010204,2017,0.000272165
040302010204,2018,0.000277188
040302010204,2019,0.000269021
040302010204,2020,0.000276897
040302010205,2010,0.0
040302010205,2011,0.0
040302010205,2012,0.0
040302010205,2013,0.0
040302010205,2014,0.0
040302010205,2015,0.0
040302010205,2016,0.0
040302010205,2017,0.0
040302010205,2018,0.0
040302010205,2019,0.0
040302010205,2020,0.0
040302010301,2010,0.0
040302010301,2011,0.0
040302010301,2012,0.0
040302010301,2013,0.0
040302010301,2014,0.0
040302010301,2015,0.0
040302010301,2016,0.0
040302010301,2017,0.0
040302010301,2018,0.0
040302010301,2019,0.0
040302010301,2020,0.0
040302010302,2010,0.0
040302010302,2011,0.0
040302010302,2012,0.0
040302010302,2013,0.0
040302010302,2014,0.0
040302010302,2015,0.0
040302010302,2016,0.0
040302010302,2017,0.0
040302010302,2018,0.0
040302010302,2019,0.0
040302010302,2020,0.0
040302010303,2010,0.0
040302010303,2011,0.0
040302010303,2012,0.0
040302010303,2013,0.0
040302010303,2014,0.0
040302010303,2015,0.0
040302010303,2016,0.0
040302010303,2017,0.0
040302010303,2018,0.0
040302010303,2019,0.0
040302010303,2020,0.0
040302010304,2010,0.005127863
040302010304,2011,0.005485837
040302010304,2012,0.007691678
040302010304,2013,0.005880464
040302010304,2014,0.005844469
040302010304,2015,0.005696529
040302010304,2016,0.005126586
040302010304,2017,0.005052652
040302010304,2018,0.00422763
040302010304,2019,0.004474555
040302010304,2020,0.004717082
040302010401,2010,0.001962235
040302010401,2011,0.002226633
040302010401,2012,0.002899448
040302010401,2013,0.002264038
040302010401,2014,0.002155579
040302010401,2015,0.002202996
040302010401,2016,0.001933201
040302010401,2017,0.001898799
040302010401,2018,0.001884192
040302010401,2019,0.002024889
040302010401,2020,0.00196783
040302010402,2010,0.010390106
040302010402,2011,0.012145774
040302010402,2012,0.017081318
040302010402,2013,0.012888806
040302010402,2014,0.012720388
040302010402,2015,0.013081981
040302010402,2016,0.012074733
040302010402,2017,0.011625505
040302010402,2018,0.01208045
040302010402,2019,0.012048647
040302010402,2020,0.011170421
040302010501,2010,0.001810737
040302010501,2011,0.002169163
040302010501,2012,0.00284512
040302010501,2013,0.002157433
040302010501,2014,0.002036828
040302010501,2015,0.002090789
040302010501,2016,0.001858665
040302010501,2017,0.001774785
040302010501,2018,0.001753975
040302010501,2019,0.001745441
040302010501,2020,0.001796443
040302010502,2010,0.0
040302010502,2011,0.0
040302010502,2012,0.0
040302010502,2013,0.0
040302010502,2014,0.0
040302010502,2015,0.0
040302010502,2016,0.0
040302010502,2017,0.0
040302010502,2018,0.0
040302010502,2019,0.0
040302010502,2020,0.0
040302010503,2010,0.001159665
040302010503,2011,0.001276275
040302010503,2012,0.001706248
040302010503,2013,0.001373313
040302010503,2014,0.001251009
040302010503,2015,0.001343094
040302010503,2016,0.001189267
040302010503,2017,0.001148535
040302010503,2018,0.001364337
040302010503,2019,0.001359849
040302010503,2020,0.001413758
040302010504,2010,0.0
040302010504,2011,0.0
040302010504,2012,0.0
040302010504,2013,0.0
040302010504,2014,0.0
040302010504,2015,0.0
040302010504,2016,0.0
040302010504,2017,0.0
040302010504,2018,0.0
040302010504,2019,0.0
040302010504,2020,0.0
040302010601,2010,0.039480439
040302010601,2011,0.045096696
040302010601,2012,0.06193808
040302010601,2013,0.047773526
040302010601,2014,0.045982789
040302010601,2015,0.045569179
040302010601,2016,0.039699665
040302010601,2017,0.038955817
040302010601,2018,0.039674787
040302010601,2019,0.038505919
040302010601,2020,0.039633215
040302010602,2010,0.0
040302010602,2011,0.0
040302010602,2012,0.0
040302010602,2013,0.0
040302010602,2014,0.0
040302010602,2015,0.0
040302010602,2016,0.0
040302010602,2017,0.0
040302010602,2018,0.0
040302010602,2019,0.0
040302010602,2020,0.0
040302010603,2010,0.0
040302010603,2011,0.0
040302010603,2012,0.0
040302010603,2013,0.0
040302010603,2014,0.0
040302010603,2015,0.0
040302010603,2016,0.0
040302010603,2017,0.0
040302010603,2018,0.0
040302010603,2019,0.0
040302010603,2020,0.0
040302010604,2010,0.001302477
040302010604,2011,0.001393403
040302010604,2012,0.001953686
040302010604,2013,0.001493638
040302010604,2014,0.001484495
040302010604,2015,0.001446918
040302010604,2016,0.001302153
040302010604,2017,0.001283374
040302010604,2018,0.001073818
040302010604,2019,0.001136537
040302010604,2020,0.001198139
040302010605,2010,0.002666489
040302010605,2011,0.002852635
040302010605,2012,0.003999673
040302010605,2013,0.003057841
040302010605,2014,0.003039124
040302010605,2015,0.002962195
040302010605,2016,0.002665825
040302010605,2017,0.002627379
040302010605,2018,0.002198367
040302010605,2019,0.002326768
040302010605,2020,0.002452883
040302010701,2010,0.003329501
040302010701,2011,0.003765404
040302010701,2012,0.005508189
040302010701,2013,0.004216357
040302010701,2014,0.004173929
040302010701,2015,0.003542494
040302010701,2016,0.003267309
040302010701,2017,0.003070373
040302010701,2018,0.002693915
040302010701,2019,0.002458407
040302010701,2020,0.002663495
040302010702,2010,0.0
040302010702,2011,0.0
040302010702,2012,0.0
040302010702,2013,0.0
040302010702,2014,0.0
040302010702,2015,0.0
040302010702,2016,0.0
040302010702,2017,0.0
040302010702,2018,0.0
040302010702,2019,0.0
040302010702,2020,0.0
040302010703,2010,0.0
040302010703,2011,0.0
040302010703,2012,0.0
040302010703,2013,0.0
040302010703,2014,0.0
040302010703,2015,0.0
040302010703,2016,0.0
040302010703,2017,0.0
040302010703,2018,0.0
040302010703,2019,0.0
040302010703,2020,0.0
040302010704,2010,0.0
040302010704,2011,0.0
040302010704,2012,0.0
040302010704,2013,0.0
040302010704,2014,0.0
040302010704,2015,0.0
040302010704,2016,0.0
040302010704,2017,0.0
040302010704,2018,0.0
040302010704,2019,0.0
040302010704,2020,0.0
040302010801,2010,0.000310779
040302010801,2011,0.000346633
040302010801,2012,0.000522917
040302010801,2013,0.000426772
040302010801,2014,0.00040894
040302010801,2015,0.000393162
040302010801,2016,0.000363634
040302010801,2017,0.000346906
040302010801,2018,0.000340055
040302010801,2019,0.000347544
040302010801,2020,0.000358776
040302010802,2010,0.013713127
040302010802,2011,0.015295193
040302010802,2012,0.023073731
040302010802,2013,0.018831296
040302010802,2014,0.01804449
040302010802,2015,0.017348276
040302010802,2016,0.016045332
040302010802,2017,0.015307208
040302010802,2018,0.015004949
040302010802,2019,0.015335392
040302010802,2020,0.015831012
040302010803,2010,5.1797e-05
040302010803,2011,5.7772e-05
040302010803,2012,8.7153e-05
040302010803,2013,7.1129e-05
040302010803,2014,6.8157e-05
040302010803,2015,6.5527e-05
040302010803,2016,6.0606e-05
040302010803,2017,5.7818e-05
040302010803,2018,5.6676e-05
040302010803,2019,5.7924e-05
040302010803,2020,5.9796e-05
040302010804,2010,0.000207186
040302010804,2011,0.000231089
040302010804,2012,0.000348612
040302010804,2013,0.000284514
040302010804,2014,0.000272627
040302010804,2015,0.000262108
040302010804,2016,0.000242422
040302010804,2017,0.00023127
040302010804,2018,0.000226704
040302010804,2019,0.000231696
040302010804,2020,0.000239184
040302010805,2010,0.0
040302010805,2011,0.0
040302010805,2012,0.0
040302010805,2013,0.0
040302010805,2014,0.0
040302010805,2015,0.0
040302010805,2016,0.0
040302010805,2017,0.0
040302010805,2018,0.0
040302010805,2019,0.0
040302010805,2020,0.0
040302010806,2010,0.0
040302010806,2011,0.0
040302010806,2012,0.0
040302010806,2013,0.0
040302010806,2014,0.0
040302010806,2015,0.0
040302010806,2016,0.0
040302010806,2017,0.0
040302010806,2018,0.0
040302010806,2019,0.0
040302010806,2020,0.0
040302010901,2010,0.049971687
040302010901,2011,0.056962834
040302010901,2012,0.076290557
040302010901,2013,0.06159115
040302010901,2014,0.060010372
040302010901,2015,0.062519074
040302010901,2016,0.05414627
040302010901,2017,0.054441334
040302010901,2018,0.051474864
040302010901,2019,0.050476087
040302010901,2020,0.05293407
040302010902,2010,0.00583473
040302010902,2011,0.006863132
040302010902,2012,0.00930995
040302010902,2013,0.007359465
040302010902,2014,0.006782479
040302010902,2015,0.006851024
040302010902,2016,0.006497427
040302010902,2017,0.00646568
040302010902,2018,0.006213464
040302010902,2019,0.005745978
040302010902,2020,0.005765385
040302011001,2010,0.0
040302011001,2011,0.0
040302011001,2012,0.0
040302011001,2013,0.0
040302011001,2014,0.0
040302011001,2015,0.0
040302011001,2016,0.0
040302011001,2017,0.0
040302011001,2018,0.0
040302011001,2019,0.0
040302011001,2020,0.0
040302011002,2010,0.0
040302011002,2011,0.0
040302011002,2012,0.0
040302011002,2013,0.0
040302011002,2014,0.0
040302011002,2015,0.0
040302011002,2016,0.0
040302011002,2017,0.0
040302011002,2018,0.0
040302011002,2019,0.0
040302011002,2020,0.0
040302011101,2010,0.0
040302011101,2011,0.0
040302011101,2012,0.0
040302011101,2013,0.0
040302011101,2014,0.0
040302011101,2015,0.0
040302011101,2016,0.0
040302011101,2017,0.0
040302011101,2018,0.0
040302011101,2019,0.0
040302011101,2020,0.0
040302011102,2010,0.007656138
040302011102,2011,0.008571621
040302011102,2012,0.011295552
040302011102,2013,0.008965199
040302011102,2014,0.008162158
040302011102,2015,0.008722229
040302011102,2016,0.007741229
040302011102,2017,0.007628236
040302011102,2018,0.006886219
040302011102,2019,0.006929068
040302011102,2020,0.007260864
040302011103,2010,0.003661678
040302011103,2011,0.004307068
040302011103,2012,0.005842608
040302011103,2013,0.00461855
040302011103,2014,0.004256453
040302011103,2015,0.00429947
040302011103,2016,0.004077564
040302011103,2017,0.004057641
040302011103,2018,0.003899359
040302011103,2019,0.00360598
040302011103,2020,0.003618159
040302011104,2010,0.0
040302011104,2011,0.0
040302011104,2012,0.0
040302011104,2013,0.0
040302011104,2014,0.0
040302011104,2015,0.0
040302011104,2016,0.0
040302011104,2017,0.0
040302011104,2018,0.0
040302011104,2019,0.0
040302011104,2020,0.0
040302011105,2010,0.002251911
040302011105,2011,0.002547277
040302011105,2012,0.003385503
040302011105,2013,0.002691458
040302011105,2014,0.002471567
040302011105,2015,0.002612063
040302011105,2016,0.002175692
040302011105,2017,0.002158047
040302011105,2018,0.002110578
040302011105,2019,0.002058246
040302011105,2020,0.002168244
040302011106,2010,0.033623955
040302011106,2011,0.038034149
040302011106,2012,0.050549954
040302011106,2013,0.040186953
040302011106,2014,0.036903702
040302011106,2015,0.039001489
040302011106,2016,0.032485902
040302011106,2017,0.032222437
040302011106,2018,0.031513674
040302011106,2019,0.030732281
040302011106,2020,0.032374692
040302011107,2010,0.010754957
040302011107,2011,0.011674572
040302011107,2012,0.015916799
040302011107,2013,0.012708975
040302011107,2014,0.011927517
040302011107,2015,0.012604276
040302011107,2016,0.010785713
040302011107,2017,0.010804567
040302011107,2018,0.010625439
040302011107,2019,0.010317536
040302011107,2020,0.01090732
040302011201,2010,0.002696066
040302011201,2011,0.002833147
040302011201,2012,0.003942063
040302011201,2013,0.003158263
040302011201,2014,0.003013508
040302011201,2015,0.003184255
040302011201,2016,0.002778906
040302011201,2017,0.002803258
040302011201,2018,0.002767409
040302011201,2019,0.002679192
040302011201,2020,0.002839304
040302011202,2010,0.0
040302011202,2011,0.0
040302011202,2012,0.0
040302011202,2013,0.0
040302011202,2014,0.0
040302011202,2015,0.0
040302011202,2016,0.0
040302011202,2017,0.0
040302011202,2018,0.0
040302011202,2019,0.0
040302011202,2020,0.0
040302011203,2010,0.007003442
040302011203,2011,0.007350052
040302011203,2012,0.009993686
040302011203,2013,0.007960246
040302011203,2014,0.007679469
040302011203,2015,0.008221734
040302011203,2016,0.007204045
040302011203,2017,0.007248978
040302011203,2018,0.006998151
040302011203,2019,0.007248246
040302011203,2020,0.007488513
040302011204,2010,0.048596402
040302011204,2011,0.051001509
040302011204,2012,0.0693455
040302011204,2013,0.055235601
040302011204,2014,0.053287309
040302011204,2015,0.057050047
040302011204,2016,0.04998837
040302011204,2017,0.050300157
040302011204,2018,0.048559688
040302011204,2019,0.050295084
040302011204,2020,0.051962275
040302011205,2010,0.196079183
040302011205,2011,0.205853625
040302011205,2012,0.280229155
040302011205,2013,0.223021008
040302011205,2014,0.215373245
040302011205,2015,0.23012829
040302011205,2016,0.201520177
040302011205,2017,0.202712111
040302011205,2018,0.196479738
040302011205,2019,0.202584459
040302011205,2020,0.209744071
040302020101,2010,0.0
040302020101,2011,0.0
040302020101,2012,0.0
040302020101,2013,0.0
040302020101,2014,0.0
040302020101,2015,0.0
040302020101,2016,0.0
040302020101,2017,0.0
040302020101,2018,0.0
040302020101,2019,0.0
040302020101,2020,0.0
040302020102,2010,0.0
040302020102,2011,0.0
040302020102,2012,0.0
040302020102,2013,0.0
040302020102,2014,0.0
040302020102,2015,0.0
040302020102,2016,0.0
040302020102,2017,0.0
040302020102,2018,0.0
040302020102,2019,0.0
040302020102,2020,0.0
040302020103,2010,0.0
040302020103,2011,0.0
040302020103,2012,0.0
040302020103,2013,0.0
040302020103,2014,0.0
040302020103,2015,0.0
040302020103,2016,0.0
040302020103,2017,0.0
040302020103,2018,0.0
040302020103,2019,0.0
040302020103,2020,0.0
040302020104,2010,0.008012645
040302020104,2011,0.008651365
040302020104,2012,0.010297523
040302020104,2013,0.008953379
040302020104,2014,0.007618817
040302020104,2015,0.008524486
040302020104,2016,0.008036009
040302020104,2017,0.00799533
040302020104,2018,0.007890589
040302020104,2019,0.007535669
040302020104,2020,0.007683094
040302020105,2010,0.001373002
040302020105,2011,0.001714036
040302020105,2012,0.002261479
040302020105,2013,0.002032874
040302020105,2014,0.001662554
040302020105,2015,0.001837872
040302020105,2016,0.001756788
040302020105,2017,0.001734877
040302020105,2018,0.001749722
040302020105,2019,0.001677908
040302020105,2020,0.001761544
040302020106,2010,0.0
040302020106,2011,0.0
040302020106,2012,0.0
040302020106,2013,0.0
040302020106,2014,0.0
040302020106,2015,0.0
040302020106,2016,0.0
040302020106,2017,0.0
040302020106,2018,0.0
040302020106,2019,0.0
040302020106,2020,0.0
040302020201,2010,0.0
040302020201,2011,0.0
040302020201,2012,0.0
040302020201,2013,0.0
040302020201,2014,0.0
040302020201,2015,0.0
040302020201,2016,0.0
040302020201,2017,0.0
040302020201,2018,0.0
040302020201,2019,0.0
040302020201,2020,0.0
040302020202,2010,0.001155623
040302020202,2011,0.001326577
040302020202,2012,0.001522823
040302020202,2013,0.001320518
040302020202,2014,0.001056518
040302020202,2015,0.001150221
040302020202,2016,0.00106868
040302020202,2017,0.001036506
040302020202,2018,0.001246208
040302020202,2019,0.001215553
040302020202,2020,0.001188024
040302020203,2010,0.0
040302020203,2011,0.0
040302020203,2012,0.0
040302020203,2013,0.0
040302020203,2014,0.0
040302020203,2015,0.0
040302020203,2016,0.0
040302020203,2017,0.0
040302020203,2018,0.0
040302020203,2019,0.0
040302020203,2020,0.0
040302020204,2010,0.0
040302020204,2011,0.0
040302020204,2012,0.0
040302020204,2013,0.0
040302020204,2014,0.0
040302020204,2015,0.0
040302020204,2016,0.0
040302020204,2017,0.0
040302020204,2018,0.0
040302020204,2019,0.0
040302020204,2020,0.0
040302020205,2010,0.0
040302020205,2011,0.0
040302020205,2012,0.0
040302020205,2013,0.0
040302020205,2014,0.0
040302020205,2015,0.0
040302020205,2016,0.0
040302020205,2017,0.0
040302020205,2018,0.0
040302020205,2019,0.0
040302020205,2020,0.0
040302020206,2010,0.0
040302020206,2011,0.0
040302020206,2012,0.0
040302020206,2013,0.0
040302020206,2014,0.0
040302020206,2015,0.0
040302020206,2016,0.0
040302020206,2017,0.0
040302020206,2018,0.0
040302020206,2019,0.0
040302020206,2020,0.0
040302020301,2010,0.0
040302020301,2011,0.0
040302020301,2012,0.0
040302020301,2013,0.0
040302020301,2014,0.0
040302020301,2015,0.0
040302020301,2016,0.0
040302020301,2017,0.0
040302020301,2018,0.0
040302020301,2019,0.0
040302020301,2020,0.0
040302020302,2010,0.0
040302020302,2011,0.0
040302020302,2012,0.0
040302020302,2013,0.0
040302020302,2014,0.0
040302020302,2015,0.0
040302020302,2016,0.0
040302020302,2017,0.0
040302020302,2018,0.0
040302020302,2019,0.0
040302020302,2020,0.0
040302020303,2010,2.7332e-05
040302020303,2011,2.5733e-05
040302020303,2012,3.4336e-05
040302020303,2013,3.3976e-05
040302020303,2014,3.1252e-05
040302020303,2015,2.9194e-05
040302020303,2016,2.897e-05
040302020303,2017,2.542e-05
040302020303,2018,2.2929e-05
040302020303,2019,2.1825e-05
040302020303,2020,2.1623e-05
040302020304,2010,0.0
040302020304,2011,0.0
040302020304,2012,0.0
040302020304,2013,0.0
040302020304,2014,0.0
040302020304,2015,0.0
040302020304,2016,0.0
040302020304,2017,0.0
040302020304,2018,0.0
040302020304,2019,0.0
040302020304,2020,0.0
040302020305,2010,0.00173558
040302020305,2011,0.00163404
040302020305,2012,0.002180328
040302020305,2013,0.002157496
040302020305,2014,0.001984475
040302020305,2015,0.001853822
040302020305,2016,0.001839604
040302020305,2017,0.001614198
040302020305,2018,0.001456017
040302020305,2019,0.001385896
040302020305,2020,0.001373033
040302020401,2010,0.000248678
040302020401,2011,0.000281029
040302020401,2012,0.00040681
040302020401,2013,0.000295779
040302020401,2014,0.000264518
040302020401,2015,0.000279571
040302020401,2016,0.000249487
040302020401,2017,0.000223427
040302020401,2018,0.000229103
040302020401,2019,0.000215506
040302020401,2020,0.000230814
040302020402,2010,0.000301966
040302020402,2011,0.00034125
040302020402,2012,0.000493983
040302020402,2013,0.00035916
040302020402,2014,0.0003212
040302020402,2015,0.000339479
040302020402,2016,0.000302949
040302020402,2017,0.000271305
040302020402,2018,0.000278196
040302020402,2019,0.000261686
040302020402,2020,0.000280274
040302020403,2010,0.0
040302020403,2011,0.0
040302020403,2012,0.0
040302020403,2013,0.0
040302020403,2014,0.0
040302020403,2015,0.0
040302020403,2016,0.0
040302020403,2017,0.0
040302020403,2018,0.0
040302020403,2019,0.0
040302020403,2020,0.0
040302020404,2010,0.006902109
040302020404,2011,0.006264472
040302020404,2012,0.008026083
040302020404,2013,0.006326497
040302020404,2014,0.005443308
040302020404,2015,0.006136018
040302020404,2016,0.005189462
040302020404,2017,0.005480976
040302020404,2018,0.005548681
040302020404,2019,0.004809471
040302020404,2020,0.005254471
040302020501,2010,0.0007534
040302020501,2011,0.000745097
040302020501,2012,0.001066282
040302020501,2013,0.000871389
040302020501,2014,0.000735498
040302020501,2015,0.000748183
040302020501,2016,0.000641481
040302020501,2017,0.000622213
040302020501,2018,0.000604957
040302020501,2019,0.000561651
040302020501,2020,0.000589065
040302020502,2010,0.001219791
040302020502,2011,0.001206347
040302020502,2012,0.001726362
040302020502,2013,0.00141082
040302020502,2014,0.001190807
040302020502,2015,0.001211344
040302020502,2016,0.001038588
040302020502,2017,0.001007392
040302020502,2018,0.000979453
040302020502,2019,0.00090934
040302020502,2020,0.000953724
040302020503,2010,0.0
040302020503,2011,0.0
040302020503,2012,0.0
040302020503,2013,0.0
040302020503,2014,0.0
040302020503,2015,0.0
040302020503,2016,0.0
040302020503,2017,0.0
040302020503,2018,0.0
040302020503,2019,0.0
040302020503,2020,0.0
040302020504,2010,7.0837e-05
040302020504,2011,7.2745e-05
040302020504,2012,0.000100084
040302020504,2013,8.1982e-05
040302020504,2014,7.8805e-05
040302020504,2015,8.6563e-05
040302020504,2016,6.829e-05
040302020504,2017,6.88e-05
040302020504,2018,6.3015e-05
040302020504,2019,5.8744e-05
040302020504,2020,6.1227e-05
040302020505,2010,0.002970114
040302020505,2011,0.00305177
040302020505,2012,0.004196722
040302020505,2013,0.00343749
040302020505,2014,0.003301229
040302020505,2015,0.003625794
040302020505,2016,0.002861191
040302020505,2017,0.002882859
040302020505,2018,0.002642674
040302020505,2019,0.002464206
040302020505,2020,0.002567792
040302020601,2010,0.001736875
040302020601,2011,0.001734157
040302020601,2012,0.002397283
040302020601,2013,0.001878763
040302020601,2014,0.001806251
040302020601,2015,0.001975319
040302020601,2016,0.001723604
040302020601,2017,0.00168725
040302020601,2018,0.001696116
040302020601,2019,0.001609245
040302020601,2020,0.001681183
040302020602,2010,0.000409031
040302020602,2011,0.000575236
040302020602,2012,0.000750266
040302020602,2013,0.000615741
040302020602,2014,0.000559424
040302020602,2015,0.000615691
040302020602,2016,0.000585183
040302020602,2017,0.000580015
040302020602,2018,0.000567433
040302020602,2019,0.000562535
040302020602,2020,0.000609434
040302020603,2010,0.036792809
040302020603,2011,0.036735226
040302020603,2012,0.050782452
040302020603,2013,0.039798454
040302020603,2014,0.038262417
040302020603,2015,0.041843843
040302020603,2016,0.036511676
040302020603,2017,0.035741589
040302020603,2018,0.035929386
040302020603,2019,0.034089177
040302020603,2020,0.03561306
040302020701,2010,0.0
040302020701,2011,0.0
040302020701,2012,0.0
040302020701,2013,0.0
040302020701,2014,0.0
040302020701,2015,0.0
040302020701,2016,0.0
040302020701,2017,0.0
040302020701,2018,0.0
040302020701,2019,0.0
040302020701,2020,0.0
040302020702,2010,0.022329082
040302020702,2011,0.024847433
040302020702,2012,0.033446906
040302020702,2013,0.027016752
040302020702,2014,0.025292568
040302020702,2015,0.027169157
040302020702,2016,0.024618457
040302020702,2017,0.024409578
040302020702,2018,0.024323734
040302020702,2019,0.023640418
040302020702,2020,0.025273061
040302020801,2010,0.0
040302020801,2011,0.0
040302020801,2012,0.0
040302020801,2013,0.0
040302020801,2014,0.0
040302020801,2015,0.0
040302020801,2016,0.0
040302020801,2017,0.0
040302020801,2018,0.0
040302020801,2019,0.0
040302020801,2020,0.0
040302020802,2010,0.007481859
040302020802,2011,0.007831861
040302020802,2012,0.010690296
040302020802,2013,0.008519466
040302020802,2014,0.007785955
040302020802,2015,0.008337993
040302020802,2016,0.007247427
040302020802,2017,0.007129948
040302020802,2018,0.007051555
040302020802,2019,0.00686959
040302020802,2020,0.007137587
040302020803,2010,9.4939e-05
040302020803,2011,0.000105379
040302020803,2012,0.000147414
040302020803,2013,0.000113759
040302020803,2014,9.4436e-05
040302020803,2015,9.7811e-05
040302020803,2016,7.1576e-05
040302020803,2017,7.0555e-05
040302020803,2018,6.2378e-05
040302020803,2019,5.8438e-05
040302020803,2020,6.2355e-05
040302020804,2010,0.000545902
040302020804,2011,0.000605929
040302020804,2012,0.000847633
040302020804,2013,0.000654115
040302020804,2014,0.000543006
040302020804,2015,0.000562414
040302020804,2016,0.000411561
040302020804,2017,0.000405693
040302020804,2018,0.000358676
040302020804,2019,0.00033602
040302020804,2020,0.000358539
040302020805,2010,0.020450233
040302020805,2011,0.021684051
040302020805,2012,0.02884609
040302020805,2013,0.024110943
040302020805,2014,0.022758431
040302020805,2015,0.024633656
040302020805,2016,0.02108572
040302020805,2017,0.021557327
040302020805,2018,0.020660098
040302020805,2019,0.020017105
040302020805,2020,0.020971718
040302020806,2010,0.007194845
040302020806,2011,0.008355411
040302020806,2012,0.011650539
040302020806,2013,0.008245474
040302020806,2014,0.007525569
040302020806,2015,0.007969908
040302020806,2016,0.008557944
040302020806,2017,0.007461895
040302020806,2018,0.007321053
040302020806,2019,0.007125363
040302020806,2020,0.007586984
040302020807,2010,0.001390631
040302020807,2011,0.001533597
040302020807,2012,0.002121811
040302020807,2013,0.001655336
040302020807,2014,0.001412917
040302020807,2015,0.001468232
040302020807,2016,0.001128569
040302020807,2017,0.001116254
040302020807,2018,0.001025395
040302020807,2019,0.000971692
040302020807,2020,0.001030985
040302020901,2010,0.020017488
040302020901,2011,0.01998616
040302020901,2012,0.02762869
040302020901,2013,0.021652739
040302020901,2014,0.020817043
040302020901,2015,0.022765553
040302020901,2016,0.019864535
040302020901,2017,0.019445561
040302020901,2018,0.019547735
040302020901,2019,0.018546551
040302020901,2020,0.019375634
040302020902,2010,0.0
040302020902,2011,0.0
040302020902,2012,0.0
040302020902,2013,0.0
040302020902,2014,0.0
040302020902,2015,0.0
040302020902,2016,0.0
040302020902,2017,0.0
040302020902,2018,0.0
040302020902,2019,0.0
040302020902,2020,0.0
040302020903,2010,0.0
040302020903,2011,0.0
040302020903,2012,0.0
040302020903,2013,0.0
040302020903,2014,0.0
040302020903,2015,0.0
040302020903,2016,0.0
040302020903,2017,0.0
040302020903,2018,0.0
040302020903,2019,0.0
040302020903,2020,0.0
040302020904,2010,4.8546e-05
040302020904,2011,5.233e-05
040302020904,2012,6.9527e-05
040302020904,2013,5.6457e-05
040302020904,2014,5.2923e-05
040302020904,2015,5.5567e-05
040302020904,2016,4.9124e-05
040302020904,2017,4.9014e-05
040302020904,2018,4.935e-05
040302020904,2019,4.7962e-05
040302020904,2020,5.0266e-05
040302021001,2010,0.003584422
040302021001,2011,0.003789364
040302021001,2012,0.005060005
040302021001,2013,0.003756673
040302021001,2014,0.003470632
040302021001,2015,0.003550705
040302021001,2016,0.003264714
040302021001,2017,0.003248883
040302021001,2018,0.003439937
040302021001,2019,0.003298142
040302021001,2020,0.003388987
040302021002,2010,0.00874473
040302021002,2011,0.008894126
040302021002,2012,0.012495387
040302021002,2013,0.010119676
040302021002,2014,0.010114662
040302021002,2015,0.009451636
040302021002,2016,0.008695986
040302021002,2017,0.008439377
040302021002,2018,0.008805205
040302021002,2019,0.008796241
040302021002,2020,0.008689018
040302021003,2010,0.000850909
040302021003,2011,0.000900749
040302021003,2012,0.001198565
040302021003,2013,0.000872444
040302021003,2014,0.000796888
040302021003,2015,0.000828749
040302021003,2016,0.000760939
040302021003,2017,0.000760278
040302021003,2018,0.000809696
040302021003,2019,0.000772267
040302021003,2020,0.000794581
040302021004,2010,0.0
040302021004,2011,0.0
040302021004,2012,0.0
040302021004,2013,0.0
040302021004,2014,0.0
040302021004,2015,0.0
040302021004,2016,0.0
040302021004,2017,0.0
040302021004,2018,0.0
040302021004,2019,0.0
040302021004,2020,0.0
040302021005,2010,9.9449e-05
040302021005,2011,0.000104208
040302021005,2012,0.000142441
040302021005,2013,0.000119313
040302021005,2014,0.000117341
040302021005,2015,0.000109546
040302021005,2016,0.000101548
040302021005,2017,9.8695e-05
040302021005,2018,0.000100829
040302021005,2019,9.9831e-05
040302021005,2020,0.000101768
040302021006,2010,0.0
040302021006,2011,0.0
040302021006,2012,0.0
040302021006,2013,0.0
040302021006,2014,0.0
040302021006,2015,0.0
040302021006,2016,0.0
040302021006,2017,0.0
040302021006,2018,0.0
040302021006,2019,0.0
040302021006,2020,0.0
040302021007,2010,0.001221384
040302021007,2011,0.001182723
040302021007,2012,0.001738664
040302021007,2013,0.001331183
040302021007,2014,0.001367725
040302021007,2015,0.001280091
040302021007,2016,0.001162961
040302021007,2017,0.001125856
040302021007,2018,0.001216367
040302021007,2019,0.001232539
040302021007,2020,0.001156163
040302021101,2010,0.008264219
040302021101,2011,0.008496963
040302021101,2012,0.01342107
040302021101,2013,0.01057942
040302021101,2014,0.010259195
040302021101,2015,0.01073866
040302021101,2016,0.008459619
040302021101,2017,0.009526345
040302021101,2018,0.007825265
040302021101,2019,0.007453518
040302021101,2020,0.007493403
040302021102,2010,0.0
040302021102,2011,0.0
040302021102,2012,0.0
040302021102,2013,0.0
040302021102,2014,0.0
040302021102,2015,0.0
040302021102,2016,0.0
040302021102,2017,0.0
040302021102,2018,0.0
040302021102,2019,0.0
040302021102,2020,0.0
040302021103,2010,0.028269114
040302021103,2011,0.029669258
040302021103,2012,0.041510273
040302021103,2013,0.032171609
040302021103,2014,0.030673986
040302021103,2015,0.031270507
040302021103,2016,0.026540193
040302021103,2017,0.026497129
040302021103,2018,0.026204451
040302021103,2019,0.02527645
040302021103,2020,0.027131991
040302021201,2010,0.001854541
040302021201,2011,0.00186592
040302021201,2012,0.00268135
040302021201,2013,0.002078117
040302021201,2014,0.001890808
040302021201,2015,0.001802681
040302021201,2016,0.001606543
040302021201,2017,0.001635796
040302021201,2018,0.001601873
040302021201,2019,0.001513961
040302021201,2020,0.001597586
040302021202,2010,0.0
040302021202,2011,0.0
040302021202,2012,0.0
040302021202,2013,0.0
040302021202,2014,0.0
040302021202,2015,0.0
040302021202,2016,0.0
040302021202,2017,0.0
040302021202,2018,0.0
040302021202,2019,0.0
040302021202,2020,0.0
040302021203,2010,0.0
040302021203,2011,0.0
040302021203,2012,0.0
040302021203,2013,0.0
040302021203,2014,0.0
040302021203,2015,0.0
040302021203,2016,0.0
040302021203,2017,0.0
040302021203,2018,0.0
040302021203,2019,0.0
040302021203,2020,0.0
040302021204,2010,0.002187317
040302021204,2011,0.002267364
040302021204,2012,0.002707801
040302021204,2013,0.002136611
040302021204,2014,0.002070007
040302021204,2015,0.002198288
040302021204,2016,0.001922849
040302021204,2017,0.001860901
040302021204,2018,0.001855071
040302021204,2019,0.001681138
040302021204,2020,0.001819482
040302021301,2010,0.000848442
040302021301,2011,0.000890465
040302021301,2012,0.00124585
040302021301,2013,0.000965568
040302021301,2014,0.00092062
040302021301,2015,0.000938523
040302021301,2016,0.000796552
040302021301,2017,0.00079526
040302021301,2018,0.000786475
040302021301,2019,0.000758623
040302021301,2020,0.000814314
040302021302,2010,0.0
040302021302,2011,0.0
040302021302,2012,0.0
040302021302,2013,0.0
040302021302,2014,0.0
040302021302,2015,0.0
040302021302,2016,0.0
040302021302,2017,0.0
040302021302,2018,0.0
040302021302,2019,0.0
040302021302,2020,0.0
040302021303,2010,0.001532199
040302021303,2011,0.001599861
040302021303,2012,0.002280751
040302021303,2013,0.001760488
040302021303,2014,0.001677599
040302021303,2015,0.001716012
040302021303,2016,0.001476537
040302021303,2017,0.00146287
040302021303,2018,0.001453092
040302021303,2019,0.001436245
040302021303,2020,0.001514226
040302021304,2010,0.00207265
040302021304,2011,0.002276411
040302021304,2012,0.003046138
040302021304,2013,0.002365217
040302021304,2014,0.002236604
040302021304,2015,0.002304477
040302021304,2016,0.002034832
040302021304,2017,0.001996274
040302021304,2018,0.001959211
040302021304,2019,0.001912398
040302021304,2020,0.002034382
040302021401,2010,0.000366844
040302021401,2011,0.000390639
040302021401,2012,0.000528981
040302021401,2013,0.000420858
040302021401,2014,0.00039237
040302021401,2015,0.00042182
040302021401,2016,0.000358949
040302021401,2017,0.00034792
040302021401,2018,0.000340531
040302021401,2019,0.000316879
040302021401,2020,0.000339231
040302021402,2010,0.0
040302021402,2011,0.0
040302021402,2012,0.0
040302021402,2013,0.0
040302021402,2014,0.0
040302021402,2015,0.0
040302021402,2016,0.0
040302021402,2017,0.0
040302021402,2018,0.0
040302021402,2019,0.0
040302021402,2020,0.0
040302021403,2010,0.004776937
040302021403,2011,0.005149267
040302021403,2012,0.006841435
040302021403,2013,0.005555371
040302021403,2014,0.00520766
040302021403,2015,0.00546783
040302021403,2016,0.004833797
040302021403,2017,0.004822935
040302021403,2018,0.004856061
040302021403,2019,0.004719464
040302021403,2020,0.004946165
040302021404,2010,0.032144038
040302021404,2011,0.034653324
040302021404,2012,0.047448259
040302021404,2013,0.038008243
040302021404,2014,0.036053035
040302021404,2015,0.036987119
040302021404,2016,0.032079163
040302021404,2017,0.031113131
040302021404,2018,0.030435299
040302021404,2019,0.029779665
040302021404,2020,0.031856208
040302021501,2010,0.0
040302021501,2011,0.0
040302021501,2012,0.0
040302021501,2013,0.0
040302021501,2014,0.0
040302021501,2015,0.0
040302021501,2016,0.0
040302021501,2017,0.0
040302021501,2018,0.0
040302021501,2019,0.0
040302021501,2020,0.0
040302021502,2010,0.0
040302021502,2011,0.0
040302021502,2012,0.0
040302021502,2013,0.0
040302021502,2014,0.0
040302021502,2015,0.0
040302021502,2016,0.0
040302021502,2017,0.0
040302021502,2018,0.0
040302021502,2019,0.0
040302021502,2020,0.0
040302021503,2010,0.0
040302021503,2011,0.0
040302021503,2012,0.0
040302021503,2013,0.0
040302021503,2014,0.0
040302021503,2015,0.0
040302021503,2016,0.0
040302021503,2017,0.0
040302021503,2018,0.0
040302021503,2019,0.0
040302021503,2020,0.0
040302021504,2010,0.0
040302021504,2011,0.0
040302021504,2012,0.0
040302021504,2013,0.0
040302021504,2014,0.0
040302021504,2015,0.0
040302021504,2016,0.0
040302021504,2017,0.0
040302021504,2018,0.0
040302021504,2019,0.0
040302021504,2020,0.0
040302021601,2010,0.0
040302021601,2011,0.0
040302021601,2012,0.0
040302021601,2013,0.0
040302021601,2014,0.0
040302021601,2015,0.0
040302021601,2016,0.0
040302021601,2017,0.0
040302021601,2018,0.0
040302021601,2019,0.0
040302021601,2020,0.0
040302021602,2010,0.008984261
040302021602,2011,0.008993353
040302021602,2012,0.013674928
040302021602,2013,0.010114924
040302021602,2014,0.00953994
040302021602,2015,0.008917233
040302021602,2016,0.008522081
040302021602,2017,0.008648523
040302021602,2018,0.008875851
040302021602,2019,0.008325558
040302021602,2020,0.008618167
040302021603,2010,0.000871712
040302021603,2011,0.000872595
040302021603,2012,0.001326832
040302021603,2013,0.000981417
040302021603,2014,0.000925628
040302021603,2015,0.000865209
040302021603,2016,0.000826869
040302021603,2017,0.000839137
040302021603,2018,0.000861194
040302021603,2019,0.000807801
040302021603,2020,0.000836191
040302021604,2010,2.3024e-05
040302021604,2011,2.4373e-05
040302021604,2012,3.4381e-05
040302021604,2013,2.7695e-05
040302021604,2014,2.5805e-05
040302021604,2015,2.6452e-05
040302021604,2016,2.3828e-05
040302021604,2017,2.3813e-05
040302021604,2018,2.2593e-05
040302021604,2019,2.2037e-05
040302021604,2020,2.4704e-05
040302021605,2010,0.0
040302021605,2011,0.0
040302021605,2012,0.0
040302021605,2013,0.0
040302021605,2014,0.0
040302021605,2015,0.0
040302021605,2016,0.0
040302021605,2017,0.0
040302021605,2018,0.0
040302021605,2019,0.0
040302021605,2020,0.0
040302021701,2010,0.0
040302021701,2011,0.0
040302021701,2012,0.0
040302021701,2013,0.0
040302021701,2014,0.0
040302021701,2015,0.0
040302021701,2016,0.0
040302021701,2017,0.0
040302021701,2018,0.0
040302021701,2019,0.0
040302021701,2020,0.0
040302021702,2010,0.0
040302021702,2011,0.0
040302021702,2012,0.0
040302021702,2013,0.0
040302021702,2014,0.0
040302021702,2015,0.0
040302021702,2016,0.0
040302021702,2017,0.0
040302021702,2018,0.0
040302021702,2019,0.0
040302021702,2020,0.0
040302021703,2010,0.0
040302021703,2011,0.0
040302021703,2012,0.0
040302021703,2013,0.0
040302021703,2014,0.0
040302021703,2015,0.0
040302021703,2016,0.0
040302021703,2017,0.0
040302021703,2018,0.0
040302021703,2019,0.0
040302021703,2020,0.0
040302021704,2010,0.009778049
040302021704,2011,0.010548289
040302021704,2012,0.014272731
040302021704,2013,0.011358857
040302021704,2014,0.012623825
040302021704,2015,0.013434711
040302021704,2016,0.012072308
040302021704,2017,0.011000234
040302021704,2018,0.010722451
040302021704,2019,0.010770185
040302021704,2020,0.010351907
040302021705,2010,0.000184965
040302021705,2011,0.000203295
040302021705,2012,0.00027211
040302021705,2013,0.000210917
040302021705,2014,0.000199516
040302021705,2015,0.000205417
040302021705,2016,0.000181373
040302021705,2017,0.000177814
040302021705,2018,0.000174328
040302021705,2019,0.000170194
040302021705,2020,0.000181162
040302021801,2010,0.0
040302021801,2011,0.0
040302021801,2012,0.0
040302021801,2013,0.0
040302021801,2014,0.0
040302021801,2015,0.0
040302021801,2016,0.0
040302021801,2017,0.0
040302021801,2018,0.0
040302021801,2019,0.0
040302021801,2020,0.0
040302021802,2010,0.0
040302021802,2011,0.0
040302021802,2012,0.0
040302021802,2013,0.0
040302021802,2014,0.0
040302021802,2015,0.0
040302021802,2016,0.0
040302021802,2017,0.0
040302021802,2018,0.0
040302021802,2019,0.0
040302021802,2020,0.0
040302021803,2010,0.0
040302021803,2011,0.0
040302021803,2012,0.0
040302021803,2013,0.0
040302021803,2014,0.0
040302021803,2015,0.0
040302021803,2016,0.0
040302021803,2017,0.0
040302021803,2018,0.0
040302021803,2019,0.0
040302021803,2020,0.0
040302021804,2010,0.006263181
040302021804,2011,0.006577268
040302021804,2012,0.009322263
040302021804,2013,0.007554399
040302021804,2014,0.006765011
040302021804,2015,0.007168828
040302021804,2016,0.00676404
040302021804,2017,0.006583187
040302021804,2018,0.006481935
040302021804,2019,0.006162961
040302021804,2020,0.006411312
040302021805,2010,0.0
040302021805,2011,0.0
040302021805,2012,0.0
040302021805,2013,0.0
040302021805,2014,0.0
040302021805,2015,0.0
040302021805,2016,0.0
040302021805,2017,0.0
040302021805,2018,0.0
040302021805,2019,0.0
040302021805,2020,0.0
040302021806,2010,8.0583e-05
040302021806,2011,8.5306e-05
040302021806,2012,0.000120335
040302021806,2013,9.6931e-05
040302021806,2014,9.0318e-05
040302021806,2015,9.2582e-05
040302021806,2016,8.3399e-05
040302021806,2017,8.3347e-05
040302021806,2018,7.9075e-05
040302021806,2019,7.7129e-05
040302021806,2020,8.6465e-05
040302021807,2010,0.0
040302021807,2011,0.0
040302021807,2012,0.0
040302021807,2013,0.0
040302021807,2014,0.0
040302021807,2015,0.0
040302021807,2016,0.0
040302021807,2017,0.0
040302021807,2018,0.0
040302021807,2019,0.0
040302021807,2020,0.0
040302021808,2010,0.034915588
040302021808,2011,0.036961858
040302021808,2012,0.052139282
040302021808,2013,0.041998709
040302021808,2014,0.039133294
040302021808,2015,0.040114456
040302021808,2016,0.036135767
040302021808,2017,0.03611305
040302021808,2018,0.034262048
040302021808,2019,0.033418711
040302021808,2020,0.037464254
040302021809,2010,0.011603994
040302021809,2011,0.01228406
040302021809,2012,0.017328189
040302021809,2013,0.013958028
040302021809,2014,0.013005724
040302021809,2015,0.013331807
040302021809,2016,0.012009513
040302021809,2017,0.012001963
040302021809,2018,0.011386793
040302021809,2019,0.011106515
040302021809,2020,0.012451028
040302021810,2010,0.01438865
040302021810,2011,0.015085906
040302021810,2012,0.021480855
040302021810,2013,0.017828772
040302021810,2014,0.018704638
040302021810,2015,0.021978756
040302021810,2016,0.01714734
040302021810,2017,0.014306788
040302021810,2018,0.013445632
040302021810,2019,0.013093969
040302021810,2020,0.013974908
040302021901,2010,0.0
040302021901,2011,0.0
040302021901,2012,0.0
040302021901,2013,0.0
040302021901,2014,0.0
040302021901,2015,0.0
040302021901,2016,0.0
040302021901,2017,0.0
040302021901,2018,0.0
040302021901,2019,0.0
040302021901,2020,0.0
040302021902,2010,0.029990706
040302021902,2011,0.032962847
040302021902,2012,0.044120615
040302021902,2013,0.034198607
040302021902,2014,0.032350157
040302021902,2015,0.033306895
040302021902,2016,0.029408274
040302021902,2017,0.028831296
040302021902,2018,0.028266014
040302021902,2019,0.027595661
040302021902,2020,0.029374044
040302021903,2010,0.0
040302021903,2011,0.0
040302021903,2012,0.0
040302021903,2013,0.0
040302021903,2014,0.0
040302021903,2015,0.0
040302021903,2016,0.0
040302021903,2017,0.0
040302021903,2018,0.0
040302021903,2019,0.0
040302021903,2020,0.0
040302021904,2010,2.3024e-05
040302021904,2011,2.4373e-05
040302021904,2012,3.4381e-05
040302021904,2013,2.7695e-05
040302021904,2014,2.5805e-05
040302021904,2015,2.6452e-05
040302021904,2016,2.3828e-05
040302021904,2017,2.3813e-05
040302021904,2018,2.2593e-05
040302021904,2019,2.2037e-05
040302021904,2020,2.4704e-05
040302021905,2010,0.0
040302021905,2011,0.0
040302021905,2012,0.0
040302021905,2013,0.0
040302021905,2014,0.0
040302021905,2015,0.0
040302021905,2016,0.0
040302021905,2017,0.0
040302021905,2018,0.0
040302021905,2019,0.0
040302021905,2020,0.0
040302021906,2010,0.000471573
040302021906,2011,0.000493883
040302021906,2012,0.000703991
040302021906,2013,0.000586251
040302021906,2014,0.00062258
040302021906,2015,0.000740523
040302021906,2016,0.000570348
040302021906,2017,0.000466757
040302021906,2018,0.000438169
040302021906,2019,0.000426628
040302021906,2020,0.000452586
040302022001,2010,0.0
040302022001,2011,0.0
040302022001,2012,0.0
040302022001,2013,0.0
040302022001,2014,0.0
040302022001,2015,0.0
040302022001,2016,0.0
040302022001,2017,0.0
040302022001,2018,0.0
040302022001,2019,0.0
040302022001,2020,0.0
040302022002,2010,0.0
040302022002,2011,0.0
040302022002,2012,0.0
040302022002,2013,0.0
040302022002,2014,0.0
040302022002,2015,0.0
040302022002,2016,0.0
040302022002,2017,0.0
040302022002,2018,0.0
040302022002,2019,0.0
040302022002,2020,0.0
040302022003,2010,0.0
040302022003,2011,0.0
040302022003,2012,0.0
040302022003,2013,0.0
040302022003,2014,0.0
040302022003,2015,0.0
040302022003,2016,0.0
040302022003,2017,0.0
040302022003,2018,0.0
040302022003,2019,0.0
040302022003,2020,0.0
040302022004,2010,0.000171552
040302022004,2011,0.000188658
040302022004,2012,0.000254866
040302022004,2013,0.000210042
040302022004,2014,0.00019366
040302022004,2015,0.000197161
040302022004,2016,0.000175827
040302022004,2017,0.000172443
040302022004,2018,0.000147093
040302022004,2019,0.000141278
040302022004,2020,0.000151062
040302022005,2010,0.011596896
040302022005,2011,0.012753267
040302022005,2012,0.01722893
040302022005,2013,0.014198811
040302022005,2014,0.013091437
040302022005,2015,0.013328081
040302022005,2016,0.0118859
040302022005,2017,0.011657164
040302022005,2018,0.009943467
040302022005,2019,0.009550391
040302022005,2020,0.010211775
040302022006,2010,0.0
040302022006,2011,0.0
040302022006,2012,0.0
040302022006,2013,0.0
040302022006,2014,0.0
040302022006,2015,0.0
040302022006,2016,0.0
040302022006,2017,0.0
040302022006,2018,0.0
040302022006,2019,0.0
040302022006,2020,0.0
040302022101,2010,0.0
040302022101,2011,0.0
040302022101,2012,0.0
040302022101,2013,0.0
040302022101,2014,0.0
040302022101,2015,0.0
040302022101,2016,0.0
040302022101,2017,0.0
040302022101,2018,0.0
040302022101,2019,0.0
040302022101,2020,0.0
040302022102,2010,0.0
040302022102,2011,0.0
040302022102,2012,0.0
040302022102,2013,0.0
040302022102,2014,0.0
040302022102,2015,0.0
040302022102,2016,0.0
040302022102,2017,0.0
040302022102,2018,0.0
040302022102,2019,0.0
040302022102,2020,0.0
040302022103,2010,0.0
040302022103,2011,0.0
040302022103,2012,0.0
040302022103,2013,0.0
040302022103,2014,0.0
040302022103,2015,0.0
040302022103,2016,0.0
040302022103,2017,0.0
040302022103,2018,0.0
040302022103,2019,0.0
040302022103,2020,0.0
040302022104,2010,0.0
040302022104,2011,0.0
040302022104,2012,0.0
040302022104,2013,0.0
040302022104,2014,0.0
040302022104,2015,0.0
040302022104,2016,0.0
040302022104,2017,0.0
040302022104,2018,0.0
040302022104,2019,0.0
040302022104,2020,0.0
040302022105,2010,0.0
040302022105,2011,0.0
040302022105,2012,0.0
040302022105,2013,0.0
040302022105,2014,0.0
040302022105,2015,0.0
040302022105,2016,0.0
040302022105,2017,0.0
040302022105,2018,0.0
040302022105,2019,0.0
040302022105,2020,0.0
040302022106,2010,0.013228176
040302022106,2011,0.014001986
040302022106,2012,0.018870778
040302022106,2013,0.014424268
040302022106,2014,0.014740773
040302022106,2015,0.015200765
040302022106,2016,0.01315984
040302022106,2017,0.013026066
040302022106,2018,0.013693923
040302022106,2019,0.014042995
040302022106,2020,0.014773098
040302030101,2010,0.200156495
040302030101,2011,0.21162218
040302030101,2012,0.288592391
040302030101,2013,0.227046269
040302030101,2014,0.218795788
040302030101,2015,0.233940644
040302030101,2016,0.204834584
040302030101,2017,0.20599478
040302030101,2018,0.19916741
040302030101,2019,0.203720487
040302030101,2020,0.211058357
040302030102,2010,0.04121873
040302030102,2011,0.043258705
040302030102,2012,0.058817801
040302030102,2013,0.046849998
040302030102,2014,0.045197487
040302030102,2015,0.048388984
040302030102,2016,0.042399377
040302030102,2017,0.04266383
040302030102,2018,0.04118759
040302030102,2019,0.042659527
040302030102,2020,0.044073612
040302030103,2010,0.043160792
040302030103,2011,0.04961688
040302030103,2012,0.06535937
040302030103,2013,0.049475166
040302030103,2014,0.048194987
040302030103,2015,0.051672832
040302030103,2016,0.04780525
040302030103,2017,0.046257391
040302030103,2018,0.044845481
040302030103,2019,0.045139
040302030103,2020,0.047951538
040302030201,2010,0.0
040302030201,2011,0.0
040302030201,2012,0.0
040302030201,2013,0.0
040302030201,2014,0.0
040302030201,2015,0.0
040302030201,2016,0.0
040302030201,2017,0.0
040302030201,2018,0.0
040302030201,2019,0.0
040302030201,2020,0.0
040302030202,2010,0.005642915
040302030202,2011,0.006370216
040302030202,2012,0.008312958
040302030202,2013,0.006666415
040302030202,2014,0.006175765
040302030202,2015,0.006596822
040302030202,2016,0.005925431
040302030202,2017,0.005644129
040302030202,2018,0.005190538
040302030202,2019,0.005224931
040302030202,2020,0.005532712
040302030203,2010,0.086367626
040302030203,2011,0.099980752
040302030203,2012,0.131219674
040302030203,2013,0.102577208
040302030203,2014,0.098810688
040302030203,2015,0.103549594
040302030203,2016,0.091261279
040302030203,2017,0.090282054
040302030203,2018,0.088911998
040302030203,2019,0.088706798
040302030203,2020,0.098231855
040302030204,2010,0.103355809
040302030204,2011,0.119646585
040302030204,2012,0.157030083
040302030204,2013,0.122753754
040302030204,2014,0.118246373
040302030204,2015,0.123917404
040302030204,2016,0.109212025
040302030204,2017,0.108040189
040302030204,2018,0.106400649
040302030204,2019,0.106155087
040302030204,2020,0.117553687
040302030301,2010,0.071026783
040302030301,2011,0.082221909
040302030301,2012,0.107912092
040302030301,2013,0.084357176
040302030301,2014,0.081259675
040302030301,2015,0.085156844
040302030301,2016,0.075051212
040302030301,2017,0.074245919
040302030301,2018,0.073119217
040302030301,2019,0.072950465
040302030301,2020,0.080783656
040302030302,2010,0.021415406
040302030302,2011,0.024790868
040302030302,2012,0.032536758
040302030302,2013,0.025434676
040302030302,2014,0.024500743
040302030302,2015,0.025675785
040302030302,2016,0.022628819
040302030302,2017,0.022386013
040302030302,2018,0.022046299
040302030302,2019,0.021995419
040302030302,2020,0.024357218
040302030303,2010,0.007398911
040302030303,2011,0.008129046
040302030303,2012,0.010814288
040302030303,2013,0.008405306
040302030303,2014,0.008022788
040302030303,2015,0.008297162
040302030303,2016,0.007326418
040302030303,2017,0.007250005
040302030303,2018,0.007083341
040302030303,2019,0.006851342
040302030303,2020,0.007186747
040302030304,2010,0.06054471
040302030304,2011,0.064434661
040302030304,2012,0.087216765
040302030304,2013,0.06894476
040302030304,2014,0.064639257
040302030304,2015,0.069381666
040302030304,2016,0.058961963
040302030304,2017,0.057117088
040302030304,2018,0.056021356
040302030304,2019,0.052732881
040302030304,2020,0.056694924
040302030401,2010,0.000640933
040302030401,2011,0.000692574
040302030401,2012,0.000932603
040302030401,2013,0.00073654
040302030401,2014,0.000710335
040302030401,2015,0.000756212
040302030401,2016,0.00066453
040302030401,2017,0.000664993
040302030401,2018,0.000645475
040302030401,2019,0.000660255
040302030401,2020,0.000695178
040302040101,2010,0.021418911
040302040101,2011,0.024523486
040302040101,2012,0.033648206
040302040101,2013,0.027804863
040302040101,2014,0.025831935
040302040101,2015,0.02777449
040302040101,2016,0.024688791
040302040101,2017,0.024898999
040302040101,2018,0.026322568
040302040101,2019,0.025853449
040302040101,2020,0.029732329
040302040102,2010,0.000133398
040302040102,2011,0.000142051
040302040102,2012,0.000192357
040302040102,2013,0.000153039
040302040102,2014,0.00014268
040302040102,2015,0.000153389
040302040102,2016,0.000130527
040302040102,2017,0.000126516
040302040102,2018,0.000123829
040302040102,2019,0.000115229
040302040102,2020,0.000123357
040302040103,2010,0.000404188
040302040103,2011,0.000433399
040302040103,2012,0.000592845
040302040103,2013,0.000512926
040302040103,2014,0.000472401
040302040103,2015,0.000498151
040302040103,2016,0.000431681
040302040103,2017,0.000432011
040302040103,2018,0.000426443
040302040103,2019,0.000412423
040302040103,2020,0.000435484
040302040104,2010,0.0
040302040104,2011,0.0
040302040104,2012,0.0
040302040104,2013,0.0
040302040104,2014,0.0
040302040104,2015,0.0
040302040104,2016,0.0
040302040104,2017,0.0
040302040104,2018,0.0
040302040104,2019,0.0
040302040104,2020,0.0
040302040105,2010,0.018454136
040302040105,2011,0.019810055
040302040105,2012,0.02713077
040302040105,2013,0.023483566
040302040105,2014,0.021659167
040302040105,2015,0.022822818
040302040105,2016,0.019788855
040302040105,2017,0.019792414
040302040105,2018,0.019556533
040302040105,2019,0.018895309
040302040105,2020,0.019947147
040302040106,2010,0.253195881
040302040106,2011,0.276556265
040302040106,2012,0.384935122
040302040106,2013,0.334609494
040302040106,2014,0.314506644
040302040106,2015,0.328423619
040302040106,2016,0.287125537
040302040106,2017,0.285085631
040302040106,2018,0.28594567
040302040106,2019,0.273008108
040302040106,2020,0.288234711
040302040201,2010,0.285325237
040302040201,2011,0.309291966
040302040201,2012,0.424097989
040302040201,2013,0.317197026
040302040201,2014,0.304703591
040302040201,2015,0.323859395
040302040201,2016,0.278786649
040302040201,2017,0.275457821
040302040201,2018,0.270312075
040302040201,2019,0.261816602
040302040201,2020,0.280344574
040302040202,2010,0.039969329
040302040202,2011,0.0425619
040302040202,2012,0.057634851
040302040202,2013,0.045854358
040302040202,2014,0.042750521
040302040202,2015,0.045959171
040302040202,2016,0.039109153
040302040202,2017,0.037907491
040302040202,2018,0.037102395
040302040202,2019,0.034525366
040302040202,2020,0.036960777
040302040203,2010,0.056061832
040302040203,2011,0.060507226
040302040203,2012,0.08222186
040302040203,2013,0.06515741
040302040203,2014,0.062700244
040302040203,2015,0.066786978
040302040203,2016,0.057559611
040302040203,2017,0.056881714
040302040203,2018,0.057389117
040302040203,2019,0.054628639
040302040203,2020,0.058119083
040302040204,2010,0.009322593
040302040204,2011,0.010245324
040302040204,2012,0.013706296
040302040204,2013,0.011198498
040302040204,2014,0.010566524
040302040204,2015,0.011130053
040302040204,2016,0.009721455
040302040204,2017,0.010443418
040302040204,2018,0.010060583
040302040204,2019,0.010134705
040302040204,2020,0.010692863
040302040205,2010,0.602238915
040302040205,2011,0.641193604
040302040205,2012,0.867274733
040302040205,2013,0.691012056
040302040205,2014,0.652299333
040302040205,2015,0.701857137
040302040205,2016,0.601704795
040302040205,2017,0.58829298
040302040205,2018,0.581999628
040302040205,2019,0.545916156
040302040205,2020,0.581474059
040302040301,2010,0.002991339
040302040301,2011,0.003193473
040302040301,2012,0.004481411
040302040301,2013,0.003628147
040302040301,2014,0.003439902
040302040301,2015,0.003657915
040302040301,2016,0.003216992
040302040301,2017,0.003337859
040302040301,2018,0.003289921
040302040301,2019,0.003286292
040302040301,2020,0.003436123
040302040302,2010,0.041032218
040302040302,2011,0.03686621
040302040302,2012,0.045976973
040302040302,2013,0.039682107
040302040302,2014,0.035663285
040302040302,2015,0.038433754
040302040302,2016,0.034228968
040302040302,2017,0.034773605
040302040302,2018,0.033083244
040302040302,2019,0.034553688
040302040302,2020,0.03653541
040302040303,2010,0.08891766
040302040303,2011,0.095341932
040302040303,2012,0.130416454
040302040303,2013,0.112835438
040302040303,2014,0.103920357
040302040303,2015,0.109585292
040302040303,2016,0.094963259
040302040303,2017,0.095035938
040302040303,2018,0.093810668
040302040303,2019,0.090727213
040302040303,2020,0.095800423
040302040304,2010,0.20715436
040302040304,2011,0.249402792
040302040304,2012,0.330334397
040302040304,2013,0.280070097
040302040304,2014,0.25880125
040302040304,2015,0.274915159
040302040304,2016,0.239643741
040302040304,2017,0.240933937
040302040304,2018,0.235243936
040302040304,2019,0.232807052
040302040304,2020,0.245958389
040302040401,2010,0.067919063
040302040401,2011,0.072827782
040302040401,2012,0.099620759
040302040401,2013,0.086191232
040302040401,2014,0.079381496
040302040401,2015,0.083708577
040302040401,2016,0.072539084
040302040401,2017,0.072594486
040302040401,2018,0.071658823
040302040401,2019,0.069302906
040302040401,2020,0.073178118
040302040402,2010,0.102419618
040302040402,2011,0.108062179
040302040402,2012,0.146559429
040302040402,2013,0.115594144
040302040402,2014,0.110972528
040302040402,2015,0.120041136
040302040402,2016,0.104018599
040302040402,2017,0.101765731
040302040402,2018,0.102562961
040302040402,2019,0.098181884
040302040402,2020,0.103509527
040302040403,2010,0.012968239
040302040403,2011,0.045728329
040302040403,2012,0.061687305
040302040403,2013,0.049291091
040302040403,2014,0.047452983
040302040403,2015,0.050195585
040302040403,2016,0.04305048
040302040403,2017,0.043047593
040302040403,2018,0.042581652
040302040403,2019,0.040975517
040302040403,2020,0.043291602
040302040404,2010,0.09198377
040302040404,2011,0.09863172
040302040404,2012,0.134917838
040302040404,2013,0.116730035
040302040404,2014,0.10750751
040302040404,2015,0.113367738
040302040404,2016,0.098240733
040302040404,2017,0.098315764
040302040404,2018,0.097048583
040302040404,2019,0.093857929
040302040404,2020,0.099106185
040302040405,2010,0.320513642
040302040405,2011,0.442665793
040302040405,2012,0.600516284
040302040405,2013,0.505807275
040302040405,2014,0.472241346
040302040405,2015,0.498776951
040302040405,2016,0.431278019
040302040405,2017,0.4326134
040302040405,2018,0.426445858
040302040405,2019,0.413275358
040302040405,2020,0.436272026
040400020101,2010,0.631349034
040400020101,2011,0.634472915
040400020101,2012,0.851909009
040400020101,2013,0.691347991
040400020101,2014,0.636917894
040400020101,2015,0.652895057
040400020101,2016,0.645496614
040400020101,2017,0.643299544
040400020101,2018,0.584784628
040400020101,2019,0.600861483
040400020101,2020,0.615042226
040400020102,2010,0.38972451
040400020102,2011,0.380377115
040400020102,2012,0.516562346
040400020102,2013,0.429233008
040400020102,2014,0.401288489
040400020102,2015,0.404169112
040400020102,2016,0.400165206
040400020102,2017,0.398322379
040400020102,2018,0.362935986
040400020102,2019,0.370519825
040400020102,2020,0.382661039
040400020201,2010,0.010333269
040400020201,2011,0.011436205
040400020201,2012,0.015664806
040400020201,2013,0.012316408
040400020201,2014,0.010988114
040400020201,2015,0.010958319
040400020201,2016,0.010858731
040400020201,2017,0.01070375
040400020201,2018,0.009530094
040400020201,2019,0.009050363
040400020201,2020,0.009929864
040400020202,2010,0.003188327
040400020202,2011,0.002866005
040400020202,2012,0.004165806
040400020202,2013,0.003482712
040400020202,2014,0.003206253
040400020202,2015,0.003243677
040400020202,2016,0.00318549
040400020202,2017,0.003155812
040400020202,2018,0.002841034
040400020202,2019,0.002903415
040400020202,2020,0.003012765
040400020203,2010,0.0
040400020203,2011,0.0
040400020203,2012,0.0
040400020203,2013,0.0
040400020203,2014,0.0
040400020203,2015,0.0
040400020203,2016,0.0
040400020203,2017,0.0
040400020203,2018,0.0
040400020203,2019,0.0
040400020203,2020,0.0
040400020204,2010,0.001641441
040400020204,2011,0.00145747
040400020204,2012,0.002133848
040400020204,2013,0.001797722
040400020204,2014,0.001649772
040400020204,2015,0.001667001
040400020204,2016,0.001634267
040400020204,2017,0.001617139
040400020204,2018,0.001458303
040400020204,2019,0.001489201
040400020204,2020,0.001546575
040400020301,2010,0.431824628
040400020301,2011,0.44690286
040400020301,2012,0.57859915
040400020301,2013,0.481056097
040400020301,2014,0.430424794
040400020301,2015,0.428929571
040400020301,2016,0.421007265
040400020301,2017,0.420130869
040400020301,2018,0.382283148
040400020301,2019,0.39381512
040400020301,2020,0.401577166
040400020302,2010,0.26558797
040400020302,2011,0.253011691
040400020302,2012,0.3490154
040400020302,2013,0.292498944
040400020302,2014,0.265246262
040400020302,2015,0.266288581
040400020302,2016,0.261401177
040400020302,2017,0.259726261
040400020302,2018,0.23520095
040400020302,2019,0.241678709
040400020302,2020,0.248626416
040400020303,2010,0.054672623
040400020303,2011,0.048544974
040400020303,2012,0.071073563
040400020303,2013,0.05987796
040400020303,2014,0.054950104
040400020303,2015,0.05552396
040400020303,2016,0.054433669
040400020303,2017,0.053863171
040400020303,2018,0.048572706
040400020303,2019,0.049601853
040400020303,2020,0.051512853
040400020304,2010,0.055877783
040400020304,2011,0.055205792
040400020304,2012,0.075997378
040400020304,2013,0.059733458
040400020304,2014,0.056439787
040400020304,2015,0.057658198
040400020304,2016,0.057405169
040400020304,2017,0.057395434
040400020304,2018,0.050989655
040400020304,2019,0.052418972
040400020304,2020,0.05403792
040400020305,2010,0.094677494
040400020305,2011,0.084066143
040400020305,2012,0.123079277
040400020305,2013,0.103691664
040400020305,2014,0.095158014
040400020305,2015,0.096151769
040400020305,2016,0.094263693
040400020305,2017,0.093275752
040400020305,2018,0.084114166
040400020305,2019,0.085896357
040400020305,2020,0.089205669
040400020306,2010,0.500914896
040400020306,2011,0.518404344
040400020306,2012,0.695395869
040400020306,2013,0.529319993
040400020306,2014,0.507123885
040400020306,2015,0.52070396
040400020306,2016,0.522058134
040400020306,2017,0.524382212
040400020306,2018,0.462757467
040400020306,2019,0.477158162
040400020306,2020,0.490265692
040400020401,2010,1.535467187
040400020401,2011,1.510076814
040400020401,2012,2.034719267
040400020401,2013,1.67451429
040400020401,2014,1.581763075
040400020401,2015,1.562961674
040400020401,2016,1.574156379
040400020401,2017,1.547493123
040400020401,2018,1.402955828
040400020401,2019,1.444878031
040400020401,2020,1.516990266
040400020402,2010,0.107301679
040400020402,2011,0.104475428
040400020402,2012,0.141019717
040400020402,2013,0.117635111
040400020402,2014,0.11082461
040400020402,2015,0.108830475
040400020402,2016,0.109660171
040400020402,2017,0.107409031
040400020402,2018,0.097826105
040400020402,2019,0.10071863
040400020402,2020,0.106117471
040400020403,2010,0.419921308
040400020403,2011,0.421739817
040400020403,2012,0.566209467
040400020403,2013,0.452812493
040400020403,2014,0.430186056
040400020403,2015,0.430710629
040400020403,2016,0.433377444
040400020403,2017,0.429316323
040400020403,2018,0.385476203
040400020403,2019,0.397250062
040400020403,2020,0.413976935
040400020501,2010,1.670461369
040400020501,2011,1.60672067
040400020501,2012,2.184408879
040400020501,2013,1.811090745
040400020501,2014,1.65606998
040400020501,2015,1.596654821
040400020501,2016,1.618242936
040400020501,2017,1.61643138
040400020501,2018,1.48934971
040400020501,2019,1.494811747
040400020501,2020,1.594499066
040400030101,2010,0.007806402
040400030101,2011,0.009237125
040400030101,2012,0.012142101
040400030101,2013,0.009555338
040400030101,2014,0.008242614
040400030101,2015,0.008280873
040400030101,2016,0.007238636
040400030101,2017,0.006801559
040400030101,2018,0.006996825
040400030101,2019,0.007203394
040400030101,2020,0.007610085
040400030102,2010,0.0
040400030102,2011,0.0
040400030102,2012,0.0
040400030102,2013,0.0
040400030102,2014,0.0
040400030102,2015,0.0
040400030102,2016,0.0
040400030102,2017,0.0
040400030102,2018,0.0
040400030102,2019,0.0
040400030102,2020,0.0
040400030103,2010,0.0
040400030103,2011,0.0
040400030103,2012,0.0
040400030103,2013,0.0
040400030103,2014,0.0
040400030103,2015,0.0
040400030103,2016,0.0
040400030103,2017,0.0
040400030103,2018,0.0
040400030103,2019,0.0
040400030103,2020,0.0
040400030104,2010,0.012893073
040400030104,2011,0.014626073
040400030104,2012,0.019451058
040400030104,2013,0.015211173
040400030104,2014,0.01375718
040400030104,2015,0.014349678
040400030104,2016,0.01294586
040400030104,2017,0.012909047
040400030104,2018,0.012414515
040400030104,2019,0.011444319
040400030104,2020,0.011848361
040400030105,2010,0.0
040400030105,2011,0.0
040400030105,2012,0.0
040400030105,2013,0.0
040400030105,2014,0.0
040400030105,2015,0.0
040400030105,2016,0.0
040400030105,2017,0.0
040400030105,2018,0.0
040400030105,2019,0.0
040400030105,2020,0.0
040400030106,2010,6.9822e-05
040400030106,2011,7.8545e-05
040400030106,2012,0.000105489
040400030106,2013,8.5006e-05
040400030106,2014,7.7571e-05
040400030106,2015,8.0861e-05
040400030106,2016,7.3584e-05
040400030106,2017,7.3895e-05
040400030106,2018,7.2817e-05
040400030106,2019,7.174e-05
040400030106,2020,7.3677e-05
040400030107,2010,0.0
040400030107,2011,0.0
040400030107,2012,0.0
040400030107,2013,0.0
040400030107,2014,0.0
040400030107,2015,0.0
040400030107,2016,0.0
040400030107,2017,0.0
040400030107,2018,0.0
040400030107,2019,0.0
040400030107,2020,0.0
040400030201,2010,5.2119e-05
040400030201,2011,5.9301e-05
040400030201,2012,7.8732e-05
040400030201,2013,6.4535e-05
040400030201,2014,5.6664e-05
040400030201,2015,6.0084e-05
040400030201,2016,5.205e-05
040400030201,2017,5.1848e-05
040400030201,2018,4.7914e-05
040400030201,2019,4.8822e-05
040400030201,2020,5.105e-05
040400030202,2010,0.0
040400030202,2011,0.0
040400030202,2012,0.0
040400030202,2013,0.0
040400030202,2014,0.0
040400030202,2015,0.0
040400030202,2016,0.0
040400030202,2017,0.0
040400030202,2018,0.0
040400030202,2019,0.0
040400030202,2020,0.0
040400030203,2010,0.003273121
040400030203,2011,0.003841089
040400030203,2012,0.004930375
040400030203,2013,0.003974794
040400030203,2014,0.003625182
040400030203,2015,0.003676166
040400030203,2016,0.003241893
040400030203,2017,0.003104146
040400030203,2018,0.00281142
040400030203,2019,0.002791594
040400030203,2020,0.002907298
040400030204,2010,0.008002504
040400030204,2011,0.009391137
040400030204,2012,0.01205435
040400030204,2013,0.009718034
040400030204,2014,0.008863263
040400030204,2015,0.008987915
040400030204,2016,0.007926154
040400030204,2017,0.007589374
040400030204,2018,0.006873685
040400030204,2019,0.00682521
040400030204,2020,0.007108097
040400030205,2010,0.0
040400030205,2011,0.0
040400030205,2012,0.0
040400030205,2013,0.0
040400030205,2014,0.0
040400030205,2015,0.0
040400030205,2016,0.0
040400030205,2017,0.0
040400030205,2018,0.0
040400030205,2019,0.0
040400030205,2020,0.0
040400030206,2010,0.000647063
040400030206,2011,0.000732408
040400030206,2012,0.000952567
040400030206,2013,0.000776021
040400030206,2014,0.000729951
040400030206,2015,0.000748379
040400030206,2016,0.000689492
040400030206,2017,0.00079068
040400030206,2018,0.000661679
040400030206,2019,0.000676404
040400030206,2020,0.000735919
040400030207,2010,0.022061764
040400030207,2011,0.024971611
040400030207,2012,0.032478013
040400030207,2013,0.026458635
040400030207,2014,0.024887863
040400030207,2015,0.02551617
040400030207,2016,0.023508397
040400030207,2017,0.026958424
040400030207,2018,0.022560118
040400030207,2019,0.023062165
040400030207,2020,0.025091348
040400030208,2010,0.222056159
040400030208,2011,0.24980034
040400030208,2012,0.335491676
040400030208,2013,0.270346233
040400030208,2014,0.246700237
040400030208,2015,0.257164711
040400030208,2016,0.234022463
040400030208,2017,0.235009868
040400030208,2018,0.231581796
040400030208,2019,0.228155524
040400030208,2020,0.234316922
040400030209,2010,0.013638498
040400030209,2011,0.015342522
040400030209,2012,0.02060561
040400030209,2013,0.016604433
040400030209,2014,0.015152116
040400030209,2015,0.015794835
040400030209,2016,0.014373458
040400030209,2017,0.014434104
040400030209,2018,0.014223554
040400030209,2019,0.014013116
040400030209,2020,0.014391543
040400030301,2010,0.004575494
040400030301,2011,0.005167411
040400030301,2012,0.007191992
040400030301,2013,0.006153602
040400030301,2014,0.005519835
040400030301,2015,0.005703659
040400030301,2016,0.005000327
040400030301,2017,0.005186149
040400030301,2018,0.004682408
040400030301,2019,0.00470323
040400030301,2020,0.004835476
040400030302,2010,0.016777087
040400030302,2011,0.019588521
040400030302,2012,0.027901827
040400030302,2013,0.021359185
040400030302,2014,0.020645495
040400030302,2015,0.021809274
040400030302,2016,0.020220337
040400030302,2017,0.020433954
040400030302,2018,0.019894923
040400030302,2019,0.019313613
040400030302,2020,0.019720932
040400030303,2010,0.027022283
040400030303,2011,0.031783295
040400030303,2012,0.045450419
040400030303,2013,0.034283431
040400030303,2014,0.033661346
040400030303,2015,0.036038423
040400030303,2016,0.033562571
040400030303,2017,0.034003413
040400030303,2018,0.032377726
040400030303,2019,0.031600641
040400030303,2020,0.031606444
040400030304,2010,0.109346956
040400030304,2011,0.123035011
040400030304,2012,0.160765846
040400030304,2013,0.126471763
040400030304,2014,0.11655524
040400030304,2015,0.124096861
040400030304,2016,0.115239887
040400030304,2017,0.116172055
040400030304,2018,0.104036768
040400030304,2019,0.107859944
040400030304,2020,0.105988338
040400030401,2010,0.141509198
040400030401,2011,0.277829574
040400030401,2012,0.390067444
040400030401,2013,0.320854058
040400030401,2014,0.289642938
040400030401,2015,0.299205564
040400030401,2016,0.270429778
040400030401,2017,0.277073283
040400030401,2018,0.251702724
040400030401,2019,0.254079505
040400030401,2020,0.261152454
040400030402,2010,0.204421404
040400030402,2011,0.21391269
040400030402,2012,0.272368751
040400030402,2013,0.226759671
040400030402,2014,0.201975837
040400030402,2015,0.200805545
040400030402,2016,0.197514766
040400030402,2017,0.197574846
040400030402,2018,0.180057351
040400030402,2019,0.187078896
040400030402,2020,0.18958389
040400030403,2010,0.108888829
040400030403,2011,0.246852525
040400030403,2012,0.340615875
040400030403,2013,0.271349246
040400030403,2014,0.245550313
040400030403,2015,0.251764373
040400030403,2016,0.237469803
040400030403,2017,0.236969555
040400030403,2018,0.21606468
040400030403,2019,0.217347439
040400030403,2020,0.222609919
040400030404,2010,0.321941092
040400030404,2011,0.349505123
040400030404,2012,0.457008093
040400030404,2013,0.375695567
040400030404,2014,0.336301133
040400030404,2015,0.338600676
040400030404,2016,0.326143296
040400030404,2017,0.323408061
040400030404,2018,0.294019254
040400030404,2019,0.298196159
040400030404,2020,0.303276916
040400030405,2010,1.551538734
040400030405,2011,1.624233502
040400030405,2012,2.068256498
040400030405,2013,1.721108536
040400030405,2014,1.533106373
040400030405,2015,1.524284658
040400030405,2016,1.499674709
040400030405,2017,1.499494222
040400030405,2018,1.366548694
040400030405,2019,1.419355125
040400030405,2020,1.438350673
040400030501,2010,1.083797187
040400030501,2011,1.13372923
040400030501,2012,1.445190161
040400030501,2013,1.200782982
040400030501,2014,1.070492464
040400030501,2015,1.067677421
040400030501,2016,1.051038714
040400030501,2017,1.050801726
040400030501,2018,0.958538041
040400030501,2019,0.995516835
040400030501,2020,1.008718923
040400030601,2010,0.135742041
040400030601,2011,0.143714429
040400030601,2012,0.182751943
040400030601,2013,0.152832722
040400030601,2014,0.136960734
040400030601,2015,0.137701996
040400030601,2016,0.134652431
040400030601,2017,0.133806234
040400030601,2018,0.122236944
040400030601,2019,0.124789206
040400030601,2020,0.12628986
040400030602,2010,0.01382871
040400030602,2011,0.015664217
040400030602,2012,0.021710098
040400030602,2013,0.018119395
040400030602,2014,0.017035817
040400030602,2015,0.01699724
040400030602,2016,0.014805163
040400030602,2017,0.015250939
040400030602,2018,0.01370823
040400030602,2019,0.013275455
040400030602,2020,0.014084744
040400030603,2010,0.109754375
040400030603,2011,0.127373735
040400030603,2012,0.165127476
040400030603,2013,0.132362701
040400030603,2014,0.11598733
040400030603,2015,0.123817917
040400030603,2016,0.115420732
040400030603,2017,0.116625193
040400030603,2018,0.105975696
040400030603,2019,0.106694081
040400030603,2020,0.105385528
040400030604,2010,0.102194217
040400030604,2011,0.108467325
040400030604,2012,0.138524768
040400030604,2013,0.114453787
040400030604,2014,0.102175254
040400030604,2015,0.102644717
040400030604,2016,0.100177581
040400030604,2017,0.100483925
040400030604,2018,0.091258548
040400030604,2019,0.09464976
040400030604,2020,0.095513544
040400030605,2010,1.053681591
040400030605,2011,1.10318234
040400030605,2012,1.403792274
040400030605,2013,1.168952008
040400030605,2014,1.041658141
040400030605,2015,1.036315485
040400030605,2016,1.01955469
040400030605,2017,1.01909871
040400030605,2018,0.928977512
040400030605,2019,0.96403143
040400030605,2020,0.97675393
040400030606,2010,0.950892456
040400030606,2011,1.007494281
040400030606,2012,1.281072046
040400030606,2013,1.071712592
040400030606,2014,0.960831341
040400030606,2015,0.966784905
040400030606,2016,0.944973511
040400030606,2017,0.93854109
040400030606,2018,0.857564904
040400030606,2019,0.874405008
040400030606,2020,0.88483177
041800000101,2010,
041800000101,2011,
041800000101,2012,
041800000101,2013,
041800000101,2014,
041800000101,2015,
041800000101,2016,
041800000101,2017,
041800000101,2018,
041800000101,2019,
041800000101,2020,
041800000200,2010,
041800000200,2011,
041800000200,2012,
041800000200,2013,
041800000200,2014,
041800000200,2015,
041800000200,2016,
041800000200,2017,
041800000200,2018,
041800000200,2019,
041800000200,2020,
041900000100,2010,0.0
041900000100,2011,0.0
041900000100,2012,0.0
041900000100,2013,0.0
041900000100,2014,0.0
041900000100,2015,0.0
041900000100,2016,0.0
041900000100,2017,0.0
041900000100,2018,0.0
041900000100,2019,0.0
041900000100,2020,0.0
041900000200,2010,
041900000200,2011,
041900000200,2012,
041900000200,2013,
041900000200,2014,
041900000200,2015,
041900000200,2016,
041900000200,2017,
041900000200,2018,
041900000200,2019,
041900000200,2020,
070300010101,2010,0.0
070300010101,2011,0.0
070300010101,2012,0.0
070300010101,2013,0.0
070300010101,2014,0.0
070300010101,2015,0.0
070300010101,2016,0.0
070300010101,2017,0.0
070300010101,2018,0.0
070300010101,2019,0.0
070300010101,2020,0.0
070300010102,2010,0.0
070300010102,2011,0.0
070300010102,2012,0.0
070300010102,2013,0.0
070300010102,2014,0.0
070300010102,2015,0.0
070300010102,2016,0.0
070300010102,2017,0.0
070300010102,2018,0.0
070300010102,2019,0.0
070300010102,2020,0.0
070300010103,2010,0.0
070300010103,2011,0.0
070300010103,2012,0.0
070300010103,2013,0.0
070300010103,2014,0.0
070300010103,2015,0.0
070300010103,2016,0.0
070300010103,2017,0.0
070300010103,2018,0.0
070300010103,2019,0.0
070300010103,2020,0.0
070300010104,2010,0.0
070300010104,2011,0.0
070300010104,2012,0.0
070300010104,2013,0.0
070300010104,2014,0.0
070300010104,2015,0.0
070300010104,2016,0.0
070300010104,2017,0.0
070300010104,2018,0.0
070300010104,2019,0.0
070300010104,2020,0.0
070300010105,2010,0.0
070300010105,2011,0.0
070300010105,2012,0.0
070300010105,2013,0.0
070300010105,2014,0.0
070300010105,2015,0.0
070300010105,2016,0.0
070300010105,2017,0.0
070300010105,2018,0.0
070300010105,2019,0.0
070300010105,2020,0.0
070300010106,2010,0.0
070300010106,2011,0.0
070300010106,2012,0.0
070300010106,2013,0.0
070300010106,2014,0.0
070300010106,2015,0.0
070300010106,2016,0.0
070300010106,2017,0.0
070300010106,2018,0.0
070300010106,2019,0.0
070300010106,2020,0.0
070300010107,2010,0.0
070300010107,2011,0.0
070300010107,2012,0.0
070300010107,2013,0.0
070300010107,2014,0.0
070300010107,2015,0.0
070300010107,2016,0.0
070300010107,2017,0.0
070300010107,2018,0.0
070300010107,2019,0.0
070300010107,2020,0.0
070300010201,2010,0.0
070300010201,2011,0.0
070300010201,2012,0.0
070300010201,2013,0.0
070300010201,2014,0.0
070300010201,2015,0.0
070300010201,2016,0.0
070300010201,2017,0.0
070300010201,2018,0.0
070300010201,2019,0.0
070300010201,2020,0.0
070300010202,2010,0.0
070300010202,2011,0.0
070300010202,2012,0.0
070300010202,2013,0.0
070300010202,2014,0.0
070300010202,2015,0.0
070300010202,2016,0.0
070300010202,2017,0.0
070300010202,2018,0.0
070300010202,2019,0.0
070300010202,2020,0.0
070300010203,2010,0.0
070300010203,2011,0.0
070300010203,2012,0.0
070300010203,2013,0.0
070300010203,2014,0.0
070300010203,2015,0.0
070300010203,2016,0.0
070300010203,2017,0.0
070300010203,2018,0.0
070300010203,2019,0.0
070300010203,2020,0.0
070300010204,2010,0.0
070300010204,2011,0.0
070300010204,2012,0.0
070300010204,2013,0.0
070300010204,2014,0.0
070300010204,2015,0.0
070300010204,2016,0.0
070300010204,2017,0.0
070300010204,2018,0.0
070300010204,2019,0.0
070300010204,2020,0.0
070300010205,2010,0.0
070300010205,2011,0.0
070300010205,2012,0.0
070300010205,2013,0.0
070300010205,2014,0.0
070300010205,2015,0.0
070300010205,2016,0.0
070300010205,2017,0.0
070300010205,2018,0.0
070300010205,2019,0.0
070300010205,2020,0.0
070300010206,2010,0.0
070300010206,2011,0.0
070300010206,2012,0.0
070300010206,2013,0.0
070300010206,2014,0.0
070300010206,2015,0.0
070300010206,2016,0.0
070300010206,2017,0.0
070300010206,2018,0.0
070300010206,2019,0.0
070300010206,2020,0.0
070300010301,2010,0.0
070300010301,2011,0.0
070300010301,2012,0.0
070300010301,2013,0.0
070300010301,2014,0.0
070300010301,2015,0.0
070300010301,2016,0.0
070300010301,2017,0.0
070300010301,2018,0.0
070300010301,2019,0.0
070300010301,2020,0.0
070300010302,2010,0.0
070300010302,2011,0.0
070300010302,2012,0.0
070300010302,2013,0.0
070300010302,2014,0.0
070300010302,2015,0.0
070300010302,2016,0.0
070300010302,2017,0.0
070300010302,2018,0.0
070300010302,2019,0.0
070300010302,2020,0.0
070300010303,2010,0.0
070300010303,2011,0.0
070300010303,2012,0.0
070300010303,2013,0.0
070300010303,2014,0.0
070300010303,2015,0.0
070300010303,2016,0.0
070300010303,2017,0.0
070300010303,2018,0.0
070300010303,2019,0.0
070300010303,2020,0.0
070300010401,2010,0.000990366
070300010401,2011,0.001041086
070300010401,2012,0.001271707
070300010401,2013,0.001090468
070300010401,2014,0.000888464
070300010401,2015,0.000954051
070300010401,2016,0.000877969
070300010401,2017,0.000819618
070300010401,2018,0.000806734
070300010401,2019,0.000769733
070300010401,2020,0.000776346
070300010402,2010,0.0002701
070300010402,2011,0.000283933
070300010402,2012,0.000346829
070300010402,2013,0.0002974
070300010402,2014,0.000242308
070300010402,2015,0.000260196
070300010402,2016,0.000239446
070300010402,2017,0.000223532
070300010402,2018,0.000220018
070300010402,2019,0.000209927
070300010402,2020,0.000211731
070300010403,2010,0.006340521
070300010403,2011,0.006809201
070300010403,2012,0.008730842
070300010403,2013,0.007690888
070300010403,2014,0.006450162
070300010403,2015,0.006880775
070300010403,2016,0.006523302
070300010403,2017,0.005781863
070300010403,2018,0.006106491
070300010403,2019,0.006696423
070300010403,2020,0.006268407
070300010404,2010,0.0
070300010404,2011,0.0
070300010404,2012,0.0
070300010404,2013,0.0
070300010404,2014,0.0
070300010404,2015,0.0
070300010404,2016,0.0
070300010404,2017,0.0
070300010404,2018,0.0
070300010404,2019,0.0
070300010404,2020,0.0
070300010405,2010,0.021472946
070300010405,2011,0.022572645
070300010405,2012,0.02757293
070300010405,2013,0.023643327
070300010405,2014,0.019263522
070300010405,2015,0.020685555
070300010405,2016,0.019035974
070300010405,2017,0.017770809
070300010405,2018,0.017491465
070300010405,2019,0.016689202
070300010405,2020,0.016832585
070300010501,2010,0.0
070300010501,2011,0.0
070300010501,2012,0.0
070300010501,2013,0.0
070300010501,2014,0.0
070300010501,2015,0.0
070300010501,2016,0.0
070300010501,2017,0.0
070300010501,2018,0.0
070300010501,2019,0.0
070300010501,2020,0.0
070300010502,2010,0.0
070300010502,2011,0.0
070300010502,2012,0.0
070300010502,2013,0.0
070300010502,2014,0.0
070300010502,2015,0.0
070300010502,2016,0.0
070300010502,2017,0.0
070300010502,2018,0.0
070300010502,2019,0.0
070300010502,2020,0.0
070300010503,2010,9.8975e-05
070300010503,2011,0.000106759
070300010503,2012,0.000127134
070300010503,2013,0.000108089
070300010503,2014,9.3977e-05
070300010503,2015,0.000104745
070300010503,2016,9.8342e-05
070300010503,2017,0.000104252
070300010503,2018,8.864e-05
070300010503,2019,8.9207e-05
070300010503,2020,9.2837e-05
070300010504,2010,0.002683325
070300010504,2011,0.002894359
070300010504,2012,0.00344675
070300010504,2013,0.002930416
070300010504,2014,0.002547834
070300010504,2015,0.002839744
070300010504,2016,0.002666164
070300010504,2017,0.002826383
070300010504,2018,0.002403116
070300010504,2019,0.002418501
070300010504,2020,0.002516909
070300010505,2010,0.0
070300010505,2011,0.0
070300010505,2012,0.0
070300010505,2013,0.0
070300010505,2014,0.0
070300010505,2015,0.0
070300010505,2016,0.0
070300010505,2017,0.0
070300010505,2018,0.0
070300010505,2019,0.0
070300010505,2020,0.0
070300010506,2010,0.000331318
070300010506,2011,0.000420011
070300010506,2012,0.000506949
070300010506,2013,0.000451135
070300010506,2014,0.000379307
070300010506,2015,0.000425997
070300010506,2016,0.000397647
070300010506,2017,0.000391337
070300010506,2018,0.000368904
070300010506,2019,0.00038143
070300010506,2020,0.000395267
070300010604,2010,0.0
070300010604,2011,0.0
070300010604,2012,0.0
070300010604,2013,0.0
070300010604,2014,0.0
070300010604,2015,0.0
070300010604,2016,0.0
070300010604,2017,0.0
070300010604,2018,0.0
070300010604,2019,0.0
070300010604,2020,0.0
070300010801,2010,0.001692597
070300010801,2011,0.00181771
070300010801,2012,0.002330691
070300010801,2013,0.002053076
070300010801,2014,0.001721865
070300010801,2015,0.001836817
070300010801,2016,0.00174139
070300010801,2017,0.001543463
070300010801,2018,0.001630123
070300010801,2019,0.001787604
070300010801,2020,0.001673346
070300010802,2010,0.0
070300010802,2011,0.0
070300010802,2012,0.0
070300010802,2013,0.0
070300010802,2014,0.0
070300010802,2015,0.0
070300010802,2016,0.0
070300010802,2017,0.0
070300010802,2018,0.0
070300010802,2019,0.0
070300010802,2020,0.0
070300010803,2010,0.0
070300010803,2011,0.0
070300010803,2012,0.0
070300010803,2013,0.0
070300010803,2014,0.0
070300010803,2015,0.0
070300010803,2016,0.0
070300010803,2017,0.0
070300010803,2018,0.0
070300010803,2019,0.0
070300010803,2020,0.0
070300010804,2010,0.0
070300010804,2011,0.0
070300010804,2012,0.0
070300010804,2013,0.0
070300010804,2014,0.0
070300010804,2015,0.0
070300010804,2016,0.0
070300010804,2017,0.0
070300010804,2018,0.0
070300010804,2019,0.0
070300010804,2020,0.0
070300010805,2010,0.0
070300010805,2011,0.0
070300010805,2012,0.0
070300010805,2013,0.0
070300010805,2014,0.0
070300010805,2015,0.0
070300010805,2016,0.0
070300010805,2017,0.0
070300010805,2018,0.0
070300010805,2019,0.0
070300010805,2020,0.0
070300010901,2010,0.0
070300010901,2011,0.0
070300010901,2012,0.0
070300010901,2013,0.0
070300010901,2014,0.0
070300010901,2015,0.0
070300010901,2016,0.0
070300010901,2017,0.0
070300010901,2018,0.0
070300010901,2019,0.0
070300010901,2020,0.0
070300010902,2010,0.0
070300010902,2011,0.0
070300010902,2012,0.0
070300010902,2013,0.0
070300010902,2014,0.0
070300010902,2015,0.0
070300010902,2016,0.0
070300010902,2017,0.0
070300010902,2018,0.0
070300010902,2019,0.0
070300010902,2020,0.0
070300010903,2010,0.0
070300010903,2011,0.0
070300010903,2012,0.0
070300010903,2013,0.0
070300010903,2014,0.0
070300010903,2015,0.0
070300010903,2016,0.0
070300010903,2017,0.0
070300010903,2018,0.0
070300010903,2019,0.0
070300010903,2020,0.0
070300010904,2010,0.002273951
070300010904,2011,0.00226869
070300010904,2012,0.002929121
070300010904,2013,0.00257204
070300010904,2014,0.002431564
070300010904,2015,0.002803453
070300010904,2016,0.002661992
070300010904,2017,0.002434316
070300010904,2018,0.002331851
070300010904,2019,0.002584775
070300010904,2020,0.002432048
