huc12_id,year,incrunoff_mm/mo,incbsflow_mm/mo,soilmstfr_frac
050302020701,2010,16.538646044,0.654741661,0.541794691
050302020701,2011,31.150827032,1.120220999,0.584237172
050302020701,2012,11.757408914,0.391198931,0.527422577
050302020701,2013,21.099472359,0.716766525,0.588032142
050302020701,2014,24.172446642,0.933862191,0.601630763
050302020701,2015,30.021407121,0.967544783,0.572419779
050302020701,2016,15.755776962,0.53002306,0.528130093
050302020701,2017,16.018622305,0.578415683,0.54245373
050302020701,2018,34.957653988,0.966568154,0.615981728
050302020701,2019,28.6144951,1.353162753,0.587382479
050302020702,2010,21.938769878,5.123151324,0.656078517
050302020702,2011,37.872887722,5.629137676,0.712208765
050302020702,2012,17.180106732,5.055088658,0.649671315
050302020702,2013,27.293040145,5.077652819,0.713412932
050302020702,2014,31.908478678,5.414512364,0.725783436
050302020702,2015,35.788728716,5.278929784,0.696169053
050302020702,2016,23.139816446,4.511145566,0.673331888
050302020702,2017,20.638959358,4.014749406,0.685097136
050302020702,2018,42.888618318,4.536077479,0.733790092
050302020702,2019,35.31023677,6.236247073,0.685438453
050302020703,2010,22.544033393,1.782759671,0.58934086
050302020703,2011,36.185684628,2.742821802,0.627402699
050302020703,2012,14.898858191,1.116621778,0.58466555
050302020703,2013,25.425381675,1.716321028,0.64193969
050302020703,2014,30.488451428,2.185848819,0.642804349
050302020703,2015,34.901327281,2.146538628,0.622832909
050302020703,2016,19.868174434,1.345191176,0.585975503
050302020703,2017,20.935274546,1.428521431,0.59756122
050302020703,2018,41.257282942,2.24761679,0.660967789
050302020703,2019,35.030791899,3.051391108,0.617749333
050302020704,2010,19.774641419,5.152826862,0.643916343
050302020704,2011,35.294747652,5.661543142,0.698997803
050302020704,2012,15.61561735,5.065071943,0.632925889
050302020704,2013,23.939747258,5.059277811,0.692904122
050302020704,2014,30.263048476,5.454028887,0.711560626
050302020704,2015,31.646153462,5.298943912,0.680656857
050302020704,2016,23.009652308,4.541396739,0.662944337
050302020704,2017,18.097015965,4.030649573,0.669011318
050302020704,2018,39.423906863,4.554990896,0.718000557
050302020704,2019,33.18712136,6.261647491,0.66869191
050302020705,2010,17.200602476,1.094534322,0.657176539
050302020705,2011,38.69992025,2.400805987,0.705560649
050302020705,2012,14.791341334,1.128189393,0.651447143
050302020705,2013,26.388250299,1.656361898,0.698378481
050302020705,2014,27.581197232,1.76972895,0.71741425
050302020705,2015,30.410548851,1.697268203,0.694529333
050302020705,2016,22.273417648,1.388545395,0.665504345
050302020705,2017,16.769094032,1.150729776,0.681169504
050302020705,2018,45.052531241,2.165935172,0.709615552
050302020705,2019,34.30725112,2.66263464,0.67933556
050302020706,2010,21.870453818,2.310463916,0.639747326
050302020706,2011,38.640152901,2.531906611,0.682711141
050302020706,2012,17.143582309,2.254557498,0.636960849
050302020706,2013,25.350539513,2.38978484,0.683798245
050302020706,2014,32.860509965,2.54704614,0.701922629
050302020706,2015,38.612382923,2.463210189,0.680158158
050302020706,2016,24.096504337,2.136661777,0.657030923
050302020706,2017,20.224660935,1.920782422,0.666558807
050302020706,2018,45.848057117,2.244744967,0.709705273
050302020706,2019,38.08064167,2.848377876,0.666148203
050302020802,2010,30.163772141,7.570421415,0.555643304
050302020802,2011,53.450939475,13.229945325,0.589798197
050302020802,2012,25.50159166,6.287377003,0.518437811
050302020802,2013,29.424265593,8.189980667,0.578126743
050302020802,2014,42.912543124,11.748190064,0.629131268
050302020802,2015,46.912142874,12.872766654,0.584958058
050302020802,2016,38.479617016,9.893170641,0.57057169
050302020802,2017,25.731327833,6.548505298,0.520249349
050302020802,2018,58.597041382,14.294385752,0.608763646
050302020802,2019,45.245032655,11.32174042,0.566221668
050302020803,2010,29.228945651,11.068801067,0.512851727
050302020803,2011,50.553243756,16.60470526,0.548834434
050302020803,2012,27.490245936,10.732562083,0.481825988
050302020803,2013,31.434811528,12.379876405,0.524151171
050302020803,2014,40.735919762,15.196647011,0.565929155
050302020803,2015,43.85964965,15.901194115,0.540111738
050302020803,2016,40.830529617,14.239422637,0.529103642
050302020803,2017,28.605080008,11.373778858,0.479553419
050302020803,2018,61.105978709,19.890017505,0.579693743
050302020803,2019,45.870930755,15.649910175,0.539255455
050302020804,2010,25.062947586,6.924449513,0.497401545
050302020804,2011,41.439403325,10.769818988,0.529108898
050302020804,2012,20.466171084,6.152856496,0.456532875
050302020804,2013,30.072476711,8.807804522,0.52260383
050302020804,2014,30.27852833,8.828028792,0.524353361
050302020804,2015,37.195100833,11.311187296,0.531242592
050302020804,2016,33.309274186,8.820339656,0.505459275
050302020804,2017,24.687158475,7.248539049,0.460914558
050302020804,2018,52.050759525,13.341111577,0.566879321
050302020804,2019,41.567518698,11.631019905,0.528514031
050302020805,2010,29.159207506,9.022087928,0.487161249
050302020805,2011,44.777366173,12.38463899,0.517881759
050302020805,2012,24.144219793,8.01248789,0.448071319
050302020805,2013,34.85930629,10.866228604,0.509316857
050302020805,2014,34.719170387,11.399093176,0.515373545
050302020805,2015,42.318218386,13.9693509,0.526186977
050302020805,2016,34.460754053,9.946009942,0.488110906
050302020805,2017,28.108948766,9.176868881,0.452758037
050302020805,2018,54.085226937,14.609891526,0.5542364
050302020805,2019,43.456191091,12.791569667,0.516607044
050302020901,2010,27.067965858,1.787522387,0.479692021
050302020901,2011,40.065899766,3.230570907,0.514098217
050302020901,2012,19.474518725,1.321932867,0.427909503
050302020901,2013,28.009017552,1.885047815,0.479712932
050302020901,2014,28.853543236,1.862672544,0.5230706
050302020901,2015,40.282896492,4.667531781,0.514979154
050302020901,2016,29.883940881,1.8739077,0.490968872
050302020901,2017,22.297978901,1.71074147,0.437553005
050302020901,2018,52.811174358,4.981066983,0.548895002
050302020901,2019,40.38873831,4.140474252,0.514948067
050302020902,2010,25.307974188,1.191788158,0.494626281
050302020902,2011,40.159560508,2.802411852,0.531091717
050302020902,2012,20.235737077,0.988649227,0.447214761
050302020902,2013,26.247552685,1.285415768,0.497024442
050302020902,2014,28.810218872,1.452182131,0.54270509
050302020902,2015,40.645164842,4.162643526,0.53359386
050302020902,2016,28.965387119,1.301920721,0.508825047
050302020902,2017,20.073903357,1.096331037,0.452601596
050302020902,2018,54.085970108,4.468528281,0.570958243
050302020902,2019,41.051328984,3.679999831,0.533697076
050302020904,2010,30.558978961,8.053586161,0.475740835
050302020904,2011,45.997997193,10.19074921,0.513510213
050302020904,2012,23.775063753,6.863728767,0.432160383
050302020904,2013,36.169508645,8.975502642,0.491768419
050302020904,2014,33.85708802,8.809672748,0.51229314
050302020904,2015,47.273104069,11.664883406,0.519690461
050302020904,2016,38.513168989,9.119501032,0.49805548
050302020904,2017,26.310192511,7.789333593,0.438025266
050302020904,2018,60.914730825,13.451785009,0.552515775
050302020904,2019,47.050137532,11.551744983,0.515875358
050302040101,2010,54.407432295,19.377599888,0.655434874
050302040101,2011,53.134369855,18.304773905,0.694784437
050302040101,2012,33.79943601,14.272587877,0.660865745
050302040101,2013,42.31690517,15.806224947,0.698734262
050302040101,2014,38.571522163,16.022658936,0.727295186
050302040101,2015,42.592579819,16.01300164,0.695819437
050302040101,2016,42.103312579,17.113940635,0.697655564
050302040101,2017,30.5554992,12.7488292,0.679004553
050302040101,2018,56.958590361,19.269447017,0.708882504
050302040101,2019,52.919405385,20.807198952,0.673504197
050302040102,2010,47.5932061,16.956519259,0.672930407
050302040102,2011,49.330812714,16.317276289,0.698563981
050302040102,2012,30.278421705,12.656117039,0.665880824
050302040102,2013,38.818354227,14.824619899,0.702128943
050302040102,2014,35.625189728,14.314521717,0.728068447
050302040102,2015,40.842320852,14.52275112,0.710370131
050302040102,2016,33.746854571,13.786128146,0.688093276
050302040102,2017,27.885173431,11.28977499,0.679194464
050302040102,2018,52.126881307,17.024624784,0.724827375
050302040102,2019,48.526211974,18.28598968,0.686006085
050302040103,2010,46.446658622,15.25012053,0.671486329
050302040103,2011,48.900585439,15.081363347,0.70468416
050302040103,2012,30.326171356,11.783796422,0.680524008
050302040103,2013,37.632672973,14.051111168,0.693509092
050302040103,2014,33.804714667,14.073975461,0.735260025
050302040103,2015,37.713252068,13.458491714,0.711013571
050302040103,2016,35.250065846,14.20245944,0.706754318
050302040103,2017,28.515304742,11.346572554,0.686182094
050302040103,2018,54.797322557,17.12752472,0.734857459
050302040103,2019,48.473449881,17.350209466,0.700758178
050302040201,2010,49.602008315,20.821571305,0.636687819
050302040201,2011,51.741094419,21.240927875,0.655761272
050302040201,2012,32.990370751,16.463909264,0.627081314
050302040201,2013,37.614713715,18.530143597,0.654042267
050302040201,2014,41.42673118,20.631644775,0.691052865
050302040201,2015,46.194109175,20.600362636,0.672765198
050302040201,2016,41.342887378,20.646849159,0.676958207
050302040201,2017,30.664811581,15.545413087,0.646680496
050302040201,2018,59.189908348,23.49245617,0.685159348
050302040201,2019,51.343071476,23.63213097,0.659675867
050302040202,2010,46.615111812,16.846062237,0.651900712
050302040202,2011,49.414114805,17.552108813,0.690823182
050302040202,2012,31.95741757,14.084109705,0.659199501
050302040202,2013,35.201560289,15.19883845,0.675047754
050302040202,2014,38.310563145,17.159285861,0.714663639
050302040202,2015,42.404702976,16.774462734,0.691888788
050302040202,2016,40.52596313,17.719796166,0.706297109
050302040202,2017,30.389520819,13.232128253,0.662424464
050302040202,2018,58.941495361,19.978055033,0.709942349
050302040202,2019,49.507659742,19.640364957,0.682660658
050302040203,2010,44.961046758,16.830288414,0.670795357
050302040203,2011,46.445416007,17.073493046,0.68219635
050302040203,2012,31.208632363,13.695917033,0.6881927
050302040203,2013,37.948655266,16.035583363,0.706642698
050302040203,2014,35.155603611,16.304700451,0.739837157
050302040203,2015,39.037530377,15.839798185,0.722891554
050302040203,2016,34.252783001,15.610708907,0.708398415
050302040203,2017,31.168837235,12.823174476,0.693876974
050302040203,2018,56.771013782,19.405234749,0.754523424
050302040203,2019,50.538090415,20.779708729,0.722794264
050302040204,2010,39.619764076,11.222324222,0.651338872
050302040204,2011,44.018261574,11.656687319,0.654360981
050302040204,2012,27.742179141,9.100960522,0.652088094
050302040204,2013,36.713045911,11.494342172,0.685162102
050302040204,2014,32.41655246,11.828706106,0.706338887
050302040204,2015,37.925828212,11.469754882,0.699581486
050302040204,2016,28.136374876,10.101406181,0.658508822
050302040204,2017,26.749602921,8.846257474,0.663945703
050302040204,2018,51.687323968,13.596077441,0.724646194
050302040204,2019,45.347218762,13.627078208,0.68772968
050302040301,2010,37.01371869,22.067696011,0.57923734
050302040301,2011,43.878315203,26.119440595,0.613810973
050302040301,2012,23.601305116,15.483079629,0.553260237
050302040301,2013,27.020207469,17.962695021,0.620023272
050302040301,2014,29.585051533,20.51386978,0.640931069
050302040301,2015,26.743419073,17.253942016,0.598024551
050302040301,2016,25.323446728,17.847791465,0.603710173
050302040301,2017,30.506304551,19.860872317,0.618844961
050302040301,2018,38.549523626,23.846650018,0.635591209
050302040301,2019,44.29907154,29.051408042,0.63438099
050302040302,2010,44.068689638,24.018567745,0.65430309
050302040302,2011,49.773722893,27.701945553,0.686200094
050302040302,2012,31.258345955,18.349700637,0.642459787
050302040302,2013,36.85262907,21.457328521,0.680101176
050302040302,2014,33.813818564,21.033018425,0.698265004
050302040302,2015,31.302309708,18.166791397,0.651188872
050302040302,2016,28.868910349,18.480212144,0.65989202
050302040302,2017,35.570560976,20.046471285,0.682365666
050302040302,2018,51.687265828,28.5233439,0.710935713
050302040302,2019,51.067385219,30.738408163,0.690094521
050302040401,2010,40.787599616,12.945773743,0.598708446
050302040401,2011,52.135053367,13.75103182,0.632839886
050302040401,2012,29.734735471,11.060683617,0.611281032
050302040401,2013,31.274450133,12.117800333,0.628651099
050302040401,2014,37.336727039,14.220629845,0.685085591
050302040401,2015,34.666092209,12.433434317,0.651652227
050302040401,2016,35.26521821,13.124109994,0.646552519
050302040401,2017,35.019334024,12.849739636,0.643750928
050302040401,2018,49.796019701,15.132110675,0.675526204
050302040401,2019,46.807950817,15.076417256,0.647661376
050302040402,2010,36.608446308,15.336324585,0.580124083
050302040402,2011,41.957744744,16.042882736,0.636739953
050302040402,2012,28.976241335,12.456145479,0.629608786
050302040402,2013,30.584410922,12.926934896,0.629171561
050302040402,2014,30.326076869,12.771786783,0.66911698
050302040402,2015,32.598863216,12.281076514,0.643134555
050302040402,2016,30.034676149,12.121226509,0.648592728
050302040402,2017,28.855768146,12.03881922,0.624374423
050302040402,2018,46.555196781,16.528359642,0.671810972
050302040402,2019,42.285602042,17.220910344,0.645458538
050302040403,2010,41.163144014,17.268673749,0.557109248
050302040403,2011,41.473036448,17.862034744,0.601677958
050302040403,2012,32.096066558,16.083441613,0.573017745
050302040403,2013,34.648804651,17.278509064,0.603252298
050302040403,2014,34.194855455,18.156090127,0.624492202
050302040403,2015,34.873833424,16.492924207,0.603456214
050302040403,2016,32.528530274,16.934926758,0.596777556
050302040403,2017,31.056946725,15.32105521,0.588101654
050302040403,2018,51.327047757,21.095295888,0.626758991
050302040403,2019,46.174599287,22.149064563,0.605549378
050302040404,2010,44.200383256,14.416403604,0.660266743
050302040404,2011,52.456251288,16.070339878,0.692590425
050302040404,2012,34.994588444,12.911548395,0.67296246
050302040404,2013,39.832032263,14.800251006,0.693888248
050302040404,2014,35.797089012,15.057540655,0.721998948
050302040404,2015,34.782372413,12.639262342,0.680175497
050302040404,2016,31.22124675,12.870411266,0.677986166
050302040404,2017,36.320369663,12.90504452,0.689081819
050302040404,2018,57.078526675,17.906492295,0.732025344
050302040404,2019,52.125738122,17.646241249,0.704425685
050302040405,2010,42.782016886,9.396088788,0.660319165
050302040405,2011,44.590277102,9.425918732,0.667408978
050302040405,2012,26.262903424,6.91883565,0.637864919
050302040405,2013,34.287458692,8.457784642,0.675556922
050302040405,2014,30.189461443,8.610836345,0.699798618
050302040405,2015,32.562738503,7.869290507,0.676072115
050302040405,2016,23.779051117,6.657489989,0.636367674
050302040405,2017,29.676798502,7.04416608,0.682615997
050302040405,2018,51.532522401,10.441040079,0.715409923
050302040405,2019,42.786086638,10.495174995,0.668826685
050302040501,2010,29.397508323,3.921676525,0.637253747
050302040501,2011,44.138820689,4.610236846,0.658905869
050302040501,2012,23.919465544,3.646671127,0.641069143
050302040501,2013,37.37456084,4.257609286,0.686134297
050302040501,2014,25.778908641,3.505129407,0.681918974
050302040501,2015,32.542885772,3.520510801,0.676625902
050302040501,2016,20.125855714,2.963019786,0.638063621
050302040501,2017,18.973345063,2.530959005,0.647863532
050302040501,2018,48.095690759,4.212481315,0.715178722
050302040501,2019,41.460382138,5.858756851,0.670252389
050302040502,2010,26.778753445,3.436218686,0.646103551
050302040502,2011,46.265926883,5.34891972,0.662985088
050302040502,2012,24.439413211,3.916907185,0.647208624
050302040502,2013,36.273474956,4.223853283,0.693305003
050302040502,2014,26.075222115,3.665170797,0.688440182
050302040502,2015,33.040422917,3.595824786,0.682328147
050302040502,2016,20.820419212,3.016943482,0.64864701
050302040502,2017,19.8056631,2.52877035,0.65899734
050302040502,2018,49.976158833,4.515506271,0.722525004
050302040502,2019,41.33416266,6.057522454,0.675682839
050302040503,2010,35.71225115,2.661253622,0.693835409
050302040503,2011,52.578409193,3.81684726,0.706369282
050302040503,2012,28.166019326,2.521117413,0.688753466
050302040503,2013,44.154296343,2.914062422,0.746005526
050302040503,2014,36.774760514,2.851583643,0.741824794
050302040503,2015,35.114900376,2.547879702,0.708758375
050302040503,2016,22.681826812,2.141008315,0.663492013
050302040503,2017,22.72326812,1.891839616,0.705050938
050302040503,2018,56.757557796,3.475457543,0.751757794
050302040503,2019,45.10470118,3.471538344,0.720372759
050302040504,2010,36.765536947,2.04906818,0.697312943
050302040504,2011,49.402107089,3.0514218,0.69907955
050302040504,2012,27.682535808,2.091965725,0.674705281
050302040504,2013,44.711118027,2.332582121,0.729946111
050302040504,2014,34.375713008,2.240488508,0.723086105
050302040504,2015,33.63681156,2.077391415,0.691122564
050302040504,2016,21.928441364,1.636763948,0.657214239
050302040504,2017,21.438843132,1.459042336,0.683863119
050302040504,2018,54.264159555,2.727584531,0.737656688
050302040504,2019,45.309194595,2.901232488,0.706531158
050302040601,2010,36.24356237,3.907594842,0.687627489
050302040601,2011,39.712412627,4.700220319,0.689718716
050302040601,2012,22.837635592,3.349412217,0.67566296
050302040601,2013,29.678190147,3.563159069,0.701736522
050302040601,2014,23.221096802,3.004380745,0.709997137
050302040601,2015,24.876592505,2.999135128,0.678642351
050302040601,2016,19.197445851,2.502394857,0.658662786
050302040601,2017,23.757553448,1.853956358,0.697328229
050302040601,2018,37.016526094,3.767459596,0.726855364
050302040601,2019,37.305154799,5.424132659,0.688574098
050302040602,2010,46.762044523,4.384613137,0.691755554
050302040602,2011,48.662252267,4.433191515,0.700958898
050302040602,2012,30.664290927,3.923459312,0.694329264
050302040602,2013,40.302458149,3.940515615,0.726343853
050302040602,2014,30.997298177,3.210538344,0.724294467
050302040602,2015,34.189111205,3.059076721,0.697097986
050302040602,2016,23.596890164,2.517931432,0.668876305
050302040602,2017,25.70450021,2.225036029,0.707474617
050302040602,2018,48.09761328,3.532129428,0.740015348
050302040602,2019,50.771053825,5.691471921,0.720775828
050302040603,2010,38.763097736,3.069882458,0.685260066
050302040603,2011,48.627637876,3.781074859,0.696408463
050302040603,2012,26.399493138,2.524105154,0.683362036
050302040603,2013,38.252424434,3.104250095,0.734214015
050302040603,2014,32.606658348,2.891582312,0.729923307
050302040603,2015,33.43248431,2.490501957,0.710556774
050302040603,2016,23.645967969,2.236120251,0.668486904
050302040603,2017,25.438711962,2.032180393,0.707049885
050302040603,2018,48.789487209,3.211213074,0.748335259
050302040603,2019,45.157207667,3.876097936,0.718379564
050302040604,2010,38.990618833,2.373076145,0.680145552
050302040604,2011,44.459311557,2.951671791,0.686595925
050302040604,2012,26.144948744,2.435578567,0.666798424
050302040604,2013,38.713956606,2.470904941,0.70518126
050302040604,2014,28.755616974,2.034230014,0.700198537
050302040604,2015,30.198978414,2.204330209,0.675270021
050302040604,2016,20.486248515,1.430578994,0.639111383
050302040604,2017,18.466591054,1.424928726,0.660666916
050302040604,2018,44.560103245,2.867123538,0.717465319
050302040604,2019,44.923496972,3.836419872,0.69293803
050302040605,2010,54.056342044,7.248531843,0.692954589
050302040605,2011,57.462236968,7.770805285,0.69835949
050302040605,2012,35.007486156,5.400793871,0.690656189
050302040605,2013,48.575387884,5.957286593,0.734770697
050302040605,2014,42.229351037,5.875274254,0.735141003
050302040605,2015,42.140915793,4.914743111,0.714606428
050302040605,2016,31.510755533,4.675368396,0.676776617
050302040605,2017,36.612900826,4.671340954,0.713833179
050302040605,2018,60.150895048,6.447762752,0.749563809
050302040605,2019,57.456976323,8.656695926,0.715970548
050302040606,2010,40.497452447,2.945224289,0.688039678
050302040606,2011,50.492055237,3.569629214,0.697577089
050302040606,2012,28.113257631,2.59193986,0.680741507
050302040606,2013,42.854241617,3.008794621,0.72352234
050302040606,2014,33.230643302,2.696223948,0.719231159
050302040606,2015,33.932580612,2.517436647,0.694593192
050302040606,2016,22.713120064,1.989942321,0.653717256
050302040606,2017,22.211515352,1.884515011,0.687210512
050302040606,2018,48.974534097,3.194248718,0.73529279
050302040606,2019,46.048344626,3.980191667,0.707972085
050302040701,2010,31.962365875,7.945446013,0.679360851
050302040701,2011,48.698174781,8.00013793,0.681913041
050302040701,2012,30.500612356,6.915648175,0.660303488
050302040701,2013,38.658280714,8.752355599,0.703901519
050302040701,2014,35.426126242,8.925377709,0.717934189
050302040701,2015,36.144437749,8.272921355,0.687265488
050302040701,2016,23.516850717,7.230933287,0.665637031
050302040701,2017,26.871325203,7.588042012,0.681236414
050302040701,2018,56.147867792,9.775801001,0.729889164
050302040701,2019,44.141354218,8.903860137,0.693856069
050302040702,2010,32.007356517,6.17273953,0.678096098
050302040702,2011,49.979441129,7.342299863,0.682849079
050302040702,2012,31.037605177,5.980112702,0.662787308
050302040702,2013,39.675733145,7.07293444,0.705368923
050302040702,2014,36.578361787,7.175715718,0.718096123
050302040702,2015,37.639666485,6.737927899,0.691938238
050302040702,2016,24.852598276,5.684023342,0.665030446
050302040702,2017,27.089116828,5.654924722,0.683349321
050302040702,2018,58.028742017,8.180429769,0.733422523
050302040702,2019,46.260171383,7.95204757,0.694210641
050302040703,2010,32.966799039,6.637663461,0.683071767
050302040703,2011,49.680903178,9.413570643,0.691112278
050302040703,2012,28.861450531,6.343889657,0.673482897
050302040703,2013,37.431597005,6.951253293,0.732962981
050302040703,2014,35.286307342,6.936463679,0.735714928
050302040703,2015,36.137652159,6.666102551,0.710790985
050302040703,2016,24.298775189,5.176066849,0.664561406
050302040703,2017,27.744224728,5.133316675,0.705555448
050302040703,2018,57.766638927,9.541102575,0.752023961
050302040703,2019,44.313481803,9.286269875,0.703360238
050302040704,2010,31.524267538,4.234297099,0.679629709
050302040704,2011,51.512894293,8.02271447,0.701929945
050302040704,2012,28.150401382,5.218630158,0.663302257
050302040704,2013,39.31929352,5.24772872,0.715456578
050302040704,2014,36.878747322,5.627871419,0.725738175
050302040704,2015,35.391188212,5.535871867,0.687117364
050302040704,2016,24.185465103,4.034423787,0.6445547
050302040704,2017,23.728772769,3.423555912,0.677025673
050302040704,2018,52.002432022,7.354518663,0.721874793
050302040704,2019,40.703229239,7.926933875,0.677362159
050302040801,2010,30.174301976,10.148044491,0.65530079
050302040801,2011,57.74204953,14.693537105,0.700850069
050302040801,2012,32.839801174,10.574945427,0.654591438
050302040801,2013,37.775402666,11.754938728,0.697898694
050302040801,2014,38.83130426,13.049005959,0.71318197
050302040801,2015,39.351033856,11.984515071,0.679139941
050302040801,2016,30.749744027,10.233457261,0.63966492
050302040801,2017,24.854546527,8.072652909,0.668658351
050302040801,2018,51.84158222,13.211731335,0.705207547
050302040801,2019,43.032893462,13.734911274,0.661039288
050302040802,2010,29.730398553,13.337629574,0.663534957
050302040802,2011,48.624389059,17.532944958,0.733711886
050302040802,2012,25.436551636,11.763543693,0.682765643
050302040802,2013,32.817022342,14.749942852,0.739259221
050302040802,2014,37.896715652,17.050367559,0.761032236
050302040802,2015,45.183206083,18.424668701,0.750524197
050302040802,2016,31.573247837,14.442639331,0.680043274
050302040802,2017,23.856718496,11.374003389,0.715804832
050302040802,2018,48.063590947,17.216597555,0.763364459
050302040802,2019,40.068236516,17.143053242,0.700852622
050302040803,2010,26.201425349,10.325200097,0.6448541
050302040803,2011,45.238071066,13.566905204,0.717321362
050302040803,2012,25.458874395,9.646499599,0.666607541
050302040803,2013,29.285873288,11.48209365,0.71172071
050302040803,2014,31.858364646,12.593740876,0.728259376
050302040803,2015,38.716038264,13.501724116,0.713581869
050302040803,2016,27.840191854,10.876110959,0.649197721
050302040803,2017,20.574742588,8.315105574,0.681895749
050302040803,2018,40.047813258,11.834242381,0.726187462
050302040803,2019,35.312569379,13.010430274,0.676043679
050302040804,2010,33.591690801,12.097894047,0.640222217
050302040804,2011,53.237196353,15.024619946,0.674086172
050302040804,2012,32.359032116,11.05357842,0.641974911
050302040804,2013,34.897209327,12.069742175,0.67994043
050302040804,2014,38.550331576,13.82152397,0.697244
050302040804,2015,41.254847377,13.351600461,0.676470597
050302040804,2016,33.852479178,11.639730328,0.627762723
050302040804,2017,24.81168041,9.170277968,0.649183689
050302040804,2018,53.772518981,14.529745232,0.706647613
050302040804,2019,44.787565929,14.851097295,0.65949248
050302040901,2010,18.058548214,6.513146552,0.609917359
050302040901,2011,28.106373026,7.849733569,0.63028986
050302040901,2012,15.94909864,6.130406159,0.587048194
050302040901,2013,22.608943048,6.792036145,0.63738676
050302040901,2014,22.83324797,7.704341272,0.661912684
050302040901,2015,21.270798384,6.861504473,0.621484778
050302040901,2016,14.262594316,5.221455032,0.579783882
050302040901,2017,11.551067127,4.712374748,0.613737454
050302040901,2018,34.148420136,7.882156104,0.671942503
050302040901,2019,25.486324844,8.855990107,0.600997257
050302040902,2010,19.316400733,6.914060008,0.614787256
050302040902,2011,30.532215934,8.016722872,0.640950804
050302040902,2012,17.327492845,7.134269045,0.605281908
050302040902,2013,21.875624723,7.013795961,0.639135636
050302040902,2014,22.45049775,7.553836402,0.667663214
050302040902,2015,24.696910589,7.291261573,0.638886399
050302040902,2016,18.767077192,6.65965773,0.589577899
050302040902,2017,12.28891685,5.332167252,0.615005268
050302040902,2018,32.883177737,7.355840153,0.675562728
050302040902,2019,26.651972501,8.777017264,0.615309185
050302040903,2010,17.011545441,6.680162135,0.61154266
050302040903,2011,26.063404107,7.84592968,0.632967437
050302040903,2012,15.257367595,6.326732643,0.59442265
050302040903,2013,19.171770456,6.76955793,0.635272325
050302040903,2014,20.450770716,7.713629711,0.666391888
050302040903,2015,20.817587914,7.360321832,0.629672204
050302040903,2016,14.36995733,5.559993884,0.579187181
050302040903,2017,10.724207167,4.897478287,0.616755552
050302040903,2018,28.933312772,7.697999631,0.670528347
050302040903,2019,23.214346261,8.780574633,0.605713057
050302040904,2010,19.784161722,5.561043088,0.604569507
050302040904,2011,32.318741384,6.853973794,0.630740271
050302040904,2012,16.194489704,5.056735369,0.588934577
050302040904,2013,23.794754971,6.380673127,0.628545868
050302040904,2014,24.893536118,6.701570456,0.662504307
050302040904,2015,24.568670908,5.493873402,0.627343349
050302040904,2016,17.330862262,5.219817366,0.584441082
050302040904,2017,13.05411367,4.178676689,0.610483638
050302040904,2018,38.719880784,7.445795276,0.677414725
050302040904,2019,26.630537228,6.196666596,0.608212425
050302040905,2010,20.046606048,5.61439642,0.603193098
050302040905,2011,32.944293049,7.423349352,0.633486999
050302040905,2012,16.677289802,5.214935213,0.593637339
050302040905,2013,24.465138348,6.431707824,0.62982109
050302040905,2014,27.704856838,7.258799608,0.664860467
050302040905,2015,27.803354993,6.0914217,0.635125901
050302040905,2016,19.509180438,5.463640241,0.584948209
050302040905,2017,13.669597956,4.215064131,0.61564309
050302040905,2018,40.707699949,7.965137645,0.677471599
050302040905,2019,28.875466339,6.986173641,0.609307694
050302041001,2010,29.58852054,6.462659269,0.663992515
050302041001,2011,48.634694783,9.39621317,0.678563801
050302041001,2012,27.589186839,5.967184274,0.670600204
050302041001,2013,35.816565339,7.049959694,0.70286851
050302041001,2014,38.275920228,8.030904658,0.732904299
050302041001,2015,41.407684474,7.751532481,0.714619831
050302041001,2016,29.796970489,6.571075878,0.658568444
050302041001,2017,23.337771235,4.819079297,0.691585869
050302041001,2018,51.28951651,8.58121326,0.733379024
050302041001,2019,39.973441151,8.699340795,0.674625808
050302041002,2010,26.1267846,6.635182201,0.672058512
050302041002,2011,46.350225036,9.902313877,0.683657762
050302041002,2012,24.743904399,6.117910894,0.683188667
050302041002,2013,37.560042868,7.392916334,0.716773821
050302041002,2014,38.123285412,8.483070701,0.749993456
050302041002,2015,39.521898525,8.1273524,0.728093003
050302041002,2016,27.762267014,6.755068126,0.666850632
050302041002,2017,22.713168119,4.922917784,0.709454674
050302041002,2018,48.876235748,8.984167329,0.744364235
050302041002,2019,37.506796686,8.998600397,0.678899304
050302041003,2010,33.940793488,8.702411181,0.710180548
050302041003,2011,59.214878338,18.658546976,0.713584403
050302041003,2012,33.259685265,8.462132366,0.689580502
050302041003,2013,47.271417894,14.654314635,0.755989745
050302041003,2014,56.970367206,16.025003109,0.81345072
050302041003,2015,56.741696322,16.051818939,0.755795777
050302041003,2016,38.300646565,11.993356477,0.686344744
050302041003,2017,35.484986891,8.384318159,0.739304258
050302041003,2018,63.330041514,16.672051764,0.753164359
050302041003,2019,47.927206615,15.124430221,0.697491979
050302041004,2010,32.577737147,7.673468879,0.686742663
050302041004,2011,56.235623131,16.687892691,0.697972194
050302041004,2012,32.270014873,7.332538669,0.676923975
050302041004,2013,46.551040794,12.845122045,0.738052887
050302041004,2014,53.367163387,14.155081458,0.79301142
050302041004,2015,51.325072783,13.858836112,0.736185506
050302041004,2016,35.845143174,10.59965679,0.663963347
050302041004,2017,34.03028694,7.231669782,0.717233473
050302041004,2018,61.103538697,14.867291959,0.735722682
050302041004,2019,46.218984446,13.632538724,0.67823162
050400010101,2010,34.44909855,3.789951313,0.693700826
050400010101,2011,63.445735192,6.168038286,0.75398685
050400010101,2012,30.95418934,4.168108785,0.698688357
050400010101,2013,58.380522464,5.620943853,0.760255386
050400010101,2014,32.435355769,4.164306263,0.732515881
050400010101,2015,34.884310607,4.00554991,0.750949014
050400010101,2016,27.863538746,3.752870774,0.706306803
050400010101,2017,44.620089987,4.846461508,0.739730696
050400010101,2018,49.154772008,4.962709582,0.721891969
050400010101,2019,48.044768476,5.329449789,0.727618463
050400010102,2010,35.762107949,4.743501967,0.537917356
050400010102,2011,53.602849437,6.218058583,0.581802642
050400010102,2012,37.474200946,5.231983028,0.554776243
050400010102,2013,55.456628783,6.478682088,0.589668705
050400010102,2014,35.568274399,5.310419308,0.548312284
050400010102,2015,37.687034963,4.623572637,0.558376091
050400010102,2016,29.374182959,3.549607588,0.514204865
050400010102,2017,44.207912711,4.50702677,0.571183884
050400010102,2018,47.400429769,5.575854887,0.591553172
050400010102,2019,49.991961881,6.474834024,0.562675565
050400010103,2010,21.720975859,3.1920402,0.558972391
050400010103,2011,40.968965618,5.941708993,0.59653937
050400010103,2012,17.824343166,3.939185689,0.554416904
050400010103,2013,41.704649392,6.024225526,0.615780423
050400010103,2014,20.122779642,3.750770755,0.571549358
050400010103,2015,17.224324993,1.739192806,0.581247586
050400010103,2016,13.332328804,2.018951393,0.523661683
050400010103,2017,28.84660786,2.658653776,0.602923752
050400010103,2018,34.261138217,6.211209706,0.597900653
050400010103,2019,31.444132682,5.45925064,0.576574869
050400010104,2010,24.758322661,2.505803808,0.518053638
050400010104,2011,41.506076481,3.912457274,0.55043794
050400010104,2012,24.450592822,2.767368661,0.511240462
050400010104,2013,48.233076786,4.051988521,0.56855501
050400010104,2014,22.132740043,2.796126178,0.536835821
050400010104,2015,26.85917334,2.473834943,0.533749023
050400010104,2016,17.612276593,1.831771288,0.489648404
050400010104,2017,32.021990051,2.597307503,0.535962229
050400010104,2018,36.658899724,3.827781212,0.557058627
050400010104,2019,32.39213547,3.508237447,0.535786317
050400010105,2010,36.417327526,4.480042131,0.6432276
050400010105,2011,57.245197748,6.95424276,0.690539903
050400010105,2012,34.080015191,4.984986993,0.649000879
050400010105,2013,58.567957706,7.184173257,0.688475052
050400010105,2014,33.904553078,4.7914015,0.651802197
050400010105,2015,32.947436152,3.871176279,0.662378935
050400010105,2016,28.966796009,3.689337575,0.640640823
050400010105,2017,43.003620118,4.306913028,0.666792084
050400010105,2018,47.796646176,6.260872188,0.667191379
050400010105,2019,49.013578319,6.356288958,0.667577638
050400010201,2010,23.043754133,7.723524094,0.556172865
050400010201,2011,36.14243207,8.351075341,0.578136177
050400010201,2012,21.01587279,6.438491684,0.538274354
050400010201,2013,46.826313443,11.492750192,0.620813869
050400010201,2014,20.496599336,6.694923385,0.587015253
050400010201,2015,23.302508698,5.728287768,0.58153715
050400010201,2016,14.360608931,3.607763123,0.53989498
050400010201,2017,30.005104241,8.497502265,0.58189898
050400010201,2018,31.728592777,8.567967565,0.600118097
050400010201,2019,30.922968616,9.770263569,0.575125806
050400010202,2010,19.332890941,5.283238134,0.561634339
050400010202,2011,31.148328616,6.621975263,0.586820533
050400010202,2012,17.827669826,4.854327838,0.545825448
050400010202,2013,39.172659292,8.080462429,0.626843373
050400010202,2014,16.944199885,4.798513801,0.595616722
050400010202,2015,16.741394682,4.386519814,0.591246293
050400010202,2016,10.958779295,2.837944601,0.546002384
050400010202,2017,24.915401454,5.662349354,0.589063756
050400010202,2018,28.186111725,6.605776337,0.598786189
050400010202,2019,26.246530161,7.215285628,0.583166271
050400010203,2010,26.506144059,6.339679475,0.655692321
050400010203,2011,50.823395314,9.571648506,0.686451745
050400010203,2012,22.618748105,7.322512607,0.63394848
050400010203,2013,49.082425161,9.474595954,0.721462774
050400010203,2014,27.426473405,7.893220384,0.714039549
050400010203,2015,23.117096453,7.43540257,0.691426971
050400010203,2016,22.620768216,6.983516691,0.653266891
050400010203,2017,30.538774635,7.836689789,0.700050041
050400010203,2018,43.566772701,9.140448361,0.681058227
050400010203,2019,39.804796506,10.049947758,0.680205576
050400010204,2010,26.479623283,3.459204037,0.628758553
050400010204,2011,45.228841155,5.194090037,0.661442638
050400010204,2012,25.222174787,4.429500106,0.605408793
050400010204,2013,47.616287876,5.56290885,0.677796372
050400010204,2014,26.249927937,4.525922013,0.666716135
050400010204,2015,23.250741658,3.335500737,0.664704498
050400010204,2016,19.774858094,3.303383508,0.60267665
050400010204,2017,34.53493436,3.626332967,0.66088093
050400010204,2018,40.320879942,4.538842002,0.656614386
050400010204,2019,40.455487128,5.577020662,0.655297722
050400010205,2010,21.86618492,5.742393615,0.611840265
050400010205,2011,38.81389603,8.343730671,0.643144212
050400010205,2012,19.139251653,6.465557843,0.590425408
050400010205,2013,40.77449318,9.132096117,0.681044042
050400010205,2014,21.908594726,7.168711536,0.670275427
050400010205,2015,16.500661901,5.893622029,0.647868399
050400010205,2016,16.693479671,5.564068281,0.597369232
050400010205,2017,27.28132628,6.939935035,0.658268494
050400010205,2018,35.743678547,8.118346494,0.643852025
050400010205,2019,33.136333676,8.928979046,0.648818695
050400010206,2010,16.213456038,2.714836883,0.638776649
050400010206,2011,36.891436179,3.624269673,0.69415309
050400010206,2012,12.978213582,3.211911594,0.595401992
050400010206,2013,32.71946722,3.558448869,0.703087692
050400010206,2014,11.749102911,2.792356593,0.684564494
050400010206,2015,12.21904457,2.575248269,0.667237077
050400010206,2016,11.26556478,2.488875737,0.626439582
050400010206,2017,14.773840996,2.623345338,0.677396126
050400010206,2018,27.122102839,3.235390835,0.669307709
050400010206,2019,26.293595972,3.797391137,0.659864584
050400010207,2010,28.315595638,5.523870214,0.661660631
050400010207,2011,51.049802968,7.146095718,0.705650788
050400010207,2012,23.219321756,6.513665502,0.619868228
050400010207,2013,48.608347163,6.967342568,0.718251648
050400010207,2014,25.982798272,6.309344106,0.70803504
050400010207,2015,23.174954083,5.691960249,0.690759117
050400010207,2016,21.167250406,5.241314689,0.650579434
050400010207,2017,33.630180519,5.559480311,0.705210561
050400010207,2018,41.920934776,6.487891206,0.687841177
050400010207,2019,41.667538276,7.761153206,0.684991054
050400010301,2010,28.50062903,4.182934446,0.624530791
050400010301,2011,51.282029531,6.01389239,0.68780176
050400010301,2012,21.960322071,4.722452627,0.58998224
050400010301,2013,48.095663055,5.50435072,0.685202075
050400010301,2014,26.453163758,4.898297571,0.649003604
050400010301,2015,24.686511508,4.004503566,0.649600245
050400010301,2016,19.875173743,3.32411084,0.603229882
050400010301,2017,32.208813044,3.431163234,0.654625676
050400010301,2018,40.319723231,4.821607868,0.662818785
050400010301,2019,40.886379391,5.524738697,0.661033005
050400010302,2010,30.136811676,10.21933829,0.663135984
050400010302,2011,51.730858188,16.452838104,0.722747587
050400010302,2012,23.7910381,10.637230449,0.648165984
050400010302,2013,45.030278004,13.896876387,0.728567589
050400010302,2014,23.570827055,10.651355847,0.693980461
050400010302,2015,23.219327716,8.567077456,0.714678628
050400010302,2016,20.729056968,8.951682554,0.66457468
050400010302,2017,25.663204855,8.973845151,0.695292432
050400010302,2018,40.585384889,12.959747593,0.68225428
050400010302,2019,41.189877358,14.982294697,0.683282288
050400010303,2010,34.754345765,10.42968728,0.656987156
050400010303,2011,60.534501339,16.720768438,0.717382409
050400010303,2012,28.111963692,10.833207513,0.632488295
050400010303,2013,54.089624139,14.129037303,0.729811118
050400010303,2014,29.002281571,10.855870451,0.688107169
050400010303,2015,28.730292241,8.764444909,0.711973366
050400010303,2016,25.421055085,9.150338142,0.655821049
050400010303,2017,32.628953133,9.172468451,0.691183074
050400010303,2018,47.560237289,13.175438644,0.676697849
050400010303,2019,48.92966546,15.245654879,0.679443687
050400010304,2010,25.49479666,5.200251915,0.628667865
050400010304,2011,47.256614104,8.722527036,0.689281748
050400010304,2012,18.540336318,5.408810659,0.612905436
050400010304,2013,42.169495168,7.622558106,0.706649143
050400010304,2014,17.09908098,4.908777513,0.662028356
050400010304,2015,19.994039595,4.617208602,0.684571531
050400010304,2016,14.861642937,3.974648653,0.637400652
050400010304,2017,20.208673843,4.602827998,0.661432992
050400010304,2018,33.726854623,6.250444368,0.666162428
050400010304,2019,35.741555997,7.566195553,0.660992218
050400010305,2010,34.225002276,8.708673148,0.659501338
050400010305,2011,58.715787913,14.055491101,0.717113488
050400010305,2012,26.963609769,9.049438893,0.644262906
050400010305,2013,53.035603174,11.969065569,0.727681017
050400010305,2014,27.364810198,8.901443126,0.689599843
050400010305,2015,28.609634464,7.402629997,0.71120625
050400010305,2016,23.880353468,7.440489636,0.66315208
050400010305,2017,30.669129155,7.66759354,0.689655673
050400010305,2018,45.2275961,10.872935015,0.684107312
050400010305,2019,47.03400052,12.699230417,0.681270734
050400010306,2010,31.636226812,6.972552788,0.661513295
050400010306,2011,62.313220171,12.023897082,0.713072032
050400010306,2012,27.987753983,7.809251632,0.649677033
050400010306,2013,49.988453246,10.165379665,0.726652446
050400010306,2014,26.212641819,7.739191513,0.703422573
050400010306,2015,29.330519461,7.286582485,0.705736675
050400010306,2016,27.763622743,7.49008893,0.675852711
050400010306,2017,31.622791922,7.411118061,0.703714287
050400010306,2018,47.667045004,9.597101563,0.69250911
050400010306,2019,46.861999265,10.854761112,0.681512511
050400010307,2010,26.315500954,5.231301619,0.621371458
050400010307,2011,54.160888543,8.73141295,0.674474752
050400010307,2012,22.351536578,5.722079803,0.620997111
050400010307,2013,42.33079188,7.554970969,0.699485456
050400010307,2014,21.424565166,5.871605006,0.650932858
050400010307,2015,24.262082425,5.608302361,0.670357035
050400010307,2016,22.120343385,5.57917538,0.640081398
050400010307,2017,23.691355431,5.344999785,0.659659676
050400010307,2018,41.527764811,7.009982602,0.672793211
050400010307,2019,39.624992907,7.984501505,0.647576452
050400010308,2010,48.101383849,10.891347904,0.732104132
050400010308,2011,72.405055803,17.344175193,0.766461741
050400010308,2012,44.092219095,11.056277238,0.730887367
050400010308,2013,68.441930292,15.536769601,0.785816062
050400010308,2014,40.644778908,11.753627611,0.755292751
050400010308,2015,48.059622377,11.092812601,0.772990516
050400010308,2016,41.50419532,10.760042872,0.73311102
050400010308,2017,46.178671767,10.794436041,0.771427647
050400010308,2018,64.692981061,14.579302429,0.756082816
050400010308,2019,61.961143874,15.631593481,0.742019647
050400010309,2010,46.386702171,10.000149533,0.687481752
050400010309,2011,74.867169921,17.129135882,0.731084026
050400010309,2012,41.253320946,10.44973647,0.684348011
050400010309,2013,67.117584338,14.577466366,0.754186884
050400010309,2014,38.344934108,10.826020056,0.71305632
050400010309,2015,44.410603491,9.556302176,0.735853954
050400010309,2016,38.602199417,9.699637858,0.696721324
050400010309,2017,44.201721728,9.646068948,0.728206941
050400010309,2018,64.731211117,13.744926898,0.716416679
050400010309,2019,60.725760504,15.176739513,0.695458074
050400010401,2010,24.699608126,16.830313664,0.660986974
050400010401,2011,47.833766764,31.388705537,0.733719948
050400010401,2012,29.298198819,20.468348819,0.677034513
050400010401,2013,53.823763994,36.416579965,0.770270968
050400010401,2014,29.138772119,21.385969919,0.689766678
050400010401,2015,25.784118801,17.566481225,0.703965522
050400010401,2016,29.797022553,21.083026716,0.710172686
050400010401,2017,30.240009537,22.085771576,0.728831696
050400010401,2018,50.654870634,33.411378212,0.733236888
050400010401,2019,43.460199957,30.47000066,0.703003786
050400010402,2010,26.204740134,18.046900771,0.664806882
050400010402,2011,49.612095217,33.202527408,0.739634572
050400010402,2012,29.632959929,20.778054904,0.677628568
050400010402,2013,53.728139597,35.983155393,0.770974292
050400010402,2014,30.650411369,22.729125721,0.691695184
050400010402,2015,26.682083117,18.440903238,0.709581809
050400010402,2016,30.435894022,21.693759919,0.711636535
050400010402,2017,32.786632796,24.35826974,0.734188026
050400010402,2018,51.346315235,33.914781222,0.735506199
050400010402,2019,42.778012692,29.814148471,0.705229569
050400010403,2010,30.178276881,23.092517773,0.693221216
050400010403,2011,50.809104279,37.8447581,0.720171197
050400010403,2012,30.458146373,22.543712239,0.681902347
050400010403,2013,57.642274892,43.406083987,0.783589298
050400010403,2014,37.376703434,29.36658025,0.741891697
050400010403,2015,31.55985936,23.759468666,0.713957801
050400010403,2016,31.194229123,23.673395833,0.707868678
050400010403,2017,36.542450699,27.917034613,0.749788778
050400010403,2018,61.248484853,45.483369361,0.76982839
050400010403,2019,47.515404785,37.461194668,0.728905792
050400010404,2010,28.891552265,21.758498927,0.693638332
050400010404,2011,50.091504237,37.368274317,0.724719632
050400010404,2012,31.815390893,23.892994451,0.687045132
050400010404,2013,58.726418615,44.523706822,0.784486093
050400010404,2014,36.591903765,28.555406972,0.738447573
050400010404,2015,31.507580473,23.747419836,0.719419024
050400010404,2016,31.222613717,23.729677785,0.707175849
050400010404,2017,32.326301525,23.895941459,0.740353963
050400010404,2018,59.98386222,44.394737328,0.770225895
050400010404,2019,48.055851838,37.965433625,0.730633665
050400010405,2010,29.554233232,22.425138442,0.695000668
050400010405,2011,50.699466394,37.993998384,0.722129005
050400010405,2012,31.798535077,23.883649577,0.687917443
050400010405,2013,59.524108187,45.191754452,0.784801005
050400010405,2014,37.452116093,29.371515352,0.7414697
050400010405,2015,32.15827824,24.375453675,0.719993737
050400010405,2016,30.965255231,23.481709072,0.70482232
050400010405,2017,32.733841668,24.29888104,0.742592692
050400010405,2018,62.171802035,46.533973665,0.7733417
050400010405,2019,48.15570243,38.094110851,0.730308389
050400010406,2010,27.672517923,18.567837309,0.641891189
050400010406,2011,48.541009351,31.82732689,0.708880119
050400010406,2012,31.232633753,21.467057467,0.656344155
050400010406,2013,56.140066924,37.690835493,0.743742615
050400010406,2014,32.142342026,23.230405425,0.677428254
050400010406,2015,29.065135951,20.000519735,0.683747258
050400010406,2016,31.375152476,22.017899223,0.682522747
050400010406,2017,31.879434983,22.758276292,0.700822644
050400010406,2018,54.285473034,35.502721419,0.71461256
050400010406,2019,46.524138872,32.299913969,0.686130294
050400010501,2010,35.223869123,9.644756762,0.646446839
050400010501,2011,58.47647625,14.846284816,0.716961624
050400010501,2012,28.958054443,9.407076559,0.641075831
050400010501,2013,54.934913714,13.270281322,0.723257326
050400010501,2014,32.705864093,10.166090125,0.674294998
050400010501,2015,30.137941769,8.993988661,0.701757912
050400010501,2016,28.759454815,9.392755465,0.667444383
050400010501,2017,32.858271444,9.602423853,0.683584823
050400010501,2018,51.402018451,12.290315487,0.703509641
050400010501,2019,44.738374147,12.690922664,0.667998391
050400010502,2010,36.555439439,7.777914418,0.690691919
050400010502,2011,56.893787062,12.108131705,0.749955933
050400010502,2012,32.866818948,8.333510819,0.68343327
050400010502,2013,56.507014946,10.966298042,0.764719341
050400010502,2014,30.577940581,8.428044338,0.706821486
050400010502,2015,37.2062228,8.447496828,0.743270137
050400010502,2016,30.428448351,8.013668123,0.713850297
050400010502,2017,39.002883193,8.631129984,0.737785686
050400010502,2018,54.400142506,10.599681715,0.734144454
050400010502,2019,46.466204192,10.794441773,0.703596618
050400010503,2010,42.813101588,3.218093952,0.682672765
050400010503,2011,69.299675315,5.755553976,0.743743064
050400010503,2012,40.651491156,3.883945352,0.706136975
050400010503,2013,58.794960445,5.061899899,0.765364951
050400010503,2014,37.826616619,3.688450451,0.719982736
050400010503,2015,46.517675737,3.950833085,0.734388912
050400010503,2016,38.687194312,3.796143742,0.705988089
050400010503,2017,43.4487697,3.89999654,0.741355958
050400010503,2018,61.145395328,4.78287802,0.733469947
050400010503,2019,54.050395536,4.842342161,0.705175103
050400010504,2010,60.01461167,8.216616965,0.639792399
050400010504,2011,82.403251722,11.49143939,0.693842411
050400010504,2012,52.747762161,8.467376405,0.642149128
050400010504,2013,77.262182682,10.549670772,0.697914096
050400010504,2014,50.575251961,8.510802997,0.658016455
050400010504,2015,56.936821938,8.232470772,0.680162868
050400010504,2016,48.973251752,8.079467524,0.654611312
050400010504,2017,57.447841858,8.235544529,0.673285205
050400010504,2018,74.809825443,9.768800596,0.683196505
050400010504,2019,67.400990042,10.279344431,0.650548699
050400010505,2010,43.039988474,5.21763532,0.688557004
050400010505,2011,70.705877952,8.60752536,0.739325659
050400010505,2012,42.728399227,5.819327574,0.705210736
050400010505,2013,68.216278572,7.941618465,0.769767039
050400010505,2014,40.020535999,5.798049629,0.720280201
050400010505,2015,51.037775596,6.249872918,0.742406241
050400010505,2016,39.316287751,5.587979961,0.70560884
050400010505,2017,50.682640892,6.148333634,0.751391348
050400010505,2018,65.963632949,7.423276886,0.737766103
050400010505,2019,59.814568453,7.3221347,0.713655404
050400010506,2010,34.606510932,8.529367389,0.667009612
050400010506,2011,59.443652542,13.335167662,0.72739241
050400010506,2012,38.001312123,10.193538557,0.693530692
050400010506,2013,61.408107283,13.429901865,0.75429374
050400010506,2014,37.134223911,11.03819414,0.710472022
050400010506,2015,43.317263489,9.792098706,0.722697483
050400010506,2016,33.140775851,9.200916407,0.685804719
050400010506,2017,42.513741459,9.771313425,0.733190077
050400010506,2018,58.334895678,12.601051835,0.723858611
050400010506,2019,51.448185759,13.114691906,0.699942993
050400010601,2010,31.405424113,23.297618141,0.665627027
050400010601,2011,53.69234962,41.004037787,0.725745867
050400010601,2012,34.855152558,27.607458953,0.67909365
050400010601,2013,57.511869574,43.75650825,0.751230269
050400010601,2014,38.192782647,30.493351406,0.683274429
050400010601,2015,34.888144078,26.50804806,0.71607285
050400010601,2016,32.72649866,26.66216362,0.6984137
050400010601,2017,37.943726328,29.550065871,0.72612042
050400010601,2018,55.731622145,42.137912034,0.729007578
050400010601,2019,48.767484167,37.823089037,0.69727014
050400010602,2010,28.810975551,21.821159469,0.69293634
050400010602,2011,51.43043032,38.457396134,0.722267791
050400010602,2012,31.881684731,23.929876936,0.68640556
050400010602,2013,61.611798117,46.497707977,0.78529734
050400010602,2014,38.143768575,30.027285398,0.742801335
050400010602,2015,32.412535733,24.627303219,0.719725101
050400010602,2016,31.178706443,23.686543455,0.70532412
050400010602,2017,33.446959757,24.943418178,0.743777768
050400010602,2018,62.688091426,46.76784747,0.773157039
050400010602,2019,47.924196906,37.795087308,0.728810033
050400010603,2010,33.094004437,24.792984872,0.66827764
050400010603,2011,54.283401268,41.639086276,0.725620218
050400010603,2012,35.110413877,27.844005577,0.677319071
050400010603,2013,57.378475574,43.649309202,0.750822656
050400010603,2014,38.400302174,30.685520824,0.681941375
050400010603,2015,35.399408143,27.022551295,0.717031374
050400010603,2016,33.706754223,27.640963408,0.700783847
050400010603,2017,39.649894697,31.163515358,0.727945042
050400010603,2018,56.037134984,42.466987202,0.728441659
050400010603,2019,49.366934068,38.326826969,0.696735512
050400010604,2010,31.979915231,23.587617141,0.668230926
050400010604,2011,53.046893792,40.158274675,0.72175189
050400010604,2012,35.149144628,27.800788874,0.681121018
050400010604,2013,56.40559549,42.62824034,0.751388647
050400010604,2014,37.432302826,29.702272555,0.683964848
050400010604,2015,37.115576397,28.533004299,0.721368581
050400010604,2016,33.04999116,26.921658018,0.697759683
050400010604,2017,39.488937358,30.885468134,0.729606909
050400010604,2018,55.097431284,41.413158064,0.728011071
050400010604,2019,49.290373777,38.022909194,0.696591241
050400010605,2010,29.53288045,21.948680863,0.67684348
050400010605,2011,53.081652944,40.281507804,0.725353738
050400010605,2012,34.27811427,26.694898735,0.685355945
050400010605,2013,59.786496373,45.172767055,0.766667409
050400010605,2014,38.667927752,30.74274552,0.712569773
050400010605,2015,34.880916712,26.677154609,0.719773206
050400010605,2016,32.586690972,25.860513012,0.702688477
050400010605,2017,35.62794283,27.159829724,0.73373752
050400010605,2018,60.774258573,46.078783077,0.752128237
050400010605,2019,49.307395151,38.555806019,0.711995091
050400010606,2010,25.431891116,11.251909301,0.667275533
050400010606,2011,49.629766954,19.381183872,0.732042253
050400010606,2012,30.09916998,13.605195049,0.715619188
050400010606,2013,50.598229691,19.103206909,0.776146094
050400010606,2014,34.025225424,15.733997142,0.727355782
050400010606,2015,32.277882061,13.420707042,0.736873948
050400010606,2016,26.657870351,13.25074472,0.700662816
050400010606,2017,30.381833902,13.021442666,0.74651198
050400010606,2018,53.954583383,19.907278758,0.764510594
050400010606,2019,45.029304877,19.30811768,0.725251925
050400010607,2010,23.016560485,10.219811999,0.655428065
050400010607,2011,41.584246483,16.10996702,0.722285783
050400010607,2012,26.574551388,11.71999978,0.685811912
050400010607,2013,48.612984408,17.610971622,0.758732785
050400010607,2014,26.393776074,11.801639318,0.704269201
050400010607,2015,28.221185572,11.355155211,0.706243157
050400010607,2016,22.214259778,10.476859089,0.668910645
050400010607,2017,29.886296911,12.094958461,0.722716602
050400010607,2018,42.437013415,15.801173421,0.722751673
050400010607,2019,37.197709241,15.206995831,0.691284721
050400010701,2010,24.097450596,6.794576501,0.631316148
050400010701,2011,35.34075862,8.337646822,0.684789074
050400010701,2012,17.580389031,6.058702569,0.620873875
050400010701,2013,33.481486278,9.233213548,0.704330591
050400010701,2014,18.802614771,6.871929776,0.655953252
050400010701,2015,20.842747563,6.182021577,0.638075307
050400010701,2016,19.754077968,6.342448843,0.653719349
050400010701,2017,19.478206329,6.978380702,0.665026738
050400010701,2018,39.601576904,9.192841572,0.689737046
050400010701,2019,27.819417333,8.394091337,0.643639476
050400010702,2010,24.012111189,5.996832594,0.646077974
050400010702,2011,35.220221922,7.024635991,0.690555525
050400010702,2012,18.333471024,5.43102759,0.633237268
050400010702,2013,33.919600526,8.25243081,0.717063666
050400010702,2014,18.838369415,6.106722935,0.665356032
050400010702,2015,18.68878093,5.28148497,0.636243341
050400010702,2016,18.831685502,5.27069377,0.663175032
050400010702,2017,18.469567479,6.203679831,0.674925948
050400010702,2018,39.545259769,8.109875938,0.703000834
050400010702,2019,26.2348581,7.209591981,0.646996311
050400010703,2010,23.004812764,5.823591511,0.645098331
050400010703,2011,36.400673655,6.92325224,0.691140496
050400010703,2012,18.445934938,5.283957823,0.632589173
050400010703,2013,33.425751271,8.03510687,0.716520255
050400010703,2014,18.834267881,5.971159576,0.665513213
050400010703,2015,18.22654125,5.089851119,0.631440075
050400010703,2016,18.817935542,5.03762165,0.6633196
050400010703,2017,19.977136759,6.215964094,0.67774983
050400010703,2018,42.641125252,8.158597568,0.706671947
050400010703,2019,26.858924339,7.082764384,0.647713292
050400010704,2010,26.576075397,6.918124592,0.619764514
050400010704,2011,36.737819894,8.050848326,0.673835233
050400010704,2012,20.378121266,6.424197189,0.616758573
050400010704,2013,36.368961453,9.449859965,0.694377458
050400010704,2014,21.998459517,7.444670422,0.657167266
050400010704,2015,21.259239708,6.311395795,0.631255736
050400010704,2016,21.298633888,6.389829402,0.643331126
050400010704,2017,20.792714256,7.230424493,0.65640986
050400010704,2018,42.908751533,9.191819695,0.679742245
050400010704,2019,29.173472808,8.401926225,0.637214581
050400010705,2010,22.041288482,9.33877149,0.640546508
050400010705,2011,40.462669304,12.179377498,0.694495609
050400010705,2012,20.185200009,8.516757923,0.629552586
050400010705,2013,40.674818072,13.269404298,0.715990625
050400010705,2014,23.597055618,10.771154025,0.695985468
050400010705,2015,21.151375641,8.878844448,0.647239552
050400010705,2016,19.675490237,8.280567567,0.646592809
050400010705,2017,24.428521071,9.398448454,0.697049069
050400010705,2018,44.53035871,12.640696688,0.702117243
050400010705,2019,30.857378081,12.118221181,0.663925599
050400010706,2010,19.920534606,6.359411861,0.558459826
050400010706,2011,35.259425594,8.424840008,0.609140038
050400010706,2012,17.614647574,6.308380503,0.546844482
050400010706,2013,35.206156197,9.609270005,0.639983554
050400010706,2014,19.355796857,8.002480181,0.605054266
050400010706,2015,17.440665124,6.489123631,0.544033044
050400010706,2016,17.342134213,5.840928022,0.56730269
050400010706,2017,20.841853623,6.891028006,0.604645141
050400010706,2018,42.787338619,9.30317954,0.630504771
050400010706,2019,28.399428674,9.108753942,0.587680367
050400010707,2010,22.752759085,7.496431484,0.596884216
050400010707,2011,38.654206249,9.479899369,0.644158817
050400010707,2012,19.208808001,7.079846947,0.592130913
050400010707,2013,36.175058791,10.959375817,0.690318171
050400010707,2014,20.015560788,8.304462139,0.629781928
050400010707,2015,18.677847536,6.830263852,0.589422585
050400010707,2016,18.552250574,6.706251126,0.600400399
050400010707,2017,20.218106957,7.650239365,0.641735865
050400010707,2018,43.185116482,10.056977664,0.657972924
050400010707,2019,29.595411723,9.793686076,0.622655878
050400010801,2010,22.6784064,12.158966126,0.681595818
050400010801,2011,42.259148589,18.306349874,0.734297944
050400010801,2012,23.682319943,12.129624792,0.696132081
050400010801,2013,45.876326749,20.228686649,0.760431486
050400010801,2014,27.374640973,15.355621179,0.742618287
050400010801,2015,24.320606677,12.055452198,0.711152655
050400010801,2016,22.06789241,12.085297287,0.697963095
050400010801,2017,30.562555003,14.953311398,0.748712474
050400010801,2018,46.351216045,18.857784667,0.75001376
050400010801,2019,33.033726996,16.522497071,0.716517923
050400010802,2010,20.662300377,12.137932242,0.681148853
050400010802,2011,41.64401391,18.97084331,0.73718561
050400010802,2012,22.764192516,12.212426141,0.697177034
050400010802,2013,41.139257174,20.197160615,0.758809956
050400010802,2014,26.869511659,15.832583934,0.742957781
050400010802,2015,22.190320562,12.176257279,0.712408625
050400010802,2016,20.243735016,12.119805578,0.698556316
050400010802,2017,26.173860306,14.492426276,0.74518819
050400010802,2018,44.327138266,19.377771136,0.752679234
050400010802,2019,32.387860358,17.006949823,0.71890587
050400010803,2010,23.702384489,13.160065883,0.690183369
050400010803,2011,42.324656258,18.116251554,0.741930327
050400010803,2012,22.967126433,11.982621604,0.695882453
050400010803,2013,40.620308377,20.177455277,0.761316291
050400010803,2014,24.412586322,14.435641794,0.741416328
050400010803,2015,24.32304243,12.465728031,0.713419366
050400010803,2016,20.737240131,11.943279905,0.703233139
050400010803,2017,27.729120749,14.479563483,0.744064188
050400010803,2018,43.82268279,18.732074096,0.751286361
050400010803,2019,34.096644166,17.063300273,0.722286277
050400010804,2010,21.193905212,9.534520395,0.67570167
050400010804,2011,41.591658034,13.568224253,0.744800542
050400010804,2012,23.688976775,9.946663245,0.707692847
050400010804,2013,43.375920493,15.690858905,0.754947036
050400010804,2014,27.448451149,12.68952543,0.744002127
050400010804,2015,22.310112563,9.581132892,0.716577098
050400010804,2016,19.07914411,9.250691678,0.700578617
050400010804,2017,22.311401377,10.520924569,0.724774083
050400010804,2018,46.186689959,15.4102811,0.759434583
050400010804,2019,36.52180104,13.118061908,0.72630467
050400010805,2010,21.951291426,14.342902589,0.67675028
050400010805,2011,39.770700279,20.002583822,0.734778419
050400010805,2012,24.208918671,14.497745534,0.692491257
050400010805,2013,39.934403131,23.193442027,0.752777169
050400010805,2014,26.612909592,17.987337549,0.736820284
050400010805,2015,24.991932168,14.930083301,0.710348902
050400010805,2016,21.16495917,14.238765331,0.697356372
050400010805,2017,24.057532413,15.383061993,0.727893276
050400010805,2018,42.744656311,21.796197894,0.743071846
050400010805,2019,35.574078168,20.227266678,0.71762118
050400010901,2010,22.727064539,16.519675029,0.530268207
050400010901,2011,43.737391961,27.103715826,0.56992764
050400010901,2012,22.808438337,15.370289006,0.525555757
050400010901,2013,38.842992555,26.899834496,0.599855956
050400010901,2014,24.336869954,18.273198422,0.563216711
050400010901,2015,20.845253702,16.523866361,0.561535441
050400010901,2016,19.297983408,14.542635905,0.522705549
050400010901,2017,23.276217368,18.331079132,0.558479568
050400010901,2018,42.518865292,26.552107479,0.601638558
050400010901,2019,38.404901501,24.248903509,0.555271068
050400010902,2010,20.914550392,16.628563431,0.524664724
050400010902,2011,40.848922282,28.508133495,0.558929487
050400010902,2012,18.525013041,13.866766656,0.516342879
050400010902,2013,35.876308219,27.744528009,0.598583694
050400010902,2014,25.288734347,20.865272438,0.558377132
050400010902,2015,18.405758219,15.653621053,0.53939063
050400010902,2016,17.792342642,14.211879988,0.49734482
050400010902,2017,22.135263727,19.091926436,0.551130653
050400010902,2018,35.631660692,24.404551366,0.588096037
050400010902,2019,32.576870841,23.825617597,0.552463681
050400010903,2010,32.260156992,26.98960671,0.648755629
050400010903,2011,58.722365821,47.399956521,0.703976883
050400010903,2012,33.49819412,28.464500611,0.661265201
050400010903,2013,62.098328088,49.972936785,0.730820462
050400010903,2014,33.347693355,28.7606799,0.689620265
050400010903,2015,36.270029193,30.302149538,0.713692885
050400010903,2016,29.202865163,25.168185299,0.663464624
050400010903,2017,38.049574719,31.5451338,0.709373303
050400010903,2018,58.694082207,48.148366217,0.724095715
050400010903,2019,48.953252735,39.360507688,0.663655109
050400010904,2010,39.12448457,30.495260852,0.660450183
050400010904,2011,67.157299707,51.247345245,0.705295894
050400010904,2012,36.484904512,29.49057806,0.66843866
050400010904,2013,64.464207856,49.471949163,0.730697463
050400010904,2014,36.846685434,30.063920087,0.692162075
050400010904,2015,38.863176787,31.103320984,0.704316388
050400010904,2016,33.023050553,26.993690686,0.668541538
050400010904,2017,43.913642906,33.976355557,0.705743085
050400010904,2018,61.195635597,46.968291718,0.719521566
050400010904,2019,54.458505844,41.280245584,0.665840302
050400011001,2010,39.055707954,27.806768538,0.682277895
050400011001,2011,62.01250578,45.718771256,0.715635186
050400011001,2012,35.867713846,27.047667244,0.664360415
050400011001,2013,63.204118953,44.862070174,0.766831538
050400011001,2014,39.173743098,29.269931347,0.701178434
050400011001,2015,44.176924134,31.380766483,0.714720106
050400011001,2016,40.728924027,30.70958987,0.702504562
050400011001,2017,46.755745846,32.684988473,0.730157301
050400011001,2018,68.794499984,50.1202625,0.749450435
050400011001,2019,53.918839809,40.88774514,0.709963245
050400011002,2010,34.406828542,24.025358804,0.677386945
050400011002,2011,55.369629736,40.461996868,0.706430071
050400011002,2012,33.344555431,24.68618479,0.664937101
050400011002,2013,60.090640882,42.462101759,0.765854542
050400011002,2014,35.806761574,26.6707045,0.702337436
050400011002,2015,38.44006839,26.806254468,0.700101872
050400011002,2016,36.56692702,27.072038241,0.69675768
050400011002,2017,38.612900504,26.614743656,0.718479305
050400011002,2018,65.599178912,47.789155735,0.749174384
050400011002,2019,51.037188756,38.299066579,0.7199971
050400011003,2010,36.061240577,24.662894363,0.686823248
050400011003,2011,57.862822684,41.843972842,0.727874229
050400011003,2012,33.936953589,24.98976845,0.661624533
050400011003,2013,67.162813822,48.982226115,0.784180548
050400011003,2014,38.781958642,28.115662815,0.726990175
050400011003,2015,43.639092579,31.24243437,0.74574377
050400011003,2016,35.496784783,25.790195294,0.698487712
050400011003,2017,51.264887842,35.844691435,0.757200758
050400011003,2018,62.734150349,46.567589684,0.751701532
050400011003,2019,45.477112091,32.891668391,0.70033977
050400011004,2010,37.241210333,25.678889598,0.690402695
050400011004,2011,58.007639934,42.016581159,0.727375298
050400011004,2012,34.212961893,25.16183474,0.661808569
050400011004,2013,65.672317083,47.708110859,0.783568303
050400011004,2014,38.166011212,27.509981653,0.723980115
050400011004,2015,43.500512264,30.825169054,0.743321691
050400011004,2016,35.968163362,26.191254016,0.699059772
050400011004,2017,52.371549488,36.64491638,0.758057883
050400011004,2018,62.342525328,45.91801652,0.751121498
050400011004,2019,47.577647023,34.660145239,0.705095363
050400011005,2010,35.083365879,24.215811847,0.675437994
050400011005,2011,56.901845935,41.204148532,0.714578099
050400011005,2012,33.36385077,24.458117643,0.658249214
050400011005,2013,63.672795973,45.698953172,0.777412905
050400011005,2014,37.170067721,26.960866541,0.708581985
050400011005,2015,42.424328041,29.994164231,0.729475471
050400011005,2016,36.724809543,26.952726873,0.692749483
050400011005,2017,48.986935684,34.090661513,0.748768943
050400011005,2018,60.162926439,43.862139158,0.737712712
050400011005,2019,47.40028483,34.850121411,0.696461747
050400011101,2010,31.499811333,26.208276235,0.650720134
050400011101,2011,57.561570763,45.618943561,0.701028382
050400011101,2012,32.691273973,27.605370212,0.660932068
050400011101,2013,66.372909947,52.818328549,0.737595666
050400011101,2014,35.351106254,30.523215549,0.697614644
050400011101,2015,39.969933429,33.769375337,0.723600544
050400011101,2016,30.509499672,26.412661755,0.670030327
050400011101,2017,39.258831711,32.56565293,0.713964119
050400011101,2018,60.067371898,49.066868731,0.728954753
050400011101,2019,46.705217078,37.850026067,0.666428669
050400011102,2010,31.021181547,25.800341935,0.652485026
050400011102,2011,56.100093972,44.321313501,0.703344228
050400011102,2012,32.031953042,26.992402237,0.661612217
050400011102,2013,64.182447107,50.661786525,0.738138338
050400011102,2014,33.036018772,28.461350258,0.695307704
050400011102,2015,37.28458639,31.228333118,0.722131119
050400011102,2016,28.96467486,24.900888374,0.666286408
050400011102,2017,38.520222909,31.867006972,0.71652363
050400011102,2018,56.842445471,46.124861031,0.727442671
050400011102,2019,45.485127841,36.638416514,0.663771975
050400011103,2010,26.779889552,22.706546728,0.605296164
050400011103,2011,51.506505576,41.372415986,0.664290012
050400011103,2012,30.667385472,25.772692943,0.6249542
050400011103,2013,53.420412345,42.761381318,0.699258101
050400011103,2014,26.680690605,23.396195823,0.626099071
050400011103,2015,31.807783685,26.915808065,0.656962104
050400011103,2016,26.306594737,22.642718028,0.611220621
050400011103,2017,34.259749605,28.861360392,0.662902813
050400011103,2018,50.107420317,41.153944453,0.682030243
050400011103,2019,40.027092289,32.739869056,0.608118801
050400011104,2010,30.615048075,18.371167658,0.652945844
050400011104,2011,52.736293127,29.115423572,0.69223188
050400011104,2012,29.45155056,17.985182538,0.665365915
050400011104,2013,57.658102216,30.398289147,0.74872658
050400011104,2014,32.461823495,21.169144343,0.695683882
050400011104,2015,37.937162857,22.155848067,0.705999218
050400011104,2016,31.561620046,20.300706314,0.683511111
050400011104,2017,41.557146658,22.033350183,0.717944126
050400011104,2018,53.858771212,29.916977007,0.712604822
050400011104,2019,43.349850271,26.303329201,0.693075674
050400011105,2010,35.124502167,24.648259715,0.639044613
050400011105,2011,59.708802486,39.771009119,0.692788874
050400011105,2012,37.497632575,26.461859622,0.661800163
050400011105,2013,61.739736225,40.741035465,0.727690981
050400011105,2014,38.689408094,28.336026447,0.681580882
050400011105,2015,43.830682299,30.445098754,0.6957565
050400011105,2016,37.370383193,27.64808763,0.667958227
050400011105,2017,46.035377624,30.855724751,0.70614535
050400011105,2018,62.174943726,41.496157183,0.701405883
050400011105,2019,51.142863665,35.833238064,0.6774992
050400011201,2010,31.974754286,16.746776873,0.671357062
050400011201,2011,57.56202815,24.919498361,0.720756911
050400011201,2012,34.745673051,17.298322019,0.694403871
050400011201,2013,58.831401163,25.898150604,0.749328291
050400011201,2014,27.970101912,16.969597685,0.706746902
050400011201,2015,35.686541863,18.718263179,0.714641112
050400011201,2016,28.267266549,16.717324827,0.687963122
050400011201,2017,36.577664392,19.580932872,0.727644283
050400011201,2018,53.507833667,23.379033238,0.726561785
050400011201,2019,44.617623288,20.342686955,0.676060903
050400011202,2010,48.398436734,20.08280365,0.720021957
050400011202,2011,78.4175112,29.610376636,0.758648351
050400011202,2012,51.15896092,20.927601751,0.735960096
050400011202,2013,78.148885734,28.600234801,0.785857807
050400011202,2014,45.465427283,21.051972944,0.748238038
050400011202,2015,54.177093438,21.637557058,0.763174807
050400011202,2016,46.28643194,20.33338296,0.730429167
050400011202,2017,51.965807028,21.524828258,0.767226045
050400011202,2018,71.286799254,26.798096447,0.755210164
050400011202,2019,65.698438172,26.249807775,0.728184795
050400011203,2010,34.481464356,16.572098417,0.692033391
050400011203,2011,63.393228035,24.76754445,0.743377738
050400011203,2012,39.008312056,17.664843016,0.725995058
050400011203,2013,68.486010591,26.834780567,0.780472661
050400011203,2014,33.011632833,17.11768436,0.736832129
050400011203,2015,45.08569261,19.811137206,0.741393503
050400011203,2016,33.717129436,16.819442374,0.712028364
050400011203,2017,46.376726686,20.599733403,0.755676126
050400011203,2018,60.482061677,23.961711644,0.748533399
050400011203,2019,50.993448652,20.544848747,0.702756305
050400011204,2010,35.837939311,16.315265953,0.683849044
050400011204,2011,59.644275337,23.289722947,0.737170682
050400011204,2012,40.089240658,17.623490877,0.708208977
050400011204,2013,61.345165428,24.727863976,0.759223808
050400011204,2014,41.25075624,19.824901858,0.723910477
050400011204,2015,43.75672535,18.695157825,0.725412822
050400011204,2016,35.894491194,17.413762609,0.702852658
050400011204,2017,43.454328678,18.55742198,0.736710815
050400011204,2018,62.682670219,23.97293691,0.738733404
050400011204,2019,51.853876338,22.619592864,0.713663338
050400011301,2010,30.210490553,22.206040948,0.655622259
050400011301,2011,34.837433953,22.875704527,0.66621035
050400011301,2012,23.801251878,17.640731816,0.627822651
050400011301,2013,31.356282157,24.687545769,0.699691999
050400011301,2014,27.134528205,21.530849653,0.674520499
050400011301,2015,29.805589354,22.957516799,0.698659277
050400011301,2016,24.194697045,19.327299368,0.640162518
050400011301,2017,32.898109827,23.975007555,0.684674579
050400011301,2018,39.964352378,26.228219655,0.682039648
050400011301,2019,32.207631254,21.380190368,0.638207163
050400011302,2010,32.525294307,23.730028116,0.639907383
050400011302,2011,37.305148365,25.618467826,0.657023956
050400011302,2012,24.225869234,18.894507938,0.607717103
050400011302,2013,34.897103085,27.761647232,0.694960533
050400011302,2014,27.634084754,22.687518812,0.660573387
050400011302,2015,30.095671524,23.670404131,0.682904896
050400011302,2016,23.929334214,19.806769625,0.618985538
050400011302,2017,36.278194471,27.022456948,0.671575633
050400011302,2018,41.527159154,28.601449102,0.669231505
050400011302,2019,33.472200847,23.493293534,0.626949119
050400011303,2010,32.642912672,21.404800767,0.654159264
050400011303,2011,39.544139579,22.128531938,0.659194107
050400011303,2012,21.962727371,15.051063147,0.598329762
050400011303,2013,34.438879273,24.459345959,0.701123069
050400011303,2014,28.076380432,19.700454702,0.656306801
050400011303,2015,27.992460769,18.776827892,0.669739441
050400011303,2016,25.085352104,17.492299022,0.614316506
050400011303,2017,33.032482336,22.213440108,0.676776374
050400011303,2018,43.870805322,24.41861571,0.670569726
050400011303,2019,34.598023145,21.948305844,0.640824232
050400011304,2010,31.949529789,20.690623161,0.632311811
050400011304,2011,35.561466905,21.199898307,0.625443093
050400011304,2012,22.160991404,14.756483947,0.578345748
050400011304,2013,34.708104795,23.973536212,0.675933062
050400011304,2014,28.450923596,20.010891915,0.634005468
050400011304,2015,30.499372679,20.109003066,0.652105533
050400011304,2016,23.569605141,16.736302856,0.58427841
050400011304,2017,34.507588931,23.109184528,0.656475035
050400011304,2018,42.464204925,25.559290481,0.657382331
050400011304,2019,35.293604653,22.456668914,0.616160164
050400011401,2010,32.711166767,21.272792936,0.632937245
050400011401,2011,36.053962603,19.557107117,0.614490421
050400011401,2012,20.923214812,13.996322999,0.592713657
050400011401,2013,30.400280097,21.426347695,0.680255908
050400011401,2014,26.139005182,18.672617784,0.631782764
050400011401,2015,27.665703077,18.201196787,0.653035967
050400011401,2016,24.808703333,17.546768876,0.603315608
050400011401,2017,29.869515414,21.208978818,0.660782833
050400011401,2018,49.320667643,28.070721309,0.682636741
050400011401,2019,35.16962291,22.119192262,0.637380667
050400011402,2010,27.207957479,21.394737073,0.637720568
050400011402,2011,35.208303223,24.900426126,0.661469045
050400011402,2012,19.90048178,16.497306064,0.620646448
050400011402,2013,30.643561113,25.192870111,0.713672728
050400011402,2014,24.22692282,20.740738718,0.665265812
050400011402,2015,20.897992236,17.44548741,0.644525671
050400011402,2016,22.725659926,18.879490628,0.615015448
050400011402,2017,26.389816647,21.837223878,0.677606113
050400011402,2018,40.002487276,27.640774325,0.684047731
050400011402,2019,31.831265078,23.507861627,0.63537279
050400011403,2010,30.062318355,20.136986574,0.629848271
050400011403,2011,35.087588657,20.352714096,0.624028993
050400011403,2012,19.878193553,14.003321545,0.596222776
050400011403,2013,31.607908394,23.166459749,0.689784755
050400011403,2014,25.81357707,19.149025145,0.6388689
050400011403,2015,21.972291564,14.962813979,0.645360567
050400011403,2016,23.057173854,16.867452918,0.599965822
050400011403,2017,26.624978909,19.996581907,0.665926292
050400011403,2018,47.685145969,28.144169262,0.683843423
050400011403,2019,34.533891513,22.927803897,0.640519088
050400011501,2010,23.928546438,10.815634838,0.685714773
050400011501,2011,36.005233807,13.597173291,0.742036549
050400011501,2012,19.565295254,10.225820708,0.677799619
050400011501,2013,29.885006682,13.178979533,0.785099392
050400011501,2014,22.560948187,11.751945531,0.734251312
050400011501,2015,19.293184816,9.24119138,0.716329993
050400011501,2016,20.573134003,10.564663373,0.713429881
050400011501,2017,17.777193879,9.595896392,0.729139646
050400011501,2018,41.908381797,14.257628409,0.752523105
050400011501,2019,30.633418195,13.277142019,0.70227849
050400011502,2010,23.062604968,12.303798717,0.694757937
050400011502,2011,33.863512664,16.048003163,0.750323212
050400011502,2012,18.118920863,11.401343803,0.681311933
050400011502,2013,27.248766676,14.927392558,0.791673264
050400011502,2014,21.862743504,13.709607527,0.741739554
050400011502,2015,19.847807016,11.1336267,0.734903047
050400011502,2016,20.853771545,12.579009543,0.716284582
050400011502,2017,17.332019367,11.129870159,0.744515064
050400011502,2018,38.131135972,16.848090308,0.763870749
050400011502,2019,29.588065727,15.84999223,0.700813402
050400011503,2010,19.650890836,7.326340808,0.618819263
050400011503,2011,31.262092687,9.818476957,0.670778896
050400011503,2012,15.436546144,6.464707256,0.614660618
050400011503,2013,26.928227247,10.4805958,0.717497783
050400011503,2014,19.183977275,8.690539392,0.651687877
050400011503,2015,14.598807736,6.067031403,0.623487842
050400011503,2016,15.744281887,6.719828655,0.621606657
050400011503,2017,14.316185797,6.351390544,0.650487827
050400011503,2018,35.963784251,10.528658457,0.695543751
050400011503,2019,23.877594216,9.616844571,0.623831361
050400011504,2010,22.88933969,11.876482081,0.59424905
050400011504,2011,35.763193817,14.674033143,0.65365301
050400011504,2012,18.469397629,10.360400197,0.594730287
050400011504,2013,35.080805546,17.643874788,0.688684571
050400011504,2014,21.704129852,13.585874488,0.634145623
050400011504,2015,17.324678246,9.501746351,0.586678089
050400011504,2016,15.201756524,8.981273884,0.601970851
050400011504,2017,15.929869684,9.966347687,0.641677971
050400011504,2018,40.70850359,16.692939728,0.654553102
050400011504,2019,28.967255054,14.78389953,0.621905967
050400011505,2010,24.445737246,12.490788417,0.594416468
050400011505,2011,38.850555328,15.300852579,0.65416124
050400011505,2012,21.099740995,11.625045731,0.596127764
050400011505,2013,35.822406254,17.806180143,0.679035777
050400011505,2014,23.696480709,14.091487352,0.633965689
050400011505,2015,19.569023615,10.514128392,0.588263724
050400011505,2016,17.853844665,10.224995422,0.603546679
050400011505,2017,20.518723904,11.933285602,0.642033707
050400011505,2018,42.750978525,17.020025792,0.652333465
050400011505,2019,30.245117742,15.303933068,0.62486503
050400011601,2010,29.739131161,5.032432669,0.611238587
050400011601,2011,37.374438749,5.499624384,0.649786098
050400011601,2012,18.495355969,4.538725227,0.614366817
050400011601,2013,33.899152227,6.014223831,0.696536042
050400011601,2014,23.120086716,5.116586153,0.643869116
050400011601,2015,22.494517243,3.937041411,0.633309685
050400011601,2016,19.262859569,4.195693887,0.589933591
050400011601,2017,24.596898915,4.671103823,0.676787769
050400011601,2018,49.292289876,6.5534816,0.688105538
050400011601,2019,30.544566623,5.28074807,0.650906642
050400011602,2010,25.878988494,5.030933898,0.623721225
050400011602,2011,33.990076063,5.544626301,0.670893063
050400011602,2012,18.347410852,4.865216319,0.641687617
050400011602,2013,31.308685647,6.506792202,0.723587333
050400011602,2014,21.077478104,5.195052383,0.66495668
050400011602,2015,20.719745453,4.169725128,0.648538356
050400011602,2016,17.28492237,4.433891016,0.603780739
050400011602,2017,21.80449771,4.845426563,0.698467946
050400011602,2018,45.398723992,6.674552157,0.708538403
050400011602,2019,25.592879252,5.395006856,0.667403676
050400011603,2010,25.1004054,6.533034429,0.623597023
050400011603,2011,34.407469488,7.424714874,0.675588205
050400011603,2012,16.385584385,5.811068089,0.622976051
050400011603,2013,34.729531451,9.159280482,0.703940651
050400011603,2014,22.271821525,6.831655622,0.665049032
050400011603,2015,18.898926391,5.480766363,0.653670945
050400011603,2016,17.680631026,5.561423107,0.603585768
050400011603,2017,19.721107409,6.589502291,0.674306434
050400011603,2018,43.348143236,8.84726207,0.697479774
050400011603,2019,25.698211203,7.672416724,0.647160841
050400011604,2010,28.728574283,6.725735988,0.574502589
050400011604,2011,43.161296974,7.870625636,0.62191352
050400011604,2012,22.192709025,6.321101973,0.567724259
050400011604,2013,41.164951484,9.258537953,0.636492542
050400011604,2014,27.66570981,7.107896085,0.618158162
050400011604,2015,22.260152496,5.36494025,0.583920352
050400011604,2016,22.242761128,5.700594306,0.566174746
050400011604,2017,26.956378072,6.894465006,0.620244231
050400011604,2018,53.084075998,9.416479117,0.637968016
050400011604,2019,32.074951932,8.087145904,0.609169064
050400011701,2010,31.282139156,10.147206079,0.685950958
050400011701,2011,54.881048436,16.537914911,0.715472398
050400011701,2012,30.201139345,8.94758712,0.678108194
050400011701,2013,53.462285564,15.182030527,0.771846508
050400011701,2014,33.609817696,11.122234466,0.738130121
050400011701,2015,36.648905705,10.994415195,0.715521767
050400011701,2016,28.045789436,9.596829995,0.672884265
050400011701,2017,36.102425479,9.908341009,0.75080269
050400011701,2018,59.202711956,15.553917533,0.741273461
050400011701,2019,47.940692343,14.703570387,0.731807094
050400011702,2010,30.73865249,9.973279647,0.684400112
050400011702,2011,54.722580646,16.362383445,0.71575514
050400011702,2012,29.930611567,8.808333793,0.678134406
050400011702,2013,51.281264641,14.925508362,0.770927786
050400011702,2014,32.933854777,10.920805899,0.737925408
050400011702,2015,34.293329322,10.797816746,0.715497653
050400011702,2016,26.736401021,9.389837972,0.66932479
050400011702,2017,36.283479035,9.712516615,0.750967169
050400011702,2018,56.404148287,15.294368222,0.740191334
050400011702,2019,46.075318604,14.49022577,0.731472217
050400011703,2010,22.933290128,7.266169195,0.628514433
050400011703,2011,41.622101513,9.82486681,0.669746437
050400011703,2012,24.31334956,6.546734518,0.646500559
050400011703,2013,38.300192296,9.699783782,0.702598764
050400011703,2014,23.620720634,7.858680889,0.666081776
050400011703,2015,27.201554274,6.739383931,0.654550092
050400011703,2016,20.288588857,6.226722758,0.632658363
050400011703,2017,25.943192808,6.39113227,0.683994193
050400011703,2018,42.370915185,9.449262629,0.676930105
050400011703,2019,34.876885155,8.996319998,0.677069807
050400011704,2010,38.245229399,7.3342519,0.62178678
050400011704,2011,62.525682751,12.222087705,0.650329617
050400011704,2012,40.149596043,7.494329482,0.621714761
050400011704,2013,56.727901622,10.52548123,0.685610059
050400011704,2014,39.663175396,8.837989371,0.64843045
050400011704,2015,40.359172725,7.621806996,0.625331915
050400011704,2016,37.192700061,7.497706263,0.613492575
050400011704,2017,44.555378152,7.063471984,0.664785871
050400011704,2018,62.502980519,12.186490626,0.666008402
050400011704,2019,52.866194546,11.220151575,0.652363024
050400011801,2010,38.252029283,8.105500804,0.686385461
050400011801,2011,44.613446363,10.653182574,0.699497634
050400011801,2012,29.443006357,7.489337434,0.677566947
050400011801,2013,39.074637218,7.862119888,0.730676882
050400011801,2014,29.417060887,7.97356097,0.703159651
050400011801,2015,28.49066788,6.270828964,0.675316927
050400011801,2016,25.392933641,6.667261176,0.666496286
050400011801,2017,33.322951122,5.582893599,0.735347257
050400011801,2018,56.667211323,11.837098742,0.735208213
050400011801,2019,42.978763465,10.134155163,0.711322548
050400011802,2010,35.917107258,7.751446812,0.646141156
050400011802,2011,52.449716973,10.452687944,0.672481406
050400011802,2012,33.293491427,7.356059884,0.642171701
050400011802,2013,47.498756447,9.120550175,0.707903777
050400011802,2014,33.091450807,8.124054017,0.672203128
050400011802,2015,31.267232863,6.628441315,0.634137263
050400011802,2016,27.409641204,6.257110821,0.62111754
050400011802,2017,37.323314832,6.618514223,0.693923585
050400011802,2018,63.815794391,12.679334489,0.705834178
050400011802,2019,44.870413252,10.206504401,0.67668335
050400011803,2010,35.339717438,7.454014061,0.634065137
050400011803,2011,49.556423681,9.753773445,0.699907642
050400011803,2012,34.852213547,7.994532719,0.675851721
050400011803,2013,44.2811328,9.389634178,0.700493153
050400011803,2014,30.351231217,7.114195166,0.681999636
050400011803,2015,34.290501819,6.342167431,0.675353576
050400011803,2016,27.647293675,7.056469791,0.63711583
050400011803,2017,31.319966084,5.504692975,0.673849765
050400011803,2018,56.758289395,11.071963593,0.70586862
050400011803,2019,46.010570049,10.348697454,0.697286847
050400011804,2010,39.859091294,8.81125457,0.642702138
050400011804,2011,48.88619832,10.839798751,0.675462775
050400011804,2012,38.91828406,8.84961308,0.660834801
050400011804,2013,44.710791395,9.975252925,0.697812965
050400011804,2014,32.426861577,8.566267227,0.674951891
050400011804,2015,35.215296128,7.532347412,0.656440708
050400011804,2016,29.154808776,7.35607252,0.632560425
050400011804,2017,35.549115923,7.082029893,0.683649948
050400011804,2018,59.598770036,12.979298841,0.707691712
050400011804,2019,48.901640088,11.579426195,0.685242311
050400011901,2010,36.368716181,7.363191496,0.638744214
050400011901,2011,52.130598333,9.63933326,0.701405504
050400011901,2012,37.537619971,7.86749385,0.677687709
050400011901,2013,49.452698972,9.257981929,0.702165227
050400011901,2014,32.883047538,6.979486745,0.683517458
050400011901,2015,37.148184242,6.230768457,0.679175654
050400011901,2016,31.696602105,6.980559497,0.643721963
050400011901,2017,33.640988283,5.342142156,0.675727749
050400011901,2018,58.331550201,10.926790839,0.70648181
050400011901,2019,50.441574166,10.21024665,0.699234482
050400011902,2010,35.305584619,7.301634061,0.638633094
050400011902,2011,54.909599728,9.577814333,0.703594138
050400011902,2012,36.040073023,7.787980614,0.671197668
050400011902,2013,51.09113261,9.152074143,0.702048806
050400011902,2014,31.259752584,6.893635673,0.678363663
050400011902,2015,40.556925241,6.178147351,0.680195809
050400011902,2016,36.668536591,6.983576865,0.648565192
050400011902,2017,33.590879622,5.284348505,0.675027379
050400011902,2018,62.078747676,10.845416442,0.707457739
050400011902,2019,52.685929055,10.104981201,0.696397094
050400011903,2010,35.747629851,7.501928772,0.640416723
050400011903,2011,52.392341008,9.793040504,0.704195531
050400011903,2012,36.374748823,7.985499554,0.676840886
050400011903,2013,50.423190828,9.460995473,0.703748057
050400011903,2014,31.909276696,7.115473993,0.682524245
050400011903,2015,37.440066052,6.372178681,0.680573246
050400011903,2016,34.353223365,7.169577875,0.649444336
050400011903,2017,32.195362739,5.49565339,0.675446098
050400011903,2018,59.282299684,11.116721746,0.708834041
050400011903,2019,52.776303538,10.396267398,0.700878096
050400011904,2010,38.352028125,7.676955626,0.629354163
050400011904,2011,50.672082314,9.422590512,0.679975932
050400011904,2012,40.426521666,7.581703357,0.658754631
050400011904,2013,43.747836501,8.502351714,0.680880039
050400011904,2014,35.128308459,7.206960286,0.667897812
050400011904,2015,38.934091181,6.359460556,0.660484194
050400011904,2016,34.332839613,6.738687683,0.634520843
050400011904,2017,31.828064054,5.508706851,0.658115648
050400011904,2018,56.065792509,10.733642471,0.697629565
050400011904,2019,51.267107612,10.201712696,0.677549259
050400020101,2010,13.121435512,4.478169336,0.615143076
050400020101,2011,30.459792341,6.76227121,0.648048536
050400020101,2012,16.211881163,5.573776653,0.621554688
050400020101,2013,27.083740704,7.388207532,0.684390817
050400020101,2014,11.979040089,4.845764971,0.651745388
050400020101,2015,12.632010044,4.552258418,0.619522606
050400020101,2016,10.01734367,3.708604589,0.607900326
050400020101,2017,15.658881639,4.573136076,0.646121372
050400020101,2018,19.342386017,6.740191791,0.653304589
050400020101,2019,19.194810319,5.653743134,0.638162138
050400020102,2010,16.192368462,3.632495498,0.592416714
050400020102,2011,34.923143562,5.678844296,0.624955203
050400020102,2012,20.096423477,4.303136081,0.607042143
050400020102,2013,31.302465448,5.949962495,0.657186418
050400020102,2014,17.427066697,4.770210475,0.639375488
050400020102,2015,19.15942856,3.813484191,0.599815024
050400020102,2016,14.433496309,3.043766238,0.589754323
050400020102,2017,21.850770991,3.714834401,0.626780922
050400020102,2018,24.011109402,5.355351537,0.631095997
050400020102,2019,22.697642622,4.471505049,0.613199907
050400020103,2010,21.031155005,7.436139418,0.725097882
050400020103,2011,40.429175582,10.96892746,0.754633138
050400020103,2012,25.960759256,9.994089499,0.720504707
050400020103,2013,35.144287703,10.548325449,0.793578416
050400020103,2014,22.122846089,9.976531386,0.774163718
050400020103,2015,20.395417323,7.611110832,0.753665903
050400020103,2016,20.759654943,8.012018286,0.757743714
050400020103,2017,26.377862671,9.170866154,0.765318927
050400020103,2018,32.465122812,11.264616442,0.750259427
050400020103,2019,28.969201834,10.001291436,0.744861354
050400020104,2010,10.93429547,1.812285927,0.545471228
050400020104,2011,26.504118169,3.831075081,0.596195841
050400020104,2012,13.933199478,2.446790825,0.579746281
050400020104,2013,25.232021049,4.031652521,0.64076586
050400020104,2014,13.093780133,3.674776319,0.609300954
050400020104,2015,9.605650421,2.465004698,0.567677142
050400020104,2016,11.532615826,1.877098518,0.557402716
050400020104,2017,16.946498536,2.266853714,0.605795223
050400020104,2018,20.141555551,3.496531761,0.638396548
050400020104,2019,17.486045952,3.177863685,0.579590163
050400020105,2010,15.533796234,3.739843146,0.604117076
050400020105,2011,34.934593499,6.432984358,0.65760875
050400020105,2012,20.06353579,4.975291882,0.623607744
050400020105,2013,32.133068249,6.30860142,0.690625215
050400020105,2014,17.793519816,5.8061888,0.661444079
050400020105,2015,15.510830685,4.219313381,0.620975294
050400020105,2016,15.862948804,3.849180064,0.617737735
050400020105,2017,22.981088078,4.544245466,0.6574966
050400020105,2018,27.388920165,6.144412365,0.678269641
050400020105,2019,22.732175528,5.438400759,0.630655416
050400020201,2010,18.8491502,8.124581396,0.552778368
050400020201,2011,32.693790638,12.94886256,0.585297066
050400020201,2012,15.825883323,8.806974982,0.550119396
050400020201,2013,28.046635694,13.752512217,0.629379706
050400020201,2014,18.512699428,10.972789658,0.604305726
050400020201,2015,14.654706204,8.214737297,0.582978531
050400020201,2016,16.755052211,9.126927,0.553991384
050400020201,2017,19.783509203,10.305127119,0.600422982
050400020201,2018,28.247221609,13.638206886,0.615273653
050400020201,2019,26.408049422,13.02834585,0.588682141
050400020202,2010,13.397001425,4.665672172,0.548966866
050400020202,2011,24.958226794,7.67041495,0.583694553
050400020202,2012,10.942597183,4.976977795,0.548409039
050400020202,2013,20.86195712,8.321304985,0.622253822
050400020202,2014,14.008400156,7.027516856,0.598831261
050400020202,2015,12.797829579,6.124507848,0.582693542
050400020202,2016,12.072930416,5.402997999,0.550283876
050400020202,2017,13.987730704,5.841314005,0.593780047
050400020202,2018,20.643999753,7.837140633,0.607688683
050400020202,2019,21.465996285,8.3127491,0.585118529
050400020203,2010,30.839436726,13.926440009,0.558020497
050400020203,2011,45.544524481,18.924237049,0.595679591
050400020203,2012,28.119357668,14.118708257,0.560747337
050400020203,2013,38.390862993,17.892354804,0.609278109
050400020203,2014,30.761741737,16.372740666,0.604601872
050400020203,2015,29.951141847,14.846770959,0.568654477
050400020203,2016,27.179405374,13.972765635,0.553218916
050400020203,2017,31.621538823,15.525951051,0.575192767
050400020203,2018,36.923804094,16.814059131,0.596010661
050400020203,2019,35.728955355,16.693007344,0.577447648
050400020204,2010,21.922289325,10.843910658,0.548689065
050400020204,2011,34.642664429,13.43811285,0.580664136
050400020204,2012,21.624021632,11.329748562,0.556038462
050400020204,2013,32.756900686,14.479388142,0.60854146
050400020204,2014,24.740727507,13.845530178,0.607382492
050400020204,2015,24.252042649,12.670836196,0.57012315
050400020204,2016,19.57386463,10.866717851,0.533341481
050400020204,2017,24.030826025,12.599116742,0.578184614
050400020204,2018,30.40620687,13.295335687,0.602322559
050400020204,2019,33.105603491,14.684953981,0.582626155
050400020205,2010,14.363723662,8.497829258,0.59401283
050400020205,2011,27.168792137,14.255134393,0.631024094
050400020205,2012,15.282943125,10.098158344,0.611757898
050400020205,2013,27.901195018,15.950428192,0.675755856
050400020205,2014,19.558163924,13.499218327,0.668123599
050400020205,2015,18.973389729,12.648226347,0.657428163
050400020205,2016,14.219273978,9.691774572,0.616520564
050400020205,2017,17.810490232,11.71641657,0.656981316
050400020205,2018,22.800667251,14.171224437,0.6514605
050400020205,2019,29.319876461,17.124814775,0.637949191
050400020301,2010,15.990063119,3.055992284,0.542810963
050400020301,2011,32.008529407,4.570651394,0.578984279
050400020301,2012,14.793428011,3.124884819,0.539714045
050400020301,2013,25.714583706,4.147305828,0.601497602
050400020301,2014,17.758128882,4.353582821,0.601563591
050400020301,2015,17.473170042,3.583356816,0.560297058
050400020301,2016,12.84435835,3.141577911,0.537872474
050400020301,2017,18.125922385,3.606660749,0.564651319
050400020301,2018,20.16080279,3.679557051,0.564081801
050400020301,2019,20.896241152,3.795353413,0.556064416
050400020302,2010,27.290221867,8.745219194,0.647862473
050400020302,2011,44.664642138,12.165237813,0.658107658
050400020302,2012,25.540655102,9.288280697,0.621617525
050400020302,2013,40.78736167,10.454658294,0.696372926
050400020302,2014,28.004260767,10.059857216,0.701909503
050400020302,2015,34.041340458,10.438257596,0.698053212
050400020302,2016,27.527856213,9.517422643,0.671515582
050400020302,2017,33.340261426,10.445520022,0.685010914
050400020302,2018,37.389633017,11.870780385,0.670259807
050400020302,2019,38.972239505,11.929497369,0.647829555
050400020303,2010,25.785476275,5.357059241,0.571501603
050400020303,2011,43.165756737,7.232555175,0.604679537
050400020303,2012,24.800543101,5.559064928,0.568777737
050400020303,2013,38.211719603,6.894312649,0.626308717
050400020303,2014,29.570843574,7.026937002,0.627488452
050400020303,2015,30.318426814,6.148297537,0.598172882
050400020303,2016,24.705508103,5.71420428,0.571237108
050400020303,2017,33.447710629,6.458340969,0.599828882
050400020303,2018,34.054144421,6.572083854,0.595214282
050400020303,2019,34.518099278,6.742459797,0.58581725
050400020401,2010,27.38877193,7.042963694,0.722541395
050400020401,2011,45.894473484,11.025179328,0.741255279
050400020401,2012,26.473439659,8.536590077,0.711105229
050400020401,2013,40.790215724,9.564929074,0.771951638
050400020401,2014,28.39196195,8.684872479,0.770242115
050400020401,2015,34.12329322,8.527083274,0.780833828
050400020401,2016,28.665223747,8.164092849,0.745679857
050400020401,2017,34.458740467,8.400965934,0.767263065
050400020401,2018,38.23737863,10.045399553,0.74888082
050400020401,2019,39.94739824,11.007363271,0.736488255
050400020402,2010,24.262252294,5.727334665,0.700782196
050400020402,2011,45.719771289,9.853903226,0.742602441
050400020402,2012,27.442241062,7.158256839,0.720307952
050400020402,2013,40.919214536,9.184245711,0.762399791
050400020402,2014,30.477764202,7.86828489,0.759155674
050400020402,2015,32.523082539,6.273151246,0.756325891
050400020402,2016,26.564324243,6.231182377,0.727558862
050400020402,2017,32.421895067,5.921218906,0.756971447
050400020402,2018,34.563689789,8.004860289,0.753531682
050400020402,2019,38.434231384,9.283093598,0.735287275
050400020403,2010,26.400297679,4.530834516,0.716255455
050400020403,2011,48.815063497,7.459395476,0.742393114
050400020403,2012,24.712552603,5.740332839,0.69715665
050400020403,2013,42.696639084,6.527333889,0.766850732
050400020403,2014,27.260498658,6.230054591,0.746590184
050400020403,2015,33.489641807,5.267957968,0.772719195
050400020403,2016,26.140282528,5.094332235,0.724621921
050400020403,2017,32.087234131,4.770026584,0.764421774
050400020403,2018,37.125561147,6.130277995,0.74789356
050400020403,2019,37.230090538,7.44368859,0.729326507
050400020404,2010,24.951820374,5.368300295,0.72461301
050400020404,2011,43.959168795,7.37246776,0.75878628
050400020404,2012,25.242208613,6.98916042,0.71968585
050400020404,2013,41.550336961,7.984428833,0.778357601
050400020404,2014,27.356812105,6.998826192,0.77249984
050400020404,2015,30.758851689,5.938486315,0.787735415
050400020404,2016,26.124640405,5.761533304,0.748503252
050400020404,2017,30.18514017,5.188382761,0.780811876
050400020404,2018,36.29263055,6.329642691,0.764502163
050400020404,2019,33.768746533,7.939261323,0.741922874
050400020405,2010,21.411340201,5.164521854,0.705671406
050400020405,2011,42.389933029,8.879802711,0.746236927
050400020405,2012,24.445554242,6.564901948,0.717118907
050400020405,2013,37.656794659,8.174544796,0.764931982
050400020405,2014,27.573322135,7.122259767,0.758108493
050400020405,2015,28.602705035,5.745755772,0.763562201
050400020405,2016,22.148884272,5.630931039,0.726351188
050400020405,2017,27.302253158,5.333656927,0.76181937
050400020405,2018,32.274677055,7.181198049,0.754344228
050400020405,2019,33.676813472,8.495362984,0.734283075
050400020501,2010,22.186756141,4.365931078,0.586054134
050400020501,2011,33.386795569,5.990261324,0.611058404
050400020501,2012,23.092426925,5.670765755,0.592798547
050400020501,2013,34.732059337,6.522335815,0.652010232
050400020501,2014,18.228963497,5.279450112,0.623373603
050400020501,2015,18.866151303,4.66779041,0.609456298
050400020501,2016,17.551349472,4.513735113,0.583808431
050400020501,2017,27.744495942,5.5013235,0.618992296
050400020501,2018,34.359247995,7.363921359,0.632740859
050400020501,2019,25.752610402,6.060110257,0.615894528
050400020502,2010,23.941162542,5.464064411,0.593523649
050400020502,2011,37.841506944,7.977492373,0.617372762
050400020502,2012,23.852123944,6.671525192,0.608654601
050400020502,2013,41.246740967,7.899714568,0.678574485
050400020502,2014,22.488701646,6.726609409,0.649690434
050400020502,2015,23.344416997,5.714996049,0.642699265
050400020502,2016,20.986177855,5.510415462,0.600561919
050400020502,2017,28.322988473,6.534708793,0.639875367
050400020502,2018,38.251484032,9.461078634,0.648377698
050400020502,2019,30.970767861,7.486414667,0.635912157
050400020503,2010,22.945734621,7.195844373,0.584915396
050400020503,2011,40.187149052,10.376501244,0.606489051
050400020503,2012,23.548955711,8.102350304,0.593830451
050400020503,2013,41.897957855,10.530175993,0.669749882
050400020503,2014,28.79062349,9.373471134,0.647325077
050400020503,2015,26.864372879,7.896774081,0.637327685
050400020503,2016,21.24563636,6.914466915,0.581353963
050400020503,2017,25.826327832,8.09415412,0.625400101
050400020503,2018,38.369748866,12.241825673,0.637960694
050400020503,2019,34.949040373,9.866974643,0.620080071
050400020601,2010,17.494945511,4.854730479,0.626225528
050400020601,2011,33.639495765,8.287270909,0.652984624
050400020601,2012,16.762649255,5.816222456,0.650889795
050400020601,2013,27.842752726,6.523684106,0.709571409
050400020601,2014,16.860411743,6.769466577,0.676472237
050400020601,2015,13.957960623,4.466679267,0.650623133
050400020601,2016,15.527759892,4.759512427,0.635293035
050400020601,2017,21.808895678,6.506865829,0.680195575
050400020601,2018,29.076708484,9.451763778,0.669274313
050400020601,2019,21.798902495,6.466862162,0.662601251
050400020602,2010,18.685811615,2.835279921,0.593873743
050400020602,2011,37.175887635,5.718671229,0.624917897
050400020602,2012,18.991972731,3.752091709,0.605218306
050400020602,2013,31.60298031,4.266366313,0.66958902
050400020602,2014,18.626919463,4.592646884,0.644389086
050400020602,2015,13.96582859,2.619849139,0.600803905
050400020602,2016,16.968935472,2.932402354,0.57835145
050400020602,2017,25.010635564,3.917956169,0.650356065
050400020602,2018,31.09944533,6.283427102,0.641385584
050400020602,2019,23.388909505,4.398554027,0.618685402
050400020603,2010,20.619297135,4.449211741,0.627274933
050400020603,2011,32.982525812,7.578010167,0.651958259
050400020603,2012,16.906023198,5.667523333,0.651206682
050400020603,2013,31.283078863,5.722597284,0.720877026
050400020603,2014,17.181160629,5.700662192,0.687816641
050400020603,2015,14.08108007,4.219994272,0.67740964
050400020603,2016,16.625411707,4.539548121,0.648746331
050400020603,2017,20.88978075,5.329347983,0.68025387
050400020603,2018,29.822264073,7.39198523,0.677602724
050400020603,2019,25.477150618,6.782451894,0.672217615
050400020604,2010,9.198399267,0.25158502,0.53644964
050400020604,2011,24.349823486,2.021272503,0.571347409
050400020604,2012,10.220437747,1.192207071,0.538616533
050400020604,2013,21.383954467,1.848675607,0.608858322
050400020604,2014,11.422030728,1.6691989,0.59307518
050400020604,2015,11.614056511,0.93147014,0.560973147
050400020604,2016,7.460726281,0.382474297,0.513068149
050400020604,2017,9.793840396,0.606841092,0.55808248
050400020604,2018,17.500208263,1.749657233,0.594721389
050400020604,2019,19.886699188,1.999338839,0.565583207
050400020605,2010,29.122407154,2.69968045,0.589408229
050400020605,2011,44.659083105,5.150457429,0.615582095
050400020605,2012,27.425501405,3.754833803,0.600276187
050400020605,2013,45.589588136,4.311020685,0.668583565
050400020605,2014,27.717932761,4.122359552,0.641959585
050400020605,2015,27.067963823,2.96289318,0.625479748
050400020605,2016,24.570706506,2.829684899,0.584364969
050400020605,2017,30.840155047,3.393611914,0.62371633
050400020605,2018,38.713264575,5.01299809,0.638350649
050400020605,2019,37.098255165,4.765232539,0.625033814
050400020606,2010,16.760512563,2.936451719,0.587900126
050400020606,2011,34.715345552,5.48477486,0.620703022
050400020606,2012,18.942998278,4.041040583,0.595195014
050400020606,2013,32.845842444,4.64880582,0.672177012
050400020606,2014,23.49488174,4.474694704,0.651099635
050400020606,2015,20.350368362,3.32361132,0.630503595
050400020606,2016,16.262064427,3.06467828,0.583194948
050400020606,2017,19.308592951,3.660556292,0.62534398
050400020606,2018,29.719948136,5.320038978,0.643984547
050400020606,2019,29.042730713,5.113268036,0.623829576
050400020701,2010,20.873010409,11.772172159,0.569861555
050400020701,2011,42.428110227,16.066304039,0.614719456
050400020701,2012,21.140719507,11.801900876,0.580882336
050400020701,2013,41.331697529,18.196446435,0.635887638
050400020701,2014,27.117697135,15.964119649,0.629099923
050400020701,2015,26.395408833,14.630523797,0.616843365
050400020701,2016,20.874309604,11.666731393,0.575738197
050400020701,2017,24.959733044,13.878299538,0.615422853
050400020701,2018,40.05497421,18.598156321,0.644060899
050400020701,2019,39.001250738,18.346326894,0.608984839
050400020702,2010,23.357395282,10.274692195,0.603882498
050400020702,2011,43.162690572,14.440517791,0.653127072
050400020702,2012,23.616018621,10.895465235,0.623576489
050400020702,2013,42.31173583,15.416679074,0.678694351
050400020702,2014,29.246926176,13.798574595,0.665762696
050400020702,2015,29.16402909,12.670350144,0.66986196
050400020702,2016,21.628683398,10.778531168,0.621280952
050400020702,2017,26.926804454,11.850629619,0.655226822
050400020702,2018,38.988879598,15.383694867,0.667666668
050400020702,2019,37.460660454,15.345307105,0.636183735
050400020703,2010,24.490619575,13.191595055,0.607345595
050400020703,2011,44.976016653,17.871607027,0.655151091
050400020703,2012,24.465862828,13.773607427,0.625447124
050400020703,2013,43.634876267,19.296461281,0.677701153
050400020703,2014,29.500900572,17.175049194,0.667782175
050400020703,2015,30.166896279,16.41131248,0.670552777
050400020703,2016,24.786107319,14.602745958,0.626595947
050400020703,2017,29.24883212,15.912650508,0.657957011
050400020703,2018,42.070083035,19.681913265,0.671390576
050400020703,2019,39.088889199,18.788922491,0.638263813
050400020801,2010,21.876174069,5.887379919,0.669053339
050400020801,2011,39.108500382,8.327866482,0.712934738
050400020801,2012,27.284249864,7.638914391,0.700420677
050400020801,2013,41.62898642,8.473888371,0.75042097
050400020801,2014,29.06079265,8.368839701,0.750189731
050400020801,2015,30.296814805,7.338024604,0.747582109
050400020801,2016,23.309898244,6.725279904,0.712638646
050400020801,2017,27.620952459,6.69766437,0.731061099
050400020801,2018,34.197886148,7.97059692,0.712954573
050400020801,2019,36.240059684,9.281735126,0.697270124
050400020802,2010,24.260780007,6.889630455,0.679163276
050400020802,2011,42.848540769,9.610417181,0.72521013
050400020802,2012,30.321219612,8.763718879,0.708155503
050400020802,2013,45.486520474,10.190281809,0.753133759
050400020802,2014,33.672213055,9.763201712,0.754477423
050400020802,2015,34.023470551,8.550927529,0.750699484
050400020802,2016,26.889809892,8.001468838,0.71954927
050400020802,2017,32.17238102,8.315404911,0.735250341
050400020802,2018,38.228680854,9.448845396,0.720933599
050400020802,2019,38.507244491,10.302799566,0.708538183
050400020803,2010,25.455479058,5.998291277,0.66213252
050400020803,2011,43.443806945,8.186240671,0.706068646
050400020803,2012,28.71205451,7.490877784,0.685018334
050400020803,2013,45.124098581,8.153656398,0.734196886
050400020803,2014,32.025741921,8.085590817,0.732562194
050400020803,2015,32.406184665,7.064118072,0.733216731
050400020803,2016,26.378209444,6.737417223,0.697139357
050400020803,2017,31.29362449,6.607245424,0.717756113
050400020803,2018,39.765590947,7.799931844,0.706942173
050400020803,2019,37.249498103,8.910130711,0.687799724
050400020804,2010,27.497868578,7.00754244,0.643198982
050400020804,2011,49.333441921,10.743505526,0.674665052
050400020804,2012,25.781089243,6.824237066,0.653005933
050400020804,2013,48.77356962,10.11811907,0.701653755
050400020804,2014,34.863496987,8.771277088,0.707953314
050400020804,2015,32.369141838,7.374187958,0.710097142
050400020804,2016,30.413960871,7.387236129,0.670100257
050400020804,2017,34.210399529,7.532123839,0.693832641
050400020804,2018,47.23254497,10.043622451,0.708844758
050400020804,2019,45.706825497,12.044152824,0.670612773
050400020805,2010,27.72127055,7.662080804,0.666084474
050400020805,2011,43.791417646,10.046358754,0.692559019
050400020805,2012,25.374666281,7.425560879,0.66383648
050400020805,2013,43.503973022,10.057552007,0.705900269
050400020805,2014,32.223932187,8.597196699,0.725110451
050400020805,2015,32.329299203,8.103690357,0.729046175
050400020805,2016,26.26640709,7.590903118,0.685887537
050400020805,2017,35.056060484,7.548193163,0.710103972
050400020805,2018,45.413740202,9.622339723,0.723418081
050400020805,2019,42.717221738,11.920153167,0.688536067
050400020806,2010,29.729446492,7.807366032,0.663702448
050400020806,2011,47.42953294,10.477091737,0.699599515
050400020806,2012,26.538319086,7.579355018,0.665179171
050400020806,2013,43.31068823,10.362370181,0.706617751
050400020806,2014,31.427135096,8.909837112,0.726310545
050400020806,2015,36.435039997,8.437590393,0.73390923
050400020806,2016,27.069402178,7.956106939,0.688268279
050400020806,2017,34.428418645,7.830370009,0.710761339
050400020806,2018,45.228209759,9.960845319,0.724276424
050400020806,2019,44.958738175,12.288508236,0.693878039
050400030101,2010,38.563037304,21.558547021,0.649936508
050400030101,2011,54.696264271,22.948161562,0.669867317
050400030101,2012,36.463345929,20.134499017,0.634746902
050400030101,2013,54.652765404,26.776682673,0.700839716
050400030101,2014,44.067961571,25.472157521,0.703067446
050400030101,2015,49.928105389,25.383633213,0.68657641
050400030101,2016,41.372065645,24.63360013,0.682070401
050400030101,2017,55.769918001,28.308923931,0.692954811
050400030101,2018,52.605642175,25.919029028,0.683679655
050400030101,2019,49.922438121,24.431817206,0.656327235
050400030102,2010,42.864806948,27.04567224,0.657484907
050400030102,2011,67.389259776,33.210423,0.707261438
050400030102,2012,39.967637724,27.434779024,0.674186914
050400030102,2013,57.889856516,34.842178098,0.731805061
050400030102,2014,44.071725415,30.301400144,0.715940963
050400030102,2015,49.395066069,32.026140117,0.725424319
050400030102,2016,43.286680096,30.901849904,0.706374124
050400030102,2017,60.350553496,36.264177714,0.720420833
050400030102,2018,55.397828399,33.439762389,0.711081696
050400030102,2019,57.616795006,33.496270317,0.682119346
050400030103,2010,37.800824527,24.898221674,0.619727049
050400030103,2011,61.969249775,32.652881414,0.669550614
050400030103,2012,38.447252428,26.715815346,0.639997298
050400030103,2013,55.173359608,33.603884559,0.695219911
050400030103,2014,43.116731306,30.166993326,0.683449271
050400030103,2015,46.322205088,30.71672597,0.688520422
050400030103,2016,39.893445833,28.815092567,0.669110094
050400030103,2017,57.62274077,35.842899186,0.687880667
050400030103,2018,56.306956067,35.26340909,0.684896649
050400030103,2019,56.197790007,34.619067053,0.655935736
050400030201,2010,30.747167319,21.910105248,0.579422716
050400030201,2011,49.531421603,27.190644552,0.609206703
050400030201,2012,29.612452166,20.735799577,0.57341527
050400030201,2013,45.927801418,28.362897163,0.620575045
050400030201,2014,42.7058139,29.046472581,0.625463055
050400030201,2015,39.340662848,27.111257223,0.617983969
050400030201,2016,34.646677911,25.215409113,0.6037072
050400030201,2017,47.2167087,30.173894576,0.618914419
050400030201,2018,50.918325953,30.898902061,0.636538455
050400030201,2019,45.13881832,28.402833351,0.602195166
050400030202,2010,26.383794285,18.793335927,0.534845815
050400030202,2011,46.952424016,23.123412159,0.575475135
050400030202,2012,25.394238518,17.341804636,0.550474768
050400030202,2013,41.742726342,25.107034756,0.597853777
050400030202,2014,37.951288647,24.788807386,0.594046995
050400030202,2015,31.433861958,22.159109285,0.591305585
050400030202,2016,31.168176425,21.557609343,0.574286002
050400030202,2017,42.907031437,27.375319433,0.603274156
050400030202,2018,47.333570217,26.735141348,0.613869296
050400030202,2019,44.036038081,26.906400541,0.58099928
050400030203,2010,33.903055693,20.269897901,0.58500177
050400030203,2011,56.743682966,25.007162591,0.628971923
050400030203,2012,32.407411583,20.199759962,0.60781128
050400030203,2013,53.13606174,28.091055935,0.65037331
050400030203,2014,44.678311353,26.175811114,0.657104445
050400030203,2015,40.801068682,25.03058822,0.651114703
050400030203,2016,36.38165228,23.282058156,0.626502616
050400030203,2017,54.259096371,29.680650044,0.649842628
050400030203,2018,56.748581904,29.36960193,0.653041848
050400030203,2019,56.267728126,29.374077233,0.63192207
050400030301,2010,39.244831206,7.553613496,0.667792839
050400030301,2011,63.222845816,9.31159887,0.720328366
050400030301,2012,37.105847839,7.466306918,0.695133849
050400030301,2013,60.746982022,9.30175121,0.729834131
050400030301,2014,47.414277872,8.184866673,0.738012545
050400030301,2015,45.680740273,8.375823404,0.735808322
050400030301,2016,37.909953755,7.946642546,0.722850417
050400030301,2017,56.748139089,8.298649166,0.723038622
050400030301,2018,60.82738628,9.686199664,0.736988437
050400030301,2019,62.073549464,10.544854986,0.708358076
050400030302,2010,47.637474116,12.32649937,0.644282029
050400030302,2011,70.860956192,15.084023593,0.692258765
050400030302,2012,46.494626467,12.643356438,0.669816288
050400030302,2013,69.681103342,15.782403254,0.706095954
050400030302,2014,56.38600435,14.476067357,0.710126226
050400030302,2015,55.533353401,14.504545226,0.707298889
050400030302,2016,48.497354508,13.484686005,0.691564356
050400030302,2017,67.375787798,15.372901901,0.699489576
050400030302,2018,71.716899507,16.677659097,0.712454539
050400030302,2019,72.333486902,17.164078633,0.685326185
050400030303,2010,37.919469003,7.870002966,0.661112403
050400030303,2011,61.935891285,9.686772521,0.713013367
050400030303,2012,37.724429122,7.891081683,0.696390772
050400030303,2013,57.641709475,9.781646092,0.728929297
050400030303,2014,46.209724608,8.591011041,0.736349956
050400030303,2015,45.272267806,8.764207808,0.733893657
050400030303,2016,40.75728726,8.437123402,0.721418685
050400030303,2017,48.708677898,8.661441161,0.717459911
050400030303,2018,56.511791825,10.091910993,0.735692595
050400030303,2019,60.00614965,11.022166525,0.704958274
050400030304,2010,49.363441751,7.004605092,0.682222888
050400030304,2011,71.463710024,8.171169716,0.7234405
050400030304,2012,50.403835443,7.275680088,0.710528384
050400030304,2013,70.252011884,8.41626062,0.742290421
050400030304,2014,55.983371136,7.650091355,0.744068215
050400030304,2015,55.265620333,7.933591297,0.745614997
050400030304,2016,52.172160282,7.647249061,0.732985381
050400030304,2017,64.129710429,7.745769161,0.732537605
050400030304,2018,71.33138007,8.439217036,0.747138497
050400030304,2019,71.643154492,9.453857662,0.716807654
050400030305,2010,42.764751382,5.780311851,0.690484643
050400030305,2011,70.980923528,6.734062897,0.728188181
050400030305,2012,42.415108587,6.421339926,0.713009304
050400030305,2013,63.697415993,6.923751843,0.749760627
050400030305,2014,43.838912904,6.417812601,0.741660252
050400030305,2015,49.948942827,6.951033164,0.751286039
050400030305,2016,44.773888972,6.630516763,0.735360331
050400030305,2017,58.107111881,6.616828532,0.735893392
050400030305,2018,62.161165617,6.5415038,0.749717699
050400030305,2019,61.475211117,7.630581248,0.713815653
050400030306,2010,48.485685205,6.06774029,0.691226057
050400030306,2011,75.313398052,6.968873004,0.72862721
050400030306,2012,48.81101258,6.733529188,0.715541186
050400030306,2013,71.070248035,7.286227761,0.750918756
050400030306,2014,50.433464329,6.770943176,0.744205736
050400030306,2015,56.553817654,7.299314506,0.751898657
050400030306,2016,50.894630222,6.986666567,0.736954033
050400030306,2017,64.272552995,6.979732347,0.736967809
050400030306,2018,72.188775475,6.961722064,0.753060162
050400030306,2019,68.881434417,8.027781399,0.717229518
050400030307,2010,46.907516922,7.646120312,0.672373157
050400030307,2011,71.167015395,9.123616215,0.721295132
050400030307,2012,45.235971242,7.780292161,0.703912085
050400030307,2013,68.38501433,9.345773593,0.737881049
050400030307,2014,54.679019183,8.388623686,0.74184359
050400030307,2015,56.012910797,8.605687448,0.742260013
050400030307,2016,49.314466308,8.291047343,0.728098748
050400030307,2017,57.068495701,8.310795357,0.72478625
050400030307,2018,68.015622619,9.516377088,0.742814607
050400030307,2019,70.699994074,10.423984068,0.710839998
050400030401,2010,33.506862901,10.617859309,0.705734352
050400030401,2011,57.527433866,14.14403797,0.736319816
050400030401,2012,27.670140539,9.934261782,0.682939537
050400030401,2013,56.256193542,13.883731019,0.764858111
050400030401,2014,37.136870403,12.408328566,0.754516269
050400030401,2015,38.076057901,11.981830383,0.758944048
050400030401,2016,33.822905144,12.080358312,0.734303813
050400030401,2017,44.936408938,12.12096573,0.762393208
050400030401,2018,51.123896696,14.473662669,0.771046116
050400030401,2019,49.637644064,14.320635337,0.719664289
050400030402,2010,38.458226399,9.219155685,0.735832357
050400030402,2011,59.643820247,11.909677015,0.756998031
050400030402,2012,31.893205955,8.780886681,0.713744843
050400030402,2013,61.00070246,12.047509961,0.797931394
050400030402,2014,44.572690716,10.991616451,0.792034559
050400030402,2015,42.796709492,10.664029932,0.776607926
050400030402,2016,40.009250873,10.74710566,0.77238694
050400030402,2017,51.280130082,10.787211782,0.779667024
050400030402,2018,58.984783172,12.501611462,0.799800237
050400030402,2019,54.968673229,12.244127175,0.738485846
050400030403,2010,30.82971232,5.842889279,0.678263375
050400030403,2011,47.547320743,7.495880829,0.731678238
050400030403,2012,27.437703596,5.597538133,0.682365712
050400030403,2013,42.158123179,7.098967787,0.741150358
050400030403,2014,34.409210249,6.931742796,0.759819009
050400030403,2015,38.937884617,7.580882996,0.780937224
050400030403,2016,25.841173795,6.301019713,0.713616025
050400030403,2017,30.982716302,5.817809225,0.727873998
050400030403,2018,46.732468993,7.874233032,0.756980033
050400030403,2019,46.343353757,8.208216231,0.738918217
050400030501,2010,22.024834952,13.945646796,0.527116735
050400030501,2011,34.513062412,21.259561461,0.566875981
050400030501,2012,19.777151767,14.20702211,0.531051665
050400030501,2013,40.321235281,27.663745105,0.624740211
050400030501,2014,24.545750222,18.205209563,0.599543691
050400030501,2015,17.610683661,13.245650352,0.559032662
050400030501,2016,17.085671004,13.193240371,0.510841221
050400030501,2017,26.924706068,18.863363624,0.568470115
050400030501,2018,35.790693264,23.521158355,0.588633206
050400030501,2019,32.314919392,22.742334405,0.581892968
050400030502,2010,24.268454715,15.548642946,0.584322953
050400030502,2011,36.498420072,22.710131827,0.611420863
050400030502,2012,24.427166186,17.467805085,0.581893643
050400030502,2013,41.689201999,27.972163148,0.670903714
050400030502,2014,28.196524384,19.801210523,0.651164616
050400030502,2015,23.420635044,17.929391676,0.625927698
050400030502,2016,21.01226543,16.505001596,0.57794362
050400030502,2017,30.154970651,21.662335119,0.6236157
050400030502,2018,37.332508243,24.664416149,0.632856571
050400030502,2019,33.706212741,22.716607404,0.622826251
050400030503,2010,31.079231033,20.639873584,0.683352039
050400030503,2011,46.220932835,27.393022298,0.703143703
050400030503,2012,31.778972817,21.947049409,0.690490279
050400030503,2013,52.056723271,33.101002047,0.765838684
050400030503,2014,41.62747025,27.79101462,0.763156638
050400030503,2015,32.079300465,23.344371114,0.750493992
050400030503,2016,28.709491841,21.246674354,0.702550431
050400030503,2017,32.998748744,23.541735313,0.728207315
050400030503,2018,44.89462142,29.117704929,0.73299309
050400030503,2019,43.395209152,27.328658367,0.718371073
050400030504,2010,29.948938128,19.308572332,0.662890691
050400030504,2011,44.387262209,26.137580733,0.684392446
050400030504,2012,31.18353309,21.550470337,0.674367857
050400030504,2013,51.494827481,32.629477814,0.745042804
050400030504,2014,37.598556937,24.642298095,0.733710302
050400030504,2015,29.599219804,21.676945768,0.7227761
050400030504,2016,26.730847885,20.173923965,0.679258944
050400030504,2017,31.963567352,23.084124961,0.710078641
050400030504,2018,44.916653393,29.125493003,0.715716912
050400030504,2019,40.908179702,26.000256963,0.70126191
050400030505,2010,32.034501856,23.093052934,0.633976859
050400030505,2011,47.938512349,30.917273002,0.662046017
050400030505,2012,32.292376343,23.588565852,0.640175853
050400030505,2013,53.785794813,36.590163349,0.70687068
050400030505,2014,39.911877963,29.203196621,0.692301635
050400030505,2015,29.977773112,23.694510529,0.679625771
050400030505,2016,26.914856191,22.008653642,0.646097839
050400030505,2017,33.213582764,26.286719782,0.675540936
050400030505,2018,46.916886887,32.538437251,0.691118916
050400030505,2019,45.586645927,30.243025995,0.671795869
050400030601,2010,27.327957802,20.694269082,0.582058009
050400030601,2011,40.395187825,26.878470149,0.607989528
050400030601,2012,26.477366321,20.5301784,0.583032606
050400030601,2013,45.99766505,31.17954347,0.648692397
050400030601,2014,30.898668741,24.913168308,0.623168599
050400030601,2015,25.088214523,20.66172755,0.602401894
050400030601,2016,21.365508384,18.77215021,0.569335057
050400030601,2017,27.911401139,23.323332453,0.6043503
050400030601,2018,37.877463066,27.536851111,0.649114602
050400030601,2019,37.367617631,25.635444338,0.61514693
050400030602,2010,23.954410806,17.791090585,0.574304055
050400030602,2011,39.337012245,26.027798927,0.612289243
050400030602,2012,22.415091448,17.118361416,0.575070876
050400030602,2013,40.846626643,27.641181779,0.644411647
050400030602,2014,25.214360859,20.38637308,0.615452137
050400030602,2015,21.516593174,17.659926218,0.595455712
050400030602,2016,17.752723243,15.535702037,0.564564317
050400030602,2017,22.884685291,19.382869879,0.599581955
050400030602,2018,37.098523829,27.009348545,0.648842585
050400030602,2019,38.785644561,25.447626042,0.611684697
050400030603,2010,23.149426146,16.537134088,0.645076436
050400030603,2011,41.367859552,24.0858295,0.683141307
050400030603,2012,26.961757518,18.43618391,0.659305874
050400030603,2013,44.106714633,29.31068407,0.725111725
050400030603,2014,31.976892937,23.008103011,0.717507071
050400030603,2015,27.54556284,20.960683696,0.715215369
050400030603,2016,23.770811236,18.187914824,0.680644509
050400030603,2017,28.378505419,21.861603579,0.702364683
050400030603,2018,38.767535279,26.481388216,0.721120331
050400030603,2019,41.286135521,25.845826797,0.686850496
050400030604,2010,23.67324038,17.205915929,0.611443207
050400030604,2011,40.249407585,26.023229318,0.648014932
050400030604,2012,24.473320587,17.563713444,0.614938586
050400030604,2013,43.436353743,30.443309896,0.687780051
050400030604,2014,28.838667825,21.947573347,0.669591058
050400030604,2015,24.169425709,18.920208139,0.659862447
050400030604,2016,20.348444487,16.461631637,0.62564876
050400030604,2017,24.300497086,19.332884569,0.648872935
050400030604,2018,36.770965867,26.763221794,0.68597394
050400030604,2019,42.443103103,27.572064385,0.655377433
050400030605,2010,26.812525255,16.615445468,0.675175274
050400030605,2011,54.575347649,28.31213358,0.734857219
050400030605,2012,31.234626354,18.393557083,0.694024749
050400030605,2013,53.802125071,29.256846627,0.765371122
050400030605,2014,34.443718884,22.034922668,0.741910243
050400030605,2015,34.36793738,21.060717922,0.745180408
050400030605,2016,27.429749259,17.95792857,0.711581035
050400030605,2017,30.011214864,19.243207218,0.734205679
050400030605,2018,49.235777775,28.796579672,0.759705701
050400030605,2019,48.43642929,25.645580363,0.706958696
050400030606,2010,28.476072985,17.796586032,0.68307889
050400030606,2011,55.125970482,28.74277962,0.735983524
050400030606,2012,32.937129245,19.596696394,0.696631679
050400030606,2013,59.998535481,31.877421218,0.773415781
050400030606,2014,35.862251215,22.804177388,0.748638342
050400030606,2015,36.936248768,23.164499685,0.751234995
050400030606,2016,28.61064586,19.066201073,0.713811788
050400030606,2017,35.752812776,23.344432717,0.749515692
050400030606,2018,54.823510387,32.938504687,0.770748154
050400030606,2019,47.089397578,25.340137887,0.706143262
050400030607,2010,20.288701967,14.892058662,0.602405759
050400030607,2011,38.748126673,23.954096203,0.642437172
050400030607,2012,23.490752713,16.828025035,0.611827787
050400030607,2013,41.797798788,27.61138103,0.679759723
050400030607,2014,27.265685943,20.734051291,0.660223804
050400030607,2015,24.197014714,19.146967087,0.650373685
050400030607,2016,20.72418163,17.094816891,0.616189247
050400030607,2017,25.199583419,20.426670933,0.645094521
050400030607,2018,37.014452548,26.595593919,0.683203301
050400030607,2019,37.416303084,24.186597287,0.63898639
050400030701,2010,30.014598751,18.094863782,0.688523579
050400030701,2011,50.333170568,25.417186873,0.706579353
050400030701,2012,29.767265995,17.387971244,0.668521044
050400030701,2013,47.76904597,26.297808854,0.738058192
050400030701,2014,39.64383962,23.853030066,0.747616317
050400030701,2015,37.703456846,23.874759454,0.768755918
050400030701,2016,31.097551387,20.776875785,0.709789061
050400030701,2017,44.441602237,26.895752471,0.762780431
050400030701,2018,56.155270651,32.503716784,0.77697577
050400030701,2019,46.989100934,26.616387207,0.711263397
050400030702,2010,34.679365039,20.977326687,0.712966698
050400030702,2011,53.236969655,28.758563011,0.737765605
050400030702,2012,34.686667541,20.93359932,0.69945493
050400030702,2013,57.145448233,32.997940172,0.807640613
050400030702,2014,42.290360061,23.898356627,0.75445888
050400030702,2015,41.597442279,25.86975654,0.774169878
050400030702,2016,34.312772036,21.37566715,0.723973927
050400030702,2017,44.23270345,27.754364758,0.78125199
050400030702,2018,59.93704487,35.028790064,0.785507458
050400030702,2019,51.055343296,27.143827315,0.724534467
050400030703,2010,33.001380795,19.720627414,0.703672698
050400030703,2011,52.308264138,28.511033359,0.726041943
050400030703,2012,33.423291539,20.062643583,0.690362528
050400030703,2013,52.764828597,30.92618697,0.786547681
050400030703,2014,41.831578324,24.20909736,0.750779809
050400030703,2015,40.351989425,25.166246424,0.770553064
050400030703,2016,33.091799836,20.894367455,0.717437666
050400030703,2017,45.478296457,28.580884323,0.775599747
050400030703,2018,60.122092664,35.51770471,0.781522839
050400030703,2019,50.489679936,27.868368962,0.717801592
050400030704,2010,32.737170175,19.850736737,0.698575222
050400030704,2011,49.794720166,24.343654431,0.701969303
050400030704,2012,28.942243095,16.196088762,0.669141984
050400030704,2013,47.667995522,25.415105746,0.73841282
050400030704,2014,40.885435698,24.102139983,0.750562602
050400030704,2015,38.319042831,24.075037655,0.77105501
050400030704,2016,29.497943399,19.226169862,0.711014643
050400030704,2017,46.07805377,26.904176091,0.765887861
050400030704,2018,56.84116845,31.528748067,0.77749341
050400030704,2019,46.816335384,25.608769873,0.709719292
050400030705,2010,32.647991549,19.680220204,0.703286352
050400030705,2011,51.581698501,26.638209249,0.71973803
050400030705,2012,29.954361285,17.053356441,0.675855919
050400030705,2013,49.603742117,27.981123689,0.766131132
050400030705,2014,40.283900844,23.444105592,0.751551725
050400030705,2015,39.030394276,24.117885314,0.773031975
050400030705,2016,30.388505351,19.281051818,0.713278496
050400030705,2017,44.724857984,26.833352205,0.772469951
050400030705,2018,57.472369322,32.701022158,0.780339407
050400030705,2019,47.239390556,26.212499383,0.715735306
050400030801,2010,26.907328353,3.470966826,0.68032576
050400030801,2011,45.351468778,6.97832061,0.701125277
050400030801,2012,27.187613048,4.921441257,0.667486692
050400030801,2013,42.200859175,6.054683777,0.729319976
050400030801,2014,35.996058546,5.98984183,0.719629482
050400030801,2015,36.830201288,4.776695498,0.732732011
050400030801,2016,27.673697467,4.905899105,0.684574238
050400030801,2017,34.177882697,3.872187666,0.721985198
050400030801,2018,49.486859523,7.699761046,0.734877553
050400030801,2019,39.019901832,6.482945157,0.688690202
050400030802,2010,25.376938833,4.867681301,0.63187641
050400030802,2011,45.952810948,8.362371381,0.665909364
050400030802,2012,24.810962552,5.382816541,0.630404872
050400030802,2013,42.699571881,7.438794527,0.68729184
050400030802,2014,25.592311899,5.434765172,0.661285324
050400030802,2015,32.997256697,5.90856767,0.677065044
050400030802,2016,22.783322509,4.989393536,0.63086065
050400030802,2017,30.933219575,5.408785261,0.665954146
050400030802,2018,49.451042504,9.218079379,0.699537731
050400030802,2019,35.372933575,6.672166186,0.644994288
050400030803,2010,24.229968745,4.411338247,0.631384026
050400030803,2011,43.596026827,7.767638056,0.666979725
050400030803,2012,24.847360659,4.924694893,0.634247745
050400030803,2013,42.069903657,6.653551031,0.689320258
050400030803,2014,24.736327116,4.885231468,0.660753394
050400030803,2015,33.986053191,5.326025675,0.6813855
050400030803,2016,22.1296724,4.516798778,0.632912682
050400030803,2017,27.566107792,4.710851732,0.665675164
050400030803,2018,50.157681421,8.466670822,0.702711871
050400030803,2019,34.956888345,6.043239785,0.644017602
050400030804,2010,25.291124494,5.098918652,0.6666351
050400030804,2011,44.896765378,8.773136306,0.69516688
050400030804,2012,26.873803007,6.100719615,0.661621165
050400030804,2013,42.35094585,7.973994735,0.723234927
050400030804,2014,31.404841999,7.105519456,0.704483415
050400030804,2015,35.040675742,6.426463717,0.720920008
050400030804,2016,26.086980756,6.126411023,0.67210647
050400030804,2017,29.91602396,5.671034465,0.707856042
050400030804,2018,48.50270998,9.69113009,0.728594889
050400030804,2019,37.433599311,7.768465179,0.67591843
050400030805,2010,23.028480223,3.370808664,0.646877486
050400030805,2011,43.26604169,6.203056552,0.689093835
050400030805,2012,28.579836964,4.327754415,0.653403772
050400030805,2013,38.427356791,5.466619645,0.707650001
050400030805,2014,25.774344626,4.72210311,0.681575222
050400030805,2015,30.456474245,4.245204728,0.696442189
050400030805,2016,25.427736702,4.19645541,0.664659284
050400030805,2017,23.116302229,3.411005228,0.678220129
050400030805,2018,44.320492047,6.694191498,0.716697047
050400030805,2019,37.306113945,5.408882133,0.67236515
050400030901,2010,32.390223049,8.316241275,0.61396071
050400030901,2011,49.477022817,12.646491074,0.657011818
050400030901,2012,30.427469567,8.472467982,0.623174568
050400030901,2013,40.069380375,10.290145863,0.664435902
050400030901,2014,33.267693278,8.864158076,0.664015906
050400030901,2015,36.794204727,8.03467875,0.676980219
050400030901,2016,29.362956102,8.450192227,0.631157884
050400030901,2017,27.916768129,6.611479661,0.650630294
050400030901,2018,43.589778882,11.584154844,0.666405581
050400030901,2019,42.730181763,12.158476542,0.664015546
050400030902,2010,29.388857477,4.04461808,0.587942192
050400030902,2011,49.525696343,8.526474538,0.63232984
050400030902,2012,25.697752655,4.691163748,0.579808844
050400030902,2013,37.861461836,6.400157016,0.627395582
050400030902,2014,32.808688362,5.644690353,0.62786195
050400030902,2015,35.923541214,4.361506844,0.638280917
050400030902,2016,27.526477234,4.699916846,0.588948795
050400030902,2017,27.264827392,3.321673305,0.619063738
050400030902,2018,44.093880077,7.666023921,0.648284099
050400030902,2019,42.334907528,8.15473864,0.620245302
050400030903,2010,32.200713803,10.549669521,0.603275669
050400030903,2011,52.254166948,14.067602315,0.651555986
050400030903,2012,32.094400148,11.299770232,0.601430566
050400030903,2013,42.759362717,12.704179797,0.661144852
050400030903,2014,31.626250964,10.935323636,0.640293877
050400030903,2015,35.903646682,10.396403422,0.656719312
050400030903,2016,29.257987306,10.703203363,0.613524259
050400030903,2017,30.240812372,9.753879026,0.640629417
050400030903,2018,48.780869476,14.609268001,0.665362798
050400030903,2019,44.586369441,15.226168547,0.636590682
050400030904,2010,31.593240519,8.291555196,0.613515478
050400030904,2011,48.891216091,12.628950541,0.659171657
050400030904,2012,32.077525895,8.476956486,0.628067581
050400030904,2013,40.434652915,10.280475782,0.667105833
050400030904,2014,31.33750716,8.787348568,0.662258859
050400030904,2015,35.259532648,7.995490112,0.677177734
050400030904,2016,29.271499411,8.447252248,0.63316538
050400030904,2017,28.031934311,6.605120565,0.653762879
050400030904,2018,44.267989072,11.552787986,0.669269455
050400030904,2019,43.796676729,12.147357425,0.666807735
050400030905,2010,35.253171159,10.002440027,0.606364214
050400030905,2011,54.049749685,14.045708071,0.655459111
050400030905,2012,36.231786599,10.549374925,0.613018841
050400030905,2013,45.789296815,12.2947809,0.664334124
050400030905,2014,35.35541842,10.500873796,0.649814141
050400030905,2015,39.75086208,9.913262583,0.666577204
050400030905,2016,34.703690757,10.328185864,0.624674781
050400030905,2017,32.461388567,8.889814724,0.647116319
050400030905,2018,50.780441919,13.93114478,0.667998318
050400030905,2019,48.918958037,14.478294772,0.652520732
050400030906,2010,31.154573306,2.563731526,0.671239417
050400030906,2011,57.938011089,3.606027771,0.727046724
050400030906,2012,33.064774073,3.104473592,0.687217552
050400030906,2013,52.944085847,3.835680455,0.751589756
050400030906,2014,28.858827658,3.230340557,0.703883049
050400030906,2015,44.145811507,3.086712047,0.732269858
050400030906,2016,32.753073716,3.213590215,0.712321506
050400030906,2017,32.132726386,2.70646972,0.719056514
050400030906,2018,64.101426999,3.637954139,0.739674438
050400030906,2019,49.318141232,4.16260865,0.708834522
050400030907,2010,26.992047484,1.641798021,0.62877911
050400030907,2011,46.668692639,2.1741244,0.705578998
050400030907,2012,30.79124205,2.088042884,0.677689639
050400030907,2013,40.232752171,2.587801147,0.7053987
050400030907,2014,22.172800496,2.002713089,0.665138333
050400030907,2015,31.622912122,1.859735694,0.70144535
050400030907,2016,26.468106274,2.05768728,0.68026815
050400030907,2017,21.927902334,1.682520799,0.667085408
050400030907,2018,48.321743473,2.342434845,0.712149333
050400030907,2019,42.011827758,2.741036721,0.696074064
050400030908,2010,34.517662354,8.029240757,0.592542799
050400030908,2011,51.08150223,11.313794533,0.643694927
050400030908,2012,38.302598333,9.276352844,0.628167846
050400030908,2013,43.213580224,11.087406037,0.641547432
050400030908,2014,31.352352255,8.317823666,0.620528469
050400030908,2015,36.569495196,7.661422252,0.643962223
050400030908,2016,32.320281328,8.447734232,0.606228078
050400030908,2017,28.027158205,6.337176176,0.624167251
050400030908,2018,48.226057116,12.006375866,0.65749278
050400030908,2019,50.744425904,13.248306176,0.648643936
050400040101,2010,34.532131367,6.408714312,0.62069217
050400040101,2011,48.573303018,8.39737794,0.691580122
050400040101,2012,29.611748183,6.394410179,0.656034873
050400040101,2013,43.693511377,8.000255483,0.686441501
050400040101,2014,33.11604045,7.086975049,0.716166816
050400040101,2015,38.809597416,7.35796556,0.707981015
050400040101,2016,29.15272282,7.095985045,0.688563124
050400040101,2017,29.248182449,6.35249646,0.669265807
050400040101,2018,44.538357964,7.897062029,0.703260742
050400040101,2019,44.227828676,8.576249116,0.67545685
050400040102,2010,28.446355129,1.943424227,0.622608103
050400040102,2011,45.141837363,2.641880087,0.67441152
050400040102,2012,26.210830969,2.147254653,0.657909039
050400040102,2013,38.040231888,2.702445918,0.693310981
050400040102,2014,25.949370982,2.147002642,0.691172972
050400040102,2015,33.749573082,2.063695962,0.696285753
050400040102,2016,23.057490866,2.055174632,0.668479667
050400040102,2017,23.759106408,1.785854136,0.669022412
050400040102,2018,40.415863961,2.900577172,0.694583536
050400040102,2019,34.877296922,2.739921342,0.677776307
050400040103,2010,33.149216684,5.264636113,0.675199833
050400040103,2011,48.977086921,7.17652288,0.700794869
050400040103,2012,31.225194999,5.528128373,0.696103167
050400040103,2013,41.023839827,6.830120648,0.739370358
050400040103,2014,35.754827686,6.038672045,0.730000917
050400040103,2015,40.568382323,5.746947841,0.735824849
050400040103,2016,26.216738816,5.67861666,0.690402722
050400040103,2017,33.586117973,5.127537611,0.722582581
050400040103,2018,49.754556764,7.176324805,0.741628324
050400040103,2019,43.578670793,7.704981453,0.719024489
050400040104,2010,32.40230878,3.383172553,0.64041665
050400040104,2011,47.914731481,4.604062025,0.687617158
050400040104,2012,29.924690763,3.610695956,0.671883063
050400040104,2013,42.419771676,4.402051075,0.706462296
050400040104,2014,31.146795983,3.737772115,0.708845265
050400040104,2015,37.956141196,3.663253121,0.712367029
050400040104,2016,26.871233878,3.634718758,0.682040483
050400040104,2017,30.030753996,3.186137964,0.688329838
050400040104,2018,46.275848538,4.593981373,0.713439899
050400040104,2019,40.580628493,4.849324794,0.692668157
050400040201,2010,33.544504544,3.89681003,0.646897195
050400040201,2011,49.694358902,5.145746658,0.691049624
050400040201,2012,30.979307286,3.969793986,0.674032825
050400040201,2013,41.995898041,4.854164796,0.717385625
050400040201,2014,35.8506986,4.408415442,0.719782622
050400040201,2015,39.756894569,4.21722682,0.711853018
050400040201,2016,24.707224218,3.979932228,0.680750269
050400040201,2017,29.530322776,3.813902763,0.691186018
050400040201,2018,53.355534166,5.548190895,0.730811443
050400040201,2019,43.114917133,5.336645598,0.703953389
050400040202,2010,31.72718212,6.261671538,0.671098727
050400040202,2011,48.653537842,7.868023772,0.728896684
050400040202,2012,32.883475049,6.46588036,0.726058811
050400040202,2013,42.257342321,8.091387034,0.755935243
050400040202,2014,32.340952588,6.363114908,0.742783204
050400040202,2015,37.767272201,5.964356216,0.748989847
050400040202,2016,26.234498731,6.267414742,0.720745168
050400040202,2017,25.893175394,4.690985974,0.725852105
050400040202,2018,44.968905049,7.32713371,0.759325746
050400040202,2019,44.03738949,8.540295289,0.746889543
050400040203,2010,32.133163071,4.891759932,0.672871866
050400040203,2011,47.545684757,6.420630392,0.716250549
050400040203,2012,29.305697214,5.110287676,0.708541216
050400040203,2013,40.969068697,6.357899025,0.746668054
050400040203,2014,30.451493198,5.019453444,0.735474855
050400040203,2015,37.195927017,4.817402517,0.741442209
050400040203,2016,25.881735783,4.860109111,0.718106685
050400040203,2017,26.128078337,3.788090964,0.717408692
050400040203,2018,45.103858164,6.170360239,0.75294426
050400040203,2019,41.71501682,6.643908267,0.735015062
050400040204,2010,38.501265144,4.457050283,0.601849729
050400040204,2011,49.475138467,5.725425102,0.637426388
050400040204,2012,37.082848037,4.57057788,0.608806177
050400040204,2013,44.836393902,5.660958524,0.651329441
050400040204,2014,44.126139976,5.169014317,0.65760388
050400040204,2015,44.750480257,4.916247671,0.643626576
050400040204,2016,26.962093556,4.228077466,0.610297832
050400040204,2017,35.179363219,4.635980006,0.624595707
050400040204,2018,63.522958129,7.004419323,0.670359872
050400040204,2019,49.981212749,6.100835567,0.64537411
050400040301,2010,30.777958792,8.942175612,0.620119261
050400040301,2011,46.886881399,12.428933809,0.672202366
050400040301,2012,33.781667037,8.921067775,0.642735316
050400040301,2013,36.409141694,9.844155696,0.677263963
050400040301,2014,32.278099316,9.641489509,0.665456258
050400040301,2015,34.747667026,8.676836428,0.65082389
050400040301,2016,29.139377427,8.932005086,0.625518726
050400040301,2017,24.297015559,6.177315111,0.64525266
050400040301,2018,46.176788911,12.894120334,0.688673626
050400040301,2019,41.735372397,12.734849446,0.663854324
050400040302,2010,28.741158202,12.700197128,0.677612935
050400040302,2011,42.824237832,16.6490977,0.702964887
050400040302,2012,27.2805232,11.777524948,0.670571021
050400040302,2013,34.86584011,14.447345444,0.739227139
050400040302,2014,31.043148273,14.115675551,0.720392723
050400040302,2015,32.113412099,12.809651086,0.712727229
050400040302,2016,25.188179973,12.757931871,0.664398273
050400040302,2017,22.250363956,9.939293031,0.703693694
050400040302,2018,48.571771807,18.397544231,0.746085778
050400040302,2019,39.97963723,17.804829725,0.719504069
050400040303,2010,20.909351552,5.696303983,0.644163724
050400040303,2011,29.873723232,7.322255428,0.691687591
050400040303,2012,15.696920943,5.621138011,0.643442553
050400040303,2013,23.224568896,6.618906214,0.700366383
050400040303,2014,21.024477947,6.837036163,0.697352586
050400040303,2015,20.475906251,5.621894036,0.680548959
050400040303,2016,13.533829343,5.511608503,0.631253693
050400040303,2017,14.041653832,5.051875876,0.676814521
050400040303,2018,38.414812718,8.609570598,0.73362655
050400040303,2019,28.165917686,7.940046856,0.694628374
050400040304,2010,25.192920185,5.796998976,0.65405633
050400040304,2011,34.873386851,7.558214133,0.701795989
050400040304,2012,16.749387353,5.740815093,0.644283905
050400040304,2013,27.26456609,6.635406576,0.710180603
050400040304,2014,27.013511197,6.937112007,0.716471794
050400040304,2015,23.290249158,5.527816461,0.688600874
050400040304,2016,14.953433036,5.448553184,0.643230537
050400040304,2017,16.767720366,5.155553927,0.687333765
050400040304,2018,42.93754093,8.552393615,0.732900601
050400040304,2019,32.208953515,7.784403362,0.700903776
050400040305,2010,26.452227033,3.726230788,0.578165042
050400040305,2011,44.138588303,8.641416112,0.614003727
050400040305,2012,20.131947841,2.702871244,0.556895099
050400040305,2013,27.265681331,3.904518791,0.622931609
050400040305,2014,31.25694727,6.042080666,0.642648744
050400040305,2015,25.106730246,3.80940177,0.593106622
050400040305,2016,20.282918217,3.963845552,0.570659863
050400040305,2017,18.921719884,2.303141315,0.573199343
050400040305,2018,45.970630791,7.311292489,0.65429855
050400040305,2019,34.983622124,7.693044255,0.635165676
050400040401,2010,29.100641102,7.469750847,0.65472566
050400040401,2011,39.322155755,8.563627985,0.651370067
050400040401,2012,22.252516875,6.764838338,0.612054507
050400040401,2013,27.538441349,7.758278085,0.671095881
050400040401,2014,30.255399184,8.269958503,0.689463405
050400040401,2015,33.11301094,7.339647164,0.670340328
050400040401,2016,24.616883789,7.765986418,0.65254545
050400040401,2017,23.016787379,6.806276973,0.664531245
050400040401,2018,52.438836239,10.638939742,0.724861456
050400040401,2019,38.182601543,9.893115897,0.674274649
050400040402,2010,31.56854167,10.709378998,0.653177105
050400040402,2011,40.42057663,11.477339317,0.648580434
050400040402,2012,22.152538065,8.852451391,0.599407731
050400040402,2013,28.022262159,10.590592037,0.660773532
050400040402,2014,29.95237747,11.160410457,0.68000107
050400040402,2015,34.854992297,10.637446278,0.663940863
050400040402,2016,25.731549876,10.793666059,0.647086585
050400040402,2017,22.332517065,9.179550413,0.652638759
050400040402,2018,51.386246269,14.411143676,0.716430682
050400040402,2019,40.708053113,13.732815315,0.671304012
050400040403,2010,31.166437449,7.087509678,0.637692432
050400040403,2011,44.90169324,8.501704866,0.618193185
050400040403,2012,22.396091073,6.487069468,0.58962182
050400040403,2013,30.751821404,7.193280308,0.657389045
050400040403,2014,30.519838829,8.419332731,0.680630942
050400040403,2015,32.069074451,7.200681324,0.658892116
050400040403,2016,27.353895859,7.822033195,0.633828615
050400040403,2017,22.34304866,6.149651279,0.647541888
050400040403,2018,47.750931202,9.401416146,0.691103616
050400040403,2019,39.521995851,9.310373764,0.656034017
050400040404,2010,30.734582508,5.99190474,0.634253332
050400040404,2011,44.405248278,7.487191166,0.617023358
050400040404,2012,21.566618508,5.499180189,0.583262443
050400040404,2013,29.528309418,5.872001953,0.652059701
050400040404,2014,30.805537345,7.0920481,0.677062448
050400040404,2015,31.980237719,6.025249866,0.656245797
050400040404,2016,24.75201765,6.198109367,0.624383678
050400040404,2017,22.136820681,5.121599505,0.644981554
050400040404,2018,48.807376222,7.91406018,0.689376815
050400040404,2019,38.900436748,7.850948304,0.651213169
050400040405,2010,26.274118125,7.710468814,0.626824185
050400040405,2011,37.227507388,8.657154288,0.638136894
050400040405,2012,19.687461831,6.671072237,0.611524272
050400040405,2013,25.718701938,7.787877794,0.666458696
050400040405,2014,29.483437372,8.355965911,0.704037079
050400040405,2015,26.557615422,7.234940238,0.654483522
050400040405,2016,24.392540146,7.729135382,0.653492828
050400040405,2017,21.093279049,6.436438522,0.661332564
050400040405,2018,44.875858177,9.952995639,0.718939815
050400040405,2019,33.219165198,9.423585489,0.664323493
050400040406,2010,25.132987956,7.822259594,0.621077217
050400040406,2011,36.966463158,8.876956041,0.637536275
050400040406,2012,19.979923798,6.951719845,0.60930696
050400040406,2013,25.397665516,8.069722427,0.663748815
050400040406,2014,30.363629201,8.711783584,0.702187151
050400040406,2015,25.331776139,7.330971655,0.649551023
050400040406,2016,24.411317703,8.194786955,0.652871289
050400040406,2017,20.75789776,6.666825045,0.659246156
050400040406,2018,43.164759497,10.110582213,0.715761947
050400040406,2019,31.956127435,9.530345659,0.660116386
050400040407,2010,30.633854089,8.277966918,0.632875382
050400040407,2011,42.490353731,9.512199567,0.627102027
050400040407,2012,21.725849461,7.218412558,0.593643949
050400040407,2013,30.184579004,8.469929887,0.6556163
050400040407,2014,30.892571324,9.46118689,0.683699657
050400040407,2015,33.098796218,8.446978819,0.653856678
050400040407,2016,29.415880357,9.305829468,0.641323609
050400040407,2017,21.982024009,6.982730225,0.645646267
050400040407,2018,48.854099643,10.988952382,0.70013671
050400040407,2019,39.927525212,10.814979425,0.660616034
050400040501,2010,27.393319607,4.516978904,0.56152719
050400040501,2011,30.474881797,4.841485102,0.590887884
050400040501,2012,18.288715648,4.127304713,0.545232755
050400040501,2013,24.037500596,4.544127645,0.586466034
050400040501,2014,23.639445195,4.137182202,0.608533638
050400040501,2015,26.910065952,3.792421051,0.599937007
050400040501,2016,15.247027778,3.087930994,0.532383751
050400040501,2017,17.390313776,3.314549648,0.549897164
050400040501,2018,35.641837432,5.233633982,0.615251377
050400040501,2019,31.411199985,6.606521304,0.585713897
050400040502,2010,29.701056576,3.939666028,0.607567609
050400040502,2011,41.983948909,5.253744132,0.631915777
050400040502,2012,18.765150544,3.657805617,0.585584842
050400040502,2013,29.472451006,4.082087992,0.644407459
050400040502,2014,28.375231715,4.017772714,0.638374672
050400040502,2015,32.001357874,4.01867021,0.651354723
050400040502,2016,21.453708897,3.802504556,0.588959123
050400040502,2017,19.665186628,3.028093723,0.605174124
050400040502,2018,43.216736549,5.282538773,0.670213344
050400040502,2019,36.202416753,5.618715706,0.627457604
050400040503,2010,29.150832427,4.760293564,0.581607904
050400040503,2011,35.106899416,6.158179483,0.613548033
050400040503,2012,17.699357691,4.644744869,0.572798447
050400040503,2013,24.177466829,4.990044342,0.604312224
050400040503,2014,25.847570475,4.788406432,0.632595216
050400040503,2015,27.476770844,4.342091179,0.621527693
050400040503,2016,19.342402539,4.279435357,0.57256613
050400040503,2017,20.191745665,3.860591395,0.59138886
050400040503,2018,38.776643205,6.404766085,0.646017624
050400040503,2019,33.97085089,7.130174318,0.61600244
050400040504,2010,28.673558115,4.007527459,0.590622005
050400040504,2011,39.002694419,5.375654998,0.621194042
050400040504,2012,21.402198845,3.946466453,0.591833148
050400040504,2013,26.819114672,4.187627926,0.620011781
050400040504,2014,30.891035292,4.345484487,0.652232723
050400040504,2015,25.654185871,3.775670532,0.6218158
050400040504,2016,24.081151952,3.813152234,0.597041644
050400040504,2017,21.589931549,3.378591798,0.609000898
050400040504,2018,46.366157832,5.495639035,0.666921169
050400040504,2019,36.069855787,6.034830989,0.631676582
050400040601,2010,26.615238943,6.622384787,0.574317501
050400040601,2011,41.967893728,8.905895324,0.621685559
050400040601,2012,21.178397073,6.288316062,0.580356523
050400040601,2013,29.878859779,7.797022798,0.631804465
050400040601,2014,28.295987201,7.465346745,0.637259897
050400040601,2015,21.413151816,5.723227435,0.598113729
050400040601,2016,20.052412516,5.699986104,0.578394702
050400040601,2017,20.05291706,6.008188402,0.611813024
050400040601,2018,46.459627014,10.581958438,0.650776973
050400040601,2019,31.699619706,8.427023588,0.610511419
050400040602,2010,30.226173512,7.79385624,0.61109534
050400040602,2011,45.284050766,9.515976048,0.661886408
050400040602,2012,22.552282854,7.237319689,0.615169272
050400040602,2013,33.449360427,8.80079197,0.672833396
050400040602,2014,33.017895707,8.506576484,0.675125639
050400040602,2015,25.395271598,6.823208578,0.638676381
050400040602,2016,23.786574708,6.895804619,0.62088541
050400040602,2017,23.685562436,7.01568289,0.658491678
050400040602,2018,48.147228851,10.113525985,0.688786274
050400040602,2019,35.914295735,9.675424096,0.650888862
050400040603,2010,22.627308134,6.524255262,0.605631309
050400040603,2011,36.518919572,8.625687779,0.628232832
050400040603,2012,22.413467887,6.336413457,0.624468866
050400040603,2013,25.843057206,6.976503401,0.644327511
050400040603,2014,28.527881118,7.951795845,0.664941461
050400040603,2015,21.301628901,5.86236783,0.622413679
050400040603,2016,21.43226988,6.064071194,0.622292059
050400040603,2017,22.597450861,6.305445264,0.642134871
050400040603,2018,39.590665925,9.245074008,0.684955859
050400040603,2019,30.932810722,9.346856134,0.63924061
050400040604,2010,21.046181358,5.24356553,0.527197172
050400040604,2011,33.048663231,6.866041718,0.549575142
050400040604,2012,16.122780445,4.583342505,0.524234557
050400040604,2013,20.423572188,5.728898261,0.562705236
050400040604,2014,24.947024427,6.534264293,0.581974456
050400040604,2015,18.576407723,4.848802886,0.532086787
050400040604,2016,16.983694761,4.925532241,0.529036839
050400040604,2017,13.648488389,4.489634929,0.537537696
050400040604,2018,36.70331321,8.621374069,0.592449621
050400040604,2019,25.871024075,6.900032047,0.572239712
050400040605,2010,21.513410804,5.993544392,0.603690941
050400040605,2011,33.577772842,7.892244934,0.620371841
050400040605,2012,21.085348535,5.726830641,0.61779576
050400040605,2013,23.403159785,6.322683205,0.640073469
050400040605,2014,28.638602904,7.324301893,0.661852405
050400040605,2015,21.206956096,5.492689705,0.62013416
050400040605,2016,19.461279923,5.435807822,0.614294034
050400040605,2017,21.007572195,5.671525426,0.63731089
050400040605,2018,39.951699595,8.600365587,0.682482089
050400040605,2019,31.317102981,8.845922229,0.637034467
050400040606,2010,25.923819177,6.296833117,0.587907602
050400040606,2011,40.007853102,8.193168334,0.625759487
050400040606,2012,21.283686321,6.052362806,0.60176621
050400040606,2013,25.575212487,7.048767499,0.638677907
050400040606,2014,29.132892392,7.436917723,0.641134096
050400040606,2015,22.251094628,5.800852795,0.607975909
050400040606,2016,22.480202638,6.11935083,0.599952756
050400040606,2017,21.622007482,6.105894883,0.633216763
050400040606,2018,42.188451971,9.116046263,0.670541585
050400040606,2019,31.546803223,8.299693646,0.628997666
050400040701,2010,20.222278906,7.108656215,0.656495741
050400040701,2011,28.938998757,8.420471068,0.64940869
050400040701,2012,15.666223346,5.54327239,0.638219567
050400040701,2013,19.176603333,6.902998431,0.665854552
050400040701,2014,23.667707655,8.04815211,0.69650634
050400040701,2015,25.518248418,8.201437521,0.692069134
050400040701,2016,13.576300993,5.741103071,0.633692864
050400040701,2017,15.258534417,5.962368711,0.64998854
050400040701,2018,36.614475333,8.849148314,0.715530814
050400040701,2019,25.467278175,10.228381588,0.6276616
050400040702,2010,18.552937752,5.422981047,0.630555754
050400040702,2011,29.914665905,7.205780201,0.636132593
050400040702,2012,15.531311719,4.236073165,0.610451373
050400040702,2013,20.753734078,6.017735844,0.655910559
050400040702,2014,26.160719112,7.096332371,0.679406612
050400040702,2015,24.347656628,6.538811048,0.654990849
050400040702,2016,13.520410532,4.414606997,0.601423107
050400040702,2017,14.768811694,4.420838512,0.630734329
050400040702,2018,38.164184318,7.615481243,0.687452491
050400040702,2019,26.189962982,8.236105259,0.61385011
050400040703,2010,22.211772489,6.857612369,0.585727859
050400040703,2011,33.111147579,7.872921467,0.599923253
050400040703,2012,21.188917136,6.237799237,0.559536133
050400040703,2013,25.172442584,7.113986899,0.613712582
050400040703,2014,27.362561818,8.100714452,0.616927337
050400040703,2015,26.476315212,7.071822269,0.615320923
050400040703,2016,16.665232316,5.766731656,0.568811691
050400040703,2017,19.074484896,6.263561237,0.596240028
050400040703,2018,47.84947768,9.100934077,0.648710548
050400040703,2019,28.072510305,9.048954093,0.573142697
050400040704,2010,21.818458353,6.623346851,0.658997395
050400040704,2011,29.20424537,6.829821164,0.651870971
050400040704,2012,19.587643057,5.90590943,0.654395147
050400040704,2013,21.954970468,6.78130741,0.662557578
050400040704,2014,25.403828303,7.229305861,0.703343889
050400040704,2015,28.840765258,7.597245027,0.69743699
050400040704,2016,15.616958103,5.638709598,0.608343408
050400040704,2017,16.242554672,5.496001573,0.664978473
050400040704,2018,41.712723812,8.142131319,0.723953266
050400040704,2019,27.873092661,8.622671585,0.623823936
050400040801,2010,29.634153344,4.609404795,0.65956594
050400040801,2011,41.880606784,8.253091073,0.658621872
050400040801,2012,19.206189855,3.795710904,0.61877237
050400040801,2013,22.925023746,4.188172019,0.67036643
050400040801,2014,30.928514543,6.613135429,0.70466772
050400040801,2015,28.151829156,4.799316909,0.656984175
050400040801,2016,23.121535938,5.079901205,0.659772571
050400040801,2017,20.489189875,2.596168214,0.664755769
050400040801,2018,47.790306686,7.270398059,0.726056765
050400040801,2019,39.727685402,9.509986805,0.685537148
050400040802,2010,30.432964469,2.869884262,0.553231916
050400040802,2011,42.043467078,4.649356375,0.574865173
050400040802,2012,26.478591194,2.672809668,0.535840252
050400040802,2013,29.584238652,3.032455175,0.575619659
050400040802,2014,37.368214847,4.213607468,0.59720385
050400040802,2015,28.896805245,3.048622859,0.554569545
050400040802,2016,28.321689947,3.218241286,0.558189559
050400040802,2017,23.947468313,2.119835953,0.549332743
050400040802,2018,52.407271768,4.553665053,0.614548066
050400040802,2019,37.987665631,5.119721047,0.593744322
050400040803,2010,30.67066819,9.149786645,0.708736972
050400040803,2011,42.793210543,12.889825996,0.704639069
050400040803,2012,26.730894479,8.951438313,0.666153375
050400040803,2013,29.398387143,8.598121592,0.724302473
050400040803,2014,36.060534438,10.41738869,0.749277607
050400040803,2015,31.89305868,8.734609536,0.723949842
050400040803,2016,26.125013247,8.676170975,0.697798872
050400040803,2017,26.463418861,6.898288442,0.724925156
050400040803,2018,53.423368238,13.365649796,0.754381945
050400040803,2019,42.142110249,13.399786239,0.719857861
050400040804,2010,33.071293749,8.145901159,0.717810723
050400040804,2011,44.5660156,11.257900779,0.713563288
050400040804,2012,26.548067759,7.800173264,0.667342601
050400040804,2013,28.348513062,7.407618755,0.726177927
050400040804,2014,35.952043993,8.869694184,0.751205705
050400040804,2015,35.797375286,7.310035928,0.729888385
050400040804,2016,22.810078635,7.514465433,0.694919417
050400040804,2017,24.419236757,5.468282474,0.729455883
050400040804,2018,52.597362475,11.434722391,0.760017701
050400040804,2019,41.520419152,11.761573772,0.724489098
050400040805,2010,33.904227766,8.806996753,0.715540162
050400040805,2011,44.814309159,12.177601826,0.710558278
050400040805,2012,26.697203587,8.406221011,0.664886983
050400040805,2013,28.873056349,7.99645019,0.723750678
050400040805,2014,36.784578705,9.732458929,0.750152518
050400040805,2015,35.760423793,8.150193426,0.728895863
050400040805,2016,24.3027976,8.097556739,0.69472668
050400040805,2017,26.077374507,6.226718812,0.727206706
050400040805,2018,53.540879155,12.447959726,0.756606874
050400040805,2019,42.216291178,12.61899035,0.722001971
050400040806,2010,31.774989364,8.896438859,0.712317997
050400040806,2011,45.857601393,12.547123751,0.712901015
050400040806,2012,27.413543246,8.632806916,0.662271512
050400040806,2013,29.715445594,8.171057015,0.724564495
050400040806,2014,38.12310743,9.957785123,0.751192977
050400040806,2015,35.856468486,8.462629105,0.72975215
050400040806,2016,23.529595014,8.216778727,0.68933417
050400040806,2017,24.681646869,6.453680768,0.725033199
050400040806,2018,54.840343923,12.745593899,0.756194183
050400040806,2019,40.173243239,12.825074273,0.716340782
050400040807,2010,27.716851428,6.831563546,0.712880555
050400040807,2011,39.493509836,10.921264872,0.713993153
050400040807,2012,28.351783342,8.047492469,0.67174676
050400040807,2013,26.061802611,6.45351534,0.716070978
050400040807,2014,33.811482175,8.550934068,0.758076115
050400040807,2015,35.267076353,8.881836725,0.736063168
050400040807,2016,23.552471312,6.599567029,0.690542032
050400040807,2017,23.636656475,5.500738164,0.719993031
050400040807,2018,50.400048414,11.766845868,0.750178943
050400040807,2019,36.317379524,10.722391683,0.696016171
050400040808,2010,31.26278724,6.633346838,0.715040718
050400040808,2011,43.991889739,10.305061307,0.710197532
050400040808,2012,31.516909207,7.809586286,0.672316296
050400040808,2013,29.781631869,6.727494201,0.718971626
050400040808,2014,39.393372896,8.748155084,0.766709423
050400040808,2015,40.051838744,8.582427537,0.747671892
050400040808,2016,25.110500444,6.609844012,0.683611172
050400040808,2017,26.409867569,5.26415455,0.725092506
050400040808,2018,58.372180709,11.289885058,0.756557781
050400040808,2019,39.48722616,10.449055879,0.698777973
050400040809,2010,31.029139332,6.504347306,0.717499299
050400040809,2011,45.919497411,10.247185713,0.712091643
050400040809,2012,34.856738995,7.919943185,0.68190345
050400040809,2013,29.778633548,6.560169574,0.718071958
050400040809,2014,40.846784745,8.57514902,0.768592849
050400040809,2015,40.117978198,8.448345937,0.745985173
050400040809,2016,27.18139453,6.502181457,0.687787345
050400040809,2017,28.432945761,5.281877914,0.72865459
050400040809,2018,59.04494517,11.117346096,0.756268538
050400040809,2019,38.25090684,10.271411662,0.69792952
050400040901,2010,24.484130261,11.799679235,0.67125799
050400040901,2011,38.776203217,14.36438765,0.691006442
050400040901,2012,26.509946765,12.925864367,0.683432797
050400040901,2013,30.250449534,13.729994734,0.693747608
050400040901,2014,36.401613206,15.818685493,0.738683434
050400040901,2015,31.021797968,13.543134974,0.711010406
050400040901,2016,28.699673465,13.531382362,0.691021555
050400040901,2017,23.965691536,12.234932877,0.696128824
050400040901,2018,52.222534179,17.481742606,0.748591242
050400040901,2019,35.924471682,14.726679353,0.685789626
050400040902,2010,22.505949369,8.019242283,0.626069028
050400040902,2011,40.283779855,9.952609247,0.663208472
050400040902,2012,21.894781302,7.913560374,0.618939717
050400040902,2013,29.61608597,9.682141655,0.653761013
050400040902,2014,34.497241531,11.29695472,0.688369421
050400040902,2015,32.825505526,9.014309596,0.651143654
050400040902,2016,24.655404819,8.219786925,0.64272068
050400040902,2017,20.427050965,8.19378152,0.627805661
050400040902,2018,49.637535646,11.705978327,0.686700772
050400040902,2019,33.598641404,8.815085803,0.62957698
050400040903,2010,28.01502125,11.688414965,0.655319501
050400040903,2011,44.669699631,13.74908696,0.677233386
050400040903,2012,31.564664218,12.703328834,0.670146564
050400040903,2013,32.401735189,13.18498706,0.673349035
050400040903,2014,38.95052847,15.320336379,0.714126075
050400040903,2015,34.324252973,12.825445545,0.684415196
050400040903,2016,31.659524885,12.993518424,0.669717749
050400040903,2017,28.288121694,12.630789782,0.682843291
050400040903,2018,59.356127035,16.670757565,0.726677677
050400040903,2019,38.577734298,13.493837423,0.663731206
050400041001,2010,22.878126361,4.219289803,0.651011486
050400041001,2011,35.28814662,5.243683613,0.684547162
050400041001,2012,20.158510201,4.268679436,0.631382255
050400041001,2013,25.461952394,4.308409923,0.678305099
050400041001,2014,26.557262049,4.708471236,0.704037984
050400041001,2015,27.768940539,4.110223115,0.682031746
050400041001,2016,16.311395289,3.332889731,0.634029022
050400041001,2017,17.394259089,3.310975956,0.655695702
050400041001,2018,42.270497118,5.405153139,0.715534442
050400041001,2019,30.651692751,5.476747285,0.655949583
050400041002,2010,22.678099236,3.783674596,0.656958615
050400041002,2011,36.515917395,5.047102454,0.686607116
050400041002,2012,21.83243976,4.00786428,0.64575568
050400041002,2013,27.314914083,3.789863691,0.679681546
050400041002,2014,31.625226142,4.731803618,0.711652487
050400041002,2015,30.676587395,4.077125423,0.690329191
050400041002,2016,19.441692766,3.125860934,0.642072955
050400041002,2017,19.519704779,2.928920812,0.669036354
050400041002,2018,45.718981132,4.849688073,0.722417779
050400041002,2019,30.813969746,4.992058597,0.651674821
050400041003,2010,21.370487344,3.68765918,0.670852805
050400041003,2011,33.134272131,5.017165903,0.691273138
050400041003,2012,19.185584589,3.70344867,0.657529191
050400041003,2013,24.614350893,3.519517577,0.683485607
050400041003,2014,29.386605269,4.405597596,0.732260595
050400041003,2015,26.825008563,4.066941654,0.706241713
050400041003,2016,18.902289546,3.128851096,0.659077784
050400041003,2017,18.316063887,2.759116752,0.689302028
050400041003,2018,38.732541417,4.331417946,0.734724958
050400041003,2019,29.083321455,4.763314419,0.667336049
050400041004,2010,23.712599892,5.093227138,0.68320507
050400041004,2011,36.981885797,6.533634676,0.701134494
050400041004,2012,24.173162751,5.045458423,0.691905739
050400041004,2013,26.056984336,4.817334513,0.693069325
050400041004,2014,34.005547971,6.475229613,0.742425478
050400041004,2015,29.509538305,5.792878418,0.718911646
050400041004,2016,24.277730009,4.621631208,0.682047022
050400041004,2017,21.314622191,3.971560266,0.709153186
050400041004,2018,48.201296958,6.718750941,0.748139274
050400041004,2019,31.970753574,6.857915987,0.686922078
050400041101,2010,22.625999104,5.131196525,0.679432313
050400041101,2011,31.63134077,6.590076896,0.689490034
050400041101,2012,20.668407536,5.393701624,0.673628986
050400041101,2013,25.492614404,5.684920156,0.70408656
050400041101,2014,25.283913841,6.080990128,0.720603207
050400041101,2015,27.180936708,5.518870396,0.701855971
050400041101,2016,16.863218967,5.201384711,0.639642938
050400041101,2017,20.14731094,4.704769639,0.705354639
050400041101,2018,45.10495642,7.569894279,0.740425545
050400041101,2019,24.487158822,6.595239223,0.637778214
050400041102,2010,24.641982817,4.746850806,0.687966753
050400041102,2011,33.849936273,6.019286407,0.698704922
050400041102,2012,24.141936525,5.214703354,0.685500322
050400041102,2013,22.664126538,5.221996901,0.707684159
050400041102,2014,25.700621733,5.718309387,0.727774322
050400041102,2015,26.600282066,4.786046044,0.705252524
050400041102,2016,16.544366012,4.771589039,0.641092292
050400041102,2017,18.861286715,4.356582743,0.708770476
050400041102,2018,45.970288457,6.909771319,0.743318313
050400041102,2019,24.764062959,5.959735966,0.648127344
050400041103,2010,25.499205575,7.51796796,0.653697003
050400041103,2011,28.141838635,6.7692129,0.648337331
050400041103,2012,22.684318589,7.129923934,0.640561483
050400041103,2013,22.455781374,6.579288125,0.673493057
050400041103,2014,26.324165181,7.711307189,0.700807854
050400041103,2015,29.283733541,7.319968889,0.695936384
050400041103,2016,15.198406468,5.373544604,0.621486604
050400041103,2017,19.763147407,6.365521897,0.671989787
050400041103,2018,44.830076032,8.688424715,0.726682842
050400041103,2019,24.820144601,6.552817447,0.63810035
050400041104,2010,26.586534653,7.063105649,0.67232214
050400041104,2011,31.229979914,7.39164772,0.672899691
050400041104,2012,24.871674065,7.041964798,0.672370411
050400041104,2013,22.321792562,6.430441652,0.67354408
050400041104,2014,28.824356293,7.175272899,0.718583877
050400041104,2015,29.248590788,7.176065317,0.696245233
050400041104,2016,16.700860363,5.694471987,0.634494268
050400041104,2017,20.310429469,6.002847358,0.68562788
050400041104,2018,47.153927728,8.392702592,0.7341672
050400041104,2019,27.494088416,7.686511301,0.645834741
050400041105,2010,35.084071696,6.957586328,0.678485338
050400041105,2011,49.195396038,10.949882916,0.667362498
050400041105,2012,38.849719633,8.15526296,0.653443865
050400041105,2013,32.911301254,7.669795991,0.677685348
050400041105,2014,42.756880276,9.628948254,0.714612433
050400041105,2015,42.048790424,8.892464345,0.696013247
050400041105,2016,30.064384037,7.633074192,0.629971261
050400041105,2017,33.020124301,6.82080223,0.685714667
050400041105,2018,65.183747282,11.967530158,0.723034584
050400041105,2019,42.216433515,10.84549811,0.658365997
050400041201,2010,28.6751024,8.385296683,0.657904522
050400041201,2011,36.043782786,8.864823624,0.664116548
050400041201,2012,25.893071185,7.914240338,0.662465157
050400041201,2013,23.36504466,7.780927408,0.654430154
050400041201,2014,25.103683007,8.594065272,0.684390217
050400041201,2015,27.029542512,7.85574929,0.665230191
050400041201,2016,18.650369669,6.886997957,0.618969229
050400041201,2017,19.251373391,7.05831359,0.64774486
050400041201,2018,48.641937305,10.030478611,0.701525201
050400041201,2019,26.990613018,8.01519816,0.626079242
050400041202,2010,26.243209562,4.87422526,0.608621339
050400041202,2011,46.521702164,9.309596398,0.616465738
050400041202,2012,27.45188603,4.468109583,0.580391263
050400041202,2013,31.006258849,5.632560987,0.642335434
050400041202,2014,36.554139053,8.6686105,0.654535433
050400041202,2015,36.880341643,7.86285227,0.608827747
050400041202,2016,26.198582949,4.719447492,0.601019676
050400041202,2017,24.094006431,3.38957169,0.603000175
050400041202,2018,56.824049106,10.644545278,0.658704362
050400041202,2019,37.923749488,8.260388665,0.615799509
050400041203,2010,33.183775433,7.089112591,0.668834279
050400041203,2011,49.463126855,12.62860038,0.659330978
050400041203,2012,31.229308881,6.674366148,0.631133397
050400041203,2013,32.905182149,7.822574675,0.696665457
050400041203,2014,37.113028376,10.752873154,0.701719357
050400041203,2015,39.88543668,9.912394972,0.676281863
050400041203,2016,29.355655491,7.583005584,0.64763815
050400041203,2017,28.190721177,6.210632698,0.670746578
050400041203,2018,60.173822392,12.830934944,0.708540485
050400041203,2019,40.257568603,12.147295589,0.651388281
050400041204,2010,36.684137593,5.959898169,0.639689579
050400041204,2011,51.959195674,8.387342553,0.649100272
050400041204,2012,29.839316128,4.74122454,0.603097318
050400041204,2013,39.746539868,7.077575272,0.669817277
050400041204,2014,44.491561582,8.20875141,0.706221094
050400041204,2015,43.55031513,6.943018872,0.645588994
050400041204,2016,34.157114993,5.765988746,0.630248217
050400041204,2017,29.196892607,4.735660117,0.627648271
050400041204,2018,60.613168648,9.573392985,0.683484904
050400041204,2019,41.448609201,7.042160145,0.630943909
050400050101,2010,37.36614685,13.928249533,0.755451048
050400050101,2011,52.984749696,16.976496648,0.798497789
050400050101,2012,25.81928263,10.286055773,0.715370351
050400050101,2013,45.88299708,14.446100625,0.80027319
050400050101,2014,34.358334999,13.50695653,0.792512645
050400050101,2015,40.207425437,13.879131434,0.776419759
050400050101,2016,27.919723736,10.625294367,0.754103773
050400050101,2017,36.270922436,12.972234158,0.774004313
050400050101,2018,64.357967404,19.323921884,0.819817227
050400050101,2019,32.094963716,12.105115122,0.715601216
050400050102,2010,41.497747595,18.319990246,0.797756621
050400050102,2011,52.290907525,21.840706172,0.813909592
050400050102,2012,32.06195934,14.920087851,0.752185591
050400050102,2013,49.23390145,20.370609043,0.827816096
050400050102,2014,37.243502706,18.205208299,0.815963188
050400050102,2015,43.085107879,18.164703472,0.822768655
050400050102,2016,31.899576031,15.46593935,0.776587362
050400050102,2017,34.432578272,15.538526162,0.799264455
050400050102,2018,74.336675843,28.665415034,0.843406858
050400050102,2019,38.018068622,17.19333038,0.724898975
050400050103,2010,41.517717208,15.414005054,0.751785075
050400050103,2011,59.212005029,20.122786741,0.791601388
050400050103,2012,35.481744397,13.249293536,0.734267461
050400050103,2013,51.948859896,16.441646975,0.800492694
050400050103,2014,42.131385527,15.690428519,0.793128713
050400050103,2015,43.202727175,14.951518698,0.780413329
050400050103,2016,34.119825702,13.530104121,0.756620341
050400050103,2017,44.08088486,15.098153289,0.781516991
050400050103,2018,72.186219877,22.906548473,0.814133668
050400050103,2019,36.840728764,13.970660311,0.717748956
050400050104,2010,30.625404856,14.110480061,0.736913066
050400050104,2011,39.689108529,17.61834006,0.753097487
050400050104,2012,24.961055309,11.899760935,0.705771505
050400050104,2013,35.477537721,15.551965345,0.763240519
050400050104,2014,30.059327949,14.249567471,0.764411972
050400050104,2015,31.550697758,13.679516465,0.763250701
050400050104,2016,24.857457463,12.103293939,0.726519904
050400050104,2017,28.659504118,12.204783178,0.74793615
050400050104,2018,53.461649926,22.234872289,0.783146313
050400050104,2019,29.455243026,13.560529876,0.687897866
050400050105,2010,32.227671563,14.040386633,0.718405181
050400050105,2011,44.289198333,18.413880055,0.746003463
050400050105,2012,25.502756127,11.77890306,0.700060839
050400050105,2013,36.598104035,15.111337102,0.757371965
050400050105,2014,35.41770457,14.854741091,0.774791103
050400050105,2015,33.50046237,13.221221245,0.756496302
050400050105,2016,25.379147521,11.710607097,0.724936054
050400050105,2017,34.254736125,14.050354032,0.752200062
050400050105,2018,57.348799086,22.119487427,0.778613222
050400050105,2019,33.949801636,14.80060483,0.686781902
050400050201,2010,30.688867588,11.291699687,0.592882993
050400050201,2011,52.392252853,17.415978376,0.643818158
050400050201,2012,30.015004882,11.634646629,0.612032775
050400050201,2013,39.720140848,13.457334562,0.652953003
050400050201,2014,39.392366111,13.837752341,0.660438834
050400050201,2015,33.172240378,12.177471725,0.637760443
050400050201,2016,30.003522445,10.956882114,0.600148526
050400050201,2017,36.142095399,11.809589412,0.64845053
050400050201,2018,54.948555072,18.926512509,0.662264345
050400050201,2019,39.75963731,14.506233837,0.598680263
050400050202,2010,30.172278304,16.914809954,0.620758498
050400050202,2011,49.515537695,25.769166424,0.663062473
050400050202,2012,30.493380073,17.68880774,0.628683717
050400050202,2013,35.789678896,19.355899922,0.680140407
050400050202,2014,38.851682735,20.884702476,0.687717626
050400050202,2015,34.053648598,18.894008243,0.669046756
050400050202,2016,26.796864565,15.779851941,0.62431282
050400050202,2017,32.509025267,17.123509628,0.668216719
050400050202,2018,54.903712357,27.472941331,0.67748125
050400050202,2019,40.129590748,21.493843963,0.627977805
050400050203,2010,30.384891413,13.943317202,0.611595669
050400050203,2011,45.047712459,18.672151097,0.662559874
050400050203,2012,27.33847518,13.211503653,0.628490423
050400050203,2013,38.621527225,16.600573647,0.682884846
050400050203,2014,34.708634874,16.156972753,0.689279395
050400050203,2015,33.618800398,14.333738383,0.680994721
050400050203,2016,26.125174987,12.348869855,0.64182685
050400050203,2017,34.187103817,15.086343359,0.682031697
050400050203,2018,54.444390298,22.097595541,0.684416545
050400050203,2019,33.026731303,15.253125903,0.610097131
050400050204,2010,36.713628626,16.926877313,0.611879574
050400050204,2011,53.248993193,22.083501624,0.661714585
050400050204,2012,33.063258569,15.699970606,0.627613068
050400050204,2013,46.849894484,20.449778874,0.683487836
050400050204,2014,44.900081419,20.128800582,0.690754027
050400050204,2015,40.996104389,17.690731999,0.681763239
050400050204,2016,32.789400804,15.105229525,0.642281629
050400050204,2017,41.836316858,18.522287252,0.682099171
050400050204,2018,62.607941245,25.921178553,0.682789131
050400050204,2019,40.901333855,18.239743927,0.611440101
050400050205,2010,29.385744517,15.254747032,0.586217062
050400050205,2011,49.97472056,22.720989459,0.638005276
050400050205,2012,27.726491675,14.724389102,0.598934601
050400050205,2013,37.175191499,18.056698359,0.644826114
050400050205,2014,38.404197819,19.156271905,0.653091178
050400050205,2015,32.486867786,16.968903013,0.634579293
050400050205,2016,28.078817909,14.473743174,0.594520921
050400050205,2017,34.622269482,16.075660322,0.640467462
050400050205,2018,53.074972052,24.531461979,0.650872486
050400050205,2019,38.274005428,18.820598348,0.592545371
050400050206,2010,28.806201007,9.424140558,0.583804568
050400050206,2011,41.528755974,13.182198377,0.62687737
050400050206,2012,21.536097763,7.966610625,0.574075209
050400050206,2013,33.044032617,10.966874676,0.634196555
050400050206,2014,30.31140138,9.346330689,0.643242255
050400050206,2015,25.634122039,8.758630575,0.607020832
050400050206,2016,24.501578928,7.392744645,0.59252428
050400050206,2017,30.524160993,9.334745653,0.635692187
050400050206,2018,43.250065335,14.379825871,0.649907192
050400050206,2019,30.242093389,11.189807176,0.578626845
050400050207,2010,36.230443635,16.34200066,0.5496292
050400050207,2011,51.707302188,21.05632156,0.597705958
050400050207,2012,29.896575875,13.829847412,0.549936204
050400050207,2013,41.147643329,18.344602085,0.597200605
050400050207,2014,41.696448032,18.667174652,0.600574698
050400050207,2015,38.021510861,17.314943735,0.587686309
050400050207,2016,33.136211382,14.679771488,0.564663306
050400050207,2017,42.343382986,17.591193285,0.606075105
050400050207,2018,58.890043261,24.101510772,0.624694125
050400050207,2019,38.724952886,17.928105551,0.546188447
050400050301,2010,41.025282553,14.672606082,0.747118606
050400050301,2011,52.842655329,19.702121059,0.77337414
050400050301,2012,37.819223605,15.275716393,0.743888497
050400050301,2013,44.086943658,15.420635661,0.775798782
050400050301,2014,38.967954734,15.79564162,0.772146701
050400050301,2015,45.797240514,16.079284045,0.781307538
050400050301,2016,35.342982835,14.411436241,0.757009292
050400050301,2017,42.253262156,15.329519169,0.768615187
050400050301,2018,70.756652285,22.297615114,0.795479319
050400050301,2019,40.4947181,16.673298958,0.714615973
050400050302,2010,32.029932556,13.430329878,0.710078592
050400050302,2011,47.042358599,18.923821721,0.742083057
050400050302,2012,28.815430702,12.914082958,0.704115066
050400050302,2013,31.869070672,12.926474281,0.742787367
050400050302,2014,32.40414127,14.18214132,0.742969584
050400050302,2015,34.709149583,13.881862546,0.740536699
050400050302,2016,31.162615527,13.072801134,0.733610671
050400050302,2017,35.523756573,13.890833963,0.742306972
050400050302,2018,57.98400208,21.585782156,0.76910719
050400050302,2019,35.557477443,15.402443311,0.698114757
050400050401,2010,37.041358823,21.195412179,0.734125694
050400050401,2011,45.09131935,25.3622284,0.748790094
050400050401,2012,28.059549832,18.192784467,0.723058567
050400050401,2013,34.980998075,21.091087114,0.789947807
050400050401,2014,29.827685611,18.59987527,0.769788394
050400050401,2015,30.931739268,17.982347981,0.7695639
050400050401,2016,30.831446609,19.210367442,0.753497756
050400050401,2017,32.949824711,20.214191836,0.770226361
050400050401,2018,59.317903992,30.262584583,0.788607254
050400050401,2019,39.363767228,23.811320952,0.755914639
050400050402,2010,40.907749823,20.871248679,0.734636393
050400050402,2011,52.102351525,24.571337482,0.76625326
050400050402,2012,33.948537543,18.274996721,0.73298322
050400050402,2013,39.418011448,20.323611904,0.782110984
050400050402,2014,37.362485774,19.69410492,0.767257323
050400050402,2015,42.154747127,20.586612316,0.774850353
050400050402,2016,35.014120294,18.7152827,0.744181867
050400050402,2017,44.511836568,22.002840478,0.773809506
050400050402,2018,67.917888668,30.159235337,0.79266213
050400050402,2019,42.79193146,21.87698646,0.742204328
050400050403,2010,41.989105005,20.639034032,0.736952491
050400050403,2011,46.95236506,24.67365063,0.744846369
050400050403,2012,29.407400604,17.811021993,0.727521342
050400050403,2013,40.339391283,20.550862797,0.792526801
050400050403,2014,30.577990622,17.999867849,0.771498899
050400050403,2015,32.515179488,17.417258048,0.769763676
050400050403,2016,32.556831902,18.678691587,0.754851386
050400050403,2017,38.062145126,19.767878385,0.774080375
050400050403,2018,62.397868717,29.376762022,0.788267143
050400050403,2019,46.083213896,23.42781849,0.764295128
050400050404,2010,40.856669836,20.640431712,0.736951834
050400050404,2011,46.162856412,24.762455766,0.749720982
050400050404,2012,29.567653836,17.898037727,0.733164836
050400050404,2013,38.665396173,20.512341612,0.791849681
050400050404,2014,29.826584997,18.018302631,0.77217661
050400050404,2015,31.229422826,17.414284048,0.769768273
050400050404,2016,31.569043301,18.711851449,0.757275663
050400050404,2017,35.360782353,19.757249762,0.775205341
050400050404,2018,58.322712991,29.319062378,0.78746577
050400050404,2019,44.607581795,23.383356593,0.764362642
050400050405,2010,37.303087853,20.682336927,0.737067722
050400050405,2011,42.838966157,24.784442357,0.748793782
050400050405,2012,27.173130932,17.849325577,0.725813851
050400050405,2013,35.693216085,20.633584662,0.793164604
050400050405,2014,28.43586831,18.067651632,0.772123984
050400050405,2015,30.409672468,17.507558078,0.771981165
050400050405,2016,30.008804618,18.741029839,0.75584029
050400050405,2017,33.680725906,19.768749415,0.772301512
050400050405,2018,56.608061781,29.460363368,0.788306241
050400050405,2019,40.576171988,23.449136059,0.763919944
050400050406,2010,30.621600277,15.074811517,0.722262966
050400050406,2011,38.577383591,17.501658278,0.757053686
050400050406,2012,23.170317782,12.850573471,0.708076899
050400050406,2013,31.301899605,14.368811196,0.768761825
050400050406,2014,25.508241294,12.706852879,0.756187686
050400050406,2015,24.960702732,11.971720577,0.754641531
050400050406,2016,24.510267745,12.413154596,0.747744633
050400050406,2017,28.376789747,13.855012899,0.755993543
050400050406,2018,46.276398726,21.16189244,0.779482443
050400050406,2019,30.273227087,15.941276384,0.733430709
050400050501,2010,34.863944671,9.496163464,0.656328143
050400050501,2011,47.2037535,12.470810316,0.69477383
050400050501,2012,24.774252986,7.499692043,0.651816921
050400050501,2013,39.539559288,9.799431617,0.723131824
050400050501,2014,34.685159155,9.001597942,0.718881973
050400050501,2015,29.38756352,6.902364023,0.693576227
050400050501,2016,27.705228018,7.399017943,0.667500586
050400050501,2017,33.839092164,7.545231259,0.716539784
050400050501,2018,53.526349597,13.958398773,0.735553696
050400050501,2019,34.660680672,10.327880129,0.671012946
050400050502,2010,33.842957348,9.607168863,0.655752415
050400050502,2011,48.910303846,12.628481773,0.696076747
050400050502,2012,25.412009558,7.623770007,0.65812056
050400050502,2013,41.080683973,9.998117567,0.727223544
050400050502,2014,33.64410028,9.120929417,0.718583772
050400050502,2015,28.719429292,7.018958289,0.694979555
050400050502,2016,28.674669891,7.515193568,0.67166415
050400050502,2017,34.046751557,7.702822227,0.718933369
050400050502,2018,52.09170746,14.111839487,0.737277565
050400050502,2019,34.901197259,10.442382328,0.671022095
050400050503,2010,35.569019286,9.665939799,0.663197725
050400050503,2011,46.493333015,12.626200347,0.696665809
050400050503,2012,24.954961335,7.632935228,0.655721008
050400050503,2013,41.219396964,10.013624412,0.728447
050400050503,2014,34.796069816,9.175510075,0.721787208
050400050503,2015,30.928852086,7.094332749,0.699861291
050400050503,2016,28.154580861,7.566585492,0.671290586
050400050503,2017,34.367908208,7.712308742,0.718626206
050400050503,2018,54.806275521,14.153554854,0.73963267
050400050503,2019,35.162333025,10.478701946,0.674395333
050400050504,2010,38.978646996,9.588702797,0.654668204
050400050504,2011,49.867707167,12.69610025,0.689917683
050400050504,2012,27.928545402,7.444334426,0.652256622
050400050504,2013,46.925080214,10.122039125,0.716359684
050400050504,2014,37.180609044,9.320828257,0.705771101
050400050504,2015,34.293014535,7.414127018,0.695994033
050400050504,2016,31.463483776,7.764597263,0.670067629
050400050504,2017,38.381719223,8.274621425,0.703741396
050400050504,2018,58.606090992,13.874987852,0.728320201
050400050504,2019,39.672897777,10.514308111,0.666305001
050400050505,2010,36.300350517,7.424625152,0.689870112
050400050505,2011,47.450903803,11.271871445,0.723442424
050400050505,2012,25.112534121,6.691071992,0.673442286
050400050505,2013,41.830911906,6.879660914,0.743848546
050400050505,2014,35.374763442,6.212782202,0.736298384
050400050505,2015,30.248179941,5.406769088,0.700631923
050400050505,2016,28.733092547,5.640164655,0.698426104
050400050505,2017,31.202732517,4.422718231,0.717908077
050400050505,2018,59.498026006,11.866147896,0.747397869
050400050505,2019,40.375957218,8.32616564,0.708684507
050400050506,2010,35.832467754,10.352790942,0.669371096
050400050506,2011,45.487417286,13.706402353,0.714459125
050400050506,2012,29.917821903,9.392500243,0.705723579
050400050506,2013,36.909158528,10.977481091,0.741294079
050400050506,2014,27.166101684,8.902521819,0.723000413
050400050506,2015,26.96837074,7.604881029,0.705392758
050400050506,2016,26.03732401,8.419865212,0.706364703
050400050506,2017,29.815825551,7.519315498,0.732494318
050400050506,2018,52.81884084,15.304169663,0.740492571
050400050506,2019,40.893061457,11.875951615,0.724416142
050400050507,2010,35.720527052,10.380528829,0.670360639
050400050507,2011,46.794293205,13.738458329,0.716293384
050400050507,2012,29.718774006,9.407414065,0.704274805
050400050507,2013,37.652824907,10.996126912,0.740978572
050400050507,2014,27.991760401,8.930356084,0.723629048
050400050507,2015,28.41506926,7.653181817,0.709528971
050400050507,2016,27.851347178,8.456966967,0.709754159
050400050507,2017,29.866457949,7.538283676,0.731011141
050400050507,2018,53.152963608,15.337937491,0.740403248
050400050507,2019,41.020375269,11.890580725,0.721877839
050400050508,2010,34.818786704,8.586431119,0.680228588
050400050508,2011,46.198182127,12.285647221,0.722946577
050400050508,2012,26.437599755,7.750060575,0.683572288
050400050508,2013,39.50458695,8.483137818,0.743803492
050400050508,2014,30.545363399,7.278774292,0.729807534
050400050508,2015,28.894938157,6.324528774,0.706627819
050400050508,2016,27.871288835,6.754388531,0.701924513
050400050508,2017,29.966188299,5.653645664,0.722305121
050400050508,2018,53.533339177,13.232343954,0.74246234
050400050508,2019,39.561578154,9.71483146,0.71353194
050400050601,2010,33.066745052,12.938912971,0.70166378
050400050601,2011,41.121043199,17.197792163,0.758239954
050400050601,2012,28.287048647,12.312485154,0.751747469
050400050601,2013,30.783456955,13.027577434,0.783169516
050400050601,2014,24.19257286,11.384856278,0.761940087
050400050601,2015,26.78010995,10.692843469,0.758776944
050400050601,2016,22.479051499,11.156948849,0.739804124
050400050601,2017,21.930031531,9.585035578,0.756176338
050400050601,2018,44.193703889,17.667250637,0.783294841
050400050601,2019,32.889189786,14.159246245,0.75947867
050400050602,2010,36.566541903,12.506440185,0.689612562
050400050602,2011,43.952129585,15.302332068,0.747335196
050400050602,2012,30.017336992,11.332672334,0.733518867
050400050602,2013,36.796953552,12.640177863,0.770607617
050400050602,2014,24.216365979,9.654487349,0.748704824
050400050602,2015,27.456551863,9.165903194,0.747299891
050400050602,2016,22.219951238,9.410575085,0.7262826
050400050602,2017,25.124123313,9.029028282,0.744043557
050400050602,2018,49.733861536,16.447826933,0.769697365
050400050602,2019,37.195329912,13.343424759,0.748193249
050400050603,2010,36.146447944,12.722091538,0.712426426
050400050603,2011,49.405070542,17.322095563,0.75687473
050400050603,2012,25.378206122,10.948995425,0.720909329
050400050603,2013,40.169383092,13.990706273,0.794652224
050400050603,2014,34.715782142,13.033209519,0.789280675
050400050603,2015,29.12794092,9.775221053,0.762532031
050400050603,2016,24.21526469,10.259519586,0.750187849
050400050603,2017,26.562423359,10.740495845,0.74979974
050400050603,2018,60.123291767,18.834975548,0.800995624
050400050603,2019,39.141374584,14.532535396,0.764841464
050400050604,2010,30.759816554,10.051616672,0.661491389
050400050604,2011,42.136074984,12.863118014,0.721470662
050400050604,2012,25.685113962,9.181742869,0.68843539
050400050604,2013,35.66542628,10.828543284,0.737864443
050400050604,2014,25.019276451,8.618170072,0.723585383
050400050604,2015,25.475097846,8.091747887,0.694886443
050400050604,2016,19.327893276,7.338682162,0.682272256
050400050604,2017,20.732503059,7.065099881,0.695597306
050400050604,2018,49.888631925,14.745640459,0.751467343
050400050604,2019,34.27931969,12.024866833,0.711877606
050400050605,2010,32.771852895,14.755775608,0.616401383
050400050605,2011,44.570511257,19.491949757,0.696868701
050400050605,2012,28.987463047,13.468634373,0.657918216
050400050605,2013,40.734115132,18.554952674,0.704849448
050400050605,2014,29.272982686,13.548947352,0.689045882
050400050605,2015,28.699266763,12.09440002,0.682431498
050400050605,2016,23.686016459,12.502355076,0.658564697
050400050605,2017,22.373280298,11.699602536,0.657935102
050400050605,2018,50.586836733,21.723358752,0.715847074
050400050605,2019,35.347474568,17.265946687,0.683154419
050400060101,2010,28.602942632,1.941648577,0.658115221
050400060101,2011,50.768262956,3.159451434,0.725220614
050400060101,2012,29.230319387,1.951581695,0.682645262
050400060101,2013,47.781436435,3.017843601,0.717107883
050400060101,2014,34.134589127,2.517275113,0.738963184
050400060101,2015,32.984121561,1.991528232,0.720162069
050400060101,2016,27.927847937,1.842308888,0.716679299
050400060101,2017,31.458420536,1.836967232,0.707141606
050400060101,2018,50.791240072,2.792841915,0.747857591
050400060101,2019,41.467159788,2.872554677,0.713003506
050400060102,2010,20.179754679,1.398881925,0.566306641
050400060102,2011,36.346332359,2.486339006,0.609147163
050400060102,2012,18.528195956,1.420857159,0.562610631
050400060102,2013,35.452823277,2.458117914,0.609886978
050400060102,2014,23.725245612,1.916940515,0.621911764
050400060102,2015,20.584236289,1.147238891,0.600035576
050400060102,2016,15.173283786,0.905317757,0.571484416
050400060102,2017,24.867984044,1.302660353,0.596031303
050400060102,2018,34.359431441,2.192069639,0.637180053
050400060102,2019,31.90686621,2.418817594,0.605981089
050400060103,2010,29.972466324,0.59436737,0.667438934
050400060103,2011,51.473877773,0.773035146,0.720781499
050400060103,2012,31.285969232,0.643432643,0.701814565
050400060103,2013,46.226938588,0.789799121,0.724599654
050400060103,2014,36.371161077,0.761414377,0.755028132
050400060103,2015,33.216924548,0.676095128,0.718141483
050400060103,2016,27.75819741,0.667413437,0.735005779
050400060103,2017,39.236496044,0.705142018,0.725251321
050400060103,2018,48.358386834,0.812278271,0.746018226
050400060103,2019,47.206847789,0.826099668,0.725312239
050400060104,2010,39.721026029,0.984094073,0.665715125
050400060104,2011,63.064880583,1.393709629,0.724101986
050400060104,2012,42.769049964,1.032190712,0.697943245
050400060104,2013,58.385132596,1.39923275,0.724068657
050400060104,2014,50.72657154,1.303007068,0.752280294
050400060104,2015,47.285821338,1.110917567,0.720077373
050400060104,2016,42.924086921,1.079014243,0.733565532
050400060104,2017,51.286667902,1.08685206,0.722573914
050400060104,2018,65.891119276,1.431983897,0.748873628
050400060104,2019,58.576872757,1.385423706,0.723729762
050400060201,2010,23.967863434,4.178339015,0.67923083
050400060201,2011,47.558697044,5.87874745,0.747693465
050400060201,2012,24.456703693,3.865994028,0.704604294
050400060201,2013,39.671025813,5.499677844,0.753727513
050400060201,2014,29.020131916,5.268701239,0.775484007
050400060201,2015,28.468048374,4.520992421,0.754850307
050400060201,2016,21.564298171,4.032276432,0.744963691
050400060201,2017,23.745432761,3.97175019,0.738142774
050400060201,2018,44.557232899,6.156367566,0.791636877
050400060201,2019,36.248318987,5.86745727,0.750527171
050400060202,2010,35.282525446,16.206150487,0.729095081
050400060202,2011,58.958665021,26.580878859,0.735979366
050400060202,2012,32.939467234,14.512671002,0.716154898
050400060202,2013,44.943087554,19.153887101,0.781338503
050400060202,2014,45.730268557,21.906143091,0.826108253
050400060202,2015,41.702670349,18.211570922,0.799664722
050400060202,2016,32.642739692,16.238360918,0.725900906
050400060202,2017,30.11772599,12.366404799,0.768567887
050400060202,2018,53.695761164,21.815307596,0.795260917
050400060202,2019,46.530689722,21.787024975,0.764513756
050400060203,2010,38.233445514,10.805525354,0.710832926
050400060203,2011,62.120378404,15.720631938,0.745756207
050400060203,2012,39.388400219,9.291450304,0.720854469
050400060203,2013,52.61691774,12.694874597,0.780747003
050400060203,2014,51.8969357,14.727326477,0.812016442
050400060203,2015,48.511519629,11.68007687,0.789032798
050400060203,2016,38.653947785,9.926331388,0.738762992
050400060203,2017,38.855022927,7.909615916,0.758407638
050400060203,2018,62.123324071,13.510089291,0.794981319
050400060203,2019,53.06336279,13.715342532,0.760414745
050400060204,2010,37.360413861,16.533051119,0.736373483
050400060204,2011,59.171479974,26.843236039,0.736598639
050400060204,2012,33.052286485,14.643453464,0.715485548
050400060204,2013,45.812109351,19.387862316,0.781290288
050400060204,2014,48.425552661,22.549174017,0.831819676
050400060204,2015,42.908567845,18.55703344,0.801802298
050400060204,2016,32.691443546,16.358272298,0.72584668
050400060204,2017,30.317483689,12.386938901,0.765286702
050400060204,2018,52.690758587,21.947709489,0.792811444
050400060204,2019,46.928516996,22.08932798,0.768031912
050400060205,2010,42.90549932,16.954904313,0.742820324
050400060205,2011,60.357141275,25.619020155,0.756819176
050400060205,2012,37.186840154,14.907505649,0.736127445
050400060205,2013,49.045752158,19.644170785,0.795395416
050400060205,2014,54.808938783,22.696087258,0.833753345
050400060205,2015,47.809526832,18.269005377,0.81348079
050400060205,2016,35.176543911,15.851150258,0.738950704
050400060205,2017,32.971741166,12.225908499,0.768611597
050400060205,2018,56.588406042,21.020808092,0.798917289
050400060205,2019,50.606631296,21.74996233,0.776263609
050400060301,2010,28.824055096,3.092413114,0.660504599
050400060301,2011,45.60525467,3.976370093,0.713990564
050400060301,2012,22.34039121,2.618751614,0.645002275
050400060301,2013,38.639438458,3.779735995,0.699094484
050400060301,2014,31.020546588,3.516514855,0.749845104
050400060301,2015,34.549284754,3.37930317,0.718240337
050400060301,2016,19.683450497,2.36402857,0.695888257
050400060301,2017,23.389845347,2.316169213,0.699997951
050400060301,2018,40.071363495,3.435537234,0.732110856
050400060301,2019,40.81068713,4.213894202,0.708741869
050400060302,2010,30.651610939,1.065775921,0.68246434
050400060302,2011,52.615553873,1.336928349,0.724705931
050400060302,2012,27.020643912,1.027136095,0.670889939
050400060302,2013,41.718437315,1.26749259,0.720733098
050400060302,2014,35.405625442,1.41271214,0.770208138
050400060302,2015,38.100394047,1.301685725,0.738272101
050400060302,2016,22.188516113,1.06365391,0.723034218
050400060302,2017,27.715730937,1.081729709,0.724539244
050400060302,2018,45.074823517,1.389413039,0.754890648
050400060302,2019,44.4498435,1.418189041,0.728219313
050400060303,2010,40.001540447,4.145629279,0.645408593
050400060303,2011,60.249158575,5.249053872,0.710103192
050400060303,2012,31.636633854,3.348067701,0.640202059
050400060303,2013,48.531703929,4.985857715,0.688085524
050400060303,2014,44.086345103,4.675470226,0.747065296
050400060303,2015,49.668124342,4.45441483,0.708586851
050400060303,2016,29.833580849,3.015821147,0.690662108
050400060303,2017,36.344285321,2.984117655,0.691030133
050400060303,2018,55.021648779,4.482782699,0.723409096
050400060303,2019,56.743749459,5.598094135,0.703778399
050400060304,2010,53.222195207,13.888437714,0.686253112
050400060304,2011,75.005513873,20.938584252,0.713939555
050400060304,2012,46.228447715,11.927897626,0.694982339
050400060304,2013,59.826235289,15.345438177,0.723202314
050400060304,2014,71.911569461,18.830629106,0.770554561
050400060304,2015,64.360193635,14.599385623,0.746879524
050400060304,2016,45.608833572,11.91577279,0.707448407
050400060304,2017,46.823035471,10.451167771,0.705270201
050400060304,2018,77.988569496,18.552817535,0.747413961
050400060304,2019,68.803221417,17.915542364,0.724615602
050400060401,2010,29.508082259,1.13302008,0.641570488
050400060401,2011,47.96807436,1.454108324,0.71853548
050400060401,2012,24.546133979,1.119914751,0.644604265
050400060401,2013,30.72116944,1.131262272,0.691544059
050400060401,2014,25.931888897,1.302029593,0.736650116
050400060401,2015,42.21116172,1.377606856,0.69709584
050400060401,2016,20.805926534,1.295687182,0.710659032
050400060401,2017,25.448124401,1.211970633,0.698559177
050400060401,2018,41.218744413,1.511378952,0.728250163
050400060401,2019,45.082590975,1.658033149,0.703737878
050400060402,2010,23.291726354,2.937333528,0.5850066
050400060402,2011,41.639487967,4.51588913,0.661536543
050400060402,2012,18.875046777,2.587589131,0.564837191
050400060402,2013,29.378845172,3.570483167,0.631022061
050400060402,2014,21.185583694,3.534532516,0.655324781
050400060402,2015,31.470181497,3.874304131,0.642624972
050400060402,2016,14.772385935,2.968815773,0.604315259
050400060402,2017,18.541480335,3.142620886,0.6258497
050400060402,2018,36.302122878,4.284694632,0.673649866
050400060402,2019,38.096242566,4.335564445,0.65043502
050400060403,2010,47.068217249,2.518989218,0.626076573
050400060403,2011,67.097168492,2.860097266,0.677592684
050400060403,2012,36.847988198,2.153704268,0.61853453
050400060403,2013,47.480035237,2.394186019,0.646677036
050400060403,2014,47.620223732,2.743139699,0.704389074
050400060403,2015,65.490389026,3.040323421,0.672565782
050400060403,2016,39.056053572,2.270117873,0.662026073
050400060403,2017,43.090005508,2.123084573,0.660835957
050400060403,2018,73.4804685,3.306055417,0.70545387
050400060403,2019,64.818234011,2.954347296,0.673310499
050400060404,2010,18.946998,0.960854021,0.599562009
050400060404,2011,29.401687427,0.981299311,0.616787997
050400060404,2012,12.857854445,0.820311153,0.556453559
050400060404,2013,17.200959306,0.912569449,0.599704712
050400060404,2014,23.816957634,1.168109444,0.647345879
050400060404,2015,22.676748026,1.138851756,0.604577088
050400060404,2016,12.795983951,1.026348921,0.605008023
050400060404,2017,12.874657174,0.950554244,0.592902214
050400060404,2018,31.712076842,1.295681477,0.668143257
050400060404,2019,25.465850944,1.135999915,0.627849849
050400060405,2010,30.945657481,12.570680393,0.653972304
050400060405,2011,33.825266526,13.438913407,0.666567315
050400060405,2012,19.661466765,8.826649948,0.625956877
050400060405,2013,21.736954721,9.995018695,0.647575157
050400060405,2014,26.168755529,10.119893877,0.712337527
050400060405,2015,29.609657472,11.318884167,0.678953484
050400060405,2016,18.824873796,8.030767916,0.678058123
050400060405,2017,17.431570447,6.889001132,0.655488316
050400060405,2018,40.516266835,14.793595863,0.716208386
050400060405,2019,31.790629674,12.84893314,0.676155352
050400060406,2010,47.777862885,4.231570049,0.617823258
050400060406,2011,55.933958507,4.733579953,0.647400118
050400060406,2012,33.666017251,3.495482445,0.606858674
050400060406,2013,41.795907247,3.835114351,0.613417008
050400060406,2014,49.03053177,4.423029459,0.688017418
050400060406,2015,56.751728108,4.808706197,0.652181811
050400060406,2016,32.11666913,3.443037774,0.631004746
050400060406,2017,33.329634322,3.120749277,0.631596646
050400060406,2018,70.389755296,5.469775974,0.692631511
050400060406,2019,52.179489932,4.774518884,0.645334614
050400060407,2010,34.385145769,11.228251514,0.700532953
050400060407,2011,43.507231171,15.269239186,0.719361707
050400060407,2012,26.79685158,9.788864333,0.692304883
050400060407,2013,32.657348087,10.899714184,0.727764407
050400060407,2014,38.770774023,13.105651759,0.778874668
050400060407,2015,36.738903047,11.938377448,0.753186859
050400060407,2016,24.53962295,9.279771563,0.704076905
050400060407,2017,23.080664622,7.078846429,0.707571198
050400060407,2018,49.817743512,14.908676274,0.767438868
050400060407,2019,38.673805373,13.753282769,0.719147861
050400060408,2010,38.284345959,13.125483721,0.691740179
050400060408,2011,44.292143742,16.149579133,0.698937362
050400060408,2012,28.219376252,11.269665969,0.68468064
050400060408,2013,30.652432866,11.524893636,0.715128715
050400060408,2014,39.210784395,13.321373025,0.757450963
050400060408,2015,42.770393413,13.352405855,0.736505701
050400060408,2016,25.614482641,10.9126775,0.695541581
050400060408,2017,24.73589454,8.651794959,0.693851798
050400060408,2018,54.50929269,17.10660379,0.752672819
050400060408,2019,42.296417683,15.463762443,0.698292608
050400060409,2010,58.987474262,13.312118345,0.712747924
050400060409,2011,68.315722309,18.708453536,0.716669681
050400060409,2012,47.841919812,11.749026705,0.69442163
050400060409,2013,53.233365103,12.556557788,0.724780776
050400060409,2014,66.341470018,15.955194623,0.781484679
050400060409,2015,64.802132246,14.822287969,0.748420138
050400060409,2016,46.879125213,12.33610953,0.708805645
050400060409,2017,44.039859241,9.092512576,0.706524069
050400060409,2018,80.186641974,18.227355868,0.778858456
050400060409,2019,64.138761958,17.541273129,0.71159802
050400060501,2010,43.202870526,3.074759284,0.702557135
050400060501,2011,51.693964918,3.957443335,0.71595682
050400060501,2012,33.881437229,2.602845611,0.69723528
050400060501,2013,36.420431291,2.706532684,0.716856362
050400060501,2014,50.273469927,3.761361599,0.78217506
050400060501,2015,48.432659834,3.15216795,0.752562547
050400060501,2016,27.436909191,2.530560174,0.686866113
050400060501,2017,29.518248488,1.70294706,0.720594908
050400060501,2018,62.905881285,4.096595831,0.762486896
050400060501,2019,47.1172016,3.90061648,0.720794352
050400060502,2010,36.601957567,11.434964501,0.689792512
050400060502,2011,53.62396866,17.910574727,0.710366256
050400060502,2012,34.114384304,10.452018585,0.697351169
050400060502,2013,43.969715679,13.147086925,0.744218748
050400060502,2014,44.158162048,14.218921016,0.766908489
050400060502,2015,41.932771442,10.896133284,0.759020284
050400060502,2016,30.638749929,10.734939527,0.691633222
050400060502,2017,29.525827223,7.46870108,0.708769681
050400060502,2018,50.711820156,12.825259162,0.744730674
050400060502,2019,46.513537747,16.031079475,0.725646059
050400060503,2010,36.936433845,12.029455358,0.693038977
050400060503,2011,54.234248091,18.20417569,0.717271892
050400060503,2012,35.588363382,11.108745001,0.716027018
050400060503,2013,45.622727833,13.969552714,0.75143788
050400060503,2014,41.74305525,13.764882551,0.764432245
050400060503,2015,42.57452947,12.088033904,0.759267094
050400060503,2016,33.301428396,11.602392356,0.714817903
050400060503,2017,34.272751201,9.988879806,0.734251176
050400060503,2018,52.753476341,14.22326894,0.765513929
050400060503,2019,47.635650139,16.075708355,0.73664663
050400060504,2010,49.898414453,14.311469167,0.707840959
050400060504,2011,61.0757891,18.261566494,0.73032887
050400060504,2012,40.163705513,11.480465731,0.711459036
050400060504,2013,49.68441621,13.716376888,0.746918367
050400060504,2014,60.791713025,17.808033552,0.780205334
050400060504,2015,52.468975749,13.501734122,0.759462635
050400060504,2016,34.959019139,11.150937788,0.704552642
050400060504,2017,34.759869129,8.576444349,0.717825206
050400060504,2018,63.525329029,16.488598018,0.757209376
050400060504,2019,55.189797683,16.736463895,0.727818795
050400060601,2010,29.177306211,5.274705612,0.658007039
050400060601,2011,38.139044214,10.203768633,0.669553221
050400060601,2012,22.895168402,5.843280065,0.63833861
050400060601,2013,27.546832165,6.936342577,0.671916648
050400060601,2014,37.081687478,7.244075075,0.717168448
050400060601,2015,32.257173477,6.117815048,0.666807773
050400060601,2016,19.639156777,5.328969227,0.645180259
050400060601,2017,19.448622042,2.730422532,0.659188544
050400060601,2018,46.529372113,7.607417826,0.729256357
050400060601,2019,37.640569599,13.644180982,0.665496175
050400060602,2010,27.69220874,9.489285934,0.704426198
050400060602,2011,39.941889659,15.194596697,0.709453892
050400060602,2012,22.644951267,8.109819499,0.664826482
050400060602,2013,25.584812046,8.555752558,0.725159788
050400060602,2014,32.076829636,12.014374045,0.750323056
050400060602,2015,26.974115192,8.347959462,0.722049966
050400060602,2016,20.835473145,8.2797166,0.683153865
050400060602,2017,17.566363316,4.771570579,0.711208511
050400060602,2018,44.295126623,12.728082813,0.773177723
050400060602,2019,37.192354446,15.88338283,0.723884671
050400060603,2010,26.597992671,9.639258035,0.677371074
050400060603,2011,39.973363409,16.26244812,0.692360661
050400060603,2012,20.73798696,8.508761234,0.653449872
050400060603,2013,25.549222851,9.639151412,0.700169878
050400060603,2014,31.69209512,12.075963276,0.737199675
050400060603,2015,27.178304432,8.978375548,0.697900322
050400060603,2016,19.96446837,9.043485781,0.674112655
050400060603,2017,17.884167227,6.318006013,0.695061539
050400060603,2018,41.49911711,13.715542885,0.746798852
050400060603,2019,35.004122917,16.137983145,0.698679138
050400060604,2010,39.817023055,6.208289917,0.705028523
050400060604,2011,56.701566183,9.651403948,0.709438933
050400060604,2012,30.187599194,4.172409508,0.684219495
050400060604,2013,35.322463209,4.635728472,0.742495335
050400060604,2014,46.241009522,8.026213272,0.765381571
050400060604,2015,36.342820833,5.081882435,0.722025437
050400060604,2016,32.584290136,4.942061046,0.701836268
050400060604,2017,29.114205317,3.118850433,0.730425459
050400060604,2018,62.122150404,8.261289595,0.780647864
050400060604,2019,46.800818759,8.782128844,0.728509282
050600010101,2010,12.665696936,0.6145285,0.486724415
050600010101,2011,38.533993673,1.253226185,0.579136417
050600010101,2012,11.95920614,0.827875418,0.486085721
050600010101,2013,21.930473878,1.020580153,0.56303064
050600010101,2014,14.126644093,0.886486726,0.561908822
050600010101,2015,26.843279295,0.865288202,0.52835185
050600010101,2016,20.692370842,0.928763672,0.549405266
050600010101,2017,18.117008214,0.775427702,0.515000869
050600010101,2018,27.914749844,0.997092824,0.549464852
050600010101,2019,24.99022292,0.925943189,0.54905749
050600010102,2010,20.689600587,0.873447156,0.480469222
050600010102,2011,45.682196445,1.773963997,0.561690084
050600010102,2012,16.740369647,0.938962722,0.471396629
050600010102,2013,32.781429318,1.200396294,0.546316927
050600010102,2014,23.440536058,1.15755474,0.545869136
050600010102,2015,34.01913417,1.070279329,0.515651035
050600010102,2016,31.673140054,1.117300328,0.536466608
050600010102,2017,26.57804564,1.00233748,0.507970467
050600010102,2018,37.55277182,1.336455479,0.542269695
050600010102,2019,30.707431176,1.14691799,0.531986187
050600010103,2010,18.620778976,0.625796252,0.491831853
050600010103,2011,43.114595205,1.135023961,0.562249881
050600010103,2012,17.16846559,0.905488109,0.494747645
050600010103,2013,30.363724635,0.885142583,0.55455694
050600010103,2014,22.911438104,0.925879726,0.574546366
050600010103,2015,31.353359725,0.899934397,0.527645204
050600010103,2016,25.647867606,0.850345859,0.520428339
050600010103,2017,26.959114407,0.854402452,0.507064551
050600010103,2018,32.717112474,1.0630251,0.529529168
050600010103,2019,32.080071996,1.118070989,0.524944562
050600010104,2010,19.374293139,0.90292871,0.503187037
050600010104,2011,43.674520838,1.862438502,0.577234875
050600010104,2012,15.605275271,1.114080884,0.498618693
050600010104,2013,29.149347456,1.173118704,0.564052664
050600010104,2014,19.254705976,1.187535759,0.567415086
050600010104,2015,30.864355618,1.078791892,0.538247596
050600010104,2016,28.985662874,1.085369701,0.545832378
050600010104,2017,23.011790174,1.000007846,0.517908691
050600010104,2018,32.219087109,1.41637561,0.556478426
050600010104,2019,28.861601833,1.304755368,0.546040406
050600010201,2010,27.080704766,1.245775723,0.599175053
050600010201,2011,51.673280143,2.360511664,0.637666021
050600010201,2012,20.603122323,1.588730815,0.585007747
050600010201,2013,40.010873024,1.784000525,0.627799516
050600010201,2014,27.805807219,1.860696138,0.641920149
050600010201,2015,31.984921568,1.435645869,0.616939019
050600010201,2016,27.71225872,1.61477321,0.623861
050600010201,2017,33.931468078,1.462002317,0.619472142
050600010201,2018,43.032740394,1.73968338,0.649797062
050600010201,2019,42.838949694,1.833637219,0.621842046
050600010202,2010,12.73141334,0.670329376,0.47965167
050600010202,2011,34.386613931,1.34604357,0.548943412
050600010202,2012,11.423019215,0.680555221,0.470685767
050600010202,2013,21.221948374,0.781293872,0.510987175
050600010202,2014,14.847105051,1.080880436,0.544392549
050600010202,2015,18.292358611,0.835049937,0.507135899
050600010202,2016,15.308130661,0.853647421,0.501322709
050600010202,2017,20.382503213,0.954019951,0.505920623
050600010202,2018,23.239997519,0.964996148,0.526900141
050600010202,2019,25.646117805,0.896882679,0.509197604
050600010203,2010,23.261885189,0.987696322,0.518514027
050600010203,2011,46.990547861,1.820192398,0.575020496
050600010203,2012,19.67592134,0.934360279,0.507642529
050600010203,2013,33.823374316,1.218696534,0.549836545
050600010203,2014,26.876889183,1.435179207,0.567863879
050600010203,2015,29.69409656,1.142439438,0.53809654
050600010203,2016,26.446067291,1.089818288,0.538294158
050600010203,2017,33.021101912,1.127737599,0.53881548
050600010203,2018,37.387576787,1.31009238,0.568532718
050600010203,2019,35.187435389,1.187278251,0.543898931
050600010301,2010,24.90140276,4.510412474,0.607295707
050600010301,2011,44.422588915,6.67180721,0.618808952
050600010301,2012,20.228876348,4.444378535,0.592082239
050600010301,2013,29.237607302,5.284467842,0.640329159
050600010301,2014,25.099762144,5.379926896,0.640077532
050600010301,2015,26.552860986,5.164423207,0.622038867
050600010301,2016,20.834530834,4.189526979,0.60416666
050600010301,2017,24.27055407,4.765419122,0.605345405
050600010301,2018,27.500776861,4.834122528,0.628697453
050600010301,2019,33.715780069,6.319198638,0.616633361
050600010302,2010,22.138797549,2.978258954,0.569327296
050600010302,2011,37.319103144,3.978137201,0.589562732
050600010302,2012,19.700159285,2.971244998,0.566311289
050600010302,2013,28.45716897,3.865027982,0.611642488
050600010302,2014,22.287632085,3.484952067,0.611491696
050600010302,2015,25.611034494,3.98638227,0.583038858
050600010302,2016,18.373258638,3.093892362,0.561431187
050600010302,2017,23.827980555,3.426807252,0.569742242
050600010302,2018,22.15153293,2.918605861,0.578834048
050600010302,2019,28.915539644,4.054493264,0.581073328
050600010303,2010,24.396642976,7.451976403,0.527009337
050600010303,2011,41.189656095,9.772404151,0.581153984
050600010303,2012,21.252874017,6.885928676,0.521402484
050600010303,2013,28.182979913,7.909902397,0.554982666
050600010303,2014,27.089791717,8.311342375,0.583767822
050600010303,2015,26.54429517,8.025862938,0.548956413
050600010303,2016,23.964789224,7.682413733,0.536573824
050600010303,2017,26.770618571,8.292572233,0.540444274
050600010303,2018,27.394669893,7.996324434,0.557089868
050600010303,2019,32.760747428,9.300654252,0.555224352
050600010304,2010,20.858690941,4.548697229,0.540203805
050600010304,2011,41.342374446,6.953370993,0.588052145
050600010304,2012,19.734002417,4.724650753,0.525761085
050600010304,2013,27.656358563,5.572416397,0.566532093
050600010304,2014,28.074515324,6.707643557,0.602333115
050600010304,2015,26.712092519,6.001220624,0.570836849
050600010304,2016,23.672928471,5.700294021,0.548848377
050600010304,2017,26.782952603,6.189139889,0.557371813
050600010304,2018,29.7636664,5.917362831,0.575207944
050600010304,2019,30.661935701,6.613351316,0.571906974
050600010401,2010,19.758781409,2.195788565,0.508431811
050600010401,2011,43.481999504,3.814265152,0.577059915
050600010401,2012,16.90670515,2.46319145,0.501582426
050600010401,2013,30.522559311,2.922004907,0.569010822
050600010401,2014,21.431682191,2.843811544,0.584487859
050600010401,2015,29.323673275,3.047425406,0.545858089
050600010401,2016,27.854091638,3.106274497,0.54292125
050600010401,2017,24.865081942,3.013945744,0.526204124
050600010401,2018,30.090170007,3.112649014,0.551890051
050600010401,2019,30.442513582,3.686495291,0.547965525
050600010402,2010,16.079672587,2.790222449,0.492633702
050600010402,2011,38.45975687,4.477163037,0.558206087
050600010402,2012,13.520968923,2.763815867,0.485068496
050600010402,2013,26.29597966,3.614536106,0.557997606
050600010402,2014,19.923671163,3.362438636,0.57644222
050600010402,2015,24.359573266,3.705451431,0.531424839
050600010402,2016,19.128148074,3.568610625,0.523613209
050600010402,2017,23.330025894,3.789122799,0.508216024
050600010402,2018,27.680798609,3.798191202,0.527686233
050600010402,2019,30.010015565,4.882283561,0.529150158
050600010403,2010,16.295072678,2.517550995,0.495294981
050600010403,2011,39.950078198,4.258134316,0.56510786
050600010403,2012,13.906846999,2.618705599,0.488117076
050600010403,2013,26.778799233,3.093123058,0.56123228
050600010403,2014,19.535331647,3.012666347,0.579669906
050600010403,2015,26.671179725,3.480826319,0.536291364
050600010403,2016,22.446879103,3.47267219,0.531590567
050600010403,2017,23.700081938,3.652157379,0.514777272
050600010403,2018,26.696076856,3.349423117,0.536592875
050600010403,2019,28.399923363,4.213886922,0.53649397
050600010404,2010,14.416034325,1.909323957,0.488932439
050600010404,2011,37.55686331,3.610491536,0.556513451
050600010404,2012,12.684056407,2.301834392,0.482116188
050600010404,2013,23.404460411,2.567253156,0.553518586
050600010404,2014,17.859109228,2.535779552,0.573449099
050600010404,2015,23.504626195,2.940919887,0.529258006
050600010404,2016,18.810578881,2.870869263,0.522434857
050600010404,2017,22.303711564,3.226892309,0.509285863
050600010404,2018,26.1366491,2.97099193,0.52781709
050600010404,2019,29.138795746,3.844269152,0.52540979
050600010405,2010,22.16398845,3.905659247,0.511232894
050600010405,2011,45.122519521,6.575219991,0.565447767
050600010405,2012,17.3848368,4.11332126,0.497247445
050600010405,2013,29.922700321,4.920708209,0.553765326
050600010405,2014,21.937386608,4.850535316,0.565412018
050600010405,2015,32.689983618,5.307264889,0.538518848
050600010405,2016,29.225531662,5.421000106,0.53975941
050600010405,2017,28.244071431,5.23384633,0.526103251
050600010405,2018,30.277535405,5.233913841,0.549961637
050600010405,2019,34.429615024,6.125340568,0.543403432
050600010406,2010,11.439285004,2.19581218,0.472571912
050600010406,2011,28.43364966,3.921108491,0.524133833
050600010406,2012,9.484533623,2.09299404,0.456085116
050600010406,2013,17.362811497,2.588834308,0.498851764
050600010406,2014,16.257884972,3.140452562,0.539205914
050600010406,2015,16.093667454,3.353812049,0.496368415
050600010406,2016,14.649875367,3.145955377,0.495115431
050600010406,2017,18.667214481,3.663048106,0.495675828
050600010406,2018,19.93449433,3.447482377,0.519173285
050600010406,2019,19.904773678,3.984002032,0.501106846
050600010501,2010,21.060803428,2.154289383,0.675292814
050600010501,2011,52.393794292,4.4385174,0.713161941
050600010501,2012,21.604143647,2.835049444,0.643071979
050600010501,2013,36.105207948,3.134138966,0.722839507
050600010501,2014,29.915070982,3.266246174,0.76644345
050600010501,2015,34.126275733,3.38213853,0.73624617
050600010501,2016,31.234757359,3.068142604,0.728016614
050600010501,2017,43.349981465,3.717503829,0.719918673
050600010501,2018,43.079382917,3.716073791,0.738568372
050600010501,2019,40.295694383,4.078497227,0.705187478
050600010502,2010,30.295193846,1.579864197,0.630593713
050600010502,2011,57.018187343,2.761608777,0.67401009
050600010502,2012,24.848990624,2.110686936,0.617468658
050600010502,2013,41.284393411,2.11295992,0.68598304
050600010502,2014,32.721313377,2.089355042,0.720704214
050600010502,2015,42.740983565,2.372833741,0.683600363
050600010502,2016,36.675324364,2.147402912,0.675525511
050600010502,2017,54.741740587,2.213462506,0.667329437
050600010502,2018,51.030399856,2.491968366,0.700594477
050600010502,2019,44.046458029,2.65666791,0.666493168
050600010503,2010,10.009669598,0.233185891,0.576164077
050600010503,2011,33.805776403,0.577235489,0.63693507
050600010503,2012,10.026994097,0.303773851,0.557600847
050600010503,2013,26.632343688,0.481293641,0.638490564
050600010503,2014,13.220513002,0.434097131,0.631444375
050600010503,2015,16.802519546,0.397243652,0.642144319
050600010503,2016,19.184539065,0.301988198,0.618893289
050600010503,2017,20.250382748,0.32911754,0.622516489
050600010503,2018,32.569930982,0.542735479,0.672088113
050600010503,2019,27.960854714,0.611064997,0.631631189
050600010504,2010,12.764820485,0.463170081,0.49632269
050600010504,2011,37.006977984,2.498369774,0.559963398
050600010504,2012,11.762828219,1.563387122,0.459631886
050600010504,2013,22.910611163,1.413345733,0.538338265
050600010504,2014,15.602459233,1.340603215,0.553484304
050600010504,2015,19.228870693,1.012112992,0.529938749
050600010504,2016,19.181561038,1.386856048,0.531755254
050600010504,2017,18.603529164,1.062679093,0.503945371
050600010504,2018,29.026679116,1.737653901,0.549107293
050600010504,2019,25.833464546,1.898641087,0.499234712
050600010505,2010,18.755235051,0.710892861,0.539898236
050600010505,2011,42.599431628,2.160346897,0.604752219
050600010505,2012,16.546280329,1.455775476,0.513126488
050600010505,2013,31.049443588,1.395337823,0.594048553
050600010505,2014,21.092665361,1.329166673,0.610167224
050600010505,2015,28.390716082,1.238438246,0.591332338
050600010505,2016,27.436435194,1.362760292,0.583936156
050600010505,2017,32.499577136,1.200419765,0.573083152
050600010505,2018,40.309095342,1.69664258,0.613122798
050600010505,2019,33.76859573,1.828028911,0.572170316
050600010601,2010,16.562087987,1.324960493,0.564540942
050600010601,2011,42.346603807,3.692990373,0.615159725
050600010601,2012,11.788979066,1.829609197,0.5476642
050600010601,2013,28.851751373,2.025614087,0.618652674
050600010601,2014,16.10359566,1.845635252,0.612996892
050600010601,2015,22.824878858,1.564752737,0.602336872
050600010601,2016,20.920710152,1.90398066,0.61199163
050600010601,2017,21.802527234,1.760621974,0.578684116
050600010601,2018,35.381986965,2.768204942,0.637534166
050600010601,2019,27.918556463,2.552892672,0.582551331
050600010602,2010,20.447428511,1.033226956,0.52304244
050600010602,2011,41.444262272,2.207146891,0.568095692
050600010602,2012,14.847208689,1.290251414,0.501017549
050600010602,2013,32.163635439,1.479508872,0.572139018
050600010602,2014,19.771660478,1.290596459,0.557757797
050600010602,2015,29.177199424,1.288976221,0.556148523
050600010602,2016,31.006285037,1.380237078,0.568940094
050600010602,2017,25.128270938,1.117234284,0.53445729
050600010602,2018,36.690336588,1.694120732,0.590125367
050600010602,2019,31.096529808,1.818282768,0.538143035
050600010603,2010,20.311344119,2.434483458,0.624020257
050600010603,2011,45.331244587,4.743641125,0.65623879
050600010603,2012,14.858797808,3.013143203,0.575257223
050600010603,2013,35.991155951,4.004592922,0.683183689
050600010603,2014,20.161301695,3.088315284,0.673644795
050600010603,2015,30.716504997,3.43750542,0.670743044
050600010603,2016,29.431612878,3.341553287,0.667135751
050600010603,2017,29.758248988,2.845608598,0.667233254
050600010603,2018,42.038690781,4.597364426,0.707201099
050600010603,2019,41.274744886,5.053188875,0.633860651
050600010604,2010,22.188794602,1.55780259,0.58512006
050600010604,2011,43.344193795,2.748897882,0.604509519
050600010604,2012,13.818831769,1.690530327,0.537675332
050600010604,2013,35.095803068,2.415111268,0.637959163
050600010604,2014,23.986990477,1.980108152,0.6498088
050600010604,2015,25.693639885,1.98684184,0.61107742
050600010604,2016,23.626472869,1.754037964,0.606707704
050600010604,2017,33.75088191,1.769209798,0.620955134
050600010604,2018,45.705988073,2.926411276,0.66035369
050600010604,2019,33.509854989,3.218290304,0.593970619
050600010701,2010,13.427280937,0.615664036,0.476236627
050600010701,2011,37.440679111,2.653080782,0.54394456
050600010701,2012,11.933576281,1.678929331,0.453617762
050600010701,2013,22.680158314,1.5642859,0.519074374
050600010701,2014,16.073450526,1.502156511,0.542579872
050600010701,2015,18.579101314,1.183515306,0.51039065
050600010701,2016,17.318029274,1.526813854,0.513769831
050600010701,2017,18.327648854,1.218827226,0.485975977
050600010701,2018,28.682621063,1.912291319,0.529914913
050600010701,2019,26.931044618,2.094277659,0.489237038
050600010702,2010,17.995400906,0.558737491,0.48100046
050600010702,2011,44.28013011,2.621746617,0.546592784
050600010702,2012,15.368050874,1.658935919,0.461105659
050600010702,2013,27.010173472,1.519209688,0.523661457
050600010702,2014,19.819059526,1.427832681,0.538077836
050600010702,2015,25.032480633,1.133584288,0.518425518
050600010702,2016,25.553366644,1.515830451,0.520255595
050600010702,2017,23.342682349,1.164184143,0.487441914
050600010702,2018,35.003988599,1.855713669,0.531959662
050600010702,2019,30.814830795,2.032174478,0.484622998
050600010703,2010,15.421041908,0.705718574,0.485338623
050600010703,2011,40.942645531,2.79774918,0.552065028
050600010703,2012,12.313573447,1.771328922,0.443020216
050600010703,2013,27.133221421,1.698368967,0.530967669
050600010703,2014,17.698415694,1.567028137,0.538885736
050600010703,2015,24.123219638,1.325370315,0.522985319
050600010703,2016,26.107925307,1.730398441,0.523928596
050600010703,2017,22.260406288,1.337627255,0.505174319
050600010703,2018,35.936764524,2.104421088,0.542721488
050600010703,2019,32.190648197,2.271202385,0.498817462
050600010704,2010,17.766706585,1.989305392,0.560345331
050600010704,2011,43.631961425,3.704688983,0.617303019
050600010704,2012,15.398750517,2.400709405,0.52951035
050600010704,2013,35.652615991,3.14175624,0.615128622
050600010704,2014,24.72975532,3.131768243,0.627963263
050600010704,2015,24.549109484,2.696825401,0.601605873
050600010704,2016,25.472175975,2.849318779,0.591895912
050600010704,2017,28.504233306,2.937126129,0.604308243
050600010704,2018,49.141806012,4.139192047,0.645110588
050600010704,2019,40.93056351,3.942003103,0.596762162
050600010801,2010,28.121594895,4.260957477,0.517519593
050600010801,2011,46.513701973,6.633278889,0.551728035
050600010801,2012,28.441680329,4.573255026,0.517308388
050600010801,2013,38.081454984,5.81427298,0.567788384
050600010801,2014,30.612459128,5.604010663,0.576755274
050600010801,2015,31.18514277,5.078356453,0.54571855
050600010801,2016,27.938853465,4.686490445,0.531239631
050600010801,2017,35.806630263,5.838513645,0.536751956
050600010801,2018,33.509513595,4.547521585,0.537311961
050600010801,2019,33.53199728,5.165965057,0.537132667
050600010802,2010,16.898744947,3.346317419,0.578702532
050600010802,2011,27.05546173,5.977544215,0.598216416
050600010802,2012,15.209407487,4.606124916,0.571829868
050600010802,2013,21.446738973,5.100578816,0.626055165
050600010802,2014,15.979164457,4.36919777,0.601779841
050600010802,2015,17.50859983,3.45004219,0.607637081
050600010802,2016,11.759171257,2.849763661,0.578240115
050600010802,2017,16.882640531,4.431317849,0.585667365
050600010802,2018,16.879706509,4.486871752,0.607383611
050600010802,2019,19.854662004,4.832201662,0.585908995
050600010803,2010,26.2893228,5.206512118,0.622851838
050600010803,2011,43.405390692,10.233507057,0.635861315
050600010803,2012,26.668350493,7.820234353,0.60234218
050600010803,2013,33.84715261,7.729466376,0.655422346
050600010803,2014,27.873885242,6.480079748,0.665919561
050600010803,2015,27.984584005,5.51416003,0.651779761
050600010803,2016,23.962715576,5.678042799,0.627966722
050600010803,2017,28.626038392,6.19424056,0.622423517
050600010803,2018,36.123273461,9.142471901,0.655839406
050600010803,2019,29.907935551,7.255766999,0.624593318
050600010804,2010,21.368639304,3.291068105,0.543300025
050600010804,2011,34.551306254,6.109477348,0.578164979
050600010804,2012,20.455890747,4.007787709,0.547763602
050600010804,2013,25.237968908,4.050480764,0.593522591
050600010804,2014,22.861573497,4.513245152,0.596698554
050600010804,2015,24.015539798,4.079317715,0.573641462
050600010804,2016,17.805775994,3.122227595,0.538984482
050600010804,2017,22.098813985,3.646875038,0.55167467
050600010804,2018,25.026133528,4.011088576,0.576090697
050600010804,2019,26.792149859,4.519362595,0.576314987
050600010901,2010,27.531284733,0.612534038,0.528900014
050600010901,2011,47.404962882,1.59574773,0.565941585
050600010901,2012,26.939008047,0.544806935,0.521150036
050600010901,2013,35.532469442,0.64569601,0.555578817
050600010901,2014,35.692602227,1.111111806,0.601203542
050600010901,2015,37.527532104,0.66856305,0.548434162
050600010901,2016,33.410253117,0.648402674,0.541661053
050600010901,2017,44.5843748,0.653743334,0.538696039
050600010901,2018,43.531767063,0.718984634,0.578590178
050600010901,2019,43.029859356,0.665940649,0.576058238
050600010902,2010,21.714300298,1.802339364,0.535596287
050600010902,2011,37.224072093,3.731101975,0.57148573
050600010902,2012,20.091126977,2.630074853,0.525328825
050600010902,2013,30.844408684,3.060294276,0.565840909
050600010902,2014,26.284662087,2.861291187,0.578872214
050600010902,2015,27.131352189,1.765192692,0.560988942
050600010902,2016,21.592587416,1.402211384,0.537631689
050600010902,2017,29.957214561,2.651904814,0.544378059
050600010902,2018,32.327740181,3.261325188,0.586084579
050600010902,2019,30.410323601,3.188888986,0.551947438
050600010903,2010,16.412715718,2.003071892,0.524721931
050600010903,2011,35.07925258,5.672779153,0.587007605
050600010903,2012,18.78553464,2.919042859,0.523423695
050600010903,2013,30.571312277,3.750177881,0.580107291
050600010903,2014,24.059619393,3.694130579,0.580940214
050600010903,2015,28.52300673,2.673459577,0.587660008
050600010903,2016,23.43219351,2.299793896,0.55170398
050600010903,2017,37.62637834,4.095623434,0.566308121
050600010903,2018,38.264963226,5.287118008,0.611823725
050600010903,2019,35.318459352,4.745990231,0.582522957
050600011001,2010,20.763130297,1.547806598,0.58784121
050600011001,2011,33.618503717,3.414021011,0.605228397
050600011001,2012,19.165042578,1.598063708,0.565252779
050600011001,2013,22.793804772,2.01785557,0.601317894
050600011001,2014,23.190257149,2.128003153,0.635084544
050600011001,2015,21.541216506,1.081640175,0.601458842
050600011001,2016,15.743690728,0.873741791,0.572960453
050600011001,2017,19.812453001,1.342099501,0.564973263
050600011001,2018,25.469246136,2.144310963,0.61226171
050600011001,2019,25.027030502,1.751117423,0.599569594
050600011002,2010,30.88795221,10.429781636,0.602317392
050600011002,2011,38.171656551,10.203177047,0.637679177
050600011002,2012,21.635375599,5.765075516,0.591190466
050600011002,2013,27.115927377,7.14285342,0.63505897
050600011002,2014,28.48421683,6.572168696,0.671882929
050600011002,2015,29.668890694,8.562508953,0.638403354
050600011002,2016,22.670584133,5.276782124,0.619882316
050600011002,2017,30.806762933,9.855354822,0.602447155
050600011002,2018,31.336781855,9.376813049,0.648911576
050600011002,2019,34.445988557,9.617155033,0.633598798
050600011003,2010,18.010883493,2.113935163,0.552261867
050600011003,2011,34.63559048,3.729157976,0.59132484
050600011003,2012,17.133748013,1.734789424,0.535280774
050600011003,2013,22.965570072,1.775503894,0.583384919
050600011003,2014,22.267763076,2.514747924,0.624184093
050600011003,2015,23.310996671,1.776847038,0.587268746
050600011003,2016,20.375289268,1.152232011,0.571679339
050600011003,2017,27.956551215,2.028782704,0.564614871
050600011003,2018,28.625081718,1.995791088,0.609986157
050600011003,2019,31.689228081,2.625503583,0.609594319
050600011004,2010,30.365318336,10.085416864,0.593284527
050600011004,2011,43.629236475,9.819353893,0.637866576
050600011004,2012,22.470890357,5.441848726,0.584380468
050600011004,2013,29.921215354,6.798137262,0.632885353
050600011004,2014,30.147113363,6.136683086,0.670511098
050600011004,2015,32.873866425,8.273124884,0.638391648
050600011004,2016,26.969907483,5.018639555,0.622706887
050600011004,2017,38.856774356,9.635209086,0.608160031
050600011004,2018,35.901215238,9.083789845,0.648831151
050600011004,2019,37.65479632,9.221441669,0.6306818
050600011005,2010,16.973507047,4.089717895,0.54735492
050600011005,2011,35.429407158,5.333383417,0.607575937
050600011005,2012,16.97321887,2.710843957,0.543617554
050600011005,2013,24.964012893,3.091998899,0.595251123
050600011005,2014,21.282417878,3.463639518,0.630685237
050600011005,2015,26.01930562,3.49172006,0.601149367
050600011005,2016,23.313382745,2.217656463,0.586081977
050600011005,2017,36.865851541,4.081794095,0.587053942
050600011005,2018,32.886402964,3.893082056,0.624036471
050600011005,2019,34.27990503,4.406476099,0.613529556
050600011006,2010,11.691698843,3.37478056,0.583787726
050600011006,2011,31.944217387,9.089438566,0.646232829
050600011006,2012,14.217016923,4.732927793,0.582504135
050600011006,2013,25.65990659,6.611976961,0.653483625
050600011006,2014,17.918798143,5.728987526,0.661895418
050600011006,2015,20.404054328,5.186244651,0.658950714
050600011006,2016,18.48719128,5.360101542,0.625080853
050600011006,2017,23.061256966,6.175103948,0.644723719
050600011006,2018,30.69071125,8.790850268,0.678685244
050600011006,2019,27.076144308,7.459960095,0.640765153
050600011007,2010,15.48027939,2.650751583,0.541942112
050600011007,2011,33.700649997,7.869493292,0.616231537
050600011007,2012,16.113972727,3.947999234,0.544940503
050600011007,2013,27.533386376,5.385011975,0.611175259
050600011007,2014,23.761417892,5.370658379,0.632538484
050600011007,2015,21.804245115,3.856657991,0.609679913
050600011007,2016,19.728281858,3.713841249,0.570798374
050600011007,2017,23.686656514,4.26777181,0.592567192
050600011007,2018,38.221146336,7.805108572,0.653772232
050600011007,2019,30.568803497,6.477649504,0.598112392
050600011101,2010,13.458549101,5.42498032,0.507205517
050600011101,2011,27.990084197,11.338045041,0.621146552
050600011101,2012,16.339954169,7.618180724,0.526044213
050600011101,2013,19.524620126,7.556647371,0.580665515
050600011101,2014,20.603318699,9.398744186,0.635359982
050600011101,2015,18.178520388,7.424694378,0.61169545
050600011101,2016,15.040815137,6.249399875,0.536897567
050600011101,2017,15.688705766,5.557883656,0.554497549
050600011101,2018,35.269177346,12.726891402,0.676577393
050600011101,2019,30.691311934,13.78886572,0.615799355
050600011102,2010,37.921074433,16.218237034,0.657949339
050600011102,2011,55.221230845,21.596060244,0.719894842
050600011102,2012,32.899495652,15.555809444,0.655995204
050600011102,2013,39.64425794,16.996834635,0.689780017
050600011102,2014,44.961884949,19.950600901,0.716113514
050600011102,2015,42.220282083,17.39807989,0.702089782
050600011102,2016,36.972704096,16.958242321,0.663317145
050600011102,2017,38.024506185,16.290868603,0.677307869
050600011102,2018,61.581883956,22.025981381,0.738170911
050600011102,2019,46.911939804,19.995613118,0.694223988
050600011103,2010,59.27150513,23.161536308,0.785295635
050600011103,2011,73.33208769,26.895918883,0.795551523
050600011103,2012,50.246672659,20.8490396,0.779343421
050600011103,2013,60.110337454,23.363098175,0.788165056
050600011103,2014,65.740410473,26.325779641,0.794355947
050600011103,2015,61.296247619,23.297850331,0.787722768
050600011103,2016,59.633359532,24.271040552,0.78637434
050600011103,2017,61.688504671,24.033262099,0.786614997
050600011103,2018,77.943558381,27.638310429,0.799865676
050600011103,2019,66.241356706,25.777932376,0.795811117
050600011201,2010,26.698740768,18.23494363,0.588617396
050600011201,2011,52.340192531,31.404950129,0.621431469
050600011201,2012,22.82343401,16.846480929,0.529753466
050600011201,2013,36.505456607,20.980970335,0.604491167
050600011201,2014,37.729421512,26.445725942,0.649273608
050600011201,2015,30.623277523,20.910218301,0.594183167
050600011201,2016,26.8832103,19.318615663,0.586598359
050600011201,2017,31.835612192,20.857070306,0.61526058
050600011201,2018,60.23891452,35.844309861,0.660751211
050600011201,2019,41.954293126,28.855528899,0.59172352
050600011202,2010,26.66837855,12.4535929,0.597119984
050600011202,2011,54.609335717,22.758008811,0.631693954
050600011202,2012,24.900539746,12.509907937,0.553958858
050600011202,2013,38.69781981,14.432039582,0.622833486
050600011202,2014,37.462200051,18.826154281,0.665946054
050600011202,2015,31.416053709,14.656468185,0.621839396
050600011202,2016,27.918404084,13.053145813,0.596074198
050600011202,2017,33.640152405,13.650547361,0.615890669
050600011202,2018,62.393532248,26.758913078,0.657881612
050600011202,2019,45.898097842,21.250676178,0.600701424
050600011203,2010,42.222834629,25.378895824,0.607245629
050600011203,2011,66.318606638,34.520371794,0.646231305
050600011203,2012,37.862321401,24.114640661,0.587780174
050600011203,2013,51.632208754,26.671144991,0.62568445
050600011203,2014,52.324199094,31.884537191,0.691400836
050600011203,2015,47.873183135,27.940056202,0.644350671
050600011203,2016,43.402622092,27.640175614,0.632475843
050600011203,2017,47.455723331,27.501601819,0.641876608
050600011203,2018,65.915693103,35.584918529,0.667040302
050600011203,2019,54.491073158,32.658898839,0.627833902
050600011204,2010,51.449317456,29.723863834,0.626384977
050600011204,2011,78.557962162,39.695329601,0.659120276
050600011204,2012,43.592124809,27.159310572,0.609377586
050600011204,2013,60.792870928,30.747189476,0.64091661
050600011204,2014,62.588716063,36.482008979,0.684421389
050600011204,2015,57.65610009,31.973358901,0.651928594
050600011204,2016,53.435015336,32.777050802,0.643343669
050600011204,2017,58.578685749,32.901103,0.650093413
050600011204,2018,80.203217726,40.08130946,0.671530802
050600011204,2019,63.12198464,36.623684197,0.643125082
050600011205,2010,58.41054561,36.740278436,0.614885538
050600011205,2011,80.339631188,43.728341247,0.646355141
050600011205,2012,52.289655868,35.327345024,0.607295968
050600011205,2013,67.10265292,38.389951119,0.631324445
050600011205,2014,68.355100586,42.435598902,0.673413182
050600011205,2015,63.430925138,38.228252325,0.642681445
050600011205,2016,63.589404596,41.858643238,0.6349973
050600011205,2017,68.660865823,42.761610453,0.642199539
050600011205,2018,81.022938889,45.514573007,0.657376548
050600011205,2019,72.236356638,45.667403427,0.635106419
050600011301,2010,12.580520797,1.184219497,0.516414086
050600011301,2011,28.155789691,1.75938165,0.56062845
050600011301,2012,11.601041921,1.634747782,0.477286954
050600011301,2013,28.338515412,1.742763875,0.567705434
050600011301,2014,15.278736547,1.659729162,0.574762808
050600011301,2015,17.728756787,1.147520718,0.565771199
050600011301,2016,12.575302734,0.803377495,0.519863112
050600011301,2017,19.723126909,0.968270964,0.537791841
050600011301,2018,27.798742886,1.251934483,0.605737933
050600011301,2019,28.498836207,2.55538015,0.558066002
050600011302,2010,14.078232244,1.220263345,0.538009449
050600011302,2011,28.452217188,2.134022282,0.574715661
050600011302,2012,10.588344953,1.592635701,0.491828003
050600011302,2013,25.921834725,1.802722993,0.580342593
050600011302,2014,19.978183964,2.007301614,0.5909676
050600011302,2015,17.645152672,1.395497967,0.579260125
050600011302,2016,12.514361397,0.862588966,0.53812473
050600011302,2017,24.112894694,1.343852413,0.561377239
050600011302,2018,27.666333102,1.845908318,0.613248734
050600011302,2019,27.867876181,2.721988284,0.570222674
050600011303,2010,10.418279044,1.194155517,0.519421348
050600011303,2011,26.304457454,1.804417783,0.563480039
050600011303,2012,10.293486664,1.653002893,0.479105095
050600011303,2013,28.861491665,1.772318754,0.570634304
050600011303,2014,14.129671455,1.662945531,0.574186609
050600011303,2015,14.006390776,1.154541599,0.565593597
050600011303,2016,9.129069864,0.796794688,0.517235047
050600011303,2017,12.343138481,0.955526679,0.53747475
050600011303,2018,30.538699201,1.289643402,0.606383062
050600011303,2019,20.537536053,2.569919316,0.559497127
050600011304,2010,12.826420674,1.198446577,0.521169254
050600011304,2011,30.779397682,1.802306366,0.566917159
050600011304,2012,11.97306215,1.653014435,0.480028175
050600011304,2013,31.490499924,1.777369751,0.574010775
050600011304,2014,16.231296034,1.693649879,0.581888658
050600011304,2015,18.957511129,1.197299196,0.572860503
050600011304,2016,12.434734024,0.850924712,0.526631086
050600011304,2017,17.665946415,1.027272961,0.54457425
050600011304,2018,33.41882615,1.34806764,0.611791167
050600011304,2019,28.370649693,2.58549448,0.566116424
050600011305,2010,11.33678443,0.766845819,0.509466806
050600011305,2011,36.636083165,2.847733965,0.595091892
050600011305,2012,13.135661941,1.642199816,0.496830832
050600011305,2013,25.446791428,1.844003005,0.574254719
050600011305,2014,23.797961297,1.961736996,0.614757542
050600011305,2015,21.776857596,1.567845574,0.583197851
050600011305,2016,17.112713397,1.13638906,0.548122182
050600011305,2017,20.53705251,1.046234502,0.550907791
050600011305,2018,35.505010844,2.551100813,0.619762428
050600011305,2019,35.53870544,3.072949479,0.588329898
050600011306,2010,32.012864441,0.363679233,0.536039933
050600011306,2011,61.528058418,1.16675828,0.598196314
050600011306,2012,29.1498557,0.878846078,0.496682872
050600011306,2013,53.69337613,0.78738418,0.584957947
050600011306,2014,53.66857872,1.012544134,0.607963577
050600011306,2015,55.589710622,0.689981776,0.594459983
050600011306,2016,46.712342365,0.691923378,0.557689974
050600011306,2017,47.195744325,0.645957594,0.572426782
050600011306,2018,76.040904951,1.10569041,0.630702548
050600011306,2019,66.182525172,1.66581043,0.598969416
050600011307,2010,13.616919928,1.140220395,0.547976848
050600011307,2011,34.837184541,2.405376587,0.602906973
050600011307,2012,15.316509783,1.84944138,0.522662428
050600011307,2013,35.409767575,2.510520586,0.615526999
050600011307,2014,22.073749331,1.97325391,0.619635338
050600011307,2015,22.761807827,1.720114385,0.597492163
050600011307,2016,15.29980845,1.367245,0.555939446
050600011307,2017,13.424034942,0.91135427,0.564662715
050600011307,2018,32.944760531,2.124363232,0.629852912
050600011307,2019,27.909382719,3.213462896,0.596732501
050600011308,2010,6.855861861,0.859090582,0.484789611
050600011308,2011,20.651345116,1.868379115,0.533949561
050600011308,2012,7.961445413,1.454204661,0.452394084
050600011308,2013,22.048376654,1.519080636,0.524969136
050600011308,2014,12.126160964,1.648163843,0.537527073
050600011308,2015,12.562973545,1.255352554,0.516774946
050600011308,2016,7.185201321,1.071152095,0.470354414
050600011308,2017,7.792298048,0.95446782,0.484218898
050600011308,2018,26.181035667,1.680184522,0.549968296
050600011308,2019,15.867651443,2.351886792,0.520384246
050600011401,2010,25.959907961,0.521083402,0.682409292
050600011401,2011,56.380403344,0.695621567,0.713089997
050600011401,2012,24.717481062,0.500535872,0.635753529
050600011401,2013,44.984681415,0.657998856,0.710281819
050600011401,2014,41.10656802,0.709600833,0.739767904
050600011401,2015,43.272727464,0.676256025,0.737760321
050600011401,2016,34.913067253,0.656625809,0.695621401
050600011401,2017,53.251162041,0.705842243,0.736411415
050600011401,2018,54.668044691,0.763933818,0.730673399
050600011401,2019,51.673764921,0.704613111,0.712193028
050600011402,2010,13.548358849,0.51803551,0.533190783
050600011402,2011,30.359406005,0.721661351,0.588871389
050600011402,2012,10.388234461,0.52088339,0.510454024
050600011402,2013,23.593188047,0.595399971,0.565478591
050600011402,2014,21.685790515,0.695817113,0.591122385
050600011402,2015,19.092852133,0.605954177,0.573598286
050600011402,2016,14.180895808,0.574998794,0.541010419
050600011402,2017,25.2626676,0.614186422,0.56789584
050600011402,2018,30.981371832,0.696145621,0.607793222
050600011402,2019,26.66407121,0.702287131,0.572559149
050600011403,2010,16.707153288,9.531831689,0.49549382
050600011403,2011,33.44634204,20.02237983,0.564860213
050600011403,2012,15.983923791,9.022650367,0.489661924
050600011403,2013,26.389190482,15.663162105,0.542069334
050600011403,2014,28.047833046,16.519777636,0.591306456
050600011403,2015,24.790939154,14.985074248,0.550140826
050600011403,2016,20.12794149,11.383705169,0.514219552
050600011403,2017,24.573728911,14.67328927,0.53363806
050600011403,2018,38.847730572,24.612938426,0.595090785
050600011403,2019,31.91855981,20.220950063,0.565106267
050600011404,2010,10.628246298,8.522660409,0.511767907
050600011404,2011,25.48542456,18.786234464,0.582474719
050600011404,2012,11.909676413,9.588909133,0.517317371
050600011404,2013,19.497488873,15.086124873,0.562102438
050600011404,2014,17.834977542,15.087011968,0.610274778
050600011404,2015,17.835261666,15.428235095,0.582047526
050600011404,2016,10.612342568,9.481431015,0.52514839
050600011404,2017,14.595151821,12.181635858,0.547652489
050600011404,2018,32.400290725,24.726677027,0.615532126
050600011404,2019,25.160381312,20.146866455,0.578191728
050600011501,2010,21.586201057,17.174059528,0.513536075
050600011501,2011,34.980189853,27.923908318,0.552023621
050600011501,2012,21.246671141,16.904355671,0.467172117
050600011501,2013,30.262428013,24.587581378,0.53934489
050600011501,2014,23.276206767,19.527066122,0.557121282
050600011501,2015,24.507188586,20.731875299,0.525965777
050600011501,2016,20.922832461,17.971671638,0.48782671
050600011501,2017,19.465601623,16.62163423,0.489225829
050600011501,2018,34.320552128,27.815147382,0.568134797
050600011501,2019,32.49684924,26.338394724,0.54281249
050600011502,2010,36.581679138,31.767733047,0.523489332
050600011502,2011,51.110244083,43.399671529,0.567357767
050600011502,2012,33.360654119,28.907081061,0.49322485
050600011502,2013,44.866591321,38.584847408,0.5525469
050600011502,2014,37.801352214,32.955949582,0.556541192
050600011502,2015,39.619088467,35.096064343,0.537888544
050600011502,2016,36.543116844,32.698296729,0.499629069
050600011502,2017,35.972657418,32.184120892,0.502160122
050600011502,2018,50.081654543,42.872871022,0.58093306
050600011502,2019,49.600228516,42.521380677,0.552489981
050600011503,2010,23.134269086,21.692826834,0.527241507
050600011503,2011,37.922061539,30.378250065,0.587222108
050600011503,2012,21.953388241,20.155268165,0.498257615
050600011503,2013,23.747105698,21.504764033,0.572014423
050600011503,2014,26.366293224,22.656694735,0.600989395
050600011503,2015,28.802421443,26.351033772,0.567623224
050600011503,2016,23.057547753,21.907291737,0.532849036
050600011503,2017,22.723644402,21.761296109,0.537110052
050600011503,2018,34.776020397,31.421170902,0.624902874
050600011503,2019,37.576861879,30.742863802,0.600932535
050600011504,2010,33.567539526,31.979262054,0.545384284
050600011504,2011,44.631878646,37.300778411,0.591153308
050600011504,2012,31.552626212,29.565677133,0.526517495
050600011504,2013,30.712191637,28.340542605,0.57859283
050600011504,2014,38.49549937,34.745299439,0.614907108
050600011504,2015,35.985577723,33.719559915,0.578425556
050600011504,2016,35.375934143,34.092480397,0.551382519
050600011504,2017,31.238061912,30.178025815,0.54545103
050600011504,2018,43.266409267,39.842609755,0.627238986
050600011504,2019,44.895436285,38.45223923,0.602764716
050600011505,2010,49.668116172,44.135804639,0.52559378
050600011505,2011,61.276829003,52.86985368,0.568940299
050600011505,2012,45.350842222,40.544272986,0.508154182
050600011505,2013,49.855953315,43.772012221,0.553765543
050600011505,2014,52.133147128,46.490078249,0.560369566
050600011505,2015,51.798137597,46.550249253,0.540760526
050600011505,2016,49.735702493,45.085725527,0.506504333
050600011505,2017,49.796300728,45.262898018,0.509407544
050600011505,2018,65.399948194,57.619875088,0.586293979
050600011505,2019,62.915704814,55.058016428,0.556548047
050600011601,2010,39.102468333,28.081439347,0.451214184
050600011601,2011,49.941007164,34.639350565,0.491967565
050600011601,2012,33.519240345,27.227116079,0.422642955
050600011601,2013,46.34355794,31.637395779,0.481370324
050600011601,2014,41.047014222,31.407644714,0.477201997
050600011601,2015,43.761022674,32.627984014,0.472173689
050600011601,2016,35.596283476,28.728247687,0.427214281
050600011601,2017,37.802718417,29.518236244,0.436709908
050600011601,2018,57.432899015,36.142542426,0.516949583
050600011601,2019,46.240810204,34.78434153,0.468810465
050600011602,2010,51.439093051,33.658409821,0.515447525
050600011602,2011,61.024078517,40.342061257,0.549938263
050600011602,2012,42.390054654,32.837313501,0.499242202
050600011602,2013,56.228665189,36.642886569,0.538387626
050600011602,2014,51.871135202,36.915165129,0.537794274
050600011602,2015,53.255944894,36.844394446,0.530220764
050600011602,2016,48.462982824,36.336908786,0.504159991
050600011602,2017,49.047135384,35.65650165,0.506634009
050600011602,2018,64.370971653,40.906711504,0.566487376
050600011602,2019,58.82773766,41.218354346,0.53402042
050600011603,2010,38.272187563,26.445000155,0.479117213
050600011603,2011,47.258803609,31.549329721,0.515973828
050600011603,2012,35.619259558,27.510179054,0.471163922
050600011603,2013,38.290174018,27.332201947,0.502850649
050600011603,2014,43.339126996,31.586018508,0.537522968
050600011603,2015,40.754398482,29.653450779,0.506300587
050600011603,2016,38.506390769,29.649785691,0.477302173
050600011603,2017,35.015523901,27.348000799,0.480683412
050600011603,2018,47.897013956,33.067492048,0.536075081
050600011603,2019,46.942915279,33.692106213,0.516831304
050600011701,2010,21.259977017,2.131142291,0.641918205
050600011701,2011,30.505333173,2.412755711,0.663262951
050600011701,2012,15.664971652,1.854805316,0.614927799
050600011701,2013,19.460435688,1.764523461,0.636132156
050600011701,2014,19.948692443,2.050286193,0.720350422
050600011701,2015,25.953098436,2.184289329,0.67777907
050600011701,2016,16.46979333,1.932343961,0.680014936
050600011701,2017,15.531015421,1.726148689,0.642739114
050600011701,2018,34.697911626,2.218822022,0.726813544
050600011701,2019,24.615167407,2.421055578,0.673931258
050600011702,2010,30.01248095,3.959710071,0.657044743
050600011702,2011,44.665404056,5.395929348,0.66245047
050600011702,2012,23.111186044,4.084971634,0.611278417
050600011702,2013,25.453791533,3.675092712,0.639891945
050600011702,2014,30.272365972,4.209452641,0.706896989
050600011702,2015,35.375558557,4.206005856,0.664949728
050600011702,2016,30.134708728,4.242751417,0.689394707
050600011702,2017,23.050265374,3.64706936,0.645700922
050600011702,2018,46.308370083,4.627506917,0.711744548
050600011702,2019,38.499489862,5.716304692,0.662144404
050600011703,2010,23.240728294,2.142797633,0.639123004
050600011703,2011,35.174116329,2.415071764,0.659764193
050600011703,2012,18.160410977,1.866228172,0.616825539
050600011703,2013,23.108085211,1.779626714,0.64140186
050600011703,2014,24.793024969,2.075331123,0.724645873
050600011703,2015,31.387625292,2.207193595,0.683611585
050600011703,2016,19.315940682,1.949012784,0.680006766
050600011703,2017,18.888445554,1.743975218,0.648626291
050600011703,2018,42.430393132,2.238567054,0.730860454
050600011703,2019,29.532962391,2.433261488,0.679475632
050600011704,2010,26.979202426,5.760531515,0.646795297
050600011704,2011,38.084111615,6.663990165,0.669696065
050600011704,2012,22.860142788,5.337148951,0.63394355
050600011704,2013,26.012226195,5.119757871,0.651027475
050600011704,2014,30.091150834,6.162820589,0.728031524
050600011704,2015,34.822486445,6.183564646,0.693098278
050600011704,2016,23.434614084,5.803574889,0.683913165
050600011704,2017,22.751820662,5.177405437,0.660063253
050600011704,2018,44.075836152,7.265842122,0.733364916
050600011704,2019,33.51549412,6.700953423,0.686771066
050600011705,2010,31.336367541,4.134545287,0.652588496
050600011705,2011,42.997539795,5.383144634,0.658564483
050600011705,2012,22.573926046,3.263227745,0.61974615
050600011705,2013,25.178999757,3.303096151,0.640406168
050600011705,2014,34.088163905,4.236816262,0.736299824
050600011705,2015,34.385275809,4.150772105,0.684521664
050600011705,2016,30.052298859,4.038272393,0.690462839
050600011705,2017,23.903950531,3.262787856,0.66701888
050600011705,2018,46.722850946,4.939193161,0.726654724
050600011705,2019,35.785467585,4.993677143,0.66711108
050600011801,2010,33.082128211,26.307971466,0.555775292
050600011801,2011,41.831646293,31.162140318,0.586420501
050600011801,2012,30.180300796,24.389808094,0.567730537
050600011801,2013,31.111546295,23.731420559,0.573302961
050600011801,2014,37.873115384,30.935377569,0.65370733
050600011801,2015,38.147074934,29.170240805,0.609453261
050600011801,2016,31.396927115,27.592709323,0.591789298
050600011801,2017,28.72131577,24.198250295,0.585106693
050600011801,2018,44.927452533,35.488706189,0.63720301
050600011801,2019,39.538435248,31.773040066,0.586462219
050600011802,2010,30.519155939,23.543479729,0.561964319
050600011802,2011,37.849734848,27.086708962,0.576227064
050600011802,2012,25.530304796,19.862747749,0.547906092
050600011802,2013,26.480696454,19.144024617,0.559637078
050600011802,2014,35.570938092,27.427366596,0.6514928
050600011802,2015,33.031504951,23.988722248,0.598447839
050600011802,2016,29.178766356,23.590862502,0.591332323
050600011802,2017,24.684741895,19.551239856,0.582342498
050600011802,2018,39.589383882,29.595168508,0.635535875
050600011802,2019,34.931285867,26.207467387,0.577039644
050600011803,2010,16.760747691,16.13255286,0.465181231
050600011803,2011,22.157743623,21.645101303,0.481333341
050600011803,2012,13.286628194,12.907275242,0.406348415
050600011803,2013,11.449619156,11.038210002,0.447311582
050600011803,2014,16.359151449,15.986146219,0.524440116
050600011803,2015,15.160513152,14.716809469,0.462800218
050600011803,2016,11.975805324,11.869001776,0.441411032
050600011803,2017,12.064696711,11.911023617,0.460087238
050600011803,2018,20.087063472,19.51587166,0.514677059
050600011803,2019,23.914996527,23.125854861,0.505787999
050600011804,2010,17.969422991,16.481668095,0.49423825
050600011804,2011,25.291931524,22.825289898,0.527510792
050600011804,2012,15.402552863,14.050743962,0.465217555
050600011804,2013,14.119759186,12.753993856,0.495477924
050600011804,2014,20.070559589,18.285516148,0.579535887
050600011804,2015,18.113521145,16.438652351,0.51278747
050600011804,2016,15.97618935,15.127767572,0.507320863
050600011804,2017,15.068499844,14.249216966,0.522568454
050600011804,2018,24.116461116,22.240445678,0.564525059
050600011804,2019,26.290522462,23.767875642,0.536619748
050600011805,2010,19.778163178,17.200400894,0.511459879
050600011805,2011,27.860857939,23.503009076,0.53438341
050600011805,2012,18.424369253,15.897361648,0.495426802
050600011805,2013,19.311990968,16.052922911,0.517206218
050600011805,2014,24.615781038,21.605793512,0.600144572
050600011805,2015,22.153442044,18.617104403,0.538282557
050600011805,2016,19.597941309,17.918175177,0.532573236
050600011805,2017,18.093866184,16.390098479,0.530020062
050600011805,2018,28.561125604,24.832004686,0.588336884
050600011805,2019,27.216369975,23.278901252,0.531289026
050600011806,2010,15.305202005,11.43018785,0.362223769
050600011806,2011,23.040011107,17.393959819,0.396711928
050600011806,2012,13.631038756,10.490383193,0.337364914
050600011806,2013,13.633206708,10.071855182,0.38439021
050600011806,2014,21.127153314,16.157522616,0.426429381
050600011806,2015,15.058821345,11.558367083,0.364407023
050600011806,2016,16.047424966,12.995114556,0.358471427
050600011806,2017,16.927586097,13.435795949,0.36679574
050600011806,2018,24.168164608,18.549325578,0.406819973
050600011806,2019,23.214792132,18.218913371,0.407540289
050600011901,2010,16.362224072,0.400341109,0.470385851
050600011901,2011,39.70014899,1.483483095,0.547142626
050600011901,2012,11.904684781,0.551437402,0.452339757
050600011901,2013,24.049015702,0.556129319,0.516794256
050600011901,2014,16.356654705,0.763860144,0.520593147
050600011901,2015,20.855520272,0.385479035,0.489370799
050600011901,2016,31.135835551,0.665033425,0.523849968
050600011901,2017,20.609685145,0.508107844,0.47848762
050600011901,2018,33.880339202,0.899456734,0.546393043
050600011901,2019,25.046845756,0.802168284,0.500193866
050600011902,2010,17.583114225,1.246171441,0.524371419
050600011902,2011,41.647434471,2.317063544,0.583329179
050600011902,2012,11.915197009,1.395234042,0.492339819
050600011902,2013,27.512252215,1.504572193,0.581025063
050600011902,2014,20.211822138,1.510190488,0.58980354
050600011902,2015,21.182693943,1.240503081,0.569263266
050600011902,2016,30.116553408,1.501870259,0.581484939
050600011902,2017,23.093727847,1.444526943,0.533809913
050600011902,2018,34.780654274,1.943339457,0.616665933
050600011902,2019,28.325605696,2.232659407,0.558892236
050600011903,2010,19.71602476,4.092934913,0.613338823
050600011903,2011,48.280861608,5.793898129,0.660818576
050600011903,2012,16.745294791,4.218084067,0.601142609
050600011903,2013,35.585468307,5.359095321,0.679313903
050600011903,2014,25.40478422,4.147663478,0.711999492
050600011903,2015,25.471595516,4.733222098,0.686274275
050600011903,2016,30.304778581,4.662784339,0.691546199
050600011903,2017,30.763061858,4.742827589,0.658697176
050600011903,2018,42.345774705,6.728263808,0.722059449
050600011903,2019,34.229917275,6.733273876,0.648577485
050600011904,2010,19.337307154,4.306439161,0.637637088
050600011904,2011,44.585233354,6.270537947,0.679465234
050600011904,2012,14.378107201,4.443926063,0.60384688
050600011904,2013,32.002015367,5.578486926,0.680587012
050600011904,2014,26.253061067,4.63000368,0.735552168
050600011904,2015,21.325614615,5.017828342,0.685400313
050600011904,2016,21.983474949,4.860470819,0.688543467
050600011904,2017,29.864114754,4.999055806,0.681522458
050600011904,2018,41.097498243,7.273620752,0.731142229
050600011904,2019,30.371031999,7.167840585,0.662535486
050600011905,2010,22.402589202,2.805603904,0.60416291
050600011905,2011,52.641203736,4.159723193,0.650673778
050600011905,2012,17.963469275,3.173821902,0.577311383
050600011905,2013,36.931860351,3.548289303,0.651484318
050600011905,2014,33.85431202,3.134845706,0.707075026
050600011905,2015,26.953626322,3.206935417,0.65803264
050600011905,2016,29.755881466,3.232370169,0.666721574
050600011905,2017,35.249184033,3.223239269,0.654575262
050600011905,2018,47.959694106,4.469118052,0.70806857
050600011905,2019,37.041131221,4.974054937,0.647644302
050600012001,2010,22.443555312,1.86661769,0.630155001
050600012001,2011,52.456158619,2.659451915,0.687143445
050600012001,2012,18.946569916,1.953964202,0.618118679
050600012001,2013,40.795340137,2.126097088,0.690556849
050600012001,2014,34.431502408,2.210740576,0.723656719
050600012001,2015,30.242920484,2.027001671,0.690925807
050600012001,2016,33.591814517,2.22219325,0.696593113
050600012001,2017,33.705854561,2.175581127,0.693228285
050600012001,2018,48.865627344,3.016914237,0.724915772
050600012001,2019,39.604239776,2.752644981,0.677819703
050600012002,2010,22.276342981,1.858300514,0.631140835
050600012002,2011,52.019015328,2.643468437,0.685054205
050600012002,2012,17.942801085,1.94687678,0.60987242
050600012002,2013,38.990109242,2.078839995,0.68809968
050600012002,2014,33.678481645,2.198511929,0.720118171
050600012002,2015,30.005121299,2.027958848,0.687764869
050600012002,2016,32.894889356,2.205159628,0.693946808
050600012002,2017,31.82542308,2.167874016,0.686852966
050600012002,2018,47.732764847,2.992861351,0.724288566
050600012002,2019,38.523933013,2.76154686,0.671644205
050600012003,2010,14.491292301,0.53164796,0.518710199
050600012003,2011,45.536735776,1.211432761,0.594732294
050600012003,2012,11.696519554,0.839884997,0.489435738
050600012003,2013,31.187315585,0.849349341,0.584331609
050600012003,2014,29.105252922,1.06538094,0.614363535
050600012003,2015,19.407112419,0.682654118,0.557450769
050600012003,2016,24.202121991,0.648879841,0.553028598
050600012003,2017,22.910645455,0.620803268,0.562169661
050600012003,2018,36.801569485,0.928891604,0.625943437
050600012003,2019,30.455721005,1.415379846,0.585394714
050600012004,2010,12.669458426,0.598792897,0.558950454
050600012004,2011,41.456900703,1.471611543,0.626783529
050600012004,2012,8.872800944,0.733062814,0.51937606
050600012004,2013,28.901879981,0.924863108,0.603139673
050600012004,2014,22.423149497,0.943556531,0.655487363
050600012004,2015,17.614678527,0.798448762,0.598004933
050600012004,2016,19.805184809,0.717475231,0.606945709
050600012004,2017,16.56949001,0.56170958,0.604303598
050600012004,2018,35.069320013,1.261983469,0.675137496
050600012004,2019,29.310213508,1.526645126,0.640462982
050600012005,2010,15.961419404,1.15898575,0.589893123
050600012005,2011,44.226622341,2.177849664,0.651334515
050600012005,2012,11.821224576,1.289217456,0.55274791
050600012005,2013,30.679000445,1.489659335,0.633829839
050600012005,2014,26.943626876,1.634233696,0.685522684
050600012005,2015,20.665519867,1.355231862,0.630370337
050600012005,2016,23.524017677,1.464245603,0.644318539
050600012005,2017,22.166797691,1.318058061,0.638756173
050600012005,2018,40.86132687,2.159541041,0.699733983
050600012005,2019,31.437524789,2.221282534,0.652476088
050600012006,2010,20.611315654,1.922250559,0.548629802
050600012006,2011,51.560040484,4.009178735,0.610572337
050600012006,2012,14.93391727,1.802813348,0.504041095
050600012006,2013,31.110058814,2.839488536,0.583911517
050600012006,2014,36.046858954,3.024432751,0.633892135
050600012006,2015,26.797479035,2.379090451,0.565415226
050600012006,2016,29.506764449,2.627468212,0.579767353
050600012006,2017,32.2569304,2.505948509,0.587443559
050600012006,2018,43.540957712,3.556343042,0.625382877
050600012006,2019,39.568562183,4.300366184,0.592160484
050600012101,2010,16.942119238,1.177108127,0.587012631
050600012101,2011,45.841314055,2.474715912,0.669439959
050600012101,2012,14.623556407,1.365982194,0.558535008
050600012101,2013,27.326575051,1.601077004,0.620501115
050600012101,2014,31.081060004,1.865957812,0.700424177
050600012101,2015,22.578902419,1.347565632,0.629502366
050600012101,2016,22.522868582,1.407675385,0.640490236
050600012101,2017,24.926771331,1.325218726,0.631344652
050600012101,2018,39.564416861,2.281252216,0.689349264
050600012101,2019,32.72223126,2.57365613,0.644852982
050600012102,2010,15.952296846,0.806108165,0.575148778
050600012102,2011,41.521848211,1.926602666,0.655377658
050600012102,2012,14.046895324,0.993510528,0.542892006
050600012102,2013,25.994810197,1.177767262,0.605961231
050600012102,2014,29.615827845,1.471033434,0.678332005
050600012102,2015,21.270857489,0.93846644,0.601252248
050600012102,2016,19.967173785,0.947670247,0.60887135
050600012102,2017,23.638436638,0.885461458,0.617195535
050600012102,2018,35.210511634,1.657837773,0.659912243
050600012102,2019,31.16997991,2.241631787,0.624153462
050600012201,2010,18.210896428,2.290183095,0.587380064
050600012201,2011,39.408600565,3.56283311,0.653936616
050600012201,2012,15.335041629,2.190939963,0.548720338
050600012201,2013,28.220290497,3.009390678,0.608049282
050600012201,2014,28.274171017,3.025633237,0.682824303
050600012201,2015,22.849952533,2.540894842,0.608441797
050600012201,2016,20.366676388,2.572273513,0.616996091
050600012201,2017,22.940251265,2.531939902,0.62920398
050600012201,2018,33.037098818,3.473658566,0.654559312
050600012201,2019,30.192184495,3.797464785,0.627739752
050600012202,2010,15.77047559,0.800798961,0.521276487
050600012202,2011,35.145612329,1.239676423,0.583273684
050600012202,2012,12.680183384,0.553231721,0.485791505
050600012202,2013,20.799835602,0.785100004,0.543409681
050600012202,2014,22.024634536,0.741176599,0.608687647
050600012202,2015,20.849700937,0.757444076,0.562228544
050600012202,2016,15.657129026,0.606385401,0.542333245
050600012202,2017,20.289866302,0.577626467,0.561457086
050600012202,2018,31.541364947,1.005115491,0.59351069
050600012202,2019,31.016601391,1.517611469,0.573787142
050600012203,2010,18.998283322,1.220449168,0.541289961
050600012203,2011,41.647583132,2.191595341,0.586777677
050600012203,2012,19.027801369,1.161776322,0.555522413
050600012203,2013,21.531759033,1.464498203,0.565878988
050600012203,2014,29.135916063,1.536321331,0.646219556
050600012203,2015,20.326017731,1.095028369,0.568811002
050600012203,2016,21.688832681,0.907392305,0.572022738
050600012203,2017,27.522031811,0.837944756,0.608310291
050600012203,2018,34.502063764,1.415190671,0.629416994
050600012203,2019,34.393885286,2.571262188,0.593939827
050600012204,2010,19.234888673,11.858454186,0.514923419
050600012204,2011,30.651914234,18.54596451,0.536073023
050600012204,2012,15.811197289,10.577178515,0.489384042
050600012204,2013,17.716015043,10.963827971,0.53696302
050600012204,2014,26.457078847,18.499004551,0.594066142
050600012204,2015,17.813677341,12.629921317,0.514742287
050600012204,2016,17.339403318,12.661060887,0.521019123
050600012204,2017,23.071706261,16.361150996,0.552619755
050600012204,2018,31.572828309,20.13398192,0.580555129
050600012204,2019,32.330928098,20.549766957,0.567807828
050600012301,2010,45.285870697,18.508632656,0.55741302
050600012301,2011,58.489379782,21.184021484,0.590415204
050600012301,2012,42.142310437,18.462250444,0.555229368
050600012301,2013,46.874950113,19.146494062,0.576947682
050600012301,2014,52.749870587,21.201111899,0.599295846
050600012301,2015,47.034971749,19.011019308,0.576861549
050600012301,2016,48.551175627,20.318627942,0.5723239
050600012301,2017,48.234190188,19.770468996,0.576880033
050600012301,2018,56.512883468,21.328898036,0.59228379
050600012301,2019,53.136947925,21.588940664,0.581149069
050600012302,2010,50.52750603,26.439444419,0.547896515
050600012302,2011,62.655275066,30.784294748,0.56908404
050600012302,2012,48.02138822,26.542612934,0.546494009
050600012302,2013,53.027581124,27.650850689,0.562097468
050600012302,2014,60.693186401,30.9217696,0.570443003
050600012302,2015,55.683098941,27.880703606,0.562975572
050600012302,2016,54.57490424,28.781170668,0.554774189
050600012302,2017,55.541603383,28.284041589,0.555046658
050600012302,2018,64.241656493,30.187478079,0.5763714
050600012302,2019,61.089020703,31.592409351,0.56872173
050600012303,2010,23.706711707,8.041302549,0.473100857
050600012303,2011,33.465106129,10.473565164,0.517584572
050600012303,2012,24.20385816,9.27032436,0.47101812
050600012303,2013,24.727742221,8.554130626,0.498571698
050600012303,2014,29.957254862,10.27705501,0.538700628
050600012303,2015,27.8144886,10.293661742,0.516204258
050600012303,2016,25.413032748,9.611619262,0.505376109
050600012303,2017,24.493188306,8.800170294,0.503254288
050600012303,2018,32.430352366,10.49858365,0.533980569
050600012303,2019,35.487717932,13.997056048,0.530149501
050600012304,2010,12.307490398,1.629986065,0.504559952
050600012304,2011,18.9978463,4.13053143,0.548886281
050600012304,2012,13.402363436,3.270769878,0.501651311
050600012304,2013,11.998744429,2.002771043,0.51526099
050600012304,2014,16.49641535,2.779681737,0.587058305
050600012304,2015,14.726772887,4.431144284,0.528021408
050600012304,2016,11.654968156,1.631026221,0.521114279
050600012304,2017,13.692759191,1.731876657,0.554607865
050600012304,2018,18.038885635,3.280429144,0.585994562
050600012304,2019,24.538463902,9.715933619,0.571559439
050600012305,2010,19.603564898,8.882789462,0.490371308
050600012305,2011,28.387349851,13.298963597,0.535216675
050600012305,2012,14.812627114,8.381901955,0.462477536
050600012305,2013,15.241931642,8.504973599,0.48296922
050600012305,2014,23.324549397,10.994782595,0.549202474
050600012305,2015,19.890792494,10.552709945,0.535426808
050600012305,2016,18.611379818,10.106712068,0.515004129
050600012305,2017,21.752816508,9.955577054,0.522746123
050600012305,2018,26.785917119,13.200242444,0.57698843
050600012305,2019,34.2130726,19.144486534,0.584455475
050600012306,2010,16.039753099,4.485604653,0.534400349
050600012306,2011,23.340775316,7.116793344,0.573673474
050600012306,2012,13.303033854,4.714126213,0.512211472
050600012306,2013,13.843598759,3.977275269,0.535763917
050600012306,2014,21.36055858,6.104693347,0.606962553
050600012306,2015,18.972462558,6.961882301,0.578828987
050600012306,2016,16.24463,5.137272684,0.554892325
050600012306,2017,19.349084086,5.063913988,0.575454706
050600012306,2018,25.300424594,7.436871789,0.633013652
050600012306,2019,31.548847758,13.38638015,0.623405609
050600020101,2010,11.217953354,1.468733039,0.503999687
050600020101,2011,29.761953436,1.726305016,0.586134324
050600020101,2012,8.333291854,1.763173497,0.491210625
050600020101,2013,24.291168558,1.531534579,0.540968369
050600020101,2014,18.163242526,1.738158156,0.593898831
050600020101,2015,14.898591353,1.535451115,0.535752941
050600020101,2016,13.377106175,1.181881418,0.531163499
050600020101,2017,10.473803155,0.933234355,0.539043407
050600020101,2018,23.090295108,1.32120073,0.607709648
050600020101,2019,22.744956399,2.377682761,0.58240293
050600020102,2010,18.121679587,1.617100863,0.493119554
050600020102,2011,42.62425059,1.908780925,0.569563009
050600020102,2012,15.53758685,1.846805715,0.485757661
050600020102,2013,29.133564412,1.627405338,0.529927726
050600020102,2014,30.609062657,1.919283467,0.581676116
050600020102,2015,25.808248009,1.805596624,0.521742794
050600020102,2016,24.293877397,1.294188406,0.512675326
050600020102,2017,23.229204725,1.056634288,0.520231423
050600020102,2018,37.581931382,1.2426563,0.588790652
050600020102,2019,39.052921815,2.678627509,0.57030388
050600020103,2010,12.367127717,0.877916534,0.472372896
050600020103,2011,29.530316458,2.171180636,0.510177768
050600020103,2012,9.469121544,1.071936119,0.44605135
050600020103,2013,16.226867752,1.16408543,0.496055918
050600020103,2014,20.495966552,2.568202583,0.53754887
050600020103,2015,18.371046691,2.865173647,0.486607099
050600020103,2016,15.145736927,0.642539131,0.456840433
050600020103,2017,16.789899865,0.235079062,0.474499073
050600020103,2018,23.506916485,0.280434769,0.538388372
050600020103,2019,28.097105441,6.533732176,0.523322867
050600020104,2010,7.599783244,2.377369296,0.490933041
050600020104,2011,22.925848441,2.684020021,0.542832546
050600020104,2012,6.431852793,2.491225011,0.473294575
050600020104,2013,14.606035051,2.368187114,0.527060154
050600020104,2014,14.083700541,2.592814993,0.573830246
050600020104,2015,11.977525368,2.482014528,0.515066479
050600020104,2016,8.288149305,2.447361517,0.499952357
050600020104,2017,9.133206293,2.378012027,0.516630773
050600020104,2018,14.49568322,2.497085401,0.570819294
050600020104,2019,20.747204916,2.984917325,0.564051363
050600020105,2010,15.776411038,2.080877274,0.487492006
050600020105,2011,39.205166478,2.222153439,0.542972656
050600020105,2012,12.978613155,2.24367258,0.472838816
050600020105,2013,24.612282068,2.028091805,0.525417587
050600020105,2014,27.094259148,2.156502819,0.574096026
050600020105,2015,24.484887381,2.106108814,0.513043354
050600020105,2016,21.580779818,2.010030086,0.498209202
050600020105,2017,22.258952521,1.94135569,0.514458134
050600020105,2018,31.338004136,1.991176576,0.570382101
050600020105,2019,38.402723687,2.445944923,0.562923283
050600020106,2010,28.841459443,2.19162034,0.442728861
050600020106,2011,52.095073318,3.509409596,0.48060376
050600020106,2012,24.502566525,2.426697002,0.431917393
050600020106,2013,35.425482373,2.389616927,0.464904396
050600020106,2014,45.700104272,3.169071126,0.506714412
050600020106,2015,39.381625309,2.578546003,0.462458452
050600020106,2016,35.792688072,2.000568234,0.444129696
050600020106,2017,40.859390135,2.181316475,0.460672357
050600020106,2018,51.671989194,2.435272312,0.511608787
050600020106,2019,53.785372284,4.695361059,0.500118561
050600020201,2010,12.515893327,4.24427064,0.336383263
050600020201,2011,25.50014706,6.209888534,0.361288255
050600020201,2012,11.22352465,5.559524703,0.328757651
050600020201,2013,14.184505533,4.438913626,0.356527678
050600020201,2014,17.420361164,5.454287369,0.387595515
050600020201,2015,15.874862761,4.667518938,0.370344101
050600020201,2016,13.544416122,4.425788709,0.361605106
050600020201,2017,17.614030872,4.906828511,0.372917491
050600020201,2018,21.7676936,5.227625818,0.403711452
050600020201,2019,23.405457877,6.321638688,0.390453642
050600020202,2010,18.215458324,4.289451097,0.345708614
050600020202,2011,33.561625806,6.205002626,0.367136423
050600020202,2012,16.080709154,5.569607034,0.338355084
050600020202,2013,19.298288731,4.481030893,0.358793948
050600020202,2014,25.805069627,5.498432371,0.394265278
050600020202,2015,20.610394656,4.666599514,0.3756267
050600020202,2016,19.462811774,4.452993607,0.36610844
050600020202,2017,27.402200933,4.964877382,0.380958194
050600020202,2018,31.806497725,5.266194118,0.411926377
050600020202,2019,32.718675221,6.346732735,0.399740368
050600020203,2010,13.715924674,3.096216842,0.367404382
050600020203,2011,33.960756358,7.028936618,0.390676016
050600020203,2012,12.953952737,2.866622388,0.370426569
050600020203,2013,16.485943378,3.778422865,0.3732635
050600020203,2014,22.553873449,5.22442134,0.420771223
050600020203,2015,16.41955501,2.322416137,0.395301258
050600020203,2016,14.354593436,2.438567166,0.388202944
050600020203,2017,22.465779905,3.79525788,0.408507422
050600020203,2018,31.108649358,4.842000322,0.440797912
050600020203,2019,29.075778884,7.085940902,0.42162394
050600020204,2010,28.6915159,9.66356252,0.460028214
050600020204,2011,49.941720702,14.313147542,0.490961442
050600020204,2012,25.644804356,7.277702087,0.48982681
050600020204,2013,29.225536231,8.498042065,0.495983865
050600020204,2014,42.958781907,11.943003496,0.548796
050600020204,2015,27.64858886,8.193884042,0.495303382
050600020204,2016,29.993622108,8.09769894,0.490396746
050600020204,2017,38.581877145,9.901877238,0.520774012
050600020204,2018,47.734275934,11.770624255,0.547235206
050600020204,2019,50.280608613,16.218548273,0.533986541
050600020205,2010,20.413213933,9.721311713,0.504528439
050600020205,2011,33.883362989,14.034509104,0.545521236
050600020205,2012,15.777269797,6.805570917,0.534497779
050600020205,2013,18.865595205,8.21426964,0.556989084
050600020205,2014,29.236823151,11.83307318,0.616850671
050600020205,2015,17.902940765,8.326176196,0.539111246
050600020205,2016,18.617487961,8.113720849,0.535819822
050600020205,2017,24.705620112,9.820853639,0.570132802
050600020205,2018,29.062388473,11.733353467,0.586870703
050600020205,2019,35.251889006,16.399286541,0.589706776
050600020206,2010,15.666407577,1.750495757,0.519051665
050600020206,2011,28.917087134,2.565635485,0.553178339
050600020206,2012,14.691301095,1.166559586,0.55726771
050600020206,2013,18.108476851,1.859719171,0.553775526
050600020206,2014,24.136002298,1.943208271,0.641171714
050600020206,2015,16.289972385,1.724189096,0.534666587
050600020206,2016,13.540420332,0.658983191,0.558924835
050600020206,2017,18.297334507,0.824425674,0.594157195
050600020206,2018,24.739904006,1.605565038,0.598661538
050600020206,2019,29.163996464,3.623880007,0.589877931
050600020207,2010,25.361795572,5.429832122,0.556811254
050600020207,2011,37.628393387,7.075976834,0.567584197
050600020207,2012,21.431052013,3.348610463,0.573137753
050600020207,2013,24.234261773,4.372978112,0.588339456
050600020207,2014,36.278478214,5.633989993,0.67232666
050600020207,2015,25.219052613,4.758034119,0.576650455
050600020207,2016,21.0872829,2.542006414,0.591792573
050600020207,2017,29.967479083,3.699372178,0.624610217
050600020207,2018,34.561438093,5.751605085,0.635481477
050600020207,2019,39.722115341,8.996123141,0.621377536
050600020301,2010,19.857365748,3.190813044,0.523028637
050600020301,2011,35.952620818,4.514786394,0.552167353
050600020301,2012,19.026069048,2.768899685,0.561755754
050600020301,2013,21.835278512,3.330717805,0.560005411
050600020301,2014,30.685825962,4.22998335,0.649972674
050600020301,2015,20.970967245,3.099601695,0.538767494
050600020301,2016,18.804672562,2.350364218,0.567488597
050600020301,2017,24.463911055,2.976513197,0.603096192
050600020301,2018,33.139397046,3.823965208,0.605705144
050600020301,2019,36.037826958,5.757585496,0.594994708
050600020302,2010,24.939072332,2.968385797,0.576436005
050600020302,2011,33.180325469,3.818942919,0.562729863
050600020302,2012,16.656733593,2.349427743,0.55611697
050600020302,2013,21.583661389,3.075832748,0.603967608
050600020302,2014,27.941672943,2.631262628,0.665503845
050600020302,2015,24.5981535,2.87435009,0.610717766
050600020302,2016,19.847045613,1.554501591,0.625979596
050600020302,2017,24.638402296,2.607202625,0.635782805
050600020302,2018,39.040172857,3.331971108,0.666728942
050600020302,2019,40.266716292,5.582558499,0.632995855
050600020303,2010,23.474802287,2.955457271,0.566622475
050600020303,2011,29.510768718,3.747173424,0.557958088
050600020303,2012,13.862911852,2.301871701,0.552377686
050600020303,2013,20.195181886,3.036425201,0.606451387
050600020303,2014,22.931182975,2.547181053,0.661823204
050600020303,2015,21.491681832,2.852407418,0.608459607
050600020303,2016,18.440652884,1.53732427,0.631053539
050600020303,2017,19.182467471,2.538216157,0.631174921
050600020303,2018,37.315014594,3.274126999,0.668845903
050600020303,2019,37.132372965,5.538232565,0.628301587
050600020304,2010,27.2182942,3.087638732,0.553276409
050600020304,2011,35.44532088,3.683763725,0.547454656
050600020304,2012,16.591736624,1.811849676,0.527533145
050600020304,2013,23.039808389,2.810599057,0.584630186
050600020304,2014,32.086484613,2.950905975,0.640160422
050600020304,2015,28.732929654,2.756057743,0.587648442
050600020304,2016,22.943122952,1.262118841,0.601077492
050600020304,2017,28.263210423,2.445478326,0.612270186
050600020304,2018,42.955641127,2.961206962,0.643943779
050600020304,2019,43.611959302,6.141250399,0.614022906
050600020401,2010,29.64401294,3.271588931,0.496223857
050600020401,2011,46.506806216,5.096353612,0.555663436
050600020401,2012,21.413943534,2.694321087,0.481854572
050600020401,2013,23.965444055,2.873433906,0.519130084
050600020401,2014,35.601239708,4.638543638,0.572623063
050600020401,2015,34.854486264,4.294768535,0.533841076
050600020401,2016,29.057436464,3.835277081,0.510727
050600020401,2017,38.484943772,4.544734201,0.519340182
050600020401,2018,49.061799844,5.520253352,0.592973125
050600020401,2019,50.050872888,7.229159587,0.573207858
050600020402,2010,22.834204629,0.206057214,0.414911371
050600020402,2011,33.666161333,0.229786825,0.416138066
050600020402,2012,14.742227427,0.11854579,0.399565456
050600020402,2013,17.667424008,0.158851728,0.443458028
050600020402,2014,30.293702912,0.264113775,0.48323467
050600020402,2015,24.678033443,0.185774386,0.449329849
050600020402,2016,22.311748543,0.132246605,0.446548297
050600020402,2017,29.699665408,0.197092534,0.462040474
050600020402,2018,40.618921588,0.223785204,0.491426169
050600020402,2019,33.587022071,0.364939698,0.464091246
050600020403,2010,27.831539055,1.914052001,0.437320513
050600020403,2011,40.879813588,2.64848407,0.447386812
050600020403,2012,19.397729598,1.520399532,0.415720278
050600020403,2013,22.137339356,1.417888233,0.457273046
050600020403,2014,37.293530672,2.777950674,0.494487403
050600020403,2015,31.620869809,2.177675734,0.464220303
050600020403,2016,26.861649219,2.030144596,0.456003431
050600020403,2017,36.813839268,2.530215174,0.470284617
050600020403,2018,49.601031765,3.338425615,0.503960803
050600020403,2019,41.404713442,3.203573689,0.479530627
050600020404,2010,21.378543201,1.982080255,0.526260991
050600020404,2011,29.941624918,2.809242198,0.535352573
050600020404,2012,10.281768601,1.172549075,0.470606631
050600020404,2013,17.294875577,2.153756922,0.555198666
050600020404,2014,17.136238195,1.908319854,0.58698006
050600020404,2015,23.348052383,1.829660753,0.571645797
050600020404,2016,17.157493792,1.09512209,0.573677075
050600020404,2017,18.38956846,1.682694343,0.552083173
050600020404,2018,28.892067048,2.326053367,0.596943978
050600020404,2019,34.052002037,2.885586048,0.572693994
050600020405,2010,28.014307498,3.12609534,0.526978979
050600020405,2011,40.768649939,4.175703677,0.548337108
050600020405,2012,17.447908501,2.509410131,0.471086425
050600020405,2013,25.681601063,2.909301398,0.557422193
050600020405,2014,26.504872301,3.422106457,0.583147384
050600020405,2015,32.459777728,3.150140981,0.564062104
050600020405,2016,25.305197732,2.710253166,0.558041347
050600020405,2017,30.349712328,2.940746966,0.561619028
050600020405,2018,38.284942149,3.514542571,0.594606212
050600020405,2019,43.409090974,4.496723324,0.570887006
050600020406,2010,31.126989768,1.913310767,0.499418796
050600020406,2011,39.123566694,2.36619273,0.505203986
050600020406,2012,18.252376186,1.357999078,0.464226468
050600020406,2013,22.579413582,1.44897983,0.52360909
050600020406,2014,33.868552075,2.061549073,0.560819166
050600020406,2015,34.943597583,1.946120333,0.535892608
050600020406,2016,30.839578335,1.592184179,0.535446697
050600020406,2017,33.015004573,1.725462209,0.538077736
050600020406,2018,44.5605353,2.338315237,0.574267269
050600020406,2019,44.716314594,3.270678772,0.546046794
050600020501,2010,28.136614787,7.732454247,0.549816932
050600020501,2011,34.778620829,8.96120782,0.569053323
050600020501,2012,17.8497944,5.645176681,0.497925548
050600020501,2013,19.792120346,3.82280678,0.565348966
050600020501,2014,25.001938754,6.20834405,0.593434267
050600020501,2015,28.730526754,7.608201402,0.581550308
050600020501,2016,22.824429979,5.902275115,0.573169565
050600020501,2017,23.385393682,5.199765271,0.573914179
050600020501,2018,35.604500533,9.369787443,0.609191441
050600020501,2019,40.6379971,12.278650604,0.596780847
050600020502,2010,29.971725149,10.835242871,0.565557416
050600020502,2011,36.563646787,12.597034009,0.572837516
050600020502,2012,18.801676523,7.19841963,0.513215495
050600020502,2013,19.590266259,5.637890642,0.571107429
050600020502,2014,30.837978514,10.115495465,0.618370224
050600020502,2015,30.803954747,10.447141995,0.593465344
050600020502,2016,26.978191885,9.474779272,0.598080001
050600020502,2017,25.161967239,7.88790548,0.585213238
050600020502,2018,39.380650714,13.068017872,0.632058512
050600020502,2019,43.93897184,16.534286578,0.618533199
050600020503,2010,37.838401993,17.096889926,0.542957645
050600020503,2011,45.880125915,19.945327964,0.560021593
050600020503,2012,27.582905878,14.463176042,0.499766808
050600020503,2013,29.596887665,14.24698456,0.549559648
050600020503,2014,38.836581093,18.008113083,0.577148687
050600020503,2015,42.348467957,18.780689478,0.561125289
050600020503,2016,34.043986815,15.984978902,0.551083963
050600020503,2017,32.685557672,14.46761612,0.547288029
050600020503,2018,44.29146146,19.176105752,0.578392293
050600020503,2019,51.906665837,23.353341258,0.574064407
050600020601,2010,32.809976197,1.997132812,0.637259265
050600020601,2011,45.615713394,2.229515626,0.669273876
050600020601,2012,20.935643651,1.670987053,0.610769408
050600020601,2013,34.96004358,2.107578362,0.685226052
050600020601,2014,27.456070982,2.272612948,0.689643793
050600020601,2015,33.955533354,2.134408591,0.670076244
050600020601,2016,27.529393501,1.966995942,0.662818771
050600020601,2017,29.525578937,2.182184092,0.688891063
050600020601,2018,45.023673434,2.402029145,0.69920245
050600020601,2019,45.335071832,2.607915345,0.681171657
050600020602,2010,28.328505718,1.744374655,0.623697084
050600020602,2011,40.601774222,2.191554885,0.65911018
050600020602,2012,17.64707081,1.503185453,0.59625836
050600020602,2013,28.196480659,1.637632237,0.66500096
050600020602,2014,23.146361618,1.775826808,0.673978387
050600020602,2015,28.900556736,1.660632625,0.653469662
050600020602,2016,24.548299206,1.686637381,0.653459264
050600020602,2017,25.70128338,1.662822984,0.668764553
050600020602,2018,39.446107337,1.980489963,0.686123499
050600020602,2019,39.885080234,2.491649127,0.666122325
050600020603,2010,30.618134233,1.76136955,0.618691493
050600020603,2011,41.615166539,2.332143167,0.652549144
050600020603,2012,17.822428222,1.541346374,0.59435502
050600020603,2013,27.956907459,1.688048486,0.648036093
050600020603,2014,23.005163576,1.680677657,0.657523034
050600020603,2015,28.978328412,1.53562789,0.640460611
050600020603,2016,20.898172833,1.581500838,0.631263571
050600020603,2017,24.291346676,1.418231931,0.651574032
050600020603,2018,41.662331962,1.890190436,0.676762685
050600020603,2019,39.538380102,2.531961818,0.651864219
050600020604,2010,31.206242989,4.470936272,0.628036257
050600020604,2011,40.691118588,5.281031727,0.657204157
050600020604,2012,21.231322864,3.950082968,0.620893278
050600020604,2013,30.273257945,3.76908746,0.668994073
050600020604,2014,24.130072553,3.71144193,0.675585472
050600020604,2015,28.676340956,4.126933915,0.667093595
050600020604,2016,21.164561859,3.352968592,0.621728349
050600020604,2017,20.390142386,2.987006758,0.63664476
050600020604,2018,33.89805239,3.231503853,0.67572367
050600020604,2019,41.632749831,5.753794827,0.663313993
050600020605,2010,32.864945161,4.366452259,0.636671824
050600020605,2011,46.16832006,5.960062101,0.670066335
050600020605,2012,22.79918132,4.296629554,0.625414103
050600020605,2013,34.562984139,4.156325659,0.681141159
050600020605,2014,29.862738824,4.17650053,0.687183568
050600020605,2015,36.773766481,3.827847925,0.682100419
050600020605,2016,25.516106545,3.676816463,0.642182613
050600020605,2017,28.215435496,3.297545827,0.661914333
050600020605,2018,39.71029181,3.794569984,0.687371895
050600020605,2019,45.150536655,6.584944551,0.673749651
050600020701,2010,20.657859187,2.404846142,0.601292056
050600020701,2011,32.405456664,3.352603975,0.618646432
050600020701,2012,15.953593458,2.384313841,0.590652374
050600020701,2013,23.65576356,2.255879455,0.638925831
050600020701,2014,22.969231927,2.576439011,0.65541915
050600020701,2015,36.23991591,2.629222731,0.659884974
050600020701,2016,20.796107463,2.237915951,0.60772786
050600020701,2017,15.685713342,1.870686447,0.60489325
050600020701,2018,35.631495208,2.47087652,0.665899341
050600020701,2019,34.947661258,4.042932074,0.637165147
050600020702,2010,23.917895872,4.371442603,0.629589431
050600020702,2011,38.23197929,8.183034344,0.65023264
050600020702,2012,18.264260128,4.250444621,0.617055431
050600020702,2013,28.103126659,4.066423449,0.683697093
050600020702,2014,26.669624489,5.015847101,0.690087248
050600020702,2015,40.938619649,5.217075572,0.70368029
050600020702,2016,20.067260755,3.335966801,0.643574566
050600020702,2017,18.451329647,2.885203581,0.651527185
050600020702,2018,35.755612975,4.733373392,0.688977457
050600020702,2019,36.848179065,8.686256777,0.665330057
050600020801,2010,27.16870261,3.750154483,0.640408683
050600020801,2011,41.982010318,4.549688907,0.667197833
050600020801,2012,21.238358777,3.971784927,0.627801053
050600020801,2013,30.691582121,3.879251434,0.68445246
050600020801,2014,34.59922159,4.238596659,0.703797556
050600020801,2015,37.098750637,4.061136785,0.692969418
050600020801,2016,28.226290312,3.75094836,0.658721798
050600020801,2017,22.248599333,3.411711834,0.652136649
050600020801,2018,44.4805696,3.769436405,0.709980102
050600020801,2019,41.959880983,5.077577568,0.68435198
050600020802,2010,23.827497466,3.607546361,0.600414207
050600020802,2011,39.909880527,5.647310981,0.644251477
050600020802,2012,16.151163078,3.332364383,0.593946824
050600020802,2013,26.564944999,3.432521656,0.643107296
050600020802,2014,29.76461375,4.416395206,0.670187171
050600020802,2015,35.181607973,4.012135111,0.655417057
050600020802,2016,22.413493249,2.623128609,0.630282071
050600020802,2017,17.740712068,2.690515134,0.605770755
050600020802,2018,40.145807722,3.907880472,0.677281966
050600020802,2019,44.151944507,6.146721238,0.663057474
050600020803,2010,25.296241947,3.634574792,0.620323807
050600020803,2011,38.129550073,4.776454405,0.647272934
050600020803,2012,19.825732214,3.737558542,0.610743737
050600020803,2013,26.565515679,3.600267162,0.658528516
050600020803,2014,30.472562687,4.136629489,0.677235944
050600020803,2015,37.721913429,3.953552228,0.668615494
050600020803,2016,25.396297849,3.386126636,0.634449224
050600020803,2017,19.828653756,3.039289237,0.619033705
050600020803,2018,39.941816494,3.535551193,0.687309901
050600020803,2019,40.613926498,5.326254942,0.66556855
050600020804,2010,21.563497286,1.867981952,0.606740145
050600020804,2011,38.604853292,2.398850113,0.650088823
050600020804,2012,16.769940446,1.553766637,0.610925724
050600020804,2013,21.913761326,1.675818363,0.642971434
050600020804,2014,25.188656127,2.117998433,0.674122573
050600020804,2015,32.179670107,1.790420452,0.663267302
050600020804,2016,21.121077943,1.636051815,0.627619577
050600020804,2017,14.264065376,1.122059588,0.602827061
050600020804,2018,32.750067346,1.909040127,0.669824352
050600020804,2019,38.472806834,2.501143949,0.668375317
050600020805,2010,21.237259193,2.116600371,0.599084236
050600020805,2011,36.456619322,3.424202178,0.631344469
050600020805,2012,16.242346445,1.667801972,0.592928495
050600020805,2013,22.620516412,1.912558457,0.63818508
050600020805,2014,24.619948084,2.428079916,0.663750146
050600020805,2015,32.900644552,2.227212802,0.650398833
050600020805,2016,21.712359458,1.573536938,0.614939104
050600020805,2017,15.272279841,1.234086459,0.596922625
050600020805,2018,32.835455751,2.21077914,0.659586754
050600020805,2019,37.76987657,3.71601736,0.650257306
050600020901,2010,24.29883817,4.383583669,0.617870981
050600020901,2011,40.699967645,5.212644115,0.655409313
050600020901,2012,21.318813523,3.905380872,0.623590675
050600020901,2013,33.737670581,3.721418584,0.672289475
050600020901,2014,24.513935059,3.64732568,0.677004223
050600020901,2015,34.134129531,4.07718191,0.667068552
050600020901,2016,20.525761012,3.30259942,0.619864647
050600020901,2017,15.591110201,2.891126278,0.627224099
050600020901,2018,34.09916555,3.161131272,0.678165588
050600020901,2019,39.265081548,5.675007611,0.663756675
050600020902,2010,24.935037748,4.388898654,0.619037493
050600020902,2011,40.302023774,5.222174513,0.655259297
050600020902,2012,20.987892134,3.908831957,0.622301547
050600020902,2013,30.679630818,3.71240208,0.66884933
050600020902,2014,23.554432373,3.645474207,0.675393166
050600020902,2015,30.423268501,4.070225017,0.665887518
050600020902,2016,19.83604917,3.304428731,0.619135616
050600020902,2017,15.903089996,2.899056983,0.629402436
050600020902,2018,31.940444515,3.154729916,0.673786618
050600020902,2019,39.314292508,5.685203822,0.663976139
050600020903,2010,24.368236914,4.379259545,0.613831903
050600020903,2011,39.237454704,5.206600736,0.65303728
050600020903,2012,19.946779859,3.895344451,0.616999504
050600020903,2013,34.235600133,3.715805678,0.670470502
050600020903,2014,26.596828417,3.654562369,0.675666079
050600020903,2015,36.186974677,4.088570692,0.668860706
050600020903,2016,20.695195411,3.303960414,0.619196472
050600020903,2017,15.793952021,2.898339242,0.629705904
050600020903,2018,34.939909379,3.164647616,0.675072908
050600020903,2019,36.302710003,5.667497875,0.656998166
050600020904,2010,26.131638783,4.255865445,0.611899889
050600020904,2011,37.915544607,5.285768155,0.654053334
050600020904,2012,17.700275997,3.269167235,0.605117566
050600020904,2013,27.3007431,3.584859556,0.658339404
050600020904,2014,25.185664164,3.60274702,0.6709776
050600020904,2015,34.738555258,4.107858797,0.658334069
050600020904,2016,18.896998315,2.710027172,0.618075757
050600020904,2017,20.07830031,2.420771201,0.631935079
050600020904,2018,32.3555434,3.358019206,0.667410947
050600020904,2019,37.254612444,6.126006249,0.658696446
050600020905,2010,27.684093378,4.530625398,0.627084485
050600020905,2011,43.750338409,6.017349562,0.669288333
050600020905,2012,21.846877953,4.405341143,0.629820519
050600020905,2013,34.821379813,4.188147513,0.682879159
050600020905,2014,32.113578279,4.238624582,0.692459674
050600020905,2015,40.002042387,4.036180497,0.686647989
050600020905,2016,24.129463371,3.705751541,0.638409992
050600020905,2017,22.478811515,3.276390651,0.654101661
050600020905,2018,36.824766502,3.726583517,0.685536808
050600020905,2019,42.048145837,6.646955157,0.674345168
050600020906,2010,24.659029409,0.886286477,0.603580856
050600020906,2011,40.363034832,1.011454928,0.644562801
050600020906,2012,18.45235501,0.77531516,0.606727784
050600020906,2013,26.572252257,0.800588178,0.650816356
050600020906,2014,27.170907585,0.905594698,0.675118174
050600020906,2015,38.380166882,0.850226052,0.67492261
050600020906,2016,22.461537459,0.746513169,0.629032075
050600020906,2017,19.277557643,0.629603842,0.63117373
050600020906,2018,35.89148585,0.816547821,0.664099283
050600020906,2019,36.962328301,1.120851901,0.661817826
050600021001,2010,41.053265136,9.880606648,0.672666861
050600021001,2011,49.854956591,12.511985254,0.688679259
050600021001,2012,28.944742078,7.405010424,0.644355052
050600021001,2013,32.217342827,7.120263996,0.685721969
050600021001,2014,34.876283747,6.5211225,0.729620423
050600021001,2015,47.587675867,9.2542327,0.734850048
050600021001,2016,32.408202073,8.208469627,0.674356342
050600021001,2017,28.761867072,5.394184552,0.698896094
050600021001,2018,48.431573654,8.36571461,0.728053928
050600021001,2019,53.592083783,12.542034397,0.724541285
050600021002,2010,35.078558405,1.460846513,0.47747299
050600021002,2011,46.471433334,1.735850067,0.520551979
050600021002,2012,24.481617745,1.21907878,0.446985763
050600021002,2013,31.961097426,1.399579695,0.482218402
050600021002,2014,33.944701927,1.627430504,0.500510783
050600021002,2015,41.661608885,1.932454884,0.522065489
050600021002,2016,31.549512736,1.362984376,0.475015507
050600021002,2017,33.026902153,1.383365521,0.478007127
050600021002,2018,43.51949714,1.654209004,0.530359379
050600021002,2019,48.410390972,2.411271874,0.536702232
050600021003,2010,28.217200911,3.979730649,0.616904195
050600021003,2011,41.462093154,5.307370324,0.663279845
050600021003,2012,18.171847064,3.116511291,0.594126005
050600021003,2013,30.683753348,3.478365755,0.667257271
050600021003,2014,23.843038631,3.253901506,0.669196024
050600021003,2015,32.500957451,3.797486692,0.662872879
050600021003,2016,21.41907104,3.309175722,0.62575507
050600021003,2017,23.462927061,2.845222213,0.656885934
050600021003,2018,35.068190072,3.648507293,0.675044879
050600021003,2019,40.11383115,5.812688976,0.668423212
050600021004,2010,27.555820342,3.451974121,0.608609339
050600021004,2011,39.057108702,4.4971116,0.649364186
050600021004,2012,20.219346975,2.971096634,0.608764385
050600021004,2013,27.680714534,2.968125648,0.655495581
050600021004,2014,26.757128904,2.979599672,0.674905109
050600021004,2015,36.70210469,3.357294756,0.67393234
050600021004,2016,22.320992468,2.895877188,0.62952828
050600021004,2017,22.788926082,2.398147788,0.648604438
050600021004,2018,35.482477933,3.236062337,0.677336054
050600021004,2019,40.043541529,4.765027196,0.67070498
050600021005,2010,42.073602259,6.665140118,0.610166795
050600021005,2011,56.511001729,8.554029593,0.637994144
050600021005,2012,32.694280034,5.043116758,0.590759737
050600021005,2013,36.157412975,4.939414436,0.630033941
050600021005,2014,37.557121508,4.905373862,0.658956259
050600021005,2015,50.22628468,6.415981022,0.661870704
050600021005,2016,35.385255548,5.497390969,0.610666129
050600021005,2017,33.228505183,3.858251448,0.624432492
050600021005,2018,52.138665806,5.99021774,0.665422956
050600021005,2019,56.858678222,8.688562294,0.662434861
050600021101,2010,29.902481689,8.619039824,0.670914954
050600021101,2011,43.420168781,11.744784292,0.703240466
050600021101,2012,26.178838124,7.116586157,0.676876545
050600021101,2013,26.33196422,6.714528841,0.695999815
050600021101,2014,28.394088718,7.148603575,0.727650045
050600021101,2015,40.821253481,9.592316012,0.745989839
050600021101,2016,26.114467064,8.097160217,0.694874399
050600021101,2017,18.512156379,5.044923829,0.687991384
050600021101,2018,42.948301863,8.813478632,0.729396035
050600021101,2019,46.82269317,12.371105888,0.740710689
050600021102,2010,28.252294793,5.526440369,0.637725523
050600021102,2011,40.379034927,5.733679662,0.685470228
050600021102,2012,20.837984553,4.515699188,0.646139509
050600021102,2013,23.548648838,4.692295993,0.657913133
050600021102,2014,22.683185337,4.856695283,0.696596005
050600021102,2015,39.066648476,5.577477678,0.694968943
050600021102,2016,19.960330481,5.003571038,0.659537572
050600021102,2017,22.05146223,5.153512608,0.685890448
050600021102,2018,36.605469587,5.117160954,0.709566202
050600021102,2019,43.063677926,6.384272588,0.71224873
050600021103,2010,27.680870473,5.881849427,0.638799725
050600021103,2011,40.775519264,6.166257799,0.6872444
050600021103,2012,20.694355729,4.882339527,0.647253464
050600021103,2013,22.844773307,5.016158018,0.658712733
050600021103,2014,22.133325362,5.278081046,0.697880394
050600021103,2015,37.82623117,6.02301605,0.697061758
050600021103,2016,19.554988113,5.377240793,0.659914792
050600021103,2017,19.520421,5.407281696,0.684257562
050600021103,2018,35.803732486,5.469515639,0.710633888
050600021103,2019,41.669569703,6.779003215,0.713743777
050600021104,2010,26.329161409,5.224435844,0.643232199
050600021104,2011,37.124545076,5.933389764,0.68577836
050600021104,2012,21.200299475,5.017505692,0.647794179
050600021104,2013,24.350046463,5.027063131,0.657520152
050600021104,2014,22.980059701,4.805418436,0.69354271
050600021104,2015,37.031627952,5.369007275,0.695339667
050600021104,2016,18.31772179,4.471970127,0.656917695
050600021104,2017,23.020174918,4.714715197,0.681463792
050600021104,2018,36.241952285,5.076893244,0.709635459
050600021104,2019,41.639946286,6.971464085,0.703074084
050600021105,2010,29.877415488,7.183567853,0.61259287
050600021105,2011,43.657102558,9.06192882,0.645156179
050600021105,2012,25.778563943,5.690472706,0.60718966
050600021105,2013,26.486800539,5.578859122,0.62940155
050600021105,2014,27.850914472,6.077802661,0.663431008
050600021105,2015,40.589231541,8.30320202,0.666435542
050600021105,2016,26.011524941,6.446640093,0.613764229
050600021105,2017,21.706484713,4.432835909,0.610593088
050600021105,2018,39.978278947,7.304216366,0.665828382
050600021105,2019,47.221739398,10.187128903,0.675264962
050600021201,2010,26.664662744,14.394582659,0.644726326
050600021201,2011,38.941634878,15.186233777,0.653691063
050600021201,2012,19.721228714,11.700674642,0.585084465
050600021201,2013,20.728876589,11.39462249,0.629626234
050600021201,2014,19.058100659,12.571223406,0.694948937
050600021201,2015,35.049005792,15.401342788,0.702673455
050600021201,2016,18.891457127,12.778529839,0.590500244
050600021201,2017,19.46380667,11.181429408,0.693056973
050600021201,2018,35.93970314,17.215237721,0.719138394
050600021201,2019,41.536481128,18.910331076,0.694992404
050600021202,2010,27.069997915,13.44304375,0.609612505
050600021202,2011,38.746264056,13.156730382,0.6483792
050600021202,2012,18.66781151,10.205366893,0.596865279
050600021202,2013,22.111426041,10.695626135,0.633131618
050600021202,2014,22.804416386,13.796309719,0.681272873
050600021202,2015,34.156598567,14.91921967,0.697650097
050600021202,2016,20.476563127,12.385738765,0.596042117
050600021202,2017,20.662580786,11.253901615,0.664589182
050600021202,2018,34.695140009,14.519537682,0.701539702
050600021202,2019,40.418345025,16.707615042,0.685072525
050600021203,2010,27.395939175,13.919992441,0.611930888
050600021203,2011,38.55698656,13.560635967,0.643519605
050600021203,2012,19.132015277,10.44443669,0.596382509
050600021203,2013,21.946476175,10.682313543,0.628651893
050600021203,2014,22.646891231,13.879786614,0.680351663
050600021203,2015,33.858879601,15.266019322,0.696328647
050600021203,2016,20.325823509,12.68742304,0.592117016
050600021203,2017,19.989911401,11.031516302,0.661151255
050600021203,2018,33.797290405,14.525150816,0.69905087
050600021203,2019,40.892671085,17.095900225,0.682275672
050600021204,2010,29.432123906,14.435578996,0.648260503
050600021204,2011,40.922625116,14.478739893,0.655552434
050600021204,2012,20.407126722,11.046436243,0.593928704
050600021204,2013,24.44972226,11.746272128,0.645634181
050600021204,2014,22.856890604,13.876125752,0.702683597
050600021204,2015,35.893081401,15.154783734,0.70516266
050600021204,2016,20.260202293,12.601754846,0.603132468
050600021204,2017,18.762062149,10.664971806,0.691150507
050600021204,2018,37.739338028,16.422328891,0.719050109
050600021204,2019,44.8603256,17.97936967,0.697780622
050600021205,2010,25.289853306,12.269835997,0.620064727
050600021205,2011,37.778405442,12.027780044,0.645038077
050600021205,2012,17.175896136,9.443928094,0.57893924
050600021205,2013,21.229708466,10.420545724,0.622552847
050600021205,2014,20.109101386,11.725678832,0.668872862
050600021205,2015,34.291811433,13.873564458,0.687369127
050600021205,2016,18.657798984,10.722015869,0.589541818
050600021205,2017,14.981387148,8.391998284,0.642721134
050600021205,2018,36.557167135,13.958778419,0.703371725
050600021205,2019,40.770924557,15.358598181,0.679348064
050600021206,2010,25.381879465,14.153187394,0.61231296
050600021206,2011,36.271704181,13.852525408,0.643378613
050600021206,2012,17.598108047,10.780470721,0.594558512
050600021206,2013,21.508914694,12.021563154,0.630703255
050600021206,2014,18.06426675,12.573203929,0.670445085
050600021206,2015,34.481833876,16.486383498,0.697062738
050600021206,2016,19.853906387,13.210968188,0.596858462
050600021206,2017,16.529283366,9.999024623,0.647223438
050600021206,2018,33.185626039,14.708592629,0.69891378
050600021206,2019,38.756765843,17.217110559,0.678436765
050600021301,2010,38.46556205,23.685906846,0.559226423
050600021301,2011,54.623398351,31.03917382,0.580795276
050600021301,2012,29.342970568,17.253841889,0.542283261
050600021301,2013,33.594968841,19.401873118,0.578790257
050600021301,2014,32.823792497,18.903072677,0.604046769
050600021301,2015,55.239187567,32.541961708,0.620430323
050600021301,2016,36.126403119,22.833999399,0.552596084
050600021301,2017,29.182226841,15.031729754,0.579832077
050600021301,2018,45.335971368,25.212808752,0.621120934
050600021301,2019,60.221004957,37.924278398,0.61445048
050600021302,2010,25.764911088,20.054658019,0.51260988
050600021302,2011,33.894866536,21.274260307,0.569847497
050600021302,2012,19.13746436,15.48003101,0.52064757
050600021302,2013,22.532945842,16.674088854,0.550243192
050600021302,2014,24.295009267,18.380062769,0.579110904
050600021302,2015,32.444023565,24.304959299,0.575592296
050600021302,2016,23.895045831,19.256729394,0.549981606
050600021302,2017,17.618518835,13.992147212,0.524946373
050600021302,2018,30.224911155,21.468844738,0.599264506
050600021302,2019,41.234398965,30.989035557,0.587305102
050600021303,2010,24.975101705,18.30671906,0.514457876
050600021303,2011,36.193019911,20.867996589,0.566321947
050600021303,2012,19.525528304,14.843329417,0.522453177
050600021303,2013,22.832462487,15.288852959,0.543506598
050600021303,2014,21.166268235,14.219482682,0.572566587
050600021303,2015,34.605072494,24.066649416,0.574380628
050600021303,2016,23.153610951,17.281892806,0.537866752
050600021303,2017,18.463821193,13.066814617,0.531908039
050600021303,2018,33.021321231,22.060056273,0.598029741
050600021303,2019,41.99980181,28.896721208,0.583037727
050600021304,2010,38.52943194,23.305110948,0.498508326
050600021304,2011,51.435621087,26.770275635,0.529407935
050600021304,2012,30.0541508,17.38680499,0.487368626
050600021304,2013,33.237147675,17.954450692,0.527175992
050600021304,2014,33.111218481,17.72477653,0.547651568
050600021304,2015,55.317348748,31.551297341,0.563553658
050600021304,2016,36.205314899,21.574050599,0.50284122
050600021304,2017,30.184655153,14.943295,0.519157009
050600021304,2018,48.997056119,26.951093305,0.567249821
050600021304,2019,58.134040677,34.808504434,0.553437661
050600021401,2010,24.157410154,11.461582659,0.53683489
050600021401,2011,36.892488951,16.211447046,0.573358415
050600021401,2012,11.310230211,7.515410627,0.489684371
050600021401,2013,18.52207784,8.550410747,0.556420152
050600021401,2014,19.832098528,10.700460885,0.557790598
050600021401,2015,28.990002008,11.399819985,0.536484411
050600021401,2016,18.977928854,11.328665849,0.509703194
050600021401,2017,14.868844345,9.280116662,0.532326739
050600021401,2018,37.927695457,16.84853454,0.594178694
050600021401,2019,37.313925175,15.059252031,0.559533793
050600021402,2010,22.804352038,12.668164311,0.497016084
050600021402,2011,34.193523432,18.010207299,0.535997296
050600021402,2012,11.586026702,8.62148156,0.443666464
050600021402,2013,19.658438792,10.914718954,0.511522175
050600021402,2014,18.001026889,10.73505351,0.516499036
050600021402,2015,29.612275856,13.861372177,0.501857108
050600021402,2016,19.110114781,12.62448283,0.474565831
050600021402,2017,15.852490237,10.438954218,0.486858098
050600021402,2018,35.554323859,18.281381663,0.548948398
050600021402,2019,39.190397471,19.3126368,0.530077614
050600021403,2010,25.107524567,11.436376365,0.570192535
050600021403,2011,37.739301349,15.68185934,0.605032762
050600021403,2012,12.381617939,7.911330526,0.521516614
050600021403,2013,20.418157711,10.00688523,0.588669206
050600021403,2014,21.179183754,10.645069603,0.601583156
050600021403,2015,34.318813432,13.44840945,0.581542795
050600021403,2016,20.808857164,11.699631286,0.555570577
050600021403,2017,15.589711983,10.176318687,0.579391726
050600021403,2018,43.24993761,18.950475549,0.634201712
050600021403,2019,41.260363321,18.195808081,0.619035267
050600021404,2010,22.180898481,11.285808555,0.507883025
050600021404,2011,34.094734206,16.170383391,0.544366255
050600021404,2012,11.098023284,7.725878133,0.459962731
050600021404,2013,19.813279292,10.19058466,0.526161836
050600021404,2014,18.647249981,10.413717597,0.531514266
050600021404,2015,31.398896441,13.98023078,0.514003788
050600021404,2016,19.111309433,11.758304948,0.484016904
050600021404,2017,14.522692853,9.050832072,0.497963886
050600021404,2018,35.657152193,16.892468893,0.559749453
050600021404,2019,37.642744521,17.302498811,0.539607831
050600021405,2010,20.7392773,10.996832389,0.52265736
050600021405,2011,31.690507529,15.087879586,0.554639245
050600021405,2012,9.951585513,7.710695183,0.467364026
050600021405,2013,15.000017144,8.047026619,0.52786585
050600021405,2014,16.982738153,10.047181864,0.547380728
050600021405,2015,28.80639603,12.368834282,0.517745153
050600021405,2016,17.437435667,11.396192728,0.494433114
050600021405,2017,14.33999426,10.056614411,0.516986321
050600021405,2018,32.471210337,15.261959008,0.573041595
050600021405,2019,35.021044295,14.674470905,0.545588253
050600021406,2010,24.628494506,11.881871408,0.566255292
050600021406,2011,36.112024504,15.142962654,0.5953045
050600021406,2012,11.950790159,8.009431912,0.514046576
050600021406,2013,19.190148071,9.593359556,0.582360731
050600021406,2014,20.481612487,10.468600866,0.593419054
050600021406,2015,32.577261474,13.034314782,0.573692846
050600021406,2016,20.031221303,11.664336592,0.550321135
050600021406,2017,15.020011044,10.159598328,0.564016326
050600021406,2018,38.168571146,16.191720299,0.623399827
050600021406,2019,40.356586313,18.335003552,0.611324576
050600021501,2010,29.079743076,14.231170043,0.557269586
050600021501,2011,43.376487218,19.307202574,0.60468002
050600021501,2012,18.48279659,10.716747614,0.531341996
050600021501,2013,25.541701031,12.890467029,0.583070853
050600021501,2014,25.464313359,14.31332068,0.598452775
050600021501,2015,39.183980168,18.976749792,0.597961349
050600021501,2016,23.005671392,13.522225966,0.546991491
050600021501,2017,21.783622156,12.324888787,0.588106443
050600021501,2018,49.944880451,24.812470237,0.636348733
050600021501,2019,50.684907597,23.52082798,0.61141447
050600021502,2010,27.108308094,19.075569368,0.55761372
050600021502,2011,35.321946782,23.303965308,0.594422055
050600021502,2012,19.799105243,15.778942394,0.527897818
050600021502,2013,24.189375962,18.216635309,0.584726139
050600021502,2014,25.286777191,19.881469551,0.592176513
050600021502,2015,37.906843029,24.524667206,0.596122615
050600021502,2016,23.155314151,19.017093968,0.546942066
050600021502,2017,19.791223519,16.136275342,0.563203049
050600021502,2018,41.819061923,26.484597821,0.630554715
050600021502,2019,41.86364938,26.8941062,0.611568709
050600021503,2010,28.875115235,14.969310926,0.588765881
050600021503,2011,38.328521751,18.197025362,0.628536576
050600021503,2012,18.163674754,10.984562268,0.557592129
050600021503,2013,25.245196669,12.925314796,0.617434109
050600021503,2014,23.952022686,13.893267617,0.623941942
050600021503,2015,36.173752922,17.648527183,0.626197355
050600021503,2016,23.715912485,14.934591491,0.586181074
050600021503,2017,19.597539305,11.419679675,0.61500359
050600021503,2018,44.988144247,22.730097503,0.666224812
050600021503,2019,46.782833318,23.011136887,0.645733708
050600021504,2010,28.894041488,18.01653934,0.5894762
050600021504,2011,36.898387284,21.561713982,0.625121542
050600021504,2012,18.580806685,13.490835155,0.554521754
050600021504,2013,23.714894087,15.153570227,0.614690716
050600021504,2014,23.566110574,16.087947115,0.619775167
050600021504,2015,33.652778212,19.171329301,0.620589651
050600021504,2016,23.719304589,17.157917409,0.589994619
050600021504,2017,19.740565193,14.606803116,0.60349765
050600021504,2018,39.741822622,22.530865655,0.657030865
050600021504,2019,43.970610857,25.404223634,0.643618948
050600021505,2010,27.09896921,11.613164864,0.566334136
050600021505,2011,36.249274946,14.480342767,0.605403864
050600021505,2012,12.662790834,7.629142733,0.521496413
050600021505,2013,19.196120984,8.742461809,0.589780225
050600021505,2014,23.190631814,11.529030105,0.608114674
050600021505,2015,33.537171227,14.205978877,0.600056113
050600021505,2016,20.769398088,11.744063212,0.572959693
050600021505,2017,18.272779394,10.895060362,0.579608478
050600021505,2018,41.636715959,17.929504208,0.63978772
050600021505,2019,39.065380383,15.96340138,0.610969441
050600021506,2010,27.01456018,15.093168355,0.576904377
050600021506,2011,37.469109705,19.189463354,0.617905496
050600021506,2012,14.832966316,10.187189422,0.546190677
050600021506,2013,22.128059219,12.674378729,0.600604108
050600021506,2014,22.193286718,12.968715553,0.599323451
050600021506,2015,33.419816912,17.211272151,0.607775346
050600021506,2016,20.500611276,13.534375195,0.573217474
050600021506,2017,15.343513036,10.964507652,0.563399195
050600021506,2018,41.969597469,22.000672877,0.643229982
050600021506,2019,42.600664212,21.832688684,0.618002695
050600021507,2010,26.698247937,13.87354254,0.56874746
050600021507,2011,35.85481588,17.963837445,0.610682043
050600021507,2012,14.039198578,9.534905004,0.535325096
050600021507,2013,20.678363553,11.202423279,0.596878779
050600021507,2014,22.481214981,12.669697093,0.600775361
050600021507,2015,32.41889789,16.193151984,0.602982921
050600021507,2016,20.803278518,13.430397266,0.572462633
050600021507,2017,16.506507981,11.255922946,0.568657064
050600021507,2018,41.319322916,21.736476918,0.640700259
050600021507,2019,41.990850887,21.792767819,0.616658241
050600021601,2010,40.147446312,20.996144584,0.652311788
050600021601,2011,55.750108442,26.578490942,0.667724248
050600021601,2012,25.607760466,13.947472234,0.607377469
050600021601,2013,36.708271724,19.792713706,0.687890662
050600021601,2014,31.869214661,18.056653281,0.667583574
050600021601,2015,52.852490103,26.130513938,0.706693428
050600021601,2016,34.594550355,19.697354582,0.63949709
050600021601,2017,29.668719046,16.327913725,0.662435487
050600021601,2018,59.007382011,27.327077177,0.713689526
050600021601,2019,60.08437151,29.937867058,0.692328799
050600021602,2010,36.724733,19.567041369,0.549364062
050600021602,2011,49.664156901,24.274886981,0.580692642
050600021602,2012,26.038555581,14.040913923,0.516547314
050600021602,2013,35.630992414,18.931128485,0.568784632
050600021602,2014,29.723129866,15.925204672,0.558220585
050600021602,2015,46.598239129,23.679456848,0.599284804
050600021602,2016,34.189181462,18.669133393,0.544210799
050600021602,2017,28.924194107,15.275193458,0.541788213
050600021602,2018,55.132412698,27.8487778,0.615088084
050600021602,2019,56.228765512,29.028720916,0.601957456
050600021603,2010,32.735013066,15.234859848,0.522265696
050600021603,2011,46.47840075,20.211808009,0.556701049
050600021603,2012,21.617696348,10.035710038,0.484588567
050600021603,2013,33.936095053,15.755536368,0.551911589
050600021603,2014,29.158031256,14.417861427,0.552652037
050600021603,2015,42.156699159,18.911287738,0.559281951
050600021603,2016,30.411409343,14.451914993,0.534038892
050600021603,2017,24.636603663,11.100354034,0.50655203
050600021603,2018,52.27008321,23.532065109,0.599256921
050600021603,2019,53.344375175,24.021935665,0.581795759
050600021604,2010,30.590287982,16.539690704,0.476554501
050600021604,2011,38.459288512,19.505989389,0.505979639
050600021604,2012,16.959679698,11.147823684,0.394476572
050600021604,2013,28.155409537,15.973070133,0.487703762
050600021604,2014,27.670182745,16.811481115,0.510302274
050600021604,2015,37.197197937,20.065234185,0.514440205
050600021604,2016,27.15748152,16.64309401,0.471156304
050600021604,2017,27.255181791,16.662343703,0.446428101
050600021604,2018,50.167205489,25.289407156,0.571295984
050600021604,2019,46.283358368,23.070776054,0.530619209
050600021605,2010,32.91153054,19.650100334,0.455935507
050600021605,2011,38.75668047,23.220382629,0.474090988
050600021605,2012,18.667722105,12.704959753,0.382777524
050600021605,2013,30.158650868,17.675779477,0.468326518
050600021605,2014,27.702866003,17.460719878,0.483629407
050600021605,2015,39.58254756,23.788367924,0.479974812
050600021605,2016,28.561935995,17.907832091,0.446561484
050600021605,2017,27.707171304,16.904873497,0.430378549
050600021605,2018,53.873310247,31.533549478,0.539397666
050600021605,2019,47.88306412,28.274615247,0.504713735
050600030101,2010,14.10153525,4.256010522,0.403484516
050600030101,2011,29.021638312,6.149967765,0.454418513
050600030101,2012,9.978533807,3.259854238,0.378799097
050600030101,2013,18.658532489,4.902440939,0.436402021
050600030101,2014,19.120885233,5.013398812,0.474331133
050600030101,2015,16.680808444,3.825464046,0.430317853
050600030101,2016,13.472641586,3.219470046,0.418427467
050600030101,2017,17.540906932,4.189862982,0.43654491
050600030101,2018,22.681115752,4.995501873,0.459595025
050600030101,2019,28.722448675,6.877387612,0.46585529
050600030102,2010,19.98850754,7.899468237,0.537973665
050600030102,2011,36.452696315,13.527899004,0.570377422
050600030102,2012,13.747782032,6.098301679,0.497582478
050600030102,2013,19.117124772,8.143356555,0.55712884
050600030102,2014,24.804807371,8.977772255,0.616341868
050600030102,2015,16.889098672,6.908265189,0.562594005
050600030102,2016,16.251688005,5.367223224,0.571462312
050600030102,2017,23.088266444,7.669497722,0.609678579
050600030102,2018,27.557199323,10.350297145,0.616119269
050600030102,2019,29.174327334,11.765154903,0.583103241
050600030103,2010,23.943629063,8.414740889,0.513774943
050600030103,2011,36.68884081,12.163075394,0.532116857
050600030103,2012,14.747233289,5.83593326,0.47647648
050600030103,2013,20.522162768,7.833976298,0.527654872
050600030103,2014,27.961494499,9.057691442,0.574049004
050600030103,2015,17.85946425,6.366110072,0.513273194
050600030103,2016,19.346207694,5.938253306,0.519937346
050600030103,2017,27.455261948,8.431427637,0.550254237
050600030103,2018,28.40804444,9.496125452,0.55892205
050600030103,2019,30.432542928,10.851502252,0.544268001
050600030201,2010,21.813655722,17.669527562,0.567359446
050600030201,2011,32.602153357,20.942389899,0.612532766
050600030201,2012,14.492547138,12.453557935,0.54384663
050600030201,2013,18.385582959,14.608875227,0.604729766
050600030201,2014,22.936660092,18.557958387,0.657652667
050600030201,2015,19.070091942,15.940529646,0.601204911
050600030201,2016,14.714743015,12.752741455,0.59422716
050600030201,2017,22.848074781,19.354314613,0.641487848
050600030201,2018,26.191539558,20.982866786,0.644287146
050600030201,2019,33.344252152,24.689997751,0.634787069
050600030202,2010,22.758651806,18.551105119,0.586218146
050600030202,2011,32.627442323,21.177687503,0.60536497
050600030202,2012,14.77695024,12.126755279,0.541003706
050600030202,2013,16.782779398,13.668953799,0.596917954
050600030202,2014,24.34993284,18.558471809,0.659698828
050600030202,2015,20.62752556,16.47795056,0.606465092
050600030202,2016,16.689904791,12.7463373,0.596990408
050600030202,2017,25.914663295,19.639860382,0.639844206
050600030202,2018,25.862894156,19.68192966,0.639324795
050600030202,2019,29.919728292,23.122103331,0.625153821
050600030301,2010,30.801670357,17.902963521,0.68599994
050600030301,2011,42.526589557,21.551183018,0.703084656
050600030301,2012,19.100260906,12.076905407,0.671778543
050600030301,2013,22.166891746,13.675251108,0.678477117
050600030301,2014,35.183658919,19.748270454,0.779236158
050600030301,2015,28.364579516,17.081398234,0.71977588
050600030301,2016,28.259402277,16.711696536,0.710397026
050600030301,2017,34.49907257,19.79946134,0.73852488
050600030301,2018,31.588922379,17.900397387,0.74145434
050600030301,2019,38.294167093,22.010773632,0.727845443
050600030302,2010,27.539110572,18.600899405,0.693616309
050600030302,2011,39.606741346,22.724614914,0.704127828
050600030302,2012,18.771437473,13.048388732,0.689980895
050600030302,2013,21.291087195,14.310735452,0.684924917
050600030302,2014,34.442679494,21.374479276,0.791555288
050600030302,2015,25.357472936,17.649458303,0.72765908
050600030302,2016,26.232973328,17.997782933,0.723169402
050600030302,2017,30.820576598,20.83232339,0.749572523
050600030302,2018,30.286591792,19.212212758,0.753813889
050600030302,2019,37.805072649,23.400938967,0.737119733
050600030303,2010,29.667027198,18.179696895,0.688397884
050600030303,2011,43.69167285,21.970931649,0.698494881
050600030303,2012,20.015721197,12.469273701,0.680948117
050600030303,2013,22.532818456,13.824435494,0.677562235
050600030303,2014,36.306034791,20.304081678,0.783705255
050600030303,2015,28.306583117,17.445170396,0.72506648
050600030303,2016,29.030116933,17.314331949,0.716978321
050600030303,2017,34.454303755,20.248423138,0.743280924
050600030303,2018,33.309522883,18.517285269,0.747401602
050600030303,2019,41.199596374,22.584218832,0.73202911
050600030304,2010,25.947384585,15.687771131,0.659116441
050600030304,2011,42.177212071,21.536709977,0.687526816
050600030304,2012,20.552296966,13.976047139,0.663292395
050600030304,2013,24.472927189,15.021685404,0.67610956
050600030304,2014,33.529188153,19.89136976,0.754057125
050600030304,2015,24.328693717,15.546562015,0.688236487
050600030304,2016,24.478509008,16.015918279,0.689371944
050600030304,2017,28.204501543,17.859417468,0.721584636
050600030304,2018,32.415666755,18.751065737,0.726623321
050600030304,2019,40.31400386,22.661396468,0.712596146
050600030305,2010,23.320727003,11.854086777,0.611636124
050600030305,2011,38.053178164,15.222309028,0.644642221
050600030305,2012,14.440655065,8.030416476,0.588175537
050600030305,2013,18.929147807,9.639225702,0.622272754
050600030305,2014,30.134355308,14.050546655,0.700467688
050600030305,2015,27.238977849,12.706662217,0.652345852
050600030305,2016,20.860653511,10.701341936,0.61371151
050600030305,2017,24.507428754,12.013243153,0.658975331
050600030305,2018,28.343866578,12.924755032,0.670940894
050600030305,2019,30.816532474,14.384462922,0.656536893
050600030401,2010,19.961621315,7.831855884,0.563320732
050600030401,2011,31.957335709,11.136546795,0.583514515
050600030401,2012,10.978824169,4.787318048,0.514006845
050600030401,2013,20.207140943,7.426683556,0.580621636
050600030401,2014,25.334792904,8.993632401,0.636987873
050600030401,2015,27.941761608,9.729134969,0.598305586
050600030401,2016,15.266855404,3.631385752,0.553949691
050600030401,2017,22.233714736,7.820237344,0.60658854
050600030401,2018,25.010501292,8.805202964,0.613614245
050600030401,2019,30.474290344,10.268901493,0.611337475
050600030402,2010,21.381304543,8.127023571,0.568365888
050600030402,2011,33.059203615,11.406473169,0.593740671
050600030402,2012,11.428661775,5.005916888,0.520000085
050600030402,2013,20.484863737,7.733305089,0.589865377
050600030402,2014,26.681652798,9.339867646,0.640925342
050600030402,2015,26.455030849,9.879557947,0.600045107
050600030402,2016,15.871900164,3.910374556,0.555032613
050600030402,2017,21.400992167,7.956799139,0.607358075
050600030402,2018,25.265621985,9.036249547,0.620030065
050600030402,2019,29.777909525,10.55456465,0.618285113
050600030403,2010,22.914639787,9.988112078,0.616219402
050600030403,2011,35.734290934,13.360367538,0.643893813
050600030403,2012,13.085193081,6.257246785,0.587528641
050600030403,2013,19.659634629,8.436689561,0.642501521
050600030403,2014,28.875588752,11.340744075,0.709737396
050600030403,2015,27.878115983,10.98314317,0.659077152
050600030403,2016,18.535246946,7.493132943,0.598585503
050600030403,2017,22.254328515,9.200026634,0.662487939
050600030403,2018,27.27851982,10.720827434,0.685690574
050600030403,2019,29.851467351,11.703752803,0.670758808
050600030404,2010,27.019618327,15.600443228,0.653314584
050600030404,2011,41.96698982,23.660665229,0.702455181
050600030404,2012,19.202635762,13.295319806,0.644074258
050600030404,2013,21.34514416,13.384957412,0.69492314
050600030404,2014,33.336669251,19.536626271,0.768387159
050600030404,2015,34.199097437,18.963272581,0.730784637
050600030404,2016,22.643255225,14.30914185,0.64890291
050600030404,2017,29.31396366,18.366733842,0.743953792
050600030404,2018,33.530879988,19.605232518,0.735172279
050600030404,2019,37.224314872,20.665389998,0.714742331
050600030405,2010,33.276581508,15.088612061,0.690198294
050600030405,2011,50.012316561,22.749449025,0.719822597
050600030405,2012,23.589666634,12.202048956,0.677611096
050600030405,2013,28.16313891,13.35261725,0.713362433
050600030405,2014,41.375665876,17.443397103,0.802409319
050600030405,2015,47.723202063,19.726576913,0.777096229
050600030405,2016,30.860611495,14.176391946,0.692216284
050600030405,2017,40.113540192,17.300547168,0.77129807
050600030405,2018,44.86521658,19.203406248,0.781042637
050600030405,2019,50.160127815,20.647493068,0.748580428
050600030406,2010,31.759262603,15.183201786,0.694493379
050600030406,2011,45.769296803,22.841123575,0.716035193
050600030406,2012,22.122918097,12.258311577,0.676583995
050600030406,2013,24.792788486,13.381687908,0.699972196
050600030406,2014,34.641773343,17.43046885,0.801621144
050600030406,2015,41.201179836,19.665394516,0.773790046
050600030406,2016,26.27234866,14.18726026,0.690101201
050600030406,2017,35.432297816,17.26362715,0.768185059
050600030406,2018,40.752296843,19.297726621,0.780921665
050600030406,2019,44.338176367,20.63630032,0.744659883
050600030407,2010,41.494477386,15.678499428,0.681632929
050600030407,2011,60.129068307,23.543058488,0.717409398
050600030407,2012,29.425599709,12.917847647,0.666401194
050600030407,2013,35.580258201,13.657184539,0.708188631
050600030407,2014,51.779714023,18.971924349,0.790829839
050600030407,2015,54.306925657,19.722576491,0.75889765
050600030407,2016,37.766839577,14.489029298,0.670534249
050600030407,2017,47.395482392,18.24694324,0.761384121
050600030407,2018,54.942230958,19.858128683,0.762473953
050600030407,2019,58.933704789,21.035952839,0.735435987
050600030501,2010,41.73505029,19.961656969,0.685540402
050600030501,2011,59.651538263,27.841164423,0.70724735
050600030501,2012,25.569669981,13.381774499,0.665156611
050600030501,2013,33.965470711,15.89584332,0.704088746
050600030501,2014,40.347655548,20.00049019,0.766841491
050600030501,2015,55.774353595,25.851786336,0.74236405
050600030501,2016,30.735801115,15.647357634,0.68535768
050600030501,2017,52.481546037,24.192320639,0.755673221
050600030501,2018,64.162978148,29.432870067,0.768075138
050600030501,2019,52.841076607,24.21166062,0.736149272
050600030502,2010,45.854958234,23.327993032,0.733097158
050600030502,2011,61.594580527,31.142402647,0.747313063
050600030502,2012,32.068611289,18.32941599,0.712251314
050600030502,2013,37.154231968,19.463663099,0.732379128
050600030502,2014,49.81330665,26.048914479,0.802511823
050600030502,2015,60.162806244,29.702512939,0.788792992
050600030502,2016,39.251062756,20.824298098,0.735114631
050600030502,2017,55.962905554,27.376419995,0.78652371
050600030502,2018,64.289697767,31.651161005,0.806599155
050600030502,2019,58.626447874,29.333228146,0.761614686
050600030503,2010,42.650082988,21.007012534,0.685596093
050600030503,2011,60.104370268,28.92865612,0.708579904
050600030503,2012,26.869960789,14.308185802,0.667331491
050600030503,2013,33.872396666,16.772963014,0.702237969
050600030503,2014,41.90472572,21.55691503,0.767489159
050600030503,2015,56.89089557,27.287876561,0.742682581
050600030503,2016,33.316227159,16.916316019,0.687628969
050600030503,2017,53.083626573,25.522648786,0.755287496
050600030503,2018,64.639964149,30.906453202,0.768067936
050600030503,2019,53.586239693,25.466015301,0.734724326
050600030504,2010,31.36745899,15.412166329,0.674403284
050600030504,2011,45.122676362,22.091279295,0.68902459
050600030504,2012,19.740105716,11.060412381,0.635460056
050600030504,2013,24.469959517,12.934833622,0.674369341
050600030504,2014,28.876237001,15.406574165,0.748427691
050600030504,2015,39.217567789,19.253338463,0.730774317
050600030504,2016,22.270632068,11.674097871,0.665819682
050600030504,2017,35.488126091,17.064181629,0.738681099
050600030504,2018,45.148773283,22.172943661,0.753150954
050600030504,2019,38.821198249,18.663578852,0.721886367
050600030505,2010,38.839361522,17.133888551,0.68752709
050600030505,2011,56.520730766,24.404362495,0.701885796
050600030505,2012,23.636850873,11.857190872,0.642621988
050600030505,2013,31.535961325,14.129906133,0.692771505
050600030505,2014,39.809492395,17.904505181,0.762545885
050600030505,2015,50.836520868,22.113261634,0.74077553
050600030505,2016,28.621482678,13.234393634,0.668260477
050600030505,2017,45.059050429,19.783674729,0.751178952
050600030505,2018,57.456084297,25.131126712,0.765079593
050600030505,2019,52.76201491,21.624211599,0.733801689
050600030601,2010,28.068830338,9.435196131,0.554404363
050600030601,2011,39.179167883,12.091445456,0.58003874
050600030601,2012,17.963730061,5.68694199,0.506750739
050600030601,2013,22.616815766,7.084327299,0.572723411
050600030601,2014,31.723668703,8.078777421,0.631258666
050600030601,2015,28.340233956,7.590364,0.581644998
050600030601,2016,22.278666906,4.712120681,0.568472923
050600030601,2017,31.75617488,9.118433826,0.614042031
050600030601,2018,33.691952131,10.087097935,0.610042095
050600030601,2019,36.147071442,11.317040924,0.595681755
050600030602,2010,39.443175612,12.246857228,0.618327959
050600030602,2011,59.04109187,21.034510868,0.666173603
050600030602,2012,27.00551238,9.52068927,0.599670134
050600030602,2013,36.879125458,11.365517143,0.65919736
050600030602,2014,44.8315847,13.088867895,0.704907766
050600030602,2015,43.551223549,13.464791337,0.658677373
050600030602,2016,35.55710525,11.83908977,0.613145021
050600030602,2017,47.224658597,13.480597322,0.692605753
050600030602,2018,48.833106882,16.250789503,0.675419937
050600030602,2019,57.27312179,18.657518384,0.66160235
050600030603,2010,34.69820941,15.382252342,0.641782989
050600030603,2011,51.504050241,23.579124994,0.666667169
050600030603,2012,22.134145608,10.897073123,0.590164126
050600030603,2013,27.970094077,12.948102614,0.653191095
050600030603,2014,38.631645233,17.067763343,0.735402162
050600030603,2015,44.776833346,19.258104392,0.694959368
050600030603,2016,30.125066693,13.989495684,0.619227613
050600030603,2017,37.30093501,16.622617214,0.704903953
050600030603,2018,45.68583392,19.163259491,0.717843579
050600030603,2019,48.256505735,20.683893474,0.683622773
050600030701,2010,43.456582839,16.250910448,0.705509809
050600030701,2011,62.149694036,25.542217398,0.732061232
050600030701,2012,25.586701762,10.732186023,0.647471521
050600030701,2013,38.407794534,13.025835247,0.732466891
050600030701,2014,50.781051311,17.858449241,0.793133181
050600030701,2015,48.43168633,19.258508765,0.738579373
050600030701,2016,36.197789628,15.324847585,0.684546165
050600030701,2017,47.559821511,16.188411381,0.769608246
050600030701,2018,54.931673287,19.591511343,0.759200717
050600030701,2019,63.961914339,24.989410644,0.755118135
050600030702,2010,45.056684087,15.577334559,0.724931549
050600030702,2011,59.456072696,22.069310339,0.725453858
050600030702,2012,28.226527088,9.996411308,0.664409583
050600030702,2013,37.089555037,10.967105084,0.736227649
050600030702,2014,50.109269399,14.532370099,0.790622899
050600030702,2015,53.717626531,18.476507848,0.764829529
050600030702,2016,33.092445985,11.829969856,0.683674032
050600030702,2017,38.997071929,10.454918667,0.756766331
050600030702,2018,57.531023529,17.142766278,0.787267839
050600030702,2019,67.023674984,22.881521143,0.771265617
050600030703,2010,45.028056414,15.803944669,0.728334828
050600030703,2011,56.524929203,22.237840032,0.725003702
050600030703,2012,27.489029361,10.121102326,0.6657687
050600030703,2013,35.442875375,11.133530093,0.737069223
050600030703,2014,48.807663173,14.808644444,0.792342996
050600030703,2015,50.44004476,18.625234286,0.76319889
050600030703,2016,32.53700884,11.995256928,0.688796603
050600030703,2017,37.079448285,10.651120328,0.757619515
050600030703,2018,55.506158215,17.378443753,0.788656281
050600030703,2019,65.0743889,23.140858516,0.772525072
050600030704,2010,43.002622798,15.973672666,0.697775442
050600030704,2011,64.138203557,26.225339128,0.722450874
050600030704,2012,29.306375375,12.239026077,0.658937668
050600030704,2013,37.406079011,13.423500005,0.709378212
050600030704,2014,47.750667177,16.335585038,0.770884509
050600030704,2015,55.758612182,20.705761655,0.74697801
050600030704,2016,33.527434619,14.09707173,0.672555588
050600030704,2017,43.378907112,14.84609033,0.750598877
050600030704,2018,59.725014233,20.541455545,0.758907731
050600030704,2019,65.328374187,24.552112794,0.750278041
050600030801,2010,20.939113293,9.246423462,0.580646345
050600030801,2011,40.550497534,14.419521578,0.620180916
050600030801,2012,15.649464547,7.781897636,0.548261942
050600030801,2013,20.846336596,9.889508886,0.599905098
050600030801,2014,25.351632045,10.68868472,0.660460315
050600030801,2015,18.461170923,8.86371817,0.606929406
050600030801,2016,16.308864502,7.299107352,0.602904244
050600030801,2017,25.134956615,9.485384752,0.658595021
050600030801,2018,33.708457267,12.959550571,0.663732432
050600030801,2019,35.859413547,14.169403588,0.640368598
050600030802,2010,16.505816366,8.988195734,0.541929294
050600030802,2011,32.987807599,13.81112931,0.580969142
050600030802,2012,12.794750794,7.474991076,0.508466653
050600030802,2013,16.294461037,9.248450934,0.561097995
050600030802,2014,20.144828917,10.450091172,0.616347732
050600030802,2015,14.955533839,8.310941671,0.562924616
050600030802,2016,12.897871621,7.064632428,0.556560456
050600030802,2017,19.283927881,9.068382421,0.604412361
050600030802,2018,26.698871797,12.124760118,0.620294647
050600030802,2019,29.327512753,13.754605803,0.604226505
050600030803,2010,23.441043859,15.585430227,0.584003723
050600030803,2011,34.81952225,18.602035767,0.599488023
050600030803,2012,14.679167665,10.216153321,0.568389566
050600030803,2013,18.40505288,12.218484503,0.607702341
050600030803,2014,29.652711942,17.044598187,0.663476049
050600030803,2015,20.244063204,13.64929215,0.600331628
050600030803,2016,20.545200904,12.56756069,0.620135238
050600030803,2017,27.814242389,17.241379589,0.643168641
050600030803,2018,32.427657319,19.165790543,0.665061421
050600030803,2019,32.429428294,19.649543702,0.633958047
050600030804,2010,30.874841952,15.891527875,0.59082356
050600030804,2011,40.678840766,18.668348263,0.586957959
050600030804,2012,18.501216092,10.107407426,0.560663514
050600030804,2013,23.151649523,12.064474372,0.605327237
050600030804,2014,41.379059557,17.367670686,0.665231743
050600030804,2015,29.811149162,14.136237282,0.607255741
050600030804,2016,30.290713872,13.376862501,0.62764482
050600030804,2017,37.370496139,17.640431996,0.645443149
050600030804,2018,41.239057193,19.266386049,0.665296143
050600030804,2019,41.386663966,19.449713342,0.627868821
050600030805,2010,27.543326732,16.045638921,0.610192803
050600030805,2011,40.053712745,20.272022254,0.622689077
050600030805,2012,19.532799429,12.455934021,0.603487158
050600030805,2013,22.207949904,13.624751163,0.633918229
050600030805,2014,37.062918519,19.208975919,0.697688889
050600030805,2015,25.303273093,15.363806054,0.632367279
050600030805,2016,25.402627943,14.692171947,0.652069291
050600030805,2017,33.357733135,18.380649933,0.674416296
050600030805,2018,38.835585946,20.715974729,0.688117708
050600030805,2019,39.373031449,21.357429394,0.659190612
050600030901,2010,43.355163787,20.811583312,0.712414755
050600030901,2011,53.912199093,25.928747132,0.694656056
050600030901,2012,29.022867739,15.821085201,0.676966004
050600030901,2013,37.118755138,18.425280047,0.748458645
050600030901,2014,52.621623255,25.202226002,0.788497805
050600030901,2015,45.149838442,22.086612938,0.737641904
050600030901,2016,37.921308979,17.405895083,0.758758447
050600030901,2017,49.739194458,22.264752287,0.78642042
050600030901,2018,54.856855174,25.654485724,0.779030836
050600030901,2019,59.476331331,28.021338996,0.741376229
050600030902,2010,43.413036507,21.00022559,0.722463124
050600030902,2011,52.715664247,26.191241642,0.721182872
050600030902,2012,29.366439752,16.004166525,0.695001066
050600030902,2013,35.587829955,18.623528924,0.760777717
050600030902,2014,50.008535454,25.449878442,0.792208339
050600030902,2015,44.662426979,22.361670982,0.74634631
050600030902,2016,34.260923759,17.572287922,0.750704086
050600030902,2017,41.873777193,22.38619066,0.787170891
050600030902,2018,55.55667747,25.908359913,0.789134436
050600030902,2019,61.032207156,28.352961825,0.760593505
050600030903,2010,33.188495898,14.7092428,0.657689701
050600030903,2011,42.953699512,19.016720967,0.651197115
050600030903,2012,22.173741394,11.239514715,0.634779611
050600030903,2013,26.193573063,12.68703109,0.689843811
050600030903,2014,37.49928504,16.147313278,0.747410224
050600030903,2015,33.427525037,15.377662345,0.694309668
050600030903,2016,27.435763001,12.365266802,0.712646928
050600030903,2017,34.34539585,14.696976629,0.731760433
050600030903,2018,45.18052141,18.733311376,0.737909201
050600030903,2019,48.626710576,20.460699529,0.703092573
050600030904,2010,39.606075827,14.550038948,0.679600711
050600030904,2011,46.767879471,18.361830472,0.674544184
050600030904,2012,24.827253608,10.666955737,0.645610047
050600030904,2013,26.85193272,12.390906429,0.697331746
050600030904,2014,42.397799221,15.131226817,0.753097367
050600030904,2015,40.241570068,15.323313624,0.710229852
050600030904,2016,29.166356548,11.627806834,0.711137907
050600030904,2017,31.705925099,13.590893593,0.732321662
050600030904,2018,51.077379694,18.289379433,0.750037079
050600030904,2019,56.491601222,20.149101405,0.718496037
050600031001,2010,38.704678983,8.208637771,0.697210661
050600031001,2011,45.628573203,13.433216452,0.709548402
050600031001,2012,23.474872231,7.474179572,0.647458252
050600031001,2013,31.873724675,7.704946114,0.697195525
050600031001,2014,36.169780004,6.670495021,0.745343937
050600031001,2015,49.224076554,11.074284385,0.756677838
050600031001,2016,22.919244153,4.389709042,0.676712357
050600031001,2017,27.394960683,3.963790253,0.70523002
050600031001,2018,50.265868321,10.3514954,0.753062727
050600031001,2019,56.762828572,12.551781221,0.7454512
050600031002,2010,37.780701276,8.163909348,0.695899878
050600031002,2011,43.228499678,13.384155655,0.706607545
050600031002,2012,23.686036138,7.471115337,0.65132723
050600031002,2013,31.200641569,7.742236587,0.695980076
050600031002,2014,35.982454809,6.650454226,0.745156203
050600031002,2015,47.680481487,11.057961625,0.755970722
050600031002,2016,23.445689522,4.391998436,0.682912766
050600031002,2017,26.318650664,3.99937642,0.704490177
050600031002,2018,47.165261779,10.299804327,0.751360581
050600031002,2019,54.637800989,12.524142424,0.744637551
050600031003,2010,44.934959991,14.025931396,0.741857498
050600031003,2011,51.425309878,19.726330536,0.743543403
050600031003,2012,28.114544022,10.053338702,0.686278067
050600031003,2013,33.548450166,10.523718947,0.746343887
050600031003,2014,43.562190432,12.816929909,0.80278377
050600031003,2015,50.662886983,17.008104631,0.790666483
050600031003,2016,31.476117436,10.446406491,0.720298477
050600031003,2017,32.762536749,9.161053938,0.762869402
050600031003,2018,52.787824099,15.696876642,0.801345362
050600031003,2019,61.644902798,20.30514359,0.788115004
050800010101,2010,7.268428011,0.942983608,0.486115093
050800010101,2011,25.261739433,1.233587897,0.55619695
050800010101,2012,7.756995005,0.888331125,0.488924569
050800010101,2013,18.508814822,1.170831329,0.530705212
050800010101,2014,11.17457559,1.270990863,0.54934237
050800010101,2015,15.40816042,1.262660844,0.524485406
050800010101,2016,14.113469564,1.404926428,0.541504463
050800010101,2017,14.557629659,1.177971827,0.502467413
050800010101,2018,19.785791224,1.431500775,0.552859935
050800010101,2019,14.851110421,1.225339025,0.518095101
050800010102,2010,31.381602607,3.472889312,0.61469222
050800010102,2011,50.736669641,4.208941121,0.649818332
050800010102,2012,22.072774489,3.298318443,0.603633317
050800010102,2013,43.635951331,4.062455582,0.649141393
050800010102,2014,32.086597919,3.720659368,0.680634185
050800010102,2015,40.40630437,3.827874826,0.645236348
050800010102,2016,34.47447708,4.125522784,0.662100112
050800010102,2017,39.677575201,3.824072256,0.629162664
050800010102,2018,46.526593254,4.460162313,0.661566281
050800010102,2019,44.060902109,4.630922169,0.642937581
050800010103,2010,7.112354142,0.998152173,0.428033679
050800010103,2011,17.387930106,1.536975316,0.488735983
050800010103,2012,6.294861517,1.039268326,0.436112924
050800010103,2013,12.489522258,1.329485431,0.465632534
050800010103,2014,9.165774993,1.372342867,0.478924341
050800010103,2015,11.403938858,1.249448221,0.445642971
050800010103,2016,12.550369734,1.567413538,0.466927976
050800010103,2017,10.876791658,1.264312262,0.442701689
050800010103,2018,14.740265176,1.568938103,0.474363258
050800010103,2019,12.136368389,1.412197046,0.461867476
050800010201,2010,18.27391615,0.355092009,0.510784032
050800010201,2011,51.013805365,0.641598976,0.585867548
050800010201,2012,15.388653562,0.478922841,0.518746326
050800010201,2013,29.154809875,0.76768485,0.586041337
050800010201,2014,27.401778613,0.789585185,0.626112486
050800010201,2015,38.515118432,0.448123307,0.577469404
050800010201,2016,33.396531291,0.502497603,0.591866983
050800010201,2017,30.314520964,0.410182458,0.562875273
050800010201,2018,37.414576681,0.480963817,0.601513858
050800010201,2019,34.664530632,0.422175437,0.593948892
050800010202,2010,16.729491378,0.231431993,0.482832275
050800010202,2011,46.313707992,0.413686889,0.556654752
050800010202,2012,13.143072052,0.30460039,0.477467935
050800010202,2013,26.716064245,0.504867784,0.55042446
050800010202,2014,23.34232352,0.507429122,0.583749261
050800010202,2015,35.402516898,0.294834258,0.53992773
050800010202,2016,29.227911104,0.335857807,0.558339906
050800010202,2017,26.198567126,0.268419808,0.531746624
050800010202,2018,33.281127512,0.300549774,0.561172501
050800010202,2019,29.744091468,0.264916588,0.547989843
050800010203,2010,19.340934462,1.262943695,0.533691922
050800010203,2011,45.41409436,2.62765681,0.595605366
050800010203,2012,13.027059146,2.006604035,0.519341798
050800010203,2013,30.511689236,2.175894061,0.569871449
050800010203,2014,24.80065518,2.095151373,0.607517678
050800010203,2015,25.032943691,1.538085297,0.577637785
050800010203,2016,33.182878969,2.33484357,0.585712363
050800010203,2017,24.369682957,1.549794553,0.564720993
050800010203,2018,37.889180284,2.147055772,0.610864299
050800010203,2019,28.927858429,2.238460302,0.584339589
050800010204,2010,19.582692587,0.748948184,0.520126157
050800010204,2011,42.887997997,1.460856372,0.586646705
050800010204,2012,14.770736278,1.173260194,0.521645893
050800010204,2013,31.523544286,1.275124678,0.566360757
050800010204,2014,26.512711889,1.234288909,0.600992363
050800010204,2015,28.767406287,0.92092386,0.566663525
050800010204,2016,33.003660076,1.35639103,0.580756856
050800010204,2017,25.757345625,0.894993368,0.549444475
050800010204,2018,37.709395616,1.23171362,0.599982038
050800010204,2019,29.941969166,1.278236749,0.572761469
050800010301,2010,15.780392662,1.396207477,0.573584343
050800010301,2011,34.197777694,2.576619939,0.618875991
050800010301,2012,9.636840114,2.015586063,0.573439114
050800010301,2013,26.858641516,2.227974789,0.625477148
050800010301,2014,16.323292379,2.090706323,0.62809421
050800010301,2015,14.956306796,1.367043574,0.607253474
050800010301,2016,16.627621363,1.63752725,0.603807655
050800010301,2017,18.802516024,1.395413581,0.599767341
050800010301,2018,27.965666407,1.902958181,0.629216885
050800010301,2019,21.833116946,1.960142294,0.611088751
050800010302,2010,29.918507648,1.400133042,0.589363127
050800010302,2011,52.283689073,3.026815334,0.648054741
050800010302,2012,24.287644914,2.359899583,0.592725572
050800010302,2013,45.381635654,2.522304976,0.639783568
050800010302,2014,37.013419413,2.666329602,0.654813907
050800010302,2015,38.7195645,1.83247568,0.627511274
050800010302,2016,39.035697576,2.300698937,0.634455226
050800010302,2017,36.43666415,1.761996755,0.62145432
050800010302,2018,48.464362727,2.543275343,0.654401989
050800010302,2019,42.14208186,2.416028211,0.635485374
050800010303,2010,18.082529849,2.009704651,0.522125492
050800010303,2011,37.829190871,3.727731797,0.588539878
050800010303,2012,10.948078012,2.574236494,0.528740107
050800010303,2013,25.257554603,2.776730075,0.565535763
050800010303,2014,21.325224956,2.843682783,0.593294685
050800010303,2015,21.520848697,2.254513784,0.560874713
050800010303,2016,20.710803386,2.593665976,0.557158374
050800010303,2017,19.947955507,1.752689732,0.543799489
050800010303,2018,34.949047392,2.802682189,0.592301213
050800010303,2019,21.982926188,2.538262561,0.547546534
050800010304,2010,29.323853902,2.280187166,0.568587804
050800010304,2011,55.521709019,3.795405962,0.637037549
050800010304,2012,22.941770594,2.688747563,0.576622366
050800010304,2013,42.624551807,3.097390131,0.636154689
050800010304,2014,31.795573482,2.981827388,0.64175182
050800010304,2015,40.569079326,2.74006233,0.629673666
050800010304,2016,31.878815945,2.591393186,0.612701247
050800010304,2017,36.940743729,2.418921451,0.618098999
050800010304,2018,52.958039775,3.342795052,0.63653061
050800010304,2019,42.548725296,3.341387714,0.616729749
050800010305,2010,28.37785964,2.872839885,0.583618365
050800010305,2011,53.285839299,4.843298866,0.654716699
050800010305,2012,21.798628647,3.14565508,0.591429966
050800010305,2013,44.007006751,3.815935958,0.658745995
050800010305,2014,31.903549458,3.358510032,0.676043334
050800010305,2015,36.140988937,3.279905315,0.651655033
050800010305,2016,28.605199551,3.079043145,0.639894805
050800010305,2017,35.942240748,3.097453269,0.636177256
050800010305,2018,47.326168459,4.061935972,0.653871058
050800010305,2019,41.289781868,3.993179967,0.64323202
050800010306,2010,26.248914469,2.044726175,0.513682545
050800010306,2011,48.597191533,3.389406646,0.593679344
050800010306,2012,19.96525203,2.521343639,0.534068834
050800010306,2013,35.522886462,2.696677912,0.577639824
050800010306,2014,34.550933251,2.998966626,0.606436363
050800010306,2015,33.568229303,2.400131573,0.563530634
050800010306,2016,31.11874838,2.728265674,0.562286641
050800010306,2017,32.065380634,2.062777171,0.548015777
050800010306,2018,47.143356945,2.92317296,0.599860151
050800010306,2019,34.290685368,2.742587369,0.566745191
050800010401,2010,13.854913274,2.69769008,0.532909147
050800010401,2011,33.185686107,5.012021078,0.613455798
050800010401,2012,11.885905106,3.187556584,0.533732145
050800010401,2013,22.946276161,4.003156045,0.572033947
050800010401,2014,16.892608651,3.792517743,0.6067896
050800010401,2015,22.862699947,4.203008013,0.58510443
050800010401,2016,17.586766991,3.725502635,0.56291351
050800010401,2017,18.6304202,3.161717752,0.576916128
050800010401,2018,31.871985811,4.590753919,0.606919984
050800010401,2019,22.797047969,4.095687599,0.58053167
050800010402,2010,17.627762111,3.530775233,0.530148379
050800010402,2011,42.546729608,6.325773875,0.616755991
050800010402,2012,14.004293266,3.674716095,0.531701901
050800010402,2013,28.281145042,4.846907708,0.570994509
050800010402,2014,22.146628548,5.0313248,0.610169312
050800010402,2015,29.414022283,5.243972583,0.58731214
050800010402,2016,25.849926889,5.141018033,0.565634266
050800010402,2017,25.661627372,4.661291107,0.583413042
050800010402,2018,38.600286053,5.897985642,0.609283186
050800010402,2019,28.941760556,5.382904361,0.585409192
