huc12_id,year,pscutot_mgd
050800010403,2010,0.00079699
050800010403,2011,0.00073631
050800010403,2012,0.000896624
050800010403,2013,0.000822069
050800010403,2014,0.000738598
050800010403,2015,0.000784006
050800010403,2016,0.000798652
050800010403,2017,0.00079037
050800010403,2018,0.000686717
050800010403,2019,0.000659001
050800010403,2020,0.000595054
050800010404,2010,0.0
050800010404,2011,0.0
050800010404,2012,0.0
050800010404,2013,0.0
050800010404,2014,0.0
050800010404,2015,0.0
050800010404,2016,0.0
050800010404,2017,0.0
050800010404,2018,0.0
050800010404,2019,0.0
050800010404,2020,0.0
050800010405,2010,0.016949894
050800010405,2011,0.015898855
050800010405,2012,0.019752652
050800010405,2013,0.01756064
050800010405,2014,0.01698811
050800010405,2015,0.01500645
050800010405,2016,0.015399571
050800010405,2017,0.015510905
050800010405,2018,0.015427879
050800010405,2019,0.015660779
050800010405,2020,0.014902671
050800010406,2010,0.011648022
050800010406,2011,0.010905481
050800010406,2012,0.013799211
050800010406,2013,0.013499806
050800010406,2014,0.012517107
050800010406,2015,0.012227591
050800010406,2016,0.012668746
050800010406,2017,0.012224587
050800010406,2018,0.011198356
050800010406,2019,0.011143004
050800010406,2020,0.010547436
050800010501,2010,0.030239992
050800010501,2011,0.029742024
050800010501,2012,0.038611831
050800010501,2013,0.033480563
050800010501,2014,0.032967154
050800010501,2015,0.031405883
050800010501,2016,0.033186182
050800010501,2017,0.032645965
050800010501,2018,0.027423587
050800010501,2019,0.030769451
050800010501,2020,0.026136511
050800010502,2010,0.0
050800010502,2011,0.0
050800010502,2012,0.0
050800010502,2013,0.0
050800010502,2014,0.0
050800010502,2015,0.0
050800010502,2016,0.0
050800010502,2017,0.0
050800010502,2018,0.0
050800010502,2019,0.0
050800010502,2020,0.0
050800010503,2010,0.059369548
050800010503,2011,0.057273445
050800010503,2012,0.074704338
050800010503,2013,0.063360631
050800010503,2014,0.05183956
050800010503,2015,0.038294041
050800010503,2016,0.042345216
050800010503,2017,0.041949789
050800010503,2018,0.055091997
050800010503,2019,0.05711018
050800010503,2020,0.059260744
050800010601,2010,0.008335266
050800010601,2011,0.008051303
050800010601,2012,0.009384734
050800010601,2013,0.007891544
050800010601,2014,0.007684199
050800010601,2015,0.007758968
050800010601,2016,0.008567668
050800010601,2017,0.008254346
050800010601,2018,0.007524866
050800010601,2019,0.007826622
050800010601,2020,0.007277556
050800010602,2010,0.005769988
050800010602,2011,0.005846195
050800010602,2012,0.007719879
050800010602,2013,0.006599724
050800010602,2014,0.006274001
050800010602,2015,0.006934824
050800010602,2016,0.007389763
050800010602,2017,0.00734924
050800010602,2018,0.005891826
050800010602,2019,0.006122858
050800010602,2020,0.006262687
050800010603,2010,0.002241471
050800010603,2011,0.002099903
050800010603,2012,0.002606867
050800010603,2013,0.002318239
050800010603,2014,0.00224226
050800010603,2015,0.00197494
050800010603,2016,0.002024727
050800010603,2017,0.002040225
050800010603,2018,0.002039574
050800010603,2019,0.002063043
050800010603,2020,0.001971695
050800010604,2010,0.007048182
050800010604,2011,0.006603029
050800010604,2012,0.008197149
050800010604,2013,0.007289573
050800010604,2014,0.007050662
050800010604,2015,0.006210089
050800010604,2016,0.006366641
050800010604,2017,0.006415373
050800010604,2018,0.006413327
050800010604,2019,0.006487123
050800010604,2020,0.006199886
050800010701,2010,0.0
050800010701,2011,0.0
050800010701,2012,0.0
050800010701,2013,0.0
050800010701,2014,0.0
050800010701,2015,0.0
050800010701,2016,0.0
050800010701,2017,0.0
050800010701,2018,0.0
050800010701,2019,0.0
050800010701,2020,0.0
050800010702,2010,0.004283701
050800010702,2011,0.004013149
050800010702,2012,0.004982013
050800010702,2013,0.004430412
050800010702,2014,0.004285208
050800010702,2015,0.00377433
050800010702,2016,0.003869478
050800010702,2017,0.003899096
050800010702,2018,0.003897853
050800010702,2019,0.003942704
050800010702,2020,0.003768129
050800010703,2010,0.193513695
050800010703,2011,0.181291656
050800010703,2012,0.225059526
050800010703,2013,0.200141287
050800010703,2014,0.193581794
050800010703,2015,0.17050315
050800010703,2016,0.174801423
050800010703,2017,0.176139404
050800010703,2018,0.176083224
050800010703,2019,0.178109339
050800010703,2020,0.170223028
050800010704,2010,0.008757439
050800010704,2011,0.008253526
050800010704,2012,0.010124294
050800010704,2013,0.00917273
050800010704,2014,0.008434858
050800010704,2015,0.008118264
050800010704,2016,0.008548089
050800010704,2017,0.008440919
050800010704,2018,0.007748589
050800010704,2019,0.008347141
050800010704,2020,0.007503451
050800010705,2010,0.223986537
050800010705,2011,0.211099447
050800010705,2012,0.258950274
050800010705,2013,0.234612275
050800010705,2014,0.215743649
050800010705,2015,0.207648208
050800010705,2016,0.218637663
050800010705,2017,0.215899289
050800010705,2018,0.198191423
050800010705,2019,0.213500099
050800010705,2020,0.191925641
050800010801,2010,0.0
050800010801,2011,0.0
050800010801,2012,0.0
050800010801,2013,0.0
050800010801,2014,0.0
050800010801,2015,0.0
050800010801,2016,0.0
050800010801,2017,0.0
050800010801,2018,0.0
050800010801,2019,0.0
050800010801,2020,0.0
050800010802,2010,0.006100246
050800010802,2011,0.005367068
050800010802,2012,0.006653785
050800010802,2013,0.005782483
050800010802,2014,0.005039598
050800010802,2015,0.00550332
050800010802,2016,0.005962494
050800010802,2017,0.005755522
050800010802,2018,0.004392884
050800010802,2019,0.00480276
050800010802,2020,0.004352713
050800010803,2010,0.001243617
050800010803,2011,0.0010709
050800010803,2012,0.001498544
050800010803,2013,0.001342024
050800010803,2014,0.001337014
050800010803,2015,0.001415433
050800010803,2016,0.001466002
050800010803,2017,0.001458674
050800010803,2018,0.001049187
050800010803,2019,0.001270498
050800010803,2020,0.001134875
050800010804,2010,0.0
050800010804,2011,0.0
050800010804,2012,0.0
050800010804,2013,0.0
050800010804,2014,0.0
050800010804,2015,0.0
050800010804,2016,0.0
050800010804,2017,0.0
050800010804,2018,0.0
050800010804,2019,0.0
050800010804,2020,0.0
050800010805,2010,0.313680975
050800010805,2011,0.296323472
050800010805,2012,0.373148941
050800010805,2013,0.339559032
050800010805,2014,0.325351213
050800010805,2015,0.305320888
050800010805,2016,0.308656805
050800010805,2017,0.312439922
050800010805,2018,0.306817832
050800010805,2019,0.330014807
050800010805,2020,0.314171207
050800010901,2010,0.0
050800010901,2011,0.0
050800010901,2012,0.0
050800010901,2013,0.0
050800010901,2014,0.0
050800010901,2015,0.0
050800010901,2016,0.0
050800010901,2017,0.0
050800010901,2018,0.0
050800010901,2019,0.0
050800010901,2020,0.0
050800010902,2010,0.0
050800010902,2011,0.0
050800010902,2012,0.0
050800010902,2013,0.0
050800010902,2014,0.0
050800010902,2015,0.0
050800010902,2016,0.0
050800010902,2017,0.0
050800010902,2018,0.0
050800010902,2019,0.0
050800010902,2020,0.0
050800010903,2010,0.000359752
050800010903,2011,0.000366493
050800010903,2012,0.000476636
050800010903,2013,0.000360455
050800010903,2014,0.00043448
050800010903,2015,0.00031661
050800010903,2016,0.000332636
050800010903,2017,0.000271596
050800010903,2018,0.000274003
050800010903,2019,0.000266209
050800010903,2020,0.000273623
050800010904,2010,0.008871374
050800010904,2011,0.00881876
050800010904,2012,0.010958432
050800010904,2013,0.009378401
050800010904,2014,0.009497814
050800010904,2015,0.00785433
050800010904,2016,0.00825466
050800010904,2017,0.008329159
050800010904,2018,0.007922796
050800010904,2019,0.007978736
050800010904,2020,0.007516014
050800010905,2010,0.020086152
050800010905,2011,0.020462511
050800010905,2012,0.026612197
050800010905,2013,0.020125385
050800010905,2014,0.024258491
050800010905,2015,0.017677369
050800010905,2016,0.018572175
050800010905,2017,0.015164115
050800010905,2018,0.015298488
050800010905,2019,0.014863355
050800010905,2020,0.015277274
050800010906,2010,0.0
050800010906,2011,0.0
050800010906,2012,0.0
050800010906,2013,0.0
050800010906,2014,0.0
050800010906,2015,0.0
050800010906,2016,0.0
050800010906,2017,0.0
050800010906,2018,0.0
050800010906,2019,0.0
050800010906,2020,0.0
050800011001,2010,0.032192568
050800011001,2011,0.03226843
050800011001,2012,0.039948613
050800011001,2013,0.033342809
050800011001,2014,0.03198084
050800011001,2015,0.028746754
050800011001,2016,0.030406984
050800011001,2017,0.030241045
050800011001,2018,0.026673117
050800011001,2019,0.028560548
050800011001,2020,0.027110953
050800011002,2010,0.0
050800011002,2011,0.0
050800011002,2012,0.0
050800011002,2013,0.0
050800011002,2014,0.0
050800011002,2015,0.0
050800011002,2016,0.0
050800011002,2017,0.0
050800011002,2018,0.0
050800011002,2019,0.0
050800011002,2020,0.0
050800011003,2010,0.0
050800011003,2011,0.0
050800011003,2012,0.0
050800011003,2013,0.0
050800011003,2014,0.0
050800011003,2015,0.0
050800011003,2016,0.0
050800011003,2017,0.0
050800011003,2018,0.0
050800011003,2019,0.0
050800011003,2020,0.0
050800011004,2010,0.0
050800011004,2011,0.0
050800011004,2012,0.0
050800011004,2013,0.0
050800011004,2014,0.0
050800011004,2015,0.0
050800011004,2016,0.0
050800011004,2017,0.0
050800011004,2018,0.0
050800011004,2019,0.0
050800011004,2020,0.0
050800011101,2010,0.035323245
050800011101,2011,0.035686653
050800011101,2012,0.043710864
050800011101,2013,0.037740669
050800011101,2014,0.038031744
050800011101,2015,0.032300216
050800011101,2016,0.033853191
050800011101,2017,0.034162184
050800011101,2018,0.031386751
050800011101,2019,0.031754711
050800011101,2020,0.030191465
050800011102,2010,0.130839799
050800011102,2011,0.130063814
050800011102,2012,0.161620847
050800011102,2013,0.138317707
050800011102,2014,0.140078873
050800011102,2015,0.115839892
050800011102,2016,0.121744167
050800011102,2017,0.122842925
050800011102,2018,0.116849658
050800011102,2019,0.117674689
050800011102,2020,0.110850221
050800011103,2010,0.005829438
050800011103,2011,0.005098747
050800011103,2012,0.007627414
050800011103,2013,0.006087169
050800011103,2014,0.005682513
050800011103,2015,0.008789746
050800011103,2016,0.008956783
050800011103,2017,0.008961778
050800011103,2018,0.004976983
050800011103,2019,0.005735964
050800011103,2020,0.005417523
050800011201,2010,0.001297572
050800011201,2011,0.001317531
050800011201,2012,0.001599189
050800011201,2013,0.001461828
050800011201,2014,0.00134168
050800011201,2015,0.001610715
050800011201,2016,0.001696091
050800011201,2017,0.001652551
050800011201,2018,0.001267719
050800011201,2019,0.001297719
050800011201,2020,0.001228084
050800011202,2010,0.02495604
050800011202,2011,0.025339909
050800011202,2012,0.03075701
050800011202,2013,0.028115152
050800011202,2014,0.025804361
050800011202,2015,0.030978685
050800011202,2016,0.032620708
050800011202,2017,0.03178331
050800011202,2018,0.024381889
050800011202,2019,0.024958869
050800011202,2020,0.023619592
050800011203,2010,0.0
050800011203,2011,0.0
050800011203,2012,0.0
050800011203,2013,0.0
050800011203,2014,0.0
050800011203,2015,0.0
050800011203,2016,0.0
050800011203,2017,0.0
050800011203,2018,0.0
050800011203,2019,0.0
050800011203,2020,0.0
050800011204,2010,0.01942793
050800011204,2011,0.017860578
050800011204,2012,0.023488903
050800011204,2013,0.019673376
050800011204,2014,0.01783069
050800011204,2015,0.024781051
050800011204,2016,0.025177958
050800011204,2017,0.026270427
050800011204,2018,0.017472512
050800011204,2019,0.019312313
050800011204,2020,0.01670972
050800011205,2010,0.003040362
050800011205,2011,0.002933078
050800011205,2012,0.003547166
050800011205,2013,0.003333193
050800011205,2014,0.003077844
050800011205,2015,0.00316542
050800011205,2016,0.003221849
050800011205,2017,0.003288079
050800011205,2018,0.002518532
050800011205,2019,0.002675822
050800011205,2020,0.002687997
050800011301,2010,0.0
050800011301,2011,0.0
050800011301,2012,0.0
050800011301,2013,0.0
050800011301,2014,0.0
050800011301,2015,0.0
050800011301,2016,0.0
050800011301,2017,0.0
050800011301,2018,0.0
050800011301,2019,0.0
050800011301,2020,0.0
050800011302,2010,0.028032607
050800011302,2011,0.027810199
050800011302,2012,0.035632164
050800011302,2013,0.032708672
050800011302,2014,0.031815846
050800011302,2015,0.033174829
050800011302,2016,0.034206438
050800011302,2017,0.033316747
050800011302,2018,0.024303591
050800011302,2019,0.025858054
050800011302,2020,0.02481621
050800011303,2010,0.038902196
050800011303,2011,0.037629031
050800011303,2012,0.047102818
050800011303,2013,0.043360459
050800011303,2014,0.041787007
050800011303,2015,0.042509292
050800011303,2016,0.043385561
050800011303,2017,0.044043855
050800011303,2018,0.033096452
050800011303,2019,0.035426414
050800011303,2020,0.034489059
050800011401,2010,0.005860967
050800011401,2011,0.0055771
050800011401,2012,0.007275229
050800011401,2013,0.006200236
050800011401,2014,0.006017033
050800011401,2015,0.008225166
050800011401,2016,0.008708151
050800011401,2017,0.008427552
050800011401,2018,0.004494553
050800011401,2019,0.005589994
050800011401,2020,0.004687295
050800011402,2010,0.005102809
050800011402,2011,0.006708254
050800011402,2012,0.006511352
050800011402,2013,0.005437968
050800011402,2014,0.005070583
050800011402,2015,0.008267425
050800011402,2016,0.008861922
050800011402,2017,0.009164328
050800011402,2018,0.004550202
050800011402,2019,0.004574338
050800011402,2020,0.00412691
050800011403,2010,0.000337424
050800011403,2011,0.000314917
050800011403,2012,0.000385481
050800011403,2013,0.000352527
050800011403,2014,0.00034998
050800011403,2015,0.000311114
050800011403,2016,0.000319123
050800011403,2017,0.000318639
050800011403,2018,0.000306974
050800011403,2019,0.000339979
050800011403,2020,0.000331971
050800011404,2010,0.049952586
050800011404,2011,0.047799041
050800011404,2012,0.059919241
050800011404,2013,0.054425066
050800011404,2014,0.052197026
050800011404,2015,0.051454391
050800011404,2016,0.051744367
050800011404,2017,0.052563102
050800011404,2018,0.048435243
050800011404,2019,0.051680354
050800011404,2020,0.049174621
050800011405,2010,0.116610214
050800011405,2011,0.112940591
050800011405,2012,0.13634952
050800011405,2013,0.123772566
050800011405,2014,0.11784156
050800011405,2015,0.145430934
050800011405,2016,0.147849166
050800011405,2017,0.148069715
050800011405,2018,0.100610938
050800011405,2019,0.114344417
050800011405,2020,0.108754899
050800011406,2010,0.285526304
050800011406,2011,0.268252379
050800011406,2012,0.32684822
050800011406,2013,0.299603916
050800011406,2014,0.298042824
050800011406,2015,0.2728554
050800011406,2016,0.278938488
050800011406,2017,0.27825215
050800011406,2018,0.261894295
050800011406,2019,0.289571942
050800011406,2020,0.280716005
050800011501,2010,0.00025859
050800011501,2011,0.000248829
050800011501,2012,0.000324138
050800011501,2013,0.000315518
050800011501,2014,0.000302957
050800011501,2015,0.0003225
050800011501,2016,0.000340311
050800011501,2017,0.000360956
050800011501,2018,0.000241303
050800011501,2019,0.000260566
050800011501,2020,0.000242582
050800011502,2010,0.008020407
050800011502,2011,0.007710278
050800011502,2012,0.010026534
050800011502,2013,0.00972569
050800011502,2014,0.009330327
050800011502,2015,0.009866072
050800011502,2016,0.010409866
050800011502,2017,0.01099832
050800011502,2018,0.007504361
050800011502,2019,0.008080906
050800011502,2020,0.007520751
050800011503,2010,0.0
050800011503,2011,0.0
050800011503,2012,0.0
050800011503,2013,0.0
050800011503,2014,0.0
050800011503,2015,0.0
050800011503,2016,0.0
050800011503,2017,0.0
050800011503,2018,0.0
050800011503,2019,0.0
050800011503,2020,0.0
050800011504,2010,0.010580621
050800011504,2011,0.010181239
050800011504,2012,0.013262662
050800011504,2013,0.012909963
050800011504,2014,0.012396008
050800011504,2015,0.013195633
050800011504,2016,0.013924386
050800011504,2017,0.014769099
050800011504,2018,0.009873306
050800011504,2019,0.010661507
050800011504,2020,0.009925653
050800011601,2010,0.0
050800011601,2011,0.0
050800011601,2012,0.0
050800011601,2013,0.0
050800011601,2014,0.0
050800011601,2015,0.0
050800011601,2016,0.0
050800011601,2017,0.0
050800011601,2018,0.0
050800011601,2019,0.0
050800011601,2020,0.0
050800011602,2010,0.147889791
050800011602,2011,0.139826192
050800011602,2012,0.174451902
050800011602,2013,0.144765875
050800011602,2014,0.133700474
050800011602,2015,0.123363476
050800011602,2016,0.130353637
050800011602,2017,0.128721136
050800011602,2018,0.114232805
050800011602,2019,0.111386018
050800011602,2020,0.106685909
050800011603,2010,0.0
050800011603,2011,0.0
050800011603,2012,0.0
050800011603,2013,0.0
050800011603,2014,0.0
050800011603,2015,0.0
050800011603,2016,0.0
050800011603,2017,0.0
050800011603,2018,0.0
050800011603,2019,0.0
050800011603,2020,0.0
050800011604,2010,0.017864652
050800011604,2011,0.015383569
050800011604,2012,0.021526697
050800011604,2013,0.019278285
050800011604,2014,0.019206317
050800011604,2015,0.020332811
050800011604,2016,0.021059233
050800011604,2017,0.020953963
050800011604,2018,0.015071651
050800011604,2019,0.018250806
050800011604,2020,0.016302575
050800011605,2010,0.0
050800011605,2011,0.0
050800011605,2012,0.0
050800011605,2013,0.0
050800011605,2014,0.0
050800011605,2015,0.0
050800011605,2016,0.0
050800011605,2017,0.0
050800011605,2018,0.0
050800011605,2019,0.0
050800011605,2020,0.0
050800011606,2010,0.003439284
050800011606,2011,0.003257409
050800011606,2012,0.004082775
050800011606,2013,0.003592605
050800011606,2014,0.003414255
050800011606,2015,0.003187456
050800011606,2016,0.003141052
050800011606,2017,0.003135704
050800011606,2018,0.00305863
050800011606,2019,0.003301497
050800011606,2020,0.003177059
050800011607,2010,0.014635635
050800011607,2011,0.013839093
050800011607,2012,0.01727095
050800011607,2013,0.014384752
050800011607,2014,0.013310052
050800011607,2015,0.012290576
050800011607,2016,0.01292846
050800011607,2017,0.012775313
050800011607,2018,0.011408511
050800011607,2019,0.011206482
050800011607,2020,0.010737442
050800011701,2010,0.003787739
050800011701,2011,0.004314602
050800011701,2012,0.00490239
050800011701,2013,0.004596428
050800011701,2014,0.004272473
050800011701,2015,0.004241299
050800011701,2016,0.004353222
050800011701,2017,0.004365314
050800011701,2018,0.003194498
050800011701,2019,0.003301922
050800011701,2020,0.002777814
050800011702,2010,0.000693469
050800011702,2011,0.000655658
050800011702,2012,0.000818021
050800011702,2013,0.000678821
050800011702,2014,0.000626934
050800011702,2015,0.000578463
050800011702,2016,0.00061124
050800011702,2017,0.000603585
050800011702,2018,0.000535648
050800011702,2019,0.000522299
050800011702,2020,0.00050026
050800011703,2010,0.0
050800011703,2011,0.0
050800011703,2012,0.0
050800011703,2013,0.0
050800011703,2014,0.0
050800011703,2015,0.0
050800011703,2016,0.0
050800011703,2017,0.0
050800011703,2018,0.0
050800011703,2019,0.0
050800011703,2020,0.0
050800011704,2010,0.00556514
050800011704,2011,0.00506567
050800011704,2012,0.005767706
050800011704,2013,0.005138025
050800011704,2014,0.004860207
050800011704,2015,0.005572036
050800011704,2016,0.005691268
050800011704,2017,0.005992596
050800011704,2018,0.005250455
050800011704,2019,0.004998655
050800011704,2020,0.004539887
050800011705,2010,0.005169741
050800011705,2011,0.004896357
050800011705,2012,0.006137001
050800011705,2013,0.005400206
050800011705,2014,0.00513212
050800011705,2015,0.004791208
050800011705,2016,0.004721455
050800011705,2017,0.004713416
050800011705,2018,0.004597563
050800011705,2019,0.004962628
050800011705,2020,0.004775579
050800011706,2010,0.383123226
050800011706,2011,0.362863103
050800011706,2012,0.454805715
050800011706,2013,0.400202688
050800011706,2014,0.380335154
050800011706,2015,0.355070619
050800011706,2016,0.349901313
050800011706,2017,0.349305561
050800011706,2018,0.340719788
050800011706,2019,0.367774339
050800011706,2020,0.353912362
050800011801,2010,0.084338158
050800011801,2011,0.079878232
050800011801,2012,0.100117857
050800011801,2013,0.088097916
050800011801,2014,0.083724411
050800011801,2015,0.078162847
050800011801,2016,0.077024911
050800011801,2017,0.076893766
050800011801,2018,0.075003752
050800011801,2019,0.080959358
050800011801,2020,0.077907876
050800011802,2010,0.041422819
050800011802,2011,0.039232319
050800011802,2012,0.049173043
050800011802,2013,0.04326943
050800011802,2014,0.041121377
050800011802,2015,0.038389806
050800011802,2016,0.037830906
050800011802,2017,0.037766494
050800011802,2018,0.036838211
050800011802,2019,0.039763316
050800011802,2020,0.038264576
050800011803,2010,0.091259987
050800011803,2011,0.086434024
050800011803,2012,0.108334762
050800011803,2013,0.095328316
050800011803,2014,0.090595868
050800011803,2015,0.084577854
050800011803,2016,0.083346524
050800011803,2017,0.083204616
050800011803,2018,0.081159484
050800011803,2019,0.087603881
050800011803,2020,0.084301957
050800011804,2010,0.012103796
050800011804,2011,0.012156864
050800011804,2012,0.01503178
050800011804,2013,0.014108978
050800011804,2014,0.012971425
050800011804,2015,0.012319791
050800011804,2016,0.012373188
050800011804,2017,0.012185762
050800011804,2018,0.011466634
050800011804,2019,0.012558678
050800011804,2020,0.012249151
050800011805,2010,0.006986721
050800011805,2011,0.006617253
050800011805,2012,0.008293939
050800011805,2013,0.007298186
050800011805,2014,0.006935877
050800011805,2015,0.006475147
050800011805,2016,0.006380879
050800011805,2017,0.006370014
050800011805,2018,0.006213442
050800011805,2019,0.006706815
050800011805,2020,0.006454025
050800011806,2010,0.075634452
050800011806,2011,0.068454369
050800011806,2012,0.08578799
050800011806,2013,0.080491263
050800011806,2014,0.077734705
050800011806,2015,0.086090351
050800011806,2016,0.088441933
050800011806,2017,0.089279346
050800011806,2018,0.062538506
050800011806,2019,0.067705222
050800011806,2020,0.06496621
050800011901,2010,0.125713308
050800011901,2011,0.117217177
050800011901,2012,0.143990278
050800011901,2013,0.133439916
050800011901,2014,0.131087948
050800011901,2015,0.132469169
050800011901,2016,0.133845257
050800011901,2017,0.132578449
050800011901,2018,0.113640685
050800011901,2019,0.13740076
050800011901,2020,0.140435291
050800011902,2010,0.049931807
050800011902,2011,0.046942329
050800011902,2012,0.058772635
050800011902,2013,0.054174167
050800011902,2014,0.053402889
050800011902,2015,0.057210543
050800011902,2016,0.059426889
050800011902,2017,0.061124446
050800011902,2018,0.043442949
050800011902,2019,0.046904988
050800011902,2020,0.045093423
050800011903,2010,0.340151475
050800011903,2011,0.327032151
050800011903,2012,0.402018723
050800011903,2013,0.375313761
050800011903,2014,0.360667807
050800011903,2015,0.350738037
050800011903,2016,0.359454994
050800011903,2017,0.358284119
050800011903,2018,0.350135239
050800011903,2019,0.388534983
050800011903,2020,0.377946318
050800011904,2010,0.646401573
050800011904,2011,0.605599401
050800011904,2012,0.740766221
050800011904,2013,0.677583333
050800011904,2014,0.673462863
050800011904,2015,0.603742122
050800011904,2016,0.618531697
050800011904,2017,0.617491318
050800011904,2018,0.590335986
050800011904,2019,0.663573514
050800011904,2020,0.653038175
050800012001,2010,0.000683057
050800012001,2011,0.00064839
050800012001,2012,0.000859146
050800012001,2013,0.000723992
050800012001,2014,0.000728259
050800012001,2015,0.000762152
050800012001,2016,0.000778221
050800012001,2017,0.000766455
050800012001,2018,0.000686281
050800012001,2019,0.00070263
050800012001,2020,0.000613603
050800012002,2010,0.006809209
050800012002,2011,0.007424472
050800012002,2012,0.009238436
050800012002,2013,0.006799937
050800012002,2014,0.006632383
050800012002,2015,0.00855943
050800012002,2016,0.009126819
050800012002,2017,0.009196672
050800012002,2018,0.005239386
050800012002,2019,0.005302461
050800012002,2020,0.005034129
050800012003,2010,9.1074e-05
050800012003,2011,8.6452e-05
050800012003,2012,0.000114553
050800012003,2013,9.6532e-05
050800012003,2014,9.7101e-05
050800012003,2015,0.00010162
050800012003,2016,0.000103763
050800012003,2017,0.000102194
050800012003,2018,9.1504e-05
050800012003,2019,9.3684e-05
050800012003,2020,8.1814e-05
050800012004,2010,0.05724016
050800012004,2011,0.054335089
050800012004,2012,0.071996405
050800012004,2013,0.060670495
050800012004,2014,0.06102814
050800012004,2015,0.063868304
050800012004,2016,0.065214928
050800012004,2017,0.064228919
050800012004,2018,0.057510322
050800012004,2019,0.058880424
050800012004,2020,0.051419954
050800012005,2010,0.610693216
050800012005,2011,0.571300396
050800012005,2012,0.705792279
050800012005,2013,0.644640773
050800012005,2014,0.638277077
050800012005,2015,0.557527744
050800012005,2016,0.571390192
050800012005,2017,0.570095605
050800012005,2018,0.578900497
050800012005,2019,0.672448661
050800012005,2020,0.670604113
050800020101,2010,0.098443246
050800020101,2011,0.093158409
050800020101,2012,0.112960912
050800020101,2013,0.103773199
050800020101,2014,0.103369906
050800020101,2015,0.0979276
050800020101,2016,0.099779681
050800020101,2017,0.09945263
050800020101,2018,0.090957271
050800020101,2019,0.100445795
050800020101,2020,0.096633136
050800020102,2010,0.097033435
050800020102,2011,0.090561105
050800020102,2012,0.110853418
050800020102,2013,0.101376638
050800020102,2014,0.100644222
050800020102,2015,0.089467425
050800020102,2016,0.09177068
050800020102,2017,0.091631449
050800020102,2018,0.088276951
050800020102,2019,0.09776829
050800020102,2020,0.095465237
050800020103,2010,0.489898471
050800020103,2011,0.457650293
050800020103,2012,0.559831107
050800020103,2013,0.512140553
050800020103,2014,0.508586668
050800020103,2015,0.454023127
050800020103,2016,0.465483506
050800020103,2017,0.464713551
050800020103,2018,0.446206121
050800020103,2019,0.49406477
050800020103,2020,0.481933588
050800020104,2010,0.192112158
050800020104,2011,0.179749046
050800020104,2012,0.220930445
050800020104,2013,0.201509495
050800020104,2014,0.200154718
050800020104,2015,0.179699224
050800020104,2016,0.184533488
050800020104,2017,0.184135084
050800020104,2018,0.175398155
050800020104,2019,0.195381672
050800020104,2020,0.191413379
050800020105,2010,0.819647139
050800020105,2011,0.76604041
050800020105,2012,0.938307514
050800020105,2013,0.85196402
050800020105,2014,0.851253345
050800020105,2015,0.756982237
050800020105,2016,0.773736289
050800020105,2017,0.77374049
050800020105,2018,0.743891739
050800020105,2019,0.831401964
050800020105,2020,0.805993311
050800020106,2010,0.193218527
050800020106,2011,0.185300304
050800020106,2012,0.233915638
050800020106,2013,0.212054022
050800020106,2014,0.210241553
050800020106,2015,0.212218357
050800020106,2016,0.219459861
050800020106,2017,0.215105205
050800020106,2018,0.176318201
050800020106,2019,0.212128288
050800020106,2020,0.221194432
050800020201,2010,9.8073e-05
050800020201,2011,9.7414e-05
050800020201,2012,0.000100914
050800020201,2013,9.1372e-05
050800020201,2014,9.5552e-05
050800020201,2015,0.000108532
050800020201,2016,0.000105695
050800020201,2017,9.8709e-05
050800020201,2018,7.1599e-05
050800020201,2019,7.7802e-05
050800020201,2020,7.2472e-05
050800020202,2010,0.016842735
050800020202,2011,0.01578812
050800020202,2012,0.018506986
050800020202,2013,0.016616108
050800020202,2014,0.017275873
050800020202,2015,0.015909963
050800020202,2016,0.017345207
050800020202,2017,0.016805385
050800020202,2018,0.015590232
050800020202,2019,0.01712798
050800020202,2020,0.013987902
050800020203,2010,0.005685861
050800020203,2011,0.005649603
050800020203,2012,0.005470106
050800020203,2013,0.00492783
050800020203,2014,0.005287209
050800020203,2015,0.006171593
050800020203,2016,0.005903798
050800020203,2017,0.005436708
050800020203,2018,0.003935831
050800020203,2019,0.004307739
050800020203,2020,0.003971713
050800020204,2010,0.003833507
050800020204,2011,0.004186192
050800020204,2012,0.005159675
050800020204,2013,0.004550599
050800020204,2014,0.004283987
050800020204,2015,0.007305113
050800020204,2016,0.006204726
050800020204,2017,0.006387231
050800020204,2018,0.003412394
050800020204,2019,0.00369344
050800020204,2020,0.003522524
050800020205,2010,0.028376789
050800020205,2011,0.027069772
050800020205,2012,0.033595787
050800020205,2013,0.030131137
050800020205,2014,0.032085541
050800020205,2015,0.031227876
050800020205,2016,0.031418731
050800020205,2017,0.031433506
050800020205,2018,0.028927943
050800020205,2019,0.032072466
050800020205,2020,0.028722943
050800020301,2010,0.0
050800020301,2011,0.0
050800020301,2012,0.0
050800020301,2013,0.0
050800020301,2014,0.0
050800020301,2015,0.0
050800020301,2016,0.0
050800020301,2017,0.0
050800020301,2018,0.0
050800020301,2019,0.0
050800020301,2020,0.0
050800020302,2010,0.000482092
050800020302,2011,0.000443121
050800020302,2012,0.000551305
050800020302,2013,0.000514559
050800020302,2014,0.000507145
050800020302,2015,0.000746264
050800020302,2016,0.000775218
050800020302,2017,0.000760679
050800020302,2018,0.000477984
050800020302,2019,0.000516107
050800020302,2020,0.000471392
050800020303,2010,8.9133e-05
050800020303,2011,8.6076e-05
050800020303,2012,0.000105638
050800020303,2013,9.5721e-05
050800020303,2014,8.7252e-05
050800020303,2015,0.000119992
050800020303,2016,0.000120235
050800020303,2017,0.000118255
050800020303,2018,7.3602e-05
050800020303,2019,8.0794e-05
050800020303,2020,8.0885e-05
050800020304,2010,0.007433554
050800020304,2011,0.006832638
050800020304,2012,0.008500769
050800020304,2013,0.007934175
050800020304,2014,0.007819853
050800020304,2015,0.011506916
050800020304,2016,0.011953357
050800020304,2017,0.011729186
050800020304,2018,0.007370201
050800020304,2019,0.007958039
050800020304,2020,0.007268556
050800020305,2010,0.031736509
050800020305,2011,0.029490892
050800020305,2012,0.035965034
050800020305,2013,0.032728324
050800020305,2014,0.032678992
050800020305,2015,0.039721601
050800020305,2016,0.04242898
050800020305,2017,0.041930781
050800020305,2018,0.026703113
050800020305,2019,0.026912056
050800020305,2020,0.027178417
050800020306,2010,0.03209348
050800020306,2011,0.029266022
050800020306,2012,0.035224693
050800020306,2013,0.032220245
050800020306,2014,0.033727058
050800020306,2015,0.035774206
050800020306,2016,0.039245822
050800020306,2017,0.039333384
050800020306,2018,0.027981734
050800020306,2019,0.027665131
050800020306,2020,0.027591353
050800020401,2010,0.061333487
050800020401,2011,0.060231383
050800020401,2012,0.070384051
050800020401,2013,0.064456775
050800020401,2014,0.065781681
050800020401,2015,0.066613831
050800020401,2016,0.071688523
050800020401,2017,0.071982664
050800020401,2018,0.055960045
050800020401,2019,0.076673774
050800020401,2020,0.057019352
050800020402,2010,0.012608371
050800020402,2011,0.011988961
050800020402,2012,0.014792631
050800020402,2013,0.013285917
050800020402,2014,0.013146724
050800020402,2015,0.012463045
050800020402,2016,0.012869356
050800020402,2017,0.012764038
050800020402,2018,0.011428621
050800020402,2019,0.013287287
050800020402,2020,0.013110038
050800020403,2010,0.337468651
050800020403,2011,0.321193181
050800020403,2012,0.411662233
050800020403,2013,0.360463135
050800020403,2014,0.362440948
050800020403,2015,0.325735248
050800020403,2016,0.340667086
050800020403,2017,0.347886636
050800020403,2018,0.336615907
050800020403,2019,0.377302421
050800020403,2020,0.352436928
050800020404,2010,0.341576498
050800020404,2011,0.326626195
050800020404,2012,0.394198593
050800020404,2013,0.347064681
050800020404,2014,0.345251721
050800020404,2015,0.33248099
050800020404,2016,0.346668243
050800020404,2017,0.349492458
050800020404,2018,0.308016901
050800020404,2019,0.357705867
050800020404,2020,0.338721396
050800020501,2010,0.110234277
050800020501,2011,0.108715105
050800020501,2012,0.14449432
050800020501,2013,0.106454308
050800020501,2014,0.104047105
050800020501,2015,0.102694101
050800020501,2016,0.103583393
050800020501,2017,0.108306268
050800020501,2018,0.115271953
050800020501,2019,0.138271024
050800020501,2020,0.128892983
050800020502,2010,0.034942081
050800020502,2011,0.03404708
050800020502,2012,0.041728947
050800020502,2013,0.036624189
050800020502,2014,0.035635357
050800020502,2015,0.035686134
050800020502,2016,0.035984201
050800020502,2017,0.037068784
050800020502,2018,0.03073968
050800020502,2019,0.032909364
050800020502,2020,0.030912733
050800020503,2010,0.019622321
050800020503,2011,0.019697149
050800020503,2012,0.023770626
050800020503,2013,0.021092439
050800020503,2014,0.02099316
050800020503,2015,0.022224029
050800020503,2016,0.023125786
050800020503,2017,0.024116889
050800020503,2018,0.018948679
050800020503,2019,0.019742884
050800020503,2020,0.018830323
050800020504,2010,0.0
050800020504,2011,0.0
050800020504,2012,0.0
050800020504,2013,0.0
050800020504,2014,0.0
050800020504,2015,0.0
050800020504,2016,0.0
050800020504,2017,0.0
050800020504,2018,0.0
050800020504,2019,0.0
050800020504,2020,0.0
050800020505,2010,0.043666157
050800020505,2011,0.043283488
050800020505,2012,0.049248267
050800020505,2013,0.046596679
050800020505,2014,0.050775742
050800020505,2015,0.01094598
050800020505,2016,0.010672281
050800020505,2017,0.008936969
050800020505,2018,0.038662558
050800020505,2019,0.036383669
050800020505,2020,0.033268034
050800020601,2010,0.0
050800020601,2011,0.0
050800020601,2012,0.0
050800020601,2013,0.0
050800020601,2014,0.0
050800020601,2015,0.0
050800020601,2016,0.0
050800020601,2017,0.0
050800020601,2018,0.0
050800020601,2019,0.0
050800020601,2020,0.0
050800020602,2010,0.0
050800020602,2011,0.0
050800020602,2012,0.0
050800020602,2013,0.0
050800020602,2014,0.0
050800020602,2015,0.0
050800020602,2016,0.0
050800020602,2017,0.0
050800020602,2018,0.0
050800020602,2019,0.0
050800020602,2020,0.0
050800020603,2010,0.0
050800020603,2011,0.0
050800020603,2012,0.0
050800020603,2013,0.0
050800020603,2014,0.0
050800020603,2015,0.0
050800020603,2016,0.0
050800020603,2017,0.0
050800020603,2018,0.0
050800020603,2019,0.0
050800020603,2020,0.0
050800020604,2010,0.266515737
050800020604,2011,0.25534736
050800020604,2012,0.312269076
050800020604,2013,0.257229908
050800020604,2014,0.267565706
050800020604,2015,0.243649151
050800020604,2016,0.232110794
050800020604,2017,0.25107439
050800020604,2018,0.235917301
050800020604,2019,0.276947808
050800020604,2020,0.247156815
050800020605,2010,0.055781101
050800020605,2011,0.051254742
050800020605,2012,0.067147717
050800020605,2013,0.056236595
050800020605,2014,0.057275816
050800020605,2015,0.053132322
050800020605,2016,0.053150401
050800020605,2017,0.052893493
050800020605,2018,0.047449832
050800020605,2019,0.050665492
050800020605,2020,0.048778123
050800020701,2010,0.016505041
050800020701,2011,0.017284671
050800020701,2012,0.02040505
050800020701,2013,0.019317498
050800020701,2014,0.018576961
050800020701,2015,0.018806295
050800020701,2016,0.019037753
050800020701,2017,0.019508677
050800020701,2018,0.016359131
050800020701,2019,0.019359559
050800020701,2020,0.018706932
050800020702,2010,0.280901834
050800020702,2011,0.2724008
050800020702,2012,0.354388914
050800020702,2013,0.320606177
050800020702,2014,0.322149235
050800020702,2015,0.284822458
050800020702,2016,0.288834308
050800020702,2017,0.292399388
050800020702,2018,0.297391273
050800020702,2019,0.320965676
050800020702,2020,0.311296907
050800020703,2010,0.085237373
050800020703,2011,0.082624475
050800020703,2012,0.102498285
050800020703,2013,0.092561387
050800020703,2014,0.091348061
050800020703,2015,0.077509681
050800020703,2016,0.07875974
050800020703,2017,0.081427986
050800020703,2018,0.08471254
050800020703,2019,0.089510374
050800020703,2020,0.084582641
050800020704,2010,0.321215489
050800020704,2011,0.311420813
050800020704,2012,0.403443373
050800020704,2013,0.364951451
050800020704,2014,0.365941948
050800020704,2015,0.322347102
050800020704,2016,0.327004399
050800020704,2017,0.331719829
050800020704,2018,0.338615299
050800020704,2019,0.364354826
050800020704,2020,0.35238365
050800020705,2010,0.101822142
050800020705,2011,0.099016732
050800020705,2012,0.122094989
050800020705,2013,0.10990267
050800020705,2014,0.108967913
050800020705,2015,0.09422179
050800020705,2016,0.09536741
050800020705,2017,0.098705922
050800020705,2018,0.099200426
050800020705,2019,0.104762525
050800020705,2020,0.100627825
050800020706,2010,0.122500799
050800020706,2011,0.127171795
050800020706,2012,0.150958007
050800020706,2013,0.142094857
050800020706,2014,0.137036982
050800020706,2015,0.136566874
050800020706,2016,0.138269765
050800020706,2017,0.141824973
050800020706,2018,0.121393522
050800020706,2019,0.141725338
050800020706,2020,0.13676854
050800020802,2010,0.0
050800020802,2011,0.0
050800020802,2012,0.0
050800020802,2013,0.0
050800020802,2014,0.0
050800020802,2015,0.0
050800020802,2016,0.0
050800020802,2017,0.0
050800020802,2018,0.0
050800020802,2019,0.0
050800020802,2020,0.0
050800020803,2010,0.032553292
050800020803,2011,0.031816946
050800020803,2012,0.038896873
050800020803,2013,0.034926396
050800020803,2014,0.035015917
050800020803,2015,0.030367996
050800020803,2016,0.030580517
050800020803,2017,0.031530356
050800020803,2018,0.030250019
050800020803,2019,0.032834026
050800020803,2020,0.032029875
050800020901,2010,0.757751552
050800020901,2011,0.751418479
050800020901,2012,0.912777687
050800020901,2013,0.827522946
050800020901,2014,0.821024386
050800020901,2015,0.731480518
050800020901,2016,0.724501965
050800020901,2017,0.752119952
050800020901,2018,0.707774759
050800020901,2019,0.769537469
050800020901,2020,0.739265522
050800020902,2010,0.912638084
050800020902,2011,0.888320992
050800020902,2012,1.098528966
050800020902,2013,0.992109127
050800020902,2014,0.975825822
050800020902,2015,0.848807806
050800020902,2016,0.857543042
050800020902,2017,0.890628102
050800020902,2018,0.910099047
050800020902,2019,0.949275087
050800020902,2020,0.901541018
050800020903,2010,0.012423282
050800020903,2011,0.012160246
050800020903,2012,0.014828751
050800020903,2013,0.013305385
050800020903,2014,0.013383026
050800020903,2015,0.011616692
050800020903,2016,0.011680584
050800020903,2017,0.012029916
050800020903,2018,0.01138027
050800020903,2019,0.012456607
050800020903,2020,0.012207681
050800020904,2010,0.313690851
050800020904,2011,0.307051342
050800020904,2012,0.374431357
050800020904,2013,0.335967718
050800020904,2014,0.337925706
050800020904,2015,0.293329463
050800020904,2016,0.294940288
050800020904,2017,0.3037624
050800020904,2018,0.287357379
050800020904,2019,0.314534393
050800020904,2020,0.308245632
050800020905,2010,1.04580744
050800020905,2011,1.023664714
050800020905,2012,1.248302776
050800020905,2013,1.120063912
050800020905,2014,1.126599858
050800020905,2015,0.977907622
050800020905,2016,0.983286196
050800020905,2017,1.012693363
050800020905,2018,0.958005363
050800020905,2019,1.048612727
050800020905,2020,1.027657835
050800020906,2010,0.255153008
050800020906,2011,0.249960793
050800020906,2012,0.301017325
050800020906,2013,0.273643867
050800020906,2014,0.271752368
050800020906,2015,0.216978045
050800020906,2016,0.218434245
050800020906,2017,0.226336473
050800020906,2018,0.23595344
050800020906,2019,0.263148367
050800020906,2020,0.250643823
050800020907,2010,0.203797757
050800020907,2011,0.199254799
050800020907,2012,0.243028499
050800020907,2013,0.217854757
050800020907,2014,0.217784775
050800020907,2015,0.191126622
050800020907,2016,0.190981266
050800020907,2017,0.197382895
050800020907,2018,0.185974045
050800020907,2019,0.203785521
050800020907,2020,0.197867677
050800030701,2010,0.0
050800030701,2011,0.0
050800030701,2012,0.0
050800030701,2013,0.0
050800030701,2014,0.0
050800030701,2015,0.0
050800030701,2016,0.0
050800030701,2017,0.0
050800030701,2018,0.0
050800030701,2019,0.0
050800030701,2020,0.0
050800030702,2010,0.01154303
050800030702,2011,0.012688652
050800030702,2012,0.014302938
050800030702,2013,0.012688609
050800030702,2014,0.012528258
050800030702,2015,0.01478729
050800030702,2016,0.015269124
050800030702,2017,0.01557469
050800030702,2018,0.009937595
050800030702,2019,0.01075949
050800030702,2020,0.010823724
050800030703,2010,0.019996729
050800030703,2011,0.020080452
050800030703,2012,0.023868008
050800030703,2013,0.021133722
050800030703,2014,0.020793163
050800030703,2015,0.018753355
050800030703,2016,0.019598298
050800030703,2017,0.019083336
050800030703,2018,0.017412339
050800030703,2019,0.017804907
050800030703,2020,0.016363179
050800030704,2010,0.105931766
050800030704,2011,0.106707935
050800030704,2012,0.126718008
050800030704,2013,0.111724662
050800030704,2014,0.110184941
050800030704,2015,0.103158289
050800030704,2016,0.107701988
050800030704,2017,0.105579963
050800030704,2018,0.092285679
050800030704,2019,0.095000889
050800030704,2020,0.087873816
050800030707,2010,0.333278812
050800030707,2011,0.334674197
050800030707,2012,0.397800128
050800030707,2013,0.352228701
050800030707,2014,0.346552711
050800030707,2015,0.312555925
050800030707,2016,0.3266383
050800030707,2017,0.318055593
050800030707,2018,0.290205652
050800030707,2019,0.296748455
050800030707,2020,0.272719652
050800030708,2010,0.000313674
050800030708,2011,0.000314987
050800030708,2012,0.0003744
050800030708,2013,0.000331509
050800030708,2014,0.000326167
050800030708,2015,0.00029417
050800030708,2016,0.000307424
050800030708,2017,0.000299346
050800030708,2018,0.000273135
050800030708,2019,0.000279293
050800030708,2020,0.000256677
050800030807,2010,0.0
050800030807,2011,0.0
050800030807,2012,0.0
050800030807,2013,0.0
050800030807,2014,0.0
050800030807,2015,0.0
050800030807,2016,0.0
050800030807,2017,0.0
050800030807,2018,0.0
050800030807,2019,0.0
050800030807,2020,0.0
050800030808,2010,0.002204559
050800030808,2011,0.002204115
050800030808,2012,0.002744129
050800030808,2013,0.002465738
050800030808,2014,0.002483309
050800030808,2015,0.00225602
050800030808,2016,0.002245954
050800030808,2017,0.002358043
050800030808,2018,0.002168723
050800030808,2019,0.002477484
050800030808,2020,0.002356057
050800030809,2010,0.071976026
050800030809,2011,0.071927349
050800030809,2012,0.08950895
050800030809,2013,0.080425799
050800030809,2014,0.080996649
050800030809,2015,0.073512242
050800030809,2016,0.073199413
050800030809,2017,0.076821937
050800030809,2018,0.070695631
050800030809,2019,0.080689179
050800030809,2020,0.076781892
050800030810,2010,0.219821828
050800030810,2011,0.21866869
050800030810,2012,0.27092031
050800030810,2013,0.243354679
050800030810,2014,0.245015709
050800030810,2015,0.220285794
050800030810,2016,0.219795425
050800030810,2017,0.229770501
050800030810,2018,0.212668731
050800030810,2019,0.240631509
050800030810,2020,0.230376706
050901010101,2010,0.025229663
050901010101,2011,0.023391809
050901010101,2012,0.027584174
050901010101,2013,0.025134889
050901010101,2014,0.024926767
050901010101,2015,0.028207579
050901010101,2016,0.030108365
050901010101,2017,0.028527758
050901010101,2018,0.02489438
050901010101,2019,0.028104903
050901010101,2020,0.025615385
050901010103,2010,0.073111689
050901010103,2011,0.066213997
050901010103,2012,0.077658141
050901010103,2013,0.069630985
050901010103,2014,0.069756897
050901010103,2015,0.063288193
050901010103,2016,0.068233435
050901010103,2017,0.065216198
050901010103,2018,0.064672314
050901010103,2019,0.072506946
050901010103,2020,0.064693582
050901010201,2010,0.0
050901010201,2011,0.0
050901010201,2012,0.0
050901010201,2013,0.0
050901010201,2014,0.0
050901010201,2015,0.0
050901010201,2016,0.0
050901010201,2017,0.0
050901010201,2018,0.0
050901010201,2019,0.0
050901010201,2020,0.0
050901010202,2010,0.0
050901010202,2011,0.0
050901010202,2012,0.0
050901010202,2013,0.0
050901010202,2014,0.0
050901010202,2015,0.0
050901010202,2016,0.0
050901010202,2017,0.0
050901010202,2018,0.0
050901010202,2019,0.0
050901010202,2020,0.0
050901010203,2010,0.0
050901010203,2011,0.0
050901010203,2012,0.0
050901010203,2013,0.0
050901010203,2014,0.0
050901010203,2015,0.0
050901010203,2016,0.0
050901010203,2017,0.0
050901010203,2018,0.0
050901010203,2019,0.0
050901010203,2020,0.0
050901010204,2010,0.0
050901010204,2011,0.0
050901010204,2012,0.0
050901010204,2013,0.0
050901010204,2014,0.0
050901010204,2015,0.0
050901010204,2016,0.0
050901010204,2017,0.0
050901010204,2018,0.0
050901010204,2019,0.0
050901010204,2020,0.0
050901010205,2010,0.002479661
050901010205,2011,0.002290486
050901010205,2012,0.002798174
050901010205,2013,0.002508348
050901010205,2014,0.002361631
050901010205,2015,0.003863335
050901010205,2016,0.004185653
050901010205,2017,0.004157765
050901010205,2018,0.002115412
050901010205,2019,0.002228259
050901010205,2020,0.001966024
050901010301,2010,0.0
050901010301,2011,0.0
050901010301,2012,0.0
050901010301,2013,0.0
050901010301,2014,0.0
050901010301,2015,0.0
050901010301,2016,0.0
050901010301,2017,0.0
050901010301,2018,0.0
050901010301,2019,0.0
050901010301,2020,0.0
050901010302,2010,0.017144254
050901010302,2011,0.015967241
050901010302,2012,0.021022819
050901010302,2013,0.018389464
050901010302,2014,0.018436165
050901010302,2015,0.020919959
050901010302,2016,0.022318886
050901010302,2017,0.021740987
050901010302,2018,0.014217753
050901010302,2019,0.016282741
050901010302,2020,0.013795268
050901010303,2010,0.0
050901010303,2011,0.0
050901010303,2012,0.0
050901010303,2013,0.0
050901010303,2014,0.0
050901010303,2015,0.0
050901010303,2016,0.0
050901010303,2017,0.0
050901010303,2018,0.0
050901010303,2019,0.0
050901010303,2020,0.0
050901010304,2010,0.0
050901010304,2011,0.0
050901010304,2012,0.0
050901010304,2013,0.0
050901010304,2014,0.0
050901010304,2015,0.0
050901010304,2016,0.0
050901010304,2017,0.0
050901010304,2018,0.0
050901010304,2019,0.0
050901010304,2020,0.0
050901010401,2010,0.10181836
050901010401,2011,0.085401637
050901010401,2012,0.092020044
050901010401,2013,0.084017434
050901010401,2014,0.081847474
050901010401,2015,0.068515604
050901010401,2016,0.067736765
050901010401,2017,0.06639315
050901010401,2018,0.07889382
050901010401,2019,0.080049292
050901010401,2020,0.075597335
050901010402,2010,0.0
050901010402,2011,0.0
050901010402,2012,0.0
050901010402,2013,0.0
050901010402,2014,0.0
050901010402,2015,0.0
050901010402,2016,0.0
050901010402,2017,0.0
050901010402,2018,0.0
050901010402,2019,0.0
050901010402,2020,0.0
050901010403,2010,9.1344e-05
050901010403,2011,7.6616e-05
050901010403,2012,8.2554e-05
050901010403,2013,7.5374e-05
050901010403,2014,7.3428e-05
050901010403,2015,6.1467e-05
050901010403,2016,6.0769e-05
050901010403,2017,5.9563e-05
050901010403,2018,7.0778e-05
050901010403,2019,7.1815e-05
050901010403,2020,6.7821e-05
050901010404,2010,0.0
050901010404,2011,0.0
050901010404,2012,0.0
050901010404,2013,0.0
050901010404,2014,0.0
050901010404,2015,0.0
050901010404,2016,0.0
050901010404,2017,0.0
050901010404,2018,0.0
050901010404,2019,0.0
050901010404,2020,0.0
050901010501,2010,0.0
050901010501,2011,0.0
050901010501,2012,0.0
050901010501,2013,0.0
050901010501,2014,0.0
050901010501,2015,0.0
050901010501,2016,0.0
050901010501,2017,0.0
050901010501,2018,0.0
050901010501,2019,0.0
050901010501,2020,0.0
050901010502,2010,0.0
050901010502,2011,0.0
050901010502,2012,0.0
050901010502,2013,0.0
050901010502,2014,0.0
050901010502,2015,0.0
050901010502,2016,0.0
050901010502,2017,0.0
050901010502,2018,0.0
050901010502,2019,0.0
050901010502,2020,0.0
050901010503,2010,0.0
050901010503,2011,0.0
050901010503,2012,0.0
050901010503,2013,0.0
050901010503,2014,0.0
050901010503,2015,0.0
050901010503,2016,0.0
050901010503,2017,0.0
050901010503,2018,0.0
050901010503,2019,0.0
050901010503,2020,0.0
050901010504,2010,0.0
050901010504,2011,0.0
050901010504,2012,0.0
050901010504,2013,0.0
050901010504,2014,0.0
050901010504,2015,0.0
050901010504,2016,0.0
050901010504,2017,0.0
050901010504,2018,0.0
050901010504,2019,0.0
050901010504,2020,0.0
050901010601,2010,0.006237614
050901010601,2011,0.00440906
050901010601,2012,0.005702539
050901010601,2013,0.005979935
050901010601,2014,0.006102096
050901010601,2015,0.004100909
050901010601,2016,0.00463017
050901010601,2017,0.00400117
050901010601,2018,0.015672064
050901010601,2019,0.017759101
050901010601,2020,0.01476004
050901010602,2010,0.0
050901010602,2011,0.0
050901010602,2012,0.0
050901010602,2013,0.0
050901010602,2014,0.0
050901010602,2015,0.0
050901010602,2016,0.0
050901010602,2017,0.0
050901010602,2018,0.0
050901010602,2019,0.0
050901010602,2020,0.0
050901010603,2010,0.004936517
050901010603,2011,0.003489379
050901010603,2012,0.004513053
050901010603,2013,0.004732587
050901010603,2014,0.004829266
050901010603,2015,0.003245505
050901010603,2016,0.003664368
050901010603,2017,0.00316657
050901010603,2018,0.012403045
050901010603,2019,0.014054749
050901010603,2020,0.011681258
050901010604,2010,0.0
050901010604,2011,0.0
050901010604,2012,0.0
050901010604,2013,0.0
050901010604,2014,0.0
050901010604,2015,0.0
050901010604,2016,0.0
050901010604,2017,0.0
050901010604,2018,0.0
050901010604,2019,0.0
050901010604,2020,0.0
050901010605,2010,0.0
050901010605,2011,0.0
050901010605,2012,0.0
050901010605,2013,0.0
050901010605,2014,0.0
050901010605,2015,0.0
050901010605,2016,0.0
050901010605,2017,0.0
050901010605,2018,0.0
050901010605,2019,0.0
050901010605,2020,0.0
050901010703,2010,0.0
050901010703,2011,0.0
050901010703,2012,0.0
050901010703,2013,0.0
050901010703,2014,0.0
050901010703,2015,0.0
050901010703,2016,0.0
050901010703,2017,0.0
050901010703,2018,0.0
050901010703,2019,0.0
050901010703,2020,0.0
050901010704,2010,0.0
050901010704,2011,0.0
050901010704,2012,0.0
050901010704,2013,0.0
050901010704,2014,0.0
050901010704,2015,0.0
050901010704,2016,0.0
050901010704,2017,0.0
050901010704,2018,0.0
050901010704,2019,0.0
050901010704,2020,0.0
050901010706,2010,0.0
050901010706,2011,0.0
050901010706,2012,0.0
050901010706,2013,0.0
050901010706,2014,0.0
050901010706,2015,0.0
050901010706,2016,0.0
050901010706,2017,0.0
050901010706,2018,0.0
050901010706,2019,0.0
050901010706,2020,0.0
050901010707,2010,0.0
050901010707,2011,0.0
050901010707,2012,0.0
050901010707,2013,0.0
050901010707,2014,0.0
050901010707,2015,0.0
050901010707,2016,0.0
050901010707,2017,0.0
050901010707,2018,0.0
050901010707,2019,0.0
050901010707,2020,0.0
050901010708,2010,0.004650123
050901010708,2011,0.004836244
050901010708,2012,0.005696776
050901010708,2013,0.005225077
050901010708,2014,0.005511098
050901010708,2015,0.006203425
050901010708,2016,0.006586243
050901010708,2017,0.006356745
050901010708,2018,0.004331434
050901010708,2019,0.004541349
050901010708,2020,0.004057185
050901010709,2010,0.382111276
050901010709,2011,0.380769662
050901010709,2012,0.433673684
050901010709,2013,0.379672344
050901010709,2014,0.406809899
050901010709,2015,0.388384032
050901010709,2016,0.394438126
050901010709,2017,0.387929486
050901010709,2018,0.346275127
050901010709,2019,0.388156656
050901010709,2020,0.357829527
050901010801,2010,0.0
050901010801,2011,0.0
050901010801,2012,0.0
050901010801,2013,0.0
050901010801,2014,0.0
050901010801,2015,0.0
050901010801,2016,0.0
050901010801,2017,0.0
050901010801,2018,0.0
050901010801,2019,0.0
050901010801,2020,0.0
050901010802,2010,0.015997651
050901010802,2011,0.015780018
050901010802,2012,0.018599591
050901010802,2013,0.0165686
050901010802,2014,0.016984832
050901010802,2015,0.016150758
050901010802,2016,0.016625503
050901010802,2017,0.015890285
050901010802,2018,0.014100142
050901010802,2019,0.015498074
050901010802,2020,0.014238312
050901010803,2010,0.00716589
050901010803,2011,0.007068405
050901010803,2012,0.008331387
050901010803,2013,0.007421637
050901010803,2014,0.007608082
050901010803,2015,0.007234472
050901010803,2016,0.007447126
050901010803,2017,0.007117797
050901010803,2018,0.006315932
050901010803,2019,0.006942113
050901010803,2020,0.006377822
050901010901,2010,0.0
050901010901,2011,0.0
050901010901,2012,0.0
050901010901,2013,0.0
050901010901,2014,0.0
050901010901,2015,0.0
050901010901,2016,0.0
050901010901,2017,0.0
050901010901,2018,0.0
050901010901,2019,0.0
050901010901,2020,0.0
050901010902,2010,0.0
050901010902,2011,0.0
050901010902,2012,0.0
050901010902,2013,0.0
050901010902,2014,0.0
050901010902,2015,0.0
050901010902,2016,0.0
050901010902,2017,0.0
050901010902,2018,0.0
050901010902,2019,0.0
050901010902,2020,0.0
050901010903,2010,0.0
050901010903,2011,0.0
050901010903,2012,0.0
050901010903,2013,0.0
050901010903,2014,0.0
050901010903,2015,0.0
050901010903,2016,0.0
050901010903,2017,0.0
050901010903,2018,0.0
050901010903,2019,0.0
050901010903,2020,0.0
050901011001,2010,0.0
050901011001,2011,0.0
050901011001,2012,0.0
050901011001,2013,0.0
050901011001,2014,0.0
050901011001,2015,0.0
050901011001,2016,0.0
050901011001,2017,0.0
050901011001,2018,0.0
050901011001,2019,0.0
050901011001,2020,0.0
050901011002,2010,0.0
050901011002,2011,0.0
050901011002,2012,0.0
050901011002,2013,0.0
050901011002,2014,0.0
050901011002,2015,0.0
050901011002,2016,0.0
050901011002,2017,0.0
050901011002,2018,0.0
050901011002,2019,0.0
050901011002,2020,0.0
050901011003,2010,0.0
050901011003,2011,0.0
050901011003,2012,0.0
050901011003,2013,0.0
050901011003,2014,0.0
050901011003,2015,0.0
050901011003,2016,0.0
050901011003,2017,0.0
050901011003,2018,0.0
050901011003,2019,0.0
050901011003,2020,0.0
050901011004,2010,0.0
050901011004,2011,0.0
050901011004,2012,0.0
050901011004,2013,0.0
050901011004,2014,0.0
050901011004,2015,0.0
050901011004,2016,0.0
050901011004,2017,0.0
050901011004,2018,0.0
050901011004,2019,0.0
050901011004,2020,0.0
050901011005,2010,0.009423731
050901011005,2011,0.009383584
050901011005,2012,0.01068076
050901011005,2013,0.009342496
050901011005,2014,0.010013313
050901011005,2015,0.009526926
050901011005,2016,0.009665454
050901011005,2017,0.009510177
050901011005,2018,0.008535836
050901011005,2019,0.009579182
050901011005,2020,0.00883526
050901011007,2010,0.498832699
050901011007,2011,0.499142728
050901011007,2012,0.573945133
050901011007,2013,0.510053303
050901011007,2014,0.541871042
050901011007,2015,0.510327802
050901011007,2016,0.524068998
050901011007,2017,0.507037184
050901011007,2018,0.447413684
050901011007,2019,0.492464014
050901011007,2020,0.452489198
050901030101,2010,0.414921249
050901030101,2011,0.383255196
050901030101,2012,0.441234201
050901030101,2013,0.405666262
050901030101,2014,0.411475938
050901030101,2015,0.393333858
050901030101,2016,0.415003771
050901030101,2017,0.406577333
050901030101,2018,0.389503545
050901030101,2019,0.388604849
050901030101,2020,0.347796537
050901030103,2010,0.02193111
050901030103,2011,0.02171766
050901030103,2012,0.022083953
050901030103,2013,0.019242447
050901030103,2014,0.019362356
050901030103,2015,0.022374843
050901030103,2016,0.023298601
050901030103,2017,0.02313133
050901030103,2018,0.01815333
050901030103,2019,0.021452608
050901030103,2020,0.016381052
050901030104,2010,0.023784374
050901030104,2011,0.023376076
050901030104,2012,0.027055839
050901030104,2013,0.025697685
050901030104,2014,0.024902
050901030104,2015,0.025368867
050901030104,2016,0.026858747
050901030104,2017,0.026254694
050901030104,2018,0.021211933
050901030104,2019,0.022754037
050901030104,2020,0.020455925
050901030105,2010,0.663787
050901030105,2011,0.574225773
050901030105,2012,0.661610693
050901030105,2013,0.618054538
050901030105,2014,0.618284821
050901030105,2015,0.601980496
050901030105,2016,0.635173834
050901030105,2017,0.627777379
050901030105,2018,0.582804143
050901030105,2019,0.594425614
050901030105,2020,0.540518216
050901030106,2010,0.0
050901030106,2011,0.0
050901030106,2012,0.0
050901030106,2013,0.0
050901030106,2014,0.0
050901030106,2015,0.0
050901030106,2016,0.0
050901030106,2017,0.0
050901030106,2018,0.0
050901030106,2019,0.0
050901030106,2020,0.0
050901030107,2010,0.0
050901030107,2011,0.0
050901030107,2012,0.0
050901030107,2013,0.0
050901030107,2014,0.0
050901030107,2015,0.0
050901030107,2016,0.0
050901030107,2017,0.0
050901030107,2018,0.0
050901030107,2019,0.0
050901030107,2020,0.0
050901030201,2010,0.0
050901030201,2011,0.0
050901030201,2012,0.0
050901030201,2013,0.0
050901030201,2014,0.0
050901030201,2015,0.0
050901030201,2016,0.0
050901030201,2017,0.0
050901030201,2018,0.0
050901030201,2019,0.0
050901030201,2020,0.0
050901030202,2010,0.0
050901030202,2011,0.0
050901030202,2012,0.0
050901030202,2013,0.0
050901030202,2014,0.0
050901030202,2015,0.0
050901030202,2016,0.0
050901030202,2017,0.0
050901030202,2018,0.0
050901030202,2019,0.0
050901030202,2020,0.0
050901030203,2010,0.0
050901030203,2011,0.0
050901030203,2012,0.0
050901030203,2013,0.0
050901030203,2014,0.0
050901030203,2015,0.0
050901030203,2016,0.0
050901030203,2017,0.0
050901030203,2018,0.0
050901030203,2019,0.0
050901030203,2020,0.0
050901030204,2010,0.0
050901030204,2011,0.0
050901030204,2012,0.0
050901030204,2013,0.0
050901030204,2014,0.0
050901030204,2015,0.0
050901030204,2016,0.0
050901030204,2017,0.0
050901030204,2018,0.0
050901030204,2019,0.0
050901030204,2020,0.0
050901030205,2010,0.083858969
050901030205,2011,0.080438936
050901030205,2012,0.092865846
050901030205,2013,0.0820273
050901030205,2014,0.083760757
050901030205,2015,0.071421255
050901030205,2016,0.075981945
050901030205,2017,0.075758621
050901030205,2018,0.071369379
050901030205,2019,0.078519955
050901030205,2020,0.072247297
050901030501,2010,0.0
050901030501,2011,0.0
050901030501,2012,0.0
050901030501,2013,0.0
050901030501,2014,0.0
050901030501,2015,0.0
050901030501,2016,0.0
050901030501,2017,0.0
050901030501,2018,0.0
050901030501,2019,0.0
050901030501,2020,0.0
050901030502,2010,0.0
050901030502,2011,0.0
050901030502,2012,0.0
050901030502,2013,0.0
050901030502,2014,0.0
050901030502,2015,0.0
050901030502,2016,0.0
050901030502,2017,0.0
050901030502,2018,0.0
050901030502,2019,0.0
050901030502,2020,0.0
050901030503,2010,0.0
050901030503,2011,0.0
050901030503,2012,0.0
050901030503,2013,0.0
050901030503,2014,0.0
050901030503,2015,0.0
050901030503,2016,0.0
050901030503,2017,0.0
050901030503,2018,0.0
050901030503,2019,0.0
050901030503,2020,0.0
050901030504,2010,0.0
050901030504,2011,0.0
050901030504,2012,0.0
050901030504,2013,0.0
050901030504,2014,0.0
050901030504,2015,0.0
050901030504,2016,0.0
050901030504,2017,0.0
050901030504,2018,0.0
050901030504,2019,0.0
050901030504,2020,0.0
050901030601,2010,0.0
050901030601,2011,0.0
050901030601,2012,0.0
050901030601,2013,0.0
050901030601,2014,0.0
050901030601,2015,0.0
050901030601,2016,0.0
050901030601,2017,0.0
050901030601,2018,0.0
050901030601,2019,0.0
050901030601,2020,0.0
050901030602,2010,0.0
050901030602,2011,0.0
050901030602,2012,0.0
050901030602,2013,0.0
050901030602,2014,0.0
050901030602,2015,0.0
050901030602,2016,0.0
050901030602,2017,0.0
050901030602,2018,0.0
050901030602,2019,0.0
050901030602,2020,0.0
050901030603,2010,0.0
050901030603,2011,0.0
050901030603,2012,0.0
050901030603,2013,0.0
050901030603,2014,0.0
050901030603,2015,0.0
050901030603,2016,0.0
050901030603,2017,0.0
050901030603,2018,0.0
050901030603,2019,0.0
050901030603,2020,0.0
050901030604,2010,0.0
050901030604,2011,0.0
050901030604,2012,0.0
050901030604,2013,0.0
050901030604,2014,0.0
050901030604,2015,0.0
050901030604,2016,0.0
050901030604,2017,0.0
050901030604,2018,0.0
050901030604,2019,0.0
050901030604,2020,0.0
050901030605,2010,0.093796257
050901030605,2011,0.08997095
050901030605,2012,0.103870449
050901030605,2013,0.091747535
050901030605,2014,0.093686407
050901030605,2015,0.079884674
050901030605,2016,0.084985805
050901030605,2017,0.084736017
050901030605,2018,0.07982665
050901030605,2019,0.087824569
050901030605,2020,0.080808602
050901030606,2010,0.351219955
050901030606,2011,0.331635842
050901030606,2012,0.383177498
050901030606,2013,0.339828012
050901030606,2014,0.346424231
050901030606,2015,0.295512527
050901030606,2016,0.31406753
050901030606,2017,0.313272645
050901030606,2018,0.296000662
050901030606,2019,0.322958708
050901030606,2020,0.29741723
050902010201,2010,0.0
050902010201,2011,0.0
050902010201,2012,0.0
050902010201,2013,0.0
050902010201,2014,0.0
050902010201,2015,0.0
050902010201,2016,0.0
050902010201,2017,0.0
050902010201,2018,0.0
050902010201,2019,0.0
050902010201,2020,0.0
050902010202,2010,0.0
050902010202,2011,0.0
050902010202,2012,0.0
050902010202,2013,0.0
050902010202,2014,0.0
050902010202,2015,0.0
050902010202,2016,0.0
050902010202,2017,0.0
050902010202,2018,0.0
050902010202,2019,0.0
050902010202,2020,0.0
050902010203,2010,0.0
050902010203,2011,0.0
050902010203,2012,0.0
050902010203,2013,0.0
050902010203,2014,0.0
050902010203,2015,0.0
050902010203,2016,0.0
050902010203,2017,0.0
050902010203,2018,0.0
050902010203,2019,0.0
050902010203,2020,0.0
050902010204,2010,0.0
050902010204,2011,0.0
050902010204,2012,0.0
050902010204,2013,0.0
050902010204,2014,0.0
050902010204,2015,0.0
050902010204,2016,0.0
050902010204,2017,0.0
050902010204,2018,0.0
050902010204,2019,0.0
050902010204,2020,0.0
050902010205,2010,0.0
050902010205,2011,0.0
050902010205,2012,0.0
050902010205,2013,0.0
050902010205,2014,0.0
050902010205,2015,0.0
050902010205,2016,0.0
050902010205,2017,0.0
050902010205,2018,0.0
050902010205,2019,0.0
050902010205,2020,0.0
050902010206,2010,0.0
050902010206,2011,0.0
050902010206,2012,0.0
050902010206,2013,0.0
050902010206,2014,0.0
050902010206,2015,0.0
050902010206,2016,0.0
050902010206,2017,0.0
050902010206,2018,0.0
050902010206,2019,0.0
050902010206,2020,0.0
050902010207,2010,0.045227959
050902010207,2011,0.021989173
050902010207,2012,0.024273889
050902010207,2013,0.0233448
050902010207,2014,0.024109701
050902010207,2015,0.022305544
050902010207,2016,0.023129772
050902010207,2017,0.023034847
050902010207,2018,0.043775179
050902010207,2019,0.021260268
050902010207,2020,0.020155157
050902010209,2010,0.0
050902010209,2011,0.0
050902010209,2012,0.0
050902010209,2013,0.0
050902010209,2014,0.0
050902010209,2015,0.0
050902010209,2016,0.0
050902010209,2017,0.0
050902010209,2018,0.0
050902010209,2019,0.0
050902010209,2020,0.0
050902010210,2010,0.003560091
050902010210,2011,0.001194005
050902010210,2012,0.001281104
050902010210,2013,0.00125325
050902010210,2014,0.001306744
050902010210,2015,0.001203502
050902010210,2016,0.001266438
050902010210,2017,0.00126852
050902010210,2018,0.003500229
050902010210,2019,0.001095048
050902010210,2020,0.001075084
050902010301,2010,0.0
050902010301,2011,0.0
050902010301,2012,0.0
050902010301,2013,0.0
050902010301,2014,0.0
050902010301,2015,0.0
050902010301,2016,0.0
050902010301,2017,0.0
050902010301,2018,0.0
050902010301,2019,0.0
050902010301,2020,0.0
050902010302,2010,0.0
050902010302,2011,0.0
050902010302,2012,0.0
050902010302,2013,0.0
050902010302,2014,0.0
050902010302,2015,0.0
050902010302,2016,0.0
050902010302,2017,0.0
050902010302,2018,0.0
050902010302,2019,0.0
050902010302,2020,0.0
050902010303,2010,0.0
050902010303,2011,0.0
050902010303,2012,0.0
050902010303,2013,0.0
050902010303,2014,0.0
050902010303,2015,0.0
050902010303,2016,0.0
050902010303,2017,0.0
050902010303,2018,0.0
050902010303,2019,0.0
050902010303,2020,0.0
050902010304,2010,0.0
050902010304,2011,0.0
050902010304,2012,0.0
050902010304,2013,0.0
050902010304,2014,0.0
050902010304,2015,0.0
050902010304,2016,0.0
050902010304,2017,0.0
050902010304,2018,0.0
050902010304,2019,0.0
050902010304,2020,0.0
050902010305,2010,0.0
050902010305,2011,0.0
050902010305,2012,0.0
050902010305,2013,0.0
050902010305,2014,0.0
050902010305,2015,0.0
050902010305,2016,0.0
050902010305,2017,0.0
050902010305,2018,0.0
050902010305,2019,0.0
050902010305,2020,0.0
050902010401,2010,0.0
050902010401,2011,0.0
050902010401,2012,0.0
050902010401,2013,0.0
050902010401,2014,0.0
050902010401,2015,0.0
050902010401,2016,0.0
050902010401,2017,0.0
050902010401,2018,0.0
050902010401,2019,0.0
050902010401,2020,0.0
050902010402,2010,0.014709359
050902010402,2011,0.013693317
050902010402,2012,0.016250414
050902010402,2013,0.014681212
050902010402,2014,0.015511336
050902010402,2015,0.01042108
050902010402,2016,0.010778828
050902010402,2017,0.011082353
050902010402,2018,0.013364827
050902010402,2019,0.015223688
050902010402,2020,0.014289995
050902010403,2010,0.001901048
050902010403,2011,0.001769734
050902010403,2012,0.002100215
050902010403,2013,0.00189741
050902010403,2014,0.002004696
050902010403,2015,0.001346828
050902010403,2016,0.001393063
050902010403,2017,0.001432291
050902010403,2018,0.00172728
050902010403,2019,0.00196752
050902010403,2020,0.001846849
050902010404,2010,0.011263709
050902010404,2011,0.010485674
050902010404,2012,0.012443774
050902010404,2013,0.011242156
050902010404,2014,0.011877825
050902010404,2015,0.007979954
050902010404,2016,0.0082539
050902010404,2017,0.008486325
050902010404,2018,0.010234133
050902010404,2019,0.011657557
050902010404,2020,0.010942581
050902010501,2010,0.021814526
050902010501,2011,0.020307698
050902010501,2012,0.024099967
050902010501,2013,0.021772783
050902010501,2014,0.023003888
050902010501,2015,0.015454849
050902010501,2016,0.015985402
050902010501,2017,0.016435541
050902010501,2018,0.019820536
050902010501,2019,0.022577295
050902010501,2020,0.021192594
050902010502,2010,0.015279673
050902010502,2011,0.014224238
050902010502,2012,0.016880478
050902010502,2013,0.015250435
050902010502,2014,0.016112745
050902010502,2015,0.010825128
050902010502,2016,0.011196747
050902010502,2017,0.01151204
050902010502,2018,0.013883011
050902010502,2019,0.015813944
050902010502,2020,0.01484405
050902010503,2010,0.0
050902010503,2011,0.0
050902010503,2012,0.0
050902010503,2013,0.0
050902010503,2014,0.0
050902010503,2015,0.0
050902010503,2016,0.0
050902010503,2017,0.0
050902010503,2018,0.0
050902010503,2019,0.0
050902010503,2020,0.0
050902010504,2010,0.0
050902010504,2011,0.0
050902010504,2012,0.0
050902010504,2013,0.0
050902010504,2014,0.0
050902010504,2015,0.0
050902010504,2016,0.0
050902010504,2017,0.0
050902010504,2018,0.0
050902010504,2019,0.0
050902010504,2020,0.0
050902010505,2010,0.018155008
050902010505,2011,0.01690096
050902010505,2012,0.020057053
050902010505,2013,0.018120268
050902010505,2014,0.019144848
050902010505,2015,0.012862205
050902010505,2016,0.013303755
050902010505,2017,0.013678381
050902010505,2018,0.016495522
050902010505,2019,0.018789818
050902010505,2020,0.01763741
050902010506,2010,0.0
050902010506,2011,0.0
050902010506,2012,0.0
050902010506,2013,0.0
050902010506,2014,0.0
050902010506,2015,0.0
050902010506,2016,0.0
050902010506,2017,0.0
050902010506,2018,0.0
050902010506,2019,0.0
050902010506,2020,0.0
050902010601,2010,0.038232255
050902010601,2011,0.032141454
050902010601,2012,0.036574109
050902010601,2013,0.033379178
050902010601,2014,0.034132126
050902010601,2015,0.044294672
050902010601,2016,0.044480041
050902010601,2017,0.04606678
050902010601,2018,0.02856534
050902010601,2019,0.031279813
050902010601,2020,0.028260015
050902010604,2010,0.002383904
050902010604,2011,0.002236759
050902010604,2012,0.002631552
050902010604,2013,0.002283705
050902010604,2014,0.002327781
050902010604,2015,0.002512701
050902010604,2016,0.002594863
050902010604,2017,0.002636367
050902010604,2018,0.002291699
050902010604,2019,0.002401939
050902010604,2020,0.002116651
050902010605,2010,0.19248218
050902010605,2011,0.17576264
050902010605,2012,0.205067315
050902010605,2013,0.186059862
050902010605,2014,0.194118561
050902010605,2015,0.18371409
050902010605,2016,0.191321401
050902010605,2017,0.196278394
050902010605,2018,0.178758445
050902010605,2019,0.185264612
050902010605,2020,0.17409154
050902010701,2010,0.0
050902010701,2011,0.0
050902010701,2012,0.0
050902010701,2013,0.0
050902010701,2014,0.0
050902010701,2015,0.0
050902010701,2016,0.0
050902010701,2017,0.0
050902010701,2018,0.0
050902010701,2019,0.0
050902010701,2020,0.0
050902010702,2010,0.006915062
050902010702,2011,0.006437408
050902010702,2012,0.007639532
050902010702,2013,0.00690183
050902010702,2014,0.007292082
050902010702,2015,0.004899086
050902010702,2016,0.005067268
050902010702,2017,0.005209959
050902010702,2018,0.00628298
050902010702,2019,0.007156855
050902010702,2020,0.006717914
050902010703,2010,0.0
050902010703,2011,0.0
050902010703,2012,0.0
050902010703,2013,0.0
050902010703,2014,0.0
050902010703,2015,0.0
050902010703,2016,0.0
050902010703,2017,0.0
050902010703,2018,0.0
050902010703,2019,0.0
050902010703,2020,0.0
050902010704,2010,0.0
050902010704,2011,0.0
050902010704,2012,0.0
050902010704,2013,0.0
050902010704,2014,0.0
050902010704,2015,0.0
050902010704,2016,0.0
050902010704,2017,0.0
050902010704,2018,0.0
050902010704,2019,0.0
050902010704,2020,0.0
050902010705,2010,0.001100986
050902010705,2011,0.00095266
050902010705,2012,0.001057728
050902010705,2013,0.000913023
050902010705,2014,0.000932665
050902010705,2015,0.000880464
050902010705,2016,0.000908637
050902010705,2017,0.000938491
050902010705,2018,0.000810097
050902010705,2019,0.000835464
050902010705,2020,0.000770601
050902010801,2010,0.010063017
050902010801,2011,0.008707312
050902010801,2012,0.009667631
050902010801,2013,0.008345033
050902010801,2014,0.008524561
050902010801,2015,0.008047437
050902010801,2016,0.008304943
050902010801,2017,0.008577811
050902010801,2018,0.007404284
050902010801,2019,0.007636143
050902010801,2020,0.007043294
050902010802,2010,0.001595957
050902010802,2011,0.001468272
050902010802,2012,0.001748382
050902010802,2013,0.001530785
050902010802,2014,0.001566976
050902010802,2015,0.001040388
050902010802,2016,0.001084462
050902010802,2017,0.001152137
050902010802,2018,0.001433563
050902010802,2019,0.00164381
050902010802,2020,0.002010947
050902010803,2010,0.001040842
050902010803,2011,0.000957569
050902010803,2012,0.001140249
050902010803,2013,0.000998338
050902010803,2014,0.001021941
050902010803,2015,0.000678514
050902010803,2016,0.000707258
050902010803,2017,0.000751394
050902010803,2018,0.000934932
050902010803,2019,0.00107205
050902010803,2020,0.001311487
050902010804,2010,0.022900519
050902010804,2011,0.019815327
050902010804,2012,0.022000735
050902010804,2013,0.018990884
050902010804,2014,0.019399439
050902010804,2015,0.018313643
050902010804,2016,0.018899652
050902010804,2017,0.019520621
050902010804,2018,0.016850013
050902010804,2019,0.017377655
050902010804,2020,0.016028502
050902010901,2010,0.0
050902010901,2011,0.0
050902010901,2012,0.0
050902010901,2013,0.0
050902010901,2014,0.0
050902010901,2015,0.0
050902010901,2016,0.0
050902010901,2017,0.0
050902010901,2018,0.0
050902010901,2019,0.0
050902010901,2020,0.0
050902010902,2010,0.016306517
050902010902,2011,0.015001913
050902010902,2012,0.017863903
050902010902,2013,0.015640634
050902010902,2014,0.016010404
050902010902,2015,0.010630049
050902010902,2016,0.011080372
050902010902,2017,0.011771837
050902010902,2018,0.014647276
050902010902,2019,0.016795454
050902010902,2020,0.020546636
050902010903,2010,0.0
050902010903,2011,0.0
050902010903,2012,0.0
050902010903,2013,0.0
050902010903,2014,0.0
050902010903,2015,0.0
050902010903,2016,0.0
050902010903,2017,0.0
050902010903,2018,0.0
050902010903,2019,0.0
050902010903,2020,0.0
050902010904,2010,0.000173746
050902010904,2011,0.00016881
050902010904,2012,0.00020033
050902010904,2013,0.000189241
050902010904,2014,0.000191716
050902010904,2015,0.00019909
050902010904,2016,0.000226107
050902010904,2017,0.000209391
050902010904,2018,0.000164212
050902010904,2019,0.000180353
050902010904,2020,0.000177345
050902011001,2010,0.032121232
050902011001,2011,0.031208715
050902011001,2012,0.037036073
050902011001,2013,0.034985937
050902011001,2014,0.035443586
050902011001,2015,0.03680676
050902011001,2016,0.041801622
050902011001,2017,0.038711158
050902011001,2018,0.030358602
050902011001,2019,0.033342717
050902011001,2020,0.032786687
050902011002,2010,0.021871737
050902011002,2011,0.020156625
050902011002,2012,0.023999354
050902011002,2013,0.021066134
050902011002,2014,0.021556426
050902011002,2015,0.014590537
050902011002,2016,0.015280651
050902011002,2017,0.016114778
050902011002,2018,0.019677778
050902011002,2019,0.022532957
050902011002,2020,0.02739784
050902011003,2010,0.048954247
050902011003,2011,0.045037658
050902011003,2012,0.053629718
050902011003,2013,0.046955181
050902011003,2014,0.048065275
050902011003,2015,0.031912763
050902011003,2016,0.033264693
050902011003,2017,0.035340558
050902011003,2018,0.043972992
050902011003,2019,0.050422096
050902011003,2020,0.061683625
050902011102,2010,0.020200466
050902011102,2011,0.019663709
050902011102,2012,0.024092429
050902011102,2013,0.02166114
050902011102,2014,0.022032748
050902011102,2015,0.018693335
050902011102,2016,0.019642053
050902011102,2017,0.020044289
050902011102,2018,0.027540781
050902011102,2019,0.019338485
050902011102,2020,0.017759559
050902011103,2010,0.002535745
050902011103,2011,0.003481464
050902011103,2012,0.003984627
050902011103,2013,0.002858131
050902011103,2014,0.003213176
050902011103,2015,0.00259965
050902011103,2016,0.002689483
050902011103,2017,0.002782127
050902011103,2018,0.002363924
050902011103,2019,0.00235217
050902011103,2020,0.001809082
050902011104,2010,0.0
050902011104,2011,0.0
050902011104,2012,0.0
050902011104,2013,0.0
050902011104,2014,0.0
050902011104,2015,0.0
050902011104,2016,0.0
050902011104,2017,0.0
050902011104,2018,0.0
050902011104,2019,0.0
050902011104,2020,0.0
050902011106,2010,0.008816138
050902011106,2011,0.012104161
050902011106,2012,0.01385353
050902011106,2013,0.009936991
050902011106,2014,0.01117139
050902011106,2015,0.009038319
050902011106,2016,0.009350645
050902011106,2017,0.009672743
050902011106,2018,0.008218758
050902011106,2019,0.008177893
050902011106,2020,0.006289714
050902011107,2010,0.0
050902011107,2011,0.0
050902011107,2012,0.0
050902011107,2013,0.0
050902011107,2014,0.0
050902011107,2015,0.0
050902011107,2016,0.0
050902011107,2017,0.0
050902011107,2018,0.0
050902011107,2019,0.0
050902011107,2020,0.0
050902011201,2010,0.0
050902011201,2011,0.0
050902011201,2012,0.0
050902011201,2013,0.0
050902011201,2014,0.0
050902011201,2015,0.0
050902011201,2016,0.0
050902011201,2017,0.0
050902011201,2018,0.0
050902011201,2019,0.0
050902011201,2020,0.0
050902011202,2010,0.0
050902011202,2011,0.0
050902011202,2012,0.0
050902011202,2013,0.0
050902011202,2014,0.0
050902011202,2015,0.0
050902011202,2016,0.0
050902011202,2017,0.0
050902011202,2018,0.0
050902011202,2019,0.0
050902011202,2020,0.0
050902011203,2010,0.03125804
050902011203,2011,0.031099342
050902011203,2012,0.038610564
050902011203,2013,0.035716213
050902011203,2014,0.035477801
050902011203,2015,0.037248352
050902011203,2016,0.040140014
050902011203,2017,0.043318063
050902011203,2018,0.031712683
050902011203,2019,0.036171466
050902011203,2020,0.031539112
050902011204,2010,0.007718374
050902011204,2011,0.007679187
050902011204,2012,0.009533891
050902011204,2013,0.008819206
050902011204,2014,0.008760336
050902011204,2015,0.009197528
050902011204,2016,0.00991155
050902011204,2017,0.010696288
050902011204,2018,0.007830636
050902011204,2019,0.008931619
050902011204,2020,0.007787777
050902011206,2010,0.068638635
050902011206,2011,0.06718536
050902011206,2012,0.081928848
050902011206,2013,0.07351225
050902011206,2014,0.073941219
050902011206,2015,0.064182221
050902011206,2016,0.064535229
050902011206,2017,0.066465286
050902011206,2018,0.062875992
050902011206,2019,0.068822752
050902011206,2020,0.067447437
050902011208,2010,0.666373613
050902011208,2011,0.652371132
050902011208,2012,0.7956761
050902011208,2013,0.714162887
050902011208,2014,0.718235638
050902011208,2015,0.624807201
050902011208,2016,0.628812689
050902011208,2017,0.648037409
050902011208,2018,0.611079424
050902011208,2019,0.669183886
050902011208,2020,0.654983349
050902020101,2010,0.021665226
050902020101,2011,0.020803839
050902020101,2012,0.02458138
050902020101,2013,0.022627873
050902020101,2014,0.021404993
050902020101,2015,0.021020438
050902020101,2016,0.022417283
050902020101,2017,0.022497743
050902020101,2018,0.015824006
050902020101,2019,0.020873793
050902020101,2020,0.014009222
050902020102,2010,0.001708826
050902020102,2011,0.001618461
050902020102,2012,0.002028549
050902020102,2013,0.001785005
050902020102,2014,0.001696391
050902020102,2015,0.001583705
050902020102,2016,0.001560648
050902020102,2017,0.001557991
050902020102,2018,0.001519696
050902020102,2019,0.001640367
050902020102,2020,0.001578539
050902020103,2010,0.0
050902020103,2011,0.0
050902020103,2012,0.0
050902020103,2013,0.0
050902020103,2014,0.0
050902020103,2015,0.0
050902020103,2016,0.0
050902020103,2017,0.0
050902020103,2018,0.0
050902020103,2019,0.0
050902020103,2020,0.0
050902020104,2010,0.041329506
050902020104,2011,0.039106626
050902020104,2012,0.047129452
050902020104,2013,0.047035911
050902020104,2014,0.044032319
050902020104,2015,0.047181037
050902020104,2016,0.050066822
050902020104,2017,0.047254568
050902020104,2018,0.036348393
050902020104,2019,0.041076133
050902020104,2020,0.039881086
050902020201,2010,0.002366499
050902020201,2011,0.00230784
050902020201,2012,0.002813053
050902020201,2013,0.002659911
050902020201,2014,0.00264116
050902020201,2015,0.002504064
050902020201,2016,0.002569661
050902020201,2017,0.002626061
050902020201,2018,0.002273109
050902020201,2019,0.002496382
050902020201,2020,0.002432305
050902020202,2010,0.001999283
050902020202,2011,0.001949727
050902020202,2012,0.002376544
050902020202,2013,0.002247166
050902020202,2014,0.002231325
050902020202,2015,0.002115503
050902020202,2016,0.002170921
050902020202,2017,0.002218569
050902020202,2018,0.001920385
050902020202,2019,0.002109012
050902020202,2020,0.002054878
050902020203,2010,0.044701371
050902020203,2011,0.043087461
050902020203,2012,0.052220223
050902020203,2013,0.048537487
050902020203,2014,0.048247076
050902020203,2015,0.04466328
050902020203,2016,0.04575598
050902020203,2017,0.046403955
050902020203,2018,0.041114643
050902020203,2019,0.045358197
050902020203,2020,0.043735964
050902020204,2010,0.892974308
050902020204,2011,0.834810374
050902020204,2012,1.022680645
050902020204,2013,0.927203764
050902020204,2014,0.92765563
050902020204,2015,0.824982189
050902020204,2016,0.842630173
050902020204,2017,0.842899022
050902020204,2018,0.810041153
050902020204,2019,0.907022844
050902020204,2020,0.878007817
050902020205,2010,0.208367631
050902020205,2011,0.197962332
050902020205,2012,0.243459761
050902020205,2013,0.224682347
050902020205,2014,0.218749474
050902020205,2015,0.205039838
050902020205,2016,0.21018292
050902020205,2017,0.210133206
050902020205,2018,0.206013609
050902020205,2019,0.226154956
050902020205,2020,0.219794111
050902020206,2010,0.148305748
050902020206,2011,0.140595091
050902020206,2012,0.16907453
050902020206,2013,0.153148842
050902020206,2014,0.152287282
050902020206,2015,0.136029692
050902020206,2016,0.13897321
050902020206,2017,0.139103804
050902020206,2018,0.128531171
050902020206,2019,0.142734666
050902020206,2020,0.13541157
050902020301,2010,0.0
050902020301,2011,0.0
050902020301,2012,0.0
050902020301,2013,0.0
050902020301,2014,0.0
050902020301,2015,0.0
050902020301,2016,0.0
050902020301,2017,0.0
050902020301,2018,0.0
050902020301,2019,0.0
050902020301,2020,0.0
050902020302,2010,0.004630109
050902020302,2011,0.003491263
050902020302,2012,0.003765219
050902020302,2013,0.003235143
050902020302,2014,0.003134014
050902020302,2015,0.0053494
050902020302,2016,0.005421449
050902020302,2017,0.004831947
050902020302,2018,0.002615943
050902020302,2019,0.003405087
050902020302,2020,0.002916856
050902020303,2010,0.0
050902020303,2011,0.0
050902020303,2012,0.0
050902020303,2013,0.0
050902020303,2014,0.0
050902020303,2015,0.0
050902020303,2016,0.0
050902020303,2017,0.0
050902020303,2018,0.0
050902020303,2019,0.0
050902020303,2020,0.0
050902020401,2010,0.000909652
050902020401,2011,0.000856871
050902020401,2012,0.001042823
050902020401,2013,0.000944904
050902020401,2014,0.000968202
050902020401,2015,0.001177728
050902020401,2016,0.001243408
050902020401,2017,0.001246494
050902020401,2018,0.000809857
050902020401,2019,0.000913386
050902020401,2020,0.000999953
050902020402,2010,0.021549346
050902020402,2011,0.020298982
050902020402,2012,0.024704107
050902020402,2013,0.022384459
050902020402,2014,0.022936378
050902020402,2015,0.027899969
050902020402,2016,0.029455895
050902020402,2017,0.029529003
050902020402,2018,0.019185222
050902020402,2019,0.021637798
050902020402,2020,0.023688536
050902020403,2010,0.010225745
050902020403,2011,0.009632413
050902020403,2012,0.011722764
050902020403,2013,0.010622029
050902020403,2014,0.010883929
050902020403,2015,0.013239287
050902020403,2016,0.013977615
050902020403,2017,0.014012307
050902020403,2018,0.009103905
050902020403,2019,0.010267718
050902020403,2020,0.011240848
050902020404,2010,0.0
050902020404,2011,0.0
050902020404,2012,0.0
050902020404,2013,0.0
050902020404,2014,0.0
050902020404,2015,0.0
050902020404,2016,0.0
050902020404,2017,0.0
050902020404,2018,0.0
050902020404,2019,0.0
050902020404,2020,0.0
050902020405,2010,0.0
050902020405,2011,0.0
050902020405,2012,0.0
050902020405,2013,0.0
050902020405,2014,0.0
050902020405,2015,0.0
050902020405,2016,0.0
050902020405,2017,0.0
050902020405,2018,0.0
050902020405,2019,0.0
050902020405,2020,0.0
050902020406,2010,0.0
050902020406,2011,0.0
050902020406,2012,0.0
050902020406,2013,0.0
050902020406,2014,0.0
050902020406,2015,0.0
050902020406,2016,0.0
050902020406,2017,0.0
050902020406,2018,0.0
050902020406,2019,0.0
050902020406,2020,0.0
050902020501,2010,0.36736362
050902020501,2011,0.34314457
050902020501,2012,0.425883489
050902020501,2013,0.384067137
050902020501,2014,0.381778109
050902020501,2015,0.369126776
050902020501,2016,0.384545326
050902020501,2017,0.380624366
050902020501,2018,0.339490983
050902020501,2019,0.376197515
050902020501,2020,0.370390776
050902020502,2010,0.022584082
050902020502,2011,0.021094639
050902020502,2012,0.026169688
050902020502,2013,0.023610446
050902020502,2014,0.023468791
050902020502,2015,0.022633762
050902020502,2016,0.023568701
050902020502,2017,0.023334209
050902020502,2018,0.020860388
050902020502,2019,0.02311547
050902020502,2020,0.022752871
050902020503,2010,0.131173765
050902020503,2011,0.124281564
050902020503,2012,0.149349217
050902020503,2013,0.135157305
050902020503,2014,0.134694285
050902020503,2015,0.120876363
050902020503,2016,0.123447084
050902020503,2017,0.123455272
050902020503,2018,0.112991828
050902020503,2019,0.125506801
050902020503,2020,0.118919901
050902020504,2010,0.047421724
050902020504,2011,0.043227669
050902020504,2012,0.056305542
050902020504,2013,0.048123493
050902020504,2014,0.049867707
050902020504,2015,0.03328394
050902020504,2016,0.037134087
050902020504,2017,0.039922099
050902020504,2018,0.042877753
050902020504,2019,0.044051556
050902020504,2020,0.03850272
050902020601,2010,0.0
050902020601,2011,0.0
050902020601,2012,0.0
050902020601,2013,0.0
050902020601,2014,0.0
050902020601,2015,0.0
050902020601,2016,0.0
050902020601,2017,0.0
050902020601,2018,0.0
050902020601,2019,0.0
050902020601,2020,0.0
050902020602,2010,0.001489191
050902020602,2011,0.00139811
050902020602,2012,0.001834912
050902020602,2013,0.001614386
050902020602,2014,0.001700773
050902020602,2015,0.001589956
050902020602,2016,0.001647354
050902020602,2017,0.001645658
050902020602,2018,0.001873286
050902020602,2019,0.001983858
050902020602,2020,0.001984614
050902020603,2010,0.121741329
050902020603,2011,0.114295502
050902020603,2012,0.150004023
050902020603,2013,0.131976058
050902020603,2014,0.139038199
050902020603,2015,0.129978913
050902020603,2016,0.134671203
050902020603,2017,0.13453252
050902020603,2018,0.153141104
050902020603,2019,0.16218038
050902020603,2020,0.16224222
050902020604,2010,0.000992794
050902020604,2011,0.000932073
050902020604,2012,0.001223274
050902020604,2013,0.001076257
050902020604,2014,0.001133849
050902020604,2015,0.001059971
050902020604,2016,0.001098236
050902020604,2017,0.001097105
050902020604,2018,0.001248857
050902020604,2019,0.001322572
050902020604,2020,0.001323076
050902020605,2010,0.001935948
050902020605,2011,0.001817543
050902020605,2012,0.002385385
050902020605,2013,0.002098702
050902020605,2014,0.002211005
050902020605,2015,0.002066943
050902020605,2016,0.00214156
050902020605,2017,0.002139355
050902020605,2018,0.002435271
050902020605,2019,0.002579015
050902020605,2020,0.002579999
050902020606,2010,0.001428043
050902020606,2011,0.001517804
050902020606,2012,0.002284849
050902020606,2013,0.00177326
050902020606,2014,0.001721096
050902020606,2015,0.002077433
050902020606,2016,0.002018029
050902020606,2017,0.001599903
050902020606,2018,0.006869664
050902020606,2019,0.005268566
050902020606,2020,0.005135052
050902020701,2010,0.010581609
050902020701,2011,0.010788534
050902020701,2012,0.014680424
050902020701,2013,0.01257768
050902020701,2014,0.010828766
050902020701,2015,0.012347311
050902020701,2016,0.012917099
050902020701,2017,0.011247318
050902020701,2018,0.027788394
050902020701,2019,0.023398704
050902020701,2020,0.021545555
050902020702,2010,0.035002375
050902020702,2011,0.035424183
050902020702,2012,0.041169058
050902020702,2013,0.038111256
050902020702,2014,0.03634374
050902020702,2015,0.037091652
050902020702,2016,0.037884276
050902020702,2017,0.040521944
050902020702,2018,0.038643722
050902020702,2019,0.040347275
050902020702,2020,0.05051007
050902020703,2010,0.002209847
050902020703,2011,0.002206377
050902020703,2012,0.002976112
050902020703,2013,0.002629048
050902020703,2014,0.002615612
050902020703,2015,0.002470569
050902020703,2016,0.002595971
050902020703,2017,0.002721567
050902020703,2018,0.003302197
050902020703,2019,0.003146932
050902020703,2020,0.002809119
050902020704,2010,0.008785334
050902020704,2011,0.008777171
050902020704,2012,0.011761133
050902020704,2013,0.01041018
050902020704,2014,0.010338401
050902020704,2015,0.009797746
050902020704,2016,0.010282188
050902020704,2017,0.010789157
050902020704,2018,0.012966669
050902020704,2019,0.012398573
050902020704,2020,0.011238814
050902020801,2010,0.000929416
050902020801,2011,0.000913189
050902020801,2012,0.001226733
050902020801,2013,0.001106282
050902020801,2014,0.001092956
050902020801,2015,0.000887087
050902020801,2016,0.000942703
050902020801,2017,0.000971987
050902020801,2018,0.001292967
050902020801,2019,0.001330945
050902020801,2020,0.001125365
050902020802,2010,0.141524233
050902020802,2011,0.136222033
050902020802,2012,0.167164143
050902020802,2013,0.152584275
050902020802,2014,0.152405957
050902020802,2015,0.137258804
050902020802,2016,0.142800096
050902020802,2017,0.143827653
050902020802,2018,0.134334563
050902020802,2019,0.14875502
050902020802,2020,0.143843616
050902020803,2010,0.597297455
050902020803,2011,0.584156663
050902020803,2012,0.713236279
050902020803,2013,0.640834408
050902020803,2014,0.644103928
050902020803,2015,0.553472004
050902020803,2016,0.557183712
050902020803,2017,0.573173355
050902020803,2018,0.548246115
050902020803,2019,0.603164879
050902020803,2020,0.587128922
050902020804,2010,0.087135231
050902020804,2011,0.085237416
050902020804,2012,0.104683476
050902020804,2013,0.094086642
050902020804,2014,0.094459952
050902020804,2015,0.080813101
050902020804,2016,0.081625325
050902020804,2017,0.083974998
050902020804,2018,0.082355376
050902020804,2019,0.090148283
050902020804,2020,0.086788712
050902020901,2010,0.296159266
050902020901,2011,0.282070865
050902020901,2012,0.347394632
050902020901,2013,0.32045411
050902020901,2014,0.318766225
050902020901,2015,0.294684259
050902020901,2016,0.312607868
050902020901,2017,0.310928897
050902020901,2018,0.287096455
050902020901,2019,0.319704255
050902020901,2020,0.307364203
050902020902,2010,0.064690969
050902020902,2011,0.060548638
050902020902,2012,0.074941635
050902020902,2013,0.06676421
050902020902,2014,0.066090186
050902020902,2015,0.058871296
050902020902,2016,0.059587455
050902020902,2017,0.061755419
050902020902,2018,0.056678051
050902020902,2019,0.063152863
050902020902,2020,0.061126433
050902020903,2010,0.329853469
050902020903,2011,0.318087241
050902020903,2012,0.392001719
050902020903,2013,0.355146692
050902020903,2014,0.354437844
050902020903,2015,0.293528871
050902020903,2016,0.29957695
050902020903,2017,0.305372968
050902020903,2018,0.30544159
050902020903,2019,0.345512669
050902020903,2020,0.324781199
050902021001,2010,0.00917113
050902021001,2011,0.009681656
050902021001,2012,0.010910616
050902021001,2013,0.008441475
050902021001,2014,0.008287306
050902021001,2015,0.011069815
050902021001,2016,0.01167021
050902021001,2017,0.011513123
050902021001,2018,0.007200049
050902021001,2019,0.008190941
050902021001,2020,0.007803965
050902021002,2010,0.017151012
050902021002,2011,0.015686597
050902021002,2012,0.02006189
050902021002,2013,0.016516806
050902021002,2014,0.016816421
050902021002,2015,0.021480639
050902021002,2016,0.021793468
050902021002,2017,0.022878518
050902021002,2018,0.014358387
050902021002,2019,0.015839915
050902021002,2020,0.014842995
050902021003,2010,0.0
050902021003,2011,0.0
050902021003,2012,0.0
050902021003,2013,0.0
050902021003,2014,0.0
050902021003,2015,0.0
050902021003,2016,0.0
050902021003,2017,0.0
050902021003,2018,0.0
050902021003,2019,0.0
050902021003,2020,0.0
050902021004,2010,0.0
050902021004,2011,0.0
050902021004,2012,0.0
050902021004,2013,0.0
050902021004,2014,0.0
050902021004,2015,0.0
050902021004,2016,0.0
050902021004,2017,0.0
050902021004,2018,0.0
050902021004,2019,0.0
050902021004,2020,0.0
050902021005,2010,0.00092843
050902021005,2011,0.000914441
050902021005,2012,0.00113021
050902021005,2013,0.001064142
050902021005,2014,0.000815114
050902021005,2015,0.000869646
050902021005,2016,0.000990494
050902021005,2017,0.000944202
050902021005,2018,0.000816528
050902021005,2019,0.000955731
050902021005,2020,0.000732534
050902021006,2010,0.000777841
050902021006,2011,0.000825405
050902021006,2012,0.001168768
050902021006,2013,0.000906547
050902021006,2014,0.000881775
050902021006,2015,0.001085816
050902021006,2016,0.001073229
050902021006,2017,0.000896383
050902021006,2018,0.00299852
050902021006,2019,0.002353399
050902021006,2020,0.002290148
050902021101,2010,0.004350037
050902021101,2011,0.004623464
050902021101,2012,0.006960002
050902021101,2013,0.005401622
050902021101,2014,0.005242723
050902021101,2015,0.006328182
050902021101,2016,0.006147228
050902021101,2017,0.004873552
050902021101,2018,0.020926053
050902021101,2019,0.016048861
050902021101,2020,0.015642158
050902021102,2010,0.033709377
050902021102,2011,0.032871198
050902021102,2012,0.039334247
050902021102,2013,0.035362206
050902021102,2014,0.03622546
050902021102,2015,0.013300811
050902021102,2016,0.014059951
050902021102,2017,0.015015855
050902021102,2018,0.02847414
050902021102,2019,0.027979923
050902021102,2020,0.024501191
050902021103,2010,0.036108951
050902021103,2011,0.035201096
050902021103,2012,0.042095086
050902021103,2013,0.037992855
050902021103,2014,0.038885467
050902021103,2015,0.016369835
050902021103,2016,0.017558647
050902021103,2017,0.01823072
050902021103,2018,0.030784738
050902021103,2019,0.030559177
050902021103,2020,0.027075423
050902021201,2010,0.0
050902021201,2011,0.0
050902021201,2012,0.0
050902021201,2013,0.0
050902021201,2014,0.0
050902021201,2015,0.0
050902021201,2016,0.0
050902021201,2017,0.0
050902021201,2018,0.0
050902021201,2019,0.0
050902021201,2020,0.0
050902021202,2010,0.008153259
050902021202,2011,0.007500956
050902021202,2012,0.008931952
050902021202,2013,0.007820317
050902021202,2014,0.008005202
050902021202,2015,0.005315024
050902021202,2016,0.005540186
050902021202,2017,0.005885919
050902021202,2018,0.007323638
050902021202,2019,0.008397727
050902021202,2020,0.010273318
050902021203,2010,0.060305589
050902021203,2011,0.059027411
050902021203,2012,0.071972604
050902021203,2013,0.064579496
050902021203,2014,0.064963432
050902021203,2015,0.056192984
050902021203,2016,0.056509291
050902021203,2017,0.058205263
050902021203,2018,0.055216522
050902021203,2019,0.060404395
050902021203,2020,0.05916574
050902021204,2010,0.034690541
050902021204,2011,0.033828363
050902021204,2012,0.040480685
050902021204,2013,0.036386977
050902021204,2014,0.037276631
050902021204,2015,0.013603722
050902021204,2016,0.014370049
050902021204,2017,0.015367742
050902021204,2018,0.029291665
050902021204,2019,0.028771004
050902021204,2020,0.025181388
050902021301,2010,0.003917589
050902021301,2011,0.003964799
050902021301,2012,0.004607785
050902021301,2013,0.004265546
050902021301,2014,0.004067719
050902021301,2015,0.004151428
050902021301,2016,0.004240141
050902021301,2017,0.004535358
050902021301,2018,0.004325141
050902021301,2019,0.004515809
050902021301,2020,0.005653264
050902021302,2010,0.0
050902021302,2011,0.0
050902021302,2012,0.0
050902021302,2013,0.0
050902021302,2014,0.0
050902021302,2015,0.0
050902021302,2016,0.0
050902021302,2017,0.0
050902021302,2018,0.0
050902021302,2019,0.0
050902021302,2020,0.0
050902021303,2010,0.0
050902021303,2011,0.0
050902021303,2012,0.0
050902021303,2013,0.0
050902021303,2014,0.0
050902021303,2015,0.0
050902021303,2016,0.0
050902021303,2017,0.0
050902021303,2018,0.0
050902021303,2019,0.0
050902021303,2020,0.0
050902021304,2010,0.024225401
050902021304,2011,0.02371248
050902021304,2012,0.028916064
050902021304,2013,0.0259455
050902021304,2014,0.026096901
050902021304,2015,0.022652549
050902021304,2016,0.02277714
050902021304,2017,0.023458336
050902021304,2018,0.022191527
050902021304,2019,0.024290383
050902021304,2020,0.023804978
050902021305,2010,0.423763078
050902021305,2011,0.413832012
050902021305,2012,0.507888766
050902021305,2013,0.455491874
050902021305,2014,0.455951412
050902021305,2015,0.40993472
050902021305,2016,0.41365454
050902021305,2017,0.425418863
050902021305,2018,0.387428244
050902021305,2019,0.426256232
050902021305,2020,0.414447728
050902021401,2010,1.015878245
050902021401,2011,0.989994005
050902021401,2012,1.211180251
050902021401,2013,1.079405933
050902021401,2014,1.080584788
050902021401,2015,0.914301755
050902021401,2016,0.920250793
050902021401,2017,0.948020838
050902021401,2018,0.926272352
050902021401,2019,1.01667972
050902021401,2020,1.017341283
050902021402,2010,0.239938794
050902021402,2011,0.222175683
050902021402,2012,0.276120978
050902021402,2013,0.245677609
050902021402,2014,0.242175592
050902021402,2015,0.215919337
050902021402,2016,0.218998667
050902021402,2017,0.227190463
050902021402,2018,0.208236434
050902021402,2019,0.233516768
050902021402,2020,0.224858599
050902021403,2010,0.242179807
050902021403,2011,0.233857431
050902021403,2012,0.290643926
050902021403,2013,0.256932832
050902021403,2014,0.253521259
050902021403,2015,0.223853186
050902021403,2016,0.227132497
050902021403,2017,0.233386336
050902021403,2018,0.218900867
050902021403,2019,0.243361361
050902021403,2020,0.245225531
050902021404,2010,1.67235326
050902021404,2011,1.63670121
050902021404,2012,1.996086212
050902021404,2013,1.790618011
050902021404,2014,1.800781848
050902021404,2015,1.561791583
050902021404,2016,1.570432799
050902021404,2017,1.617413585
050902021404,2018,1.531708443
050902021404,2019,1.676732121
050902021404,2020,1.644393077
050902021405,2010,0.369543011
050902021405,2011,0.360233599
050902021405,2012,0.440621453
050902021405,2013,0.392861563
050902021405,2014,0.393416146
050902021405,2015,0.33345924
050902021405,2016,0.335605684
050902021405,2017,0.345726861
050902021405,2018,0.337052336
050902021405,2019,0.369881349
050902021405,2020,0.369610798
050902021406,2010,0.902777926
050902021406,2011,0.882562184
050902021406,2012,1.033668043
050902021406,2013,0.927346832
050902021406,2014,0.971582029
050902021406,2015,0.859778506
050902021406,2016,0.865424309
050902021406,2017,0.892688729
050902021406,2018,0.825560211
050902021406,2019,0.899217641
050902021406,2020,0.876757457
050902030101,2010,0.655833687
050902030101,2011,0.644082374
050902030101,2012,0.784872602
050902030101,2013,0.706301526
050902030101,2014,0.707457503
050902030101,2015,0.618403679
050902030101,2016,0.619364485
050902030101,2017,0.63937602
050902030101,2018,0.605164641
050902030101,2019,0.660413324
050902030101,2020,0.643323095
050902030102,2010,2.963602279
050902030102,2011,2.896280772
050902030102,2012,3.533446282
050902030102,2013,3.154120142
050902030102,2014,3.172420956
050902030102,2015,2.780357271
050902030102,2016,2.794977084
050902030102,2017,2.878364563
050902030102,2018,2.695293771
050902030102,2019,2.957336113
050902030102,2020,2.893466385
050902030103,2010,1.537621315
050902030103,2011,1.507896458
050902030103,2012,1.836568575
050902030103,2013,1.645583332
050902030103,2014,1.655625076
050902030103,2015,1.439208821
050902030103,2016,1.447325603
050902030103,2017,1.491608787
050902030103,2018,1.410390905
050902030103,2019,1.546584533
050902030103,2020,1.508333593
050902030104,2010,2.445029933
050902030104,2011,2.389502029
050902030104,2012,2.914921253
050902030104,2013,2.603057439
050902030104,2014,2.617242618
050902030104,2015,2.293490092
050902030104,2016,2.305560506
050902030104,2017,2.374653018
050902030104,2018,2.222790312
050902030104,2019,2.43810263
050902030104,2020,2.38891335
050902030105,2010,1.707036645
050902030105,2011,1.670893811
050902030105,2012,2.037563036
050902030105,2013,1.828243011
050902030105,2014,1.838911417
050902030105,2015,1.596206034
050902030105,2016,1.604985302
050902030105,2017,1.652985639
050902030105,2018,1.563720239
050902030105,2019,1.711615622
050902030105,2020,1.67741165
050902030201,2010,1.697330956
050902030201,2011,1.661393619
050902030201,2012,2.025978075
050902030201,2013,1.817848179
050902030201,2014,1.828455928
050902030201,2015,1.587130494
050902030201,2016,1.595859845
050902030201,2017,1.643587267
050902030201,2018,1.554829403
050902030201,2019,1.701883898
050902030201,2020,1.667874399
050902030202,2010,2.60423057
050902030202,2011,2.549091582
050902030202,2012,3.108476881
050902030202,2013,2.789141259
050902030202,2014,2.805416826
050902030202,2015,2.435148983
050902030202,2016,2.448542507
050902030202,2017,2.521771132
050902030202,2018,2.385589121
050902030202,2019,2.611216191
050902030202,2020,2.559035102
050902030203,2010,1.367622937
050902030203,2011,1.338662709
050902030203,2012,1.631950323
050902030203,2013,1.463786514
050902030203,2014,1.472329973
050902030203,2015,1.281137017
050902030203,2016,1.288190861
050902030203,2017,1.327073127
050902030203,2018,1.25135643
050902030203,2019,1.369784932
050902030203,2020,1.34203596
050902030204,2010,0.466165298
050902030204,2011,0.456282734
050902030204,2012,0.555697832
050902030204,2013,0.498398102
050902030204,2014,0.501065384
050902030204,2015,0.436359876
050902030204,2016,0.438796222
050902030204,2017,0.452307887
050902030204,2018,0.425818419
050902030204,2019,0.46644372
050902030204,2020,0.456324381
051201010101,2010,0.0
051201010101,2011,0.0
051201010101,2012,0.0
051201010101,2013,0.0
051201010101,2014,0.0
051201010101,2015,0.0
051201010101,2016,0.0
051201010101,2017,0.0
051201010101,2018,0.0
051201010101,2019,0.0
051201010101,2020,0.0
051201010102,2010,0.0
051201010102,2011,0.0
051201010102,2012,0.0
051201010102,2013,0.0
051201010102,2014,0.0
051201010102,2015,0.0
051201010102,2016,0.0
051201010102,2017,0.0
051201010102,2018,0.0
051201010102,2019,0.0
051201010102,2020,0.0
051201010103,2010,0.0
051201010103,2011,0.0
051201010103,2012,0.0
051201010103,2013,0.0
051201010103,2014,0.0
051201010103,2015,0.0
051201010103,2016,0.0
051201010103,2017,0.0
051201010103,2018,0.0
051201010103,2019,0.0
051201010103,2020,0.0
051201010201,2010,0.003554873
051201010201,2011,0.003663056
051201010201,2012,0.004488089
051201010201,2013,0.003929713
051201010201,2014,0.003746819
051201010201,2015,0.003242921
051201010201,2016,0.003608873
051201010201,2017,0.003718621
051201010201,2018,0.003510034
051201010201,2019,0.003736372
051201010201,2020,0.003462638
051201010202,2010,0.0
051201010202,2011,0.0
051201010202,2012,0.0
051201010202,2013,0.0
051201010202,2014,0.0
051201010202,2015,0.0
051201010202,2016,0.0
051201010202,2017,0.0
051201010202,2018,0.0
051201010202,2019,0.0
051201010202,2020,0.0
051201010203,2010,0.050987994
051201010203,2011,0.051081161
051201010203,2012,0.066407027
051201010203,2013,0.059777317
051201010203,2014,0.056669124
051201010203,2015,0.038651081
051201010203,2016,0.04169513
051201010203,2017,0.042207149
051201010203,2018,0.056125105
051201010203,2019,0.053755139
051201010203,2020,0.05768624
051201010204,2010,0.009532878
051201010204,2011,0.00915844
051201010204,2012,0.011488023
051201010204,2013,0.010125912
051201010204,2014,0.009818169
051201010204,2015,0.009517098
051201010204,2016,0.010159801
051201010204,2017,0.009697155
051201010204,2018,0.008457121
051201010204,2019,0.008905348
051201010204,2020,0.00871794
051201010301,2010,0.003005275
051201010301,2011,0.003071772
051201010301,2012,0.003556696
051201010301,2013,0.00322797
051201010301,2014,0.00312471
051201010301,2015,0.002985871
051201010301,2016,0.003198803
051201010301,2017,0.003349238
051201010301,2018,0.002691468
051201010301,2019,0.002924142
051201010301,2020,0.002791664
051201010302,2010,0.092107807
051201010302,2011,0.090418315
051201010302,2012,0.110320003
051201010302,2013,0.098211239
051201010302,2014,0.095172543
051201010302,2015,0.091804567
051201010302,2016,0.09812225
051201010302,2017,0.096748186
051201010302,2018,0.081978402
051201010302,2019,0.087263993
051201010302,2020,0.084686267
051201010303,2010,0.0
051201010303,2011,0.0
051201010303,2012,0.0
051201010303,2013,0.0
051201010303,2014,0.0
051201010303,2015,0.0
051201010303,2016,0.0
051201010303,2017,0.0
051201010303,2018,0.0
051201010303,2019,0.0
051201010303,2020,0.0
051201010401,2010,0.0
051201010401,2011,0.0
051201010401,2012,0.0
051201010401,2013,0.0
051201010401,2014,0.0
051201010401,2015,0.0
051201010401,2016,0.0
051201010401,2017,0.0
051201010401,2018,0.0
051201010401,2019,0.0
051201010401,2020,0.0
051201010501,2010,0.0
051201010501,2011,0.0
051201010501,2012,0.0
051201010501,2013,0.0
051201010501,2014,0.0
051201010501,2015,0.0
051201010501,2016,0.0
051201010501,2017,0.0
051201010501,2018,0.0
051201010501,2019,0.0
051201010501,2020,0.0
051201030101,2010,0.044541099
051201030101,2011,0.04464606
051201030101,2012,0.055272232
051201030101,2013,0.046132553
051201030101,2014,0.044248155
051201030101,2015,0.039773528
051201030101,2016,0.042070594
051201030101,2017,0.041841005
051201030101,2018,0.036904478
051201030101,2019,0.039515896
051201030101,2020,0.037510261
051201030102,2010,0.023909398
051201030102,2011,0.02396574
051201030102,2012,0.029669806
051201030102,2013,0.024763681
051201030102,2014,0.023752147
051201030102,2015,0.021350194
051201030102,2016,0.022583245
051201030102,2017,0.022460003
051201030102,2018,0.019810105
051201030102,2019,0.021211898
051201030102,2020,0.020135286
051201030103,2010,0.0
051201030103,2011,0.0
051201030103,2012,0.0
051201030103,2013,0.0
051201030103,2014,0.0
051201030103,2015,0.0
051201030103,2016,0.0
051201030103,2017,0.0
051201030103,2018,0.0
051201030103,2019,0.0
051201030103,2020,0.0
