huc12_id,year,incrunoff_mm/mo,incbsflow_mm/mo,soilmstfr_frac
020401010305,2010,61.077110324,18.969454187,0.75300948
020401010305,2011,89.740469552,20.694704576,0.779469511
020401010305,2012,41.384560254,18.767529358,0.749555702
020401010305,2013,41.713842933,18.078224453,0.767535476
020401010305,2014,59.190391204,19.09382924,0.785634597
020401010305,2015,38.790709604,16.506464889,0.739226729
020401010305,2016,45.220615776,18.936549919,0.764091892
020401010305,2017,59.754509103,19.874568503,0.785062158
020401010305,2018,75.97852393,20.337003572,0.773206016
020401010305,2019,69.652056942,19.947080694,0.762292317
020401010307,2010,60.516736981,16.205403301,0.761851987
020401010307,2011,91.540778392,18.796621318,0.782844895
020401010307,2012,33.599722852,15.473584607,0.739092539
020401010307,2013,39.008951416,14.240193812,0.745005589
020401010307,2014,56.070874453,14.973705359,0.76540532
020401010307,2015,34.833254464,13.250786053,0.731245945
020401010307,2016,45.508307179,15.807112186,0.757845998
020401010307,2017,56.727073216,18.291134144,0.783876993
020401010307,2018,75.830111392,18.621030279,0.77038706
020401010307,2019,69.258915577,19.42978457,0.77021744
020401010401,2010,53.336131892,11.650442649,0.728995932
020401010401,2011,72.889667233,13.416876102,0.742898814
020401010401,2012,30.496680653,10.871190645,0.709421121
020401010401,2013,33.606671065,10.51625066,0.704512614
020401010401,2014,55.113421319,11.546964178,0.752132603
020401010401,2015,28.3648362,9.219866095,0.677724159
020401010401,2016,38.797162364,10.978591192,0.718378996
020401010401,2017,47.272140157,11.677048899,0.736183816
020401010401,2018,66.400719999,12.700161649,0.749893327
020401010401,2019,57.345329296,12.738574713,0.725457138
020401010402,2010,48.606816348,11.077031854,0.732118792
020401010402,2011,66.553379416,12.586304753,0.742841934
020401010402,2012,29.06888469,10.358380688,0.711026568
020401010402,2013,29.782013155,9.930181272,0.704861085
020401010402,2014,52.155119595,11.07215319,0.753173922
020401010402,2015,27.564756259,8.814948473,0.678940041
020401010402,2016,35.565692513,10.304665741,0.720190938
020401010402,2017,42.802695938,10.804117028,0.735046084
020401010402,2018,66.126058885,12.169921168,0.754369711
020401010402,2019,53.052413463,12.035835238,0.725513526
020401010403,2010,52.166755015,16.721055591,0.763098518
020401010403,2011,77.453871946,22.193663483,0.785138725
020401010403,2012,30.526726542,13.180415651,0.728321294
020401010403,2013,31.326584703,12.851972614,0.710237736
020401010403,2014,54.099567865,16.335284377,0.752438067
020401010403,2015,32.910332355,14.188683527,0.705765944
020401010403,2016,40.217407305,14.430729984,0.736848048
020401010403,2017,48.171067701,18.100504144,0.773497115
020401010403,2018,67.768511172,20.395859297,0.783896515
020401010403,2019,60.471492479,22.198022122,0.755343259
020401010405,2010,58.771107821,16.356528377,0.746732577
020401010405,2011,70.398999339,21.778840371,0.711982921
020401010405,2012,42.128388865,13.665539128,0.710048838
020401010405,2013,40.068931666,14.736059272,0.698586242
020401010405,2014,63.871657368,20.000837898,0.730679142
020401010405,2015,40.220873668,16.250725174,0.686679684
020401010405,2016,47.498966262,15.779878479,0.700035028
020401010405,2017,52.588140538,19.455402407,0.716657775
020401010405,2018,82.779478637,20.081286967,0.762871228
020401010405,2019,69.657223168,24.923969546,0.729783379
020401010406,2010,52.787531592,14.874570234,0.726199448
020401010406,2011,73.946929392,21.315633871,0.738646186
020401010406,2012,36.680881862,12.28241529,0.712785709
020401010406,2013,33.621866241,12.868860622,0.691703237
020401010406,2014,58.608128319,17.546946828,0.742639884
020401010406,2015,33.962369054,14.088252777,0.68631857
020401010406,2016,41.596276063,13.544871281,0.703197804
020401010406,2017,48.808931358,17.647990029,0.730279727
020401010406,2018,73.615288932,19.728195127,0.743824996
020401010406,2019,61.457357468,22.878297124,0.724622436
020401010501,2010,53.543973987,15.390258964,0.732321584
020401010501,2011,66.459357266,21.382518119,0.728934286
020401010501,2012,41.240582497,12.967166369,0.71433563
020401010501,2013,38.346802606,13.988745253,0.698962389
020401010501,2014,59.326424096,18.408482856,0.740644684
020401010501,2015,36.764893741,15.093897426,0.691759347
020401010501,2016,42.825326568,14.411407959,0.704563428
020401010501,2017,51.208384542,18.472532552,0.728918823
020401010501,2018,78.61308888,20.087998109,0.751173533
020401010501,2019,65.241144529,23.890665152,0.729153086
020401010506,2010,49.892999874,15.772591992,0.690759566
020401010506,2011,63.002213112,21.556401272,0.692615511
020401010506,2012,37.062103802,10.56667004,0.655285069
020401010506,2013,38.355101514,12.990142984,0.680228849
020401010506,2014,60.342231276,20.376798759,0.711927905
020401010506,2015,36.05882359,15.341661966,0.6579747
020401010506,2016,36.345556846,11.639752977,0.661882195
020401010506,2017,48.711486804,17.428998173,0.688090272
020401010506,2018,75.991347506,20.755989333,0.731355776
020401010506,2019,65.86230237,23.82954107,0.711176199
020401010601,2010,42.129669586,19.963786842,0.602273671
020401010601,2011,55.038836493,22.032051383,0.628585622
020401010601,2012,29.22564119,16.275742391,0.579525672
020401010601,2013,28.708784636,16.605816791,0.612318891
020401010601,2014,50.325940895,20.529512764,0.640766632
020401010601,2015,29.655438844,15.46295864,0.570291183
020401010601,2016,29.231448825,16.44330721,0.580233639
020401010601,2017,39.871639356,19.744341249,0.616604647
020401010601,2018,66.422920407,24.938395065,0.650912829
020401010601,2019,49.17216476,22.227354258,0.623128802
020401010602,2010,42.696391738,19.932667788,0.601437053
020401010602,2011,57.713470448,22.667603196,0.629924099
020401010602,2012,29.56275488,16.026749046,0.573807547
020401010602,2013,30.913804607,17.054887337,0.615097428
020401010602,2014,50.632823887,20.598614267,0.639575593
020401010602,2015,29.100121975,15.319090154,0.568804236
020401010602,2016,27.591041731,15.670732153,0.574797385
020401010602,2017,42.579146558,20.158514642,0.617957843
020401010602,2018,68.199675567,25.409924924,0.650012095
020401010602,2019,48.768290973,22.208329288,0.61993783
020401010604,2010,45.353508016,15.467004888,0.640987154
020401010604,2011,67.837387647,23.137978958,0.661734923
020401010604,2012,30.908285339,10.155788214,0.59465974
020401010604,2013,36.297437746,12.889717263,0.652633174
020401010604,2014,56.838042551,20.538661519,0.668741809
020401010604,2015,32.198120473,15.354697311,0.603665011
020401010604,2016,26.749665865,9.142918609,0.599219148
020401010604,2017,42.739509931,17.229395522,0.639301623
020401010604,2018,69.450035211,21.191622836,0.683750105
020401010604,2019,58.137224994,23.586329671,0.656835296
020401010605,2010,46.466983534,25.648541248,0.687953292
020401010605,2011,71.771227691,35.866649639,0.731708723
020401010605,2012,32.689928254,17.881756049,0.649692448
020401010605,2013,39.055041461,21.400290829,0.705104389
020401010605,2014,58.683216703,31.454134191,0.724042065
020401010605,2015,30.544987166,20.488674943,0.638868188
020401010605,2016,28.584573659,15.975296349,0.650234166
020401010605,2017,40.709143656,24.360642654,0.678042074
020401010605,2018,72.886545247,34.268632451,0.736605384
020401010605,2019,55.986310392,32.908545394,0.709827905
020401010606,2010,41.662128216,20.877333304,0.662886337
020401010606,2011,71.378092399,31.393242709,0.712688401
020401010606,2012,29.504039922,14.824562834,0.629037673
020401010606,2013,36.689426927,17.947240041,0.680669428
020401010606,2014,55.304222676,26.565826335,0.699343631
020401010606,2015,28.760291103,17.946000138,0.615126063
020401010606,2016,24.272684143,12.548636672,0.630048175
020401010606,2017,33.30632403,18.76547243,0.648831002
020401010606,2018,64.542536374,26.424054275,0.704909499
020401010606,2019,52.084856033,27.773354698,0.689760481
020401030101,2010,65.748673553,29.401135683,0.7856744
020401030101,2011,79.85938008,35.971376984,0.798856995
020401030101,2012,40.323154294,18.799958856,0.769154618
020401030101,2013,44.724065595,21.487282771,0.79727284
020401030101,2014,69.621343489,32.391392869,0.822257497
020401030101,2015,36.574279824,18.736385157,0.758242105
020401030101,2016,50.320060016,23.076184983,0.786982282
020401030101,2017,59.039500722,28.004305558,0.81360563
020401030101,2018,82.056447679,37.043652339,0.807001324
020401030101,2019,66.857199313,32.254763753,0.77230229
020401030102,2010,62.919459861,28.765922243,0.749772231
020401030102,2011,76.923152469,34.391905988,0.768030564
020401030102,2012,35.566487473,21.240943932,0.710381744
020401030102,2013,40.938943896,24.029780764,0.753782067
020401030102,2014,63.59500069,30.148638223,0.763657995
020401030102,2015,28.927175752,18.053753531,0.685590451
020401030102,2016,40.744490842,21.967359717,0.71560133
020401030102,2017,51.069646304,28.483537906,0.75358687
020401030102,2018,85.91342653,39.644416901,0.779106115
020401030102,2019,60.179871232,32.218467243,0.739197132
020401030103,2010,68.068154388,28.100157025,0.769699391
020401030103,2011,82.347029407,34.032291262,0.784105763
020401030103,2012,40.695706761,19.718227875,0.735601261
020401030103,2013,45.068990421,21.803907792,0.772825304
020401030103,2014,71.488372418,30.76082095,0.795794135
020401030103,2015,35.366376529,18.543742004,0.730792196
020401030103,2016,49.0415857,21.960546578,0.750273172
020401030103,2017,57.708020511,27.044425608,0.783098693
020401030103,2018,90.334370619,36.813936349,0.788600328
020401030103,2019,68.631107085,31.46243263,0.757417928
020401030201,2010,61.570180956,16.569064067,0.775405942
020401030201,2011,80.502296168,21.285285681,0.787329502
020401030201,2012,45.640509548,14.54113613,0.768329221
020401030201,2013,39.881016611,12.771738041,0.763647572
020401030201,2014,74.254449561,19.87806928,0.811862409
020401030201,2015,36.628833577,13.174703566,0.722645942
020401030201,2016,51.503362313,14.260213347,0.765207317
020401030201,2017,53.583336403,16.928143565,0.791688035
020401030201,2018,91.56135649,23.793222062,0.810616187
020401030201,2019,69.490409298,21.181564863,0.771774045
020401030202,2010,63.132712961,15.40212,0.771623242
020401030202,2011,82.75826805,20.072809002,0.784174575
020401030202,2012,43.816947741,13.336931315,0.763363565
020401030202,2013,40.314338678,11.822260876,0.760539864
020401030202,2014,74.821555994,18.449332483,0.808476779
020401030202,2015,36.759508474,12.277051504,0.719489118
020401030202,2016,50.434596398,12.929943588,0.761112622
020401030202,2017,55.470548906,15.829732117,0.788329868
020401030202,2018,89.773174031,21.961114308,0.806216256
020401030202,2019,69.347345582,19.742414225,0.766711456
020401030203,2010,63.311567406,16.872764067,0.784195725
020401030203,2011,81.500308995,21.683364862,0.800946464
020401030203,2012,43.916079588,14.375645867,0.748108025
020401030203,2013,39.678837107,13.128849561,0.771978772
020401030203,2014,71.035191644,19.48041244,0.805090837
020401030203,2015,35.883193736,12.470639389,0.746381169
020401030203,2016,46.820127415,13.635807773,0.756714798
020401030203,2017,53.499676737,17.195132068,0.79157187
020401030203,2018,96.231387396,24.799562786,0.803175787
020401030203,2019,69.009365562,21.242806729,0.768620449
020401030301,2010,73.72263091,32.071688595,0.800302653
020401030301,2011,88.533798307,38.414797837,0.807014071
020401030301,2012,42.195266985,22.91473646,0.748835158
020401030301,2013,57.585731119,29.395307901,0.823839422
020401030301,2014,74.894324883,33.032206321,0.819976
020401030301,2015,33.581507022,19.432748567,0.73707049
020401030301,2016,44.708020345,22.38693808,0.754329013
020401030301,2017,63.108601519,33.126390582,0.816080922
020401030301,2018,105.904340147,45.53621329,0.817890729
020401030301,2019,76.593028323,36.643030129,0.774626648
020401030302,2010,64.32086528,27.636319322,0.777799888
020401030302,2011,83.327502348,34.727359312,0.794890472
020401030302,2012,38.208887511,19.223322354,0.731351197
020401030302,2013,51.763019932,25.521882126,0.805241251
020401030302,2014,70.527434498,29.974612197,0.785073641
020401030302,2015,32.186304276,17.300715583,0.707050695
020401030302,2016,39.092106028,18.856403738,0.722950357
020401030302,2017,58.227603782,28.453788044,0.790468656
020401030302,2018,101.596342194,41.063597755,0.810020798
020401030302,2019,72.070677509,33.353698505,0.764887546
020401030401,2010,49.245671816,35.578649687,0.698070287
020401030401,2011,58.773082607,42.219183118,0.752067503
020401030401,2012,26.943795848,20.197036187,0.663726669
020401030401,2013,35.767886324,27.564593716,0.697073892
020401030401,2014,52.122179832,38.183812602,0.726997278
020401030401,2015,23.937332043,18.971179275,0.640845738
020401030401,2016,25.549544587,19.518193497,0.644986147
020401030401,2017,42.995979602,32.761466904,0.713557659
020401030401,2018,72.327841825,49.583250763,0.761984772
020401030401,2019,52.903569546,39.789239806,0.736362256
020401030402,2010,52.497329007,34.487125748,0.692341633
020401030402,2011,65.864838724,42.081284156,0.75079472
020401030402,2012,32.641783634,22.634409711,0.669049211
020401030402,2013,38.254115815,27.798714801,0.695245106
020401030402,2014,55.527976633,37.330186369,0.724432763
020401030402,2015,25.841891265,19.291409221,0.63885445
020401030402,2016,28.310049272,20.019703049,0.644811984
020401030402,2017,44.02481734,31.158806663,0.707835861
020401030402,2018,74.576736454,47.377804232,0.758781985
020401030402,2019,57.739375293,39.559226258,0.736380425
020401030501,2010,56.506843331,29.196010843,0.735537731
020401030501,2011,80.507837596,39.142383378,0.80462834
020401030501,2012,35.28418315,17.525234078,0.753427887
020401030501,2013,36.796682753,19.755650919,0.757104336
020401030501,2014,63.211168664,31.784924719,0.790372973
020401030501,2015,28.90670784,16.890694053,0.705094355
020401030501,2016,31.848395682,17.099066106,0.71026662
020401030501,2017,37.075853011,19.19468689,0.739121141
020401030501,2018,80.420381902,38.377456676,0.80473859
020401030501,2019,59.513894486,31.531371999,0.780402603
020401030502,2010,53.960009506,31.263999617,0.745361712
020401030502,2011,73.655542329,41.456580071,0.811950424
020401030502,2012,32.539459642,18.81482777,0.760462329
020401030502,2013,34.420094431,21.180906499,0.763004984
020401030502,2014,59.787952036,33.958038415,0.798341342
020401030502,2015,26.699162358,17.708628493,0.707608618
020401030502,2016,28.874504479,17.846002667,0.711371834
020401030502,2017,33.066102026,20.385653909,0.744137302
020401030502,2018,75.513480208,41.094466348,0.813145483
020401030502,2019,55.418130918,33.577437196,0.787484629
020401030503,2010,59.99924869,29.65053074,0.724899662
020401030503,2011,83.921994177,39.485514941,0.791779639
020401030503,2012,39.324717341,18.299896466,0.744005771
020401030503,2013,39.448751749,20.354065177,0.744424884
020401030503,2014,65.226644961,32.298073743,0.778949995
020401030503,2015,32.754198317,17.618043188,0.699118695
020401030503,2016,33.493449102,17.267555769,0.694333628
020401030503,2017,38.953220478,19.618494721,0.728018725
020401030503,2018,84.855607762,39.070730443,0.79284344
020401030503,2019,63.609629241,32.142805883,0.769357598
020401030504,2010,62.367026917,23.442202023,0.755560814
020401030504,2011,79.204931584,33.57073654,0.794042056
020401030504,2012,36.867415411,18.906564813,0.759737601
020401030504,2013,45.611076213,22.372982538,0.796174887
020401030504,2014,68.801162342,28.425296424,0.797556351
020401030504,2015,29.947759385,16.275725426,0.703224974
020401030504,2016,34.130607189,16.935385633,0.725558081
020401030504,2017,45.749961224,23.122841501,0.773279668
020401030504,2018,96.160989187,36.934481932,0.814339831
020401030504,2019,68.665831766,31.928170492,0.776124628
020401030505,2010,49.104713136,23.98994278,0.739263758
020401030505,2011,62.242528856,32.288981344,0.78095983
020401030505,2012,29.371256059,16.779946424,0.745705486
020401030505,2013,33.865625465,19.548964132,0.769449545
020401030505,2014,52.714098276,27.630879933,0.776943593
020401030505,2015,25.329586952,16.002459082,0.679238732
020401030505,2016,27.290620457,15.571389253,0.702240506
020401030505,2017,32.865788274,19.984179748,0.741436724
020401030505,2018,68.913106789,33.960451152,0.793062058
020401030505,2019,53.221386846,30.273906204,0.757888681
020401030601,2010,67.849625667,28.213102281,0.714712799
020401030601,2011,86.431851037,34.016051468,0.732990868
020401030601,2012,47.713885725,23.025498359,0.679933892
020401030601,2013,52.07601116,25.518950654,0.723910167
020401030601,2014,75.167337845,31.230752229,0.7300214
020401030601,2015,37.860735226,20.872259391,0.672610477
020401030601,2016,43.035338617,21.515822053,0.67233668
020401030601,2017,62.602019732,28.433095964,0.719149629
020401030601,2018,101.012450595,39.322431307,0.734464779
020401030601,2019,74.160083607,33.817583632,0.705574297
020401030602,2010,72.068475559,40.411231605,0.690892184
020401030602,2011,91.779839362,49.887385125,0.708120649
020401030602,2012,46.088505677,27.348683148,0.656086777
020401030602,2013,52.979408989,32.271476996,0.663080918
020401030602,2014,71.790672858,43.011179796,0.6931079
020401030602,2015,35.868876752,23.366907265,0.599790249
020401030602,2016,40.082137323,24.26166845,0.628057199
020401030602,2017,46.487439502,28.469858962,0.658222467
020401030602,2018,89.218274673,48.284055131,0.69479281
020401030602,2019,72.593468551,44.539576278,0.6742058
020401030603,2010,66.551935815,34.812515993,0.677847469
020401030603,2011,92.291645903,46.116412577,0.716310151
020401030603,2012,44.693616489,24.003721359,0.663634435
020401030603,2013,53.969365691,28.83895229,0.680404533
020401030603,2014,72.916240556,39.102023631,0.701213633
020401030603,2015,36.215922337,21.935031005,0.616685095
020401030603,2016,38.193073389,21.334184606,0.632317154
020401030603,2017,48.483645083,26.994056416,0.668681419
020401030603,2018,90.943164045,44.499513472,0.709269524
020401030603,2019,72.009839184,40.082943206,0.685062218
020401040401,2010,66.29675338,36.466703937,0.630162093
020401040401,2011,82.243992217,40.716295912,0.644237449
020401040401,2012,41.025640216,24.938372745,0.571615352
020401040401,2013,45.302939487,28.886517084,0.608367441
020401040401,2014,67.015011155,36.124175277,0.634034093
020401040401,2015,33.438585626,24.112478947,0.565940147
020401040401,2016,36.308262513,22.232273868,0.58244717
020401040401,2017,44.422058948,28.92903142,0.597178607
020401040401,2018,79.319161142,38.004137981,0.652416965
020401040401,2019,59.714775738,36.551170815,0.627716208
020401040402,2010,64.890195847,36.394607498,0.624248186
020401040402,2011,79.978965063,40.055935874,0.638344659
020401040402,2012,40.872756774,25.381042202,0.566949067
020401040402,2013,44.592129387,28.851217297,0.602767348
020401040402,2014,64.29604834,35.398472249,0.626547975
020401040402,2015,31.834862878,23.514144913,0.561763193
020401040402,2016,35.353611083,22.304598537,0.577795505
020401040402,2017,43.99081165,28.946061967,0.592032623
020401040402,2018,76.663688227,37.723662508,0.645414607
020401040402,2019,56.376098901,35.808296974,0.621909096
020401040403,2010,64.80824715,30.825487687,0.63065774
020401040403,2011,82.290583114,33.639362655,0.645487128
020401040403,2012,38.668842055,20.437975509,0.570568989
020401040403,2013,45.008566145,24.430230793,0.60950803
020401040403,2014,64.583585752,29.972832528,0.632357797
020401040403,2015,31.993613087,21.111219236,0.569446835
020401040403,2016,34.871632443,18.913756897,0.583854644
020401040403,2017,43.814921397,24.936348632,0.600073439
020401040403,2018,76.297049806,30.253527382,0.650323545
020401040403,2019,57.388002527,30.402661418,0.627221708
020401040504,2010,63.624314715,33.429264737,0.6229361
020401040504,2011,86.453280821,39.295667258,0.647467817
020401040504,2012,38.358962686,23.293465882,0.569220918
020401040504,2013,47.440607379,28.55577969,0.614452473
020401040504,2014,66.960157299,34.018065216,0.635509355
020401040504,2015,32.407852784,22.783409524,0.561617042
020401040504,2016,33.756763044,20.52832649,0.5737725
020401040504,2017,42.050999421,27.105172876,0.595566928
020401040504,2018,79.346565037,35.555799029,0.650900492
020401040504,2019,58.996508601,34.581911147,0.626939371
020401040505,2010,57.01698552,26.580382203,0.610616858
020401040505,2011,80.513627397,32.152744431,0.64735704
020401040505,2012,39.389682356,19.633709593,0.570999728
020401040505,2013,47.640075325,24.725387059,0.620534552
020401040505,2014,62.446713616,28.768176354,0.635231284
020401040505,2015,30.847798784,19.061237957,0.551648981
020401040505,2016,30.961826987,16.11355595,0.569649663
020401040505,2017,41.578021467,23.139799691,0.601154812
020401040505,2018,78.796510307,30.536350214,0.659547547
020401040505,2019,53.955079586,28.800980387,0.616743792
020401040601,2010,64.553654035,22.207297067,0.714821713
020401040601,2011,92.81483732,30.801632476,0.770507921
020401040601,2012,47.584477544,20.64146129,0.730266674
020401040601,2013,53.993275197,23.109725651,0.746396085
020401040601,2014,83.414036637,26.881078279,0.753273021
020401040601,2015,36.20787674,16.983737588,0.684329307
020401040601,2016,43.936086201,18.06018022,0.716414593
020401040601,2017,49.812059712,21.215579909,0.731738224
020401040601,2018,97.196180886,30.973521087,0.781772344
020401040601,2019,72.473366124,27.701974505,0.747336375
020401040602,2010,68.159474968,33.711047476,0.706569957
020401040602,2011,96.771190784,45.87388711,0.759358894
020401040602,2012,50.242071762,29.309618393,0.71971129
020401040602,2013,57.656387155,33.396060294,0.73474101
020401040602,2014,85.570390271,39.322047898,0.741920824
020401040602,2015,37.091611625,21.905604481,0.672419158
020401040602,2016,45.687735521,25.554310465,0.706439159
020401040602,2017,51.669067762,30.046631274,0.721148861
020401040602,2018,103.459865957,48.917270913,0.772894648
020401040602,2019,74.229166566,39.284444008,0.737438976
020401040603,2010,53.276153832,25.024650852,0.665476267
020401040603,2011,85.979781885,36.240387641,0.730039441
020401040603,2012,45.167296186,23.659985637,0.676392273
020401040603,2013,52.515331388,28.561900204,0.711833015
020401040603,2014,74.568078784,31.735734003,0.717812209
020401040603,2015,36.1651367,20.74516733,0.63736083
020401040603,2016,40.767556953,22.39468732,0.681691754
020401040603,2017,48.391875684,25.786943591,0.692903541
020401040603,2018,97.93273947,39.491604612,0.745376559
020401040603,2019,66.249294295,32.418255728,0.714868978
020401040604,2010,46.912688263,24.850714491,0.640126082
020401040604,2011,78.017378335,35.320341748,0.705357155
020401040604,2012,40.190095732,23.181525781,0.647943621
020401040604,2013,45.37246591,26.948283127,0.668608747
020401040604,2014,66.586721753,29.893937286,0.687297316
020401040604,2015,31.451407496,19.575164315,0.614397352
020401040604,2016,36.067418416,21.939088197,0.644463353
020401040604,2017,43.846894879,25.483912145,0.664692396
020401040604,2018,93.248558335,39.356911647,0.719526231
020401040604,2019,57.129497302,30.941769884,0.684577352
020401040605,2010,46.160268419,27.088333483,0.631949319
020401040605,2011,80.452754762,38.511749508,0.698260323
020401040605,2012,40.998575951,25.631315395,0.645895182
020401040605,2013,43.137707644,27.457777709,0.654167526
020401040605,2014,62.970595869,31.030651909,0.675390868
020401040605,2015,30.794205065,20.461942633,0.598434813
020401040605,2016,34.603235465,22.690494776,0.633164601
020401040605,2017,42.401827106,26.458990554,0.657824786
020401040605,2018,95.730515211,43.403929135,0.709219376
020401040605,2019,56.114935512,33.69476235,0.671990141
020401040606,2010,42.622464799,19.00047793,0.644109096
020401040606,2011,80.243818468,26.108075161,0.705926084
020401040606,2012,42.210728893,19.407217241,0.657378097
020401040606,2013,48.722097953,22.890908453,0.694497116
020401040606,2014,64.398733436,22.225158585,0.689132115
020401040606,2015,33.149889605,16.902952495,0.609533531
020401040606,2016,36.594810702,17.968041044,0.667781991
020401040606,2017,46.112029936,21.021939818,0.678753185
020401040606,2018,95.277779206,28.560486443,0.720802112
020401040606,2019,61.615379361,25.698569325,0.697213633
020401040701,2010,49.082503295,12.086665537,0.503196481
020401040701,2011,73.467703522,16.381275088,0.540242547
020401040701,2012,36.13426987,7.812792095,0.456036553
020401040701,2013,36.037499005,9.23064044,0.520058619
020401040701,2014,53.805184727,14.219528338,0.556896255
020401040701,2015,21.884253731,9.108987551,0.479515706
020401040701,2016,29.225886459,6.122483443,0.455567393
020401040701,2017,33.056265488,9.375979551,0.489153388
020401040701,2018,70.567342417,12.977234208,0.558875511
020401040701,2019,48.248536889,15.434003644,0.531467226
020401040702,2010,48.750457976,24.822455869,0.568461338
020401040702,2011,72.86446736,30.042824112,0.625147857
020401040702,2012,37.814336904,18.489396112,0.562500828
020401040702,2013,39.513860131,20.404503804,0.601733517
020401040702,2014,58.204069763,28.558228963,0.624343014
020401040702,2015,29.718726225,18.698416684,0.550130886
020401040702,2016,31.99027231,16.612791149,0.569924487
020401040702,2017,41.017806282,22.262304826,0.587716217
020401040702,2018,75.635432216,30.393825695,0.652707362
020401040702,2019,50.751744894,26.969751324,0.614243671
020401040703,2010,44.607070305,20.869736598,0.562170263
020401040703,2011,71.899649178,25.089001252,0.619325646
020401040703,2012,37.29270586,15.630274558,0.558676215
020401040703,2013,38.04599397,17.769124583,0.600100579
020401040703,2014,59.909506243,25.499814799,0.624148609
020401040703,2015,30.387604574,17.597506237,0.554140161
020401040703,2016,32.319038311,15.235168791,0.572097253
020401040703,2017,42.389855101,20.336585607,0.588728802
020401040703,2018,82.524837053,25.963852538,0.651552162
020401040703,2019,51.206525265,23.694580629,0.611687032
020401040704,2010,50.419767245,16.367619301,0.518149159
020401040704,2011,82.990664302,21.377845378,0.565981772
020401040704,2012,46.030452902,12.500226318,0.496868702
020401040704,2013,44.091302852,14.196865595,0.543909967
020401040704,2014,63.509022112,20.165890198,0.580330316
020401040704,2015,29.489013695,13.368239595,0.507671466
020401040704,2016,35.447843425,10.813707033,0.497207515
020401040704,2017,42.272326449,14.521620336,0.521815595
020401040704,2018,84.209407474,19.459009925,0.592607348
020401040704,2019,57.160163484,20.056123335,0.567832956
020401040705,2010,43.922893654,16.862308431,0.534812007
020401040705,2011,81.965769458,20.724613507,0.595372393
020401040705,2012,42.67581732,13.171210065,0.53057434
020401040705,2013,46.901809598,15.519223687,0.577958049
020401040705,2014,64.217350305,20.981524239,0.603126585
020401040705,2015,33.366352395,14.811104183,0.537191773
020401040705,2016,38.827273104,13.16056036,0.544030981
020401040705,2017,48.038850399,17.146422771,0.563776797
020401040705,2018,90.962059772,21.116561676,0.626245846
020401040705,2019,59.050474975,20.103168236,0.598870352
020401040801,2010,57.239305727,29.089658679,0.618317617
020401040801,2011,88.737284278,40.011067049,0.700614286
020401040801,2012,44.981151398,27.731089315,0.640637011
020401040801,2013,62.818425644,35.252729292,0.691339172
020401040801,2014,79.098720419,34.327196074,0.673174962
020401040801,2015,39.705103524,25.638679651,0.605294866
020401040801,2016,43.52767371,26.803467574,0.620696047
020401040801,2017,55.431551522,33.093208507,0.674736878
020401040801,2018,103.564829988,44.946471983,0.699703935
020401040801,2019,69.165624332,38.082045899,0.677151737
020401040802,2010,58.460554722,32.34746378,0.647293563
020401040802,2011,90.023645258,44.274554391,0.71292587
020401040802,2012,45.131096368,29.670517481,0.666659877
020401040802,2013,61.793053815,39.008874711,0.724596375
020401040802,2014,74.697759215,35.939146746,0.698441328
020401040802,2015,40.918988616,26.151373829,0.625141406
020401040802,2016,44.291840412,29.002059791,0.662290403
020401040802,2017,56.175824259,34.477584481,0.702939163
020401040802,2018,104.026738506,49.230767332,0.725765136
020401040802,2019,70.130043214,41.700557261,0.702435909
020401040803,2010,40.685312097,10.683340349,0.649382663
020401040803,2011,62.758745031,14.382895326,0.711841857
020401040803,2012,31.650895259,8.273555335,0.610899712
020401040803,2013,44.713886354,11.379726337,0.68961311
020401040803,2014,56.351062401,11.884900716,0.684181566
020401040803,2015,23.829510846,8.054522883,0.612773389
020401040803,2016,28.019900289,7.881903095,0.612243004
020401040803,2017,34.548571367,9.438984196,0.660558514
020401040803,2018,77.14876524,15.141383149,0.708071221
020401040803,2019,50.380597037,12.968879427,0.67959686
020401040804,2010,43.575612718,23.046540223,0.621363202
020401040804,2011,74.823349049,31.75469711,0.691407482
020401040804,2012,39.702831399,21.993348165,0.619374244
020401040804,2013,50.334646267,26.719256307,0.683899639
020401040804,2014,61.589645057,26.943883158,0.67505892
020401040804,2015,33.391320712,19.966315687,0.604866068
020401040804,2016,35.083310396,21.104640206,0.616916027
020401040804,2017,46.207331604,24.721712712,0.665289452
020401040804,2018,90.320316913,34.766468485,0.700206069
020401040804,2019,59.67569896,30.224638651,0.674500424
020401040805,2010,57.978460666,34.220726177,0.622658194
020401040805,2011,97.847497085,49.727635712,0.704979043
020401040805,2012,49.654228154,33.421992685,0.648686185
020401040805,2013,67.227023476,43.047548224,0.7025851
020401040805,2014,80.396149328,40.591463509,0.679625837
020401040805,2015,42.706979376,28.92615714,0.610744631
020401040805,2016,47.291206461,31.575502068,0.635011541
020401040805,2017,62.350356804,40.008567473,0.684610796
020401040805,2018,113.340250037,55.4607548,0.707427251
020401040805,2019,75.830516848,46.249023754,0.686205271
020401040901,2010,51.760473134,9.900665104,0.588548789
020401040901,2011,73.824642448,14.575154476,0.652032178
020401040901,2012,34.247486241,7.787274807,0.599342236
020401040901,2013,36.543065834,8.029231182,0.624786996
020401040901,2014,62.763685371,11.313691442,0.648894733
020401040901,2015,31.463802316,8.759224656,0.571358864
020401040901,2016,31.749551467,7.361158232,0.58025886
020401040901,2017,39.202680335,9.262139227,0.606649889
020401040901,2018,78.793177068,13.459451113,0.660600843
020401040901,2019,53.327640929,12.641711139,0.637072124
020401040902,2010,62.666450581,27.486836834,0.680732733
020401040902,2011,88.790166578,36.363001552,0.740353407
020401040902,2012,51.490517528,26.833883851,0.706314027
020401040902,2013,64.069873468,32.265645671,0.748978089
020401040902,2014,80.116960993,31.810398329,0.733245691
020401040902,2015,45.048945724,24.6371272,0.665688175
020401040902,2016,47.299603207,24.545142894,0.693224303
020401040902,2017,53.09300438,27.831255924,0.71072305
020401040902,2018,100.068697839,38.403167124,0.757031046
020401040902,2019,77.462836897,36.501821591,0.728810407
020401040903,2010,52.000177932,12.182169314,0.597930475
020401040903,2011,76.799698426,17.279707396,0.659579067
020401040903,2012,39.148446549,10.351923592,0.610334684
020401040903,2013,46.497979064,11.33492168,0.642657372
020401040903,2014,67.00597297,13.997033869,0.657751648
020401040903,2015,35.242107075,10.892026383,0.57940949
020401040903,2016,37.408323963,9.682570014,0.597046238
020401040903,2017,45.297496785,11.677220167,0.620027769
020401040903,2018,84.49322371,16.661584321,0.671266766
020401040903,2019,60.363739502,15.886666145,0.649595093
020401040904,2010,44.07868554,27.292657038,0.602742246
020401040904,2011,83.2112643,38.212973436,0.669920581
020401040904,2012,41.98370815,27.153590401,0.612376814
020401040904,2013,47.774726764,32.259694791,0.655529909
020401040904,2014,66.134289103,31.490783905,0.654629219
020401040904,2015,37.922544593,24.610912562,0.582652807
020401040904,2016,34.809164599,24.461442875,0.604221276
020401040904,2017,48.004047011,29.739332788,0.638754923
020401040904,2018,95.127843151,42.440843782,0.68525183
020401040904,2019,64.281306482,36.705458041,0.660489117
020401040905,2010,48.880813875,26.71672411,0.631888217
020401040905,2011,86.216220498,37.90730121,0.704146566
020401040905,2012,47.58032351,26.802072721,0.652003566
020401040905,2013,55.736626871,31.090242759,0.692530246
020401040905,2014,71.678699627,32.384107484,0.67976047
020401040905,2015,43.95593146,25.256279885,0.611693424
020401040905,2016,42.211888833,25.371775579,0.641341428
020401040905,2017,55.962445352,30.613015809,0.677063834
020401040905,2018,97.678080568,41.766255993,0.714783579
020401040905,2019,72.519702677,38.153923237,0.695663645
020401041004,2010,41.430030253,19.441126197,0.61231344
020401041004,2011,84.230420882,25.279728014,0.687376127
020401041004,2012,38.810681232,15.789852869,0.585795023
020401041004,2013,53.176786273,19.395988384,0.65433446
020401041004,2014,68.155155155,27.055585452,0.652287268
020401041004,2015,32.336174645,20.18604375,0.598558987
020401041004,2016,39.131767038,17.898867587,0.602419285
020401041004,2017,51.663272656,22.614503724,0.659759779
020401041004,2018,99.01618463,28.482161384,0.691187359
020401041004,2019,63.710413011,25.845293901,0.657131237
020401041005,2010,39.780315872,18.372122852,0.59659768
020401041005,2011,84.795185808,25.285982783,0.665965366
020401041005,2012,44.920093655,17.318628292,0.588177492
020401041005,2013,51.6203933,18.895886587,0.626382307
020401041005,2014,67.200950371,26.525965015,0.630204588
020401041005,2015,38.782516944,21.140050798,0.574006736
020401041005,2016,43.294787154,16.573459263,0.5979635
020401041005,2017,51.209505769,21.234525018,0.627246447
020401041005,2018,96.490891243,26.077345339,0.676196177
020401041005,2019,70.55125275,28.069459558,0.642846619
020401050301,2010,39.49088334,18.813229062,0.586413092
020401050301,2011,88.149302409,25.131565359,0.671141003
020401050301,2012,37.425482069,15.674813682,0.569857575
020401050301,2013,56.60964418,18.772057633,0.657378134
020401050301,2014,70.185075659,26.528748728,0.652777697
020401050301,2015,36.746198482,19.365303391,0.588621457
020401050301,2016,37.109530189,16.480275697,0.589337374
020401050301,2017,54.740083304,21.919371916,0.643091131
020401050301,2018,92.487947517,29.049176991,0.660166
020401050301,2019,61.951911519,25.907927053,0.626796721
020401050302,2010,57.931880879,48.057322881,0.483298697
020401050302,2011,97.125278912,72.775143165,0.566433559
020401050302,2012,52.596543818,42.212836082,0.463170858
020401050302,2013,70.052840004,54.557302814,0.542842783
020401050302,2014,80.657826933,61.697733831,0.545479711
020401050302,2015,51.499479572,43.089729077,0.488861649
020401050302,2016,51.92418561,41.412561949,0.479498051
020401050302,2017,67.022322876,53.823137496,0.53038349
020401050302,2018,100.879368898,76.267867034,0.553961559
020401050302,2019,77.840965161,61.895856131,0.519352864
020401050303,2010,50.944786744,21.481637536,0.6071686
020401050303,2011,96.684991705,28.190069591,0.686274738
020401050303,2012,52.218000171,18.93215586,0.593189653
020401050303,2013,62.262254098,20.844093051,0.668343736
020401050303,2014,79.746162282,29.493289931,0.670634804
020401050303,2015,48.46920307,22.519921655,0.614530215
020401050303,2016,49.332732344,19.136378784,0.609106535
020401050303,2017,63.6649504,24.55307716,0.656651606
020401050303,2018,100.334116557,31.7644277,0.675246581
020401050303,2019,75.59013417,29.345427954,0.646314103
020401050601,2010,31.591912215,13.477255425,0.580645448
020401050601,2011,85.699286774,24.311565014,0.68161681
020401050601,2012,36.426187972,12.595610999,0.579757066
020401050601,2013,49.553290326,15.219497728,0.647868414
020401050601,2014,63.632553048,22.57422671,0.635953567
020401050601,2015,33.642135066,16.403514637,0.579034161
020401050601,2016,32.388230459,11.074642744,0.597909676
020401050601,2017,47.960317733,16.304319732,0.639169566
020401050601,2018,86.586582686,23.446556806,0.674718624
020401050601,2019,61.488328819,22.689611306,0.647342553
020401050602,2010,35.859834617,18.713736743,0.587980834
020401050602,2011,87.396388766,28.392010613,0.680275801
020401050602,2012,36.388627579,16.504019394,0.579333253
020401050602,2013,54.203463327,20.537646493,0.663772594
020401050602,2014,68.729257382,28.367835207,0.661827122
020401050602,2015,34.543431602,19.745432973,0.594915301
020401050602,2016,34.419315963,16.165999084,0.594100542
020401050602,2017,52.332373895,23.217436663,0.65102408
020401050602,2018,90.902922545,32.182389964,0.66823363
020401050602,2019,60.739709607,27.764050414,0.63794046
020401050603,2010,36.055856864,17.771413019,0.603297098
020401050603,2011,85.979691297,28.031645988,0.711616459
020401050603,2012,39.133197895,17.19957153,0.608656943
020401050603,2013,47.747603357,18.534306281,0.675214902
020401050603,2014,68.505446069,26.734832177,0.67528918
020401050603,2015,36.811202844,19.375467168,0.599705798
020401050603,2016,36.812365043,15.832426713,0.62655007
020401050603,2017,47.586270786,19.862432633,0.658318368
020401050603,2018,81.724122084,27.780994995,0.684197874
020401050603,2019,64.775472636,28.323287437,0.670944456
020401050604,2010,40.972387874,20.474652848,0.688085464
020401050604,2011,76.6742357,27.913832283,0.757609753
020401050604,2012,48.3557785,21.655462611,0.723362847
020401050604,2013,47.535531229,19.749629074,0.739050635
020401050604,2014,67.082721084,27.308113616,0.743113394
020401050604,2015,41.408242532,22.260451357,0.665269423
020401050604,2016,34.715958595,16.124545434,0.680724491
020401050604,2017,43.688124678,18.57274502,0.724952016
020401050604,2018,73.723681048,24.104617519,0.753394387
020401050604,2019,60.843028971,28.149494151,0.721220476
020401050605,2010,39.692113685,18.738116047,0.647046356
020401050605,2011,86.546589134,28.453062062,0.763930994
020401050605,2012,43.06315946,17.926492841,0.680925486
020401050605,2013,47.220064918,18.79028134,0.710191235
020401050605,2014,69.955957743,27.136109696,0.716671395
020401050605,2015,38.912597326,19.904555126,0.633950278
020401050605,2016,35.03171034,14.58947142,0.66281617
020401050605,2017,45.256958819,18.756272123,0.689348988
020401050605,2018,75.811803335,24.864027153,0.724327172
020401050605,2019,65.111245333,28.122784304,0.70606085
020401050701,2010,32.629386446,15.854444655,0.650351423
020401050701,2011,63.919638483,22.550729856,0.706666619
020401050701,2012,32.577926452,16.244839439,0.645998975
020401050701,2013,42.819780673,18.569180977,0.677838751
020401050701,2014,61.134291481,22.831272503,0.706773525
020401050701,2015,29.670871969,13.994708344,0.646489393
020401050701,2016,26.851416708,13.352164804,0.612914328
020401050701,2017,39.610222303,18.626103301,0.684500359
020401050701,2018,74.541452923,25.258645575,0.709753482
020401050701,2019,45.865097961,19.331350041,0.66635163
020401050702,2010,30.514475803,10.253243643,0.67258726
020401050702,2011,68.0423877,15.204889138,0.729377079
020401050702,2012,30.122265137,9.782478162,0.691709441
020401050702,2013,39.524215805,11.043919329,0.694107068
020401050702,2014,59.201330724,14.862162815,0.738672089
020401050702,2015,26.237189534,9.235129108,0.670465854
020401050702,2016,25.746617586,8.659325249,0.662457775
020401050702,2017,34.390062693,11.502219994,0.70464523
020401050702,2018,72.258086296,16.797424747,0.737686789
020401050702,2019,43.107288078,12.639636219,0.691577102
020401050703,2010,36.583593442,9.315070129,0.699803256
020401050703,2011,78.402422678,13.520963179,0.751985707
020401050703,2012,38.495643929,9.424464515,0.737590925
020401050703,2013,39.753827592,8.952813181,0.700332315
020401050703,2014,68.893944927,13.346320752,0.767135069
020401050703,2015,34.740017263,9.284226258,0.700782816
020401050703,2016,25.894149928,7.471582075,0.682010772
020401050703,2017,35.795746962,9.945888429,0.730998481
020401050703,2018,84.864768156,15.308877446,0.769617021
020401050703,2019,50.604844211,11.593912427,0.720746679
020401050903,2010,45.142512969,16.254247413,0.669166886
020401050903,2011,80.651257823,19.763921257,0.759490972
020401050903,2012,44.544936136,12.818490102,0.683554884
020401050903,2013,47.143073603,13.60952714,0.710180301
020401050903,2014,75.976912877,22.148805267,0.754601651
020401050903,2015,39.336057188,15.299587118,0.656114247
020401050903,2016,34.218477435,9.425625708,0.673142444
020401050903,2017,42.228903985,13.707484557,0.697666981
020401050903,2018,82.612935348,19.362552835,0.740729038
020401050903,2019,61.703275815,20.320588494,0.717523562
020401050904,2010,49.095472003,24.194411168,0.683870347
020401050904,2011,87.963706056,32.105630196,0.757236913
020401050904,2012,50.95347711,22.77852611,0.698684906
020401050904,2013,52.955156764,23.034882759,0.722140989
020401050904,2014,77.344696947,32.107460405,0.746188321
020401050904,2015,44.607463595,23.817940844,0.662026649
020401050904,2016,38.047907601,17.590605214,0.670538245
020401050904,2017,46.244205245,21.123933801,0.707700682
020401050904,2018,83.886161926,29.843581035,0.740917677
020401050904,2019,70.522702214,32.740750953,0.726308027
020401050908,2010,47.946753717,19.087938797,0.683186218
020401050908,2011,73.905841186,22.679739477,0.749789082
020401050908,2012,51.431308429,16.120548432,0.714413723
020401050908,2013,47.119680671,16.567120674,0.702039701
020401050908,2014,77.308693671,26.118005377,0.757379293
020401050908,2015,45.519100007,18.689010023,0.683433756
020401050908,2016,33.130868258,11.575220111,0.661029834
020401050908,2017,45.36985889,16.07431082,0.713269226
020401050908,2018,80.848129413,22.545513701,0.732156339
020401050908,2019,61.88290754,22.733560925,0.721927263
020401050909,2010,44.165679425,18.578455256,0.671658058
020401050909,2011,65.400997614,21.668851551,0.756266965
020401050909,2012,50.159466601,15.816510628,0.737584812
020401050909,2013,49.289857154,18.452005818,0.727413774
020401050909,2014,68.193699358,24.592066032,0.757102342
020401050909,2015,47.624206738,19.613912347,0.6980625
020401050909,2016,29.553361102,10.69049194,0.665113306
020401050909,2017,43.436256472,15.998726171,0.715356008
020401050909,2018,79.204532252,23.663588201,0.737954971
020401050909,2019,56.687062167,21.28665463,0.728138257
020401050910,2010,43.129078582,17.689858703,0.673399074
020401050910,2011,62.880418006,21.981664381,0.743193617
020401050910,2012,51.313950762,15.902179842,0.742111108
020401050910,2013,53.525122339,19.129907925,0.732202778
020401050910,2014,64.930495574,23.559319691,0.745491419
020401050910,2015,46.7245408,18.919284737,0.698675503
020401050910,2016,28.974466763,11.110793152,0.658389771
020401050910,2017,38.961325652,14.744391588,0.701267597
020401050910,2018,77.600090648,23.853886831,0.732734069
020401050910,2019,55.258312997,20.812387521,0.721119603
020401050911,2010,55.01255438,27.715701848,0.627997191
020401050911,2011,71.975048503,32.953969687,0.667832915
020401050911,2012,62.71925449,26.778116165,0.659305204
020401050911,2013,65.787612237,29.721782316,0.668903413
020401050911,2014,70.625022885,32.799439184,0.675965329
020401050911,2015,56.643679372,28.398653829,0.642485596
020401050911,2016,40.270426278,20.699413886,0.605755992
020401050911,2017,48.543719111,24.036893058,0.624477323
020401050911,2018,82.080698103,34.684105373,0.669378927
020401050911,2019,68.247751337,32.810829963,0.65672425
020401060101,2010,78.517955595,30.477445628,0.71189617
020401060101,2011,102.298537041,40.305814402,0.769951938
020401060101,2012,60.70307408,25.484558013,0.732163071
020401060101,2013,72.18059054,30.338321549,0.773192681
020401060101,2014,88.627330559,35.851657456,0.784423419
020401060101,2015,51.650977277,25.031984904,0.709916599
020401060101,2016,51.867896201,24.838084231,0.72225446
020401060101,2017,55.016918694,25.127987685,0.74736555
020401060101,2018,100.738403888,37.018850849,0.778798557
020401060101,2019,84.667355119,36.5255969,0.764827668
020401060102,2010,70.746736458,23.627882168,0.752882694
020401060102,2011,93.70818016,32.79944841,0.796790336
020401060102,2012,51.833678534,20.560494829,0.774687609
020401060102,2013,57.630408169,23.169800306,0.806292782
020401060102,2014,76.231132696,27.100838039,0.813718266
020401060102,2015,46.395537546,21.563461046,0.750925124
020401060102,2016,43.210311099,18.706032615,0.749124223
020401060102,2017,50.998074543,22.839428594,0.782787026
020401060102,2018,92.83791323,32.586934489,0.810937248
020401060102,2019,75.976508355,30.332901325,0.803256789
020401060103,2010,62.136312106,21.003302978,0.73053439
020401060103,2011,84.826367258,28.889342914,0.799118417
020401060103,2012,54.713540014,20.977323853,0.76581674
020401060103,2013,60.279398593,22.882812564,0.799348984
020401060103,2014,73.166869526,24.795629136,0.79694186
020401060103,2015,40.353197577,18.626121442,0.717585926
020401060103,2016,45.453242087,18.712124157,0.749286107
020401060103,2017,45.6464235,20.888111951,0.759335908
020401060103,2018,83.222936517,27.586624855,0.794535195
020401060103,2019,68.260977277,27.214830993,0.785228446
020401060104,2010,68.566472987,23.290433981,0.736827791
020401060104,2011,89.297045141,30.594586604,0.782087188
020401060104,2012,58.887814572,21.826995741,0.757263454
020401060104,2013,63.748324693,23.538060423,0.790936755
020401060104,2014,72.948423021,25.619824749,0.786731958
020401060104,2015,46.942816283,20.770519149,0.734952633
020401060104,2016,44.226173895,17.833879064,0.725814667
020401060104,2017,51.052180898,20.916769764,0.765476725
020401060104,2018,89.158859076,29.441957772,0.797919488
020401060104,2019,80.452717374,30.966169221,0.792326921
020401060201,2010,56.57188526,26.008658461,0.692609248
020401060201,2011,79.100847455,36.5548548,0.757564378
020401060201,2012,43.010268791,22.99511455,0.726121515
020401060201,2013,45.849995224,25.254320406,0.751464796
020401060201,2014,63.862787641,30.612677423,0.756791458
020401060201,2015,34.506874166,20.958463075,0.693719887
020401060201,2016,33.207581446,18.239297599,0.684032499
020401060201,2017,43.158311269,24.400880758,0.732493567
020401060201,2018,74.425976238,36.06956333,0.76423571
020401060201,2019,74.108997338,36.995573424,0.766358974
020401060202,2010,56.91809259,31.253340056,0.696048894
020401060202,2011,76.517726108,42.012755804,0.752056422
020401060202,2012,43.930378982,27.301277866,0.72456436
020401060202,2013,47.739602242,30.378144967,0.756914766
020401060202,2014,63.653212519,35.984352899,0.757493216
020401060202,2015,36.226787617,25.050413081,0.698058343
020401060202,2016,33.415054983,21.728047493,0.689700729
020401060202,2017,42.689709413,28.673896267,0.733100299
020401060202,2018,73.281463513,42.825274813,0.767231781
020401060202,2019,72.761115021,43.446748549,0.768952389
020401060203,2010,76.271235214,23.8622173,0.790759895
020401060203,2011,88.989410872,31.956808677,0.807538578
020401060203,2012,55.467224508,22.748698726,0.796251669
020401060203,2013,65.273797202,25.003149783,0.832442183
020401060203,2014,72.896942356,26.889616214,0.827514125
020401060203,2015,37.960852759,19.190766313,0.753845479
020401060203,2016,44.963993383,19.937859925,0.768807701
020401060203,2017,58.546260227,25.452367735,0.818104302
020401060203,2018,93.803510877,34.926209837,0.828107681
020401060203,2019,86.690522693,33.500855138,0.809567292
020401060204,2010,67.297244908,26.084649417,0.710726426
020401060204,2011,86.813097025,33.950817049,0.759707307
020401060204,2012,53.649298968,25.379249665,0.736496088
020401060204,2013,56.470079667,26.479300983,0.76276909
020401060204,2014,69.968240498,30.521422071,0.77079004
020401060204,2015,42.963981505,23.608180691,0.70955868
020401060204,2016,40.415248111,21.424630959,0.706254224
020401060204,2017,53.401456897,27.386495076,0.750151485
020401060204,2018,88.206121837,36.363950672,0.779099978
020401060204,2019,79.416529904,36.096876943,0.76890928
020401060301,2010,65.910214188,23.303846295,0.635960421
020401060301,2011,92.500606458,32.139646975,0.702252916
020401060301,2012,57.47398511,24.68292407,0.684203085
020401060301,2013,54.247607461,24.584914062,0.691217914
020401060301,2014,71.569064681,27.293142257,0.69351366
020401060301,2015,44.778074171,22.256729863,0.648679806
020401060301,2016,42.132064454,20.104261681,0.636998442
020401060301,2017,49.582950561,24.866503871,0.686193918
020401060301,2018,93.01367454,33.861021413,0.71780327
020401060301,2019,76.331747875,32.976505823,0.691433174
020401060302,2010,62.924919158,25.121757196,0.610228766
020401060302,2011,81.909994123,32.77684896,0.676678193
020401060302,2012,47.453120287,24.28401078,0.631186069
020401060302,2013,49.612802013,25.62085027,0.670474508
020401060302,2014,64.508270583,31.313478863,0.697417123
020401060302,2015,34.434032075,22.473700525,0.620244697
020401060302,2016,33.437166661,19.765953683,0.603595153
020401060302,2017,51.735775589,27.736922925,0.658239684
020401060302,2018,80.142614388,35.302535184,0.699691281
020401060302,2019,67.127253131,35.173528103,0.681078053
020401060303,2010,61.275533035,21.198310206,0.601251117
020401060303,2011,90.483736103,29.295546793,0.682394115
020401060303,2012,54.00240333,21.825583473,0.643467775
020401060303,2013,60.710134327,24.240342679,0.687242771
020401060303,2014,77.381524411,26.270281971,0.678352073
020401060303,2015,40.439787035,19.604776128,0.60168562
020401060303,2016,44.749746542,19.882406362,0.621050215
020401060303,2017,47.708966311,22.303175481,0.64797973
020401060303,2018,94.952822072,30.23077784,0.688628889
020401060303,2019,69.132824343,27.756755786,0.668206221
020401060304,2010,67.147900949,22.950836872,0.628667807
020401060304,2011,95.893800246,31.148488282,0.701648765
020401060304,2012,57.705131308,23.450652376,0.663644736
020401060304,2013,63.149714988,25.636313869,0.700047507
020401060304,2014,75.836782454,28.035055278,0.702149588
020401060304,2015,43.472575423,21.645589241,0.635212654
020401060304,2016,41.154705623,18.988181049,0.630186814
020401060304,2017,57.237472743,25.750453572,0.691029876
020401060304,2018,96.580272141,32.871012752,0.721667854
020401060304,2019,75.02469922,31.758605062,0.689896086
020401060305,2010,73.649435242,29.317956999,0.649200646
020401060305,2011,104.872423137,38.135987993,0.706662033
020401060305,2012,59.669350938,29.821509236,0.685644216
020401060305,2013,71.748989772,32.356056583,0.710234516
020401060305,2014,80.880085602,35.367010342,0.720286357
020401060305,2015,44.834383955,25.352730661,0.645644334
020401060305,2016,45.793286553,24.78516875,0.648184401
020401060305,2017,66.79484668,32.536798201,0.720316876
020401060305,2018,98.152595657,41.107534211,0.74379556
020401060305,2019,82.53396256,40.106079665,0.702317868
020401060306,2010,76.132283486,25.190466707,0.656826234
020401060306,2011,113.270174114,33.611325423,0.71563344
020401060306,2012,63.797629504,26.309661707,0.694935949
020401060306,2013,77.237550734,28.687645799,0.720101465
020401060306,2014,85.219752694,31.171616011,0.728731946
020401060306,2015,46.683114528,22.214609142,0.653815729
020401060306,2016,46.66202064,21.471834886,0.657031536
020401060306,2017,71.529981366,28.826216381,0.730135204
020401060306,2018,103.852710821,36.168913301,0.751248948
020401060306,2019,85.213923021,35.260448373,0.709300019
020401060307,2010,65.868618923,25.327666431,0.651353453
020401060307,2011,94.402018421,33.888919941,0.710425402
020401060307,2012,55.213759956,26.172436422,0.688434876
020401060307,2013,65.468026722,28.790042794,0.715421966
020401060307,2014,74.916464049,31.37415886,0.724131921
020401060307,2015,43.078772331,22.710606547,0.647196058
020401060307,2016,41.483869289,21.786495995,0.65054487
020401060307,2017,61.102377195,28.847754,0.724251063
020401060307,2018,89.839258493,36.036294198,0.746156454
020401060307,2019,73.861870632,35.574223676,0.705909382
020401060308,2010,71.606001026,25.082453389,0.649777103
020401060308,2011,108.718828933,33.149419699,0.706679645
020401060308,2012,59.929506164,25.777480588,0.68595795
020401060308,2013,71.843237613,27.937644153,0.710142729
020401060308,2014,80.823611513,30.323576512,0.718186104
020401060308,2015,45.533232578,22.234431311,0.645582086
020401060308,2016,44.1984078,21.260179563,0.64920845
020401060308,2017,68.267030078,28.43965263,0.720854897
020401060308,2018,100.907801264,35.438815281,0.741593323
020401060308,2019,78.798356163,34.108106708,0.699193183
020401060309,2010,64.724610631,25.176573363,0.665558995
020401060309,2011,105.102475817,32.425615256,0.72391824
020401060309,2012,59.790333695,26.941256028,0.702834671
020401060309,2013,73.53597373,28.476508454,0.717601232
020401060309,2014,81.477498216,29.12711699,0.717882096
020401060309,2015,48.634044592,24.793463737,0.674494591
020401060309,2016,47.19690189,22.653791361,0.670755697
020401060309,2017,63.778630443,27.773702679,0.717514463
020401060309,2018,98.943981687,35.070834587,0.738444015
020401060309,2019,78.885908696,35.846220894,0.706647065
020401060310,2010,68.054891366,25.075826293,0.64125288
020401060310,2011,97.942575621,32.926269677,0.711468182
020401060310,2012,58.847927405,24.942499825,0.672425572
020401060310,2013,71.236985132,28.100772779,0.715604393
020401060310,2014,79.475198559,29.437365556,0.70885281
020401060310,2015,45.683141728,22.696243101,0.637906183
020401060310,2016,45.60629626,21.048418227,0.646260103
020401060310,2017,63.099581135,27.848754981,0.709438549
020401060310,2018,99.903584387,34.620091047,0.734833857
020401060310,2019,75.380939167,32.691308941,0.694999361
020401060401,2010,43.82203596,31.638562696,0.616194887
020401060401,2011,75.150936592,52.932831395,0.700678384
020401060401,2012,33.568612718,25.855407019,0.597345894
020401060401,2013,53.599311374,38.733534572,0.670399816
020401060401,2014,69.17210229,44.398446275,0.677149479
020401060401,2015,34.244827279,27.159795355,0.595108445
020401060401,2016,33.669908054,25.275502113,0.590286454
020401060401,2017,42.131908289,33.063723596,0.653679781
020401060401,2018,90.746352761,60.408960964,0.709181618
020401060401,2019,58.284945731,43.400400518,0.668140181
020401060402,2010,45.616140275,33.38978319,0.62157181
020401060402,2011,77.088991739,55.08641554,0.704804597
020401060402,2012,36.368522712,28.63320423,0.605373266
020401060402,2013,55.241792245,40.455686608,0.67561233
020401060402,2014,69.441173173,44.633248028,0.679014194
020401060402,2015,35.582072692,28.472242083,0.59891636
020401060402,2016,35.434713561,27.033514264,0.596651423
020401060402,2017,45.115971494,35.986479418,0.65948821
020401060402,2018,93.015321699,62.848538294,0.714054362
020401060402,2019,61.157052549,46.205595216,0.675433147
020401060403,2010,49.724166967,14.66575779,0.699109186
020401060403,2011,88.355749476,21.775456057,0.774859974
020401060403,2012,40.427276031,12.994295155,0.717139189
020401060403,2013,64.492879482,18.306748849,0.78407376
020401060403,2014,70.818555569,18.319263794,0.761569768
020401060403,2015,34.153374371,13.440490842,0.689516092
020401060403,2016,34.945231722,12.436484529,0.70221169
020401060403,2017,48.673032043,17.231007512,0.763904356
020401060403,2018,101.813347807,23.872316469,0.787316736
020401060403,2019,60.169870639,19.637636551,0.743210747
020401060404,2010,47.88771159,15.960474974,0.681290819
020401060404,2011,83.683467834,23.462822144,0.751227083
020401060404,2012,44.857112189,15.892061526,0.696850694
020401060404,2013,67.035228975,21.068328235,0.759880605
020401060404,2014,66.328042334,19.676301444,0.733999814
020401060404,2015,34.498838302,14.965023746,0.67353339
020401060404,2016,35.113635898,13.128381073,0.683259369
020401060404,2017,50.184217224,18.155128154,0.735817427
020401060404,2018,96.000734752,24.797924949,0.771719274
020401060404,2019,62.417696054,22.590801356,0.735158093
020401060501,2010,34.671654487,14.459184584,0.63361743
020401060501,2011,73.097394907,22.075159299,0.708915128
020401060501,2012,31.156988891,13.749838599,0.630520632
020401060501,2013,49.880763537,18.657369149,0.709609603
020401060501,2014,58.401124312,19.963519535,0.679715891
020401060501,2015,28.627733434,14.455399622,0.621448093
020401060501,2016,25.472801535,11.905740837,0.605624804
020401060501,2017,38.271471114,15.356467892,0.671284536
020401060501,2018,85.829178292,24.067693567,0.713601984
020401060501,2019,54.890641838,21.767581549,0.687633489
020401060502,2010,43.193274607,20.633253926,0.667599047
020401060502,2011,89.006529057,30.864673853,0.736189387
020401060502,2012,39.31271322,19.027342517,0.677109902
020401060502,2013,61.498043163,26.14269804,0.751394537
020401060502,2014,69.073849137,25.899857029,0.717283561
020401060502,2015,34.97305998,18.541714694,0.651894385
020401060502,2016,34.847691713,17.084440291,0.658919477
020401060502,2017,50.141251449,22.433096717,0.716734373
020401060502,2018,98.615071323,31.936964965,0.743380637
020401060502,2019,62.236737992,28.087881151,0.709236339
020401060601,2010,39.996146596,25.006156452,0.637919812
020401060601,2011,78.100447414,37.725891022,0.714143358
020401060601,2012,34.404132704,22.645394845,0.663358167
020401060601,2013,48.604351838,26.69002236,0.700998793
020401060601,2014,56.810001505,30.534583465,0.702610448
020401060601,2015,28.43842389,19.103142414,0.640993571
020401060601,2016,32.768367078,21.433500501,0.654973795
020401060601,2017,49.335963788,28.133153993,0.7015109
020401060601,2018,77.687640939,39.044278709,0.725319166
020401060601,2019,55.077015706,32.389391972,0.684224561
020401060602,2010,40.347650609,22.302138,0.593420661
020401060602,2011,77.605511539,33.25525355,0.659932657
020401060602,2012,35.152583829,19.816599843,0.576264826
020401060602,2013,46.418203892,23.08703323,0.61495487
020401060602,2014,60.605387843,28.975389995,0.639612882
020401060602,2015,32.232774873,19.574810138,0.572946539
020401060602,2016,35.206650676,20.566260403,0.581550829
020401060602,2017,51.039188893,26.064885742,0.629503906
020401060602,2018,74.515564971,33.039107683,0.654203386
020401060602,2019,55.755838329,29.393466604,0.613851461
020401060701,2010,54.622240875,38.935528806,0.730344384
020401060701,2011,89.139890959,59.382510844,0.759325081
020401060701,2012,46.641404615,33.729246292,0.73044515
020401060701,2013,55.039782403,36.439126158,0.761361568
020401060701,2014,80.69806004,53.412944269,0.783642474
020401060701,2015,44.127505387,33.480210463,0.695478584
020401060701,2016,44.691921219,31.98774367,0.717440417
020401060701,2017,62.362119104,43.872838372,0.78719104
020401060701,2018,90.578874579,61.492345085,0.789473281
020401060701,2019,70.080188585,51.015050175,0.732628527
020401060702,2010,50.564437483,32.751071044,0.728346521
020401060702,2011,81.233908236,48.3001729,0.757696932
020401060702,2012,43.035280157,28.902827556,0.73093739
020401060702,2013,51.19555936,30.482231464,0.760180406
020401060702,2014,77.956198636,45.578898774,0.783371846
020401060702,2015,39.641248934,28.392546082,0.693881461
020401060702,2016,40.626438613,26.797918623,0.714832803
020401060702,2017,56.560488296,36.439609659,0.784326028
020401060702,2018,86.886283429,51.117713858,0.787951827
020401060702,2019,65.334069259,43.29092328,0.730017673
020401060703,2010,54.310974435,31.575886077,0.611131607
020401060703,2011,83.41709323,41.155421902,0.665667538
020401060703,2012,49.22125812,28.08853726,0.607132427
020401060703,2013,55.519287745,29.302348868,0.630338275
020401060703,2014,77.724954701,39.355100542,0.655096416
020401060703,2015,44.024436004,27.981338504,0.589996539
020401060703,2016,44.154101618,26.188979834,0.589378982
020401060703,2017,61.532386659,33.259924836,0.634291169
020401060703,2018,87.274705152,42.273582443,0.677657764
020401060703,2019,68.689452727,39.733875645,0.629500757
020401060801,2010,58.932911005,23.699587387,0.679448425
020401060801,2011,104.450362992,35.104484136,0.736941643
020401060801,2012,57.986845688,25.579538045,0.733236726
020401060801,2013,73.680488422,29.53798443,0.761013731
020401060801,2014,73.566118687,27.853751755,0.731586868
020401060801,2015,43.207016192,21.904452584,0.687141875
020401060801,2016,42.72770538,20.829924831,0.696800871
020401060801,2017,62.340734702,27.493295561,0.747240644
020401060801,2018,98.851962085,37.053571128,0.768593898
020401060801,2019,74.38386571,33.629622319,0.726723876
020401060802,2010,41.100808062,20.588191343,0.640080745
020401060802,2011,84.420974668,31.334245308,0.713816108
020401060802,2012,36.97050747,19.652139917,0.64500524
020401060802,2013,55.60931096,23.977461084,0.70354386
020401060802,2014,63.170787297,26.052786465,0.682275654
020401060802,2015,33.919551953,18.819599929,0.623472299
020401060802,2016,32.979758269,17.284198604,0.627372745
020401060802,2017,47.659863665,23.089133399,0.674093006
020401060802,2018,87.017921096,32.187621536,0.719812385
020401060802,2019,62.75316542,28.768280573,0.674662256
020401060803,2010,40.520232771,24.964156588,0.633809544
020401060803,2011,78.791915866,36.367399166,0.711808467
020401060803,2012,37.24165994,23.235812176,0.658412304
020401060803,2013,54.492717223,29.104465741,0.702494105
020401060803,2014,66.964171993,30.882506174,0.685343521
020401060803,2015,32.622662269,21.443807201,0.621946144
020401060803,2016,32.697172462,20.45731703,0.641709363
020401060803,2017,47.032897007,27.179808642,0.684585488
020401060803,2018,85.427514142,38.988381005,0.722335392
020401060803,2019,60.909414343,34.370615243,0.667363511
020401060804,2010,47.155355884,21.204063251,0.645203738
020401060804,2011,88.196419298,29.994668553,0.714341381
020401060804,2012,43.742524992,20.479885,0.662650569
020401060804,2013,63.929030215,24.692479249,0.714676052
020401060804,2014,70.472710757,25.868482242,0.689994918
020401060804,2015,37.714326083,19.349197326,0.632533549
020401060804,2016,39.35996394,18.380226341,0.644547646
020401060804,2017,53.128252809,23.186673346,0.68931389
020401060804,2018,92.213778358,31.349976986,0.728192702
020401060804,2019,67.404605514,29.352967142,0.683192805
020401060805,2010,41.679032047,24.560638003,0.637490593
020401060805,2011,83.373327673,35.919410906,0.71526121
020401060805,2012,38.140093484,22.214362811,0.659832319
020401060805,2013,53.513149372,27.225896245,0.703499399
020401060805,2014,68.069629637,29.744849623,0.686606071
020401060805,2015,33.463242971,20.852654639,0.625317045
020401060805,2016,34.040390887,20.277082859,0.644517706
020401060805,2017,50.315059501,27.189880858,0.689302132
020401060805,2018,85.289628343,37.134175868,0.722866983
020401060805,2019,61.974691054,33.40317034,0.668770259
020401060806,2010,43.489961454,26.579296207,0.643670021
020401060806,2011,84.862195065,37.897942294,0.722321778
020401060806,2012,38.027201793,23.094499814,0.661094383
020401060806,2013,53.067528024,28.811272338,0.70683641
020401060806,2014,67.301708551,30.764552186,0.689208635
020401060806,2015,34.071008028,21.821056881,0.630636542
020401060806,2016,34.930172403,21.363285121,0.647843086
020401060806,2017,51.011019418,28.795341894,0.693463085
020401060806,2018,83.921567419,38.624086036,0.727030275
020401060806,2019,63.158253125,35.094780762,0.673055925
020401060807,2010,43.448273649,24.373093973,0.654385648
020401060807,2011,86.86596338,37.006569219,0.728552855
020401060807,2012,38.028426241,22.110050695,0.652334114
020401060807,2013,54.47979247,26.416446074,0.710572277
020401060807,2014,67.849480563,31.560167565,0.697646147
020401060807,2015,35.449446345,21.517758559,0.631342496
020401060807,2016,36.461397562,20.567327953,0.639409929
020401060807,2017,50.787242815,27.187485419,0.685438836
020401060807,2018,86.399984357,36.964155378,0.73017014
020401060807,2019,64.928491871,33.167764785,0.686496484
020401060808,2010,42.077321638,26.857958328,0.649763081
020401060808,2011,83.550797669,40.032004699,0.733172947
020401060808,2012,38.600477965,24.391703433,0.669593521
020401060808,2013,49.577411994,28.34793329,0.713296745
020401060808,2014,67.297494425,32.122772386,0.69719545
020401060808,2015,34.243893018,22.756269281,0.633743258
020401060808,2016,34.355744104,21.868429274,0.655308691
020401060808,2017,49.989378649,29.35639476,0.700539341
020401060808,2018,85.696682146,40.769975929,0.737131219
020401060808,2019,66.399374381,37.716988332,0.686646752
020401060809,2010,42.844277947,27.712929168,0.30020328
020401060809,2011,80.734404437,40.236478304,0.318886057
020401060809,2012,41.95998236,27.557750911,0.300860888
020401060809,2013,54.889565706,32.331699728,0.315684126
020401060809,2014,59.689844455,32.819238135,0.306333834
020401060809,2015,37.170297494,25.262911545,0.285516685
020401060809,2016,37.547892109,24.684702375,0.296564227
020401060809,2017,52.15909092,32.09075008,0.31029696
020401060809,2018,79.817344418,40.945979434,0.321709542
020401060809,2019,60.077682119,35.796523178,0.30802496
020401060810,2010,44.196467582,26.723489207,0.536237914
020401060810,2011,81.226724616,37.354165088,0.598165767
020401060810,2012,42.325814043,25.712458018,0.548434706
020401060810,2013,50.669181375,28.486618088,0.586640216
020401060810,2014,62.096298502,30.879679454,0.577716404
020401060810,2015,36.671626335,24.005780929,0.522231408
020401060810,2016,39.318236493,24.417155582,0.545565405
020401060810,2017,50.657940795,29.234785723,0.573188523
020401060810,2018,78.586617212,37.521546484,0.591452648
020401060810,2019,59.823627594,33.229899985,0.568781933
020401060811,2010,45.484431993,24.653851092,0.630080699
020401060811,2011,79.686828358,36.213562222,0.71582276
020401060811,2012,46.023486796,23.130145139,0.667189118
020401060811,2013,53.152064945,26.467148365,0.699283183
020401060811,2014,76.553716168,38.928417321,0.715562669
020401060811,2015,40.649085753,23.169124737,0.604172231
020401060811,2016,36.929701226,18.775832729,0.626114805
020401060811,2017,49.924197593,24.877091333,0.687765975
020401060811,2018,80.849919871,34.980409678,0.709609308
020401060811,2019,69.098942747,36.250828087,0.678338776
020401060812,2010,56.488906259,30.170238377,0.646531261
020401060812,2011,106.282476022,43.584379055,0.748941071
020401060812,2012,55.284507107,28.056766393,0.679741232
020401060812,2013,61.029038796,29.885881551,0.703014138
020401060812,2014,83.731307356,40.67622624,0.718932116
020401060812,2015,49.488018992,28.550423619,0.6275993
020401060812,2016,50.711789105,26.878513459,0.660367849
020401060812,2017,64.215585941,32.409809866,0.69403873
020401060812,2018,95.071415772,39.8451102,0.72213428
020401060812,2019,80.788522397,39.588711092,0.698525354
020401060813,2010,55.424540509,25.771332027,0.620671538
020401060813,2011,98.012702917,35.829566052,0.703675151
020401060813,2012,55.811157784,24.350679598,0.644115699
020401060813,2013,62.487557366,26.375485979,0.674913448
020401060813,2014,84.004330189,33.886090284,0.685158634
020401060813,2015,48.96131012,24.646248207,0.60194448
020401060813,2016,49.993297864,22.56879212,0.618092294
020401060813,2017,62.984751996,27.202763224,0.661369141
020401060813,2018,95.942320081,34.766537478,0.694111858
020401060813,2019,78.845052518,34.334656573,0.659036454
020402010201,2010,42.488779492,22.558477487,0.34258578
020402010201,2011,67.267345127,27.351305606,0.367433018
020402010201,2012,41.610016978,21.16489271,0.351996728
020402010201,2013,37.583055044,19.189833344,0.340727863
020402010201,2014,60.175023955,24.651135073,0.369280592
020402010201,2015,43.490368245,22.913685289,0.354419838
020402010201,2016,31.132852548,18.194002101,0.328429453
020402010201,2017,39.16162612,21.005872539,0.350617343
020402010201,2018,74.872586658,30.478701542,0.377055164
020402010201,2019,53.382192866,26.3567591,0.358089809
020402010202,2010,51.775630869,24.252890704,0.368580592
020402010202,2011,78.039550364,28.019377599,0.382307558
020402010202,2012,50.53391112,22.686899739,0.370315434
020402010202,2013,49.608283661,21.574806074,0.368809947
020402010202,2014,65.413660973,25.697062167,0.380284596
020402010202,2015,49.219685004,23.162389354,0.370319808
020402010202,2016,38.667089077,20.07735991,0.352094192
020402010202,2017,51.194012651,23.909683689,0.37190564
020402010202,2018,88.837832374,32.145566127,0.389049649
020402010202,2019,66.569759739,27.432307575,0.377178922
020402010203,2010,50.882223763,24.811905739,0.363454432
020402010203,2011,69.655701203,27.831620443,0.373227618
020402010203,2012,58.777135378,23.583445687,0.370907253
020402010203,2013,54.354798883,23.139413131,0.372261655
020402010203,2014,67.18150747,26.788562166,0.380012902
020402010203,2015,52.048914965,23.580217924,0.368928259
020402010203,2016,37.481350848,19.716395678,0.350502524
020402010203,2017,48.5073262,23.561532958,0.368784556
020402010203,2018,79.927143213,30.45034764,0.380263771
020402010203,2019,65.258717069,28.932511909,0.377469129
020402010204,2010,37.522142223,13.810055414,0.433767169
020402010204,2011,60.486365166,17.204386687,0.46371856
020402010204,2012,45.424279637,13.129024193,0.439999773
020402010204,2013,37.950717785,12.194940878,0.438824238
020402010204,2014,55.800075896,15.271748695,0.47347267
020402010204,2015,39.822780091,13.892440863,0.445221143
020402010204,2016,28.229514822,11.448200893,0.409494175
020402010204,2017,35.484975883,12.873162473,0.435529731
020402010204,2018,66.427754583,17.959758148,0.477836455
020402010204,2019,50.811476351,16.214468643,0.458802579
020402010301,2010,36.954966825,19.110638889,0.337298297
020402010301,2011,54.038438141,23.119473169,0.361798929
020402010301,2012,46.602804422,19.708977686,0.361032338
020402010301,2013,40.576509444,18.37511072,0.356270124
020402010301,2014,58.130743809,22.386315316,0.374785079
020402010301,2015,40.347666781,20.119151779,0.351787592
020402010301,2016,29.067654135,16.460994283,0.329983312
020402010301,2017,35.407445898,18.530598234,0.35394815
020402010301,2018,65.670893262,25.582034862,0.373156667
020402010301,2019,49.020978656,23.776103051,0.363820578
020402010302,2010,42.445386151,23.355069664,0.342000202
020402010302,2011,60.299933498,28.587154358,0.360248225
020402010302,2012,51.066207952,24.459044007,0.356357382
020402010302,2013,51.678508719,23.929064116,0.359065478
020402010302,2014,59.975814843,27.616145455,0.368065687
020402010302,2015,48.935466675,24.956496527,0.356542507
020402010302,2016,32.631818619,19.926279951,0.334183408
020402010302,2017,39.336663878,22.142691876,0.352599665
020402010302,2018,68.645293708,30.41419167,0.366055129
020402010302,2019,56.127025157,29.656650026,0.364163014
020402010303,2010,51.36467967,32.229656486,0.433356651
020402010303,2011,68.822140571,37.881250153,0.447296168
020402010303,2012,60.595892978,33.226146596,0.438400693
020402010303,2013,60.550545474,32.24557631,0.443370501
020402010303,2014,65.300225986,36.13214928,0.451744912
020402010303,2015,55.90935603,33.243204643,0.443120696
020402010303,2016,40.148541439,26.620281695,0.426672102
020402010303,2017,47.346100326,29.677925544,0.438083078
020402010303,2018,77.416608686,40.760027324,0.456018608
020402010303,2019,62.77946346,36.985550264,0.448117671
020402010403,2010,55.263920826,18.38397172,0.506475039
020402010403,2011,65.603222474,17.820000696,0.551195139
020402010403,2012,60.096636753,16.184887042,0.502877695
020402010403,2013,58.404653185,17.602557392,0.504466419
020402010403,2014,65.872829235,19.768581208,0.532955523
020402010403,2015,57.440859191,18.668019186,0.541869004
020402010403,2016,37.863958048,11.89121629,0.482227441
020402010403,2017,45.596939141,13.246517703,0.491475701
020402010403,2018,73.173827406,17.436746395,0.541372044
020402010403,2019,65.201768829,20.937402464,0.536098066
020402010404,2010,40.934111426,17.179026096,0.483194405
020402010404,2011,47.066255158,16.902319935,0.512471935
020402010404,2012,41.272094478,14.901856532,0.481192067
020402010404,2013,42.498021267,16.082088285,0.493213545
020402010404,2014,50.592231518,18.183235368,0.518228511
020402010404,2015,41.5216259,17.387137535,0.508447161
020402010404,2016,28.48900483,12.041372059,0.454985008
020402010404,2017,33.08071798,12.892042523,0.478162384
020402010404,2018,53.251656352,16.09245805,0.516076738
020402010404,2019,46.231861175,19.005883283,0.508764624
020402010405,2010,53.603602362,19.272815303,0.509099166
020402010405,2011,65.052383548,18.973124799,0.55305575
020402010405,2012,58.778509443,17.132323918,0.504299376
020402010405,2013,57.521768226,18.522674205,0.505447905
020402010405,2014,63.005323737,20.687815431,0.533987661
020402010405,2015,56.663726369,19.602593006,0.54319257
020402010405,2016,38.088291671,12.57696217,0.486828086
020402010405,2017,44.332732084,13.945008458,0.493731115
020402010405,2018,70.293657005,18.62439209,0.543230588
020402010405,2019,62.57255578,21.899150322,0.536931081
020402010407,2010,46.104508236,18.732030595,0.518766088
020402010407,2011,55.640979262,18.733037054,0.545007144
020402010407,2012,49.109378981,16.429454963,0.511612328
020402010407,2013,46.68514327,17.670525133,0.53010072
020402010407,2014,57.101718048,20.029956254,0.558961084
020402010407,2015,48.046624213,19.066289802,0.542998806
020402010407,2016,31.818836645,13.240435914,0.492356785
020402010407,2017,37.901231857,14.406446464,0.513119446
020402010407,2018,61.941777257,18.618436512,0.554566964
020402010407,2019,52.284606333,20.842940612,0.53835629
020402020301,2010,46.811380274,16.496042737,0.382510157
020402020301,2011,63.083289542,16.824393456,0.388562224
020402020301,2012,53.701813728,16.838943793,0.372057932
020402020301,2013,54.965439715,17.277358963,0.395949554
020402020301,2014,59.102830272,17.543913694,0.418885297
020402020301,2015,53.79233969,17.037003371,0.390476837
020402020301,2016,37.297032494,14.102877476,0.357608252
020402020301,2017,42.250490974,15.20604203,0.3651621
020402020301,2018,70.713241958,19.830560095,0.416045876
020402020301,2019,53.064357953,17.934093126,0.391384677
020402020303,2010,48.758786522,21.943597345,0.712188558
020402020303,2011,65.962386799,25.634271701,0.761492718
020402020303,2012,47.113154484,21.346522069,0.756323208
020402020303,2013,48.581943684,22.140054712,0.75129289
020402020303,2014,63.437946904,24.999127682,0.78182036
020402020303,2015,50.521540087,22.32102991,0.752770558
020402020303,2016,34.015647247,17.758421863,0.681926131
020402020303,2017,39.340291809,19.247676038,0.730330853
020402020303,2018,69.41142393,25.856988794,0.775188917
020402020303,2019,54.21613957,24.557418555,0.734633064
020402020304,2010,49.580479244,14.000506807,0.476717487
020402020304,2011,64.003203683,15.042847057,0.500738053
020402020304,2012,51.585504126,12.826879749,0.499066
020402020304,2013,51.927342265,13.686352014,0.497306827
020402020304,2014,62.814905075,15.618292673,0.511420711
020402020304,2015,55.552760984,15.118140704,0.497070293
020402020304,2016,36.847804178,10.588076062,0.465026251
020402020304,2017,40.00028414,10.717733652,0.485250874
020402020304,2018,71.57396936,15.492394204,0.509177184
020402020304,2019,50.331175285,13.762744816,0.489421979
020402020305,2010,41.499831688,23.918140583,0.375942731
020402020305,2011,44.674691551,23.663017159,0.378955007
020402020305,2012,36.893242674,19.957423199,0.368766978
020402020305,2013,38.004111003,21.060142671,0.379147666
020402020305,2014,47.270713833,25.467647539,0.39056236
020402020305,2015,42.817229895,23.573168738,0.377606953
020402020305,2016,26.431811901,15.519859443,0.356244352
020402020305,2017,31.325420974,17.901472872,0.363327576
020402020305,2018,50.422601211,25.648316683,0.387917482
020402020305,2019,38.300508753,22.112663387,0.3757122
020402020402,2010,53.575231422,8.273877747,0.624640421
020402020402,2011,69.401242048,8.562908813,0.656438183
020402020402,2012,56.729309611,3.235529838,0.618299394
020402020402,2013,54.309563477,4.781405204,0.633563203
020402020402,2014,68.927800897,9.254450342,0.66442953
020402020402,2015,62.045153137,7.553659232,0.641486736
020402020402,2016,39.040771517,3.846317454,0.59347618
020402020402,2017,43.051181787,4.616425724,0.604359758
020402020402,2018,82.04385233,6.63702595,0.653335469
020402020402,2019,54.08520603,5.777832079,0.612488425
020402020403,2010,37.937081243,11.978097456,0.390960354
020402020403,2011,39.348898613,10.897928808,0.393485251
020402020403,2012,34.20268396,8.904370118,0.377910576
020402020403,2013,33.814119531,10.067360543,0.388291208
020402020403,2014,41.70671316,12.127987122,0.398147069
020402020403,2015,39.652943646,11.923258396,0.394876887
020402020403,2016,23.970040033,7.586039413,0.372469115
020402020403,2017,28.012396491,8.337797408,0.381076878
020402020403,2018,45.919089157,10.93417059,0.399175323
020402020403,2019,32.980419464,10.325933105,0.388354961
020402020405,2010,39.396132724,12.760784334,0.462342575
020402020405,2011,42.005431176,12.188721646,0.470173703
020402020405,2012,35.456603215,10.352604451,0.451237202
020402020405,2013,40.379497142,12.199733794,0.474018109
020402020405,2014,44.714616918,13.51305731,0.487125992
020402020405,2015,41.574848669,13.03791771,0.468888979
020402020405,2016,25.938547424,9.168013829,0.449663354
020402020405,2017,30.041362995,9.879997027,0.455120645
020402020405,2018,47.558087544,12.342062547,0.480687284
020402020405,2019,40.752966329,12.907181217,0.467027776
020402020504,2010,64.913000507,21.252433114,0.45220174
020402020504,2011,79.855305711,21.720906319,0.448923361
020402020504,2012,71.717615111,19.284751387,0.442583886
020402020504,2013,65.652762416,19.360159448,0.444911404
020402020504,2014,74.384826995,21.902772401,0.455314667
020402020504,2015,76.779928717,23.074865397,0.450753262
020402020504,2016,45.817023488,15.041815238,0.439283009
020402020504,2017,53.597314892,16.915788904,0.44569654
020402020504,2018,91.450125353,22.788076063,0.450592297
020402020504,2019,70.567601091,21.664341836,0.447605562
020402020505,2010,49.514336754,13.1780782,0.603863066
020402020505,2011,66.168840595,13.297953226,0.652891949
020402020505,2012,48.343087054,7.471699191,0.624989868
020402020505,2013,49.981101664,9.616562985,0.635639535
020402020505,2014,55.137353187,12.893584147,0.630799052
020402020505,2015,55.787059959,11.79139692,0.646539061
020402020505,2016,31.714763264,6.775105071,0.575564754
020402020505,2017,37.391350471,7.433648727,0.60609133
020402020505,2018,70.501204738,11.62001424,0.650690319
020402020505,2019,53.292954899,11.184521565,0.613025059
020402020507,2010,39.626908377,16.604507993,0.452012079
020402020507,2011,39.521959716,15.186388369,0.442769278
020402020507,2012,32.032731905,12.189917595,0.413113066
020402020507,2013,39.8439705,15.352136613,0.435051959
020402020507,2014,43.439151431,17.424230749,0.452071225
020402020507,2015,37.694572432,15.892299357,0.434297973
020402020507,2016,24.790542816,10.992686643,0.40225944
020402020507,2017,28.811662814,12.098831871,0.413853733
020402020507,2018,45.669159239,16.079827709,0.4428485
020402020507,2019,40.515703413,16.732283668,0.432590762
020402020601,2010,45.151814376,23.329548566,0.489930314
020402020601,2011,61.712199969,26.597574572,0.50195438
020402020601,2012,44.095687501,19.612200372,0.473634882
020402020601,2013,46.704764317,21.323139411,0.497490605
020402020601,2014,47.487612684,22.60161222,0.514874105
020402020601,2015,52.053029191,22.782743617,0.494028782
020402020601,2016,31.700735788,17.203429399,0.4676926
020402020601,2017,34.887436337,17.210943841,0.48724558
020402020601,2018,63.861059252,26.571446948,0.521345706
020402020601,2019,46.554892673,23.56169357,0.494888145
020402020602,2010,42.318577356,29.566327314,0.611850399
020402020602,2011,56.360576525,34.841502323,0.663764659
020402020602,2012,38.805216002,28.088939967,0.617550906
020402020602,2013,43.557026182,31.124986723,0.638763499
020402020602,2014,46.756461843,30.720734305,0.629748362
020402020602,2015,46.010093304,32.068539493,0.645062357
020402020602,2016,31.765045683,24.890318352,0.569623621
020402020602,2017,32.130968421,24.105604076,0.620922398
020402020602,2018,55.484886727,34.105697381,0.671200294
020402020602,2019,42.422620657,30.173639764,0.611260756
020402020603,2010,46.930966396,16.284827728,0.67806986
020402020603,2011,72.434467063,18.729883054,0.724534674
020402020603,2012,42.34411661,12.794088414,0.681424202
020402020603,2013,50.47225191,14.784617747,0.707341759
020402020603,2014,52.944509792,15.61423752,0.712205422
020402020603,2015,53.67641907,16.73641585,0.697245924
020402020603,2016,29.539253993,10.632834904,0.645456395
020402020603,2017,41.090293998,12.149996791,0.714528572
020402020603,2018,67.502486572,16.178419068,0.731949288
020402020603,2019,49.094817534,17.067385358,0.670970227
020402020604,2010,46.222579814,16.020068944,0.670504766
020402020604,2011,65.689752271,18.383086905,0.711872649
020402020604,2012,41.722065932,12.484488166,0.671880395
020402020604,2013,50.92904722,14.492467376,0.697401736
020402020604,2014,50.973927449,15.318748265,0.703395483
020402020604,2015,51.123188152,16.442369351,0.687564021
020402020604,2016,27.440633233,10.332207189,0.636833768
020402020604,2017,34.374290275,11.735721183,0.700129183
020402020604,2018,68.931720009,15.822800163,0.719312087
020402020604,2019,46.144294957,16.790635902,0.665761862
020402020605,2010,50.863324715,18.276094853,0.616313768
020402020605,2011,71.282303027,20.388095705,0.652702469
020402020605,2012,46.56845632,14.770668559,0.61825331
020402020605,2013,55.232996538,16.767910696,0.639636137
020402020605,2014,55.808764367,17.362438907,0.645239968
020402020605,2015,57.695237198,18.371634871,0.63238949
020402020605,2016,32.029965229,12.241738847,0.588659539
020402020605,2017,39.781173691,13.810361635,0.64201704
020402020605,2018,72.705788292,18.473746501,0.65953254
020402020605,2019,52.267072603,19.280731729,0.611847891
020402020607,2010,40.818733839,22.56269199,0.489674881
020402020607,2011,43.011283472,20.561182486,0.498911706
020402020607,2012,34.405209194,18.612089512,0.459668613
020402020607,2013,42.325741025,21.900905062,0.498264556
020402020607,2014,43.480913674,21.369779297,0.520335628
020402020607,2015,40.794215382,21.22495081,0.489957383
020402020607,2016,24.349235306,14.475311011,0.425473833
020402020607,2017,27.755233272,14.849547049,0.455193293
020402020607,2018,50.842422871,21.928566335,0.507611918
020402020607,2019,43.746809844,23.474778952,0.494706636
020402020608,2010,38.206708372,14.658539847,0.533949769
020402020608,2011,46.238404294,14.105904066,0.565340008
020402020608,2012,33.250311545,11.407738225,0.550987473
020402020608,2013,39.396942338,13.813548107,0.570302187
020402020608,2014,40.571271131,14.25352348,0.571103422
020402020608,2015,37.677779413,13.849771433,0.552671702
020402020608,2016,24.345224771,10.599616625,0.512169168
020402020608,2017,25.489078239,9.359895284,0.534263018
020402020608,2018,53.625781439,14.097593974,0.587228066
020402020608,2019,37.621672751,14.177458616,0.537777566
020402030101,2010,76.0834554,30.018449109,0.723131515
020402030101,2011,116.645160968,40.226165651,0.769358513
020402030101,2012,63.553190473,27.858090204,0.753966741
020402030101,2013,85.247342152,33.184704657,0.761467392
020402030101,2014,89.693366366,34.411479307,0.775754618
020402030101,2015,50.356895266,24.806996287,0.701036575
020402030101,2016,53.121372542,25.013132486,0.719374725
020402030101,2017,79.710501122,33.102731908,0.75521044
020402030101,2018,110.445572215,41.218665248,0.788494204
020402030101,2019,89.982205711,38.249379131,0.76108148
020402030102,2010,51.064472984,18.133742333,0.644949565
020402030102,2011,79.408434894,24.447467177,0.704907245
020402030102,2012,44.919752094,17.330123346,0.657148745
020402030102,2013,56.461459458,19.796749162,0.686469882
020402030102,2014,60.213216135,20.717136562,0.677865629
020402030102,2015,33.267676592,16.141040831,0.648357793
020402030102,2016,33.274531807,15.004261397,0.629059911
020402030102,2017,47.071963453,19.301884748,0.67681674
020402030102,2018,71.986575439,23.31053345,0.713887687
020402030102,2019,56.556299242,21.703427262,0.68325617
020402030103,2010,51.176086276,19.654917498,0.645394062
020402030103,2011,76.170639039,25.467079667,0.701976694
020402030103,2012,43.522352567,18.551849376,0.660584653
020402030103,2013,55.175943471,21.140035311,0.687368182
020402030103,2014,62.566967983,22.464780467,0.684268851
020402030103,2015,31.881587667,16.415730565,0.647267296
020402030103,2016,32.199995797,15.703085555,0.633196843
020402030103,2017,44.745685541,20.226032468,0.679003604
020402030103,2018,68.388577412,23.935796509,0.710928749
020402030103,2019,54.510547106,22.295298257,0.675829219
020402030201,2010,70.562868192,27.169054273,0.681601403
020402030201,2011,93.247729784,33.206345036,0.728095909
020402030201,2012,52.653405875,23.49378422,0.689873045
020402030201,2013,68.966163998,27.1784393,0.716477194
020402030201,2014,75.010051509,28.547605265,0.734290329
020402030201,2015,43.894017434,22.344919885,0.669208706
020402030201,2016,45.631788068,22.388432494,0.673073504
020402030201,2017,61.926489914,27.279452235,0.706932245
020402030201,2018,91.770626706,34.474044978,0.747676717
020402030201,2019,75.954950501,31.650781042,0.721481394
020402030202,2010,65.421414985,28.461139477,0.653609889
020402030202,2011,91.701813489,33.212487576,0.694004289
020402030202,2012,48.305880825,23.92242872,0.640878254
020402030202,2013,61.657549635,27.913541846,0.676835249
020402030202,2014,68.229893512,28.853353092,0.691381071
020402030202,2015,37.754813216,22.080426519,0.639274061
020402030202,2016,39.365629448,21.730689375,0.636968773
020402030202,2017,50.743519907,26.38655884,0.672636612
020402030202,2018,85.859369146,34.826917441,0.715963326
020402030202,2019,64.942423346,31.242483186,0.681978411
020402030203,2010,66.420684062,27.520451432,0.662033163
020402030203,2011,92.504693303,32.511065787,0.702924228
020402030203,2012,49.91696062,23.070152707,0.650039285
020402030203,2013,62.673439899,26.950946629,0.685381757
020402030203,2014,71.79691732,28.448825766,0.700225739
020402030203,2015,38.679161326,21.667299954,0.648575204
020402030203,2016,39.988500319,21.021266518,0.645009271
020402030203,2017,51.594274435,25.55120671,0.680902006
020402030203,2018,86.656685278,33.557350512,0.722666938
020402030203,2019,66.137973622,30.175631789,0.689228308
020402030204,2010,73.522151071,28.015998025,0.684026929
020402030204,2011,99.148748526,34.55382094,0.728653558
020402030204,2012,57.547489705,25.238976817,0.692523884
020402030204,2013,72.282622805,28.531835354,0.717821121
020402030204,2014,77.44444472,29.661526037,0.734682608
020402030204,2015,46.104412652,23.360188639,0.668623151
020402030204,2016,46.890587621,23.387825761,0.675276684
020402030204,2017,63.963828865,28.002793642,0.707875114
020402030204,2018,92.358021584,34.850363951,0.744683407
020402030204,2019,76.114723388,32.243316702,0.719385381
020402030205,2010,63.0771268,27.556581529,0.713420529
020402030205,2011,88.717103316,34.304182495,0.75939299
020402030205,2012,53.003980915,26.307085478,0.741880576
020402030205,2013,64.857974845,28.811371911,0.739383974
020402030205,2014,68.965207011,29.072182857,0.744821429
020402030205,2015,41.793527382,23.747063958,0.696623616
020402030205,2016,40.17729309,22.980497253,0.7130996
020402030205,2017,54.502341042,27.961489295,0.738362741
020402030205,2018,74.582778535,31.33008202,0.750273647
020402030205,2019,63.189192548,30.182868946,0.723363643
020402030206,2010,76.728274338,25.699277827,0.77305623
020402030206,2011,110.406890436,32.282767012,0.803601108
020402030206,2012,62.406771441,24.990590858,0.790894141
020402030206,2013,84.416720693,27.863799282,0.804834174
020402030206,2014,87.166952721,28.22292515,0.819950148
020402030206,2015,46.476027688,21.924948703,0.766739242
020402030206,2016,53.907693555,23.563034267,0.794516491
020402030206,2017,65.888596441,26.448309097,0.795838429
020402030206,2018,97.340751128,30.583297557,0.808562536
020402030206,2019,73.325834192,28.448318736,0.771020262
020402030207,2010,65.765211665,25.215575427,0.71475603
020402030207,2011,94.632662463,31.437663546,0.761490184
020402030207,2012,53.801891292,24.067375468,0.737254677
020402030207,2013,65.807776096,26.066759586,0.74937922
020402030207,2014,73.182440322,27.527087626,0.765473609
020402030207,2015,40.858030618,21.623275917,0.69966938
020402030207,2016,40.649438477,20.728507089,0.72088154
020402030207,2017,53.522015416,24.667663814,0.74037404
020402030207,2018,79.482769327,28.907597482,0.761923623
020402030207,2019,62.39220489,27.833281934,0.724030992
020402030301,2010,49.650140154,19.07031648,0.690622391
020402030301,2011,90.826472741,25.979362826,0.755709733
020402030301,2012,39.83559809,16.846806672,0.742263648
020402030301,2013,57.456890669,20.623241996,0.76290963
020402030301,2014,70.010803102,21.29537659,0.766431258
020402030301,2015,35.280303974,16.939307811,0.682553582
020402030301,2016,33.87552136,15.777039198,0.714538321
020402030301,2017,56.032487422,21.464128844,0.767360463
020402030301,2018,88.516495545,27.035821877,0.786684055
020402030301,2019,66.454299497,24.164631577,0.720552009
020402030302,2010,57.317793792,19.349296837,0.697470767
020402030302,2011,90.345357372,24.546670822,0.747234862
020402030302,2012,44.720107421,16.930966504,0.74124431
020402030302,2013,62.611717774,20.700679483,0.758391037
020402030302,2014,74.959318291,21.283698045,0.76599707
020402030302,2015,37.221853455,16.212681417,0.686000336
020402030302,2016,39.000583925,16.334188674,0.71700579
020402030302,2017,56.030366723,20.712849505,0.759433711
020402030302,2018,90.48876823,25.555692983,0.778232573
020402030302,2019,68.25517594,23.314425494,0.713595641
020402030303,2010,42.705926045,14.803613352,0.724531006
020402030303,2011,76.570101284,16.998318059,0.761412384
020402030303,2012,30.442695339,13.209497457,0.712999022
020402030303,2013,44.330558553,13.659402816,0.749168393
020402030303,2014,72.985025093,15.901121641,0.774258408
020402030303,2015,34.111402388,14.028910445,0.682038618
020402030303,2016,30.788531356,12.0025358,0.706394593
020402030303,2017,47.981033679,14.330613118,0.764532073
020402030303,2018,74.784270224,16.956538854,0.781363651
020402030303,2019,57.464027168,16.488355112,0.711289336
020402030304,2010,45.287969698,16.830266722,0.730135145
020402030304,2011,76.506597236,20.501213989,0.768587255
020402030304,2012,32.81230725,14.840803268,0.718893766
020402030304,2013,45.477883495,15.368294379,0.752045962
020402030304,2014,77.611171625,19.772720349,0.783177491
020402030304,2015,36.085339822,16.208339564,0.692263162
020402030304,2016,33.6207656,13.196613547,0.715964865
020402030304,2017,50.583789573,16.587583774,0.772486996
020402030304,2018,75.047943159,20.431122627,0.78637075
020402030304,2019,61.479815194,19.867632607,0.722908804
020402030305,2010,51.23662098,18.138260944,0.699337305
020402030305,2011,83.34287259,22.956297661,0.747917928
020402030305,2012,35.75170955,15.171767022,0.730671564
020402030305,2013,52.917946111,18.379235599,0.754577005
020402030305,2014,69.433707556,19.782807172,0.767521573
020402030305,2015,33.134802644,15.404532107,0.671291177
020402030305,2016,31.967604079,14.758721188,0.711432946
020402030305,2017,51.247007062,19.329302208,0.760307505
020402030305,2018,84.579913769,24.258176597,0.781662815
020402030305,2019,61.606642423,21.835560968,0.709185013
020402030306,2010,50.918997074,26.20903383,0.723490933
020402030306,2011,88.823391445,35.696859462,0.771583977
020402030306,2012,38.447328372,21.143259736,0.724253315
020402030306,2013,53.416796994,25.959447276,0.759899382
020402030306,2014,90.365501699,34.992950842,0.796092771
020402030306,2015,38.067605321,21.782162122,0.68963438
020402030306,2016,40.090849167,21.957868152,0.721992039
020402030306,2017,54.852931279,27.038018324,0.770196831
020402030306,2018,83.676188593,35.59698482,0.776273703
020402030306,2019,68.920609274,31.785765491,0.715845661
020402030307,2010,45.209915877,23.840972475,0.728461724
020402030307,2011,75.918601324,32.358855458,0.775484408
020402030307,2012,32.397533065,18.343242956,0.715705883
020402030307,2013,42.366487472,21.528038566,0.750686142
020402030307,2014,73.255556555,30.800695839,0.789072336
020402030307,2015,32.852986739,19.893387944,0.679660501
020402030307,2016,31.267577337,17.658870828,0.71474527
020402030307,2017,45.642331826,23.627143284,0.762593222
020402030307,2018,68.564884086,31.099891473,0.777019751
020402030307,2019,60.184096379,28.916508569,0.715773144
020402030401,2010,41.620713681,12.07607306,0.589959303
020402030401,2011,49.20537316,13.321294207,0.617723308
020402030401,2012,25.784422096,9.691510594,0.567422131
020402030401,2013,32.480689592,10.903883708,0.608050271
020402030401,2014,41.058675498,13.800589507,0.615251909
020402030401,2015,20.39744496,8.865037433,0.565892208
020402030401,2016,24.188711866,9.80957686,0.56445992
020402030401,2017,34.323718247,12.050241477,0.598416278
020402030401,2018,49.351476939,12.854342582,0.620000445
020402030401,2019,40.54354504,14.911613641,0.596320748
020402030402,2010,41.982289825,14.69911924,0.595762292
020402030402,2011,54.127577741,17.952691161,0.626203643
020402030402,2012,27.353288881,11.277057091,0.574153529
020402030402,2013,33.742407611,12.928291689,0.61485527
020402030402,2014,44.240140206,16.446627819,0.622105348
020402030402,2015,22.199729856,10.163683557,0.573418643
020402030402,2016,25.194108293,10.954153149,0.570254258
020402030402,2017,33.006691233,13.412586464,0.603186474
020402030402,2018,51.213514221,16.353153347,0.628122044
020402030402,2019,40.966043285,17.329849378,0.601293447
020402030403,2010,57.898796583,15.482322049,0.677897896
020402030403,2011,82.669193976,17.682306112,0.707064906
020402030403,2012,40.752333929,13.515097551,0.679008327
020402030403,2013,49.592017023,14.904791793,0.701948847
020402030403,2014,64.116026529,16.781827253,0.716111021
020402030403,2015,32.924236922,13.036211478,0.662024683
020402030403,2016,36.061712804,13.248363643,0.681488568
020402030403,2017,47.019580896,15.337572782,0.698029301
020402030403,2018,70.344506489,17.477339145,0.714419217
020402030403,2019,60.253257086,18.136047979,0.682066992
020402030404,2010,62.85818789,14.708409911,0.65560987
020402030404,2011,90.92279223,17.168613052,0.706826489
020402030404,2012,43.554598449,13.512744647,0.673179834
020402030404,2013,57.931620551,15.183345661,0.697305936
020402030404,2014,61.350180057,15.164936555,0.699506857
020402030404,2015,34.616804821,13.204792081,0.659490915
020402030404,2016,40.913487284,13.467647664,0.660803922
020402030404,2017,49.678513741,15.306100469,0.68108074
020402030404,2018,73.463253013,17.352900308,0.708598926
020402030404,2019,58.239550188,16.145270044,0.671803137
020402030405,2010,62.372377114,15.819851293,0.658408183
020402030405,2011,87.601842383,18.885601843,0.708766998
020402030405,2012,43.964771849,14.610225612,0.676307655
020402030405,2013,56.671805082,16.26454003,0.699279518
020402030405,2014,60.271338292,16.150596315,0.700868131
020402030405,2015,34.213375386,13.884356762,0.66154867
020402030405,2016,41.09852933,14.349787279,0.663410798
020402030405,2017,49.158184838,16.214439133,0.683342727
020402030405,2018,72.764901038,18.918844114,0.710076093
020402030405,2019,57.504164469,17.574386744,0.674363214
020402030406,2010,65.678520717,17.876445883,0.705755202
020402030406,2011,79.087765948,19.788251576,0.736787586
020402030406,2012,46.480410857,14.944728162,0.711885892
020402030406,2013,55.755653477,16.954759729,0.736401825
020402030406,2014,70.54824667,18.438218377,0.747938513
020402030406,2015,40.492658234,14.871323248,0.689310954
020402030406,2016,46.125083274,15.720220005,0.718034513
020402030406,2017,62.327792277,18.650753981,0.752545927
020402030406,2018,84.506074169,21.26808359,0.759658637
020402030406,2019,69.889402622,20.351960665,0.716308564
020402030407,2010,55.411584275,16.268844742,0.702698853
020402030407,2011,75.432972075,18.561435915,0.746344449
020402030407,2012,41.648680518,14.221611869,0.712414101
020402030407,2013,48.366052086,15.627041736,0.73443268
020402030407,2014,67.884218348,17.336196017,0.734997781
020402030407,2015,36.136917822,14.152728902,0.693183387
020402030407,2016,41.061015039,15.401444614,0.736685033
020402030407,2017,51.086236215,17.049611078,0.747460792
020402030407,2018,77.682909641,19.752110075,0.759006723
020402030407,2019,61.401064192,18.146938343,0.708210155
020402030408,2010,56.076667822,19.064610822,0.723751692
020402030408,2011,81.360151322,21.977072946,0.767549248
020402030408,2012,46.007765717,16.338618373,0.733430188
020402030408,2013,55.922601884,18.014181479,0.756966449
020402030408,2014,72.564736363,20.527941422,0.764426619
020402030408,2015,39.432628254,15.849693586,0.702079424
020402030408,2016,49.832322195,18.111654802,0.733512146
020402030408,2017,61.470386294,19.123141892,0.774224083
020402030408,2018,84.36639614,21.952461493,0.785554063
020402030408,2019,67.454470645,21.969903273,0.72425217
020402030409,2010,59.868431751,16.684701972,0.67707503
020402030409,2011,82.714365107,18.604231186,0.72090771
020402030409,2012,45.816797964,15.109999207,0.690479938
020402030409,2013,55.804436115,16.31868136,0.708631383
020402030409,2014,78.040705365,18.354389765,0.728981189
020402030409,2015,40.427649133,15.332871877,0.675127867
020402030409,2016,49.825052596,16.17045267,0.702870727
020402030409,2017,62.183591823,17.939490296,0.721863654
020402030409,2018,88.699200333,20.360124831,0.738941352
020402030409,2019,67.309178785,19.091585438,0.68493835
020402030501,2010,56.498547404,28.52239889,0.724192333
020402030501,2011,91.288732644,39.024683532,0.743414648
020402030501,2012,44.529494796,24.327133144,0.729523862
020402030501,2013,59.804328753,28.345873911,0.762022228
020402030501,2014,95.425960279,38.079854529,0.774100011
020402030501,2015,44.84410164,24.348171314,0.672130853
020402030501,2016,44.345942354,20.937377776,0.69484329
020402030501,2017,60.60545821,29.521913671,0.759340391
020402030501,2018,99.879343039,42.784913809,0.774962472
020402030501,2019,71.064577211,33.805496516,0.704919221
020402030502,2010,45.65804609,15.92743334,0.709620209
020402030502,2011,83.86444842,20.09418965,0.767321236
020402030502,2012,33.552488341,12.918264749,0.704263618
020402030502,2013,57.091915839,16.343191602,0.758797106
020402030502,2014,72.586027437,17.863555445,0.742398024
020402030502,2015,36.985444175,14.26183264,0.68566248
020402030502,2016,29.260988712,11.093729867,0.661726446
020402030502,2017,41.73793134,12.688390602,0.727539051
020402030502,2018,80.922445665,19.624018335,0.768835991
020402030502,2019,57.393605902,17.926086284,0.692984387
020402030503,2010,51.329941654,24.548237197,0.706735422
020402030503,2011,83.701265551,32.743338552,0.739100743
020402030503,2012,40.674722167,20.794182331,0.708235519
020402030503,2013,56.370684971,24.53759829,0.748512238
020402030503,2014,81.572663378,30.390740937,0.748301912
020402030503,2015,41.173676151,21.162223303,0.665415803
020402030503,2016,37.223127251,16.952401085,0.660592178
020402030503,2017,50.488725042,22.033957234,0.730257692
020402030503,2018,88.865076465,34.416165127,0.762243204
020402030503,2019,62.547214075,28.151069003,0.684120642
020402030601,2010,57.665151758,19.883643521,0.703444551
020402030601,2011,89.864506792,22.970728394,0.739444125
020402030601,2012,46.430600744,18.657440847,0.714259125
020402030601,2013,55.121868576,19.504809287,0.744595241
020402030601,2014,66.708384606,20.460279631,0.736969501
020402030601,2015,35.595477096,16.083819895,0.663629997
020402030601,2016,41.250838521,18.125314065,0.728916571
020402030601,2017,49.860195269,19.338081437,0.717188825
020402030601,2018,74.856707427,22.418149916,0.742508266
020402030601,2019,61.531373104,22.389633669,0.701035448
020402030602,2010,58.614262451,20.405710922,0.708978013
020402030602,2011,87.672982217,23.282445486,0.74302522
020402030602,2012,44.504561387,18.666186589,0.715201945
020402030602,2013,51.91551117,19.211688261,0.74620584
020402030602,2014,65.692732911,20.179455702,0.737313904
020402030602,2015,35.053583507,16.065409457,0.664180493
020402030602,2016,39.867713768,17.778644669,0.730439648
020402030602,2017,51.012830211,20.296184375,0.724291393
020402030602,2018,74.924171002,23.071479156,0.747252209
020402030602,2019,60.432321676,22.231796316,0.698984974
020402030603,2010,61.425831439,25.519339139,0.68154314
020402030603,2011,85.451178691,30.308498985,0.722800627
020402030603,2012,47.000265681,22.68115989,0.693667314
020402030603,2013,57.091860459,24.731195301,0.716791887
020402030603,2014,74.582323233,27.533644139,0.723987985
020402030603,2015,38.277390837,20.40092709,0.658117737
020402030603,2016,46.703273474,22.572684897,0.696233322
020402030603,2017,54.850335582,25.859116046,0.713170403
020402030603,2018,80.256541742,30.804296965,0.73313831
020402030603,2019,64.81878449,27.281314357,0.686054658
020402030604,2010,59.562621487,23.866805062,0.710041496
020402030604,2011,86.818397645,28.322356871,0.763479156
020402030604,2012,50.822050149,20.603097021,0.704429993
020402030604,2013,59.503378426,22.078266319,0.740864321
020402030604,2014,88.220887338,28.656261997,0.745923109
020402030604,2015,41.259596987,19.585548542,0.662209828
020402030604,2016,49.335695375,20.69678185,0.703149169
020402030604,2017,63.598588948,23.955813753,0.733000223
020402030604,2018,90.878629754,27.821248768,0.769323177
020402030604,2019,70.363477865,28.233417656,0.690265691
020402030605,2010,56.371551511,22.66831277,0.722263802
020402030605,2011,91.268518518,27.574877066,0.779501589
020402030605,2012,48.831603508,20.179473645,0.72805192
020402030605,2013,65.638403762,23.080900941,0.773563065
020402030605,2014,80.001338728,25.331285202,0.754255068
020402030605,2015,42.607536354,19.887956755,0.708554699
020402030605,2016,45.932125054,19.235086321,0.703829793
020402030605,2017,56.485143255,21.333898806,0.751071179
020402030605,2018,92.091190835,27.883611797,0.787521519
020402030605,2019,70.667882319,25.687830502,0.712331526
020402030606,2010,46.965286029,19.140039925,0.703756492
020402030606,2011,78.31749801,24.038481548,0.765437358
020402030606,2012,39.50535739,16.620418949,0.712254284
020402030606,2013,59.720325269,20.913307733,0.767001909
020402030606,2014,70.835573889,22.217068094,0.744560909
020402030606,2015,34.62603639,16.143238564,0.691133001
020402030606,2016,33.468192281,14.378919532,0.674779719
020402030606,2017,46.96546294,17.839602538,0.739694361
020402030606,2018,80.855321479,24.32769623,0.775475301
020402030606,2019,57.201197862,21.500865427,0.691509641
020402030607,2010,57.638200138,19.16364572,0.737262974
020402030607,2011,91.425589649,24.228175003,0.781829203
020402030607,2012,47.059172398,17.146861175,0.751371656
020402030607,2013,67.531651893,21.468566924,0.790438135
020402030607,2014,88.026757773,22.185609094,0.78377494
020402030607,2015,43.187319029,17.414162973,0.705955128
020402030607,2016,41.560480974,16.000112742,0.695717661
020402030607,2017,56.415584902,18.768987752,0.770399705
020402030607,2018,100.150043807,26.487876585,0.805054383
020402030607,2019,68.465848544,21.538929181,0.70531721
020402030608,2010,47.400755975,19.181715164,0.703183457
020402030608,2011,74.9585187,23.636994452,0.760781829
020402030608,2012,43.387992741,17.426543085,0.716102421
020402030608,2013,58.077540326,20.583063751,0.766472001
020402030608,2014,71.208170985,22.315383482,0.745497051
020402030608,2015,35.323802657,16.409891101,0.694581311
020402030608,2016,32.732744059,14.281152785,0.671566297
020402030608,2017,46.70671038,17.556126571,0.737599481
020402030608,2018,82.130139839,24.676988919,0.777368736
020402030608,2019,57.323940935,21.542513014,0.692262959
020402030609,2010,54.629693851,19.783287729,0.697327846
020402030609,2011,85.718168213,24.250882779,0.748603072
020402030609,2012,47.336482872,17.682575047,0.706302247
020402030609,2013,66.307168231,21.119737265,0.749735835
020402030609,2014,79.637343291,22.468267681,0.735384484
020402030609,2015,42.699049105,17.719857402,0.682479224
020402030609,2016,42.290605599,16.330379151,0.670092015
020402030609,2017,54.499859607,18.642504663,0.726430745
020402030609,2018,90.543630547,25.056693611,0.761788933
020402030609,2019,65.749608368,22.206971678,0.681809581
020402030610,2010,49.268326345,20.476786216,0.737545297
020402030610,2011,81.911005347,27.023107675,0.785465052
020402030610,2012,40.18253117,17.847042776,0.750126967
020402030610,2013,58.962374771,22.964017417,0.793408807
020402030610,2014,78.3957037,23.939860369,0.785582082
020402030610,2015,38.741211788,17.968055507,0.705669722
020402030610,2016,35.413230587,15.907155617,0.681111835
020402030610,2017,47.944860877,19.04682757,0.769039603
020402030610,2018,89.697133213,29.502503912,0.810029413
020402030610,2019,60.878364996,22.653187052,0.697489548
020402030611,2010,51.178092197,21.144479979,0.71830067
020402030611,2011,84.754325151,27.098084111,0.773125211
020402030611,2012,44.165964212,18.934805912,0.72928795
020402030611,2013,62.753976136,22.970913019,0.775319494
020402030611,2014,75.589306066,24.182286877,0.757532951
020402030611,2015,42.191917286,19.400075894,0.707246203
020402030611,2016,38.405887955,17.13513694,0.686409563
020402030611,2017,51.197862247,19.949256712,0.75002149
020402030611,2018,89.361172355,28.502174469,0.789821845
020402030611,2019,61.845714358,23.911259576,0.699742513
020402030701,2010,43.476107016,33.868153533,0.663295115
020402030701,2011,66.404054685,45.354498875,0.714289717
020402030701,2012,36.932710068,28.092309498,0.668196848
020402030701,2013,46.734891265,32.86669821,0.714394719
020402030701,2014,54.521396365,38.624244252,0.710520142
020402030701,2015,34.260376977,26.466287357,0.669391186
020402030701,2016,28.687579181,21.830889833,0.626073756
020402030701,2017,39.834102594,29.395009301,0.701091522
020402030701,2018,76.715470055,51.683953128,0.751313712
020402030701,2019,50.480238388,38.16698554,0.658034614
020402030702,2010,43.538159913,30.374956757,0.649318197
020402030702,2011,66.832560967,39.242634115,0.69163429
020402030702,2012,34.455949679,23.568979192,0.63828797
020402030702,2013,43.529640036,27.465064958,0.684109623
020402030702,2014,53.539762828,33.588763284,0.689720766
020402030702,2015,35.062340011,24.749157998,0.652415636
020402030702,2016,29.086391889,19.866218354,0.602506602
020402030702,2017,39.539291341,26.17270486,0.680475689
020402030702,2018,79.556370386,44.930694316,0.727231781
020402030702,2019,49.633010398,33.859824779,0.644361377
020402030801,2010,42.008788154,15.695745604,0.738838504
020402030801,2011,71.794029412,19.978928588,0.783123039
020402030801,2012,43.029622426,15.997391813,0.770333587
020402030801,2013,56.946273851,16.857630956,0.800840557
020402030801,2014,76.624651485,20.575849117,0.808891668
020402030801,2015,39.42936913,15.707844161,0.712792606
020402030801,2016,36.50186866,13.568333737,0.721133962
020402030801,2017,50.339177767,16.032586494,0.790684801
020402030801,2018,81.457781843,20.839494775,0.800752651
020402030801,2019,63.705657437,22.122068166,0.750016726
020402030802,2010,28.594071565,9.569805234,0.605739976
020402030802,2011,50.769018602,11.381658105,0.661461072
020402030802,2012,22.336075297,7.925020444,0.582782857
020402030802,2013,36.617658914,8.607749027,0.644092604
020402030802,2014,51.175886661,12.027082595,0.670230479
020402030802,2015,23.416602433,9.113939558,0.577752596
020402030802,2016,20.02362287,6.824422401,0.561690395
020402030802,2017,26.634928474,8.250594641,0.62466959
020402030802,2018,55.330039248,10.480591304,0.669067664
020402030802,2019,39.297869222,11.373798978,0.627086463
020402030803,2010,42.063754193,12.434486777,0.681950019
020402030803,2011,75.84995287,15.905558492,0.738853125
020402030803,2012,42.742248506,13.136213175,0.720567589
020402030803,2013,56.172383802,13.695396265,0.743997591
020402030803,2014,72.593494125,15.730804704,0.755381003
020402030803,2015,41.674635868,12.576852575,0.673723446
020402030803,2016,34.961802043,10.430581166,0.656972116
020402030803,2017,48.629913916,12.735067901,0.725743467
020402030803,2018,83.786748292,16.934925348,0.757685331
020402030803,2019,61.764577553,16.901520813,0.706852205
020402030804,2010,42.64559512,12.55224713,0.682186834
020402030804,2011,77.450723661,16.194560852,0.74126946
020402030804,2012,43.51939065,13.260450721,0.721924029
020402030804,2013,55.850579654,13.811543127,0.745205769
020402030804,2014,74.491706746,16.038258533,0.758703877
020402030804,2015,41.263585726,12.695483756,0.674338904
020402030804,2016,35.728665649,10.682320458,0.661399983
020402030804,2017,49.870311456,13.050042789,0.729301687
020402030804,2018,86.899178365,17.420298699,0.762412817
020402030804,2019,62.656868566,17.198685124,0.710095399
020402030805,2010,43.096241279,13.88346664,0.73537775
020402030805,2011,78.53065191,19.069935271,0.783546298
020402030805,2012,43.029338993,13.566196484,0.755345265
020402030805,2013,55.901902467,14.996385379,0.785738132
020402030805,2014,66.244853032,17.029140765,0.787341857
020402030805,2015,40.47057633,13.253133671,0.725306399
020402030805,2016,30.623534895,10.771548134,0.685969698
020402030805,2017,41.406722734,13.060537691,0.763215753
020402030805,2018,85.326701602,19.688534706,0.801324794
020402030805,2019,58.438836986,17.075644141,0.733050811
020402030806,2010,44.66244482,14.193764107,0.728086208
020402030806,2011,78.847700711,18.43402229,0.776602986
020402030806,2012,44.57167223,14.359095527,0.756232873
020402030806,2013,58.641223006,15.300677058,0.785882219
020402030806,2014,75.247626808,17.814498426,0.790277174
020402030806,2015,42.860506392,14.282977208,0.715120337
020402030806,2016,35.881126732,11.903666927,0.697347098
020402030806,2017,49.204797121,14.225088173,0.770329257
020402030806,2018,89.255816159,19.199629838,0.793019808
020402030806,2019,64.873208629,18.942279342,0.736968309
020402030807,2010,38.696750871,12.814748382,0.653628451
020402030807,2011,69.245547524,15.604446678,0.712329157
020402030807,2012,34.812974846,11.769538136,0.656408475
020402030807,2013,42.542245027,11.572242179,0.66924322
020402030807,2014,60.172615579,14.763007126,0.712717201
020402030807,2015,38.541583038,12.975734951,0.663231955
020402030807,2016,28.705589708,9.690963312,0.610640361
020402030807,2017,38.470137658,11.516698664,0.679778007
020402030807,2018,82.656995185,16.539392669,0.728182427
020402030807,2019,56.476523428,16.714362882,0.678122268
020402030808,2010,42.703554138,20.337959134,0.666497556
020402030808,2011,71.681752171,24.708997997,0.720135321
020402030808,2012,38.774307177,19.154997625,0.671066766
020402030808,2013,44.274158412,19.543609745,0.693895652
020402030808,2014,60.166664459,22.481396615,0.720173388
020402030808,2015,40.549176744,19.807669672,0.668930507
020402030808,2016,29.420642433,15.219006698,0.611928946
020402030808,2017,42.832872451,19.643148999,0.703433095
020402030808,2018,84.108899631,25.642632128,0.732165434
020402030808,2019,53.301853222,23.078800718,0.671583059
020402030809,2010,50.95425163,21.233559433,0.708195163
020402030809,2011,80.853317967,24.778380781,0.751755598
020402030809,2012,43.475411452,18.64055011,0.723275113
020402030809,2013,56.905516539,21.115686392,0.747468882
020402030809,2014,69.149448446,23.429665289,0.767931466
020402030809,2015,49.506890001,20.831443658,0.713842478
020402030809,2016,36.692476818,16.552876183,0.672807784
020402030809,2017,52.891494277,20.419358398,0.753289801
020402030809,2018,99.342440612,27.202004053,0.77292721
020402030809,2019,62.596830476,24.353101442,0.712469922
020402030901,2010,48.685584906,19.89486484,0.625584776
020402030901,2011,73.39020305,24.999180364,0.65959279
020402030901,2012,47.558087342,18.34391306,0.620088124
020402030901,2013,53.707131071,20.245961079,0.648047088
020402030901,2014,64.021327029,24.127867292,0.669647127
020402030901,2015,49.96807453,21.224908331,0.634043921
020402030901,2016,30.579024026,15.058094131,0.575001791
020402030901,2017,41.629243629,17.38336636,0.639798521
020402030901,2018,81.159409228,24.423359019,0.67885497
020402030901,2019,54.456223876,23.532447064,0.646152178
020402030902,2010,51.085611266,19.174461675,0.678210358
020402030902,2011,74.574220205,23.068675445,0.706002072
020402030902,2012,56.344221897,18.393577416,0.69688226
020402030902,2013,57.270399244,18.773118839,0.708085877
020402030902,2014,66.529030171,22.019385958,0.729580033
020402030902,2015,58.452303683,20.775858576,0.699104669
020402030902,2016,34.342044047,15.218383142,0.62192655
020402030902,2017,38.98349825,14.320889267,0.687535551
020402030902,2018,83.073372725,21.069619602,0.731505881
020402030902,2019,55.481629072,21.48925222,0.687427649
020402031001,2010,36.69695247,13.536454516,0.662327925
020402031001,2011,59.705557737,15.27649097,0.73079615
020402031001,2012,29.414334566,9.233211881,0.642092851
020402031001,2013,40.08058551,10.374621201,0.717516596
020402031001,2014,51.281852184,14.511229867,0.69478655
020402031001,2015,30.478107502,10.958271038,0.646739326
020402031001,2016,24.622789166,7.998025479,0.616371087
020402031001,2017,32.942263794,8.66140972,0.682758817
020402031001,2018,68.521593035,14.442327867,0.731885442
020402031001,2019,42.451970098,14.140264974,0.662133413
020402031002,2010,42.613486298,9.976893893,0.569644412
020402031002,2011,68.496889133,11.893533629,0.600083446
020402031002,2012,40.861106938,8.344927538,0.528846792
020402031002,2013,51.041759881,9.422427965,0.567362113
020402031002,2014,58.617989389,11.006844112,0.607862816
020402031002,2015,38.65029899,8.809646591,0.561985077
020402031002,2016,32.978271512,7.460960514,0.512983809
020402031002,2017,43.41257749,8.503590112,0.546702959
020402031002,2018,76.716280179,11.662670588,0.600815853
020402031002,2019,50.498777608,10.607092747,0.582631596
020402031003,2010,40.870119255,16.602677983,0.579120818
020402031003,2011,63.348025822,17.18539371,0.596057866
020402031003,2012,32.766382296,12.646583141,0.526707453
020402031003,2013,39.968679812,13.127961644,0.579422001
020402031003,2014,50.350341141,16.07071599,0.618137909
020402031003,2015,37.370398989,15.968666295,0.575160735
020402031003,2016,26.519365064,10.914393804,0.487264548
020402031003,2017,41.500751187,13.747382268,0.550502372
020402031003,2018,75.294201315,17.55854033,0.630945645
020402031003,2019,48.119869254,18.641611496,0.575212168
020402031004,2010,58.97998644,44.391317428,0.326370725
020402031004,2011,78.73473269,54.095252269,0.335974049
020402031004,2012,55.658778256,41.229396091,0.325752095
020402031004,2013,60.34507919,43.379040959,0.33282841
020402031004,2014,58.490827366,43.092211417,0.328727122
020402031004,2015,57.049456418,41.450916852,0.327554749
020402031004,2016,43.718072427,33.388368872,0.315761012
020402031004,2017,54.67445013,40.170425074,0.332730182
020402031004,2018,83.336659116,57.470473569,0.340767557
020402031004,2019,64.84961973,48.921257818,0.330134709
020402031005,2010,52.364497644,12.375440722,0.649174134
020402031005,2011,76.082874786,13.141641639,0.729062138
020402031005,2012,48.487596244,8.039372506,0.666416738
020402031005,2013,54.703703966,10.763899864,0.705995352
020402031005,2014,66.236834194,14.171201543,0.704082183
020402031005,2015,50.060645682,11.471616976,0.671451
020402031005,2016,32.616552056,6.255790804,0.61768077
020402031005,2017,53.038090257,9.854207309,0.684923803
020402031005,2018,87.958294277,14.280900001,0.717234685
020402031005,2019,55.314658895,12.093903973,0.66397852
020402031006,2010,51.555219517,15.297414345,0.64418963
020402031006,2011,76.824984921,18.43568695,0.695085596
020402031006,2012,47.027341608,11.057240851,0.633158599
020402031006,2013,54.339247628,13.392825174,0.672434075
020402031006,2014,62.47331523,16.780542437,0.673250962
020402031006,2015,49.765441184,14.086014653,0.655348929
020402031006,2016,36.646049521,9.881353187,0.595667252
020402031006,2017,49.581667788,11.378027898,0.652759753
020402031006,2018,86.461342106,18.147162935,0.697097438
020402031006,2019,56.886312637,16.214357173,0.653213186
020402031007,2010,59.095114436,20.400386306,0.700049172
020402031007,2011,79.243973867,21.835599632,0.747422778
020402031007,2012,63.597780432,15.823438888,0.752928797
020402031007,2013,61.720510345,16.938278673,0.742304796
020402031007,2014,67.991941182,20.296604816,0.728710485
020402031007,2015,63.185034758,18.748551067,0.743629423
020402031007,2016,38.790195561,11.764550089,0.655651321
020402031007,2017,44.966536743,11.651344019,0.695033477
020402031007,2018,88.728615384,19.969897975,0.757417942
020402031007,2019,62.779217165,20.566584962,0.706751015
020402031008,2010,62.918288914,35.80451733,0.364654552
020402031008,2011,72.153974575,37.559332873,0.365336724
020402031008,2012,63.872282702,33.360764521,0.351199944
020402031008,2013,64.400472912,35.394059224,0.360697831
020402031008,2014,70.669700162,38.144871972,0.374661093
020402031008,2015,67.437527393,34.993831564,0.363012376
020402031008,2016,42.955855281,26.188692418,0.347780485
020402031008,2017,52.056066352,30.699758533,0.35098198
020402031008,2018,88.712797061,43.637713775,0.373116187
020402031008,2019,67.626459386,38.386101988,0.36229367
020402050101,2010,36.822857102,14.897523564,0.672667575
020402050101,2011,56.156406983,18.205418993,0.701632089
020402050101,2012,26.160268353,9.656355092,0.664888062
020402050101,2013,34.759185829,11.117430878,0.697113422
020402050101,2014,46.250864078,15.040424853,0.704528005
020402050101,2015,29.298260856,11.989538368,0.668734957
020402050101,2016,24.220362501,10.397748068,0.620783603
020402050101,2017,36.968936461,12.301444032,0.71200313
020402050101,2018,63.187217155,16.738419729,0.746388776
020402050101,2019,39.307919924,15.649841792,0.658405016
020402050102,2010,56.077938175,24.741765747,0.675502724
020402050102,2011,66.240648751,25.593949376,0.701005493
020402050102,2012,46.616782202,18.766634684,0.697634021
020402050102,2013,54.022193009,20.765714392,0.69845452
020402050102,2014,65.506691933,25.030370565,0.70999667
020402050102,2015,52.951508974,23.732585036,0.681895824
020402050102,2016,34.537581466,16.041989155,0.619140333
020402050102,2017,52.37899765,21.708909466,0.709861675
020402050102,2018,82.018543147,27.777374413,0.747122085
020402050102,2019,63.466231974,28.439189691,0.68139981
020402050103,2010,38.49488338,14.183821968,0.628087217
020402050103,2011,48.894997616,13.069062345,0.647894717
020402050103,2012,28.225138916,8.873018822,0.613364438
020402050103,2013,35.248335848,9.932777095,0.646604636
020402050103,2014,48.43528694,14.207607255,0.655907083
020402050103,2015,30.208166475,11.081852282,0.621050988
020402050103,2016,21.14150458,7.52975777,0.561425014
020402050103,2017,36.615458195,11.293861164,0.665706137
020402050103,2018,62.892508957,15.533769075,0.70207075
020402050103,2019,39.407756761,14.429303728,0.624116239
020402050104,2010,44.982660708,11.678225319,0.582409606
020402050104,2011,68.369194265,13.27941258,0.620142781
020402050104,2012,35.912213209,7.376176688,0.556703372
020402050104,2013,44.479233077,10.017661297,0.604040023
020402050104,2014,53.862205066,12.102306472,0.601536658
020402050104,2015,42.924109897,10.60895299,0.600874661
020402050104,2016,27.175521085,7.23175474,0.52734216
020402050104,2017,38.69165376,8.812091183,0.590128191
020402050104,2018,66.10090892,11.196769201,0.631196532
020402050104,2019,47.481184405,12.020170261,0.583161234
020402050105,2010,44.660824726,15.427176811,0.623980935
020402050105,2011,64.135179934,16.749135691,0.6587615
020402050105,2012,35.125295716,10.196793227,0.616089549
020402050105,2013,41.899658542,11.989821964,0.644369265
020402050105,2014,50.85980877,14.825482802,0.643581421
020402050105,2015,44.240410824,13.816940441,0.640895169
020402050105,2016,25.863766884,9.288348785,0.562943419
020402050105,2017,38.036926423,11.153948042,0.649416885
020402050105,2018,61.418596767,14.704054008,0.677443629
020402050105,2019,46.424240431,15.64588409,0.623018908
020402050201,2010,53.851303128,22.887496531,0.648229837
020402050201,2011,61.534114798,21.399961303,0.680533596
020402050201,2012,45.809868423,17.598494668,0.659454214
020402050201,2013,51.82039679,19.304593752,0.670921062
020402050201,2014,57.159345829,21.709101053,0.676406286
020402050201,2015,50.514119446,21.339547599,0.661350753
020402050201,2016,33.433925155,15.731016152,0.608391534
020402050201,2017,52.751455991,18.893133058,0.681175026
020402050201,2018,85.191266608,26.213471272,0.721450007
020402050201,2019,59.63071651,26.78051149,0.658282507
020402050202,2010,44.205132691,15.707054621,0.645697218
020402050202,2011,52.935619771,15.66781989,0.671251208
020402050202,2012,36.492255998,11.813786242,0.655021137
020402050202,2013,41.909077544,12.975232761,0.67297427
020402050202,2014,51.427195712,15.364912301,0.678122782
020402050202,2015,36.086494088,14.198356512,0.646379859
020402050202,2016,25.831703332,10.659322686,0.59085225
020402050202,2017,40.639951823,13.086645496,0.676540719
020402050202,2018,73.095929849,18.597487129,0.72261405
020402050202,2019,45.026753399,17.320812112,0.648256094
020402050203,2010,47.617456914,22.867035872,0.69810619
020402050203,2011,63.212516421,23.003458462,0.747556387
020402050203,2012,42.456708175,18.194146137,0.724516942
020402050203,2013,50.190946317,20.640471698,0.742533815
020402050203,2014,50.95345801,21.405962768,0.714338613
020402050203,2015,53.055442884,22.709912284,0.715740246
020402050203,2016,32.363922066,15.646697386,0.662218693
020402050203,2017,50.600617251,21.222091232,0.750700062
020402050203,2018,79.234146048,27.066109219,0.774946093
020402050203,2019,57.529963778,25.724689158,0.718594712
020402050204,2010,49.677700471,22.45997403,0.704782154
020402050204,2011,64.019431853,22.581400661,0.746879194
020402050204,2012,42.285928533,17.76204297,0.728607895
020402050204,2013,50.517844695,20.209866949,0.744685675
020402050204,2014,52.883161451,20.98363196,0.722787096
020402050204,2015,51.596191256,22.317895171,0.717197999
020402050204,2016,32.194021742,15.261845161,0.663231521
020402050204,2017,52.204661129,20.876777955,0.75266265
020402050204,2018,84.793991426,26.649911666,0.779626179
020402050204,2019,56.922404225,25.218619685,0.718912267
020402050205,2010,44.592642158,21.054394542,0.696377507
020402050205,2011,60.608347597,22.016348058,0.731324843
020402050205,2012,39.926112584,16.688707825,0.717011665
020402050205,2013,44.231573208,17.421354645,0.728473732
020402050205,2014,48.528153919,19.141896237,0.71031936
020402050205,2015,47.603734827,19.607047774,0.709105665
020402050205,2016,29.345427377,14.446817472,0.634264284
020402050205,2017,41.293186148,16.687458829,0.741776987
020402050205,2018,66.822567192,21.465131143,0.755788481
020402050205,2019,49.509888826,21.978947611,0.705160253
020402050301,2010,35.419007502,24.089807939,0.617253374
020402050301,2011,47.01807883,27.234343549,0.648606649
020402050301,2012,32.98079921,21.633151774,0.620330797
020402050301,2013,34.390590389,22.922929052,0.648959872
020402050301,2014,38.878430298,23.359868388,0.625708502
020402050301,2015,38.066285577,24.897618278,0.634905508
020402050301,2016,28.081840462,21.387797059,0.601383005
020402050301,2017,28.404176398,19.209454169,0.649536116
020402050301,2018,53.464836376,26.720327459,0.683080452
020402050301,2019,42.019523524,28.392964701,0.616954125
020402050302,2010,37.39527573,27.570627264,0.618259679
020402050302,2011,47.711601425,30.941022276,0.645812051
020402050302,2012,33.459481297,23.726006751,0.617897177
020402050302,2013,34.219503988,25.350586454,0.645352917
020402050302,2014,40.053312001,26.274917046,0.626121284
020402050302,2015,40.260415438,29.248550263,0.63434068
020402050302,2016,29.356948796,23.822569852,0.600933472
020402050302,2017,28.840382471,21.673127306,0.646831285
020402050302,2018,56.450369822,31.72814086,0.681542701
020402050302,2019,41.85963417,31.053235485,0.612692181
020402050303,2010,36.516510944,26.895156447,0.618194102
020402050303,2011,49.715973571,31.072098744,0.650318523
020402050303,2012,34.310494105,24.045791467,0.621715342
020402050303,2013,35.724834213,25.885793346,0.649507253
020402050303,2014,40.907579105,26.144101614,0.628589833
020402050303,2015,41.012578107,28.809530441,0.637823322
020402050303,2016,29.222202107,23.301717557,0.60088884
020402050303,2017,29.22867763,21.594870596,0.651190878
020402050303,2018,56.459074159,30.887537652,0.684322162
020402050303,2019,44.328939803,31.602685364,0.619165293
020402050304,2010,43.919638916,30.844095584,0.71304213
020402050304,2011,59.873737313,35.577157583,0.754033031
020402050304,2012,43.617667196,28.016334901,0.73285185
020402050304,2013,46.477411025,29.933061024,0.751113171
020402050304,2014,48.719661848,30.597557274,0.744729998
020402050304,2015,53.319873515,33.709596796,0.716278449
020402050304,2016,32.801449419,23.176949493,0.677731298
020402050304,2017,39.325598252,25.822884001,0.755973054
020402050304,2018,68.39966726,38.194855882,0.772493837
020402050304,2019,50.507390906,33.906388028,0.725783616
020402050305,2010,45.924033021,32.018011439,0.721855944
020402050305,2011,62.142524271,36.487054869,0.760147684
020402050305,2012,47.014608788,29.251474405,0.74212727
020402050305,2013,49.507921338,31.46412979,0.759268702
020402050305,2014,51.139802653,31.939794602,0.754303525
020402050305,2015,56.143928047,35.12796152,0.723822185
020402050305,2016,34.393425797,24.03859517,0.68478044
020402050305,2017,41.637018367,26.577490466,0.761082552
020402050305,2018,68.733128798,37.769345012,0.777200364
020402050305,2019,51.735524945,34.410089534,0.73270786
020402050306,2010,42.341744285,28.630192935,0.593333126
020402050306,2011,52.768553084,28.622981954,0.639370703
020402050306,2012,38.154215451,23.473887526,0.605842521
020402050306,2013,39.521915043,24.177841391,0.630782772
020402050306,2014,44.26724781,25.860271124,0.624319816
020402050306,2015,56.422577301,31.462324889,0.631357962
020402050306,2016,34.11939281,23.004788177,0.580518045
020402050306,2017,31.848529953,20.620112915,0.608614376
020402050306,2018,64.394121073,30.446059914,0.668643626
020402050306,2019,44.185915904,29.068365284,0.592280673
020402050307,2010,44.758680427,29.42093189,0.670865719
020402050307,2011,59.690792027,32.216757682,0.705671081
020402050307,2012,41.528007637,25.414778429,0.6808646
020402050307,2013,50.433404204,29.140094296,0.706841232
020402050307,2014,49.822110284,29.113945913,0.688311739
020402050307,2015,56.679126868,32.230409544,0.680673136
020402050307,2016,37.218028221,24.553506505,0.629017972
020402050307,2017,34.094440103,21.499386666,0.689248665
020402050307,2018,71.976980881,33.382016307,0.72182184
020402050307,2019,49.51390568,31.758779725,0.667574985
020402050308,2010,49.990692549,34.26503944,0.620621057
020402050308,2011,64.606162807,36.145229012,0.664353975
020402050308,2012,45.843142423,28.656609325,0.639891043
020402050308,2013,50.185725317,30.908692908,0.668416708
020402050308,2014,50.845643907,31.470671967,0.645425874
020402050308,2015,64.403048071,37.557427958,0.645839003
020402050308,2016,42.608597742,27.97185259,0.611763485
020402050308,2017,40.401367351,26.447169469,0.638769761
020402050308,2018,79.776987816,39.888496487,0.68543769
020402050308,2019,51.892518377,34.672710475,0.628003737
020402050401,2010,39.539150335,20.046209547,0.685632103
020402050401,2011,53.93485456,20.494888416,0.723884335
020402050401,2012,34.831001191,15.209280209,0.706117047
020402050401,2013,39.911505042,16.260973354,0.722864848
020402050401,2014,42.824681527,17.633322907,0.709986308
020402050401,2015,46.434696273,20.228989819,0.697209717
020402050401,2016,26.273023376,13.173918387,0.6432969
020402050401,2017,30.933200021,13.751492064,0.720542079
020402050401,2018,54.924819074,18.677580579,0.74323366
020402050401,2019,41.174998897,19.237235906,0.697883117
020402050402,2010,39.131872316,20.634097939,0.647405111
020402050402,2011,50.94008827,20.950436017,0.680520669
020402050402,2012,34.305580302,16.179343939,0.650240499
020402050402,2013,43.179322938,18.881264983,0.690636793
020402050402,2014,41.830760819,19.157400016,0.660183041
020402050402,2015,43.531032418,20.167910224,0.654462431
020402050402,2016,24.347019674,13.571790195,0.596452085
020402050402,2017,24.814406027,12.134913922,0.648734364
020402050402,2018,61.430890715,20.09609122,0.695604824
020402050402,2019,39.976255287,21.140967394,0.634215289
020402050502,2010,45.828245042,37.151355214,0.649359602
020402050502,2011,54.401144658,39.463041686,0.685965968
020402050502,2012,40.091686435,30.169094189,0.66668763
020402050502,2013,40.02266323,30.668095776,0.67592896
020402050502,2014,45.6565953,34.40335626,0.679380951
020402050502,2015,59.078388973,41.6124234,0.690798255
020402050502,2016,34.188366148,27.49963659,0.627720334
020402050502,2017,35.21728033,26.751427607,0.678362109
020402050502,2018,62.351229664,42.938108628,0.713909364
020402050502,2019,42.92427357,34.061057684,0.640347863
020501011209,2010,51.427729234,18.001342658,0.73766024
020501011209,2011,78.81708484,27.786371986,0.781523142
020501011209,2012,32.989826729,12.343352602,0.741784151
020501011209,2013,41.383762947,15.761944729,0.734949054
020501011209,2014,50.613544533,19.283428372,0.757016354
020501011209,2015,30.761650227,13.676554995,0.716254679
020501011209,2016,32.386858269,12.988559536,0.710809709
020501011209,2017,48.902538363,19.315075866,0.751122135
020501011209,2018,64.17200489,21.340795209,0.758213068
020501011209,2019,49.078173063,19.884387329,0.729230108
020501011301,2010,53.293316297,10.233788994,0.736954824
020501011301,2011,77.628815916,12.983542626,0.774681728
020501011301,2012,29.20414827,9.595425005,0.733817103
020501011301,2013,34.043782397,9.09904279,0.719919537
020501011301,2014,47.369416507,9.599304146,0.741321765
020501011301,2015,26.386530314,8.17808136,0.678715762
020501011301,2016,36.906241748,8.764322587,0.727279119
020501011301,2017,45.551285991,10.366723951,0.752997876
020501011301,2018,63.309659465,10.757796261,0.767247645
020501011301,2019,56.802734821,11.972922071,0.731083791
020501011302,2010,52.454423455,10.646798944,0.737846593
020501011302,2011,76.21664577,13.558956488,0.776376349
020501011302,2012,30.473247415,9.955066613,0.736270448
020501011302,2013,34.662059852,9.626396361,0.723172076
020501011302,2014,46.455824811,10.108249319,0.744592681
020501011302,2015,25.929829192,8.392882434,0.677590317
020501011302,2016,35.919294368,8.992201118,0.72826427
020501011302,2017,46.235796078,10.828140653,0.755224406
020501011302,2018,63.964817746,11.361659331,0.76990506
020501011302,2019,54.071939096,12.3765529,0.72955286
020501011303,2010,54.621444935,9.492386122,0.73024672
020501011303,2011,79.158400684,12.258883431,0.769630259
020501011303,2012,32.372754685,9.231901729,0.730859594
020501011303,2013,34.626676337,8.578973572,0.714862682
020501011303,2014,49.337765841,9.18537526,0.73834456
020501011303,2015,27.728828114,7.911058095,0.67475308
020501011303,2016,38.768010007,8.065910008,0.721712661
020501011303,2017,46.519155672,9.617285002,0.747074787
020501011303,2018,64.802203592,10.052198132,0.762809802
020501011303,2019,57.364913548,11.221731515,0.723661233
020501011304,2010,48.581459344,9.31973923,0.730081961
020501011304,2011,72.80244315,12.267412946,0.771228395
020501011304,2012,30.375500807,9.267929091,0.733749029
020501011304,2013,30.936507817,8.48130289,0.716613225
020501011304,2014,44.364626736,9.171417936,0.740438817
020501011304,2015,24.509074323,7.671099632,0.673456174
020501011304,2016,32.012228663,7.753533507,0.719408657
020501011304,2017,41.664798128,9.575091335,0.748193948
020501011304,2018,57.79728197,9.932834312,0.76254503
020501011304,2019,50.416068793,11.082976404,0.723920439
020501011305,2010,57.237672731,21.708198179,0.733261563
020501011305,2011,81.692432302,31.511973232,0.775394072
020501011305,2012,34.627300628,14.358663424,0.73640419
020501011305,2013,36.857620532,14.818996254,0.739417003
020501011305,2014,50.834818774,21.543864055,0.751488786
020501011305,2015,27.349097347,13.615335931,0.685507127
020501011305,2016,38.480393094,14.148805697,0.726074208
020501011305,2017,49.570638648,20.346222373,0.755228729
020501011305,2018,65.692519771,22.478573914,0.754573836
020501011305,2019,52.90721016,21.871177102,0.735489796
020501011306,2010,55.737806643,22.201140076,0.739135837
020501011306,2011,76.801917728,32.035562646,0.776405279
020501011306,2012,33.687673538,14.744176291,0.741081624
020501011306,2013,34.461032609,14.747217739,0.742541134
020501011306,2014,50.618152504,22.179718807,0.757373232
020501011306,2015,26.533751157,13.894295861,0.689299117
020501011306,2016,35.446336154,14.78564713,0.732680028
020501011306,2017,47.968598509,20.723076686,0.759491472
020501011306,2018,60.032324341,22.762537818,0.75735841
020501011306,2019,48.942253906,22.106252721,0.737459873
020501011307,2010,42.792329234,17.705500973,0.727291069
020501011307,2011,71.209935604,25.993600616,0.787047095
020501011307,2012,27.861483517,11.954908675,0.744773422
020501011307,2013,37.099340469,15.132639452,0.733623741
020501011307,2014,47.283234527,19.596109226,0.751592228
020501011307,2015,26.501391761,12.67835278,0.701874331
020501011307,2016,25.164251083,11.078007686,0.688913015
020501011307,2017,41.362922827,17.178919643,0.756428762
020501011307,2018,55.349956233,20.915916497,0.740752712
020501011307,2019,41.798796,18.641244964,0.726550914
020501011308,2010,52.044352821,20.243914763,0.72833023
020501011308,2011,76.978115983,29.42913372,0.778595373
020501011308,2012,33.313660105,13.374858426,0.737523058
020501011308,2013,36.551560987,14.727168476,0.736897363
020501011308,2014,49.036100354,20.368675392,0.75002602
020501011308,2015,27.253656783,13.653807454,0.688104542
020501011308,2016,31.886967581,12.669188068,0.709089024
020501011308,2017,47.017132232,19.386789976,0.752135932
020501011308,2018,57.195377837,20.947275709,0.741596618
020501011308,2019,46.933991969,20.381830923,0.730044411
020501011309,2010,42.703569196,9.96584493,0.693864332
020501011309,2011,61.50082197,13.093071719,0.746537358
020501011309,2012,24.836919766,8.649511672,0.70427198
020501011309,2013,31.284538041,9.266709321,0.718476495
020501011309,2014,42.66812346,10.673605132,0.733350997
020501011309,2015,24.73127211,8.408594911,0.682585027
020501011309,2016,28.384785834,8.603227676,0.687048226
020501011309,2017,47.56860022,12.287271296,0.730434381
020501011309,2018,52.980568979,11.789102668,0.715765215
020501011309,2019,44.437319003,11.964807923,0.709878724
020501011310,2010,43.33710094,8.959715354,0.686414854
020501011310,2011,64.887295167,11.944429404,0.746437702
020501011310,2012,26.809642898,7.768530136,0.698157442
020501011310,2013,32.316862663,8.34675484,0.711769185
020501011310,2014,43.756175135,9.625333402,0.730961407
020501011310,2015,25.541530458,7.732140483,0.677089911
020501011310,2016,27.039789827,7.275012495,0.67896681
020501011310,2017,46.67728004,10.702001211,0.725334333
020501011310,2018,51.811843488,10.247517575,0.709896893
020501011310,2019,43.039423082,10.312790696,0.70116864
020501011311,2010,41.43772352,17.018922761,0.732972166
020501011311,2011,70.637772253,26.907868406,0.794232589
020501011311,2012,29.575414842,11.9098509,0.741631807
020501011311,2013,33.651103559,13.845406593,0.748662601
020501011311,2014,45.099809823,19.149685435,0.751748325
020501011311,2015,27.819434216,12.360379055,0.717033103
020501011311,2016,29.25014991,12.572008452,0.705585959
020501011311,2017,47.222412806,19.38346955,0.774468974
020501011311,2018,54.525774132,19.743244973,0.759692223
020501011311,2019,39.946557507,17.785592756,0.737115361
020501011312,2010,45.591756673,20.01585773,0.725250497
020501011312,2011,78.334840285,31.695826931,0.784590372
020501011312,2012,32.335890552,14.237196244,0.723574291
020501011312,2013,40.078015381,17.179004385,0.72980237
020501011312,2014,49.733171297,22.050926671,0.739944031
020501011312,2015,33.1837865,16.031920183,0.706985449
020501011312,2016,30.590151459,14.202413466,0.683667736
020501011312,2017,50.37880013,22.466556032,0.757796497
020501011312,2018,60.951240416,24.259956845,0.741478795
020501011312,2019,44.752811463,21.313484447,0.718823537
020501030202,2010,50.231231769,13.663536237,0.74926163
020501030202,2011,77.317104811,20.760519279,0.787887787
020501030202,2012,32.006802606,9.060134921,0.729291422
020501030202,2013,35.154782983,9.272533368,0.75133125
020501030202,2014,53.07572357,15.014488098,0.748953568
020501030202,2015,30.385120861,9.497674153,0.711646481
020501030202,2016,36.291403039,10.068452493,0.716646981
020501030202,2017,54.099074125,15.15621527,0.774508642
020501030202,2018,67.061672343,16.702621968,0.774090902
020501030202,2019,48.196497481,15.712367231,0.751326468
020501030203,2010,44.499087616,13.811957516,0.745772777
020501030203,2011,74.41872888,21.101194693,0.788649941
020501030203,2012,28.622094148,9.213849923,0.72748653
020501030203,2013,31.616430164,9.443019305,0.75059601
020501030203,2014,48.644721096,15.201846025,0.747151609
020501030203,2015,27.834139069,9.660827166,0.711986148
020501030203,2016,31.119877926,10.125695698,0.710900829
020501030203,2017,48.775346488,15.419458178,0.774060385
020501030203,2018,60.097917217,16.955655353,0.77250159
020501030203,2019,43.910055146,15.949335574,0.751619537
020501030501,2010,36.960504188,15.384471858,0.729544941
020501030501,2011,69.443696521,27.462342436,0.805706872
020501030501,2012,26.394875521,13.077956367,0.691181256
020501030501,2013,28.634618959,13.539097375,0.714996663
020501030501,2014,47.848732334,22.527311682,0.749280717
020501030501,2015,28.75198893,13.769730572,0.722158631
020501030501,2016,28.33770642,13.403235533,0.689013023
020501030501,2017,43.699984519,18.68866654,0.758628906
020501030501,2018,56.399857025,22.297437076,0.749664129
020501030501,2019,45.225830994,22.188339115,0.750406553
020501030605,2010,34.231849724,11.631267627,0.639484534
020501030605,2011,55.679517614,13.806608629,0.6765991
020501030605,2012,22.483333557,9.963241752,0.614403893
020501030605,2013,32.53689956,11.263826909,0.645337443
020501030605,2014,31.899487053,11.342299057,0.638963336
020501030605,2015,26.540591757,10.335431695,0.640826231
020501030605,2016,20.815895715,9.206059579,0.582830529
020501030605,2017,41.164978294,13.340583233,0.658549627
020501030605,2018,48.501154565,13.754409788,0.677246963
020501030605,2019,36.784672515,12.783662146,0.65721357
020501030701,2010,34.350262667,12.028076297,0.753139021
020501030701,2011,58.795788656,20.794572076,0.814125359
020501030701,2012,26.934851502,10.602944495,0.717109696
020501030701,2013,27.374722585,8.983879771,0.754548117
020501030701,2014,40.738276039,15.640087528,0.775260921
020501030701,2015,26.313308889,9.71766818,0.748842181
020501030701,2016,24.988642076,9.064320177,0.719871136
020501030701,2017,43.992847567,15.651405313,0.780631401
020501030701,2018,57.044458014,17.266215727,0.800910391
020501030701,2019,43.993801809,18.06164594,0.777256256
020501030702,2010,30.497095229,11.842597209,0.746913106
020501030702,2011,59.705668305,20.844877004,0.816182572
020501030702,2012,25.889664353,10.475509837,0.708386223
020501030702,2013,24.099742699,8.723572389,0.748638045
020501030702,2014,40.165480003,15.533556174,0.771977432
020501030702,2015,23.915928128,9.548623019,0.7442399
020501030702,2016,23.974677397,8.950985228,0.714705226
020501030702,2017,41.573904578,15.511472456,0.778092786
020501030702,2018,52.387175414,17.079039892,0.796978561
020501030702,2019,42.253694779,17.98139384,0.774086907
020501030703,2010,30.928746566,12.27418966,0.752728865
020501030703,2011,59.491761087,21.523578134,0.820811957
020501030703,2012,26.375523687,10.789458181,0.712697159
020501030703,2013,24.281133977,9.00934184,0.752080864
020501030703,2014,38.957589278,15.828287703,0.771213188
020501030703,2015,23.798088227,9.841050585,0.746616213
020501030703,2016,22.850656497,9.129729627,0.710811949
020501030703,2017,41.243274657,16.050692001,0.783038452
020501030703,2018,51.590392594,17.679626196,0.801402974
020501030703,2019,42.022267917,18.437054751,0.775349526
020501030704,2010,33.464590505,11.837520926,0.758116235
020501030704,2011,64.773680581,22.561116828,0.815498587
020501030704,2012,25.701221718,9.860838114,0.7151566
020501030704,2013,28.570356582,9.462489287,0.762887823
020501030704,2014,38.460504428,15.402840998,0.759494708
020501030704,2015,26.306645384,9.85806678,0.751938182
020501030704,2016,21.807764057,8.476272371,0.697277808
020501030704,2017,43.14102138,15.324827286,0.788395435
020501030704,2018,51.358780484,16.668229673,0.788132966
020501030704,2019,42.054786855,17.426204437,0.769640616
020501030706,2010,32.862594486,11.427864628,0.768654208
020501030706,2011,64.380131479,23.653580961,0.816918898
020501030706,2012,24.216779035,9.047238223,0.724737847
020501030706,2013,29.603813002,9.725464244,0.775572406
020501030706,2014,36.009407882,15.130430382,0.757109083
020501030706,2015,26.771237962,9.741223749,0.762047126
020501030706,2016,20.329525226,7.983224493,0.693114315
020501030706,2017,41.283359371,14.646080574,0.799297341
020501030706,2018,48.751638891,16.007809801,0.785169281
020501030706,2019,40.947377762,16.784698448,0.77484355
020501030707,2010,27.427002908,7.028162273,0.684803649
020501030707,2011,58.234217756,14.680136785,0.775687628
020501030707,2012,18.860964376,4.23440222,0.653945817
020501030707,2013,25.850495452,6.369793491,0.715228879
020501030707,2014,35.428774365,11.321415319,0.715840207
020501030707,2015,20.599609312,5.92409697,0.683442922
020501030707,2016,16.548307207,3.280511503,0.635830162
020501030707,2017,34.055978065,8.318286415,0.739412181
020501030707,2018,45.135850728,10.380995704,0.733714647
020501030707,2019,37.479465537,11.720879454,0.723753098
020501040503,2010,26.786227486,3.225913983,0.69647415
020501040503,2011,48.164444795,4.077705087,0.721433661
020501040503,2012,19.616369043,3.003083625,0.674892799
020501040503,2013,26.900119042,3.590040648,0.6883709
020501040503,2014,20.267276293,2.697692667,0.678587697
020501040503,2015,19.587672657,3.035033114,0.703060281
020501040503,2016,18.948177881,2.900418272,0.675728464
020501040503,2017,34.012533566,3.600165339,0.71476757
020501040503,2018,42.639134797,4.501876213,0.729653731
020501040503,2019,29.365682098,3.900234939,0.720854166
020501040504,2010,24.04800424,3.480622304,0.692515383
020501040504,2011,48.827646402,4.892049279,0.722809533
020501040504,2012,18.015779937,3.472348579,0.67262095
020501040504,2013,23.597243147,3.771151687,0.684767704
020501040504,2014,19.821743571,3.077881971,0.676450008
020501040504,2015,18.50644189,3.536879286,0.703904157
020501040504,2016,18.011285805,3.264666673,0.674391217
020501040504,2017,31.568456922,3.9896518,0.712880489
020501040504,2018,39.555728593,4.914134488,0.727817866
020501040504,2019,28.202174956,4.732826378,0.720767366
020501040601,2010,32.149969415,10.095835906,0.747886232
020501040601,2011,74.566723171,12.992657072,0.82058758
020501040601,2012,28.608866924,10.273916163,0.762062735
020501040601,2013,32.888913116,10.290594272,0.783557671
020501040601,2014,33.167140213,10.397514086,0.777086221
020501040601,2015,32.559040015,10.677103937,0.806074453
020501040601,2016,30.325884223,9.061440113,0.753456507
020501040601,2017,43.769731428,12.028027179,0.817621603
020501040601,2018,56.967854364,13.126755354,0.824560453
020501040601,2019,39.972960316,12.457641813,0.803705612
020501040602,2010,35.411149252,11.041709838,0.758120287
020501040602,2011,77.893994834,13.523828074,0.823629829
020501040602,2012,31.57242445,11.063561339,0.770371694
020501040602,2013,38.844801211,11.741280085,0.791151917
020501040602,2014,37.890211203,11.730209978,0.785417544
020501040602,2015,38.991379998,11.892432921,0.812108757
020501040602,2016,36.334898789,10.275182414,0.764244553
020501040602,2017,50.137747035,13.466649841,0.824262044
020501040602,2018,61.86734921,14.115250715,0.829272202
020501040602,2019,45.066882232,14.089843169,0.814480418
020501040603,2010,33.229568116,10.173006995,0.75244252
020501040603,2011,70.602732854,12.847373619,0.821118595
020501040603,2012,26.543679435,10.028412988,0.761087996
020501040603,2013,32.567367848,10.097988848,0.78692024
020501040603,2014,31.375909971,9.846563317,0.776706199
020501040603,2015,31.275247605,10.676124844,0.810308136
020501040603,2016,31.744995298,9.33928493,0.752444086
020501040603,2017,42.56123257,11.89933873,0.820633675
020501040603,2018,56.033164683,13.40423133,0.82873529
020501040603,2019,39.171971366,13.00647245,0.812739726
020501040604,2010,34.375987356,10.375318876,0.756726003
020501040604,2011,72.998907125,13.017240316,0.822006073
020501040604,2012,28.142261388,10.275733648,0.766769328
020501040604,2013,35.005451516,10.832569386,0.790559852
020501040604,2014,33.582961774,10.675944228,0.78282219
020501040604,2015,33.546981729,10.958152028,0.811468442
020501040604,2016,33.654283965,9.544704858,0.756770983
020501040604,2017,44.496787796,12.395539806,0.823169717
020501040604,2018,58.028281485,13.711895443,0.83035556
020501040604,2019,41.374516768,13.402340504,0.814551825
020501040605,2010,33.03077974,10.662308914,0.750510956
020501040605,2011,75.619378854,13.724674589,0.824450745
020501040605,2012,29.43750202,10.890523861,0.76767009
020501040605,2013,35.060572325,11.505334446,0.789678873
020501040605,2014,34.001987488,11.094654708,0.780763052
020501040605,2015,33.458101961,11.295778493,0.809557962
020501040605,2016,31.228825989,9.718908059,0.758245471
020501040605,2017,44.891705796,12.877117856,0.821244184
020501040605,2018,59.75824324,14.063575505,0.827895487
020501040605,2019,41.097494196,13.244611592,0.808775597
020501040606,2010,33.856662644,10.685431088,0.752250564
020501040606,2011,74.657854411,13.314836472,0.822049534
020501040606,2012,28.784544317,10.691400193,0.765335636
020501040606,2013,35.610094398,11.160581061,0.7881121
020501040606,2014,35.060175027,11.214831837,0.781015466
020501040606,2015,34.439685706,11.294664131,0.808539779
020501040606,2016,32.819716906,9.867219793,0.757019883
020501040606,2017,46.433543221,12.769221926,0.820706678
020501040606,2018,60.158320911,13.866085464,0.82792427
020501040606,2019,41.606117576,13.541545335,0.811539953
020501040607,2010,30.243331066,7.448315667,0.757002252
020501040607,2011,71.24837388,10.150984321,0.83259661
020501040607,2012,24.999295201,7.224099636,0.751413262
020501040607,2013,30.648120821,7.605889102,0.776747386
020501040607,2014,29.542889679,7.683111445,0.774708134
020501040607,2015,27.308362572,7.716980416,0.803824227
020501040607,2016,28.313457632,6.864100745,0.759643142
020501040607,2017,40.122994166,9.410118106,0.811143014
020501040607,2018,58.855158222,10.573491021,0.81821497
020501040607,2019,38.921155425,10.105685311,0.814543034
020501040608,2010,32.064466638,8.728848728,0.750152961
020501040608,2011,72.743264059,12.553379841,0.829135678
020501040608,2012,27.402454082,8.546895921,0.771612199
020501040608,2013,31.279972921,9.460909915,0.8028305
020501040608,2014,32.685085359,9.923668088,0.794663761
020501040608,2015,30.217750191,9.143572889,0.803891622
020501040608,2016,28.452291839,7.792780164,0.759051397
020501040608,2017,41.832934908,11.166242335,0.819399248
020501040608,2018,62.738278001,12.784619728,0.82655331
020501040608,2019,38.870454832,11.713272832,0.818417821
020501040701,2010,43.773265047,7.318634255,0.672999711
020501040701,2011,91.801507374,10.180045378,0.756687433
020501040701,2012,45.375088319,7.907498614,0.696265226
020501040701,2013,43.721259537,7.719255594,0.727702371
020501040701,2014,39.949339319,6.773329285,0.686853457
020501040701,2015,36.947216625,7.072538872,0.724798908
020501040701,2016,33.883767379,5.828910295,0.67593693
020501040701,2017,55.622703311,8.630936077,0.758051831
020501040701,2018,77.062365564,9.40047215,0.752376191
020501040701,2019,61.464160434,9.849273321,0.740538106
020501040702,2010,42.276078154,8.39744663,0.66561353
020501040702,2011,93.851133096,13.012235691,0.754377478
020501040702,2012,44.380265521,9.184753091,0.685770388
020501040702,2013,46.407904235,8.899561821,0.724193852
020501040702,2014,41.253328165,8.233253916,0.674405205
020501040702,2015,43.678127482,8.239806565,0.729138881
020501040702,2016,35.812673122,6.581348657,0.666638026
020501040702,2017,58.395627393,10.235762726,0.735838523
020501040702,2018,81.319573619,11.572978484,0.752376684
020501040702,2019,58.531683553,11.680633373,0.721537154
020501040703,2010,39.719949507,6.115780922,0.674485862
020501040703,2011,84.169423484,7.520578408,0.753826294
020501040703,2012,36.630238028,6.69915364,0.690855624
020501040703,2013,39.546466193,6.759971528,0.74443328
020501040703,2014,39.273726578,6.136534483,0.685555991
020501040703,2015,38.586180631,6.071646655,0.730150069
020501040703,2016,31.56630196,5.04331537,0.669427414
020501040703,2017,54.267213291,6.780412509,0.74661808
020501040703,2018,80.180969541,7.641690087,0.756696721
020501040703,2019,48.70973819,7.623764673,0.725630387
020501040801,2010,34.935765591,6.955880304,0.764408803
020501040801,2011,59.819749582,7.76018486,0.801147723
020501040801,2012,27.406855172,6.718965077,0.761737821
020501040801,2013,39.468527283,7.898548082,0.784168905
020501040801,2014,31.984398288,7.327827076,0.773686022
020501040801,2015,33.505093736,7.754018314,0.796496769
020501040801,2016,29.775374824,7.033961633,0.761734938
020501040801,2017,49.055399682,8.59697982,0.807484973
020501040801,2018,64.986551521,9.195869575,0.825943097
020501040801,2019,41.858266917,8.675939152,0.805594773
020501040802,2010,33.836252466,6.241901156,0.76737094
020501040802,2011,59.107408375,7.140242567,0.804447959
020501040802,2012,25.664450757,5.993649622,0.762933879
020501040802,2013,37.354396582,6.872537874,0.787089888
020501040802,2014,29.976027278,6.353328199,0.775574014
020501040802,2015,30.401018072,6.78947977,0.799295064
020501040802,2016,26.965922783,6.129340596,0.761154742
020501040802,2017,45.967724328,7.475407087,0.810513703
020501040802,2018,62.409680788,8.209423061,0.829465515
020501040802,2019,38.819089794,7.659712061,0.809049458
020501040803,2010,30.23611137,5.848432271,0.756071659
020501040803,2011,56.86445117,6.865650434,0.80162428
020501040803,2012,24.379879128,5.823504714,0.758744283
020501040803,2013,34.822564577,6.675789958,0.783178945
020501040803,2014,29.542438048,6.567387596,0.775057349
020501040803,2015,27.722013603,6.687629323,0.79586203
020501040803,2016,27.431712642,6.139065547,0.756440772
020501040803,2017,41.775046048,7.247651119,0.806555898
020501040803,2018,54.963979577,7.95954553,0.825896236
020501040803,2019,35.678666817,7.332715788,0.803838861
020501040804,2010,36.754403153,5.420051204,0.801230845
020501040804,2011,74.003454121,6.957284331,0.839006662
020501040804,2012,27.553330267,5.011550309,0.798465901
020501040804,2013,36.059953656,6.170036969,0.835555543
020501040804,2014,34.249246615,5.937247457,0.823876409
020501040804,2015,32.208880976,6.154177404,0.833921541
020501040804,2016,33.678845123,5.339473923,0.795348949
020501040804,2017,48.631830904,7.117643788,0.853096543
020501040804,2018,60.31250522,8.086089859,0.862602831
020501040804,2019,42.446291157,6.993751632,0.848214652
020501040805,2010,29.996757633,6.336191291,0.778252375
020501040805,2011,58.04757552,8.112560163,0.818352014
020501040805,2012,22.26774569,5.982244145,0.769936165
020501040805,2013,32.164702471,7.425619654,0.793819313
020501040805,2014,28.369556827,6.783757322,0.785323108
020501040805,2015,27.680262981,7.370192094,0.80686134
020501040805,2016,25.813425832,6.447464462,0.771820352
020501040805,2017,41.945087671,8.318807331,0.819115852
020501040805,2018,52.058476316,9.166087859,0.833533061
020501040805,2019,35.753574651,8.331049123,0.81874853
020501040806,2010,25.573698234,5.616826257,0.794657612
020501040806,2011,51.845541865,7.34974091,0.825329625
020501040806,2012,18.487459053,5.347751661,0.774684542
020501040806,2013,23.525547904,5.665471971,0.78375339
020501040806,2014,21.359437567,5.673641972,0.782349093
020501040806,2015,18.609803292,5.878543965,0.804488761
020501040806,2016,20.325304175,5.348798524,0.77809856
020501040806,2017,30.127970192,6.581088816,0.814986442
020501040806,2018,38.321580298,7.544648313,0.828312874
020501040806,2019,29.1069511,7.227294069,0.821728198
020501040807,2010,37.149793967,5.508688037,0.804886942
020501040807,2011,74.253016474,6.912201098,0.83943839
020501040807,2012,25.891499045,4.770375923,0.79471513
020501040807,2013,32.258411398,5.568245477,0.833314661
020501040807,2014,31.681476347,5.357865034,0.81998453
020501040807,2015,29.952729051,6.010218716,0.834421574
020501040807,2016,32.652155096,5.160387473,0.797475747
020501040807,2017,46.21172611,7.086667406,0.85313185
020501040807,2018,57.246767984,7.814994307,0.861510899
020501040807,2019,42.744060351,7.252866747,0.850223573
020501040808,2010,31.036991133,7.911121987,0.797938262
020501040808,2011,60.487711247,10.193852089,0.831834046
020501040808,2012,21.091360961,6.563440146,0.780059269
020501040808,2013,26.494149117,7.278558364,0.803480734
020501040808,2014,26.065088543,7.319935888,0.797125586
020501040808,2015,23.432777047,7.555376051,0.815816967
020501040808,2016,25.818654515,7.310487645,0.78279319
020501040808,2017,37.412675537,9.376288871,0.831753578
020501040808,2018,46.657725361,10.95079987,0.843372634
020501040808,2019,34.475427406,10.095701011,0.833926699
020501040809,2010,30.532400646,6.146683254,0.795003906
020501040809,2011,66.51925898,8.030362779,0.840346022
020501040809,2012,22.192885897,5.181056004,0.780100427
020501040809,2013,26.40564226,5.527901367,0.797474778
020501040809,2014,26.889729586,6.051217376,0.800469599
020501040809,2015,24.367169453,5.963339321,0.820072018
020501040809,2016,26.293179166,5.510486198,0.782832856
020501040809,2017,38.336455867,7.749218722,0.837101575
020501040809,2018,48.704681613,8.741567654,0.843580358
020501040809,2019,34.747028772,7.500351694,0.83006772
020501040901,2010,50.222479984,6.228896543,0.745550364
020501040901,2011,94.308860947,7.636809174,0.801451102
020501040901,2012,50.298058824,7.326734221,0.781817784
020501040901,2013,46.26715464,6.834525019,0.787065357
020501040901,2014,51.195888868,6.401123257,0.776865156
020501040901,2015,36.141199491,5.628961232,0.771058094
020501040901,2016,38.533058046,5.410463528,0.760014017
020501040901,2017,69.627353224,7.276415871,0.836289875
020501040901,2018,85.090197171,7.806042286,0.827293883
020501040901,2019,71.3599117,8.445645355,0.799691009
020501040902,2010,48.198620332,6.559359472,0.746000606
020501040902,2011,90.564411633,8.253235476,0.799858172
020501040902,2012,49.915906077,7.705259574,0.782528284
020501040902,2013,42.703162948,6.846626858,0.783208765
020501040902,2014,49.510063944,6.716006558,0.775621209
020501040902,2015,35.152467014,5.627155226,0.767957435
020501040902,2016,38.541467398,5.718429032,0.759996342
020501040902,2017,63.888343778,7.555869778,0.831821452
020501040902,2018,78.389404606,8.355803329,0.824478364
020501040902,2019,64.392934089,8.54552048,0.794674803
020501040903,2010,25.31547313,2.012579298,0.683761863
020501040903,2011,61.954661138,3.002174542,0.76771681
020501040903,2012,20.363268386,2.168450069,0.683115786
020501040903,2013,25.435658007,2.312935644,0.715479982
020501040903,2014,23.043850856,2.133538918,0.708165707
020501040903,2015,19.972316833,2.266205955,0.724986443
020501040903,2016,19.567960158,1.858915679,0.686101274
020501040903,2017,33.800754815,2.84470504,0.741984797
020501040903,2018,49.618500111,3.269073324,0.751350684
020501040903,2019,32.767334839,2.624822935,0.729193038
020501040904,2010,43.405322905,5.924772632,0.730000133
020501040904,2011,84.075244081,7.822259682,0.792491315
020501040904,2012,44.195601186,6.849461877,0.757350936
020501040904,2013,40.504897901,6.240123753,0.767866478
020501040904,2014,43.769084633,6.099056702,0.759031677
020501040904,2015,32.211000344,5.273487906,0.759502628
020501040904,2016,34.168846304,5.070972323,0.742791874
020501040904,2017,58.231797026,6.983396166,0.809440592
020501040904,2018,74.546263409,7.832796601,0.806305376
020501040904,2019,59.836336263,7.977923114,0.78162916
020501040905,2010,39.533347307,7.925028448,0.708950872
020501040905,2011,75.546912138,10.510619639,0.784093978
020501040905,2012,40.407087627,8.454611548,0.73500742
020501040905,2013,38.264421297,7.538467468,0.755871087
020501040905,2014,36.279335092,7.590522176,0.733343263
020501040905,2015,29.827904873,6.613770443,0.757896288
020501040905,2016,31.022876577,5.726028605,0.725175098
020501040905,2017,49.578905657,8.07004649,0.776516996
020501040905,2018,71.406046698,9.081129155,0.783495103
020501040905,2019,53.472508021,10.341156579,0.771391071
020501040906,2010,40.247530219,5.945056578,0.713299627
020501040906,2011,82.39754411,7.558745668,0.788294478
020501040906,2012,40.105085735,6.031317025,0.75361298
020501040906,2013,37.013360793,5.989674414,0.780141934
020501040906,2014,36.440365254,5.534677175,0.756108155
020501040906,2015,30.733510107,5.397988656,0.76886214
020501040906,2016,29.995822514,4.629867534,0.731036534
020501040906,2017,50.108086336,6.747847956,0.803255233
020501040906,2018,71.511435913,7.092519632,0.801896908
020501040906,2019,54.885320306,7.565920503,0.797217611
020501040907,2010,33.831318821,7.746334167,0.717680045
020501040907,2011,73.842934677,11.766562008,0.798262213
020501040907,2012,29.209455458,7.820458544,0.734042403
020501040907,2013,32.998603252,8.060014607,0.758522998
020501040907,2014,31.590823457,7.890366275,0.738595329
020501040907,2015,29.957995642,7.575547893,0.767530656
020501040907,2016,26.694440371,6.345779959,0.7162325
020501040907,2017,44.470745147,9.531856886,0.771219915
020501040907,2018,65.755769559,11.476212882,0.785971523
020501040907,2019,42.070834637,10.397280077,0.764538529
020501040908,2010,37.355064822,8.631564331,0.738951007
020501040908,2011,78.015877337,12.112843988,0.810813255
020501040908,2012,31.565569293,8.423498544,0.741183697
020501040908,2013,31.96140417,7.637463473,0.754134139
020501040908,2014,34.547643027,8.202303786,0.758132095
020501040908,2015,29.749910027,7.543937845,0.766571561
020501040908,2016,31.337660534,6.811521298,0.720072937
020501040908,2017,46.105969219,10.083851817,0.784161457
020501040908,2018,66.536458626,11.334498548,0.797084001
020501040908,2019,41.769184016,10.570633424,0.772457798
020501040910,2010,36.485479117,8.531353324,0.747327937
020501040910,2011,71.426593066,13.360044655,0.792461318
020501040910,2012,24.877834737,6.505496243,0.731851199
020501040910,2013,29.657118009,7.165141475,0.73291412
020501040910,2014,33.127445816,8.578622764,0.748650248
020501040910,2015,24.906686659,6.295316598,0.747487453
020501040910,2016,27.941475217,6.591811579,0.716701813
020501040910,2017,45.85382128,10.744446296,0.792139647
020501040910,2018,57.741120287,12.206845665,0.796251466
020501040910,2019,38.582473097,9.884791359,0.768203536
020501050504,2010,26.198875309,8.779815844,0.686159887
020501050504,2011,55.270075726,11.98560446,0.75800549
020501050504,2012,20.248362847,8.759022876,0.693862007
020501050504,2013,21.486847461,8.422633394,0.696330675
020501050504,2014,23.714644544,8.564094168,0.703562164
020501050504,2015,19.722070796,8.68862432,0.720709677
020501050504,2016,21.398539149,8.341254206,0.682791401
020501050504,2017,31.87018414,10.780912077,0.728103818
020501050504,2018,45.120998891,12.213309304,0.742587546
020501050504,2019,30.523845731,10.636392564,0.73493386
020501050505,2010,26.00314185,8.505594599,0.688750381
020501050505,2011,55.353810719,11.796117699,0.758107978
020501050505,2012,20.013627649,8.49787547,0.699616562
020501050505,2013,21.193866742,7.987271014,0.696135267
020501050505,2014,23.604043729,8.330719719,0.703478847
020501050505,2015,20.448858298,8.518665049,0.722583836
020501050505,2016,20.394739692,7.854002273,0.67606656
020501050505,2017,34.263608074,11.022317982,0.731840149
020501050505,2018,45.181606602,11.9332636,0.743649766
020501050505,2019,32.344609641,11.155104651,0.742208564
020501050506,2010,26.819557209,7.964309982,0.683477449
020501050506,2011,56.439360544,11.101899224,0.757051896
020501050506,2012,19.003103426,7.764814078,0.693581039
020501050506,2013,22.635172053,7.946470872,0.695807415
020501050506,2014,24.599446519,8.111264682,0.705162229
020501050506,2015,19.656908892,7.900467791,0.719579899
020501050506,2016,19.654526299,7.238034577,0.678426676
020501050506,2017,33.107885356,10.155512162,0.728386586
020501050506,2018,45.12817604,11.193402398,0.74086617
020501050506,2019,32.233274662,10.006595163,0.734960035
020501050507,2010,27.50561079,9.764221024,0.682016883
020501050507,2011,58.238273839,14.189759865,0.755120382
020501050507,2012,21.177137224,9.504558034,0.692998129
020501050507,2013,23.683398364,9.778238146,0.695904581
020501050507,2014,25.168738815,9.629481653,0.700629554
020501050507,2015,20.693422983,9.368897436,0.718018576
020501050507,2016,20.605377425,8.554045211,0.675149897
020501050507,2017,34.401039663,12.378569449,0.727120213
020501050507,2018,46.720670383,14.359895057,0.73947696
020501050507,2019,33.723076245,12.243699499,0.734498542
020501050601,2010,29.630328516,14.995114288,0.695138006
020501050601,2011,64.796387234,27.881024244,0.777375441
020501050601,2012,25.843538493,13.011301497,0.694267207
020501050601,2013,25.90855389,13.484754824,0.718560615
020501050601,2014,32.874251714,16.748160233,0.71867579
020501050601,2015,23.555375437,12.438184265,0.729607657
020501050601,2016,23.276468006,12.071661207,0.656174449
020501050601,2017,36.379871177,18.273697181,0.768659832
020501050601,2018,48.656989974,21.828173067,0.77767472
020501050601,2019,41.470270626,21.76054865,0.746613126
020501050602,2010,30.387955185,15.229710871,0.692586388
020501050602,2011,65.760190909,28.548759467,0.778259788
020501050602,2012,26.455435856,13.370961048,0.694657726
020501050602,2013,26.502225161,13.705248139,0.718568629
020501050602,2014,33.030086382,17.088121768,0.718953191
020501050602,2015,24.595535468,12.725125255,0.730338459
020501050602,2016,24.317402006,12.628302218,0.662205389
020501050602,2017,37.536125015,18.796647688,0.769960516
020501050602,2018,51.459945335,23.546011049,0.781890057
020501050602,2019,42.835238507,22.437151149,0.748010283
020501050603,2010,28.45373804,14.35290425,0.693596006
020501050603,2011,60.515271445,27.030303688,0.770413826
020501050603,2012,23.459036367,11.944877271,0.686233772
020501050603,2013,21.330603869,10.876814242,0.704882247
020501050603,2014,29.538884802,15.605552292,0.713050132
020501050603,2015,20.590556746,10.427362256,0.718684695
020501050603,2016,22.491285388,11.656108431,0.65740061
020501050603,2017,32.182845157,16.1484541,0.758170346
020501050603,2018,46.070121074,21.496785696,0.77575859
020501050603,2019,38.741185414,20.565553627,0.738928605
020501050605,2010,30.96548047,19.221450286,0.711666931
020501050605,2011,63.26989412,35.022741693,0.786675548
020501050605,2012,22.835643572,14.276387214,0.684780478
020501050605,2013,19.121727075,11.893309043,0.70178845
020501050605,2014,30.772764548,19.947086855,0.728570551
020501050605,2015,22.376886693,14.645147933,0.727502868
020501050605,2016,23.244400039,14.292102108,0.665499062
020501050605,2017,30.953271978,19.613121678,0.746805832
020501050605,2018,45.41278867,25.561976703,0.765641464
020501050605,2019,37.480672447,24.163116562,0.73771046
020501050607,2010,31.755576298,18.039873729,0.673500631
020501050607,2011,62.001768221,33.156566266,0.740676473
020501050607,2012,23.703958909,13.281231971,0.647844167
020501050607,2013,22.297084026,12.694867161,0.680784216
020501050607,2014,32.32960156,19.091031258,0.678386412
020501050607,2015,22.651708339,13.304220892,0.683780755
020501050607,2016,22.13948025,12.593808588,0.61905792
020501050607,2017,35.566624111,19.85194342,0.722825445
020501050607,2018,46.547683361,24.476593058,0.717308896
020501050607,2019,38.188250707,22.743511273,0.703186233
020501050608,2010,33.056863843,18.010259074,0.6958548
020501050608,2011,68.376080169,32.736872987,0.773349971
020501050608,2012,25.085086949,13.402728077,0.67649538
020501050608,2013,25.823798272,14.10315167,0.724187582
020501050608,2014,35.049502267,18.717300737,0.705204095
020501050608,2015,23.960540186,13.844324064,0.716011141
020501050608,2016,22.650424017,12.06427126,0.638895969
020501050608,2017,39.901874522,20.902182903,0.766177529
020501050608,2018,48.740960717,24.010917948,0.744507177
020501050608,2019,41.375278262,23.074346476,0.732244576
020501060101,2010,32.378629993,11.159445276,0.605183215
020501060101,2011,65.996462487,16.104742148,0.703099474
020501060101,2012,27.831931175,11.970262976,0.628449392
020501060101,2013,27.947114656,11.756559481,0.658645399
020501060101,2014,29.576987671,10.729412666,0.629145805
020501060101,2015,23.705489195,10.703468658,0.642925682
020501060101,2016,21.212198771,9.382718372,0.610600611
020501060101,2017,37.490648269,13.480386149,0.680632875
020501060101,2018,50.367044539,15.80122785,0.694776467
020501060101,2019,36.936223989,14.510615615,0.682947362
020501060102,2010,33.995718945,12.426067721,0.611913422
020501060102,2011,66.442885157,17.243911947,0.703115862
020501060102,2012,28.371827715,12.869013386,0.632672939
020501060102,2013,28.421400928,12.797637829,0.659984237
020501060102,2014,30.480203773,11.805090501,0.635631022
020501060102,2015,20.574261891,10.448464677,0.638932427
020501060102,2016,21.093506454,9.810734566,0.614954769
020501060102,2017,41.266184507,15.609105265,0.683003837
020501060102,2018,52.023244009,17.233685408,0.695349214
020501060102,2019,39.489297406,16.024459881,0.685750828
020501060103,2010,29.94037629,10.508411304,0.60572352
020501060103,2011,59.661465022,15.374185087,0.700917479
020501060103,2012,25.786514222,11.417071423,0.628951534
020501060103,2013,26.409111064,11.274758117,0.657425925
020501060103,2014,28.598302414,10.347912402,0.628904467
020501060103,2015,19.998723045,9.545831886,0.638770838
020501060103,2016,19.17063769,8.679917317,0.604353116
020501060103,2017,34.486810537,12.535281689,0.679211266
020501060103,2018,46.624165265,15.15093279,0.692196229
020501060103,2019,34.76154752,14.055622108,0.682551862
020501060104,2010,31.736557787,12.668063824,0.586510424
020501060104,2011,61.904348484,18.301519905,0.668264751
020501060104,2012,26.458844498,13.240707441,0.603486983
020501060104,2013,27.48517861,13.045883929,0.631938727
020501060104,2014,31.039047114,12.68680243,0.613883177
020501060104,2015,17.593665903,9.934984579,0.600191193
020501060104,2016,19.958261829,9.905995724,0.578524916
020501060104,2017,36.808465118,14.882231035,0.6435651
020501060104,2018,49.390524042,17.826180466,0.657219053
020501060104,2019,36.305491922,16.538256676,0.651044132
020501060105,2010,32.848845468,15.51507277,0.534641763
020501060105,2011,61.12953231,21.194158067,0.601123517
020501060105,2012,27.314585771,15.496883171,0.536899551
020501060105,2013,30.593051026,16.742531135,0.583799226
020501060105,2014,33.578813246,15.938174248,0.568988285
020501060105,2015,20.853588998,13.649148374,0.552498538
020501060105,2016,21.778649385,12.959906341,0.509360685
020501060105,2017,36.417772332,17.96963801,0.568551843
020501060105,2018,49.546863382,21.209516435,0.583340046
020501060105,2019,37.045098262,19.423785521,0.578576398
020501060106,2010,30.719228585,14.923014458,0.532927093
020501060106,2011,57.937717298,20.900043607,0.599259145
020501060106,2012,24.512807243,14.84399102,0.535120367
020501060106,2013,29.414432904,16.579002528,0.583105997
020501060106,2014,32.560986394,15.913906086,0.571601328
020501060106,2015,17.977848104,12.504326684,0.542079083
020501060106,2016,20.210382573,12.306994706,0.508964323
020501060106,2017,33.785119771,17.357979103,0.566254727
020501060106,2018,48.722453743,21.533815264,0.583852556
020501060106,2019,33.257098862,18.675836747,0.574214771
020501060107,2010,31.369594129,15.490999741,0.589029084
020501060107,2011,61.846493647,23.397899491,0.657464763
020501060107,2012,24.819654836,14.662146801,0.594947168
020501060107,2013,26.570148415,14.857140228,0.611833707
020501060107,2014,34.486729351,16.622255255,0.626184702
020501060107,2015,17.233689128,11.467616574,0.561113276
020501060107,2016,18.351553982,10.605338557,0.570082269
020501060107,2017,33.687259464,17.496951896,0.622063259
020501060107,2018,50.245256957,21.258410165,0.638734049
020501060107,2019,33.577325794,18.780605129,0.630492624
020501060201,2010,49.093362491,8.413166993,0.749218604
020501060201,2011,91.217174397,11.737414491,0.794162543
020501060201,2012,47.507468174,7.918169863,0.769632571
020501060201,2013,40.91360542,8.467596249,0.784229043
020501060201,2014,55.092938477,10.103672909,0.809657818
020501060201,2015,27.445757987,6.916088345,0.743219603
020501060201,2016,39.105088512,7.1984794,0.766909902
020501060201,2017,60.68362913,10.549407048,0.805842023
020501060201,2018,72.044832073,10.227633152,0.791297702
020501060201,2019,53.761398997,10.096297922,0.782122408
020501060202,2010,50.756082228,7.379361682,0.75698175
020501060202,2011,88.254217249,9.793925107,0.793605115
020501060202,2012,46.248635877,6.809114222,0.771381052
020501060202,2013,42.652915522,7.395057951,0.792956514
020501060202,2014,56.944420697,8.61411094,0.810143744
020501060202,2015,27.41667159,5.94933054,0.748556297
020501060202,2016,43.258153889,6.366678,0.769043082
020501060202,2017,62.514693423,8.994494934,0.810442265
020501060202,2018,69.777477407,8.591358401,0.791177723
020501060202,2019,55.900075947,8.969341596,0.790430235
020501060301,2010,44.831553068,10.751781223,0.72481087
020501060301,2011,90.367793182,14.701085915,0.780140436
020501060301,2012,42.893779144,10.599581962,0.759974717
020501060301,2013,38.105756786,10.209950759,0.758283919
020501060301,2014,45.643220299,11.344828161,0.787426641
020501060301,2015,25.943768634,9.14932152,0.739869521
020501060301,2016,33.574907559,8.397744771,0.734143914
020501060301,2017,60.341030218,14.19127382,0.805342731
020501060301,2018,73.889570205,14.323969962,0.790735472
020501060301,2019,56.412709991,13.751864071,0.778540921
020501060302,2010,43.37584438,10.571333556,0.732915576
020501060302,2011,79.813273655,14.245968165,0.793422394
020501060302,2012,36.753221362,10.20550558,0.762352598
020501060302,2013,36.216557996,9.960681286,0.767429272
020501060302,2014,41.713379537,10.903763944,0.787214183
020501060302,2015,21.353483484,8.1681916,0.729816484
020501060302,2016,29.639636913,8.220854954,0.731261308
020501060302,2017,49.259319732,12.734313524,0.802095801
020501060302,2018,65.108332496,13.359139027,0.78880666
020501060302,2019,46.895189243,13.378983091,0.786727956
020501060303,2010,47.754585628,14.23196963,0.722169631
020501060303,2011,78.677836693,16.186497697,0.767909076
020501060303,2012,41.325032704,12.967163138,0.737235712
020501060303,2013,40.745568806,13.673987136,0.745090159
020501060303,2014,50.849190111,16.270109443,0.77416627
020501060303,2015,26.023870091,11.242871236,0.709655544
020501060303,2016,39.809400102,12.403412502,0.710485792
020501060303,2017,53.812550971,16.453629039,0.766579795
020501060303,2018,69.971114326,16.93356465,0.768992139
020501060303,2019,49.164364076,15.533073864,0.755488535
020501060304,2010,44.286625643,11.987439164,0.728156688
020501060304,2011,78.506256191,15.764236091,0.780572661
020501060304,2012,37.940136161,11.378703838,0.751504339
020501060304,2013,36.429547686,11.131595785,0.764087011
020501060304,2014,46.800805018,13.292979132,0.785370259
020501060304,2015,21.47807514,8.53706296,0.717523436
020501060304,2016,33.125410215,9.629217011,0.730170398
020501060304,2017,50.442065116,14.337555365,0.79087138
020501060304,2018,62.784983967,14.978125093,0.776167718
020501060304,2019,46.215726566,14.331664247,0.775025379
020501060401,2010,26.92894421,10.542158917,0.631118209
020501060401,2011,50.60889155,14.915988779,0.691259835
020501060401,2012,21.638606718,10.247565261,0.623853171
020501060401,2013,28.578178931,11.817010934,0.66328155
020501060401,2014,37.754584269,13.621508085,0.68982862
020501060401,2015,18.15745454,9.575755838,0.63082574
020501060401,2016,19.635775231,8.950629545,0.613561057
020501060401,2017,34.40661463,13.483476609,0.662301981
020501060401,2018,46.719906483,14.617713551,0.671123402
020501060401,2019,33.773408542,14.326500358,0.665209825
020501060402,2010,30.019478647,11.4836061,0.636382317
020501060402,2011,52.454019031,15.478634838,0.690348479
020501060402,2012,23.558150264,10.925879183,0.628813465
020501060402,2013,29.429726522,11.999998803,0.664074079
020501060402,2014,37.11135862,13.86022195,0.690394941
020501060402,2015,24.615630504,11.453307607,0.640556172
020501060402,2016,21.633031625,9.76318516,0.621091306
020501060402,2017,37.474327842,14.703967006,0.663834586
020501060402,2018,52.036776463,15.868140993,0.673998423
020501060402,2019,35.171348248,14.693514197,0.664262709
020501060403,2010,28.004097951,11.529396094,0.63614733
020501060403,2011,50.432055145,16.466507789,0.693040767
020501060403,2012,23.741164523,11.349329396,0.629808143
020501060403,2013,29.490312746,12.562948438,0.664320718
020501060403,2014,38.708545026,15.006707351,0.692074049
020501060403,2015,21.752441785,10.969274667,0.637106504
020501060403,2016,21.053524246,9.990343084,0.619550537
020501060403,2017,36.33677401,15.014119371,0.664318292
020501060403,2018,50.102682338,16.651744474,0.674906419
020501060403,2019,34.990718429,15.6215866,0.668975469
020501060501,2010,32.593937055,17.739194214,0.690570356
020501060501,2011,67.156812681,33.741456325,0.773139392
020501060501,2012,25.710109772,13.727363077,0.690972641
020501060501,2013,31.121959877,17.146683118,0.712582244
020501060501,2014,41.02931228,23.498606915,0.726305945
020501060501,2015,20.855829984,12.178942726,0.661660763
020501060501,2016,22.214387298,11.443217698,0.655909461
020501060501,2017,38.65668264,21.08664867,0.735854275
020501060501,2018,52.244367309,26.153984951,0.750186254
020501060501,2019,38.470548311,22.647749938,0.727798353
020501060502,2010,33.340929488,20.405799634,0.689608979
020501060502,2011,59.665176535,30.161540244,0.743793166
020501060502,2012,27.878611984,16.824106519,0.686831906
020501060502,2013,30.183706086,18.973981567,0.691945964
020501060502,2014,39.967611663,24.424397951,0.73897533
020501060502,2015,19.745138253,13.613850431,0.657277518
020501060502,2016,27.097624961,16.266483597,0.676262256
020501060502,2017,39.00752475,23.008436293,0.715460408
020501060502,2018,52.648515345,27.156390866,0.720775471
020501060502,2019,35.181129233,22.080800939,0.706591257
020501060503,2010,34.250583938,18.766678349,0.702018632
020501060503,2011,57.752664556,26.216458556,0.74757076
020501060503,2012,27.046277566,14.703706325,0.69344822
020501060503,2013,27.815405105,15.90049273,0.689742341
020501060503,2014,36.700024656,20.702240456,0.74500565
020501060503,2015,19.757280033,12.227203061,0.666071679
020501060503,2016,26.910623013,14.204915947,0.683373463
020501060503,2017,37.878719513,20.008124155,0.724960556
020501060503,2018,55.025678192,24.503353862,0.727549479
020501060503,2019,33.699935706,19.624408875,0.705256834
020501060601,2010,46.240750305,16.790489758,0.654883311
020501060601,2011,61.958930722,19.126557651,0.684519134
020501060601,2012,31.850751607,15.284334795,0.653248024
020501060601,2013,30.991727546,14.921215546,0.678706365
020501060601,2014,43.995706563,17.906757264,0.695528511
020501060601,2015,25.015635563,12.333176424,0.641028811
020501060601,2016,31.263508899,15.182192617,0.646049119
020501060601,2017,44.941212497,18.679781213,0.682365616
020501060601,2018,59.18774455,21.109536184,0.692692259
020501060601,2019,43.068442595,17.256716425,0.672319494
020501060602,2010,46.485692272,16.212927284,0.654054586
020501060602,2011,63.710260143,18.321319143,0.683458936
020501060602,2012,31.046802584,14.853514318,0.653231941
020501060602,2013,31.839756203,14.916620059,0.678388796
020501060602,2014,42.811845269,16.713451707,0.692480641
020501060602,2015,24.862215363,12.002504156,0.640714727
020501060602,2016,30.784802584,14.628117571,0.645056049
020501060602,2017,44.826910231,18.087162366,0.681266625
020501060602,2018,58.867572091,19.827926032,0.69043719
020501060602,2019,43.575218425,16.560392878,0.671222283
020501060701,2010,46.591575893,12.292790722,0.649245745
020501060701,2011,64.037019843,13.541345019,0.677528268
020501060701,2012,29.887057602,10.868503039,0.646930111
020501060701,2013,32.901738637,11.21404303,0.673155974
020501060701,2014,41.731897699,11.986564621,0.685115284
020501060701,2015,26.816789919,9.424567613,0.638902511
020501060701,2016,33.069099653,11.153171377,0.640737237
020501060701,2017,47.917931273,13.604937484,0.675607845
020501060701,2018,59.205258525,14.171736853,0.682904142
020501060701,2019,43.646229411,12.115059325,0.665122807
020501060702,2010,38.41979214,11.415450208,0.706859024
020501060702,2011,56.591321248,13.371825926,0.728492652
020501060702,2012,23.927857741,9.773089233,0.709034399
020501060702,2013,28.703991184,10.762003168,0.723318442
020501060702,2014,35.147112937,11.279463915,0.726372582
020501060702,2015,24.339049826,9.350133378,0.688513267
020501060702,2016,25.619106929,9.773741137,0.687826092
020501060702,2017,39.840356024,12.710657563,0.730540833
020501060702,2018,54.138453846,14.024492703,0.737770687
020501060702,2019,35.168560317,11.536366208,0.70940857
020501060703,2010,42.427689335,12.232806371,0.709205233
020501060703,2011,62.122900118,13.944732562,0.728974014
020501060703,2012,24.98345565,10.355752683,0.710435122
020501060703,2013,29.566692461,11.121803649,0.723693568
020501060703,2014,37.098269263,11.604357564,0.726473694
020501060703,2015,24.554505024,9.338900878,0.687787346
020501060703,2016,28.424478224,10.646268498,0.690721011
020501060703,2017,43.510215485,13.306864825,0.731752904
020501060703,2018,57.866682157,14.57918636,0.738681724
020501060703,2019,36.88527644,11.843547209,0.709328592
020501060704,2010,40.56436981,13.844032661,0.707648204
020501060704,2011,58.878177036,16.513155367,0.739949857
020501060704,2012,25.520764469,11.197928132,0.695335338
020501060704,2013,28.38464099,11.428970554,0.707524723
020501060704,2014,35.172549547,13.305981897,0.716969939
020501060704,2015,22.564734615,10.384522004,0.674389927
020501060704,2016,25.22678555,10.424674151,0.690961583
020501060704,2017,39.046060673,14.360596342,0.725078515
020501060704,2018,54.984723312,16.137344315,0.739513617
020501060704,2019,34.876911048,13.545129763,0.706884181
020501060705,2010,38.062333841,13.832557054,0.715863744
020501060705,2011,58.214293516,16.993862721,0.749584723
020501060705,2012,25.715543639,11.329825727,0.700175488
020501060705,2013,27.796501824,11.398215447,0.70973424
020501060705,2014,34.906576807,14.163313351,0.722390247
020501060705,2015,20.716594,10.365236267,0.677650949
020501060705,2016,26.442811305,10.694085277,0.699540346
020501060705,2017,37.64652323,14.637416095,0.731485812
020501060705,2018,55.877828616,16.472342625,0.745653807
020501060705,2019,33.620288598,14.023160956,0.714262137
020501060801,2010,39.063767244,14.761649552,0.743281101
020501060801,2011,55.630948609,18.13168888,0.767704843
020501060801,2012,25.476882069,13.535683631,0.741201859
020501060801,2013,27.325149472,13.166388858,0.742301503
020501060801,2014,38.840830639,15.607927022,0.766192232
020501060801,2015,20.900496083,12.112609138,0.704627992
020501060801,2016,23.106079668,11.974848482,0.726950766
020501060801,2017,36.671271554,15.955886549,0.760321914
020501060801,2018,54.660848867,19.01482164,0.772428165
020501060801,2019,38.725452206,17.50996356,0.749577403
020501060802,2010,41.092803875,14.226476966,0.744979838
020501060802,2011,56.964413375,17.444918174,0.769703684
020501060802,2012,27.222860358,13.103168279,0.743516907
020501060802,2013,27.718845223,12.512791565,0.743095298
020501060802,2014,40.390506283,15.026081697,0.768090029
020501060802,2015,21.9065316,11.740102195,0.706696423
020501060802,2016,24.698400567,11.735361219,0.730206078
020501060802,2017,40.012347536,15.403930931,0.762128335
020501060802,2018,56.294659777,18.088043902,0.773683296
020501060802,2019,39.857361894,16.769471238,0.750896708
020501060803,2010,45.359749583,16.939527362,0.716484818
020501060803,2011,63.738386922,19.904468299,0.736681778
020501060803,2012,29.026791415,14.757012939,0.713146919
020501060803,2013,28.442982238,14.131731198,0.712033556
020501060803,2014,42.447447507,16.897468119,0.736712751
020501060803,2015,24.190307764,13.604978555,0.678973844
020501060803,2016,30.278204596,14.717968217,0.696798485
020501060803,2017,45.93145074,19.191576719,0.73576643
020501060803,2018,61.053288133,20.993052801,0.73661361
020501060803,2019,43.292609937,18.940740104,0.720839146
020501060804,2010,38.303378668,14.096493734,0.727177279
020501060804,2011,56.66881595,17.373590734,0.753948354
020501060804,2012,24.660548723,12.906442253,0.725781842
020501060804,2013,27.189106133,12.573430091,0.729262158
020501060804,2014,38.502300021,14.90199144,0.752257295
020501060804,2015,20.096670697,11.608510551,0.693597075
020501060804,2016,23.162120118,11.294846768,0.71128858
020501060804,2017,34.971526405,15.023451891,0.744459373
020501060804,2018,54.367928666,18.056037303,0.75861305
020501060804,2019,39.001907638,16.828089671,0.735971669
020501060901,2010,46.230482263,16.100755504,0.683062027
020501060901,2011,71.57600462,20.373961873,0.726591015
020501060901,2012,41.648707266,18.191498676,0.709807917
020501060901,2013,34.191083602,16.556033692,0.716882111
020501060901,2014,53.348524258,19.816321881,0.754281635
020501060901,2015,29.103841789,14.306089805,0.692054638
020501060901,2016,37.162938599,16.140688941,0.700515623
020501060901,2017,45.229076487,19.084953024,0.72730877
020501060901,2018,63.053829312,21.026326853,0.739246224
020501060901,2019,49.434122443,18.708841715,0.708965109
020501060902,2010,48.063813203,16.308054501,0.695779001
020501060902,2011,68.489498676,18.452328626,0.720133195
020501060902,2012,32.465569001,14.60630589,0.694412091
020501060902,2013,32.262925928,15.312155708,0.714037412
020501060902,2014,43.895681521,16.882081214,0.738863939
020501060902,2015,26.364311798,14.425540145,0.694068445
020501060902,2016,28.047014328,13.216599266,0.662708763
020501060902,2017,37.932485575,16.932512517,0.729541476
020501060902,2018,52.695695835,17.890972012,0.724516684
020501060902,2019,40.98140282,16.827330141,0.708420356
020501060903,2010,46.454030614,14.20709087,0.666144146
020501060903,2011,68.628381201,16.519603751,0.705894201
020501060903,2012,35.7075962,14.278202086,0.677561724
020501060903,2013,32.015742717,13.920283675,0.693859883
020501060903,2014,49.156157397,15.614412306,0.725822608
020501060903,2015,26.438275671,12.275977085,0.668487445
020501060903,2016,31.128195815,12.494744077,0.663895477
020501060903,2017,40.94092746,15.369844334,0.705106526
020501060903,2018,55.152115514,16.10024615,0.711969785
020501060903,2019,45.310271344,15.383286324,0.694050774
020501061001,2010,62.769598874,11.561387331,0.753638584
020501061001,2011,71.517345903,13.552875514,0.773443286
020501061001,2012,33.801638901,8.712795224,0.729047774
020501061001,2013,35.568118521,8.762195848,0.724361618
020501061001,2014,52.518390978,10.549444781,0.776536661
020501061001,2015,25.687223471,7.314435738,0.684361503
020501061001,2016,40.354286489,9.327096949,0.744910231
020501061001,2017,47.669860441,11.932272669,0.774247028
020501061001,2018,72.659828839,13.825461884,0.778550377
020501061001,2019,59.009439813,12.823272493,0.758401409
020501061002,2010,62.078895312,12.999828966,0.75465147
020501061002,2011,68.781192499,14.880280824,0.772707791
020501061002,2012,33.429463634,9.961779804,0.730238347
020501061002,2013,33.987579916,9.790836776,0.723342005
020501061002,2014,49.632421724,11.569435695,0.774749955
020501061002,2015,23.362172883,8.034550575,0.681602488
020501061002,2016,36.817915778,10.23298139,0.743883118
020501061002,2017,44.807675789,13.173877144,0.773838947
020501061002,2018,69.769575902,15.298474294,0.778768935
020501061002,2019,56.35052404,14.155981425,0.760087975
020501061101,2010,60.40444608,14.475408619,0.750478076
020501061101,2011,66.738207436,16.660381567,0.771028542
020501061101,2012,33.234816925,11.605601837,0.727851911
020501061101,2013,34.741546664,11.589861122,0.72331829
020501061101,2014,50.421870637,13.666907173,0.77444933
020501061101,2015,24.144118584,9.388415693,0.683905974
020501061101,2016,32.633800637,10.914724593,0.733488297
020501061101,2017,43.503805167,14.830707335,0.771001671
020501061101,2018,69.079726789,17.274149225,0.776859422
020501061101,2019,54.676792829,15.870280227,0.757163096
020501061102,2010,55.417479881,12.761607066,0.750079834
020501061102,2011,65.899550473,15.171342839,0.77331412
020501061102,2012,29.738591873,9.885366821,0.728353255
020501061102,2013,32.500343635,9.947181103,0.724957803
020501061102,2014,48.245654711,12.138485488,0.777630645
020501061102,2015,22.135111808,8.194486974,0.68051035
020501061102,2016,32.239571332,9.763295822,0.73948822
020501061102,2017,42.146823415,13.244197809,0.773956341
020501061102,2018,66.826610183,15.690529537,0.780311828
020501061102,2019,51.453302562,14.324587375,0.75936855
020501061201,2010,84.543875011,11.747271459,0.817366905
020501061201,2011,111.062742612,14.002336951,0.827183944
020501061201,2012,49.524719489,10.78729007,0.790487734
020501061201,2013,57.217216818,10.935211315,0.822145427
020501061201,2014,75.31222719,12.289560086,0.839137883
020501061201,2015,40.550376717,8.769058766,0.781186146
020501061201,2016,62.967357783,11.374238714,0.82624626
020501061201,2017,78.175786863,13.803919548,0.84169744
020501061201,2018,99.75449257,14.577991794,0.833512834
020501061201,2019,78.9876171,12.929556663,0.793766075
020501061202,2010,84.296309777,12.141854307,0.819682949
020501061202,2011,109.78919006,14.442170476,0.829052002
020501061202,2012,49.041822523,11.192675705,0.793372466
020501061202,2013,57.695139247,11.464948277,0.826016392
020501061202,2014,74.843971103,12.695687978,0.841903586
020501061202,2015,41.965839923,9.371361545,0.788627398
020501061202,2016,61.326971981,11.751491563,0.82785338
020501061202,2017,77.67158264,14.276222555,0.84439701
020501061202,2018,98.55292259,14.983172019,0.836165648
020501061202,2019,77.015724125,13.203147711,0.794994855
020501061203,2010,84.751069629,11.894124962,0.820681992
020501061203,2011,108.329973301,13.966701802,0.827278728
020501061203,2012,50.38563214,11.032163193,0.795637026
020501061203,2013,56.547140024,10.975374082,0.824714394
020501061203,2014,74.953996457,12.428034602,0.842462595
020501061203,2015,42.742737833,9.208129087,0.789637268
020501061203,2016,60.285642976,11.328968144,0.826910781
020501061203,2017,78.404879305,13.911896132,0.844576228
020501061203,2018,97.36832628,14.571183374,0.835659153
020501061203,2019,76.652271705,12.889250911,0.79563391
020501061204,2010,69.047999234,15.20692205,0.785514451
020501061204,2011,85.901614423,19.016330672,0.792897578
020501061204,2012,40.883534577,12.352605661,0.763299592
020501061204,2013,41.350740582,11.541093304,0.763570708
020501061204,2014,57.792844194,14.373840079,0.792741407
020501061204,2015,29.155927916,9.696527232,0.719057765
020501061204,2016,47.765685173,12.66442143,0.780268788
020501061204,2017,61.784899747,16.59408227,0.805176568
020501061204,2018,80.89277899,18.797816816,0.804792544
020501061204,2019,63.603874989,17.06853564,0.775527894
020501061205,2010,73.053057471,15.678553715,0.789093241
020501061205,2011,93.745613553,20.169924948,0.793009778
020501061205,2012,48.069016511,13.060368429,0.773008769
020501061205,2013,44.21772262,12.179005761,0.771363423
020501061205,2014,62.990146995,15.403631875,0.795353647
020501061205,2015,35.956824971,10.705819169,0.732138064
020501061205,2016,50.896624918,13.24627646,0.782140057
020501061205,2017,69.953619786,17.322325784,0.808455223
020501061205,2018,87.910672824,19.696620765,0.807161513
020501061205,2019,66.098890587,17.568493537,0.774037668
020501061206,2010,70.414395096,14.584087958,0.787042422
020501061206,2011,90.406421947,18.936731261,0.792429025
020501061206,2012,43.624940041,12.037589717,0.769254063
020501061206,2013,42.815904414,11.192146309,0.76852641
020501061206,2014,59.856677824,14.178550008,0.791984193
020501061206,2015,32.914869774,9.753944311,0.727082145
020501061206,2016,49.174316803,12.268845295,0.780723233
020501061206,2017,67.142728445,16.260165368,0.807430202
020501061206,2018,84.232468432,18.290284646,0.805157353
020501061206,2019,64.187547123,16.546195424,0.772646097
020501061207,2010,65.318309254,15.54836636,0.786957077
020501061207,2011,86.364078593,20.128114884,0.793771976
020501061207,2012,41.029514739,12.610251366,0.765895463
020501061207,2013,41.647328717,11.965110467,0.769220426
020501061207,2014,56.646669976,15.027292197,0.792538962
020501061207,2015,31.394358078,10.317335558,0.72786388
020501061207,2016,48.775045455,13.215553712,0.782979124
020501061207,2017,65.170645216,17.340618511,0.808445205
020501061207,2018,79.736246211,19.361951119,0.806191782
020501061207,2019,61.710592043,17.601530676,0.776252585
020501061208,2010,59.994090516,17.700684699,0.757082963
020501061208,2011,79.798492474,22.173677583,0.779295978
020501061208,2012,35.901186613,14.053956858,0.741099528
020501061208,2013,38.570608733,14.000863146,0.750974706
020501061208,2014,55.24981949,17.841747137,0.781634482
020501061208,2015,26.199531441,11.362030954,0.69998396
020501061208,2016,41.632291875,14.587075107,0.760388363
020501061208,2017,58.475600264,19.555141294,0.785846204
020501061208,2018,74.785838178,21.907817883,0.78647573
020501061208,2019,58.253868981,20.237729272,0.762894754
020501061301,2010,38.055436664,25.438112702,0.620786191
020501061301,2011,50.912579881,29.141982494,0.687299381
020501061301,2012,28.794455179,23.263871172,0.621894001
020501061301,2013,28.592914836,22.761988734,0.652460508
020501061301,2014,43.321976639,27.794238274,0.677958304
020501061301,2015,21.684704792,18.6937031,0.570058794
020501061301,2016,22.812749349,17.97126939,0.606612934
020501061301,2017,37.252221986,23.952940404,0.662412369
020501061301,2018,47.031618208,27.560790211,0.688169155
020501061301,2019,39.557560065,26.766344671,0.671038731
020501061302,2010,44.208141496,18.00717972,0.621152423
020501061302,2011,64.651668127,22.450277083,0.675441397
020501061302,2012,33.234851473,16.230130365,0.639254519
020501061302,2013,33.777461152,18.210299415,0.660822325
020501061302,2014,56.478575425,23.928522239,0.702201898
020501061302,2015,25.311890238,13.948069764,0.60985033
020501061302,2016,33.208143207,15.638023706,0.635692201
020501061302,2017,47.876303359,22.45837924,0.670215005
020501061302,2018,62.906227391,23.292591968,0.675936489
020501061302,2019,48.073480603,20.895403132,0.658120695
020501061303,2010,42.17254843,21.49862404,0.633950552
020501061303,2011,58.219756291,25.426166887,0.693397541
020501061303,2012,28.5644103,19.302038851,0.651726903
020501061303,2013,30.741947896,20.0045252,0.671735555
020501061303,2014,47.730246443,24.171636109,0.7025506
020501061303,2015,20.890855235,15.305290602,0.594886687
020501061303,2016,28.465057418,17.107073037,0.65300407
020501061303,2017,40.945860423,22.802244426,0.685171426
020501061303,2018,51.843673609,24.478304807,0.697791551
020501061303,2019,41.162177377,23.422852361,0.680283103
020501061401,2010,33.046447845,5.949098558,0.684010968
020501061401,2011,56.716956849,8.226609344,0.724452674
020501061401,2012,24.863596287,6.544402583,0.676160222
020501061401,2013,28.281796431,5.962996433,0.700694323
020501061401,2014,34.50736728,6.875556054,0.727354057
020501061401,2015,20.021407417,5.812512974,0.668812499
020501061401,2016,21.838333116,4.444238043,0.652415197
020501061401,2017,35.204212999,6.143992493,0.720433571
020501061401,2018,46.664718534,6.544459192,0.710848249
020501061401,2019,35.379591578,7.73938488,0.7029642
020501061402,2010,36.298562593,6.11097748,0.683112508
020501061402,2011,57.839187359,8.414026442,0.722816416
020501061402,2012,24.361330786,6.51863237,0.673701676
020501061402,2013,27.737063327,5.993768641,0.699911411
020501061402,2014,34.768159517,6.924405461,0.726588909
020501061402,2015,20.599469642,5.912192159,0.668589418
020501061402,2016,20.231790833,4.372755794,0.647534048
020501061402,2017,32.341264138,5.959908787,0.71802114
020501061402,2018,43.385004832,6.413398657,0.708315326
020501061402,2019,36.047399555,7.842123264,0.702114852
020501061403,2010,47.193311149,18.321107554,0.687750397
020501061403,2011,73.531300338,28.313726604,0.715159323
020501061403,2012,28.687934693,12.927549721,0.678499057
020501061403,2013,32.239813004,14.463794939,0.68995799
020501061403,2014,42.437737863,18.744426706,0.703221686
020501061403,2015,25.4732306,13.481426144,0.659037467
020501061403,2016,28.766880655,12.287044099,0.659933775
020501061403,2017,40.076322396,17.150468596,0.699344093
020501061403,2018,62.701457211,21.558319593,0.72207548
020501061403,2019,46.123324358,21.81818789,0.700402825
020501061404,2010,41.706125513,14.95953856,0.701841517
020501061404,2011,70.604865292,24.564379434,0.740213721
020501061404,2012,27.288336562,10.349777604,0.700710951
020501061404,2013,30.156465312,11.710794783,0.70497801
020501061404,2014,39.395117866,15.36670797,0.715882239
020501061404,2015,22.803448932,10.011649132,0.676303507
020501061404,2016,26.136943401,9.346098463,0.669256806
020501061404,2017,38.094388967,13.924082822,0.726806164
020501061404,2018,55.341024293,17.313604173,0.726628775
020501061404,2019,43.223272385,17.855537321,0.720513155
020501061405,2010,42.000352677,16.365677669,0.715711899
020501061405,2011,65.302512473,23.559536467,0.756591444
020501061405,2012,27.227382715,12.624862888,0.716987102
020501061405,2013,27.082260158,12.123591505,0.704595833
020501061405,2014,42.120886114,17.081697817,0.728890175
020501061405,2015,20.081106157,10.558322006,0.661491363
020501061405,2016,25.111921582,10.274948719,0.677570983
020501061405,2017,37.411885918,15.466706586,0.746601278
020501061405,2018,50.973657075,17.622248174,0.735650022
020501061405,2019,42.466314639,19.299830528,0.731416729
020501061406,2010,45.351904211,12.472964512,0.6867849
020501061406,2011,63.496268806,18.290600867,0.711845418
020501061406,2012,25.312070374,7.56183111,0.643286617
020501061406,2013,32.894070412,8.632932534,0.68119017
020501061406,2014,53.167994036,16.209547071,0.709791439
020501061406,2015,22.451250422,9.444908022,0.604804178
020501061406,2016,27.367109848,6.459426266,0.650154111
020501061406,2017,44.245243982,14.700828807,0.700394371
020501061406,2018,59.665090092,14.91905545,0.707924687
020501061406,2019,45.632927419,15.469791344,0.691891845
020501061407,2010,48.404719588,17.268328752,0.707290115
020501061407,2011,60.655786388,22.833535058,0.712343649
020501061407,2012,26.360895588,11.433423776,0.649138164
020501061407,2013,31.693077082,11.577923857,0.690974334
020501061407,2014,54.458769616,19.967117494,0.718426178
020501061407,2015,24.961781161,12.96314778,0.606392687
020501061407,2016,27.495137089,11.047546218,0.647286025
020501061407,2017,41.422709125,17.244012549,0.695263403
020501061407,2018,60.498679763,20.282628032,0.724889669
020501061407,2019,49.72952267,21.315018381,0.702965711
020501061408,2010,50.502363714,16.144969934,0.704160313
020501061408,2011,62.841369825,21.358899593,0.704336981
020501061408,2012,27.785544881,10.735343234,0.64529931
020501061408,2013,34.47257965,10.955336266,0.688132228
020501061408,2014,55.211196391,18.472055654,0.708420368
020501061408,2015,24.766858358,12.334648031,0.604375547
020501061408,2016,29.71106309,10.736304353,0.64279329
020501061408,2017,42.92561914,16.269082183,0.690378535
020501061408,2018,65.107111219,18.8199749,0.716831874
020501061408,2019,55.333818099,20.184381777,0.699439215
020501061409,2010,41.046987597,10.268333298,0.65021406
020501061409,2011,60.189656159,16.483304226,0.663000734
020501061409,2012,23.822532489,6.928081113,0.576120869
020501061409,2013,33.986653,8.144154248,0.641074725
020501061409,2014,52.163789685,14.800421024,0.668742995
020501061409,2015,22.379385416,8.671677945,0.571647616
020501061409,2016,21.560310274,5.265346693,0.571020858
020501061409,2017,40.32675961,11.966087381,0.64374978
020501061409,2018,58.901158494,12.684597541,0.675461541
020501061409,2019,51.108669187,15.24365384,0.657529661
020501070101,2010,68.328344423,25.848678479,0.803197336
020501070101,2011,84.714001889,30.470730423,0.821368906
020501070101,2012,40.622803455,20.908786213,0.780856007
020501070101,2013,45.218411858,20.743690384,0.78115175
020501070101,2014,61.248959044,25.048166592,0.835205634
020501070101,2015,33.27512636,16.901390315,0.757094664
020501070101,2016,53.110220166,23.485840318,0.79736877
020501070101,2017,60.413990887,26.770330555,0.819163819
020501070101,2018,80.379799581,30.269489023,0.82023001
020501070101,2019,70.587028917,28.663920989,0.794001225
020501070102,2010,71.431335755,29.845730729,0.804108275
020501070102,2011,90.16641907,36.002380976,0.822602494
020501070102,2012,42.1840539,22.921787927,0.781718924
020501070102,2013,47.271060032,23.178537016,0.782590216
020501070102,2014,64.460836991,28.623309261,0.83621325
020501070102,2015,35.057663404,18.761024575,0.758902148
020501070102,2016,54.804016571,26.056640617,0.798114836
020501070102,2017,63.027619702,30.463870658,0.820491885
020501070102,2018,85.556258389,35.762715728,0.822499843
020501070102,2019,74.642489105,33.300041415,0.795611293
020501070103,2010,70.090390289,23.642655662,0.759807331
020501070103,2011,75.971623745,24.853730699,0.776514589
020501070103,2012,42.889184667,19.422411299,0.74191919
020501070103,2013,47.039556631,19.953723342,0.767084115
020501070103,2014,68.000800408,23.962240366,0.795970963
020501070103,2015,37.138132384,17.27835758,0.718056823
020501070103,2016,47.366072754,19.42188058,0.735255846
020501070103,2017,56.071981923,22.804370633,0.777509257
020501070103,2018,82.933463173,25.947304973,0.778655868
020501070103,2019,67.221644384,24.031621155,0.754198119
020501070104,2010,67.122870602,20.761007026,0.731482377
020501070104,2011,76.140897601,22.475863285,0.752234605
020501070104,2012,44.298754591,17.345507646,0.726146616
020501070104,2013,49.248675703,18.074304021,0.750107783
020501070104,2014,64.570780052,20.717466918,0.765870714
020501070104,2015,35.283045555,14.983956226,0.690446862
020501070104,2016,41.092285637,15.719923208,0.703013072
020501070104,2017,53.739995493,19.575806918,0.75001845
020501070104,2018,81.631555086,23.009300604,0.755333205
020501070104,2019,69.407068819,21.879630789,0.736130575
020501070105,2010,62.241224247,18.274993337,0.700028079
020501070105,2011,66.180099635,19.923833319,0.726073512
020501070105,2012,38.009564316,14.902076352,0.693501225
020501070105,2013,47.725662233,16.336806339,0.712651247
020501070105,2014,57.371274075,18.418892823,0.735640344
020501070105,2015,33.427356561,14.008517279,0.651736182
020501070105,2016,39.648424601,14.722861811,0.665010414
020501070105,2017,50.119744808,17.675817937,0.712952274
020501070105,2018,70.364658512,20.137718089,0.733101355
020501070105,2019,66.169506277,20.206145961,0.713237559
020501070106,2010,68.190331838,24.700896616,0.697830139
020501070106,2011,75.9517553,26.569373351,0.724454615
020501070106,2012,48.125124121,20.761703848,0.706213697
020501070106,2013,54.674227721,22.158017246,0.724599746
020501070106,2014,63.871470134,24.348237453,0.730213943
020501070106,2015,38.085090183,17.79671225,0.658957443
020501070106,2016,43.927325258,19.1985426,0.671201033
020501070106,2017,57.317962623,24.169895106,0.716945663
020501070106,2018,81.268830013,27.904815367,0.732857737
020501070106,2019,75.065794056,27.132670108,0.717827008
020501070107,2010,59.167712447,14.802665466,0.722995937
020501070107,2011,74.401349777,18.109998525,0.753949907
020501070107,2012,46.28754174,13.730541749,0.744827027
020501070107,2013,50.817356631,14.802973106,0.764325428
020501070107,2014,57.502785454,15.351647643,0.756306467
020501070107,2015,33.301205976,11.50207693,0.692095256
020501070107,2016,37.470169591,11.339149155,0.70311563
020501070107,2017,51.411273562,15.394107933,0.749608094
020501070107,2018,76.419124738,18.130676842,0.76360768
020501070107,2019,69.819805428,18.166617241,0.752097115
020501070108,2010,59.343397953,11.653221415,0.718789828
020501070108,2011,75.292859821,14.531477855,0.752222357
020501070108,2012,45.840851418,11.370728185,0.744303795
020501070108,2013,52.583539745,12.6397857,0.765389149
020501070108,2014,57.195324152,12.714218749,0.756379262
020501070108,2015,30.408120808,9.257079573,0.689587131
020501070108,2016,36.835433364,9.593521753,0.703485521
020501070108,2017,49.411957018,12.652276064,0.749077154
020501070108,2018,75.668080012,14.350428282,0.761395587
020501070108,2019,73.456019063,15.377074853,0.752435365
020501070109,2010,68.696779899,23.676425569,0.701491889
020501070109,2011,78.421017796,26.272883519,0.729114692
020501070109,2012,51.086048848,21.410529612,0.714079545
020501070109,2013,58.27704384,23.245053511,0.73324901
020501070109,2014,63.806681974,24.255974215,0.735078115
020501070109,2015,38.931222993,18.364807995,0.665790018
020501070109,2016,45.536289113,19.660668079,0.677962962
020501070109,2017,57.769465256,24.128838421,0.722740494
020501070109,2018,81.34679253,27.158262362,0.737404508
020501070109,2019,76.016036248,26.991523938,0.724296982
020501070110,2010,65.51219706,23.806695318,0.702823755
020501070110,2011,78.235057132,28.652836341,0.737878392
020501070110,2012,48.504632482,21.252475605,0.71603971
020501070110,2013,54.748637956,22.963227562,0.738916955
020501070110,2014,61.544925784,24.985233643,0.748012536
020501070110,2015,35.717100284,17.791037473,0.677375783
020501070110,2016,41.609947376,18.953787892,0.687942233
020501070110,2017,54.114767977,24.133306232,0.728497038
020501070110,2018,80.441524829,29.702231933,0.746348471
020501070110,2019,75.453054145,29.69208032,0.734294898
020501070201,2010,38.947368556,21.102045873,0.694417525
020501070201,2011,60.730678031,31.343263239,0.750356889
020501070201,2012,28.610195512,14.359402818,0.665331103
020501070201,2013,31.182726056,16.122604517,0.701994072
020501070201,2014,49.431620168,25.95015751,0.70671185
020501070201,2015,28.208512031,16.448712491,0.62767474
020501070201,2016,25.400972676,12.46327732,0.623114735
020501070201,2017,37.510359481,21.021736031,0.692875768
020501070201,2018,58.938976683,28.621066091,0.747956345
020501070201,2019,56.440914687,29.648750091,0.741924917
020501070202,2010,40.191282868,14.4554569,0.62960511
020501070202,2011,49.673204335,17.474694874,0.682786737
020501070202,2012,23.688015379,12.155708676,0.63107965
020501070202,2013,29.485299867,13.557316242,0.670320138
020501070202,2014,33.480451026,13.678942266,0.682537775
020501070202,2015,23.298824597,10.950403891,0.59061492
020501070202,2016,18.213758323,9.076195212,0.597816049
020501070202,2017,25.357021715,11.468872131,0.640491517
020501070202,2018,47.081285502,17.41867388,0.698519717
020501070202,2019,45.217167922,17.91210891,0.694426705
020501070203,2010,31.203115529,17.827045296,0.604627927
020501070203,2011,48.287374194,22.548040425,0.661474494
020501070203,2012,21.071330165,13.851381044,0.598017613
020501070203,2013,24.310258346,14.891977137,0.636362688
020501070203,2014,40.285282351,19.902612053,0.659012943
020501070203,2015,21.414097363,13.523068709,0.571626222
020501070203,2016,16.609411799,11.183982054,0.581052094
020501070203,2017,33.004312244,18.580347124,0.641288991
020501070203,2018,51.366759747,25.294376087,0.684379093
020501070203,2019,41.25134491,21.918809512,0.671631969
020501070204,2010,43.328611623,18.282560949,0.64498649
020501070204,2011,53.818208432,20.84145728,0.684268891
020501070204,2012,26.577424688,14.865922271,0.614968193
020501070204,2013,34.435581674,17.380814923,0.677271254
020501070204,2014,39.873336837,17.503822551,0.689624859
020501070204,2015,26.080900794,13.674257472,0.605497898
020501070204,2016,24.267543751,13.391375287,0.6071997
020501070204,2017,33.831034383,16.312910698,0.650371166
020501070204,2018,51.755877269,21.4285429,0.704070565
020501070204,2019,52.399925729,21.882402793,0.703230444
020501070205,2010,61.415918107,28.518171552,0.679652055
020501070205,2011,83.07978891,37.032439042,0.705379875
020501070205,2012,48.681509447,23.868526381,0.653591484
020501070205,2013,52.177246882,26.136727167,0.683893558
020501070205,2014,65.972717107,33.232336073,0.689591683
020501070205,2015,43.212220487,24.291692973,0.635408758
020501070205,2016,44.653604051,23.247546129,0.636658686
020501070205,2017,58.20902033,30.309541145,0.67695379
020501070205,2018,85.743158701,35.457546662,0.721211421
020501070205,2019,80.847325015,36.624354038,0.715431513
020501070206,2010,34.01609881,15.958220548,0.635263686
020501070206,2011,55.649921965,26.109885365,0.643817323
020501070206,2012,24.002706835,11.251071805,0.557384866
020501070206,2013,32.649607237,15.483880559,0.626679145
020501070206,2014,47.190283642,22.480897336,0.657472159
020501070206,2015,26.544389303,14.286735844,0.559441754
020501070206,2016,21.723219245,9.244360357,0.569942799
020501070206,2017,42.315123951,21.066800169,0.64819982
020501070206,2018,56.478378425,23.918746718,0.66011165
020501070206,2019,56.802464972,26.316821311,0.665357548
020501070207,2010,35.658265968,15.032206403,0.633292092
020501070207,2011,62.875364544,26.176942589,0.651457165
020501070207,2012,25.937618493,11.556942565,0.558364039
020501070207,2013,35.624404935,15.717886769,0.628968237
020501070207,2014,52.692137535,22.873589039,0.66338367
020501070207,2015,28.401267214,14.51671861,0.555448184
020501070207,2016,22.875192397,9.354425788,0.570413591
020501070207,2017,48.725028732,22.221716074,0.656877092
020501070207,2018,64.094778976,24.111723265,0.665624811
020501070207,2019,60.045555108,25.315871915,0.667370311
020501070208,2010,45.949478375,22.99827225,0.672922589
020501070208,2011,70.226264999,34.37641176,0.69964496
020501070208,2012,33.272749942,18.135096779,0.608538268
020501070208,2013,41.743588963,21.792467374,0.669946937
020501070208,2014,59.623408051,31.009378427,0.697658861
020501070208,2015,33.504656904,20.172634601,0.602272968
020501070208,2016,31.331339192,16.823763316,0.62068561
020501070208,2017,54.517081523,29.134321891,0.690150298
020501070208,2018,73.85556723,32.804651428,0.707809696
020501070208,2019,71.678792868,34.937437811,0.707436373
020501070301,2010,41.0584434,28.805528287,0.658042328
020501070301,2011,66.300959278,45.79819209,0.713238805
020501070301,2012,37.233250578,27.449016296,0.628765762
020501070301,2013,35.239314172,25.797064819,0.667613637
020501070301,2014,56.959660814,41.915965348,0.684605142
020501070301,2015,30.444919932,23.507542948,0.591781542
020501070301,2016,31.714658349,21.997108683,0.634749553
020501070301,2017,55.594309182,40.706482281,0.683762138
020501070301,2018,68.217769541,46.365623928,0.704582268
020501070301,2019,60.016668026,44.104503666,0.692855438
020501070302,2010,40.579227131,27.187113242,0.657638226
020501070302,2011,67.870731856,44.37285971,0.714832355
020501070302,2012,36.438648346,25.786878646,0.62882359
020501070302,2013,35.226633525,24.948445568,0.667186927
020501070302,2014,56.316765438,39.472852394,0.684172997
020501070302,2015,30.65542475,23.089750811,0.59145859
020501070302,2016,32.894699406,21.992074713,0.635747218
020501070302,2017,55.985411464,39.540433381,0.68442092
020501070302,2018,67.240579309,43.22796807,0.704926581
020501070302,2019,60.659210715,42.63852518,0.693653269
020501070303,2010,43.586513586,25.708336803,0.640105934
020501070303,2011,80.012502975,45.250148486,0.672350877
020501070303,2012,40.610320171,25.315428635,0.603180222
020501070303,2013,41.867148652,25.903217726,0.649635128
020501070303,2014,63.645075694,39.098433239,0.663300332
020501070303,2015,37.460268054,25.112124631,0.581197971
020501070303,2016,41.423196656,24.785775756,0.624048164
020501070303,2017,62.857166152,39.595597341,0.661844473
020501070303,2018,74.908870716,42.948364902,0.680412088
020501070303,2019,68.749303178,43.347350033,0.670522186
020501070304,2010,50.113805005,36.959281866,0.665250074
020501070304,2011,82.322348607,58.067328378,0.684152613
020501070304,2012,46.237951807,35.219275175,0.645247209
020501070304,2013,50.430979374,38.332841445,0.680279846
020501070304,2014,66.53010115,50.485600796,0.685066579
020501070304,2015,40.374415037,32.655617888,0.594458146
020501070304,2016,37.528279837,27.725917509,0.630046948
020501070304,2017,60.970199896,45.979332593,0.678673075
020501070304,2018,76.585693984,53.314021983,0.703623072
020501070304,2019,78.411594877,58.98477798,0.695027559
020501070305,2010,67.850679814,36.015481265,0.750995465
020501070305,2011,84.210513463,44.170103437,0.762787224
020501070305,2012,50.488995137,31.793007439,0.749898574
020501070305,2013,60.342559694,35.078241248,0.770705074
020501070305,2014,65.174128793,37.98714643,0.788220236
020501070305,2015,40.669085318,26.712423084,0.710767239
020501070305,2016,39.850069041,25.822131656,0.711063593
020501070305,2017,57.043820638,35.574872477,0.760961475
020501070305,2018,82.606622884,46.850087417,0.784912381
020501070305,2019,77.688290187,45.953162631,0.769994303
020501070306,2010,67.419164293,31.104641966,0.618482011
020501070306,2011,90.792053727,39.305291977,0.639116065
020501070306,2012,55.528751962,30.66944388,0.627333457
020501070306,2013,63.686077474,31.741530473,0.637780535
020501070306,2014,69.204382257,35.773101755,0.658893705
020501070306,2015,40.668982593,24.439688322,0.591216227
020501070306,2016,41.839294454,23.221572851,0.596022647
020501070306,2017,65.100532282,33.816931848,0.635058699
020501070306,2018,83.95519221,41.246008951,0.657110523
020501070306,2019,79.959568197,41.015782799,0.649252208
020501070307,2010,51.333057576,33.233694092,0.66546962
020501070307,2011,83.783090587,53.632888866,0.696116076
020501070307,2012,45.039067343,31.584384485,0.636948219
020501070307,2013,50.303402752,34.562493053,0.677406846
020501070307,2014,66.461250054,45.944641412,0.682448591
020501070307,2015,39.454404173,29.1192243,0.587599357
020501070307,2016,40.239574251,26.826949242,0.631765638
020501070307,2017,65.234494146,45.333472591,0.682288156
020501070307,2018,77.616470541,49.769927749,0.695964699
020501070307,2019,74.786539608,52.343125564,0.691830859
020501070401,2010,53.734148484,23.569778352,0.721096222
020501070401,2011,72.059701576,28.345968629,0.770214093
020501070401,2012,42.207402069,21.192692941,0.740856284
020501070401,2013,45.070497853,22.946799435,0.744753753
020501070401,2014,54.348303052,25.516399322,0.749980679
020501070401,2015,32.703443744,18.065386327,0.695359796
020501070401,2016,30.692979327,17.855176418,0.697059217
020501070401,2017,44.571010803,23.157014644,0.733180469
020501070401,2018,64.809348132,28.794341852,0.760103992
020501070401,2019,59.450384097,27.404682439,0.749007696
020501070402,2010,55.045444488,23.625215917,0.684879787
020501070402,2011,74.29046293,29.346017326,0.732989478
020501070402,2012,38.414620118,20.841869582,0.700372562
020501070402,2013,50.781193812,24.360528468,0.709935047
020501070402,2014,55.073504413,25.019173509,0.726760804
020501070402,2015,30.932629364,17.564998203,0.65665845
020501070402,2016,34.53853299,19.146643318,0.684738832
020501070402,2017,48.587321081,23.55583956,0.709659069
020501070402,2018,65.098489876,28.905364191,0.744983241
020501070402,2019,57.49739277,26.861815028,0.724516873
020501070403,2010,48.064954221,17.820991675,0.69447887
020501070403,2011,69.528700109,22.649323953,0.745535463
020501070403,2012,36.358272296,16.479276816,0.704648382
020501070403,2013,44.367974219,18.51562518,0.718609625
020501070403,2014,51.856018427,20.084276545,0.726621908
020501070403,2015,27.245979027,12.966757727,0.649798362
020501070403,2016,29.227881859,14.274603382,0.68009547
020501070403,2017,45.100488599,19.066984322,0.714709427
020501070403,2018,60.404501345,22.463136519,0.739530761
020501070403,2019,55.318835215,21.583054835,0.727887324
020501070501,2010,48.243667592,8.655948694,0.72060712
020501070501,2011,80.714520625,11.785963692,0.772610032
020501070501,2012,45.907436596,8.025518193,0.748344306
020501070501,2013,40.00708685,8.515171077,0.732342942
020501070501,2014,59.681455264,10.378594577,0.771047935
020501070501,2015,32.161845517,7.797314139,0.683322237
020501070501,2016,43.10095206,7.432038299,0.734481769
020501070501,2017,58.556207988,10.193755655,0.770074632
020501070501,2018,78.356160352,11.256155362,0.785415085
020501070501,2019,63.650079577,11.884660107,0.749523031
020501070502,2010,41.960031086,8.823247342,0.726560218
020501070502,2011,72.185981141,11.963955748,0.777603067
020501070502,2012,37.714263157,8.10588482,0.753312193
020501070502,2013,34.276475515,8.556922312,0.736507343
020501070502,2014,50.461308525,10.437961465,0.775676694
020501070502,2015,28.650511047,7.902950437,0.690553411
020501070502,2016,37.306404475,7.53441921,0.738769002
020501070502,2017,48.634133577,10.214697093,0.77406915
020501070502,2018,65.150774985,11.39640097,0.789623077
020501070502,2019,54.058744055,11.949592781,0.752931077
020501070503,2010,58.286702055,16.031328581,0.797816212
020501070503,2011,92.556475561,21.362291664,0.824535531
020501070503,2012,57.842733038,18.065490425,0.816539082
020501070503,2013,52.709585227,16.192573076,0.793693958
020501070503,2014,72.750417009,19.627228477,0.835947542
020501070503,2015,42.614124381,14.9502558,0.751285137
020501070503,2016,49.339947312,15.172036861,0.777156854
020501070503,2017,75.182108908,19.987232949,0.821994425
020501070503,2018,90.252819623,21.812246821,0.834787649
020501070503,2019,74.753097168,21.857892421,0.816669501
020501070504,2010,49.770894066,12.217361278,0.745438582
020501070504,2011,83.918161186,17.147438204,0.791017965
020501070504,2012,44.970860225,12.843090914,0.77049494
020501070504,2013,44.505643622,12.46073733,0.751570611
020501070504,2014,61.66334569,15.383612177,0.795980095
020501070504,2015,33.930805079,11.103775236,0.706114061
020501070504,2016,43.960643703,11.589584334,0.743110295
020501070504,2017,62.550149102,15.358450455,0.784605482
020501070504,2018,80.664060686,17.310243317,0.800448971
020501070504,2019,65.531279279,17.488536433,0.778133806
020501070601,2010,49.942767622,17.867614672,0.761371883
020501070601,2011,84.295395879,25.060953947,0.798029367
020501070601,2012,50.336671101,19.056280702,0.777506438
020501070601,2013,47.425929309,16.864360908,0.775213601
020501070601,2014,55.529389021,20.077929208,0.824800187
020501070601,2015,36.790594179,15.592120783,0.744044129
020501070601,2016,48.421199114,16.305628756,0.764018821
020501070601,2017,66.048731977,22.279638773,0.79768151
020501070601,2018,77.381385958,23.384007898,0.799316864
020501070601,2019,68.256859188,25.499448145,0.781941968
020501070602,2010,48.814688571,17.96647338,0.758337605
020501070602,2011,81.626087129,25.283156002,0.795778689
020501070602,2012,47.803341128,19.129182396,0.77463511
020501070602,2013,45.001049196,16.820120754,0.769680251
020501070602,2014,55.421144764,20.237260996,0.823450549
020501070602,2015,34.64023274,15.539150986,0.737911493
020501070602,2016,45.210148589,16.295712898,0.757307395
020501070602,2017,62.730875906,22.336777352,0.794172194
020501070602,2018,75.592897147,23.619440378,0.798931637
020501070602,2019,65.704339402,25.833063287,0.783064495
020501070701,2010,57.454016427,12.00071293,0.762041066
020501070701,2011,100.252414673,17.043885605,0.796961912
020501070701,2012,63.446361078,12.312621956,0.783304388
020501070701,2013,53.938409322,10.929354391,0.772989989
020501070701,2014,78.826834294,15.322388002,0.820176087
020501070701,2015,45.11911934,11.270748186,0.740752303
020501070701,2016,57.12107898,10.558843081,0.760541317
020501070701,2017,77.408823218,14.765978987,0.803704026
020501070701,2018,93.085125758,15.778489772,0.810575943
020501070701,2019,77.537238671,17.114424246,0.766267184
020501070702,2010,50.794925014,11.900496298,0.762986705
020501070702,2011,89.100167091,16.8675809,0.797245485
020501070702,2012,56.627336399,12.190863339,0.784575119
020501070702,2013,47.764259791,10.811072458,0.773723877
020501070702,2014,65.18274585,15.152271042,0.820714908
020501070702,2015,40.769250073,11.217295811,0.742962196
020501070702,2016,50.570162318,10.438147309,0.761321655
020501070702,2017,69.831806729,14.625591764,0.804896196
020501070702,2018,82.887403424,15.59387284,0.811293364
020501070702,2019,67.018155334,16.916386284,0.765313807
020501070703,2010,51.797059031,15.67708421,0.779347535
020501070703,2011,92.07869186,24.554238816,0.804625785
020501070703,2012,59.762287248,17.985846767,0.797965678
020501070703,2013,49.902495197,15.557378338,0.786871925
020501070703,2014,70.754914857,21.139766576,0.833351986
020501070703,2015,43.295388583,15.558627233,0.750789894
020501070703,2016,49.312143839,14.454831147,0.765498977
020501070703,2017,75.583670982,21.593191934,0.814346552
020501070703,2018,84.14133433,22.328491013,0.818996517
020501070703,2019,74.965633325,24.917410102,0.783958821
020501070704,2010,48.806552278,13.056817469,0.768993229
020501070704,2011,85.872275508,18.404178876,0.801704539
020501070704,2012,51.895755423,14.092116547,0.789729919
020501070704,2013,45.196150122,12.689501563,0.773567102
020501070704,2014,66.245258886,16.937856365,0.822540523
020501070704,2015,39.757311588,12.889656983,0.739224625
020501070704,2016,44.503739917,11.772061192,0.758447805
020501070704,2017,68.291185336,16.837696469,0.803849992
020501070704,2018,81.901310331,18.429232388,0.815140473
020501070704,2019,68.860459118,19.076319955,0.776740186
020501070705,2010,52.62980903,18.22230403,0.749712097
020501070705,2011,86.128290474,23.715804856,0.775507009
020501070705,2012,50.016168825,17.873113693,0.76097934
020501070705,2013,47.753378613,17.552829604,0.758081348
020501070705,2014,61.360176293,21.804517012,0.800658962
020501070705,2015,40.359707671,17.84695635,0.725457219
020501070705,2016,50.696690028,16.415796377,0.734972138
020501070705,2017,66.389990649,21.915707034,0.763893774
020501070705,2018,80.968526136,24.473856452,0.783695528
020501070705,2019,68.405634149,24.731181006,0.769089791
020501070706,2010,49.32217715,18.830522295,0.743324212
020501070706,2011,81.852271547,26.657806075,0.782973719
020501070706,2012,46.891867398,20.001674963,0.760355443
020501070706,2013,43.015854609,17.602279682,0.754606246
020501070706,2014,53.967951003,21.412969774,0.807199162
020501070706,2015,31.419580599,15.837031163,0.716686516
020501070706,2016,42.357496068,16.813942425,0.740181578
020501070706,2017,60.924280404,23.284630963,0.778000908
020501070706,2018,76.403805375,25.263924022,0.785575596
020501070706,2019,61.022458713,26.677917566,0.764629261
020501070707,2010,52.40377519,24.63785079,0.745908818
020501070707,2011,83.189492508,37.160016478,0.766549775
020501070707,2012,48.27013273,24.528895785,0.748522193
020501070707,2013,46.588874375,23.905830793,0.741453256
020501070707,2014,60.317027533,31.218759715,0.777730307
020501070707,2015,31.646700512,18.70699768,0.690817952
020501070707,2016,41.784765447,21.989683202,0.719333508
020501070707,2017,62.439333302,30.7908391,0.750604575
020501070707,2018,78.723234236,35.420344535,0.777284844
020501070707,2019,61.729626534,33.532304215,0.761250329
020501070801,2010,61.232664712,24.927845891,0.714233979
020501070801,2011,86.584599921,32.190909667,0.756205583
020501070801,2012,51.791606752,21.407160106,0.73892847
020501070801,2013,51.099331425,22.319366579,0.732826742
020501070801,2014,65.443955107,28.316141314,0.751034065
020501070801,2015,34.32970588,18.525975563,0.672381059
020501070801,2016,37.499117036,18.01996061,0.689613596
020501070801,2017,56.421675167,24.941741848,0.735385725
020501070801,2018,78.81749876,28.517684821,0.757323485
020501070801,2019,68.836773235,29.968553353,0.737024154
020501070802,2010,60.342875772,27.093405764,0.716247353
020501070802,2011,83.842551782,35.123948257,0.759448644
020501070802,2012,47.643648847,22.092708107,0.738643857
020501070802,2013,56.121625905,25.294213345,0.735360435
020501070802,2014,63.61456737,30.020518629,0.752279664
020501070802,2015,35.119008428,19.85031945,0.674118012
020501070802,2016,39.40755792,20.10078523,0.694720874
020501070802,2017,53.982260055,26.278681695,0.736237149
020501070802,2018,75.838642453,30.589283956,0.758465517
020501070802,2019,67.463654182,31.818299891,0.738735437
020501070803,2010,62.428020422,27.416648812,0.711394553
020501070803,2011,90.423241383,36.543234212,0.757087152
020501070803,2012,50.139351324,23.077261218,0.735620739
020501070803,2013,58.448830259,26.214236635,0.731769478
020501070803,2014,66.680896779,31.031168436,0.749038883
020501070803,2015,36.199988064,20.22570735,0.669701209
020501070803,2016,40.082960893,20.448634583,0.689647726
020501070803,2017,58.073163593,27.66664012,0.733772304
020501070803,2018,81.979074828,32.057988066,0.756461935
020501070803,2019,72.45175853,33.268109508,0.73606554
020501070804,2010,56.606465124,22.81358487,0.710517972
020501070804,2011,83.658193322,29.987878019,0.753689746
020501070804,2012,49.081661406,19.472280141,0.735628262
020501070804,2013,48.829214522,20.719234735,0.729591401
020501070804,2014,62.742794979,26.188939812,0.748256738
020501070804,2015,31.525598758,16.743585753,0.667674436
020501070804,2016,39.011940981,17.370619561,0.69022056
020501070804,2017,54.518101023,22.969612928,0.731588467
020501070804,2018,77.838449346,26.371368395,0.754313602
020501070804,2019,63.990484753,27.724991803,0.733917388
020501070805,2010,49.92571439,22.200448121,0.708910163
020501070805,2011,74.391972199,30.04717205,0.753503891
020501070805,2012,39.47375515,18.330912818,0.732147229
020501070805,2013,39.534707441,19.307433837,0.725574173
020501070805,2014,55.065123875,25.908997331,0.747802625
020501070805,2015,27.001639654,15.694644163,0.660494961
020501070805,2016,33.311120857,16.343656821,0.686167591
020501070805,2017,47.643482822,22.408381338,0.729692184
020501070805,2018,67.248618582,26.035086458,0.753297446
020501070805,2019,53.123171512,26.590106278,0.730802152
020501070901,2010,40.03216243,15.580027026,0.59460174
020501070901,2011,69.241908177,18.946625466,0.628366913
020501070901,2012,34.781861424,16.161627335,0.605032351
020501070901,2013,32.880303469,15.738239291,0.624657428
020501070901,2014,47.284403606,18.145207839,0.648271737
020501070901,2015,22.002099632,11.334366491,0.557440045
020501070901,2016,24.678942178,12.220226061,0.577881511
020501070901,2017,42.473833168,18.183491834,0.613573624
020501070901,2018,60.061840355,20.174269978,0.657475284
020501070901,2019,46.032990658,18.651522216,0.643207687
020501070902,2010,38.585308344,14.327226253,0.592332798
020501070902,2011,66.625310219,17.84114293,0.628035609
020501070902,2012,33.094058381,15.12300995,0.60584096
020501070902,2013,31.277450176,14.626443832,0.625700075
020501070902,2014,46.86530891,17.119866895,0.649779085
020501070902,2015,21.440057311,10.663380601,0.55540669
020501070902,2016,23.653164428,11.316775847,0.577068721
020501070902,2017,40.890990574,16.911323655,0.612806006
020501070902,2018,56.87905212,18.702612845,0.657168876
020501070902,2019,41.682529693,16.825455901,0.638845572
020501071001,2010,39.514495046,19.809446467,0.637962826
020501071001,2011,68.89296567,36.66861908,0.671917611
020501071001,2012,32.294371213,18.10638918,0.591148856
020501071001,2013,36.020076463,20.699084903,0.631002336
020501071001,2014,54.443320151,32.490183222,0.639409458
020501071001,2015,31.673292082,20.825646758,0.546209356
020501071001,2016,28.838240387,15.110335325,0.593511589
020501071001,2017,49.309293277,28.9196,0.638141159
020501071001,2018,60.753409189,31.648832522,0.657063889
020501071001,2019,54.986697739,33.687803594,0.645783912
020501071002,2010,47.544883205,27.939487601,0.647864779
020501071002,2011,76.946667652,45.678787353,0.677402859
020501071002,2012,37.97474784,24.328529001,0.634595361
020501071002,2013,40.648664712,25.979643488,0.648194268
020501071002,2014,58.324766783,37.656890242,0.667057986
020501071002,2015,33.428592315,23.661613606,0.56739394
020501071002,2016,33.305164616,20.410131874,0.615017828
020501071002,2017,52.68833817,34.012311814,0.654404069
020501071002,2018,68.796580844,40.988049428,0.679956865
020501071002,2019,57.182502742,38.167037363,0.660367147
020501071003,2010,40.762475828,22.842849998,0.636112524
020501071003,2011,75.096184126,38.498372593,0.690437273
020501071003,2012,34.123801524,19.494337348,0.648757211
020501071003,2013,34.367956374,20.592214803,0.654879637
020501071003,2014,50.658032958,30.594091736,0.658663403
020501071003,2015,28.873163627,18.871924478,0.554997918
020501071003,2016,26.989644533,15.287595677,0.607202875
020501071003,2017,43.879572204,26.139392546,0.651402613
020501071003,2018,66.906656743,33.198320763,0.685475931
020501071003,2019,49.252239853,30.440350438,0.646452926
020501071004,2010,40.399325534,24.969337261,0.623695996
020501071004,2011,68.961094936,39.145548801,0.666018825
020501071004,2012,32.966247592,21.206177128,0.625975539
020501071004,2013,32.880640137,21.630732554,0.633785579
020501071004,2014,47.062439162,30.934644463,0.644335835
020501071004,2015,28.081662207,20.569821562,0.579752301
020501071004,2016,28.904126371,19.206679375,0.595538212
020501071004,2017,45.195492208,29.326259375,0.638254701
020501071004,2018,60.15211753,32.973487872,0.65825623
020501071004,2019,46.604343623,30.871819296,0.64266186
020501071005,2010,35.228047532,20.935976709,0.647542612
020501071005,2011,76.964156159,43.436001503,0.702310102
020501071005,2012,33.716745112,20.746020839,0.639346849
020501071005,2013,33.519127329,21.305246703,0.646161538
020501071005,2014,54.209915056,35.210253207,0.666010041
020501071005,2015,30.653876184,20.677446775,0.589143472
020501071005,2016,29.541489349,18.441309742,0.610463901
020501071005,2017,48.666260234,30.674934022,0.669222638
020501071005,2018,67.135242049,37.452757051,0.684622015
020501071005,2019,54.03426138,36.419495928,0.66021962
020501071006,2010,33.718761635,20.206534967,0.617034107
020501071006,2011,67.608801835,39.924781975,0.670554736
020501071006,2012,30.475009871,18.485649839,0.600516798
020501071006,2013,30.627855872,19.280071904,0.626238705
020501071006,2014,46.890259693,31.14105768,0.639786737
020501071006,2015,28.174771933,18.548423098,0.569060311
020501071006,2016,26.626469706,15.573730415,0.585792998
020501071006,2017,41.90976686,27.165232902,0.633561036
020501071006,2018,62.002786027,35.165567856,0.655602219
020501071006,2019,47.327476109,32.409875835,0.626610562
020502010101,2010,53.395352899,7.409800503,0.768471269
020502010101,2011,82.252338048,8.733580151,0.820134234
020502010101,2012,53.72514123,7.603011287,0.795442897
020502010101,2013,54.087983882,8.350588174,0.789279239
020502010101,2014,53.905162551,7.765426142,0.78599545
020502010101,2015,39.442239279,6.833930038,0.766689165
020502010101,2016,50.919052475,8.159754098,0.795893941
020502010101,2017,83.843423962,9.387512857,0.817221039
020502010101,2018,79.147186534,8.674310541,0.812304221
020502010101,2019,66.450186472,7.933237909,0.77680002
020502010102,2010,52.21947893,7.000926791,0.767869507
020502010102,2011,83.93071017,8.163980731,0.817374842
020502010102,2012,53.758956148,7.275500893,0.794786189
020502010102,2013,53.699529157,7.711331965,0.786056851
020502010102,2014,54.333372416,6.797018028,0.779550655
020502010102,2015,38.844999539,6.014449529,0.760718346
020502010102,2016,45.015671844,6.745070339,0.788169345
020502010102,2017,79.631062462,8.377050203,0.812433693
020502010102,2018,84.725783473,8.664170462,0.8129539
020502010102,2019,67.996893809,7.536963418,0.775593113
020502010103,2010,48.911671325,6.43357543,0.762058332
020502010103,2011,80.840461203,8.518026056,0.819706297
020502010103,2012,55.56765536,7.909816437,0.797848491
020502010103,2013,53.294549246,7.91946402,0.786988864
020502010103,2014,51.852640532,7.153816286,0.782526567
020502010103,2015,36.89819201,5.637565032,0.757342766
020502010103,2016,44.349352003,6.827516718,0.788372338
020502010103,2017,79.138503474,8.667095262,0.813583227
020502010103,2018,78.930022874,8.366098788,0.809983937
020502010103,2019,65.362985581,7.722257112,0.776931412
020502010201,2010,49.871235976,4.370689647,0.737962887
020502010201,2011,81.45738389,6.02990754,0.779131127
020502010201,2012,53.911744686,4.777158395,0.754829449
020502010201,2013,71.932389042,5.523309503,0.775085931
020502010201,2014,52.0817738,5.075499841,0.765368316
020502010201,2015,52.519047898,4.232984416,0.746373402
020502010201,2016,65.037718813,5.094573941,0.77102444
020502010201,2017,74.640495778,6.174338816,0.763197
020502010201,2018,83.144464382,6.500326736,0.785425632
020502010201,2019,61.113693002,5.297932872,0.75749577
020502010202,2010,48.009359464,4.000936864,0.735162566
020502010202,2011,80.583215568,5.653198468,0.777010231
020502010202,2012,53.413037931,4.459687003,0.753340206
020502010202,2013,69.971234505,5.098232908,0.773257922
020502010202,2014,51.408519122,4.71173741,0.763701811
020502010202,2015,50.701958776,3.905811736,0.745161078
020502010202,2016,59.371399027,4.580778367,0.767915544
020502010202,2017,73.602107819,5.760225055,0.761228278
020502010202,2018,79.134252994,5.982617131,0.781922122
020502010202,2019,59.559298267,4.909772486,0.754905584
020502010301,2010,59.808299247,9.776920265,0.750880667
020502010301,2011,88.89357073,11.765233384,0.786467014
020502010301,2012,46.102187441,9.016660529,0.752674072
020502010301,2013,55.603515848,9.630093649,0.768184399
020502010301,2014,53.803523202,9.412292976,0.764602747
020502010301,2015,41.752710672,7.860341449,0.736375686
020502010301,2016,49.356046197,8.770865261,0.761359412
020502010301,2017,86.770007548,12.356991238,0.776871834
020502010301,2018,85.522093322,11.60722203,0.794875886
020502010301,2019,64.504746588,11.003417885,0.73905763
020502010302,2010,46.072147239,9.597880846,0.702646027
020502010302,2011,71.922622586,12.816886969,0.767565289
020502010302,2012,43.596550446,10.63007822,0.737886474
020502010302,2013,49.030041391,10.352968218,0.72444066
020502010302,2014,43.768686064,10.23373465,0.725652729
020502010302,2015,31.473684285,7.427439322,0.702317578
020502010302,2016,35.049532654,8.192850008,0.722672252
020502010302,2017,67.111767404,13.424993268,0.747786077
020502010302,2018,74.490316319,13.82887272,0.759730899
020502010302,2019,58.885231086,11.763682404,0.720893865
020502010303,2010,39.6576538,7.151420379,0.70056164
020502010303,2011,63.056647479,10.178902444,0.765238359
020502010303,2012,39.577647397,8.559486198,0.73793171
020502010303,2013,42.712009805,7.805645198,0.721866403
020502010303,2014,40.876041166,8.245744097,0.725307581
020502010303,2015,28.467139171,5.647751505,0.69978048
020502010303,2016,29.175111419,5.685270974,0.718719015
020502010303,2017,58.165802092,10.436831747,0.746029463
020502010303,2018,67.902027513,11.571460495,0.760183034
020502010303,2019,52.923292342,9.620852782,0.72075327
020502010304,2010,52.799367476,21.285857614,0.738608858
020502010304,2011,87.28939463,30.010287245,0.785136094
020502010304,2012,51.934908768,21.319982898,0.77324033
020502010304,2013,53.998174129,22.45167508,0.762962261
020502010304,2014,52.96724362,22.648307631,0.748742656
020502010304,2015,36.578875633,15.528060197,0.729330035
020502010304,2016,39.272459483,14.95712868,0.754717177
020502010304,2017,76.05275766,27.763633246,0.778819279
020502010304,2018,88.486478447,32.351386537,0.798612463
020502010304,2019,69.937871615,31.873370428,0.747918807
020502010305,2010,43.66199649,6.585991565,0.697818836
020502010305,2011,72.991762253,8.736259007,0.764632343
020502010305,2012,46.041817719,7.690572634,0.735381645
020502010305,2013,49.132183939,7.551105127,0.721723902
020502010305,2014,44.971045086,7.502536274,0.723956285
020502010305,2015,31.630396677,5.28308804,0.698729349
020502010305,2016,32.882580275,5.446403103,0.716580736
020502010305,2017,67.703165029,9.071863241,0.744255696
020502010305,2018,74.363510051,9.32562006,0.755870844
020502010305,2019,59.67468447,8.598534986,0.721200554
020502010306,2010,44.513443245,7.313832625,0.709793736
020502010306,2011,88.476298612,11.387482329,0.782062815
020502010306,2012,45.370381938,8.769855337,0.763742357
020502010306,2013,49.806752749,9.265659469,0.736653808
020502010306,2014,48.169820624,8.221099716,0.72603782
020502010306,2015,33.915697952,6.440772498,0.701335964
020502010306,2016,34.34783066,6.847195816,0.727875354
020502010306,2017,71.312950108,10.730741504,0.7686733
020502010306,2018,86.252078304,12.138951537,0.7861551
020502010306,2019,60.63024669,10.274269946,0.748404757
020502010307,2010,46.578287371,20.053487317,0.727379835
020502010307,2011,84.587243335,32.582666868,0.792800066
020502010307,2012,50.849374253,21.89790123,0.771470832
020502010307,2013,51.817248917,22.665915644,0.749716748
020502010307,2014,50.539700759,22.806621134,0.744061716
020502010307,2015,35.248155378,16.157401573,0.717943621
020502010307,2016,35.32470534,14.618585824,0.741941431
020502010307,2017,74.114701923,29.832930868,0.778503166
020502010307,2018,81.193296004,32.786136047,0.7928091
020502010307,2019,66.456075653,30.608367302,0.754400591
020502010308,2010,41.371397089,12.760134262,0.719548457
020502010308,2011,83.13771982,21.19466414,0.79251329
020502010308,2012,43.007540851,12.540935543,0.760487558
020502010308,2013,49.712406825,15.823451222,0.740119997
020502010308,2014,48.922817467,16.327914398,0.742615336
020502010308,2015,35.884317014,12.729203577,0.713261679
020502010308,2016,34.982617351,9.677584772,0.73527319
020502010308,2017,68.741364832,18.657118166,0.771764745
020502010308,2018,75.219464797,20.342711833,0.785099404
020502010308,2019,59.555361823,19.463976715,0.752888467
020502010309,2010,53.527960362,12.974853146,0.767123046
020502010309,2011,83.918649185,16.16957423,0.816219399
020502010309,2012,58.402740355,13.781115243,0.79413257
020502010309,2013,63.541289938,14.923669397,0.784179188
020502010309,2014,60.19101296,15.748819608,0.780670892
020502010309,2015,46.580375396,12.386255221,0.765750187
020502010309,2016,49.860008725,11.124615131,0.772713995
020502010309,2017,82.979792783,17.016489376,0.796264867
020502010309,2018,80.73378338,17.48084771,0.81181801
020502010309,2019,69.057957919,18.175930375,0.770563086
020502010310,2010,40.040485038,12.47639984,0.717767562
020502010310,2011,76.499545732,18.517445455,0.778286845
020502010310,2012,46.55760581,15.147374106,0.750645919
020502010310,2013,53.756411898,16.367376288,0.742803963
020502010310,2014,49.654989377,16.626472728,0.748071931
020502010310,2015,35.260434263,12.795785387,0.708077638
020502010310,2016,37.534264453,10.579504182,0.739161408
020502010310,2017,60.520864513,15.562430336,0.761489275
020502010310,2018,67.814502248,18.152010353,0.771441575
020502010310,2019,55.982791625,19.321141746,0.737538246
020502010401,2010,52.974040795,26.817531588,0.793927616
020502010401,2011,81.539942028,32.928821041,0.829463289
020502010401,2012,61.740013604,29.321712488,0.811019768
020502010401,2013,60.172369901,30.17670463,0.829351943
020502010401,2014,62.912372137,31.957744986,0.809873008
020502010401,2015,47.007117414,25.5313259,0.779723133
020502010401,2016,49.250330878,23.151612612,0.805956942
020502010401,2017,85.968180376,36.824269126,0.82128634
020502010401,2018,83.091217562,36.352042522,0.832611296
020502010401,2019,78.480927396,39.702795028,0.789968212
020502010402,2010,50.339338846,12.130174626,0.785064221
020502010402,2011,84.089491168,17.264756985,0.83438431
020502010402,2012,64.641803825,14.22671072,0.826529046
020502010402,2013,62.739466873,14.659169799,0.822702318
020502010402,2014,57.130788658,14.770072886,0.826017038
020502010402,2015,50.535811647,12.579280547,0.797587563
020502010402,2016,63.757636314,13.600521198,0.817384776
020502010402,2017,87.806547232,18.389419243,0.826701883
020502010402,2018,85.54364771,17.389120038,0.828820592
020502010402,2019,75.12357708,17.539610192,0.805304938
020502010403,2010,49.190612852,18.813141894,0.77864203
020502010403,2011,79.219450428,25.355396224,0.827963526
020502010403,2012,61.633589395,22.06347598,0.810435585
020502010403,2013,58.539767636,21.941285471,0.815522057
020502010403,2014,56.746012403,22.684145963,0.805384638
020502010403,2015,44.749167626,18.138250227,0.778672873
020502010403,2016,52.49387774,18.509369815,0.802756419
020502010403,2017,83.041908912,27.841700041,0.814729925
020502010403,2018,78.90389878,26.038853994,0.820791731
020502010403,2019,72.935051765,27.517580923,0.788086358
020502010404,2010,50.628593914,11.905335009,0.779559932
020502010404,2011,82.57681658,16.851618013,0.827804219
020502010404,2012,66.898722349,14.162896464,0.822032079
020502010404,2013,62.35962541,14.406503748,0.816821988
020502010404,2014,56.993977311,14.531591838,0.820134756
020502010404,2015,51.138554928,12.297264042,0.79278315
020502010404,2016,62.179305207,13.16176767,0.811551321
020502010404,2017,87.128846371,18.260077498,0.822266572
020502010404,2018,85.976839542,17.176546715,0.823863359
020502010404,2019,76.368786408,18.012360748,0.804901018
020502010405,2010,52.758403707,3.894014023,0.749866192
020502010405,2011,86.760343028,5.387722165,0.800093324
020502010405,2012,60.241790465,3.907770896,0.787693553
020502010405,2013,73.228608172,4.962655075,0.786452223
020502010405,2014,59.519238275,4.638942918,0.786224336
020502010405,2015,55.89763041,4.089697432,0.759316287
020502010405,2016,67.483397927,4.161211336,0.783720132
020502010405,2017,81.994957463,5.466565461,0.788934954
020502010405,2018,84.253787745,5.28534943,0.794420237
020502010405,2019,69.161818938,5.849597574,0.769859196
020502010406,2010,48.563810258,9.536877207,0.755563637
020502010406,2011,79.082959244,13.29101187,0.808826161
020502010406,2012,59.313278508,11.123016685,0.793997902
020502010406,2013,61.114061427,11.594211566,0.790436703
020502010406,2014,54.751349451,11.706264488,0.789267816
020502010406,2015,48.366083474,9.584660316,0.76319403
020502010406,2016,58.603341528,10.356758635,0.789903973
020502010406,2017,80.148658056,14.187607098,0.797719436
020502010406,2018,79.494531263,13.131033137,0.800189691
020502010406,2019,68.882700302,13.896104283,0.77857707
020502010407,2010,48.966655734,3.7592953,0.730785651
020502010407,2011,82.959966994,5.265984513,0.771352403
020502010407,2012,55.396651039,4.174867114,0.748414115
020502010407,2013,72.817227812,4.77425895,0.767507627
020502010407,2014,51.667420715,4.361654861,0.758125128
020502010407,2015,51.639361088,3.595533457,0.739631472
020502010407,2016,62.328754304,4.284336214,0.763103967
020502010407,2017,73.818450879,5.363294735,0.755225334
020502010407,2018,82.345722572,5.662244125,0.777151525
020502010407,2019,59.893764582,4.530379365,0.749305661
020502010408,2010,50.442842059,7.85369685,0.743051257
020502010408,2011,83.710181965,11.103907149,0.788487158
020502010408,2012,54.963966708,8.299977778,0.767280856
020502010408,2013,66.073513962,9.531708754,0.768676998
020502010408,2014,52.933098108,9.221987147,0.764331033
020502010408,2015,49.220239775,7.938213713,0.74585818
020502010408,2016,56.771653851,7.51278691,0.770027174
020502010408,2017,72.907696747,10.595294746,0.769025199
020502010408,2018,76.953570893,10.827979944,0.779704274
020502010408,2019,60.991792335,10.725305909,0.756311206
020502010501,2010,36.385834096,3.974752808,0.690934257
020502010501,2011,73.068872475,5.764151676,0.768085793
020502010501,2012,36.484760232,4.748667707,0.747869625
020502010501,2013,43.728302458,4.618058621,0.729109292
020502010501,2014,41.187806334,4.5585945,0.716303248
020502010501,2015,27.408672776,3.617857674,0.686251359
020502010501,2016,25.962292448,3.535593504,0.699807124
020502010501,2017,57.108717642,4.891371452,0.754521862
020502010501,2018,65.256441855,5.590718503,0.770671864
020502010501,2019,51.748873756,5.686908579,0.733714441
020502010502,2010,36.767692474,3.988485485,0.683800601
020502010502,2011,73.870330054,5.990919762,0.761917468
020502010502,2012,36.685440014,4.895707761,0.743318489
020502010502,2013,42.774332749,4.702934173,0.724293284
020502010502,2014,41.319977344,4.574221534,0.709960152
020502010502,2015,28.496595253,3.803214748,0.682587811
020502010502,2016,27.1312432,3.639627164,0.694270173
020502010502,2017,57.016550786,5.149518203,0.74977533
020502010502,2018,67.679811527,5.961320782,0.766462701
020502010502,2019,51.879933021,5.860138868,0.729363548
020502010503,2010,33.213557914,8.747090403,0.708829339
020502010503,2011,66.251521704,12.251971115,0.776169607
020502010503,2012,35.706026706,9.262841438,0.739542941
020502010503,2013,38.754020708,9.069654922,0.725684841
020502010503,2014,35.923342788,8.855743929,0.717253716
020502010503,2015,25.77659379,7.437744393,0.678356625
020502010503,2016,28.339365851,5.739690792,0.711455664
020502010503,2017,47.567584502,7.800460686,0.769888262
020502010503,2018,58.29727621,10.78507651,0.775325798
020502010503,2019,48.684602793,12.760083961,0.735103855
020502010504,2010,35.602424446,7.523230159,0.672767329
020502010504,2011,67.252048228,8.74393859,0.742217774
020502010504,2012,36.553153559,8.771590031,0.717688955
020502010504,2013,39.649184013,8.406352349,0.70837993
020502010504,2014,38.370373641,8.142860613,0.70918451
020502010504,2015,27.766571193,7.311035531,0.667452349
020502010504,2016,28.619444764,7.065680602,0.680377527
020502010504,2017,48.700915454,7.442259513,0.730607218
020502010504,2018,67.421493353,8.442373729,0.74631293
020502010504,2019,46.227244708,8.950893632,0.704997237
020502010505,2010,30.122213908,3.588082591,0.63557602
020502010505,2011,64.706025692,5.826836404,0.722039434
020502010505,2012,32.849387496,4.482957923,0.657173771
020502010505,2013,35.851219506,4.273906087,0.641738754
020502010505,2014,32.609795388,4.18363535,0.655074532
020502010505,2015,24.319311325,3.48701553,0.614842915
020502010505,2016,27.320392466,2.99222636,0.64070461
020502010505,2017,42.391000703,3.797243911,0.681790163
020502010505,2018,61.984272857,4.992064095,0.70340254
020502010505,2019,39.197714095,5.370589927,0.66202482
020502010506,2010,37.579259318,7.748238347,0.686743748
020502010506,2011,71.359182333,9.921450059,0.758263642
020502010506,2012,37.646430019,8.57238979,0.724780348
020502010506,2013,40.856589971,8.370743116,0.708270957
020502010506,2014,38.207931531,8.173930463,0.706983719
020502010506,2015,28.775277382,7.099611316,0.67032514
020502010506,2016,31.160402277,6.701325353,0.692191177
020502010506,2017,51.117615531,7.836927748,0.741325808
020502010506,2018,66.068693834,9.374029838,0.75584797
020502010506,2019,48.794509914,9.84610944,0.717156402
020502010507,2010,31.780428359,3.983944461,0.636252014
020502010507,2011,63.079327776,6.341998991,0.721916118
020502010507,2012,32.166248347,4.879592717,0.656280419
020502010507,2013,31.30011193,4.539606551,0.639036517
020502010507,2014,31.247281504,4.651331496,0.655231904
020502010507,2015,25.290741208,3.809948212,0.615579017
020502010507,2016,26.835731815,3.391324232,0.64075614
020502010507,2017,40.419346709,4.257000572,0.681472916
020502010507,2018,59.680737851,5.535852865,0.703003441
020502010507,2019,39.001155254,5.75459335,0.660720283
020502010508,2010,33.144418121,5.406572553,0.656827645
020502010508,2011,68.662654949,7.152841826,0.735539583
020502010508,2012,35.14957897,6.174191213,0.685732791
020502010508,2013,34.511516434,5.952828068,0.660557447
020502010508,2014,31.86896402,5.883806945,0.676370788
020502010508,2015,28.112908571,5.446859787,0.642213098
020502010508,2016,31.83181352,4.783598538,0.664634756
020502010508,2017,42.089892379,5.10782716,0.69778001
020502010508,2018,59.505777242,5.989252719,0.71651808
020502010508,2019,40.550968288,6.617015151,0.682366966
020502010601,2010,40.656581198,10.773609184,0.685447735
020502010601,2011,73.970928474,18.78767546,0.747130916
020502010601,2012,48.302785136,11.051486377,0.721070495
020502010601,2013,59.732712986,14.232876344,0.735093605
020502010601,2014,48.778296357,13.178053367,0.722919821
020502010601,2015,39.225611887,11.258175207,0.694182448
020502010601,2016,55.539703397,12.062643018,0.732373042
020502010601,2017,60.920693689,15.448049732,0.724940024
020502010601,2018,82.068097868,18.398013016,0.75925594
020502010601,2019,55.353564153,16.694548847,0.721985193
020502010602,2010,36.26346599,10.504539871,0.683453006
020502010602,2011,70.750275847,18.465297838,0.746074322
020502010602,2012,43.790084007,10.7982925,0.720431407
020502010602,2013,50.692352569,13.807871218,0.732583185
020502010602,2014,41.902471619,12.832285118,0.721212987
020502010602,2015,33.552582497,10.912529857,0.69177107
020502010602,2016,47.054233372,11.68234272,0.730454
020502010602,2017,54.295691251,15.040667962,0.722939278
020502010602,2018,72.62553025,17.935140132,0.757252148
020502010602,2019,48.829278007,16.329724427,0.719911279
020502010701,2010,52.14097602,6.122909103,0.741792524
020502010701,2011,86.074745133,9.654825175,0.783147943
020502010701,2012,58.652734813,7.086178567,0.762290207
020502010701,2013,69.014181189,8.509221641,0.781868216
020502010701,2014,52.600279148,7.093534699,0.7750367
020502010701,2015,51.608795323,6.398892835,0.763305842
020502010701,2016,66.091161781,7.191373951,0.775898883
020502010701,2017,71.158948847,8.720778538,0.773452387
020502010701,2018,88.779631094,9.516345273,0.792368488
020502010701,2019,64.252023623,9.00363814,0.77131425
020502010702,2010,51.826173716,6.293232936,0.742880569
020502010702,2011,84.8884733,9.857044846,0.785031127
020502010702,2012,58.94644938,7.292839409,0.762982513
020502010702,2013,69.500751561,8.764101608,0.783441086
020502010702,2014,52.134332026,7.297611529,0.776137082
020502010702,2015,51.227330559,6.605401263,0.764807933
020502010702,2016,64.698457695,7.38526884,0.776868049
020502010702,2017,70.630409594,8.896896071,0.774384467
020502010702,2018,91.171875408,9.781764264,0.794498661
020502010702,2019,64.414178682,9.226286168,0.772661264
020502010703,2010,40.94584934,16.847611324,0.698904764
020502010703,2011,74.407009979,29.157683768,0.753892425
020502010703,2012,44.343515695,19.623074213,0.719289557
020502010703,2013,48.469497452,21.116299925,0.72696826
020502010703,2014,43.938165657,20.224196236,0.721523057
020502010703,2015,35.902459979,16.401903717,0.702328015
020502010703,2016,38.256843886,14.307945969,0.732127525
020502010703,2017,55.651548889,21.666941194,0.731813186
020502010703,2018,71.911468521,28.888189409,0.754218155
020502010703,2019,55.000201564,27.12713079,0.718887772
020502010704,2010,47.675800514,5.951018112,0.737558279
020502010704,2011,84.910491922,9.70176571,0.784490286
020502010704,2012,57.215079696,7.118940461,0.76170865
020502010704,2013,65.865893247,8.52092106,0.781073242
020502010704,2014,50.164516145,7.079356903,0.774387772
020502010704,2015,48.531782086,6.448798367,0.763411817
020502010704,2016,60.448170414,7.155376603,0.77476364
020502010704,2017,68.921539437,8.686052388,0.772534476
020502010704,2018,89.535567771,9.595325765,0.793336853
020502010704,2019,62.280700433,9.01371827,0.771288403
020502010705,2010,46.406756504,6.025372131,0.736687586
020502010705,2011,83.232883332,9.907406553,0.785317325
020502010705,2012,54.563277483,7.201132961,0.762641259
020502010705,2013,62.83162346,8.564255051,0.781299015
020502010705,2014,49.447484234,7.20175879,0.775406249
020502010705,2015,45.551938122,6.439247992,0.762993412
020502010705,2016,57.483433859,7.157477684,0.775301478
020502010705,2017,67.424661103,8.807235113,0.773778489
020502010705,2018,86.676384497,9.781492893,0.794212756
020502010705,2019,59.300241625,9.14996927,0.770997404
020502010706,2010,39.572355273,17.114337237,0.697733262
020502010706,2011,74.712738059,29.273201694,0.754423286
020502010706,2012,43.538993278,19.934220508,0.719978264
020502010706,2013,45.642529033,21.381185815,0.726851459
020502010706,2014,40.172076808,20.358088962,0.719448885
020502010706,2015,34.835713929,16.675235453,0.702640808
020502010706,2016,38.226822347,14.756449567,0.733453464
020502010706,2017,53.625840627,21.907805976,0.732317178
020502010706,2018,71.630717236,29.110266526,0.755492003
020502010706,2019,54.331686232,27.348640029,0.719492013
020502010707,2010,45.409435105,12.518490213,0.720838483
020502010707,2011,77.881291126,20.766802378,0.77071177
020502010707,2012,50.577497159,14.536517201,0.742584258
020502010707,2013,56.272583402,16.017353135,0.755218415
020502010707,2014,47.575245806,14.859052576,0.748834744
020502010707,2015,43.329059358,12.498739378,0.734277279
020502010707,2016,47.676796549,11.571908458,0.754389588
020502010707,2017,61.955619195,16.31052833,0.753510229
020502010707,2018,79.059679183,20.618516194,0.77455034
020502010707,2019,58.644620606,19.487546831,0.746404789
020502010708,2010,40.20663241,12.445101202,0.71572055
020502010708,2011,83.115654159,24.907707364,0.768397871
020502010708,2012,47.091382873,12.775974496,0.766590134
020502010708,2013,46.270224167,14.08621526,0.734991784
020502010708,2014,45.377889569,14.351155005,0.755540362
020502010708,2015,34.720924608,11.282561797,0.693521412
020502010708,2016,47.573684166,12.709878803,0.73824282
020502010708,2017,58.740409987,17.690879017,0.765258322
020502010708,2018,77.656797843,22.380518931,0.797396445
020502010708,2019,55.406039425,19.537396354,0.736463265
020502010709,2010,40.670293816,12.210480274,0.714288999
020502010709,2011,84.386472118,22.480795605,0.775893544
020502010709,2012,44.271654606,12.996299279,0.756528619
020502010709,2013,44.519259279,14.206714332,0.733454592
020502010709,2014,44.220333123,14.41931467,0.749714894
020502010709,2015,34.706389837,11.477310572,0.716496023
020502010709,2016,39.011850999,9.980346016,0.741382466
020502010709,2017,58.101769496,15.198292733,0.762953349
020502010709,2018,75.964725928,20.193642369,0.789833393
020502010709,2019,54.094113067,19.260565986,0.740272726
020502010710,2010,37.290907937,10.947061135,0.704910913
020502010710,2011,86.53392618,24.405048197,0.772567622
020502010710,2012,40.4306957,10.712804333,0.754531507
020502010710,2013,35.359798509,10.690887594,0.710153927
020502010710,2014,39.355875502,12.665975835,0.748801794
020502010710,2015,31.802931579,10.60477174,0.719819189
020502010710,2016,33.741507333,10.097757719,0.730053032
020502010710,2017,48.577973783,13.740483602,0.756170496
020502010710,2018,66.840305907,18.745946194,0.786619444
020502010710,2019,46.685848945,16.24556741,0.731496097
020502010711,2010,41.545284775,12.557175278,0.716852439
020502010711,2011,86.026847163,25.080853137,0.770813838
020502010711,2012,47.784895095,12.87359375,0.767481462
020502010711,2013,44.545720867,14.164298765,0.735744046
020502010711,2014,46.677683221,14.468757556,0.756534316
020502010711,2015,35.298910237,11.390977487,0.694462606
020502010711,2016,46.304263254,12.80048782,0.739080184
020502010711,2017,60.37640064,17.837249842,0.766840027
020502010711,2018,81.14694439,22.558090246,0.799531442
020502010711,2019,57.33461649,19.674921201,0.738344484
020502010712,2010,42.584095016,11.883720712,0.712138475
020502010712,2011,91.466526575,24.818846878,0.773523356
020502010712,2012,49.628031463,12.01293074,0.763753024
020502010712,2013,43.671871137,12.632955534,0.725126553
020502010712,2014,47.430569561,13.776445924,0.755640446
020502010712,2015,38.157670783,11.245468583,0.709183279
020502010712,2016,44.089049495,11.646173633,0.737179001
020502010712,2017,58.330622942,15.991243845,0.76369269
020502010712,2018,79.412689211,20.81839078,0.795177415
020502010712,2019,56.097854512,18.175838719,0.737435084
020502010713,2010,42.591234835,11.329310858,0.710327034
020502010713,2011,92.746218032,24.416918231,0.771976644
020502010713,2012,47.132867403,11.21666576,0.757650416
020502010713,2013,39.629017273,11.527567376,0.716662786
020502010713,2014,48.366199842,13.145288512,0.752339806
020502010713,2015,40.730751027,10.968123983,0.715260871
020502010713,2016,43.216802008,10.788093093,0.733683556
020502010713,2017,58.665595119,14.732757912,0.759491903
020502010713,2018,79.83527095,19.610643001,0.78987766
020502010713,2019,57.645514813,17.27190136,0.737315901
020502020101,2010,43.527285,14.163088448,0.745672272
020502020101,2011,69.64558778,17.688892491,0.773607924
020502020101,2012,41.443595165,14.610189476,0.764693669
020502020101,2013,57.912573373,18.014129858,0.779490836
020502020101,2014,43.407966752,15.848950524,0.776623454
020502020101,2015,43.450415721,14.68297239,0.769193392
020502020101,2016,43.919958978,14.264051045,0.76400671
020502020101,2017,71.430231068,19.906525498,0.802444587
020502020101,2018,86.243592564,22.383310516,0.819321806
020502020101,2019,65.098216143,19.805300592,0.795811443
020502020102,2010,43.724417356,14.464157431,0.745793413
020502020102,2011,71.334617566,18.510790087,0.776033661
020502020102,2012,42.04540155,14.983097943,0.764284528
020502020102,2013,57.016822477,18.078692776,0.778718188
020502020102,2014,43.823093108,16.209213955,0.776601443
020502020102,2015,44.445438003,15.194947728,0.769422444
020502020102,2016,44.919548278,14.993015603,0.766365867
020502020102,2017,73.226569821,20.666576063,0.803935046
020502020102,2018,87.987379765,23.127664694,0.820760692
020502020102,2019,65.517234632,20.012675356,0.794416695
020502020201,2010,41.802277579,15.294062913,0.744126791
020502020201,2011,71.531581027,22.110965046,0.778421144
020502020201,2012,41.564977793,16.494531841,0.753305106
020502020201,2013,58.536760911,19.322107988,0.769424417
020502020201,2014,46.781282549,18.734443558,0.77503455
020502020201,2015,43.101671987,16.511538522,0.753486852
020502020201,2016,50.533639149,18.254767913,0.784522832
020502020201,2017,77.504389181,22.952329445,0.793617871
020502020201,2018,88.891900865,25.446023319,0.81785523
020502020201,2019,64.016725136,21.547471075,0.781641486
020502020202,2010,39.729185445,15.035465411,0.737789621
020502020202,2011,68.773268733,22.06090319,0.774832179
020502020202,2012,41.466186665,16.952130018,0.751139315
020502020202,2013,56.560044965,20.067409298,0.768734754
020502020202,2014,47.18098068,19.860405666,0.7743982
020502020202,2015,41.667354665,16.633832198,0.749833155
020502020202,2016,48.579167699,18.720405801,0.783016437
020502020202,2017,74.961680276,23.280577839,0.791264907
020502020202,2018,85.125570093,25.267051037,0.814215021
020502020202,2019,59.347583111,20.745787853,0.773747877
020502020203,2010,44.919855187,12.140961463,0.780870841
020502020203,2011,72.467783413,15.745945358,0.794748678
020502020203,2012,42.068046416,12.078628483,0.774727327
020502020203,2013,61.225971541,15.646561021,0.793335535
020502020203,2014,48.474507498,14.909878116,0.805382794
020502020203,2015,44.266890329,12.283664378,0.783484705
020502020203,2016,48.509600024,13.02789639,0.787677593
020502020203,2017,79.590614044,17.964828782,0.816288178
020502020203,2018,89.513360473,19.439818858,0.843103087
020502020203,2019,69.884357628,17.095765767,0.81494562
020502020204,2010,42.939024845,10.68859581,0.772465913
020502020204,2011,78.367656783,15.794383102,0.81177185
020502020204,2012,45.911716321,12.030002775,0.784283037
020502020204,2013,58.896460756,14.500935893,0.798886475
020502020204,2014,57.044301909,15.968906585,0.816438232
020502020204,2015,48.592106102,12.676413882,0.7959787
020502020204,2016,60.03070942,15.255543466,0.81694909
020502020204,2017,81.784910787,17.793820135,0.820555453
020502020204,2018,92.162102661,18.752535286,0.837651438
020502020204,2019,66.349009332,15.45847087,0.80662431
020502020205,2010,38.484859719,8.895314913,0.729754105
020502020205,2011,75.043269675,12.974287688,0.778778523
020502020205,2012,40.120469736,10.79316456,0.76016728
020502020205,2013,50.388074913,12.441765552,0.773657635
020502020205,2014,40.388809887,11.156153898,0.775643411
020502020205,2015,39.911223713,10.316309967,0.75266104
020502020205,2016,46.61497813,11.525673741,0.761718761
020502020205,2017,64.600545748,14.135697186,0.792277287
020502020205,2018,84.595893977,16.575803225,0.812424004
020502020205,2019,55.711015176,12.879666691,0.77271773
020502020206,2010,42.099500211,7.016509877,0.736994077
020502020206,2011,70.5456735,10.214580321,0.764497366
020502020206,2012,45.07063004,8.094164447,0.75824897
020502020206,2013,53.684136498,8.745560963,0.763557835
020502020206,2014,45.370671656,8.766584799,0.773092556
020502020206,2015,44.951082454,7.922904755,0.753046584
020502020206,2016,54.563439793,9.152557931,0.7731094
020502020206,2017,74.936181452,10.414990725,0.782623645
020502020206,2018,86.025670132,11.206738992,0.803074827
020502020206,2019,58.377802763,9.977287255,0.750166977
020502020207,2010,42.960621694,9.169271124,0.729845163
020502020207,2011,76.57982204,13.127090805,0.771834523
020502020207,2012,44.302839902,10.658849386,0.756273015
020502020207,2013,52.164906003,12.107276418,0.763709123
020502020207,2014,44.41554951,11.232778114,0.769308454
020502020207,2015,42.545176333,10.319773096,0.751335594
020502020207,2016,52.938217214,12.01531828,0.771215097
020502020207,2017,71.977516631,14.127791115,0.788515864
020502020207,2018,88.57471401,15.593337333,0.81168978
020502020207,2019,57.671705558,12.689867271,0.761128345
020502020301,2010,52.579258348,9.931441698,0.755417076
020502020301,2011,80.490722011,14.799545434,0.783781672
020502020301,2012,47.388518056,10.712226954,0.752410504
020502020301,2013,64.712298241,12.476104209,0.763138718
020502020301,2014,52.088989755,11.624076082,0.761855726
020502020301,2015,51.986173588,11.04018453,0.742201088
020502020301,2016,60.915977321,11.661093737,0.76561274
020502020301,2017,72.47086895,12.970298297,0.765191451
020502020301,2018,84.205800411,14.415354023,0.784380721
020502020301,2019,68.809869742,13.232152863,0.758298808
020502020302,2010,53.613028807,15.14290409,0.736545498
020502020302,2011,79.414890818,19.963446532,0.756739713
020502020302,2012,47.222303458,14.847929414,0.735701922
020502020302,2013,63.137387409,17.584425293,0.756754736
020502020302,2014,49.567325837,16.0991366,0.754435347
020502020302,2015,54.290047608,15.13270195,0.735672185
020502020302,2016,54.970488844,15.411894371,0.749166871
020502020302,2017,74.041146806,19.05805157,0.750279999
020502020302,2018,84.740003714,20.382063225,0.772393837
020502020302,2019,71.679478201,18.555564612,0.751994973
020502020303,2010,54.223107399,6.508352738,0.752706254
020502020303,2011,90.011379543,9.224424125,0.799423378
020502020303,2012,53.970091976,7.336669432,0.774069323
020502020303,2013,72.2722522,8.43006299,0.799039987
020502020303,2014,54.072619267,7.668326565,0.779588721
020502020303,2015,52.619759781,6.627629994,0.762070349
020502020303,2016,68.474288888,8.292032178,0.79105775
020502020303,2017,74.394359385,8.426301089,0.778284795
020502020303,2018,94.876907723,9.381702264,0.80377859
020502020303,2019,66.296714021,7.918533354,0.775953929
020502020304,2010,54.843222228,6.353468782,0.75045582
020502020304,2011,89.99383972,8.920153515,0.797647504
020502020304,2012,56.44432916,7.34832046,0.773676886
020502020304,2013,75.555115468,8.351917425,0.79808433
020502020304,2014,55.548349241,7.644270654,0.779416147
020502020304,2015,51.404742426,6.440707675,0.760969887
020502020304,2016,69.900715901,8.192692191,0.790702664
020502020304,2017,75.65374503,8.248792496,0.776877328
020502020304,2018,99.674711175,9.439746883,0.803753465
020502020304,2019,66.651692738,7.781766844,0.774892136
020502020305,2010,54.196706919,10.798358111,0.75066509
020502020305,2011,85.549363565,15.551597525,0.782173611
020502020305,2012,50.825880002,11.478782466,0.753147478
020502020305,2013,69.87396348,13.471095864,0.768873058
020502020305,2014,54.44410103,12.491933126,0.7644431
020502020305,2015,54.972116901,11.687910721,0.745413132
020502020305,2016,63.316114247,12.484498503,0.767956002
020502020305,2017,76.818311883,14.31558571,0.765825819
020502020305,2018,92.232786975,15.848260109,0.788547398
020502020305,2019,72.340121049,13.972559328,0.760338001
020502020306,2010,46.705595368,7.75547383,0.745214963
020502020306,2011,78.565701645,10.383451608,0.775103319
020502020306,2012,42.934132497,7.818797077,0.754702498
020502020306,2013,57.441331064,9.050231935,0.762459857
020502020306,2014,48.078873968,8.744168224,0.770752395
020502020306,2015,51.23646537,8.113330429,0.752550317
020502020306,2016,55.206651631,8.324764691,0.778544455
020502020306,2017,68.312551622,9.47799815,0.768268847
020502020306,2018,85.22789555,10.521401786,0.792590203
020502020306,2019,68.537878873,9.990085095,0.765589585
020502020307,2010,42.516507394,7.198097649,0.741898333
020502020307,2011,74.04523558,10.06136147,0.774359149
020502020307,2012,39.753098295,7.463571148,0.754396271
020502020307,2013,53.625590293,8.660349183,0.762199973
020502020307,2014,47.34507668,8.483975942,0.770983427
020502020307,2015,47.767363644,7.814269872,0.752171244
020502020307,2016,52.721583912,8.177958637,0.779224472
020502020307,2017,65.01023259,9.183561662,0.768551683
020502020307,2018,80.688889264,10.204926821,0.792692536
020502020307,2019,65.211372873,9.751113638,0.766257433
020502020308,2010,40.32446912,5.452540029,0.722678843
020502020308,2011,71.344655256,7.42849368,0.756914209
020502020308,2012,43.219938157,6.258122013,0.748744709
020502020308,2013,54.887686923,6.974502291,0.751088407
020502020308,2014,43.978557824,6.867839286,0.756893643
020502020308,2015,46.580660252,6.052770345,0.729296003
020502020308,2016,53.365815293,6.939824353,0.765926356
020502020308,2017,64.422409696,7.276597054,0.763270185
020502020308,2018,79.710061841,7.981189502,0.781124563
020502020308,2019,60.849326426,7.268705594,0.741755552
020502020309,2010,38.358901222,5.327107581,0.720861592
020502020309,2011,69.314964901,7.343611979,0.75557882
020502020309,2012,42.283600972,6.213192403,0.748032927
020502020309,2013,52.988227032,6.847370631,0.749375452
020502020309,2014,42.851392175,6.93948516,0.756323258
020502020309,2015,45.162396483,6.103743935,0.729576907
020502020309,2016,51.646155112,7.022697543,0.765651266
020502020309,2017,65.063748451,7.382483012,0.763379306
020502020309,2018,78.295110118,7.946148894,0.78011555
020502020309,2019,57.378324858,7.083419651,0.738665306
020502020310,2010,42.529714305,5.754745971,0.724048075
020502020310,2011,76.218991795,7.867534862,0.758256397
020502020310,2012,45.848217996,6.646118132,0.750811625
020502020310,2013,57.827192897,7.36164426,0.75182341
020502020310,2014,49.117124901,7.564754642,0.7588437
020502020310,2015,49.437235252,6.495878404,0.731601185
020502020310,2016,57.440315802,7.554499193,0.768008041
020502020310,2017,70.324718457,7.885428552,0.765465268
020502020310,2018,85.075351239,8.46745112,0.782313008
020502020310,2019,64.076014928,7.62536877,0.742298993
020502020311,2010,45.765562592,9.280875284,0.711697809
020502020311,2011,75.202383883,13.361033287,0.753190455
020502020311,2012,47.433986093,9.784150767,0.7343944
020502020311,2013,56.843184123,11.527180338,0.75638915
020502020311,2014,43.32158765,10.324585171,0.748917315
020502020311,2015,42.899183336,9.334144748,0.727943645
020502020311,2016,57.867353903,11.017608549,0.76685155
020502020311,2017,63.37214778,12.238084157,0.747424193
020502020311,2018,86.862112738,14.547045166,0.779561247
020502020311,2019,57.879233036,11.823741891,0.747275711
020502020312,2010,44.361332552,8.235211597,0.717866089
020502020312,2011,74.273544342,11.413291697,0.756389193
020502020312,2012,45.979357679,8.953659607,0.742691722
020502020312,2013,56.3135873,10.360836714,0.756976548
020502020312,2014,44.217692483,9.453155034,0.754314826
020502020312,2015,44.279563584,8.594858129,0.73086037
020502020312,2016,57.067767293,10.236137762,0.770069129
020502020312,2017,65.070882312,10.870049419,0.756906402
020502020312,2018,84.318245366,12.560197544,0.783005682
020502020312,2019,59.893615411,10.55637893,0.746856555
020502020401,2010,50.733315972,13.87245645,0.745617501
020502020401,2011,80.505593408,16.6597316,0.770140473
020502020401,2012,47.616083187,14.49502768,0.762478311
020502020401,2013,60.337021153,15.443580001,0.764427792
020502020401,2014,45.681186129,14.803868112,0.767014113
020502020401,2015,48.810663007,14.063184988,0.758264062
020502020401,2016,53.177006784,15.052975452,0.762475507
020502020401,2017,74.820547458,17.826316482,0.775726069
020502020401,2018,94.524381707,20.380958988,0.801272355
020502020401,2019,72.116502717,18.435929937,0.779338265
020502020402,2010,50.538486445,13.700560794,0.745406604
020502020402,2011,81.047855713,16.703915428,0.771548727
020502020402,2012,48.006027221,14.558837767,0.762410075
020502020402,2013,62.748262526,15.574163755,0.764880897
020502020402,2014,46.903285972,14.923788129,0.767460193
020502020402,2015,50.443751625,14.11084025,0.758752264
020502020402,2016,53.982872312,15.023709266,0.762300657
020502020402,2017,76.635192711,17.840034312,0.776604365
020502020402,2018,95.399251063,20.3768571,0.802200645
020502020402,2019,73.568311668,18.489225254,0.779973654
020502020403,2010,55.375741647,13.923319165,0.749494752
020502020403,2011,85.852621694,16.535812862,0.772651525
020502020403,2012,50.974272476,14.402265709,0.765666946
020502020403,2013,62.811534926,15.331244342,0.767643428
020502020403,2014,49.17984033,14.742436111,0.770831925
020502020403,2015,51.461200293,14.040373796,0.762224951
020502020403,2016,56.599643187,14.975664285,0.765466347
020502020403,2017,77.394238328,17.467280348,0.778036113
020502020403,2018,103.158883755,20.431869919,0.804930134
020502020403,2019,75.35672006,18.254743381,0.782452995
020502020404,2010,51.579920106,13.378949119,0.745750372
020502020404,2011,82.755638642,16.525416989,0.772380515
020502020404,2012,48.387323989,14.408011316,0.763472362
020502020404,2013,63.792216404,15.310522866,0.765714274
020502020404,2014,47.824932109,14.802893906,0.768600803
020502020404,2015,51.710679234,13.925418119,0.760046072
020502020404,2016,54.822494301,14.671570613,0.762811419
020502020404,2017,78.077783172,17.713520109,0.777420337
020502020404,2018,99.123000166,20.261649323,0.803399187
020502020404,2019,74.320429937,18.246766996,0.781249202
020502020405,2010,51.482778686,12.92459785,0.746425032
020502020405,2011,85.25963468,15.97393534,0.774043124
020502020405,2012,49.102300879,13.948830352,0.766264573
020502020405,2013,58.599660539,14.203471322,0.765757786
020502020405,2014,47.689722003,14.473947466,0.772078194
020502020405,2015,49.293920839,13.351394327,0.761894957
020502020405,2016,53.327669414,14.181117235,0.764585016
020502020405,2017,73.278784853,16.634070729,0.7775628
020502020405,2018,101.166720228,19.509875665,0.804914518
020502020405,2019,69.625013886,17.234787597,0.781549434
020502020406,2010,51.057609764,13.258909919,0.743454531
020502020406,2011,86.253284906,16.947712776,0.775032354
020502020406,2012,50.981553849,14.863924692,0.766570747
020502020406,2013,59.912293875,15.328679848,0.766708538
020502020406,2014,49.297847839,15.233152128,0.771289693
020502020406,2015,49.545749141,14.03388752,0.76139878
020502020406,2016,55.384232777,14.860470923,0.763970808
020502020406,2017,76.230124129,17.707152326,0.777482566
020502020406,2018,102.319021613,20.673818177,0.804841366
020502020406,2019,70.237332856,17.797808338,0.779940521
020502020407,2010,48.992307441,9.202072999,0.734962049
020502020407,2011,83.13734478,12.531844952,0.770626273
020502020407,2012,45.468146791,9.943316443,0.759017483
020502020407,2013,53.042634586,10.505979086,0.76098005
020502020407,2014,49.533591305,10.911142501,0.770992093
020502020407,2015,46.637873874,9.630113916,0.755472715
020502020407,2016,53.857567329,10.58292242,0.765280196
020502020407,2017,72.519039605,12.580545225,0.773743183
020502020407,2018,98.203575443,14.808814678,0.801716401
020502020407,2019,63.218644968,12.392481674,0.771993092
020502020501,2010,50.274175898,4.918129643,0.744133755
020502020501,2011,91.484653074,7.41984358,0.788805363
020502020501,2012,51.952018829,5.281385151,0.777398486
020502020501,2013,58.065954286,5.358121546,0.773907417
020502020501,2014,54.313893795,5.60834627,0.786377137
020502020501,2015,45.735752826,4.838935499,0.75342319
020502020501,2016,60.798383527,5.673303787,0.776428709
020502020501,2017,67.421167116,6.441574994,0.772965148
020502020501,2018,99.233856029,7.921109585,0.81089639
020502020501,2019,63.052427027,6.742012836,0.766552
020502020502,2010,50.386626161,6.753440931,0.732027648
020502020502,2011,89.479463835,9.763893834,0.777471883
020502020502,2012,48.643166223,6.528245068,0.761860539
020502020502,2013,53.217750385,7.043084707,0.760937041
020502020502,2014,53.701905191,7.532123379,0.771012577
020502020502,2015,46.356023241,6.623124797,0.746283913
020502020502,2016,56.313527283,7.26556533,0.766979914
020502020502,2017,67.427066245,8.559619782,0.765945376
020502020502,2018,95.65116856,10.157653751,0.801734241
020502020502,2019,62.309925342,8.788528266,0.759374732
020502030101,2010,44.076991225,9.154990454,0.726455612
020502030101,2011,78.276502526,11.703172619,0.749392796
020502030101,2012,45.928027077,10.098447683,0.760831357
020502030101,2013,50.611301407,10.462005427,0.754169827
020502030101,2014,44.82930228,10.472627134,0.753564602
020502030101,2015,43.721797228,9.344210031,0.739556205
020502030101,2016,45.574413467,9.242954911,0.733537574
020502030101,2017,67.247202177,12.109748927,0.7641514
020502030101,2018,80.586864349,13.432032687,0.793243189
020502030101,2019,56.148599674,11.54819298,0.760494194
020502030102,2010,43.143637222,9.576135571,0.725202961
020502030102,2011,77.896267957,12.328766475,0.748266495
020502030102,2012,44.251548408,10.630593708,0.761290734
020502030102,2013,49.813436247,11.02837195,0.754725927
020502030102,2014,45.004154701,11.263967633,0.75429275
020502030102,2015,45.27616312,10.264738636,0.741460009
020502030102,2016,44.99902392,9.592753103,0.731580506
020502030102,2017,66.359508737,12.917397027,0.76490833
020502030102,2018,77.241197992,14.095853162,0.793194907
020502030102,2019,55.152372464,11.936582,0.75904297
020502030103,2010,42.173079427,10.023856678,0.725200645
020502030103,2011,75.486854919,13.346631249,0.75239344
020502030103,2012,41.318638779,11.315743135,0.761047599
020502030103,2013,50.645883853,11.65393668,0.739600878
020502030103,2014,43.558729173,12.212836538,0.758876639
020502030103,2015,44.193289447,11.15701173,0.753010231
020502030103,2016,41.081516041,10.470244873,0.734482862
020502030103,2017,65.60067273,13.942568912,0.765465849
020502030103,2018,81.93900377,15.786087568,0.799915864
020502030103,2019,57.518097936,13.958289626,0.766889449
020502030104,2010,46.462853718,3.656164788,0.720196231
020502030104,2011,86.639940278,5.450725937,0.76404176
020502030104,2012,42.510702481,3.655064287,0.755526618
020502030104,2013,52.948115999,4.203658664,0.754791158
020502030104,2014,53.543041154,4.705329618,0.784172318
020502030104,2015,49.257240201,4.142617164,0.758208117
020502030104,2016,47.014989675,3.643198222,0.744920558
020502030104,2017,73.812545376,5.221451521,0.781287856
020502030104,2018,101.409086375,6.053821358,0.791018892
020502030104,2019,62.402690046,5.143319336,0.769156095
020502030105,2010,42.762242018,14.282783879,0.695514083
020502030105,2011,80.142764691,22.813409569,0.736037465
020502030105,2012,44.115839504,15.892887147,0.734043271
020502030105,2013,50.52501651,17.215292775,0.732710258
020502030105,2014,51.074478816,18.297688585,0.749438752
020502030105,2015,46.91405923,15.753618162,0.729869871
020502030105,2016,45.53681899,15.050981724,0.71468099
020502030105,2017,71.00361549,21.649510084,0.748858506
020502030105,2018,87.075031948,24.889629673,0.772156453
020502030105,2019,59.831650711,21.798949659,0.743156973
020502030106,2010,46.910236909,11.430831504,0.711058644
020502030106,2011,87.474431613,18.904251083,0.756217078
020502030106,2012,43.955546885,11.951797682,0.743287207
020502030106,2013,51.233657346,12.830345685,0.746714979
020502030106,2014,55.851960456,14.168053584,0.771936607
020502030106,2015,50.602974956,12.748064072,0.749723661
020502030106,2016,49.52361378,12.242482182,0.740956524
020502030106,2017,73.508841515,16.554257835,0.766593937
020502030106,2018,98.530048054,19.661615174,0.782860679
020502030106,2019,63.831326677,17.451399946,0.760941296
020502030201,2010,40.630969923,14.511180503,0.678945899
020502030201,2011,78.470856274,27.904077941,0.719731902
020502030201,2012,36.538854184,11.327155611,0.681394735
020502030201,2013,43.197032877,15.594795777,0.671824258
020502030201,2014,45.799604458,15.857071947,0.705065146
020502030201,2015,41.933774868,14.596274638,0.688709282
020502030201,2016,45.46568377,13.809008842,0.701163801
020502030201,2017,58.024809316,19.290051514,0.697402249
020502030201,2018,75.67273106,23.383636419,0.713090498
020502030201,2019,51.908468436,19.865090096,0.696614149
020502030202,2010,49.24218187,15.330555107,0.7217451
020502030202,2011,96.185360337,28.522352396,0.765210352
020502030202,2012,48.138897856,13.228193987,0.743222256
020502030202,2013,46.207828849,15.89334331,0.727416822
020502030202,2014,60.598366346,19.158767217,0.777774705
020502030202,2015,52.95436361,16.239324364,0.756837038
020502030202,2016,52.366146945,15.018536785,0.745116906
020502030202,2017,67.37081302,19.541637826,0.774005181
020502030202,2018,85.929257411,23.466519102,0.784767639
020502030202,2019,65.882446452,23.081896225,0.74561497
020502030203,2010,32.647820398,9.423129451,0.682096133
020502030203,2011,70.908924738,22.169254576,0.736133174
020502030203,2012,35.223477309,9.81383733,0.694340666
020502030203,2013,38.149097459,14.655634069,0.695822058
020502030203,2014,40.52112037,13.492080186,0.715536529
020502030203,2015,40.865275913,11.545940605,0.709169915
020502030203,2016,38.785372823,10.889021962,0.700231691
020502030203,2017,50.878273847,14.701722765,0.720490429
020502030203,2018,67.652370137,17.401949388,0.731530928
020502030203,2019,48.624475854,16.906665284,0.712159578
020502030204,2010,35.611070433,13.929081758,0.694446372
020502030204,2011,75.631733576,28.429676719,0.745376053
020502030204,2012,37.431441291,12.92869079,0.720147601
020502030204,2013,44.381826934,18.465340177,0.72221382
020502030204,2014,44.119185021,17.758131611,0.75138352
020502030204,2015,45.173702429,17.037142991,0.745164092
020502030204,2016,42.026491746,14.941258109,0.722829149
020502030204,2017,56.775132761,20.7650151,0.753767554
020502030204,2018,72.696549427,24.532307733,0.768322978
020502030204,2019,54.093925029,22.561240888,0.738039308
020502030205,2010,40.982338599,12.748304211,0.690760604
020502030205,2011,80.61446874,26.193585298,0.736278728
020502030205,2012,38.959557394,10.751410459,0.701058105
020502030205,2013,41.870607195,15.634459918,0.692024408
020502030205,2014,49.563192687,15.630253752,0.73661117
020502030205,2015,46.35571135,13.933696454,0.71884506
020502030205,2016,43.125052883,11.96336857,0.710537667
020502030205,2017,55.08838344,15.973980457,0.725266996
020502030205,2018,75.349521754,20.024482548,0.744956434
020502030205,2019,54.179274481,18.980635352,0.715734687
020502030301,2010,40.549124877,12.866743958,0.736164903
020502030301,2011,76.793444446,20.073101867,0.767465518
020502030301,2012,50.335306895,17.224602022,0.784454571
020502030301,2013,49.39336646,15.446435868,0.76978233
020502030301,2014,48.7505866,14.674472726,0.78714184
020502030301,2015,47.716745268,14.103482726,0.769444402
020502030301,2016,46.351177413,14.511991619,0.761204098
020502030301,2017,63.471679053,17.283031111,0.77126505
020502030301,2018,75.519804155,17.591412489,0.80133521
020502030301,2019,63.056357952,21.971208532,0.779693346
020502030302,2010,46.913241126,12.010123884,0.715559982
020502030302,2011,83.308498552,15.413573954,0.736233336
020502030302,2012,47.511031483,13.38272827,0.738592932
020502030302,2013,48.301470687,13.126033619,0.737661568
020502030302,2014,46.207800003,13.028937217,0.744009672
020502030302,2015,49.65594991,12.755155652,0.733758097
020502030302,2016,49.175872448,12.928178892,0.730758858
020502030302,2017,62.915445552,14.799101648,0.735682692
020502030302,2018,77.784849621,15.789067795,0.755862153
020502030302,2019,63.511009064,15.802198023,0.745026315
020502030401,2010,37.453946745,12.259479567,0.707082764
020502030401,2011,73.512733612,25.416896411,0.757673859
020502030401,2012,35.299966401,10.561781344,0.731325634
020502030401,2013,34.288401002,12.749687562,0.712817573
020502030401,2014,40.542840102,15.647535107,0.745536566
020502030401,2015,38.243805556,12.144325462,0.735186633
020502030401,2016,37.453852056,11.929074092,0.71489249
020502030401,2017,49.924710353,15.891052351,0.745658969
020502030401,2018,69.757425109,21.26951739,0.779551077
020502030401,2019,52.250704568,19.664466826,0.732496003
020502030402,2010,38.745044642,13.533160183,0.71196626
020502030402,2011,73.876573965,25.723363581,0.763496423
020502030402,2012,36.829914646,11.884843273,0.736068809
020502030402,2013,35.867573771,14.175034183,0.716988602
020502030402,2014,44.222452286,17.006652162,0.750115768
020502030402,2015,40.338342726,13.882033236,0.740313075
020502030402,2016,38.500038152,12.843014352,0.724493981
020502030402,2017,52.490328179,17.520591592,0.751697938
020502030402,2018,74.093408354,22.519584613,0.789046357
020502030402,2019,52.839529552,21.03945313,0.73447267
020502030403,2010,39.897255413,15.123798575,0.717899472
020502030403,2011,77.498943457,26.228071802,0.77016552
020502030403,2012,39.032914922,13.787782762,0.747443826
020502030403,2013,37.280756708,16.217436418,0.725856425
020502030403,2014,50.063802015,18.883898018,0.757425487
020502030403,2015,42.077600148,16.437206828,0.750292795
020502030403,2016,39.535310162,14.231678477,0.740379523
020502030403,2017,56.584756322,20.110104008,0.763350845
020502030403,2018,77.324243483,24.102302964,0.801521367
020502030403,2019,57.850452885,23.430794058,0.742254643
020502030404,2010,38.835623749,14.548541086,0.713470473
020502030404,2011,79.218808755,25.57692362,0.772898684
020502030404,2012,40.257328273,13.426835024,0.747429285
020502030404,2013,36.445111117,15.670337128,0.723892603
020502030404,2014,46.315660562,17.962166128,0.754944487
020502030404,2015,41.830567389,15.827610059,0.749490937
020502030404,2016,38.465044909,13.700643843,0.738664022
020502030404,2017,59.357036052,19.644466672,0.763930412
020502030404,2018,75.81143968,23.139547883,0.800492929
020502030404,2019,59.82240386,22.880851158,0.742074218
020502030405,2010,38.547768334,14.39321942,0.709837442
020502030405,2011,77.18633273,25.396857273,0.772144242
020502030405,2012,38.41828205,12.962921653,0.743558002
020502030405,2013,35.1068552,15.122441122,0.718321743
020502030405,2014,42.852195102,17.172497639,0.749743266
020502030405,2015,40.7204421,15.4750571,0.746597965
020502030405,2016,37.294002207,13.191381325,0.733706079
020502030405,2017,57.613038867,19.232453307,0.76149051
020502030405,2018,74.325351822,22.788541087,0.798241193
020502030405,2019,58.148662645,22.602086525,0.739956481
020502030406,2010,36.159467042,14.755726377,0.707230341
020502030406,2011,72.427611893,26.139027658,0.772458325
020502030406,2012,35.907846072,13.429627591,0.743800718
020502030406,2013,34.140198624,15.613069882,0.718618054
020502030406,2014,40.697338337,17.438020511,0.748223386
020502030406,2015,36.594424165,15.669576162,0.74454056
020502030406,2016,35.015792877,13.422004509,0.731136779
020502030406,2017,53.578113652,19.599460287,0.760380002
020502030406,2018,70.388014233,23.559999175,0.799526679
020502030406,2019,53.664810535,23.145468269,0.739861601
020502030407,2010,37.15284162,13.000328457,0.710973548
020502030407,2011,73.315271459,26.781657545,0.764835117
020502030407,2012,36.889371444,11.432646291,0.734965087
020502030407,2013,34.689928749,13.232919504,0.713310337
020502030407,2014,41.986155458,16.353285172,0.746919521
020502030407,2015,39.227502887,13.086742762,0.739809101
020502030407,2016,35.869029004,12.292830683,0.71374338
020502030407,2017,50.65363661,16.934138488,0.749450736
020502030407,2018,72.016524181,22.88530922,0.785282357
020502030407,2019,53.182278103,20.818013898,0.736784035
020502030408,2010,37.81270205,14.349635465,0.708848844
020502030408,2011,73.854352407,26.968652309,0.76820208
020502030408,2012,38.092684182,13.107765533,0.740000087
020502030408,2013,35.428419516,14.898371803,0.714264523
020502030408,2014,44.158467745,17.678629271,0.748716309
020502030408,2015,40.416008649,15.398085074,0.745514884
020502030408,2016,36.843044477,13.354587704,0.721868439
020502030408,2017,53.786489919,18.666042127,0.753827405
020502030408,2018,72.976049468,23.903269208,0.792678187
020502030408,2019,54.611474812,22.238321092,0.735100573
020502030409,2010,36.61590241,12.274915422,0.707544892
020502030409,2011,73.812933542,25.914257662,0.762821594
020502030409,2012,37.058132828,10.772298676,0.731752275
020502030409,2013,32.924513742,12.297286157,0.706989458
020502030409,2014,40.550889077,14.989914082,0.737711029
020502030409,2015,35.690952415,11.98507496,0.733867555
020502030409,2016,32.794709761,11.042730121,0.704416142
020502030409,2017,50.14550653,15.95348222,0.744817981
020502030409,2018,71.926387187,21.7720439,0.781041947
020502030409,2019,51.286684127,19.457519965,0.727870821
020502030410,2010,49.595187915,22.245295618,0.731806906
020502030410,2011,87.412815897,34.604291669,0.777935092
020502030410,2012,43.780467141,18.478501146,0.756223731
020502030410,2013,35.411591868,18.122503189,0.72050244
020502030410,2014,48.094375191,23.517827013,0.747028363
020502030410,2015,34.847251237,16.761231425,0.724750286
020502030410,2016,35.816735348,16.433436169,0.70871863
020502030410,2017,61.386133123,25.594473662,0.771038328
020502030410,2018,75.759429649,29.742490456,0.802151187
020502030410,2019,54.893626306,26.382322517,0.745897376
020502030411,2010,36.827583795,10.85707047,0.714978884
020502030411,2011,72.202788624,22.108550268,0.767366975
020502030411,2012,36.097763286,9.415057107,0.731802251
020502030411,2013,32.943794496,11.728783703,0.708538321
020502030411,2014,40.345663706,13.904897237,0.710112252
020502030411,2015,32.446360099,10.625439492,0.701514715
020502030411,2016,30.92616211,8.471192186,0.691141352
020502030411,2017,49.091753391,14.665212147,0.736825873
020502030411,2018,69.035048363,17.949842873,0.774155088
020502030411,2019,50.80591711,18.289786846,0.727998979
020502030412,2010,42.845710801,20.351084125,0.724740347
020502030412,2011,79.937175438,34.781107032,0.776611051
020502030412,2012,39.126972552,17.999934263,0.746224105
020502030412,2013,35.460826679,18.739841525,0.718706989
020502030412,2014,45.741201363,22.918298296,0.738756672
020502030412,2015,35.173088888,17.945045912,0.726821047
020502030412,2016,34.420436285,16.321463587,0.708067991
020502030412,2017,55.788509781,24.956873518,0.760379023
020502030412,2018,72.122264614,30.595278086,0.798600447
020502030412,2019,54.828201455,27.746075237,0.742141634
020502040101,2010,43.624504741,25.150695519,0.299506563
020502040101,2011,86.848393748,39.233911164,0.318812421
020502040101,2012,46.91089672,27.745157279,0.306650894
020502040101,2013,42.382189319,26.005194611,0.302205945
020502040101,2014,52.201369747,29.52973532,0.311518764
020502040101,2015,34.433932105,22.577090183,0.298796274
020502040101,2016,36.200364058,22.483265247,0.300081426
020502040101,2017,60.693620971,32.025158144,0.313258961
020502040101,2018,70.97073442,35.394651566,0.318673161
020502040101,2019,60.315446965,33.709122737,0.311657766
020502040102,2010,50.944958329,15.1965495,0.304684835
020502040102,2011,96.290687524,19.836242534,0.315868594
020502040102,2012,50.160650121,15.999683819,0.307697206
020502040102,2013,52.390281951,15.840263125,0.30797874
020502040102,2014,56.553279024,17.026787415,0.309832826
020502040102,2015,40.287794524,14.714741121,0.303121051
020502040102,2016,42.088474072,14.471452132,0.304416848
020502040102,2017,70.551393426,18.41150607,0.313306938
020502040102,2018,80.572733878,19.459540611,0.316144389
020502040102,2019,63.549983621,18.420338405,0.311008527
020502040103,2010,31.517588614,15.788347072,0.60228582
020502040103,2011,67.987395922,27.625925596,0.677958531
020502040103,2012,34.275848996,18.069263014,0.620672947
020502040103,2013,35.051329773,17.841314735,0.607140087
020502040103,2014,38.963585665,19.340730594,0.632630311
020502040103,2015,25.388362389,13.853540886,0.600455472
020502040103,2016,24.2933487,12.738445495,0.599233624
020502040103,2017,45.776136963,20.823095614,0.658283941
020502040103,2018,54.482550043,24.443117649,0.657182802
020502040103,2019,47.369248268,24.03923821,0.643476663
020502040104,2010,43.6966715,13.105901833,0.282744854
020502040104,2011,81.396626834,16.774781326,0.304162969
020502040104,2012,45.634664956,13.981465071,0.294448964
020502040104,2013,41.934155173,13.156410144,0.291322536
020502040104,2014,54.377958428,14.790400946,0.302505964
020502040104,2015,36.548474646,12.604343232,0.287272729
020502040104,2016,35.781422544,12.06886044,0.282994365
020502040104,2017,61.639225265,15.502484843,0.302785403
020502040104,2018,71.97752417,17.089671334,0.308011613
020502040104,2019,57.927800872,16.900890833,0.298411796
020502040105,2010,26.161633111,10.066656237,0.574462222
020502040105,2011,62.679558675,15.384559976,0.650626899
020502040105,2012,25.023889529,9.896017382,0.615076173
020502040105,2013,27.943234984,10.945851746,0.616409601
020502040105,2014,30.968400919,11.133859173,0.611589495
020502040105,2015,19.852768878,8.69423486,0.574683962
020502040105,2016,19.433090802,8.076139582,0.58391965
020502040105,2017,42.766647782,12.78039953,0.631358908
020502040105,2018,51.321651604,14.512168177,0.64379885
020502040105,2019,40.216520923,13.737330774,0.618895236
020502040106,2010,40.233069148,15.127573626,0.399216284
020502040106,2011,76.920673015,21.024727839,0.435364049
020502040106,2012,41.040286497,16.31348084,0.413407388
020502040106,2013,41.018575568,16.130172093,0.411442543
020502040106,2014,47.785930822,17.548749725,0.423379072
020502040106,2015,32.656080828,14.40867449,0.402259603
020502040106,2016,33.919309899,13.947310714,0.403103613
020502040106,2017,57.442689315,18.539296915,0.426307674
020502040106,2018,66.47945117,20.469106458,0.430998783
020502040106,2019,53.831954509,19.688421343,0.421144573
020502040201,2010,49.340490076,19.519018094,0.305629359
020502040201,2011,84.395959158,24.571745565,0.316037945
020502040201,2012,50.071655057,21.045568162,0.312457981
020502040201,2013,44.631186471,20.222117042,0.311248413
020502040201,2014,51.375173474,23.11692715,0.318685942
020502040201,2015,43.361705295,19.372032039,0.30859405
020502040201,2016,45.473629221,19.895896577,0.3079312
020502040201,2017,61.639397533,23.749560715,0.319232068
020502040201,2018,84.982913544,27.607692033,0.326625057
020502040201,2019,58.521842422,22.979862643,0.31347832
020502040202,2010,48.281452532,19.969853131,0.299204114
020502040202,2011,89.334167459,27.358627525,0.32139135
020502040202,2012,52.494937963,22.929713184,0.317171586
020502040202,2013,44.581466254,20.622215413,0.309332663
020502040202,2014,50.008958277,23.173017012,0.315988062
020502040202,2015,44.159341731,19.918341447,0.306204167
020502040202,2016,44.9330391,21.023114389,0.311018826
020502040202,2017,61.358554328,25.185838868,0.320700694
020502040202,2018,81.416026886,29.270693535,0.32786957
020502040202,2019,58.619466739,24.285956792,0.314002238
020502040203,2010,49.86187156,18.546747744,0.295556441
020502040203,2011,94.51860314,25.265062534,0.318303468
020502040203,2012,56.450504451,21.470611239,0.312772581
020502040203,2013,46.883591877,19.603263771,0.306735038
020502040203,2014,53.268320065,21.845317001,0.312801252
020502040203,2015,48.641945906,19.480828361,0.306256893
020502040203,2016,47.481217211,19.767873825,0.307469835
020502040203,2017,64.577568487,23.143250485,0.314681786
020502040203,2018,88.443300997,26.954832951,0.322889071
020502040203,2019,62.711239358,22.857759478,0.31111863
020502040204,2010,36.637349092,16.053031615,0.609511849
020502040204,2011,71.869117807,21.990992674,0.682208159
020502040204,2012,39.186966071,17.864469624,0.639761499
020502040204,2013,34.960914813,16.239119185,0.616820901
020502040204,2014,41.029496878,18.693738562,0.65986417
020502040204,2015,38.440379652,17.509754753,0.629588921
020502040204,2016,33.74106006,16.418807495,0.633541721
020502040204,2017,53.248750924,20.659260025,0.657833026
020502040204,2018,67.750523597,23.032297133,0.672061774
020502040204,2019,51.574610577,20.362115375,0.650517424
020502040205,2010,42.517536339,19.330785932,0.389731339
020502040205,2011,78.517548953,26.747695373,0.426368035
020502040205,2012,48.219715928,21.581449755,0.411663762
020502040205,2013,41.923038634,20.321517593,0.404948652
020502040205,2014,46.366131805,22.416771516,0.417630589
020502040205,2015,41.038535657,19.377195114,0.40124811
020502040205,2016,41.087256454,19.556694,0.405631505
020502040205,2017,60.448700189,25.172304796,0.420255942
020502040205,2018,77.293995835,28.285887083,0.429875185
020502040205,2019,56.858780064,24.833402795,0.417448588
020502040301,2010,59.532405644,14.232794297,0.377332957
020502040301,2011,100.08690741,17.316893016,0.391626218
020502040301,2012,57.368908486,15.031320381,0.383424196
020502040301,2013,41.795676903,13.002102019,0.379197861
020502040301,2014,51.71896376,14.564771697,0.392883468
020502040301,2015,41.772208028,12.97607309,0.378791573
020502040301,2016,45.586302306,12.888720848,0.375759287
020502040301,2017,72.290379342,16.380246717,0.390331707
020502040301,2018,84.378581806,17.310898602,0.394182997
020502040301,2019,60.841530077,16.421892296,0.386777729
020502040302,2010,36.322169878,10.629507367,0.528432416
020502040302,2011,72.802901966,14.633194717,0.563455524
020502040302,2012,35.657955037,10.75673853,0.53710031
020502040302,2013,29.860323327,9.426369738,0.544184203
020502040302,2014,39.20458935,11.50151035,0.574394145
020502040302,2015,29.173329735,9.990675877,0.534952144
020502040302,2016,31.583653449,9.316130886,0.525313008
020502040302,2017,50.981454986,12.938942263,0.556993851
020502040302,2018,62.262516858,14.316942407,0.571783854
020502040302,2019,47.602827265,13.049513333,0.556157436
020502040303,2010,37.405645713,14.415595323,0.484746221
020502040303,2011,70.510164074,20.54330321,0.523136563
020502040303,2012,41.741165205,16.233236429,0.496283568
020502040303,2013,33.908820973,14.569171694,0.513777215
020502040303,2014,40.692678719,15.787219136,0.525551009
020502040303,2015,30.489780332,12.850449768,0.49089962
020502040303,2016,32.645455624,13.450503234,0.494704772
020502040303,2017,49.510569448,17.041929323,0.51363741
020502040303,2018,60.728916134,19.134896457,0.531837175
020502040303,2019,51.343917705,18.713563931,0.512380072
020502040304,2010,58.231655717,11.213102139,0.320070177
020502040304,2011,94.023740437,13.417883877,0.328415638
020502040304,2012,55.039577354,11.329672341,0.324139982
020502040304,2013,41.720163761,10.444985751,0.317700077
020502040304,2014,54.662630945,11.733600295,0.32604752
020502040304,2015,42.216647506,10.815725528,0.322554688
020502040304,2016,44.868865462,10.405267241,0.320165908
020502040304,2017,69.215800919,13.050303084,0.328949345
020502040304,2018,78.317505472,13.860055165,0.330963274
020502040304,2019,59.800183739,13.063642602,0.323113921
020502040305,2010,51.840768251,15.072874178,0.374963414
020502040305,2011,91.085958568,18.720497184,0.392431808
020502040305,2012,50.919293594,15.243367273,0.38140555
020502040305,2013,38.842277805,13.307640416,0.376754773
020502040305,2014,50.656653714,15.48743568,0.391085708
020502040305,2015,39.664884528,13.73169294,0.377087152
020502040305,2016,43.158861927,13.187774671,0.375444937
020502040305,2017,62.759113676,16.910517528,0.389314532
020502040305,2018,72.097404465,18.79154216,0.39493677
020502040305,2019,57.945636514,17.90602718,0.387223353
020502040401,2010,29.311482522,10.33613397,0.513287793
020502040401,2011,63.229260853,13.941370416,0.570592994
020502040401,2012,31.149715656,11.385949121,0.53454587
020502040401,2013,33.723882144,12.163243435,0.554418764
020502040401,2014,33.36412534,11.492355996,0.537542012
020502040401,2015,22.865386111,9.632543111,0.514994858
020502040401,2016,25.462907693,9.315516481,0.511228539
020502040401,2017,48.957438474,13.924781717,0.558679965
020502040401,2018,70.424013392,16.699652915,0.583316647
020502040401,2019,44.173881892,14.190416253,0.54343856
020502040402,2010,30.590420299,10.610699276,0.52743258
020502040402,2011,61.912586887,13.583215751,0.582225608
020502040402,2012,29.615972503,10.757656333,0.537444075
020502040402,2013,32.384880099,11.404174047,0.553859643
020502040402,2014,32.806394412,11.392288498,0.559082575
020502040402,2015,22.427587774,9.413173729,0.524039955
020502040402,2016,26.161890679,9.008442692,0.523138632
020502040402,2017,47.027847785,12.85140707,0.561521488
020502040402,2018,62.462299311,15.049491323,0.585212948
020502040402,2019,41.810915828,13.123311612,0.546528018
020502040403,2010,32.513856336,9.580721394,0.5174851
020502040403,2011,59.112166743,11.509813905,0.563515583
020502040403,2012,30.185112972,9.416856931,0.517584527
020502040403,2013,32.555525131,9.796661409,0.53333494
020502040403,2014,35.668747566,10.09386828,0.547866154
020502040403,2015,24.852772073,8.739596692,0.519114713
020502040403,2016,28.741889118,8.244438444,0.508103314
020502040403,2017,45.314715838,10.714999751,0.538083352
020502040403,2018,62.507900238,12.276959169,0.56371705
020502040403,2019,42.145330218,11.120222171,0.528476593
020502040404,2010,29.256841018,15.775283191,0.628611182
020502040404,2011,57.695313523,26.216228951,0.694819786
020502040404,2012,29.21555857,17.355206887,0.667359183
020502040404,2013,28.231184015,15.222169432,0.633507575
020502040404,2014,32.918949193,17.99524882,0.670742492
020502040404,2015,21.258291712,13.221930182,0.639334299
020502040404,2016,23.502667152,13.395782457,0.630106878
020502040404,2017,45.23597044,23.11360452,0.686681989
020502040404,2018,51.937774512,25.715276939,0.702668115
020502040404,2019,40.098531454,21.731776697,0.676794463
020502040405,2010,36.298353669,21.749369354,0.457502244
020502040405,2011,64.982280938,33.403871214,0.499262269
020502040405,2012,38.091837482,23.372597528,0.474119044
020502040405,2013,38.002659051,23.02490648,0.479025633
020502040405,2014,40.755502525,24.770296198,0.4900704
020502040405,2015,30.610130326,19.605996773,0.46739862
020502040405,2016,36.640596501,22.3975272,0.469416585
020502040405,2017,52.675838265,29.886764518,0.488332355
020502040405,2018,61.835072983,33.922285366,0.501878084
020502040405,2019,50.220019436,29.772849671,0.485320077
020502040406,2010,37.376062328,15.554005484,0.454908109
020502040406,2011,68.892334484,20.496631027,0.484615218
020502040406,2012,42.035727786,17.00216848,0.4570919
020502040406,2013,38.414619793,16.331045723,0.480661491
020502040406,2014,40.705424063,17.351854839,0.496523481
020502040406,2015,32.967775713,14.821388181,0.461369717
020502040406,2016,37.953140286,15.58603437,0.46780874
020502040406,2017,52.474368331,18.681301064,0.478343472
020502040406,2018,69.481686142,22.37171425,0.50041233
020502040406,2019,50.250149456,19.723176625,0.479592435
020502040407,2010,50.507596183,27.726225825,0.370238412
020502040407,2011,83.394643894,37.869859272,0.388863307
020502040407,2012,51.348666081,28.772022146,0.376851757
020502040407,2013,47.246272075,26.609286621,0.378776248
020502040407,2014,56.650107243,30.961807597,0.38780754
020502040407,2015,44.742697699,25.741922592,0.374766737
020502040407,2016,46.144855101,26.69316337,0.374374828
020502040407,2017,66.214117908,35.015742042,0.384535667
020502040407,2018,80.197683776,40.479967248,0.392956306
020502040407,2019,65.598815241,36.123114607,0.386560182
020502050101,2010,44.57668627,7.892374873,0.752884113
020502050101,2011,77.823160695,9.693832899,0.782568288
020502050101,2012,46.850149319,9.135642436,0.773242078
020502050101,2013,60.188726464,9.285369137,0.769424663
020502050101,2014,43.449091659,8.417274621,0.763162861
020502050101,2015,44.549889812,8.432831739,0.773781976
020502050101,2016,44.506406141,8.434173276,0.762564032
020502050101,2017,71.778805424,10.395222636,0.784003673
020502050101,2018,81.690162529,10.382695564,0.807208843
020502050101,2019,62.657344963,10.619376759,0.784385643
020502050102,2010,43.794854078,7.952851765,0.753643086
020502050102,2011,76.089657442,9.846964888,0.783518621
020502050102,2012,45.995321251,9.176940971,0.773805387
020502050102,2013,58.352141252,9.339346944,0.770146417
020502050102,2014,43.755243062,8.569281581,0.765104291
020502050102,2015,44.580468057,8.618874522,0.776320424
020502050102,2016,44.733257202,8.467046466,0.763742259
020502050102,2017,70.298840285,10.451752695,0.784534797
020502050102,2018,81.010553588,10.651350205,0.809027976
020502050102,2019,60.17442407,10.625931194,0.784196268
020502050201,2010,44.738482084,7.871844495,0.751404684
020502050201,2011,77.535589585,9.832796309,0.781262007
020502050201,2012,44.914736539,8.889424938,0.76829012
020502050201,2013,59.850190135,9.180490987,0.766477653
020502050201,2014,43.474305585,8.323115854,0.760280089
020502050201,2015,44.671374672,8.35201798,0.77178162
020502050201,2016,45.008014335,8.469062972,0.760896433
020502050201,2017,73.557440073,10.526546858,0.783062923
020502050201,2018,81.006206835,10.380564773,0.804135022
020502050201,2019,63.190849036,10.627409076,0.78173192
020502050202,2010,42.704644424,7.959411538,0.751487276
020502050202,2011,77.232051781,10.190036307,0.783984513
020502050202,2012,43.119160168,9.142259652,0.770440093
020502050202,2013,57.727471032,9.542235292,0.76935464
020502050202,2014,41.387000275,8.499693476,0.761263509
020502050202,2015,45.214026596,8.872788051,0.77580393
020502050202,2016,44.111403842,8.709278199,0.762665769
020502050202,2017,71.745889393,10.853812814,0.785612856
020502050202,2018,79.148254135,10.826556312,0.807905118
020502050202,2019,59.994215036,10.861032629,0.78365002
020502050203,2010,41.268710116,7.603651121,0.749790247
020502050203,2011,73.561481873,9.811524458,0.782679435
020502050203,2012,40.697491359,8.654205714,0.767189786
020502050203,2013,55.352336896,9.098228804,0.767441046
020502050203,2014,39.447576973,7.918187681,0.757998394
020502050203,2015,43.643536131,8.431738419,0.774079256
020502050203,2016,42.482397747,8.102275721,0.758702364
020502050203,2017,68.608253373,10.407336877,0.783507976
020502050203,2018,76.288093564,10.430916652,0.806506346
020502050203,2019,56.03752673,10.273495584,0.780198569
020502050204,2010,40.587978487,7.620050287,0.744660388
020502050204,2011,72.053294521,9.684806855,0.776865039
020502050204,2012,42.49772752,8.74031505,0.764878645
020502050204,2013,54.199815314,9.094779126,0.763269976
020502050204,2014,42.544658757,8.341987199,0.758854705
020502050204,2015,41.445548634,8.26641959,0.768747459
020502050204,2016,42.851768953,8.108970038,0.755874742
020502050204,2017,67.271847718,10.31574382,0.77867031
020502050204,2018,76.898548938,10.553195012,0.803631599
020502050204,2019,55.136571196,10.21526827,0.775788517
020502050205,2010,40.753860829,7.424608878,0.75040938
020502050205,2011,71.872531888,9.524896555,0.783186802
020502050205,2012,41.985259755,8.545039511,0.770301064
020502050205,2013,53.947694426,8.850961616,0.769921568
020502050205,2014,41.037830669,8.03944108,0.764339955
020502050205,2015,42.030199928,8.151276017,0.776360374
020502050205,2016,42.503126066,7.872838626,0.761210332
020502050205,2017,67.214121055,10.119181121,0.785606809
020502050205,2018,75.895015173,10.238272456,0.808959707
020502050205,2019,54.07937429,9.91896371,0.781070139
020502050206,2010,40.389852855,7.606153705,0.740634596
020502050206,2011,72.092095473,9.536940171,0.771525215
020502050206,2012,40.343623656,8.634127182,0.75979097
020502050206,2013,52.312885001,9.037002381,0.75888262
020502050206,2014,41.548952008,8.251593336,0.753661745
020502050206,2015,40.598994227,8.019890485,0.762621864
020502050206,2016,42.254809589,7.728371793,0.748385072
020502050206,2017,64.925334325,10.177658153,0.773762606
020502050206,2018,74.494235186,10.409113746,0.798776373
020502050206,2019,54.551391326,10.072931689,0.770912692
020502050207,2010,42.196187867,8.778549212,0.759996466
020502050207,2011,74.217967634,10.711343595,0.797702205
020502050207,2012,46.096110601,9.743558009,0.781059973
020502050207,2013,53.887593173,10.085500059,0.796116696
020502050207,2014,45.508578851,9.548255115,0.79937145
020502050207,2015,41.374645933,8.998775043,0.789127306
020502050207,2016,42.457896338,8.432772812,0.781539216
020502050207,2017,63.692146552,10.917583935,0.808573416
020502050207,2018,70.651839511,11.515235079,0.827950407
020502050207,2019,54.479804393,10.988854572,0.797253752
020502050208,2010,41.35767952,8.403632564,0.745015718
020502050208,2011,78.421023015,10.874010705,0.782596409
020502050208,2012,41.885889322,8.89598793,0.767146298
020502050208,2013,48.59234664,9.650712384,0.78021878
020502050208,2014,43.048165987,9.226633178,0.773613362
020502050208,2015,40.821338646,8.704913928,0.772624031
020502050208,2016,42.60760875,8.073883967,0.756731695
020502050208,2017,61.249201711,10.574460858,0.793317636
020502050208,2018,70.736841414,11.805896135,0.813855119
020502050208,2019,54.932176229,10.826513033,0.787066708
020502050301,2010,34.749733278,8.250775789,0.651850463
020502050301,2011,78.419220351,11.580712781,0.718049774
020502050301,2012,33.08496821,8.327694089,0.659821409
020502050301,2013,33.521709054,8.685711471,0.689361304
020502050301,2014,41.39893126,9.901540454,0.694561977
020502050301,2015,36.858871998,9.236151308,0.690894936
020502050301,2016,35.370060325,8.486181528,0.660269711
020502050301,2017,53.499358931,11.007335346,0.703649208
020502050301,2018,60.452460066,11.293726372,0.722161624
020502050301,2019,44.342145335,10.186332235,0.693138716
020502050302,2010,39.045104617,6.955128397,0.733031058
020502050302,2011,71.197628126,9.902308038,0.789415414
020502050302,2012,38.316565831,8.137439804,0.74492327
020502050302,2013,40.631228491,7.500849465,0.760680289
020502050302,2014,41.456685471,8.031915901,0.76360646
020502050302,2015,38.75330196,7.516091915,0.782396904
020502050302,2016,37.685952239,7.245010858,0.741399538
020502050302,2017,54.244438473,9.30446529,0.772559883
020502050302,2018,61.976344588,9.626379457,0.797048513
020502050302,2019,50.013571424,9.478608966,0.769309729
020502050303,2010,34.348761151,8.729015356,0.69903332
020502050303,2011,77.092787649,12.151178448,0.765029609
020502050303,2012,33.631837955,8.998387986,0.711321484
020502050303,2013,35.621631257,9.251669867,0.731252228
020502050303,2014,40.50033609,10.172533415,0.733568613
020502050303,2015,38.157900621,9.816157274,0.748309815
020502050303,2016,34.632875619,8.553646751,0.707710545
020502050303,2017,52.186671905,11.449545767,0.751257826
020502050303,2018,59.822644686,11.88659505,0.770466293
020502050303,2019,45.504826094,11.215411175,0.742797666
020502050401,2010,36.028122679,6.96511451,0.739939851
020502050401,2011,76.581077915,9.600330944,0.797741391
020502050401,2012,36.452664141,7.109278755,0.767353703
020502050401,2013,33.822544332,7.144066712,0.746565359
020502050401,2014,39.766059285,7.858558703,0.761824444
020502050401,2015,31.568181029,6.682236477,0.761155573
020502050401,2016,33.845568405,6.735641945,0.748723251
020502050401,2017,49.757689686,8.554350122,0.7786073
020502050401,2018,63.448338538,9.285187385,0.796267379
020502050401,2019,46.712839739,8.512132652,0.768850884
020502050402,2010,34.237287055,6.731097587,0.737696694
020502050402,2011,74.177516719,9.226339938,0.792375706
020502050402,2012,34.346565915,6.751010385,0.762284557
020502050402,2013,33.435958675,7.040189521,0.744952663
020502050402,2014,38.293707578,7.52745825,0.758252017
020502050402,2015,33.143283165,6.655246019,0.75993443
020502050402,2016,34.48794881,6.759197394,0.748038604
020502050402,2017,49.407990995,8.368518901,0.775708009
020502050402,2018,62.226646492,8.987767975,0.792223702
020502050402,2019,45.434242311,8.129934995,0.764167137
020502050403,2010,36.038298071,11.935488323,0.716779967
020502050403,2011,75.56887323,16.027895687,0.769469934
020502050403,2012,34.720562413,12.199039009,0.740741131
020502050403,2013,35.404133173,12.172288203,0.743543531
020502050403,2014,43.17516722,13.564325956,0.743128196
020502050403,2015,38.237670391,12.18888242,0.755631785
020502050403,2016,35.942046616,11.285992927,0.730745527
020502050403,2017,55.989438695,14.921056733,0.765122473
020502050403,2018,65.01880356,15.711383649,0.776437205
020502050403,2019,50.061700562,15.708705413,0.744907538
020502050404,2010,33.480952793,11.710530391,0.716886171
020502050404,2011,70.733123017,15.623962928,0.764504952
020502050404,2012,32.470029738,12.113485989,0.741941712
020502050404,2013,31.919175982,11.799153717,0.740905741
020502050404,2014,38.024044892,12.957100656,0.738197224
020502050404,2015,34.75637382,11.679558911,0.751996923
020502050404,2016,32.769896792,11.145246262,0.730485044
020502050404,2017,50.233999096,14.322875343,0.759984073
020502050404,2018,60.248174387,15.351988616,0.772647233
020502050404,2019,47.980578449,15.568412777,0.745201911
020502050405,2010,34.725949954,7.09182638,0.725305071
020502050405,2011,71.580595049,9.60301198,0.778023014
020502050405,2012,36.065665949,7.548729393,0.755860444
020502050405,2013,30.267256827,6.772853087,0.730910066
020502050405,2014,36.421752318,7.632303377,0.74678857
020502050405,2015,29.429924821,6.412943997,0.744613917
020502050405,2016,30.882208218,6.633967429,0.735018313
020502050405,2017,47.635886516,8.570081778,0.764621003
020502050405,2018,60.614363885,9.381197872,0.781185877
020502050405,2019,44.064284549,8.653031954,0.751240724
020502050501,2010,44.621887121,8.230729611,0.617149652
020502050501,2011,80.539309531,10.962193058,0.670475231
020502050501,2012,44.709992948,9.350628601,0.652603389
020502050501,2013,40.742230264,8.736839746,0.653295721
020502050501,2014,45.046774263,9.536510818,0.672521194
020502050501,2015,34.68663504,7.732762224,0.641533542
020502050501,2016,35.024907195,7.785430843,0.635385259
020502050501,2017,57.271941374,10.561950617,0.666083056
020502050501,2018,73.436860019,12.161760369,0.679730436
020502050501,2019,52.746239217,10.07662821,0.660372238
020502050502,2010,38.382607509,6.962460163,0.617411532
020502050502,2011,64.204956715,8.983272821,0.670452472
020502050502,2012,39.366249921,8.23697064,0.656807469
020502050502,2013,36.073084954,7.678441612,0.656361074
020502050502,2014,38.071892912,8.208956752,0.67456122
020502050502,2015,30.48633774,6.681389389,0.642880853
020502050502,2016,31.054643739,6.81427236,0.639048601
020502050502,2017,48.129872231,8.82332773,0.667185584
020502050502,2018,58.991817185,9.544942545,0.679280805
020502050502,2019,44.594994427,8.484284958,0.663945014
020502050503,2010,44.030061639,8.34189506,0.619135342
020502050503,2011,76.849792992,10.656903971,0.672021846
020502050503,2012,44.411652181,9.768851233,0.656425755
020502050503,2013,39.95112715,9.120329671,0.656018026
020502050503,2014,42.386196059,9.675648351,0.675099618
020502050503,2015,34.020424545,8.202582617,0.645144717
020502050503,2016,33.945164988,8.084487872,0.639888117
020502050503,2017,55.356235166,10.879344203,0.66829076
020502050503,2018,69.030052116,11.896412238,0.68104856
020502050503,2019,51.551642775,10.274886401,0.665306334
020502050504,2010,54.101373118,15.937898421,0.699565934
020502050504,2011,97.699670995,19.511226694,0.742462901
020502050504,2012,57.660404721,17.706846063,0.756484416
020502050504,2013,49.794079869,17.190661843,0.736456573
020502050504,2014,53.875002921,17.878060617,0.747295772
020502050504,2015,41.497251375,14.946126394,0.71932926
020502050504,2016,43.253429387,15.60302175,0.721511525
020502050504,2017,70.235551304,20.157379505,0.762706612
020502050504,2018,84.439913884,20.595482845,0.768892733
020502050504,2019,64.616506336,19.308090766,0.729216527
020502050505,2010,38.927343258,7.261430109,0.620163265
020502050505,2011,69.087911013,9.07238033,0.671785181
020502050505,2012,39.144601166,8.418542729,0.655913532
020502050505,2013,34.358316808,7.771675626,0.654661262
020502050505,2014,38.264305123,8.341204147,0.673126572
020502050505,2015,32.275384262,7.276868442,0.644002534
020502050505,2016,32.636354953,7.353537872,0.642936175
020502050505,2017,48.534642416,9.011714679,0.664667667
020502050505,2018,62.064113525,10.076913897,0.677901371
020502050505,2019,47.492020602,9.106343876,0.665905884
020502050506,2010,46.337603706,11.147035756,0.628600808
020502050506,2011,77.127318209,14.617303349,0.682774653
020502050506,2012,49.160520916,13.027888786,0.670147278
020502050506,2013,43.733405375,12.393194628,0.67154406
020502050506,2014,45.276643214,12.367249115,0.682291392
020502050506,2015,37.891693181,10.792396736,0.657270727
020502050506,2016,38.875935451,10.802023353,0.659277254
020502050506,2017,59.944656305,14.282086538,0.680372009
020502050506,2018,74.19262625,15.653280754,0.693111831
020502050506,2019,55.784811017,14.218172043,0.67656014
020502050601,2010,35.843480976,10.647227978,0.706106222
020502050601,2011,71.850944533,14.447294666,0.752355025
020502050601,2012,37.006501226,12.089397159,0.729860909
020502050601,2013,36.946855664,11.398268694,0.727365062
020502050601,2014,40.500925109,12.147147208,0.736804253
020502050601,2015,35.740095656,10.434655813,0.737971246
020502050601,2016,35.325211983,10.149793675,0.72152504
020502050601,2017,52.846580218,12.910376418,0.747855013
020502050601,2018,61.468499704,13.952025793,0.759622723
020502050601,2019,51.429525526,14.728379635,0.740643978
020502050602,2010,41.225128778,8.561650195,0.734225068
020502050602,2011,79.411326046,10.541965402,0.759773383
020502050602,2012,38.947159923,9.078533222,0.763284287
020502050602,2013,44.503499316,9.463499713,0.75114639
020502050602,2014,43.25608771,8.98870563,0.751762225
020502050602,2015,41.71550071,8.534314774,0.750957089
020502050602,2016,41.380774621,8.500248125,0.74131313
020502050602,2017,61.783393631,10.428864701,0.766078126
020502050602,2018,72.010271407,10.737093267,0.785560881
020502050602,2019,56.133314252,10.499349378,0.748064945
020502050603,2010,44.666409963,13.837591531,0.670719268
020502050603,2011,75.067533147,16.99741106,0.706177335
020502050603,2012,40.135523947,14.075993296,0.697663098
020502050603,2013,42.801856724,13.898164741,0.702791911
020502050603,2014,40.526197961,14.014284004,0.704024489
020502050603,2015,41.974743763,13.393259149,0.696103328
020502050603,2016,38.955911952,12.296806714,0.692712176
020502050603,2017,58.516321597,16.522194819,0.709886419
020502050603,2018,71.082736887,17.347643393,0.73361678
020502050603,2019,54.945925068,16.925508079,0.709357544
020502050604,2010,43.750108274,13.698314794,0.664598012
020502050604,2011,74.663070113,16.565491402,0.701236939
020502050604,2012,40.980693032,13.966561306,0.693542987
020502050604,2013,37.823418042,12.714214372,0.685392292
020502050604,2014,40.867053198,13.800577988,0.70049236
020502050604,2015,42.757963503,13.637510213,0.691379931
020502050604,2016,40.125028255,12.849852327,0.693322178
020502050604,2017,53.139984039,15.549431671,0.702807682
020502050604,2018,69.058998435,16.839192922,0.720939117
020502050604,2019,55.694910413,17.119969474,0.705841122
020502050605,2010,45.025186323,13.760218064,0.669310421
020502050605,2011,75.315451683,16.769539098,0.705595843
020502050605,2012,41.508790731,14.071518887,0.696577647
020502050605,2013,41.295904147,13.5937589,0.699677358
020502050605,2014,42.531262405,14.762582253,0.707613393
020502050605,2015,44.833367655,13.983927567,0.69682771
020502050605,2016,41.835393666,13.30058645,0.698631398
020502050605,2017,56.149136466,16.12987527,0.707060162
020502050605,2018,73.926044533,17.342810842,0.73200409
020502050605,2019,56.435154816,17.043566965,0.710178502
020502050606,2010,45.83379382,14.133770086,0.668787729
020502050606,2011,78.483858966,17.400946313,0.706711668
020502050606,2012,43.07855379,14.388003422,0.694994202
020502050606,2013,42.728627693,14.101126981,0.696443561
020502050606,2014,45.063756784,15.068496739,0.706506927
020502050606,2015,44.846263568,14.021047573,0.693563831
020502050606,2016,40.54798584,13.16336392,0.695136393
020502050606,2017,58.052798985,16.718005962,0.707723825
020502050606,2018,77.338171432,18.0334736,0.729891352
020502050606,2019,59.179115747,18.052731526,0.711472938
020502050607,2010,50.264872295,15.493847311,0.682453359
020502050607,2011,90.143819716,19.827681459,0.724044271
020502050607,2012,50.21904778,16.303984551,0.706075196
020502050607,2013,44.273440145,15.487818378,0.697006504
020502050607,2014,51.427655873,15.972537863,0.69848917
020502050607,2015,41.868982162,14.42663592,0.691904133
020502050607,2016,44.043672074,14.590949994,0.693420568
020502050607,2017,64.737407717,18.051152452,0.710763541
020502050607,2018,84.093451676,21.064286066,0.740332709
020502050607,2019,64.890707983,19.11657459,0.718773439
020502060101,2010,48.479720555,21.555987451,0.695066743
020502060101,2011,83.807672506,33.133069076,0.739482477
020502060101,2012,46.618928085,21.095784187,0.717167795
020502060101,2013,39.255268308,19.447794388,0.688021669
020502060101,2014,45.958029631,22.224960213,0.702331102
020502060101,2015,37.926129452,17.381134316,0.678491117
020502060101,2016,39.795099765,19.139751593,0.669561793
020502060101,2017,57.885427919,24.385879441,0.748576724
020502060101,2018,69.779020382,27.211942936,0.734208766
020502060101,2019,56.58210917,26.498620534,0.712838421
020502060102,2010,47.401093231,21.34889533,0.696055107
020502060102,2011,82.314222723,32.793211641,0.739148695
020502060102,2012,44.639153934,20.727441086,0.716835538
020502060102,2013,38.408447431,18.958178868,0.687123226
020502060102,2014,44.801700343,21.798568722,0.701766234
020502060102,2015,36.213918137,17.022879005,0.677861715
020502060102,2016,38.255220765,18.712133693,0.668661305
020502060102,2017,55.980309523,23.837147548,0.747902898
020502060102,2018,68.16910545,26.801898605,0.734200748
020502060102,2019,57.485288074,26.265980876,0.71303281
020502060103,2010,50.030555951,22.375721211,0.694221379
020502060103,2011,89.064337669,34.443702826,0.739008225
020502060103,2012,48.375996263,22.142434916,0.716971765
020502060103,2013,40.854190147,20.207921604,0.687328204
020502060103,2014,48.383098519,23.145153833,0.70224298
020502060103,2015,38.386731945,18.232142038,0.678797116
020502060103,2016,40.578475968,19.908556904,0.668620942
020502060103,2017,61.167310754,25.709486879,0.749193305
020502060103,2018,71.957171715,28.796779542,0.735073814
020502060103,2019,59.47586112,27.65681121,0.712063819
020502060201,2010,50.774215472,11.442943228,0.665543531
020502060201,2011,101.248818445,15.143628848,0.723950572
020502060201,2012,57.561299955,13.812017133,0.722948471
020502060201,2013,49.054482471,12.816696552,0.722508063
020502060201,2014,57.632749197,13.997812784,0.738268236
020502060201,2015,38.949482633,11.042355551,0.701041961
020502060201,2016,45.502759729,12.19263566,0.707737271
020502060201,2017,72.595685605,15.909230443,0.748312811
020502060201,2018,94.676726779,16.993934736,0.740276701
020502060201,2019,65.524704268,14.311714149,0.697608737
020502060202,2010,50.727331916,11.583602801,0.67001001
020502060202,2011,103.94867283,15.95602564,0.725278534
020502060202,2012,55.897116531,14.023673802,0.722627834
020502060202,2013,49.688603206,13.071018903,0.723608168
020502060202,2014,58.247256405,14.034594695,0.73795233
020502060202,2015,37.325986164,10.64961457,0.699807036
020502060202,2016,44.981932517,11.846761606,0.705868178
020502060202,2017,75.20088846,16.501585054,0.749718893
020502060202,2018,97.262358296,17.786524005,0.740555961
020502060202,2019,66.412017506,14.695913204,0.699743539
020502060203,2010,50.83241307,11.213707543,0.676198304
020502060203,2011,104.946522515,14.96028273,0.727543182
020502060203,2012,55.00790903,12.909540898,0.724747566
020502060203,2013,52.470388357,12.853631658,0.726662736
020502060203,2014,61.535227116,14.003835184,0.741798291
020502060203,2015,38.370470664,10.462502796,0.70409252
020502060203,2016,47.045671829,11.562995309,0.709792805
020502060203,2017,74.904708389,15.462451489,0.750157587
020502060203,2018,96.738104867,16.585629603,0.740750056
020502060203,2019,66.382199637,13.920771438,0.703458758
020502060204,2010,47.579803727,10.729631562,0.675070161
020502060204,2011,97.371190948,14.345864682,0.726642132
020502060204,2012,49.561955068,12.350036861,0.724938808
020502060204,2013,48.392491774,12.591711091,0.726540147
020502060204,2014,57.495938692,13.904903221,0.74228175
020502060204,2015,37.380666495,10.590234817,0.70504229
020502060204,2016,43.643318637,11.202553694,0.708565131
020502060204,2017,69.525554089,14.887102574,0.749409717
020502060204,2018,90.570046602,16.085463831,0.740824053
020502060204,2019,61.572881916,13.376587806,0.700899581
020502060205,2010,48.932157907,18.206450186,0.663602262
020502060205,2011,90.49493426,25.090025295,0.724795044
020502060205,2012,58.455876512,22.247011656,0.718964544
020502060205,2013,44.041845435,19.062262946,0.718744043
020502060205,2014,54.709508913,21.113008413,0.741944078
020502060205,2015,40.577235121,17.502017396,0.706886979
020502060205,2016,42.699493652,17.866321484,0.69656948
020502060205,2017,65.085493345,23.269334473,0.73954699
020502060205,2018,84.276902444,25.424274841,0.736715834
020502060205,2019,66.679814259,23.474818042,0.697559288
020502060206,2010,54.694690335,17.733119068,0.653832777
020502060206,2011,106.369571446,24.985933857,0.709034442
020502060206,2012,62.558260166,21.121020811,0.693966813
020502060206,2013,53.961708161,19.37963123,0.696718268
020502060206,2014,65.567390055,21.751112641,0.719729052
020502060206,2015,46.742623487,17.695600707,0.682606603
020502060206,2016,50.890102215,18.065761901,0.682142286
020502060206,2017,81.227305577,24.20154344,0.714519613
020502060206,2018,101.206264872,26.385478956,0.715046942
020502060206,2019,73.614520394,22.970922354,0.683246654
020502060207,2010,52.963834066,24.208171875,0.60575144
020502060207,2011,98.728029898,32.820483701,0.663853819
020502060207,2012,59.53038583,26.589010871,0.623840294
020502060207,2013,51.551912061,25.009625719,0.63681063
020502060207,2014,58.923350842,26.913382344,0.666840563
020502060207,2015,48.379711816,24.084360521,0.634748758
020502060207,2016,48.558025769,23.864172818,0.626519091
020502060207,2017,72.284946345,30.216991274,0.645540376
020502060207,2018,83.173295619,32.621753962,0.657095601
020502060207,2019,75.209589557,30.814385463,0.646024387
020502060208,2010,60.560813576,24.777101241,0.664434103
020502060208,2011,108.031237229,32.868594091,0.710662359
020502060208,2012,64.684352635,26.469906862,0.683073913
020502060208,2013,58.97324662,25.511197976,0.693035082
020502060208,2014,69.745947871,27.810589443,0.721445806
020502060208,2015,54.010371681,23.988392888,0.681868199
020502060208,2016,53.979079949,23.751449147,0.683932503
020502060208,2017,83.286579818,31.124267873,0.705429316
020502060208,2018,98.675207837,33.760364549,0.714048802
020502060208,2019,87.240839474,31.605047634,0.692242414
020502060301,2010,65.659353442,14.066987279,0.835715522
020502060301,2011,101.911589997,16.525650634,0.860434749
020502060301,2012,61.094083328,13.820720331,0.848224123
020502060301,2013,54.935890066,13.390071019,0.851473152
020502060301,2014,75.030441251,15.836130159,0.876998632
020502060301,2015,47.034461698,13.072859462,0.836621572
020502060301,2016,51.420191313,12.175554861,0.830447766
020502060301,2017,68.97332868,15.591246331,0.86568226
020502060301,2018,89.418734903,16.900635164,0.87427015
020502060301,2019,71.244900887,15.90315521,0.839737533
020502060302,2010,69.534498495,13.94696909,0.834728562
020502060302,2011,104.378051358,16.325020697,0.858079678
020502060302,2012,59.33787522,13.629861993,0.844989115
020502060302,2013,55.534172011,13.215885341,0.847858303
020502060302,2014,72.908808742,15.620432519,0.873820904
020502060302,2015,50.28010086,12.979969548,0.835960665
020502060302,2016,50.802859698,11.997394179,0.826611102
020502060302,2017,69.351226347,15.39750027,0.86240187
020502060302,2018,90.435852056,16.663896561,0.871254668
020502060302,2019,71.050570987,15.722800721,0.837225295
020502060303,2010,65.98004629,13.88329199,0.837081128
020502060303,2011,101.382336326,16.254930821,0.860241643
020502060303,2012,55.097914938,13.523008686,0.845082876
020502060303,2013,53.859706586,13.115495903,0.84920631
020502060303,2014,67.821699933,15.526204119,0.875206508
020502060303,2015,48.403454181,12.886280188,0.837639387
020502060303,2016,48.08733891,11.899679319,0.827119356
020502060303,2017,66.914531349,15.30809662,0.86417081
020502060303,2018,87.292309418,16.598670262,0.873146664
020502060303,2019,66.678100375,15.659723754,0.839914163
020502060304,2010,59.43676808,13.34759387,0.82405612
020502060304,2011,102.406526717,17.391974265,0.858026261
020502060304,2012,53.163794082,13.103175896,0.828979016
020502060304,2013,54.638057638,12.751574722,0.842709804
020502060304,2014,70.978477402,15.986261054,0.873042428
020502060304,2015,45.994832823,12.10596405,0.824727499
020502060304,2016,49.449305624,11.464716174,0.817145445
020502060304,2017,75.075543187,16.080761235,0.866969573
020502060304,2018,92.585840187,17.097862266,0.862779579
020502060304,2019,67.226310026,15.979311742,0.822551918
020502060401,2010,50.999942772,12.511857266,0.772996906
020502060401,2011,88.082504344,14.396907764,0.810092521
020502060401,2012,43.247963291,11.360257686,0.770684541
020502060401,2013,41.055095054,11.123397731,0.792371545
020502060401,2014,51.199526821,13.776465287,0.818028537
020502060401,2015,29.676068896,10.409265257,0.768231065
020502060401,2016,46.125184895,10.759362707,0.770304424
020502060401,2017,58.889094801,13.839904569,0.808373524
020502060401,2018,76.403838142,15.768698598,0.818301835
020502060401,2019,53.036628673,14.007664593,0.794268051
020502060402,2010,52.240921533,12.788479923,0.773782659
020502060402,2011,88.902054299,14.691242232,0.810535704
020502060402,2012,41.48337656,11.58083484,0.76902503
020502060402,2013,42.23247879,11.367558493,0.791845606
020502060402,2014,52.479693289,14.068717511,0.818239639
020502060402,2015,31.283293534,10.663501306,0.770213634
020502060402,2016,41.22850123,10.928585052,0.763589205
020502060402,2017,56.319489311,14.110869486,0.807184195
020502060402,2018,75.53083114,16.085883085,0.817314868
020502060402,2019,52.362638369,14.277814693,0.792967131
020502060501,2010,51.979065839,12.93518192,0.79860328
020502060501,2011,93.808609287,16.854564564,0.840401237
020502060501,2012,51.63084092,13.141999282,0.819672475
020502060501,2013,52.357434323,13.595550196,0.838673738
020502060501,2014,60.544306082,15.362407243,0.851936437
020502060501,2015,38.047298714,11.784487331,0.798753566
020502060501,2016,49.244897801,12.706976751,0.819695311
020502060501,2017,70.438770982,15.94629449,0.847723276
020502060501,2018,87.403231142,17.513983977,0.849608925
020502060501,2019,61.861702444,15.357702556,0.813090386
020502060502,2010,52.805416172,12.898890954,0.799558115
020502060502,2011,91.807436621,16.797187604,0.841084978
020502060502,2012,50.567324851,13.068570773,0.818177928
020502060502,2013,50.046053841,13.508618998,0.838459362
020502060502,2014,60.238078039,15.299760973,0.853187487
020502060502,2015,36.511683286,11.71861104,0.797929156
020502060502,2016,48.921057001,12.64264511,0.819659516
020502060502,2017,69.700005363,15.86111162,0.847925584
020502060502,2018,86.477669962,17.443095633,0.850571126
020502060502,2019,60.943972847,15.312733505,0.814175867
020502060503,2010,59.151341804,11.60736458,0.814206798
020502060503,2011,100.451244131,14.958845505,0.847121516
020502060503,2012,51.076500932,10.861147536,0.821132336
020502060503,2013,54.075906903,11.664218129,0.840368581
020502060503,2014,65.291436208,13.217869279,0.864140058
020502060503,2015,44.586110638,10.540652083,0.815831662
020502060503,2016,50.75794755,9.839018832,0.810954795
020502060503,2017,76.189755208,13.920100877,0.862639174
020502060503,2018,92.256678357,14.577433091,0.855075016
020502060503,2019,68.496344213,13.886726911,0.81092529
020502060504,2010,55.805720112,12.201025657,0.812298296
020502060504,2011,99.739467861,17.124241936,0.842618555
020502060504,2012,46.944650284,11.491188468,0.818976255
020502060504,2013,49.936664085,12.551769982,0.840260971
020502060504,2014,57.839957644,14.138697775,0.865995981
020502060504,2015,40.826458541,10.83291083,0.811287361
020502060504,2016,48.064064616,10.815753533,0.813879652
020502060504,2017,69.718077467,15.157651626,0.862928955
020502060504,2018,88.355212475,16.190555592,0.857362654
020502060504,2019,64.813056818,15.725853525,0.815716731
020502060505,2010,61.63504084,11.749053435,0.812590276
020502060505,2011,96.114023063,13.597977832,0.838159713
020502060505,2012,49.069635352,10.750577187,0.817633902
020502060505,2013,52.459674098,11.340343446,0.835809205
020502060505,2014,59.900587444,12.583563957,0.853584896
020502060505,2015,45.579225498,10.75442811,0.810535828
020502060505,2016,45.206889244,9.322159648,0.795753528
020502060505,2017,75.701229451,13.307706941,0.8581166
020502060505,2018,85.434803659,13.318629995,0.843497837
020502060505,2019,67.652135903,13.154681812,0.805632901
020502060506,2010,52.923632563,10.431776646,0.796102586
020502060506,2011,103.092047584,12.963140323,0.839984008
020502060506,2012,48.428672786,11.158982559,0.834315828
020502060506,2013,52.185537322,11.023549538,0.838621358
020502060506,2014,59.755581983,12.191733221,0.858809362
020502060506,2015,44.836049706,9.90955555,0.808585328
020502060506,2016,48.667887786,10.0804432,0.816167713
020502060506,2017,77.311888041,13.38024326,0.858255783
020502060506,2018,97.625829422,14.330675867,0.852575291
020502060506,2019,67.557012747,12.73188687,0.809177379
020502060507,2010,60.781207136,21.40419557,0.640993364
020502060507,2011,93.592912681,24.412830758,0.680947093
020502060507,2012,46.719982883,19.962726542,0.648850957
020502060507,2013,44.527187676,19.394400255,0.66306186
020502060507,2014,51.306381847,22.286431614,0.686426847
020502060507,2015,44.32136617,19.1798201,0.645939292
020502060507,2016,40.941781458,17.112074173,0.627920684
020502060507,2017,71.626342043,25.371165061,0.681714136
020502060507,2018,88.758746354,26.057540691,0.680140021
020502060507,2019,63.885133692,23.347594396,0.656158015
020502060508,2010,58.653097297,19.898527201,0.690208629
020502060508,2011,102.141172327,25.798840717,0.725283387
020502060508,2012,50.957320428,20.569332493,0.71119854
020502060508,2013,50.936893222,20.342823278,0.710724054
020502060508,2014,61.952485516,22.870629553,0.741909652
020502060508,2015,46.676315459,18.283162952,0.693587644
020502060508,2016,47.603111422,18.50996974,0.699413376
020502060508,2017,78.465908438,25.694792571,0.73277759
020502060508,2018,102.358968536,27.132836966,0.730254911
020502060508,2019,73.043955388,24.492063959,0.707939916
020502060509,2010,64.015440756,16.577866519,0.760224863
020502060509,2011,102.642991966,20.746865945,0.789805652
020502060509,2012,50.789866614,15.39781647,0.767384492
020502060509,2013,53.194157941,15.653788439,0.78128446
020502060509,2014,60.641536134,17.776826881,0.803352559
020502060509,2015,47.267676469,14.390164047,0.757721075
020502060509,2016,48.065659824,13.74674624,0.752977929
020502060509,2017,78.919398674,19.913812389,0.804122866
020502060509,2018,96.489934129,21.256237817,0.79587259
020502060509,2019,70.562354613,19.454269582,0.760516523
020502060601,2010,44.398570448,10.629512377,0.672119379
020502060601,2011,77.372409879,16.141364166,0.715771042
020502060601,2012,37.553370359,6.597978562,0.639910284
020502060601,2013,27.975244774,7.361537094,0.64582596
020502060601,2014,37.3728256,7.913317535,0.669121344
020502060601,2015,26.149896394,5.743199218,0.641588401
020502060601,2016,28.595083289,4.784227941,0.616286852
020502060601,2017,52.348870892,10.726798919,0.688234153
020502060601,2018,69.352175984,12.009398853,0.692071223
020502060601,2019,46.581430576,10.981400019,0.65618973
020502060602,2010,44.583382338,18.071018509,0.715315801
020502060602,2011,79.745262415,27.851965597,0.758295567
020502060602,2012,37.766769753,15.450243111,0.713919958
020502060602,2013,33.162883849,14.689047129,0.700437809
020502060602,2014,40.886242001,16.996887423,0.719047591
020502060602,2015,29.343658771,12.523868551,0.691059649
020502060602,2016,33.021322372,13.384958617,0.674678791
020502060602,2017,52.47598684,19.808728836,0.755278257
020502060602,2018,67.160272392,22.764447008,0.751543217
020502060602,2019,52.048023616,21.327031643,0.720978553
020502060603,2010,42.479101051,9.635757315,0.67351166
020502060603,2011,75.90201019,14.693033509,0.711840489
020502060603,2012,33.502036143,5.432218651,0.635423515
020502060603,2013,25.7449081,6.70838786,0.644236157
020502060603,2014,36.806885081,7.005697499,0.667580153
020502060603,2015,23.554573828,4.958797787,0.638209293
020502060603,2016,28.891054146,4.089374305,0.614294475
020502060603,2017,48.836592064,9.351710157,0.684168781
020502060603,2018,68.943547881,10.333462697,0.689433593
020502060603,2019,46.293033968,9.797121987,0.653917389
020502060604,2010,51.293773586,13.550079391,0.70379166
020502060604,2011,86.695008042,24.364544486,0.742422562
020502060604,2012,41.150170672,10.751234333,0.67460503
020502060604,2013,39.302204345,12.259940198,0.687410481
020502060604,2014,52.10806913,16.451094384,0.720254906
020502060604,2015,36.682722117,12.068647301,0.676507096
020502060604,2016,38.632127602,10.544779706,0.674189202
020502060604,2017,59.247819787,16.345989735,0.724802644
020502060604,2018,83.071580192,20.83810653,0.731900399
020502060604,2019,61.719363408,19.454083036,0.72269677
020502060605,2010,48.424387019,19.945088424,0.688866667
020502060605,2011,85.474607754,35.114559064,0.722056969
020502060605,2012,38.533023766,16.737826714,0.677953689
020502060605,2013,37.747294663,18.001189736,0.670549169
020502060605,2014,46.108772073,21.841362732,0.698743678
020502060605,2015,37.658576366,17.299768774,0.665969091
020502060605,2016,36.855583165,16.406202399,0.652895495
020502060605,2017,55.147049468,23.205263244,0.710819387
020502060605,2018,72.895485021,28.289768514,0.7152925
020502060605,2019,60.267892733,28.212584692,0.709519387
020502060701,2010,56.137008,21.690567378,0.61891277
020502060701,2011,91.479467084,27.143386233,0.655127702
020502060701,2012,59.088284157,22.242612053,0.620546412
020502060701,2013,55.722893664,21.735628531,0.627952877
020502060701,2014,61.834190553,24.332970006,0.661680049
020502060701,2015,46.728111898,20.226145896,0.622732258
020502060701,2016,54.540040585,21.110885295,0.621751418
020502060701,2017,76.024344497,26.197764109,0.643912573
020502060701,2018,82.778130748,25.875266023,0.647459576
020502060701,2019,73.969003867,26.315030213,0.637150002
020502060702,2010,54.689642194,21.09457141,0.606486667
020502060702,2011,92.623056506,26.958383953,0.643382379
020502060702,2012,54.716556507,21.430720299,0.60512209
020502060702,2013,53.282669139,20.882404173,0.615028063
020502060702,2014,57.621572595,23.079979291,0.647140529
020502060702,2015,46.056418335,19.62435085,0.611805014
020502060702,2016,51.019448068,20.000675276,0.602047156
020502060702,2017,70.867603821,25.032783148,0.628944049
020502060702,2018,81.865674836,25.65593049,0.636620065
020502060702,2019,72.990477782,25.941247213,0.630392001
020502060801,2010,63.633397561,16.501089476,0.747620254
020502060801,2011,100.2399085,20.246319195,0.769870717
020502060801,2012,65.730875035,17.847462948,0.767037716
020502060801,2013,57.951603986,16.937703632,0.767726037
020502060801,2014,74.572389965,20.007063195,0.792232315
020502060801,2015,55.447594461,16.049138697,0.758052254
020502060801,2016,57.27272582,15.693203896,0.75000291
020502060801,2017,82.943210224,20.901065359,0.787736818
020502060801,2018,98.867819392,21.214463428,0.782996986
020502060801,2019,74.854409688,19.269015386,0.741229257
020502060802,2010,56.157175958,22.297709314,0.659567963
020502060802,2011,89.671188874,28.238060148,0.687232893
020502060802,2012,57.211546745,24.535138067,0.682920077
020502060802,2013,52.021001105,23.206572933,0.676318532
020502060802,2014,61.780972542,26.360194051,0.706999651
020502060802,2015,48.658905871,21.018602146,0.671594247
020502060802,2016,53.482354295,21.512526699,0.653990038
020502060802,2017,79.095422548,30.128527071,0.700607568
020502060802,2018,86.843884748,29.747748973,0.697947082
020502060802,2019,68.284476524,26.184299759,0.662177376
020502060803,2010,55.633644112,32.231740363,0.615299032
020502060803,2011,94.880710262,45.729195054,0.648956561
020502060803,2012,54.645095111,33.042390727,0.629759157
020502060803,2013,49.153437436,30.512451788,0.626689921
020502060803,2014,57.747783941,35.029261065,0.650554857
020502060803,2015,48.117253985,29.793132463,0.622704499
020502060803,2016,51.518002042,30.137731439,0.605668025
020502060803,2017,75.306741476,41.060306477,0.649297036
020502060803,2018,80.707871254,41.464550357,0.651644624
020502060803,2019,72.891888478,41.299981367,0.628116394
020502060901,2010,36.102872945,14.907345044,0.611859368
020502060901,2011,67.751596401,23.008915387,0.660909781
020502060901,2012,28.304410132,10.332544089,0.576982642
020502060901,2013,23.8955272,11.07055998,0.575795391
020502060901,2014,31.108558542,13.089545523,0.622539195
020502060901,2015,20.216195347,9.066844365,0.579983019
020502060901,2016,25.307890628,8.671587475,0.560038356
020502060901,2017,43.139469389,15.624703366,0.634788383
020502060901,2018,60.774561132,20.751959858,0.634144258
020502060901,2019,42.958039731,18.854287239,0.612961648
020502060902,2010,43.004923708,18.5645014,0.608479676
020502060902,2011,77.273589549,27.452902289,0.659070069
020502060902,2012,36.565017278,14.692165964,0.579865214
020502060902,2013,27.439528346,13.601042853,0.573659803
020502060902,2014,35.971995984,16.524609222,0.619651797
020502060902,2015,24.565356975,11.881435265,0.582318287
020502060902,2016,29.43934611,11.499609124,0.557953944
020502060902,2017,50.699148451,20.290434803,0.631904415
020502060902,2018,70.607918208,26.224309677,0.630725213
020502060902,2019,48.935363014,22.967175119,0.611679093
020502061001,2010,35.672888023,14.704414575,0.732509474
020502061001,2011,66.771028632,20.468999382,0.767629975
020502061001,2012,30.294365496,14.267888462,0.74494789
020502061001,2013,29.017043434,14.370966481,0.744727221
020502061001,2014,36.69131968,16.794737552,0.739595721
020502061001,2015,24.826545959,12.875916259,0.707342997
020502061001,2016,28.449527481,13.436704868,0.710211253
020502061001,2017,51.050411577,19.023353342,0.761022233
020502061001,2018,69.44006783,21.600682502,0.801815423
020502061001,2019,45.773839948,20.052338831,0.757645923
020502061002,2010,46.249487277,12.909579547,0.734278705
020502061002,2011,78.77800996,15.040653853,0.791875659
020502061002,2012,41.931165571,14.222009253,0.764990344
020502061002,2013,35.3019812,12.797008166,0.750943246
020502061002,2014,40.404357448,13.428765954,0.747466949
020502061002,2015,30.518072693,11.80704236,0.72195324
020502061002,2016,36.789791013,12.143270873,0.730158893
020502061002,2017,58.453530924,14.737731202,0.776873271
020502061002,2018,85.232982795,16.241046289,0.801001586
020502061002,2019,52.231741646,15.866392443,0.755618301
020502061003,2010,40.075851709,13.785869245,0.735448158
020502061003,2011,72.183916985,17.027281173,0.797961588
020502061003,2012,36.604055989,15.478614112,0.770637088
020502061003,2013,33.027367215,14.007460735,0.756779876
020502061003,2014,36.762793976,14.493848122,0.752557006
020502061003,2015,27.137583347,12.517165577,0.725956102
020502061003,2016,33.21461539,12.849998065,0.73346917
020502061003,2017,53.221165693,16.336256547,0.783205059
020502061003,2018,79.868983866,18.443546814,0.808215085
020502061003,2019,49.249825778,17.192099241,0.76021989
