huc12_id,year,pscutot_mgd
070700010201,2010,0.0
070700010201,2011,0.0
070700010201,2012,0.0
070700010201,2013,0.0
070700010201,2014,0.0
070700010201,2015,0.0
070700010201,2016,0.0
070700010201,2017,0.0
070700010201,2018,0.0
070700010201,2019,0.0
070700010201,2020,0.0
070700010202,2010,0.0
070700010202,2011,0.0
070700010202,2012,0.0
070700010202,2013,0.0
070700010202,2014,0.0
070700010202,2015,0.0
070700010202,2016,0.0
070700010202,2017,0.0
070700010202,2018,0.0
070700010202,2019,0.0
070700010202,2020,0.0
070700010203,2010,0.000448585
070700010203,2011,0.0004369
070700010203,2012,0.000488864
070700010203,2013,0.000414064
070700010203,2014,0.000415228
070700010203,2015,0.000436157
070700010203,2016,0.000420761
070700010203,2017,0.000419478
070700010203,2018,0.000355643
070700010203,2019,0.000352814
070700010203,2020,0.000354357
070700010204,2010,0.0
070700010204,2011,0.0
070700010204,2012,0.0
070700010204,2013,0.0
070700010204,2014,0.0
070700010204,2015,0.0
070700010204,2016,0.0
070700010204,2017,0.0
070700010204,2018,0.0
070700010204,2019,0.0
070700010204,2020,0.0
070700010205,2010,0.003385323
070700010205,2011,0.003297137
070700010205,2012,0.003689297
070700010205,2013,0.003124802
070700010205,2014,0.00313359
070700010205,2015,0.003291532
070700010205,2016,0.003175339
070700010205,2017,0.003165663
070700010205,2018,0.002683916
070700010205,2019,0.002662566
070700010205,2020,0.002674214
070700010206,2010,0.006040609
070700010206,2011,0.006464593
070700010206,2012,0.007814877
070700010206,2013,0.006766177
070700010206,2014,0.005667407
070700010206,2015,0.006191071
070700010206,2016,0.005974795
070700010206,2017,0.00569711
070700010206,2018,0.006248937
070700010206,2019,0.006158713
070700010206,2020,0.006164668
070700010301,2010,0.0
070700010301,2011,0.0
070700010301,2012,0.0
070700010301,2013,0.0
070700010301,2014,0.0
070700010301,2015,0.0
070700010301,2016,0.0
070700010301,2017,0.0
070700010301,2018,0.0
070700010301,2019,0.0
070700010301,2020,0.0
070700010302,2010,0.0
070700010302,2011,0.0
070700010302,2012,0.0
070700010302,2013,0.0
070700010302,2014,0.0
070700010302,2015,0.0
070700010302,2016,0.0
070700010302,2017,0.0
070700010302,2018,0.0
070700010302,2019,0.0
070700010302,2020,0.0
070700010303,2010,0.0
070700010303,2011,0.0
070700010303,2012,0.0
070700010303,2013,0.0
070700010303,2014,0.0
070700010303,2015,0.0
070700010303,2016,0.0
070700010303,2017,0.0
070700010303,2018,0.0
070700010303,2019,0.0
070700010303,2020,0.0
070700010304,2010,0.0
070700010304,2011,0.0
070700010304,2012,0.0
070700010304,2013,0.0
070700010304,2014,0.0
070700010304,2015,0.0
070700010304,2016,0.0
070700010304,2017,0.0
070700010304,2018,0.0
070700010304,2019,0.0
070700010304,2020,0.0
070700010305,2010,0.0
070700010305,2011,0.0
070700010305,2012,0.0
070700010305,2013,0.0
070700010305,2014,0.0
070700010305,2015,0.0
070700010305,2016,0.0
070700010305,2017,0.0
070700010305,2018,0.0
070700010305,2019,0.0
070700010305,2020,0.0
070700010306,2010,0.0
070700010306,2011,0.0
070700010306,2012,0.0
070700010306,2013,0.0
070700010306,2014,0.0
070700010306,2015,0.0
070700010306,2016,0.0
070700010306,2017,0.0
070700010306,2018,0.0
070700010306,2019,0.0
070700010306,2020,0.0
070700010307,2010,0.0
070700010307,2011,0.0
070700010307,2012,0.0
070700010307,2013,0.0
070700010307,2014,0.0
070700010307,2015,0.0
070700010307,2016,0.0
070700010307,2017,0.0
070700010307,2018,0.0
070700010307,2019,0.0
070700010307,2020,0.0
070700010308,2010,0.000538739
070700010308,2011,0.000576552
070700010308,2012,0.000696979
070700010308,2013,0.000603449
070700010308,2014,0.000505454
070700010308,2015,0.000552158
070700010308,2016,0.000532869
070700010308,2017,0.000508103
070700010308,2018,0.000557319
070700010308,2019,0.000549272
070700010308,2020,0.000549803
070700010401,2010,0.001569077
070700010401,2011,0.001679209
070700010401,2012,0.002029951
070700010401,2013,0.001757546
070700010401,2014,0.001472136
070700010401,2015,0.00160816
070700010401,2016,0.001551981
070700010401,2017,0.001479851
070700010401,2018,0.001623191
070700010401,2019,0.001599755
070700010401,2020,0.001601302
070700010402,2010,0.0
070700010402,2011,0.0
070700010402,2012,0.0
070700010402,2013,0.0
070700010402,2014,0.0
070700010402,2015,0.0
070700010402,2016,0.0
070700010402,2017,0.0
070700010402,2018,0.0
070700010402,2019,0.0
070700010402,2020,0.0
070700010403,2010,0.0
070700010403,2011,0.0
070700010403,2012,0.0
070700010403,2013,0.0
070700010403,2014,0.0
070700010403,2015,0.0
070700010403,2016,0.0
070700010403,2017,0.0
070700010403,2018,0.0
070700010403,2019,0.0
070700010403,2020,0.0
070700010404,2010,0.0
070700010404,2011,0.0
070700010404,2012,0.0
070700010404,2013,0.0
070700010404,2014,0.0
070700010404,2015,0.0
070700010404,2016,0.0
070700010404,2017,0.0
070700010404,2018,0.0
070700010404,2019,0.0
070700010404,2020,0.0
070700010501,2010,0.0
070700010501,2011,0.0
070700010501,2012,0.0
070700010501,2013,0.0
070700010501,2014,0.0
070700010501,2015,0.0
070700010501,2016,0.0
070700010501,2017,0.0
070700010501,2018,0.0
070700010501,2019,0.0
070700010501,2020,0.0
070700010502,2010,0.0
070700010502,2011,0.0
070700010502,2012,0.0
070700010502,2013,0.0
070700010502,2014,0.0
070700010502,2015,0.0
070700010502,2016,0.0
070700010502,2017,0.0
070700010502,2018,0.0
070700010502,2019,0.0
070700010502,2020,0.0
070700010503,2010,0.0
070700010503,2011,0.0
070700010503,2012,0.0
070700010503,2013,0.0
070700010503,2014,0.0
070700010503,2015,0.0
070700010503,2016,0.0
070700010503,2017,0.0
070700010503,2018,0.0
070700010503,2019,0.0
070700010503,2020,0.0
070700010601,2010,0.0
070700010601,2011,0.0
070700010601,2012,0.0
070700010601,2013,0.0
070700010601,2014,0.0
070700010601,2015,0.0
070700010601,2016,0.0
070700010601,2017,0.0
070700010601,2018,0.0
070700010601,2019,0.0
070700010601,2020,0.0
070700010602,2010,0.0
070700010602,2011,0.0
070700010602,2012,0.0
070700010602,2013,0.0
070700010602,2014,0.0
070700010602,2015,0.0
070700010602,2016,0.0
070700010602,2017,0.0
070700010602,2018,0.0
070700010602,2019,0.0
070700010602,2020,0.0
070700010603,2010,0.009487232
070700010603,2011,0.009247455
070700010603,2012,0.011347962
070700010603,2013,0.009959926
070700010603,2014,0.008430555
070700010603,2015,0.009620924
070700010603,2016,0.008799165
070700010603,2017,0.008653669
070700010603,2018,0.009041481
070700010603,2019,0.008789773
070700010603,2020,0.008646362
070700010701,2010,0.0
070700010701,2011,0.0
070700010701,2012,0.0
070700010701,2013,0.0
070700010701,2014,0.0
070700010701,2015,0.0
070700010701,2016,0.0
070700010701,2017,0.0
070700010701,2018,0.0
070700010701,2019,0.0
070700010701,2020,0.0
070700010702,2010,0.0
070700010702,2011,0.0
070700010702,2012,0.0
070700010702,2013,0.0
070700010702,2014,0.0
070700010702,2015,0.0
070700010702,2016,0.0
070700010702,2017,0.0
070700010702,2018,0.0
070700010702,2019,0.0
070700010702,2020,0.0
070700010703,2010,0.0
070700010703,2011,0.0
070700010703,2012,0.0
070700010703,2013,0.0
070700010703,2014,0.0
070700010703,2015,0.0
070700010703,2016,0.0
070700010703,2017,0.0
070700010703,2018,0.0
070700010703,2019,0.0
070700010703,2020,0.0
070700010704,2010,0.0
070700010704,2011,0.0
070700010704,2012,0.0
070700010704,2013,0.0
070700010704,2014,0.0
070700010704,2015,0.0
070700010704,2016,0.0
070700010704,2017,0.0
070700010704,2018,0.0
070700010704,2019,0.0
070700010704,2020,0.0
070700010705,2010,0.000122856
070700010705,2011,0.000119751
070700010705,2012,0.000146952
070700010705,2013,0.000128977
070700010705,2014,0.000109173
070700010705,2015,0.000124588
070700010705,2016,0.000113946
070700010705,2017,0.000112062
070700010705,2018,0.000117084
070700010705,2019,0.000113824
070700010705,2020,0.000111967
070700010706,2010,0.0
070700010706,2011,0.0
070700010706,2012,0.0
070700010706,2013,0.0
070700010706,2014,0.0
070700010706,2015,0.0
070700010706,2016,0.0
070700010706,2017,0.0
070700010706,2018,0.0
070700010706,2019,0.0
070700010706,2020,0.0
070700010707,2010,0.0
070700010707,2011,0.0
070700010707,2012,0.0
070700010707,2013,0.0
070700010707,2014,0.0
070700010707,2015,0.0
070700010707,2016,0.0
070700010707,2017,0.0
070700010707,2018,0.0
070700010707,2019,0.0
070700010707,2020,0.0
070700010708,2010,0.026304887
070700010708,2011,0.025640066
070700010708,2012,0.031464061
070700010708,2013,0.027615507
070700010708,2014,0.023375078
070700010708,2015,0.02667557
070700010708,2016,0.02439711
070700010708,2017,0.023993699
070700010708,2018,0.025068971
070700010708,2019,0.024371069
070700010708,2020,0.023973439
070700010801,2010,0.0
070700010801,2011,0.0
070700010801,2012,0.0
070700010801,2013,0.0
070700010801,2014,0.0
070700010801,2015,0.0
070700010801,2016,0.0
070700010801,2017,0.0
070700010801,2018,0.0
070700010801,2019,0.0
070700010801,2020,0.0
070700010802,2010,0.0
070700010802,2011,0.0
070700010802,2012,0.0
070700010802,2013,0.0
070700010802,2014,0.0
070700010802,2015,0.0
070700010802,2016,0.0
070700010802,2017,0.0
070700010802,2018,0.0
070700010802,2019,0.0
070700010802,2020,0.0
070700010803,2010,0.00839186
070700010803,2011,0.008544912
070700010803,2012,0.010122775
070700010803,2013,0.00886422
070700010803,2014,0.007687833
070700010803,2015,0.007486776
070700010803,2016,0.006923551
070700010803,2017,0.006510523
070700010803,2018,0.006483674
070700010803,2019,0.00653506
070700010803,2020,0.006552034
070700010804,2010,0.0
070700010804,2011,0.0
070700010804,2012,0.0
070700010804,2013,0.0
070700010804,2014,0.0
070700010804,2015,0.0
070700010804,2016,0.0
070700010804,2017,0.0
070700010804,2018,0.0
070700010804,2019,0.0
070700010804,2020,0.0
070700010805,2010,0.0
070700010805,2011,0.0
070700010805,2012,0.0
070700010805,2013,0.0
070700010805,2014,0.0
070700010805,2015,0.0
070700010805,2016,0.0
070700010805,2017,0.0
070700010805,2018,0.0
070700010805,2019,0.0
070700010805,2020,0.0
070700010806,2010,0.0
070700010806,2011,0.0
070700010806,2012,0.0
070700010806,2013,0.0
070700010806,2014,0.0
070700010806,2015,0.0
070700010806,2016,0.0
070700010806,2017,0.0
070700010806,2018,0.0
070700010806,2019,0.0
070700010806,2020,0.0
070700010901,2010,0.0
070700010901,2011,0.0
070700010901,2012,0.0
070700010901,2013,0.0
070700010901,2014,0.0
070700010901,2015,0.0
070700010901,2016,0.0
070700010901,2017,0.0
070700010901,2018,0.0
070700010901,2019,0.0
070700010901,2020,0.0
070700010902,2010,0.0
070700010902,2011,0.0
070700010902,2012,0.0
070700010902,2013,0.0
070700010902,2014,0.0
070700010902,2015,0.0
070700010902,2016,0.0
070700010902,2017,0.0
070700010902,2018,0.0
070700010902,2019,0.0
070700010902,2020,0.0
070700010903,2010,0.0
070700010903,2011,0.0
070700010903,2012,0.0
070700010903,2013,0.0
070700010903,2014,0.0
070700010903,2015,0.0
070700010903,2016,0.0
070700010903,2017,0.0
070700010903,2018,0.0
070700010903,2019,0.0
070700010903,2020,0.0
070700010904,2010,0.0
070700010904,2011,0.0
070700010904,2012,0.0
070700010904,2013,0.0
070700010904,2014,0.0
070700010904,2015,0.0
070700010904,2016,0.0
070700010904,2017,0.0
070700010904,2018,0.0
070700010904,2019,0.0
070700010904,2020,0.0
070700010905,2010,0.0
070700010905,2011,0.0
070700010905,2012,0.0
070700010905,2013,0.0
070700010905,2014,0.0
070700010905,2015,0.0
070700010905,2016,0.0
070700010905,2017,0.0
070700010905,2018,0.0
070700010905,2019,0.0
070700010905,2020,0.0
070700010906,2010,0.0
070700010906,2011,0.0
070700010906,2012,0.0
070700010906,2013,0.0
070700010906,2014,0.0
070700010906,2015,0.0
070700010906,2016,0.0
070700010906,2017,0.0
070700010906,2018,0.0
070700010906,2019,0.0
070700010906,2020,0.0
070700010907,2010,0.0
070700010907,2011,0.0
070700010907,2012,0.0
070700010907,2013,0.0
070700010907,2014,0.0
070700010907,2015,0.0
070700010907,2016,0.0
070700010907,2017,0.0
070700010907,2018,0.0
070700010907,2019,0.0
070700010907,2020,0.0
070700011001,2010,0.0
070700011001,2011,0.0
070700011001,2012,0.0
070700011001,2013,0.0
070700011001,2014,0.0
070700011001,2015,0.0
070700011001,2016,0.0
070700011001,2017,0.0
070700011001,2018,0.0
070700011001,2019,0.0
070700011001,2020,0.0
070700011002,2010,0.0
070700011002,2011,0.0
070700011002,2012,0.0
070700011002,2013,0.0
070700011002,2014,0.0
070700011002,2015,0.0
070700011002,2016,0.0
070700011002,2017,0.0
070700011002,2018,0.0
070700011002,2019,0.0
070700011002,2020,0.0
070700011003,2010,0.0
070700011003,2011,0.0
070700011003,2012,0.0
070700011003,2013,0.0
070700011003,2014,0.0
070700011003,2015,0.0
070700011003,2016,0.0
070700011003,2017,0.0
070700011003,2018,0.0
070700011003,2019,0.0
070700011003,2020,0.0
070700011004,2010,0.000525166
070700011004,2011,0.000577551
070700011004,2012,0.000773773
070700011004,2013,0.000594039
070700011004,2014,0.000554667
070700011004,2015,0.000713119
070700011004,2016,0.000700331
070700011004,2017,0.000672999
070700011004,2018,0.000426486
070700011004,2019,0.000457977
070700011004,2020,0.000459823
070700011101,2010,0.0
070700011101,2011,0.0
070700011101,2012,0.0
070700011101,2013,0.0
070700011101,2014,0.0
070700011101,2015,0.0
070700011101,2016,0.0
070700011101,2017,0.0
070700011101,2018,0.0
070700011101,2019,0.0
070700011101,2020,0.0
070700011102,2010,0.0
070700011102,2011,0.0
070700011102,2012,0.0
070700011102,2013,0.0
070700011102,2014,0.0
070700011102,2015,0.0
070700011102,2016,0.0
070700011102,2017,0.0
070700011102,2018,0.0
070700011102,2019,0.0
070700011102,2020,0.0
070700011103,2010,0.0
070700011103,2011,0.0
070700011103,2012,0.0
070700011103,2013,0.0
070700011103,2014,0.0
070700011103,2015,0.0
070700011103,2016,0.0
070700011103,2017,0.0
070700011103,2018,0.0
070700011103,2019,0.0
070700011103,2020,0.0
070700011104,2010,0.0
070700011104,2011,0.0
070700011104,2012,0.0
070700011104,2013,0.0
070700011104,2014,0.0
070700011104,2015,0.0
070700011104,2016,0.0
070700011104,2017,0.0
070700011104,2018,0.0
070700011104,2019,0.0
070700011104,2020,0.0
070700011105,2010,0.0
070700011105,2011,0.0
070700011105,2012,0.0
070700011105,2013,0.0
070700011105,2014,0.0
070700011105,2015,0.0
070700011105,2016,0.0
070700011105,2017,0.0
070700011105,2018,0.0
070700011105,2019,0.0
070700011105,2020,0.0
070700011201,2010,0.0
070700011201,2011,0.0
070700011201,2012,0.0
070700011201,2013,0.0
070700011201,2014,0.0
070700011201,2015,0.0
070700011201,2016,0.0
070700011201,2017,0.0
070700011201,2018,0.0
070700011201,2019,0.0
070700011201,2020,0.0
070700011202,2010,0.0
070700011202,2011,0.0
070700011202,2012,0.0
070700011202,2013,0.0
070700011202,2014,0.0
070700011202,2015,0.0
070700011202,2016,0.0
070700011202,2017,0.0
070700011202,2018,0.0
070700011202,2019,0.0
070700011202,2020,0.0
070700011203,2010,0.0
070700011203,2011,0.0
070700011203,2012,0.0
070700011203,2013,0.0
070700011203,2014,0.0
070700011203,2015,0.0
070700011203,2016,0.0
070700011203,2017,0.0
070700011203,2018,0.0
070700011203,2019,0.0
070700011203,2020,0.0
070700011204,2010,0.0
070700011204,2011,0.0
070700011204,2012,0.0
070700011204,2013,0.0
070700011204,2014,0.0
070700011204,2015,0.0
070700011204,2016,0.0
070700011204,2017,0.0
070700011204,2018,0.0
070700011204,2019,0.0
070700011204,2020,0.0
070700011301,2010,0.0
070700011301,2011,0.0
070700011301,2012,0.0
070700011301,2013,0.0
070700011301,2014,0.0
070700011301,2015,0.0
070700011301,2016,0.0
070700011301,2017,0.0
070700011301,2018,0.0
070700011301,2019,0.0
070700011301,2020,0.0
070700011302,2010,0.020585246
070700011302,2011,0.020064981
070700011302,2012,0.024622628
070700011302,2013,0.02161089
070700011302,2014,0.018292485
070700011302,2015,0.020875329
070700011302,2016,0.01909229
070700011302,2017,0.018776595
070700011302,2018,0.019618063
070700011302,2019,0.019071911
070700011302,2020,0.01876074
070700011303,2010,0.0
070700011303,2011,0.0
070700011303,2012,0.0
070700011303,2013,0.0
070700011303,2014,0.0
070700011303,2015,0.0
070700011303,2016,0.0
070700011303,2017,0.0
070700011303,2018,0.0
070700011303,2019,0.0
070700011303,2020,0.0
070700011304,2010,0.0
070700011304,2011,0.0
070700011304,2012,0.0
070700011304,2013,0.0
070700011304,2014,0.0
070700011304,2015,0.0
070700011304,2016,0.0
070700011304,2017,0.0
070700011304,2018,0.0
070700011304,2019,0.0
070700011304,2020,0.0
070700011305,2010,0.0
070700011305,2011,0.0
070700011305,2012,0.0
070700011305,2013,0.0
070700011305,2014,0.0
070700011305,2015,0.0
070700011305,2016,0.0
070700011305,2017,0.0
070700011305,2018,0.0
070700011305,2019,0.0
070700011305,2020,0.0
070700011306,2010,0.021644331
070700011306,2011,0.023803351
070700011306,2012,0.031890518
070700011306,2013,0.024482897
070700011306,2014,0.022860215
070700011306,2015,0.029390689
070700011306,2016,0.02886366
070700011306,2017,0.02773718
070700011306,2018,0.017577296
070700011306,2019,0.018875185
070700011306,2020,0.01895127
070700020101,2010,0.0
070700020101,2011,0.0
070700020101,2012,0.0
070700020101,2013,0.0
070700020101,2014,0.0
070700020101,2015,0.0
070700020101,2016,0.0
070700020101,2017,0.0
070700020101,2018,0.0
070700020101,2019,0.0
070700020101,2020,0.0
070700020102,2010,0.0
070700020102,2011,0.0
070700020102,2012,0.0
070700020102,2013,0.0
070700020102,2014,0.0
070700020102,2015,0.0
070700020102,2016,0.0
070700020102,2017,0.0
070700020102,2018,0.0
070700020102,2019,0.0
070700020102,2020,0.0
070700020201,2010,0.0
070700020201,2011,0.0
070700020201,2012,0.0
070700020201,2013,0.0
070700020201,2014,0.0
070700020201,2015,0.0
070700020201,2016,0.0
070700020201,2017,0.0
070700020201,2018,0.0
070700020201,2019,0.0
070700020201,2020,0.0
070700020202,2010,0.0
070700020202,2011,0.0
070700020202,2012,0.0
070700020202,2013,0.0
070700020202,2014,0.0
070700020202,2015,0.0
070700020202,2016,0.0
070700020202,2017,0.0
070700020202,2018,0.0
070700020202,2019,0.0
070700020202,2020,0.0
070700020203,2010,0.0
070700020203,2011,0.0
070700020203,2012,0.0
070700020203,2013,0.0
070700020203,2014,0.0
070700020203,2015,0.0
070700020203,2016,0.0
070700020203,2017,0.0
070700020203,2018,0.0
070700020203,2019,0.0
070700020203,2020,0.0
070700020301,2010,0.0
070700020301,2011,0.0
070700020301,2012,0.0
070700020301,2013,0.0
070700020301,2014,0.0
070700020301,2015,0.0
070700020301,2016,0.0
070700020301,2017,0.0
070700020301,2018,0.0
070700020301,2019,0.0
070700020301,2020,0.0
070700020302,2010,0.0
070700020302,2011,0.0
070700020302,2012,0.0
070700020302,2013,0.0
070700020302,2014,0.0
070700020302,2015,0.0
070700020302,2016,0.0
070700020302,2017,0.0
070700020302,2018,0.0
070700020302,2019,0.0
070700020302,2020,0.0
070700020303,2010,0.0
070700020303,2011,0.0
070700020303,2012,0.0
070700020303,2013,0.0
070700020303,2014,0.0
070700020303,2015,0.0
070700020303,2016,0.0
070700020303,2017,0.0
070700020303,2018,0.0
070700020303,2019,0.0
070700020303,2020,0.0
070700020304,2010,0.0
070700020304,2011,0.0
070700020304,2012,0.0
070700020304,2013,0.0
070700020304,2014,0.0
070700020304,2015,0.0
070700020304,2016,0.0
070700020304,2017,0.0
070700020304,2018,0.0
070700020304,2019,0.0
070700020304,2020,0.0
070700020305,2010,0.0
070700020305,2011,0.0
070700020305,2012,0.0
070700020305,2013,0.0
070700020305,2014,0.0
070700020305,2015,0.0
070700020305,2016,0.0
070700020305,2017,0.0
070700020305,2018,0.0
070700020305,2019,0.0
070700020305,2020,0.0
070700020306,2010,0.017589585
070700020306,2011,0.017364985
070700020306,2012,0.024010382
070700020306,2013,0.019539848
070700020306,2014,0.016964829
070700020306,2015,0.018446536
070700020306,2016,0.017268549
070700020306,2017,0.016786884
070700020306,2018,0.016831597
070700020306,2019,0.016153851
070700020306,2020,0.016479473
070700020401,2010,0.0
070700020401,2011,0.0
070700020401,2012,0.0
070700020401,2013,0.0
070700020401,2014,0.0
070700020401,2015,0.0
070700020401,2016,0.0
070700020401,2017,0.0
070700020401,2018,0.0
070700020401,2019,0.0
070700020401,2020,0.0
070700020402,2010,0.0
070700020402,2011,0.0
070700020402,2012,0.0
070700020402,2013,0.0
070700020402,2014,0.0
070700020402,2015,0.0
070700020402,2016,0.0
070700020402,2017,0.0
070700020402,2018,0.0
070700020402,2019,0.0
070700020402,2020,0.0
070700020403,2010,0.003772224
070700020403,2011,0.003724057
070700020403,2012,0.005149214
070700020403,2013,0.004190473
070700020403,2014,0.00363824
070700020403,2015,0.003956004
070700020403,2016,0.003703376
070700020403,2017,0.003600079
070700020403,2018,0.003609668
070700020403,2019,0.00346432
070700020403,2020,0.003534152
070700020404,2010,0.017660226
070700020404,2011,0.017434724
070700020404,2012,0.024106809
070700020404,2013,0.019618321
070700020404,2014,0.01703296
070700020404,2015,0.018520618
070700020404,2016,0.0173379
070700020404,2017,0.016854301
070700020404,2018,0.016899194
070700020404,2019,0.016218726
070700020404,2020,0.016545655
070700020501,2010,0.0
070700020501,2011,0.0
070700020501,2012,0.0
070700020501,2013,0.0
070700020501,2014,0.0
070700020501,2015,0.0
070700020501,2016,0.0
070700020501,2017,0.0
070700020501,2018,0.0
070700020501,2019,0.0
070700020501,2020,0.0
070700020502,2010,0.0
070700020502,2011,0.0
070700020502,2012,0.0
070700020502,2013,0.0
070700020502,2014,0.0
070700020502,2015,0.0
070700020502,2016,0.0
070700020502,2017,0.0
070700020502,2018,0.0
070700020502,2019,0.0
070700020502,2020,0.0
070700020503,2010,0.0
070700020503,2011,0.0
070700020503,2012,0.0
070700020503,2013,0.0
070700020503,2014,0.0
070700020503,2015,0.0
070700020503,2016,0.0
070700020503,2017,0.0
070700020503,2018,0.0
070700020503,2019,0.0
070700020503,2020,0.0
070700020504,2010,0.0
070700020504,2011,0.0
070700020504,2012,0.0
070700020504,2013,0.0
070700020504,2014,0.0
070700020504,2015,0.0
070700020504,2016,0.0
070700020504,2017,0.0
070700020504,2018,0.0
070700020504,2019,0.0
070700020504,2020,0.0
070700020601,2010,0.0
070700020601,2011,0.0
070700020601,2012,0.0
070700020601,2013,0.0
070700020601,2014,0.0
070700020601,2015,0.0
070700020601,2016,0.0
070700020601,2017,0.0
070700020601,2018,0.0
070700020601,2019,0.0
070700020601,2020,0.0
070700020602,2010,0.0
070700020602,2011,0.0
070700020602,2012,0.0
070700020602,2013,0.0
070700020602,2014,0.0
070700020602,2015,0.0
070700020602,2016,0.0
070700020602,2017,0.0
070700020602,2018,0.0
070700020602,2019,0.0
070700020602,2020,0.0
070700020701,2010,0.006762439
070700020701,2011,0.006915032
070700020701,2012,0.009598885
070700020701,2013,0.00761322
070700020701,2014,0.006257032
070700020701,2015,0.006770041
070700020701,2016,0.005944011
070700020701,2017,0.005985568
070700020701,2018,0.005758089
070700020701,2019,0.005587043
070700020701,2020,0.005751082
070700020702,2010,0.000192888
070700020702,2011,0.000197241
070700020702,2012,0.000273794
070700020702,2013,0.000217156
070700020702,2014,0.000178472
070700020702,2015,0.000193105
070700020702,2016,0.000169544
070700020702,2017,0.000170729
070700020702,2018,0.000164241
070700020702,2019,0.000159362
070700020702,2020,0.000164041
070700020801,2010,0.0
070700020801,2011,0.0
070700020801,2012,0.0
070700020801,2013,0.0
070700020801,2014,0.0
070700020801,2015,0.0
070700020801,2016,0.0
070700020801,2017,0.0
070700020801,2018,0.0
070700020801,2019,0.0
070700020801,2020,0.0
070700020802,2010,0.0
070700020802,2011,0.0
070700020802,2012,0.0
070700020802,2013,0.0
070700020802,2014,0.0
070700020802,2015,0.0
070700020802,2016,0.0
070700020802,2017,0.0
070700020802,2018,0.0
070700020802,2019,0.0
070700020802,2020,0.0
070700020803,2010,0.00446894
070700020803,2011,0.004466509
070700020803,2012,0.006454339
070700020803,2013,0.005141244
070700020803,2014,0.004673262
070700020803,2015,0.004230238
070700020803,2016,0.004173645
070700020803,2017,0.004033333
070700020803,2018,0.004295604
070700020803,2019,0.004136905
070700020803,2020,0.004278168
070700020804,2010,0.0
070700020804,2011,0.0
070700020804,2012,0.0
070700020804,2013,0.0
070700020804,2014,0.0
070700020804,2015,0.0
070700020804,2016,0.0
070700020804,2017,0.0
070700020804,2018,0.0
070700020804,2019,0.0
070700020804,2020,0.0
070700020805,2010,0.0
070700020805,2011,0.0
070700020805,2012,0.0
070700020805,2013,0.0
070700020805,2014,0.0
070700020805,2015,0.0
070700020805,2016,0.0
070700020805,2017,0.0
070700020805,2018,0.0
070700020805,2019,0.0
070700020805,2020,0.0
070700020806,2010,0.0
070700020806,2011,0.0
070700020806,2012,0.0
070700020806,2013,0.0
070700020806,2014,0.0
070700020806,2015,0.0
070700020806,2016,0.0
070700020806,2017,0.0
070700020806,2018,0.0
070700020806,2019,0.0
070700020806,2020,0.0
070700020901,2010,0.0
070700020901,2011,0.0
070700020901,2012,0.0
070700020901,2013,0.0
070700020901,2014,0.0
070700020901,2015,0.0
070700020901,2016,0.0
070700020901,2017,0.0
070700020901,2018,0.0
070700020901,2019,0.0
070700020901,2020,0.0
070700020902,2010,0.019552988
070700020902,2011,0.020050218
070700020902,2012,0.028129812
070700020902,2013,0.022039411
070700020902,2014,0.019328143
070700020902,2015,0.019964857
070700020902,2016,0.018220759
070700020902,2017,0.016573312
070700020902,2018,0.017783525
070700020902,2019,0.016611987
070700020902,2020,0.016687918
070700021001,2010,0.00848334
070700021001,2011,0.008990627
070700021001,2012,0.012937551
070700021001,2013,0.009879953
070700021001,2014,0.00778872
070700021001,2015,0.008074898
070700021001,2016,0.007255945
070700021001,2017,0.00714364
070700021001,2018,0.007162938
070700021001,2019,0.007215011
070700021001,2020,0.0079456
070700021002,2010,0.0
070700021002,2011,0.0
070700021002,2012,0.0
070700021002,2013,0.0
070700021002,2014,0.0
070700021002,2015,0.0
070700021002,2016,0.0
070700021002,2017,0.0
070700021002,2018,0.0
070700021002,2019,0.0
070700021002,2020,0.0
070700021003,2010,0.072004013
070700021003,2011,0.073221161
070700021003,2012,0.108844825
070700021003,2013,0.083520091
070700021003,2014,0.073230899
070700021003,2015,0.07629391
070700021003,2016,0.071035758
070700021003,2017,0.06537205
070700021003,2018,0.067409902
070700021003,2019,0.061891399
070700021003,2020,0.063055461
070700021101,2010,0.0
070700021101,2011,0.0
070700021101,2012,0.0
070700021101,2013,0.0
070700021101,2014,0.0
070700021101,2015,0.0
070700021101,2016,0.0
070700021101,2017,0.0
070700021101,2018,0.0
070700021101,2019,0.0
070700021101,2020,0.0
070700021102,2010,0.022993858
070700021102,2011,0.023101188
070700021102,2012,0.032532639
070700021102,2013,0.025992616
070700021102,2014,0.022353205
070700021102,2015,0.024080144
070700021102,2016,0.022121906
070700021102,2017,0.020697128
070700021102,2018,0.021166759
070700021102,2019,0.020092582
070700021102,2020,0.021149189
070700021103,2010,0.005372281
070700021103,2011,0.005397357
070700021103,2012,0.007600919
070700021103,2013,0.00607291
070700021103,2014,0.005222598
070700021103,2015,0.00562608
070700021103,2016,0.005168558
070700021103,2017,0.004835673
070700021103,2018,0.004945397
070700021103,2019,0.004694427
070700021103,2020,0.004941292
070700021201,2010,0.0
070700021201,2011,0.0
070700021201,2012,0.0
070700021201,2013,0.0
070700021201,2014,0.0
070700021201,2015,0.0
070700021201,2016,0.0
070700021201,2017,0.0
070700021201,2018,0.0
070700021201,2019,0.0
070700021201,2020,0.0
070700021202,2010,0.0
070700021202,2011,0.0
070700021202,2012,0.0
070700021202,2013,0.0
070700021202,2014,0.0
070700021202,2015,0.0
070700021202,2016,0.0
070700021202,2017,0.0
070700021202,2018,0.0
070700021202,2019,0.0
070700021202,2020,0.0
070700021203,2010,0.0
070700021203,2011,0.0
070700021203,2012,0.0
070700021203,2013,0.0
070700021203,2014,0.0
070700021203,2015,0.0
070700021203,2016,0.0
070700021203,2017,0.0
070700021203,2018,0.0
070700021203,2019,0.0
070700021203,2020,0.0
070700021204,2010,0.0
070700021204,2011,0.0
070700021204,2012,0.0
070700021204,2013,0.0
070700021204,2014,0.0
070700021204,2015,0.0
070700021204,2016,0.0
070700021204,2017,0.0
070700021204,2018,0.0
070700021204,2019,0.0
070700021204,2020,0.0
070700021205,2010,0.024498594
070700021205,2011,0.024612948
070700021205,2012,0.0346616
070700021205,2013,0.027693593
070700021205,2014,0.023816016
070700021205,2015,0.025655967
070700021205,2016,0.023569581
070700021205,2017,0.022051565
070700021205,2018,0.022551928
070700021205,2019,0.021407456
070700021205,2020,0.022533209
070700021301,2010,0.0
070700021301,2011,0.0
070700021301,2012,0.0
070700021301,2013,0.0
070700021301,2014,0.0
070700021301,2015,0.0
070700021301,2016,0.0
070700021301,2017,0.0
070700021301,2018,0.0
070700021301,2019,0.0
070700021301,2020,0.0
070700021302,2010,0.0
070700021302,2011,0.0
070700021302,2012,0.0
070700021302,2013,0.0
070700021302,2014,0.0
070700021302,2015,0.0
070700021302,2016,0.0
070700021302,2017,0.0
070700021302,2018,0.0
070700021302,2019,0.0
070700021302,2020,0.0
070700021303,2010,0.006262674
070700021303,2011,0.006479369
070700021303,2012,0.01015393
070700021303,2013,0.007598228
070700021303,2014,0.007668328
070700021303,2015,0.008514673
070700021303,2016,0.00781372
070700021303,2017,0.007443019
070700021303,2018,0.007576126
070700021303,2019,0.006551787
070700021303,2020,0.006423642
070700021304,2010,0.054856681
070700021304,2011,0.057189564
070700021304,2012,0.087103568
070700021304,2013,0.065551595
070700021304,2014,0.063474467
070700021304,2015,0.069762975
070700021304,2016,0.063861171
070700021304,2017,0.060210429
070700021304,2018,0.061774946
070700021304,2019,0.054797794
070700021304,2020,0.054042082
070700021401,2010,0.026412066
070700021401,2011,0.026317916
070700021401,2012,0.036521842
070700021401,2013,0.029444185
070700021401,2014,0.02562681
070700021401,2015,0.027522839
070700021401,2016,0.025612543
070700021401,2017,0.024527344
070700021401,2018,0.02497221
070700021401,2019,0.023818427
070700021401,2020,0.024214272
070700021402,2010,0.030883525
070700021402,2011,0.031668889
070700021402,2012,0.044430434
070700021402,2013,0.034810777
070700021402,2014,0.030528387
070700021402,2015,0.031534064
070700021402,2016,0.028779299
070700021402,2017,0.02617719
070700021402,2018,0.028088697
070700021402,2019,0.026238277
070700021402,2020,0.026358209
070700021403,2010,0.28690732
070700021403,2011,0.294623926
070700021403,2012,0.42826231
070700021403,2013,0.330757504
070700021403,2014,0.297855425
070700021403,2015,0.313370445
070700021403,2016,0.287873363
070700021403,2017,0.264535785
070700021403,2018,0.27868609
070700021403,2019,0.254724767
070700021403,2020,0.255617618
070700021501,2010,0.0
070700021501,2011,0.0
070700021501,2012,0.0
070700021501,2013,0.0
070700021501,2014,0.0
070700021501,2015,0.0
070700021501,2016,0.0
070700021501,2017,0.0
070700021501,2018,0.0
070700021501,2019,0.0
070700021501,2020,0.0
070700021502,2010,0.001708788
070700021502,2011,0.001723018
070700021502,2012,0.002480692
070700021502,2013,0.001793818
070700021502,2014,0.001462132
070700021502,2015,0.001552492
070700021502,2016,0.001412589
070700021502,2017,0.001344267
070700021502,2018,0.001366737
070700021502,2019,0.00130535
070700021502,2020,0.001320491
070700021503,2010,0.0
070700021503,2011,0.0
070700021503,2012,0.0
070700021503,2013,0.0
070700021503,2014,0.0
070700021503,2015,0.0
070700021503,2016,0.0
070700021503,2017,0.0
070700021503,2018,0.0
070700021503,2019,0.0
070700021503,2020,0.0
070700021504,2010,0.020339505
070700021504,2011,0.020851045
070700021504,2012,0.030264223
070700021504,2013,0.02223556
070700021504,2014,0.019409005
070700021504,2015,0.022213281
070700021504,2016,0.019856648
070700021504,2017,0.019171409
070700021504,2018,0.020203878
070700021504,2019,0.019443903
070700021504,2020,0.020314604
070700021505,2010,0.002055998
070700021505,2011,0.002180682
070700021505,2012,0.003143695
070700021505,2013,0.002229565
070700021505,2014,0.001864689
070700021505,2015,0.002303338
070700021505,2016,0.002092386
070700021505,2017,0.002068369
070700021505,2018,0.002165679
070700021505,2019,0.002090108
070700021505,2020,0.002139572
070700021506,2010,0.0
070700021506,2011,0.0
070700021506,2012,0.0
070700021506,2013,0.0
070700021506,2014,0.0
070700021506,2015,0.0
070700021506,2016,0.0
070700021506,2017,0.0
070700021506,2018,0.0
070700021506,2019,0.0
070700021506,2020,0.0
070700021507,2010,0.001357893
070700021507,2011,0.001404249
070700021507,2012,0.002057758
070700021507,2013,0.00152557
070700021507,2014,0.001404747
070700021507,2015,0.001529691
070700021507,2016,0.00139446
070700021507,2017,0.001339845
070700021507,2018,0.00133659
070700021507,2019,0.001309561
070700021507,2020,0.001323302
070700021601,2010,0.007341676
070700021601,2011,0.007592308
070700021601,2012,0.01112561
070700021601,2013,0.00824825
070700021601,2014,0.007595
070700021601,2015,0.008270527
070700021601,2016,0.00753938
070700021601,2017,0.007244098
070700021601,2018,0.007226497
070700021601,2019,0.00708036
070700021601,2020,0.007154652
070700021602,2010,0.0
070700021602,2011,0.0
070700021602,2012,0.0
070700021602,2013,0.0
070700021602,2014,0.0
070700021602,2015,0.0
070700021602,2016,0.0
070700021602,2017,0.0
070700021602,2018,0.0
070700021602,2019,0.0
070700021602,2020,0.0
070700021603,2010,0.0
070700021603,2011,0.0
070700021603,2012,0.0
070700021603,2013,0.0
070700021603,2014,0.0
070700021603,2015,0.0
070700021603,2016,0.0
070700021603,2017,0.0
070700021603,2018,0.0
070700021603,2019,0.0
070700021603,2020,0.0
070700021604,2010,0.0
070700021604,2011,0.0
070700021604,2012,0.0
070700021604,2013,0.0
070700021604,2014,0.0
070700021604,2015,0.0
070700021604,2016,0.0
070700021604,2017,0.0
070700021604,2018,0.0
070700021604,2019,0.0
070700021604,2020,0.0
070700021701,2010,0.0
070700021701,2011,0.0
070700021701,2012,0.0
070700021701,2013,0.0
070700021701,2014,0.0
070700021701,2015,0.0
070700021701,2016,0.0
070700021701,2017,0.0
070700021701,2018,0.0
070700021701,2019,0.0
070700021701,2020,0.0
070700021702,2010,0.004944949
070700021702,2011,0.005101017
070700021702,2012,0.007618791
070700021702,2013,0.006191015
070700021702,2014,0.005554197
070700021702,2015,0.005643814
070700021702,2016,0.00524269
070700021702,2017,0.004954838
070700021702,2018,0.0049552
070700021702,2019,0.004760787
070700021702,2020,0.004721577
070700021703,2010,0.04627363
070700021703,2011,0.046585361
070700021703,2012,0.069114897
070700021703,2013,0.051408776
070700021703,2014,0.048109701
070700021703,2015,0.052829621
070700021703,2016,0.047239819
070700021703,2017,0.044961905
070700021703,2018,0.04442717
070700021703,2019,0.042472826
070700021703,2020,0.044607284
070700021704,2010,0.001260004
070700021704,2011,0.001268492
070700021704,2012,0.001881958
070700021704,2013,0.001399831
070700021704,2014,0.001309999
070700021704,2015,0.001438519
070700021704,2016,0.001286312
070700021704,2017,0.001224286
070700021704,2018,0.001209726
070700021704,2019,0.00115651
070700021704,2020,0.00121463
070700021705,2010,0.000277423
070700021705,2011,0.00027628
070700021705,2012,0.000415285
070700021705,2013,0.000320834
070700021705,2014,0.0002705
070700021705,2015,0.000289842
070700021705,2016,0.000255466
070700021705,2017,0.000247144
070700021705,2018,0.000244743
070700021705,2019,0.000237136
070700021705,2020,0.000244448
070700021706,2010,0.0
070700021706,2011,0.0
070700021706,2012,0.0
070700021706,2013,0.0
070700021706,2014,0.0
070700021706,2015,0.0
070700021706,2016,0.0
070700021706,2017,0.0
070700021706,2018,0.0
070700021706,2019,0.0
070700021706,2020,0.0
070700021707,2010,0.0
070700021707,2011,0.0
070700021707,2012,0.0
070700021707,2013,0.0
070700021707,2014,0.0
070700021707,2015,0.0
070700021707,2016,0.0
070700021707,2017,0.0
070700021707,2018,0.0
070700021707,2019,0.0
070700021707,2020,0.0
070700021801,2010,0.0
070700021801,2011,0.0
070700021801,2012,0.0
070700021801,2013,0.0
070700021801,2014,0.0
070700021801,2015,0.0
070700021801,2016,0.0
070700021801,2017,0.0
070700021801,2018,0.0
070700021801,2019,0.0
070700021801,2020,0.0
070700021802,2010,0.017805047
070700021802,2011,0.018555552
070700021802,2012,0.028172084
070700021802,2013,0.022488379
070700021802,2014,0.019950114
070700021802,2015,0.02156653
070700021802,2016,0.01929076
070700021802,2017,0.019494574
070700021802,2018,0.020174269
070700021802,2019,0.019107911
070700021802,2020,0.019409409
070700021803,2010,0.088738281
070700021803,2011,0.089683879
070700021803,2012,0.137422252
070700021803,2013,0.108901013
070700021803,2014,0.096339111
070700021803,2015,0.102867418
070700021803,2016,0.095185441
070700021803,2017,0.090400608
070700021803,2018,0.09405954
070700021803,2019,0.085406015
070700021803,2020,0.088699156
070700021804,2010,0.009521963
070700021804,2011,0.009901413
070700021804,2012,0.0142442
070700021804,2013,0.011313485
070700021804,2014,0.009580519
070700021804,2015,0.010352652
070700021804,2016,0.009270094
070700021804,2017,0.009511515
070700021804,2018,0.00941155
070700021804,2019,0.009263258
070700021804,2020,0.009299673
070700021805,2010,3.3046e-05
070700021805,2011,3.4515e-05
070700021805,2012,5.256e-05
070700021805,2013,4.2649e-05
070700021805,2014,3.6969e-05
070700021805,2015,3.9678e-05
070700021805,2016,3.523e-05
070700021805,2017,3.6082e-05
070700021805,2018,3.7811e-05
070700021805,2019,3.6365e-05
070700021805,2020,3.7315e-05
070700021806,2010,0.00341472
070700021806,2011,0.003566554
070700021806,2012,0.00543121
070700021806,2013,0.004407021
070700021806,2014,0.003820122
070700021806,2015,0.004100061
070700021806,2016,0.003640447
070700021806,2017,0.00372849
070700021806,2018,0.003907179
070700021806,2019,0.003757686
070700021806,2020,0.003855835
070700021807,2010,0.01960954
070700021807,2011,0.020406635
070700021807,2012,0.029655461
070700021807,2013,0.02364658
070700021807,2014,0.020112053
070700021807,2015,0.021705207
070700021807,2016,0.019404853
070700021807,2017,0.019903491
070700021807,2018,0.019910778
070700021807,2019,0.019509693
070700021807,2020,0.019669226
070700030101,2010,0.002589528
070700030101,2011,0.002680239
070700030101,2012,0.003864182
070700030101,2013,0.003175657
070700030101,2014,0.002855913
070700030101,2015,0.002915812
070700030101,2016,0.002778472
070700030101,2017,0.002647968
070700030101,2018,0.002678551
070700030101,2019,0.002550635
070700030101,2020,0.002633187
070700030102,2010,0.000181267
070700030102,2011,0.000187617
070700030102,2012,0.000270493
070700030102,2013,0.000222296
070700030102,2014,0.000199914
070700030102,2015,0.000204107
070700030102,2016,0.000194493
070700030102,2017,0.000185358
070700030102,2018,0.000187499
070700030102,2019,0.000178544
070700030102,2020,0.000184323
070700030103,2010,0.0
070700030103,2011,0.0
070700030103,2012,0.0
070700030103,2013,0.0
070700030103,2014,0.0
070700030103,2015,0.0
070700030103,2016,0.0
070700030103,2017,0.0
070700030103,2018,0.0
070700030103,2019,0.0
070700030103,2020,0.0
070700030104,2010,0.087695785
070700030104,2011,0.093055412
070700030104,2012,0.135877552
070700030104,2013,0.099826827
070700030104,2014,0.088802591
070700030104,2015,0.094187748
070700030104,2016,0.085787988
070700030104,2017,0.083323868
070700030104,2018,0.084380392
070700030104,2019,0.074812162
070700030104,2020,0.076506621
070700030201,2010,0.065992685
070700030201,2011,0.066437257
070700030201,2012,0.098567535
070700030201,2013,0.073316124
070700030201,2014,0.06861118
070700030201,2015,0.075342448
070700030201,2016,0.067370606
070700030201,2017,0.064121981
070700030201,2018,0.063359375
070700030201,2019,0.060572206
070700030201,2020,0.063616243
070700030202,2010,0.003350698
070700030202,2011,0.003515145
070700030202,2012,0.004822802
070700030202,2013,0.0038574
070700030202,2014,0.003385427
070700030202,2015,0.003609822
070700030202,2016,0.003180007
070700030202,2017,0.003131317
070700030202,2018,0.00302355
070700030202,2019,0.002920049
070700030202,2020,0.002980938
070700030203,2010,0.0
070700030203,2011,0.0
070700030203,2012,0.0
070700030203,2013,0.0
070700030203,2014,0.0
070700030203,2015,0.0
070700030203,2016,0.0
070700030203,2017,0.0
070700030203,2018,0.0
070700030203,2019,0.0
070700030203,2020,0.0
070700030204,2010,0.000113145
070700030204,2011,0.000121592
070700030204,2012,0.000159722
070700030204,2013,0.00012997
070700030204,2014,0.000116239
070700030204,2015,0.000123667
070700030204,2016,0.000108916
070700030204,2017,0.000108113
070700030204,2018,0.000103195
070700030204,2019,9.9511e-05
070700030204,2020,0.000101122
070700030301,2010,0.0
070700030301,2011,0.0
070700030301,2012,0.0
070700030301,2013,0.0
070700030301,2014,0.0
070700030301,2015,0.0
070700030301,2016,0.0
070700030301,2017,0.0
070700030301,2018,0.0
070700030301,2019,0.0
070700030301,2020,0.0
070700030302,2010,0.103110847
070700030302,2011,0.10951426
070700030302,2012,0.163227222
070700030302,2013,0.117103718
070700030302,2014,0.101772762
070700030302,2015,0.10869859
070700030302,2016,0.098572081
070700030302,2017,0.094643236
070700030302,2018,0.09641409
070700030302,2019,0.084812787
070700030302,2020,0.086185725
070700030303,2010,0.026267293
070700030303,2011,0.028999329
070700030303,2012,0.040967946
070700030303,2013,0.03203247
070700030303,2014,0.031596157
070700030303,2015,0.033067563
070700030303,2016,0.030466441
070700030303,2017,0.030970799
070700030303,2018,0.031087418
070700030303,2019,0.02883061
070700030303,2020,0.029732657
070700030304,2010,0.079473656
070700030304,2011,0.085998089
070700030304,2012,0.124046684
070700030304,2013,0.093553042
070700030304,2014,0.087413268
070700030304,2015,0.092174061
070700030304,2016,0.084399808
070700030304,2017,0.08383556
070700030304,2018,0.084578434
070700030304,2019,0.076748443
070700030304,2020,0.078770631
070700030305,2010,0.000345606
070700030305,2011,0.000327457
070700030305,2012,0.000471367
070700030305,2013,0.000360156
070700030305,2014,0.000358836
070700030305,2015,0.000372339
070700030305,2016,0.000325789
070700030305,2017,0.000323255
070700030305,2018,0.000311096
070700030305,2019,0.000301729
070700030305,2020,0.000312955
070700030306,2010,0.000414294
070700030306,2011,0.000422462
070700030306,2012,0.000579351
070700030306,2013,0.000439397
070700030306,2014,0.00044119
070700030306,2015,0.000471649
070700030306,2016,0.000373037
070700030306,2017,0.000377307
070700030306,2018,0.000351668
070700030306,2019,0.000335273
070700030306,2020,0.000353649
070700030401,2010,0.00156548
070700030401,2011,0.001728304
070700030401,2012,0.00244161
070700030401,2013,0.001909073
070700030401,2014,0.00188307
070700030401,2015,0.001970763
070700030401,2016,0.001815741
070700030401,2017,0.0018458
070700030401,2018,0.00185275
070700030401,2019,0.001718248
070700030401,2020,0.001772009
070700030402,2010,0.0
070700030402,2011,0.0
070700030402,2012,0.0
070700030402,2013,0.0
070700030402,2014,0.0
070700030402,2015,0.0
070700030402,2016,0.0
070700030402,2017,0.0
070700030402,2018,0.0
070700030402,2019,0.0
070700030402,2020,0.0
070700030403,2010,0.068811399
070700030403,2011,0.065344752
070700030403,2012,0.093955278
070700030403,2013,0.071772004
070700030403,2014,0.071440262
070700030403,2015,0.074218879
070700030403,2016,0.064799036
070700030403,2017,0.064324307
070700030403,2018,0.061865505
070700030403,2019,0.059959801
070700030403,2020,0.062209555
070700030501,2010,0.001346083
070700030501,2011,0.001503533
070700030501,2012,0.002046318
070700030501,2013,0.001606147
070700030501,2014,0.001611875
070700030501,2015,0.00148267
070700030501,2016,0.001352362
070700030501,2017,0.000908265
070700030501,2018,0.001210207
070700030501,2019,0.001142239
070700030501,2020,0.001210478
070700030502,2010,0.0
070700030502,2011,0.0
070700030502,2012,0.0
070700030502,2013,0.0
070700030502,2014,0.0
070700030502,2015,0.0
070700030502,2016,0.0
070700030502,2017,0.0
070700030502,2018,0.0
070700030502,2019,0.0
070700030502,2020,0.0
070700030503,2010,3.789e-05
070700030503,2011,3.9911e-05
070700030503,2012,5.698e-05
070700030503,2013,4.4716e-05
070700030503,2014,4.1982e-05
070700030503,2015,4.1983e-05
070700030503,2016,3.6147e-05
070700030503,2017,3.5352e-05
070700030503,2018,3.8361e-05
070700030503,2019,3.3076e-05
070700030503,2020,3.4475e-05
070700030504,2010,0.0
070700030504,2011,0.0
070700030504,2012,0.0
070700030504,2013,0.0
070700030504,2014,0.0
070700030504,2015,0.0
070700030504,2016,0.0
070700030504,2017,0.0
070700030504,2018,0.0
070700030504,2019,0.0
070700030504,2020,0.0
070700030601,2010,0.0
070700030601,2011,0.0
070700030601,2012,0.0
070700030601,2013,0.0
070700030601,2014,0.0
070700030601,2015,0.0
070700030601,2016,0.0
070700030601,2017,0.0
070700030601,2018,0.0
070700030601,2019,0.0
070700030601,2020,0.0
070700030602,2010,0.006655942
070700030602,2011,0.007011025
070700030602,2012,0.010009516
070700030602,2013,0.007855059
070700030602,2014,0.007374758
070700030602,2015,0.007374987
070700030602,2016,0.006349758
070700030602,2017,0.006210142
070700030602,2018,0.006738668
070700030602,2019,0.005810342
070700030602,2020,0.006056154
070700030603,2010,0.0
070700030603,2011,0.0
070700030603,2012,0.0
070700030603,2013,0.0
070700030603,2014,0.0
070700030603,2015,0.0
070700030603,2016,0.0
070700030603,2017,0.0
070700030603,2018,0.0
070700030603,2019,0.0
070700030603,2020,0.0
070700030701,2010,0.020557031
070700030701,2011,0.019789057
070700030701,2012,0.028186293
070700030701,2013,0.021502246
070700030701,2014,0.021458884
070700030701,2015,0.022410647
070700030701,2016,0.019196042
070700030701,2017,0.019121402
070700030701,2018,0.018282982
070700030701,2019,0.017672035
070700030701,2020,0.018391004
070700030702,2010,0.007309804
070700030702,2011,0.006977785
070700030702,2012,0.010028235
070700030702,2013,0.00765239
070700030702,2014,0.007490141
070700030702,2015,0.00784832
070700030702,2016,0.006866527
070700030702,2017,0.006816326
070700030702,2018,0.006561528
070700030702,2019,0.00632526
070700030702,2020,0.006558861
070700030703,2010,0.0
070700030703,2011,0.0
070700030703,2012,0.0
070700030703,2013,0.0
070700030703,2014,0.0
070700030703,2015,0.0
070700030703,2016,0.0
070700030703,2017,0.0
070700030703,2018,0.0
070700030703,2019,0.0
070700030703,2020,0.0
070700030704,2010,0.103731289
070700030704,2011,0.098934597
070700030704,2012,0.141866571
070700030704,2013,0.108153354
070700030704,2014,0.105217545
070700030704,2015,0.110836176
070700030704,2016,0.096898638
070700030704,2017,0.09614036
070700030704,2018,0.092521557
070700030704,2019,0.088955149
070700030704,2020,0.092284697
070700030705,2010,0.0
070700030705,2011,0.0
070700030705,2012,0.0
070700030705,2013,0.0
070700030705,2014,0.0
070700030705,2015,0.0
070700030705,2016,0.0
070700030705,2017,0.0
070700030705,2018,0.0
070700030705,2019,0.0
070700030705,2020,0.0
070700030801,2010,0.001613197
070700030801,2011,0.001795464
070700030801,2012,0.002450733
070700030801,2013,0.00192355
070700030801,2014,0.001922693
070700030801,2015,0.001777551
070700030801,2016,0.001615603
070700030801,2017,0.001114595
070700030801,2018,0.001461812
070700030801,2019,0.001371367
070700030801,2020,0.001451757
070700030802,2010,0.0
070700030802,2011,0.0
070700030802,2012,0.0
070700030802,2013,0.0
070700030802,2014,0.0
070700030802,2015,0.0
070700030802,2016,0.0
070700030802,2017,0.0
070700030802,2018,0.0
070700030802,2019,0.0
070700030802,2020,0.0
070700030803,2010,0.000262224
070700030803,2011,0.000292896
070700030803,2012,0.000398633
070700030803,2013,0.000312886
070700030803,2014,0.000314002
070700030803,2015,0.000288832
070700030803,2016,0.000263447
070700030803,2017,0.000176935
070700030803,2018,0.000235755
070700030803,2019,0.000222514
070700030803,2020,0.000235807
070700030804,2010,0.0
070700030804,2011,0.0
070700030804,2012,0.0
070700030804,2013,0.0
070700030804,2014,0.0
070700030804,2015,0.0
070700030804,2016,0.0
070700030804,2017,0.0
070700030804,2018,0.0
070700030804,2019,0.0
070700030804,2020,0.0
070700030901,2010,0.0
070700030901,2011,0.0
070700030901,2012,0.0
070700030901,2013,0.0
070700030901,2014,0.0
070700030901,2015,0.0
070700030901,2016,0.0
070700030901,2017,0.0
070700030901,2018,0.0
070700030901,2019,0.0
070700030901,2020,0.0
070700030902,2010,8.739e-06
070700030902,2011,9.883e-06
070700030902,2012,1.4457e-05
070700030902,2013,1.1067e-05
070700030902,2014,1.0955e-05
070700030902,2015,9.298e-06
070700030902,2016,8.576e-06
070700030902,2017,8.059e-06
070700030902,2018,7.071e-06
070700030902,2019,6.453e-06
070700030902,2020,6.991e-06
070700030903,2010,0.0
070700030903,2011,0.0
070700030903,2012,0.0
070700030903,2013,0.0
070700030903,2014,0.0
070700030903,2015,0.0
070700030903,2016,0.0
070700030903,2017,0.0
070700030903,2018,0.0
070700030903,2019,0.0
070700030903,2020,0.0
070700030904,2010,0.002942981
070700030904,2011,0.002704576
070700030904,2012,0.003839917
070700030904,2013,0.003031759
070700030904,2014,0.003331942
070700030904,2015,0.003074904
070700030904,2016,0.00254683
070700030904,2017,0.002847833
070700030904,2018,0.003049458
070700030904,2019,0.002975814
070700030904,2020,0.003006535
070700031001,2010,4.4327e-05
070700031001,2011,4.4983e-05
070700031001,2012,6.5848e-05
070700031001,2013,5.113e-05
070700031001,2014,4.6452e-05
070700031001,2015,4.8384e-05
070700031001,2016,4.3133e-05
070700031001,2017,4.2962e-05
070700031001,2018,3.7057e-05
070700031001,2019,3.6127e-05
070700031001,2020,3.6695e-05
070700031002,2010,0.0
070700031002,2011,0.0
070700031002,2012,0.0
070700031002,2013,0.0
070700031002,2014,0.0
070700031002,2015,0.0
070700031002,2016,0.0
070700031002,2017,0.0
070700031002,2018,0.0
070700031002,2019,0.0
070700031002,2020,0.0
070700031003,2010,0.0
070700031003,2011,0.0
070700031003,2012,0.0
070700031003,2013,0.0
070700031003,2014,0.0
070700031003,2015,0.0
070700031003,2016,0.0
070700031003,2017,0.0
070700031003,2018,0.0
070700031003,2019,0.0
070700031003,2020,0.0
070700031004,2010,0.003812132
070700031004,2011,0.003868567
070700031004,2012,0.0056629
070700031004,2013,0.004397164
070700031004,2014,0.003994854
070700031004,2015,0.004161049
070700031004,2016,0.003709475
070700031004,2017,0.00369472
070700031004,2018,0.003186911
070700031004,2019,0.00310696
070700031004,2020,0.003155739
070700031005,2010,0.0
070700031005,2011,0.0
070700031005,2012,0.0
070700031005,2013,0.0
070700031005,2014,0.0
070700031005,2015,0.0
070700031005,2016,0.0
070700031005,2017,0.0
070700031005,2018,0.0
070700031005,2019,0.0
070700031005,2020,0.0
070700031101,2010,0.004118038
070700031101,2011,0.004254594
070700031101,2012,0.006357248
070700031101,2013,0.005193139
070700031101,2014,0.004647563
070700031101,2015,0.004699944
070700031101,2016,0.004376423
070700031101,2017,0.004134324
070700031101,2018,0.00413771
070700031101,2019,0.003976582
070700031101,2020,0.003929589
070700031102,2010,0.0
070700031102,2011,0.0
070700031102,2012,0.0
070700031102,2013,0.0
070700031102,2014,0.0
070700031102,2015,0.0
070700031102,2016,0.0
070700031102,2017,0.0
070700031102,2018,0.0
070700031102,2019,0.0
070700031102,2020,0.0
070700031103,2010,0.021987062
070700031103,2011,0.022135182
070700031103,2012,0.032840162
070700031103,2013,0.024427043
070700031103,2014,0.022859477
070700031103,2015,0.025102162
070700031103,2016,0.02244615
070700031103,2017,0.021363791
070700031103,2018,0.021109711
070700031103,2019,0.020181098
070700031103,2020,0.021195292
070700031104,2010,0.0
070700031104,2011,0.0
070700031104,2012,0.0
070700031104,2013,0.0
070700031104,2014,0.0
070700031104,2015,0.0
070700031104,2016,0.0
070700031104,2017,0.0
070700031104,2018,0.0
070700031104,2019,0.0
070700031104,2020,0.0
070700031105,2010,0.000236251
070700031105,2011,0.000237842
070700031105,2012,0.000352867
070700031105,2013,0.000262468
070700031105,2014,0.000245625
070700031105,2015,0.000269722
070700031105,2016,0.000241184
070700031105,2017,0.000229554
070700031105,2018,0.000226824
070700031105,2019,0.000216846
070700031105,2020,0.000227743
070700031106,2010,0.005136539
070700031106,2011,0.005177881
070700031106,2012,0.007688501
070700031106,2013,0.005659634
070700031106,2014,0.00505345
070700031106,2015,0.005405227
070700031106,2016,0.005226871
070700031106,2017,0.005089504
070700031106,2018,0.004885099
070700031106,2019,0.004636255
070700031106,2020,0.004759088
070700031201,2010,1.5093e-05
070700031201,2011,1.4234e-05
070700031201,2012,2.0118e-05
070700031201,2013,1.525e-05
070700031201,2014,1.4393e-05
070700031201,2015,1.5634e-05
070700031201,2016,1.3597e-05
070700031201,2017,1.3436e-05
070700031201,2018,1.2903e-05
070700031201,2019,1.2229e-05
070700031201,2020,1.2734e-05
070700031202,2010,0.0
070700031202,2011,0.0
070700031202,2012,0.0
070700031202,2013,0.0
070700031202,2014,0.0
070700031202,2015,0.0
070700031202,2016,0.0
070700031202,2017,0.0
070700031202,2018,0.0
070700031202,2019,0.0
070700031202,2020,0.0
070700031301,2010,0.005267562
070700031301,2011,0.005791233
070700031301,2012,0.008292899
070700031301,2013,0.006561724
070700031301,2014,0.006634996
070700031301,2015,0.006470984
070700031301,2016,0.006119922
070700031301,2017,0.005903081
070700031301,2018,0.005677533
070700031301,2019,0.005582908
070700031301,2020,0.005588094
070700031401,2010,5.4784e-05
070700031401,2011,5.6496e-05
070700031401,2012,8.0243e-05
070700031401,2013,6.3735e-05
070700031401,2014,5.8107e-05
070700031401,2015,6.0713e-05
070700031401,2016,5.5001e-05
070700031401,2017,5.3215e-05
070700031401,2018,5.14e-05
070700031401,2019,5.2993e-05
070700031401,2020,5.5131e-05
070700031402,2010,0.0
070700031402,2011,0.0
070700031402,2012,0.0
070700031402,2013,0.0
070700031402,2014,0.0
070700031402,2015,0.0
070700031402,2016,0.0
070700031402,2017,0.0
070700031402,2018,0.0
070700031402,2019,0.0
070700031402,2020,0.0
070700031501,2010,0.017529827
070700031501,2011,0.017710458
070700031501,2012,0.026623026
070700031501,2013,0.021627659
070700031501,2014,0.020281543
070700031501,2015,0.02114187
070700031501,2016,0.018848777
070700031501,2017,0.018500831
070700031501,2018,0.017928339
070700031501,2019,0.018262219
070700031501,2020,0.018834592
070700031502,2010,0.00672051
070700031502,2011,0.00678976
070700031502,2012,0.010206622
070700031502,2013,0.00829152
070700031502,2014,0.007775452
070700031502,2015,0.00810528
070700031502,2016,0.007226164
070700031502,2017,0.00709277
070700031502,2018,0.00687329
070700031502,2019,0.007001292
070700031502,2020,0.007220726
070700031503,2010,0.0
070700031503,2011,0.0
070700031503,2012,0.0
070700031503,2013,0.0
070700031503,2014,0.0
070700031503,2015,0.0
070700031503,2016,0.0
070700031503,2017,0.0
070700031503,2018,0.0
070700031503,2019,0.0
070700031503,2020,0.0
070700031504,2010,0.036873597
070700031504,2011,0.037253551
070700031504,2012,0.056000937
070700031504,2013,0.045493295
070700031504,2014,0.042661769
070700031504,2015,0.044471448
070700031504,2016,0.039647978
070700031504,2017,0.038916083
070700031504,2018,0.037711858
070700031504,2019,0.038414168
070700031504,2020,0.039618141
070700031505,2010,0.003674101
070700031505,2011,0.003072194
070700031505,2012,0.004289592
070700031505,2013,0.003558879
070700031505,2014,0.003823643
070700031505,2015,0.003368775
070700031505,2016,0.003165985
070700031505,2017,0.00447538
070700031505,2018,0.004778347
070700031505,2019,0.004876456
070700031505,2020,0.004322839
070700031506,2010,0.0
070700031506,2011,0.0
070700031506,2012,0.0
070700031506,2013,0.0
070700031506,2014,0.0
070700031506,2015,0.0
070700031506,2016,0.0
070700031506,2017,0.0
070700031506,2018,0.0
070700031506,2019,0.0
070700031506,2020,0.0
070700031507,2010,0.0
070700031507,2011,0.0
070700031507,2012,0.0
070700031507,2013,0.0
070700031507,2014,0.0
070700031507,2015,0.0
070700031507,2016,0.0
070700031507,2017,0.0
070700031507,2018,0.0
070700031507,2019,0.0
070700031507,2020,0.0
070700031508,2010,0.0
070700031508,2011,0.0
070700031508,2012,0.0
070700031508,2013,0.0
070700031508,2014,0.0
070700031508,2015,0.0
070700031508,2016,0.0
070700031508,2017,0.0
070700031508,2018,0.0
070700031508,2019,0.0
070700031508,2020,0.0
070700031601,2010,0.001608318
070700031601,2011,0.001605131
070700031601,2012,0.002566177
070700031601,2013,0.001949482
070700031601,2014,0.002220425
070700031601,2015,0.002047461
070700031601,2016,0.001837074
070700031601,2017,0.001647678
070700031601,2018,0.00181623
070700031601,2019,0.001829953
070700031601,2020,0.001920196
070700031602,2010,0.000279789
070700031602,2011,0.000304797
070700031602,2012,0.000442751
070700031602,2013,0.000346884
070700031602,2014,0.000332545
070700031602,2015,0.000352705
070700031602,2016,0.000308367
070700031602,2017,0.000294251
070700031602,2018,0.00027945
070700031602,2019,0.000279275
070700031602,2020,0.000285329
070700031603,2010,0.0
070700031603,2011,0.0
070700031603,2012,0.0
070700031603,2013,0.0
070700031603,2014,0.0
070700031603,2015,0.0
070700031603,2016,0.0
070700031603,2017,0.0
070700031603,2018,0.0
070700031603,2019,0.0
070700031603,2020,0.0
070700031604,2010,0.005560433
070700031604,2011,0.005804782
070700031604,2012,0.008639828
070700031604,2013,0.006944079
070700031604,2014,0.006246153
070700031604,2015,0.006331551
070700031604,2016,0.005557787
070700031604,2017,0.005374993
070700031604,2018,0.004976072
070700031604,2019,0.004998489
070700031604,2020,0.005118227
070700031605,2010,0.002802103
070700031605,2011,0.002932933
070700031605,2012,0.004214956
070700031605,2013,0.003352863
070700031605,2014,0.003128257
070700031605,2015,0.002713902
070700031605,2016,0.002425902
070700031605,2017,0.002486192
070700031605,2018,0.002448806
070700031605,2019,0.002406949
070700031605,2020,0.002543642
070700031701,2010,0.0
070700031701,2011,0.0
070700031701,2012,0.0
070700031701,2013,0.0
070700031701,2014,0.0
070700031701,2015,0.0
070700031701,2016,0.0
070700031701,2017,0.0
070700031701,2018,0.0
070700031701,2019,0.0
070700031701,2020,0.0
070700031702,2010,0.036864335
070700031702,2011,0.038815942
070700031702,2012,0.056016952
070700031702,2013,0.043277588
070700031702,2014,0.042118885
070700031702,2015,0.044281377
070700031702,2016,0.040639007
070700031702,2017,0.038443962
070700031702,2018,0.038121107
070700031702,2019,0.035563078
070700031702,2020,0.036457325
070700031703,2010,0.0
070700031703,2011,0.0
070700031703,2012,0.0
070700031703,2013,0.0
070700031703,2014,0.0
070700031703,2015,0.0
070700031703,2016,0.0
070700031703,2017,0.0
070700031703,2018,0.0
070700031703,2019,0.0
070700031703,2020,0.0
070700031704,2010,0.000575359
070700031704,2011,0.000607234
070700031704,2012,0.000877755
070700031704,2013,0.000670338
070700031704,2014,0.00066329
070700031704,2015,0.00074382
070700031704,2016,0.000687873
070700031704,2017,0.000635254
070700031704,2018,0.000631253
070700031704,2019,0.000578995
070700031704,2020,0.000587397
070700031801,2010,0.0
070700031801,2011,0.0
070700031801,2012,0.0
070700031801,2013,0.0
070700031801,2014,0.0
070700031801,2015,0.0
070700031801,2016,0.0
070700031801,2017,0.0
070700031801,2018,0.0
070700031801,2019,0.0
070700031801,2020,0.0
070700031802,2010,0.011710824
070700031802,2011,0.010762152
070700031802,2012,0.015279948
070700031802,2013,0.012064092
070700031802,2014,0.013258591
070700031802,2015,0.012235777
070700031802,2016,0.010134443
070700031802,2017,0.011332207
070700031802,2018,0.01213452
070700031802,2019,0.011841476
070700031802,2020,0.011963719
070700031803,2010,0.0
070700031803,2011,0.0
070700031803,2012,0.0
070700031803,2013,0.0
070700031803,2014,0.0
070700031803,2015,0.0
070700031803,2016,0.0
070700031803,2017,0.0
070700031803,2018,0.0
070700031803,2019,0.0
070700031803,2020,0.0
070700031804,2010,0.0
070700031804,2011,0.0
070700031804,2012,0.0
070700031804,2013,0.0
070700031804,2014,0.0
070700031804,2015,0.0
070700031804,2016,0.0
070700031804,2017,0.0
070700031804,2018,0.0
070700031804,2019,0.0
070700031804,2020,0.0
070700031805,2010,0.0
070700031805,2011,0.0
070700031805,2012,0.0
070700031805,2013,0.0
070700031805,2014,0.0
070700031805,2015,0.0
070700031805,2016,0.0
070700031805,2017,0.0
070700031805,2018,0.0
070700031805,2019,0.0
070700031805,2020,0.0
070700031806,2010,0.0
070700031806,2011,0.0
070700031806,2012,0.0
070700031806,2013,0.0
070700031806,2014,0.0
070700031806,2015,0.0
070700031806,2016,0.0
070700031806,2017,0.0
070700031806,2018,0.0
070700031806,2019,0.0
070700031806,2020,0.0
070700031807,2010,0.0
070700031807,2011,0.0
070700031807,2012,0.0
070700031807,2013,0.0
070700031807,2014,0.0
070700031807,2015,0.0
070700031807,2016,0.0
070700031807,2017,0.0
070700031807,2018,0.0
070700031807,2019,0.0
070700031807,2020,0.0
070700031808,2010,0.0
070700031808,2011,0.0
070700031808,2012,0.0
070700031808,2013,0.0
070700031808,2014,0.0
070700031808,2015,0.0
070700031808,2016,0.0
070700031808,2017,0.0
070700031808,2018,0.0
070700031808,2019,0.0
070700031808,2020,0.0
070700031809,2010,0.0
070700031809,2011,0.0
070700031809,2012,0.0
070700031809,2013,0.0
070700031809,2014,0.0
070700031809,2015,0.0
070700031809,2016,0.0
070700031809,2017,0.0
070700031809,2018,0.0
070700031809,2019,0.0
070700031809,2020,0.0
070700031901,2010,0.0
070700031901,2011,0.0
070700031901,2012,0.0
070700031901,2013,0.0
070700031901,2014,0.0
070700031901,2015,0.0
070700031901,2016,0.0
070700031901,2017,0.0
070700031901,2018,0.0
070700031901,2019,0.0
070700031901,2020,0.0
070700031902,2010,0.002215418
070700031902,2011,0.002751163
070700031902,2012,0.003306057
070700031902,2013,0.002627972
070700031902,2014,0.002680123
070700031902,2015,0.002606552
070700031902,2016,0.002501779
070700031902,2017,0.002209502
070700031902,2018,0.002455841
070700031902,2019,0.002466273
070700031902,2020,0.002578664
070700031903,2010,0.0
070700031903,2011,0.0
070700031903,2012,0.0
070700031903,2013,0.0
070700031903,2014,0.0
070700031903,2015,0.0
070700031903,2016,0.0
070700031903,2017,0.0
070700031903,2018,0.0
070700031903,2019,0.0
070700031903,2020,0.0
070700031904,2010,0.0
070700031904,2011,0.0
070700031904,2012,0.0
070700031904,2013,0.0
070700031904,2014,0.0
070700031904,2015,0.0
070700031904,2016,0.0
070700031904,2017,0.0
070700031904,2018,0.0
070700031904,2019,0.0
070700031904,2020,0.0
070700031905,2010,0.024976757
070700031905,2011,0.025194447
070700031905,2012,0.041146595
070700031905,2013,0.031029326
070700031905,2014,0.03185622
070700031905,2015,0.04481495
070700031905,2016,0.027625868
070700031905,2017,0.032837633
070700031905,2018,0.026251013
070700031905,2019,0.026133214
070700031905,2020,0.025439446
070700031906,2010,0.025785388
070700031906,2011,0.029042472
070700031906,2012,0.042108404
070700031906,2013,0.030314333
070700031906,2014,0.031071971
070700031906,2015,0.031124392
070700031906,2016,0.026272945
070700031906,2017,0.027129972
070700031906,2018,0.024399238
070700031906,2019,0.022895161
070700031906,2020,0.022710637
070700031907,2010,0.0
070700031907,2011,0.0
070700031907,2012,0.0
070700031907,2013,0.0
070700031907,2014,0.0
070700031907,2015,0.0
070700031907,2016,0.0
070700031907,2017,0.0
070700031907,2018,0.0
070700031907,2019,0.0
070700031907,2020,0.0
070700031908,2010,0.031856302
070700031908,2011,0.036257792
070700031908,2012,0.050232725
070700031908,2013,0.038454415
070700031908,2014,0.037299448
070700031908,2015,0.037316355
070700031908,2016,0.032135628
070700031908,2017,0.031838622
070700031908,2018,0.031848503
070700031908,2019,0.030826138
070700031908,2020,0.031586176
070700040101,2010,0.000636418
070700040101,2011,0.000654637
070700040101,2012,0.000962457
070700040101,2013,0.000706073
070700040101,2014,0.000648874
070700040101,2015,0.00066762
070700040101,2016,0.000565786
070700040101,2017,0.000564275
070700040101,2018,0.000529952
070700040101,2019,0.000523758
070700040101,2020,0.000544105
070700040102,2010,0.007259519
070700040102,2011,0.007210768
070700040102,2012,0.010691132
070700040102,2013,0.007944527
070700040102,2014,0.007606624
070700040102,2015,0.007176246
070700040102,2016,0.006131492
070700040102,2017,0.006093768
070700040102,2018,0.005723677
070700040102,2019,0.0055618
070700040102,2020,0.005800305
070700040103,2010,0.0
070700040103,2011,0.0
070700040103,2012,0.0
070700040103,2013,0.0
070700040103,2014,0.0
070700040103,2015,0.0
070700040103,2016,0.0
070700040103,2017,0.0
070700040103,2018,0.0
070700040103,2019,0.0
070700040103,2020,0.0
070700040104,2010,0.0
070700040104,2011,0.0
070700040104,2012,0.0
070700040104,2013,0.0
070700040104,2014,0.0
070700040104,2015,0.0
070700040104,2016,0.0
070700040104,2017,0.0
070700040104,2018,0.0
070700040104,2019,0.0
070700040104,2020,0.0
070700040105,2010,0.004860114
070700040105,2011,0.005040724
070700040105,2012,0.007678446
070700040105,2013,0.005652873
070700040105,2014,0.005056003
070700040105,2015,0.00552243
070700040105,2016,0.004714197
070700040105,2017,0.004481567
070700040105,2018,0.004333856
070700040105,2019,0.004071847
070700040105,2020,0.004339839
070700040106,2010,0.0
070700040106,2011,0.0
070700040106,2012,0.0
070700040106,2013,0.0
070700040106,2014,0.0
070700040106,2015,0.0
070700040106,2016,0.0
070700040106,2017,0.0
070700040106,2018,0.0
070700040106,2019,0.0
070700040106,2020,0.0
070700040107,2010,0.003859822
070700040107,2011,0.004003259
070700040107,2012,0.006098095
070700040107,2013,0.004489418
070700040107,2014,0.004015394
070700040107,2015,0.004385822
070700040107,2016,0.003743937
070700040107,2017,0.003559186
070700040107,2018,0.003441876
070700040107,2019,0.003233793
070700040107,2020,0.003446628
070700040108,2010,0.006428985
070700040108,2011,0.006719836
070700040108,2012,0.010312968
070700040108,2013,0.00754495
070700040108,2014,0.007084577
070700040108,2015,0.007399882
070700040108,2016,0.006309435
070700040108,2017,0.00623231
070700040108,2018,0.005593452
070700040108,2019,0.00549326
070700040108,2020,0.005682579
070700040201,2010,0.0
070700040201,2011,0.0
070700040201,2012,0.0
070700040201,2013,0.0
070700040201,2014,0.0
070700040201,2015,0.0
070700040201,2016,0.0
070700040201,2017,0.0
070700040201,2018,0.0
070700040201,2019,0.0
070700040201,2020,0.0
070700040202,2010,0.0
070700040202,2011,0.0
070700040202,2012,0.0
070700040202,2013,0.0
070700040202,2014,0.0
070700040202,2015,0.0
070700040202,2016,0.0
070700040202,2017,0.0
070700040202,2018,0.0
070700040202,2019,0.0
070700040202,2020,0.0
070700040203,2010,0.001567514
070700040203,2011,0.001697217
070700040203,2012,0.002441215
070700040203,2013,0.001847755
070700040203,2014,0.001694583
070700040203,2015,0.001785033
070700040203,2016,0.00156175
070700040203,2017,0.001533304
070700040203,2018,0.001548023
070700040203,2019,0.001474853
070700040203,2020,0.001523012
070700040204,2010,0.001180405
070700040204,2011,0.001298585
070700040204,2012,0.00193394
070700040204,2013,0.001569326
070700040204,2014,0.001547641
070700040204,2015,0.001555701
070700040204,2016,0.001382054
070700040204,2017,0.001332975
070700040204,2018,0.001144929
070700040204,2019,0.001101998
070700040204,2020,0.001137157
070700040205,2010,0.0
070700040205,2011,0.0
070700040205,2012,0.0
070700040205,2013,0.0
070700040205,2014,0.0
070700040205,2015,0.0
070700040205,2016,0.0
070700040205,2017,0.0
070700040205,2018,0.0
070700040205,2019,0.0
070700040205,2020,0.0
070700040206,2010,0.007572173
070700040206,2011,0.00810393
070700040206,2012,0.011372017
070700040206,2013,0.008193144
070700040206,2014,0.008403594
070700040206,2015,0.00792647
070700040206,2016,0.006999072
070700040206,2017,0.006690502
070700040206,2018,0.006399136
070700040206,2019,0.005884869
070700040206,2020,0.005987759
070700040207,2010,0.017403083
070700040207,2011,0.01913056
070700040207,2012,0.028005962
070700040207,2013,0.02068649
070700040207,2014,0.02110697
070700040207,2015,0.022243193
070700040207,2016,0.01941412
070700040207,2017,0.019058413
070700040207,2018,0.017889214
070700040207,2019,0.018584834
070700040207,2020,0.018300599
070700040301,2010,0.001500042
070700040301,2011,0.001680049
070700040301,2012,0.002492099
070700040301,2013,0.002363049
070700040301,2014,0.002465834
070700040301,2015,0.001938339
070700040301,2016,0.001608106
070700040301,2017,0.001340308
070700040301,2018,0.001225161
070700040301,2019,0.001134544
070700040301,2020,0.001140995
070700040302,2010,0.000672467
070700040302,2011,0.000774077
070700040302,2012,0.001079576
070700040302,2013,0.000845435
070700040302,2014,0.000772262
070700040302,2015,0.000793656
070700040302,2016,0.000702019
070700040302,2017,0.000677567
070700040302,2018,0.00064285
070700040302,2019,0.00063261
070700040302,2020,0.000625505
070700040303,2010,0.0
070700040303,2011,0.0
070700040303,2012,0.0
070700040303,2013,0.0
070700040303,2014,0.0
070700040303,2015,0.0
070700040303,2016,0.0
070700040303,2017,0.0
070700040303,2018,0.0
070700040303,2019,0.0
070700040303,2020,0.0
070700040304,2010,0.05395094
070700040304,2011,0.059492202
070700040304,2012,0.086674804
070700040304,2013,0.064126047
070700040304,2014,0.065006197
070700040304,2015,0.067858523
070700040304,2016,0.05930478
070700040304,2017,0.058055039
070700040304,2018,0.05498267
070700040304,2019,0.056761601
070700040304,2020,0.055916686
070700040305,2010,5.0901e-05
070700040305,2011,5.5542e-05
070700040305,2012,7.4663e-05
070700040305,2013,5.521e-05
070700040305,2014,5.1581e-05
070700040305,2015,5.4204e-05
070700040305,2016,4.6346e-05
070700040305,2017,4.6975e-05
070700040305,2018,4.5303e-05
070700040305,2019,4.7584e-05
070700040305,2020,4.6096e-05
070700040401,2010,8.0927e-05
070700040401,2011,9.43e-05
070700040401,2012,0.00013545
070700040401,2013,9.9388e-05
070700040401,2014,0.000101046
070700040401,2015,0.000103307
070700040401,2016,9.1413e-05
070700040401,2017,9.7274e-05
070700040401,2018,9.0919e-05
070700040401,2019,8.8832e-05
070700040401,2020,8.7957e-05
070700040402,2010,0.07813849
070700040402,2011,0.090303499
070700040402,2012,0.128694208
070700040402,2013,0.094515659
070700040402,2014,0.095189826
070700040402,2015,0.097611133
070700040402,2016,0.086051689
070700040402,2017,0.091104392
070700040402,2018,0.085430069
070700040402,2019,0.084127539
070700040402,2020,0.083096574
070700040403,2010,0.0
070700040403,2011,0.0
070700040403,2012,0.0
070700040403,2013,0.0
070700040403,2014,0.0
070700040403,2015,0.0
070700040403,2016,0.0
070700040403,2017,0.0
070700040403,2018,0.0
070700040403,2019,0.0
070700040403,2020,0.0
070700040404,2010,0.012640743
070700040404,2011,0.014729705
070700040404,2012,0.021157229
070700040404,2013,0.015524453
070700040404,2014,0.015783421
070700040404,2015,0.016136569
070700040404,2016,0.01427864
070700040404,2017,0.015194151
070700040404,2018,0.014201604
070700040404,2019,0.013875559
070700040404,2020,0.013738882
070700040405,2010,3.2371e-05
070700040405,2011,3.772e-05
070700040405,2012,5.418e-05
070700040405,2013,3.9755e-05
070700040405,2014,4.0418e-05
070700040405,2015,4.1323e-05
070700040405,2016,3.6565e-05
070700040405,2017,3.8909e-05
070700040405,2018,3.6368e-05
070700040405,2019,3.5533e-05
070700040405,2020,3.5183e-05
070700040406,2010,0.0
070700040406,2011,0.0
070700040406,2012,0.0
070700040406,2013,0.0
070700040406,2014,0.0
070700040406,2015,0.0
070700040406,2016,0.0
070700040406,2017,0.0
070700040406,2018,0.0
070700040406,2019,0.0
070700040406,2020,0.0
070700050101,2010,0.000865026
070700050101,2011,0.000969283
070700050101,2012,0.001202281
070700050101,2013,0.001010939
070700050101,2014,0.000997525
070700050101,2015,0.000993806
070700050101,2016,0.000838298
070700050101,2017,0.000882305
070700050101,2018,0.000786062
070700050101,2019,0.000786656
070700050101,2020,0.000814183
070700050102,2010,0.005560961
070700050102,2011,0.006338439
070700050102,2012,0.008674439
070700050102,2013,0.006622372
070700050102,2014,0.006154721
070700050102,2015,0.006408124
070700050102,2016,0.005519547
070700050102,2017,0.0055461
070700050102,2018,0.005351128
070700050102,2019,0.005276583
070700050102,2020,0.00562797
070700050103,2010,0.007801558
070700050103,2011,0.008741838
070700050103,2012,0.010843213
070700050103,2013,0.009117526
070700050103,2014,0.008996547
070700050103,2015,0.008963002
070700050103,2016,0.007560498
070700050103,2017,0.007957392
070700050103,2018,0.007089392
070700050103,2019,0.007094751
070700050103,2020,0.007343013
070700050104,2010,0.0
070700050104,2011,0.0
070700050104,2012,0.0
070700050104,2013,0.0
070700050104,2014,0.0
070700050104,2015,0.0
070700050104,2016,0.0
070700050104,2017,0.0
070700050104,2018,0.0
070700050104,2019,0.0
070700050104,2020,0.0
070700050105,2010,0.004405592
070700050105,2011,0.005460478
070700050105,2012,0.00736245
070700050105,2013,0.005885848
070700050105,2014,0.005737674
070700050105,2015,0.00545049
070700050105,2016,0.005022474
070700050105,2017,0.004754737
070700050105,2018,0.00461442
070700050105,2019,0.004545476
070700050105,2020,0.004735865
070700050201,2010,0.007459257
070700050201,2011,0.008608904
070700050201,2012,0.012694039
070700050201,2013,0.009124998
070700050201,2014,0.008466012
070700050201,2015,0.008749631
070700050201,2016,0.007811648
070700050201,2017,0.007684995
070700050201,2018,0.007602997
070700050201,2019,0.00716458
070700050201,2020,0.007518748
070700050202,2010,0.010038578
070700050202,2011,0.011592397
070700050202,2012,0.01705276
070700050202,2013,0.012281879
070700050202,2014,0.011400267
070700050202,2015,0.011772185
070700050202,2016,0.010510488
070700050202,2017,0.010346262
070700050202,2018,0.010240318
070700050202,2019,0.00965284
070700050202,2020,0.010137962
070700050203,2010,0.0
070700050203,2011,0.0
070700050203,2012,0.0
070700050203,2013,0.0
070700050203,2014,0.0
070700050203,2015,0.0
070700050203,2016,0.0
070700050203,2017,0.0
070700050203,2018,0.0
070700050203,2019,0.0
070700050203,2020,0.0
070700050204,2010,0.02500733
070700050204,2011,0.028783117
070700050204,2012,0.0393577
070700050204,2013,0.029503236
070700050204,2014,0.029041366
070700050204,2015,0.030211899
070700050204,2016,0.027088815
070700050204,2017,0.027320642
070700050204,2018,0.025553267
070700050204,2019,0.024543731
070700050204,2020,0.025350259
070700050205,2010,0.001262912
070700050205,2011,0.001279669
070700050205,2012,0.001944928
070700050205,2013,0.001426039
070700050205,2014,0.001421059
070700050205,2015,0.001395896
070700050205,2016,0.001262735
070700050205,2017,0.001271014
070700050205,2018,0.001305455
070700050205,2019,0.001297827
070700050205,2020,0.001350552
070700050206,2010,0.001683883
070700050206,2011,0.001706226
070700050206,2012,0.002593237
070700050206,2013,0.001901385
070700050206,2014,0.001894746
070700050206,2015,0.001861195
070700050206,2016,0.001683647
070700050206,2017,0.001694685
070700050206,2018,0.001740607
070700050206,2019,0.001730437
070700050206,2020,0.001800735
070700050301,2010,0.0
070700050301,2011,0.0
070700050301,2012,0.0
070700050301,2013,0.0
070700050301,2014,0.0
070700050301,2015,0.0
070700050301,2016,0.0
070700050301,2017,0.0
070700050301,2018,0.0
070700050301,2019,0.0
070700050301,2020,0.0
070700050302,2010,0.0
070700050302,2011,0.0
070700050302,2012,0.0
070700050302,2013,0.0
070700050302,2014,0.0
070700050302,2015,0.0
070700050302,2016,0.0
070700050302,2017,0.0
070700050302,2018,0.0
070700050302,2019,0.0
070700050302,2020,0.0
070700050303,2010,0.065663246
070700050303,2011,0.076075489
070700050303,2012,0.11168231
070700050303,2013,0.083490674
070700050303,2014,0.082248974
070700050303,2015,0.08124166
070700050303,2016,0.06886972
070700050303,2017,0.070928417
070700050303,2018,0.06834054
070700050303,2019,0.064303085
070700050303,2020,0.067193682
070700050401,2010,3.3526e-05
070700050401,2011,3.6698e-05
070700050401,2012,5.3334e-05
070700050401,2013,3.95e-05
070700050401,2014,3.8994e-05
070700050401,2015,3.8184e-05
070700050401,2016,3.4725e-05
070700050401,2017,3.5197e-05
070700050401,2018,3.2258e-05
070700050401,2019,3.144e-05
070700050401,2020,3.1721e-05
070700050402,2010,0.0
070700050402,2011,0.0
070700050402,2012,0.0
070700050402,2013,0.0
070700050402,2014,0.0
070700050402,2015,0.0
070700050402,2016,0.0
070700050402,2017,0.0
070700050402,2018,0.0
070700050402,2019,0.0
070700050402,2020,0.0
070700050403,2010,0.003310654
070700050403,2011,0.003623881
070700050403,2012,0.005266719
070700050403,2013,0.003900666
070700050403,2014,0.003850687
070700050403,2015,0.003770668
070700050403,2016,0.003429133
070700050403,2017,0.003475739
070700050403,2018,0.003185516
070700050403,2019,0.003104729
070700050403,2020,0.003132436
070700050404,2010,0.0
070700050404,2011,0.0
070700050404,2012,0.0
070700050404,2013,0.0
070700050404,2014,0.0
070700050404,2015,0.0
070700050404,2016,0.0
070700050404,2017,0.0
070700050404,2018,0.0
070700050404,2019,0.0
070700050404,2020,0.0
070700050405,2010,0.0
070700050405,2011,0.0
070700050405,2012,0.0
070700050405,2013,0.0
070700050405,2014,0.0
070700050405,2015,0.0
070700050405,2016,0.0
070700050405,2017,0.0
070700050405,2018,0.0
070700050405,2019,0.0
070700050405,2020,0.0
070700050501,2010,0.022321436
070700050501,2011,0.025040789
070700050501,2012,0.034921347
070700050501,2013,0.025424401
070700050501,2014,0.026583034
070700050501,2015,0.026222296
070700050501,2016,0.02335909
070700050501,2017,0.02413982
070700050501,2018,0.022927639
070700050501,2019,0.022394826
070700050501,2020,0.023830157
070700050502,2010,0.020702227
070700050502,2011,0.022915518
070700050502,2012,0.032071927
070700050502,2013,0.024105538
070700050502,2014,0.023857621
070700050502,2015,0.023489046
070700050502,2016,0.020821929
070700050502,2017,0.021503495
070700050502,2018,0.020294696
070700050502,2019,0.019704771
070700050502,2020,0.020897046
070700050503,2010,6.478e-05
070700050503,2011,7.0585e-05
070700050503,2012,9.9518e-05
070700050503,2013,7.3442e-05
070700050503,2014,7.3779e-05
070700050503,2015,6.8567e-05
070700050503,2016,5.9932e-05
070700050503,2017,6.1194e-05
070700050503,2018,5.7445e-05
070700050503,2019,5.34e-05
070700050503,2020,5.9745e-05
070700050504,2010,0.012727764
070700050504,2011,0.013868625
070700050504,2012,0.019554045
070700050504,2013,0.014431445
070700050504,2014,0.014496367
070700050504,2015,0.013473406
070700050504,2016,0.011777038
070700050504,2017,0.012024951
070700050504,2018,0.011288188
070700050504,2019,0.010493764
070700050504,2020,0.011739685
070700050601,2010,0.015670387
070700050601,2011,0.018118372
070700050601,2012,0.025639343
070700050601,2013,0.018640023
070700050601,2014,0.019738323
070700050601,2015,0.018001835
070700050601,2016,0.015610464
070700050601,2017,0.015903309
070700050601,2018,0.014912546
070700050601,2019,0.014890056
070700050601,2020,0.015383832
070700050602,2010,0.0
070700050602,2011,0.0
070700050602,2012,0.0
070700050602,2013,0.0
070700050602,2014,0.0
070700050602,2015,0.0
070700050602,2016,0.0
070700050602,2017,0.0
070700050602,2018,0.0
070700050602,2019,0.0
070700050602,2020,0.0
070700050603,2010,0.000508931
070700050603,2011,0.000625555
070700050603,2012,0.000849401
070700050603,2013,0.000634662
070700050603,2014,0.000641124
070700050603,2015,0.000618698
070700050603,2016,0.000520622
070700050603,2017,0.000536443
070700050603,2018,0.000498051
070700050603,2019,0.000486414
070700050603,2020,0.000507081
070700050701,2010,7.7317e-05
070700050701,2011,8.513e-05
070700050701,2012,0.000119275
070700050701,2013,8.8879e-05
070700050701,2014,9.0117e-05
070700050701,2015,9.0632e-05
070700050701,2016,8.1263e-05
070700050701,2017,9.0355e-05
070700050701,2018,8.2637e-05
070700050701,2019,8.0045e-05
070700050701,2020,8.3205e-05
070700050702,2010,0.001520336
070700050702,2011,0.001721697
070700050702,2012,0.00245262
070700050702,2013,0.001791898
070700050702,2014,0.001912944
070700050702,2015,0.001885466
070700050702,2016,0.001678117
070700050702,2017,0.001745006
070700050702,2018,0.001619124
070700050702,2019,0.001556818
070700050702,2020,0.001594125
070700050703,2010,0.000813468
070700050703,2011,0.000962382
070700050703,2012,0.001402353
070700050703,2013,0.000995382
070700050703,2014,0.000987212
070700050703,2015,0.000954566
070700050703,2016,0.000821364
070700050703,2017,0.000815636
070700050703,2018,0.000751572
070700050703,2019,0.000728639
070700050703,2020,0.000734176
070700050704,2010,0.0
070700050704,2011,0.0
070700050704,2012,0.0
070700050704,2013,0.0
070700050704,2014,0.0
070700050704,2015,0.0
070700050704,2016,0.0
070700050704,2017,0.0
070700050704,2018,0.0
070700050704,2019,0.0
070700050704,2020,0.0
070700050705,2010,0.0
070700050705,2011,0.0
070700050705,2012,0.0
070700050705,2013,0.0
070700050705,2014,0.0
070700050705,2015,0.0
070700050705,2016,0.0
070700050705,2017,0.0
070700050705,2018,0.0
070700050705,2019,0.0
070700050705,2020,0.0
070700050801,2010,0.0
070700050801,2011,0.0
070700050801,2012,0.0
070700050801,2013,0.0
070700050801,2014,0.0
070700050801,2015,0.0
070700050801,2016,0.0
070700050801,2017,0.0
070700050801,2018,0.0
070700050801,2019,0.0
070700050801,2020,0.0
070700050802,2010,6.0093e-05
070700050802,2011,6.2615e-05
070700050802,2012,8.799e-05
070700050802,2013,6.5512e-05
070700050802,2014,8.946e-05
070700050802,2015,9.0253e-05
070700050802,2016,5.7481e-05
070700050802,2017,5.9313e-05
070700050802,2018,7.4819e-05
070700050802,2019,7.2437e-05
070700050802,2020,7.5197e-05
070700050803,2010,0.0
070700050803,2011,0.0
070700050803,2012,0.0
070700050803,2013,0.0
070700050803,2014,0.0
070700050803,2015,0.0
070700050803,2016,0.0
070700050803,2017,0.0
070700050803,2018,0.0
070700050803,2019,0.0
070700050803,2020,0.0
070700050804,2010,0.0
070700050804,2011,0.0
070700050804,2012,0.0
070700050804,2013,0.0
070700050804,2014,0.0
070700050804,2015,0.0
070700050804,2016,0.0
070700050804,2017,0.0
070700050804,2018,0.0
070700050804,2019,0.0
070700050804,2020,0.0
070700050901,2010,0.0
070700050901,2011,0.0
070700050901,2012,0.0
070700050901,2013,0.0
070700050901,2014,0.0
070700050901,2015,0.0
070700050901,2016,0.0
070700050901,2017,0.0
070700050901,2018,0.0
070700050901,2019,0.0
070700050901,2020,0.0
070700050902,2010,0.0
070700050902,2011,0.0
070700050902,2012,0.0
070700050902,2013,0.0
070700050902,2014,0.0
070700050902,2015,0.0
070700050902,2016,0.0
070700050902,2017,0.0
070700050902,2018,0.0
070700050902,2019,0.0
070700050902,2020,0.0
070700050903,2010,0.0
070700050903,2011,0.0
070700050903,2012,0.0
070700050903,2013,0.0
070700050903,2014,0.0
070700050903,2015,0.0
070700050903,2016,0.0
070700050903,2017,0.0
070700050903,2018,0.0
070700050903,2019,0.0
070700050903,2020,0.0
070700051001,2010,0.0
070700051001,2011,0.0
070700051001,2012,0.0
070700051001,2013,0.0
070700051001,2014,0.0
070700051001,2015,0.0
070700051001,2016,0.0
070700051001,2017,0.0
070700051001,2018,0.0
070700051001,2019,0.0
070700051001,2020,0.0
070700051002,2010,0.0
070700051002,2011,0.0
070700051002,2012,0.0
070700051002,2013,0.0
070700051002,2014,0.0
070700051002,2015,0.0
070700051002,2016,0.0
070700051002,2017,0.0
070700051002,2018,0.0
070700051002,2019,0.0
070700051002,2020,0.0
070700051003,2010,0.002138131
070700051003,2011,0.002315008
070700051003,2012,0.003341143
070700051003,2013,0.002600277
070700051003,2014,0.002380652
070700051003,2015,0.002406833
070700051003,2016,0.002108137
070700051003,2017,0.002270057
070700051003,2018,0.002115112
070700051003,2019,0.002090553
070700051003,2020,0.002136157
070700051101,2010,0.000223626
070700051101,2011,0.000268678
070700051101,2012,0.000422914
070700051101,2013,0.000300861
070700051101,2014,0.000299413
070700051101,2015,0.000284592
070700051101,2016,0.000240214
070700051101,2017,0.000220991
070700051101,2018,0.000231415
070700051101,2019,0.000317724
070700051101,2020,0.000287067
070700051102,2010,0.0
070700051102,2011,0.0
070700051102,2012,0.0
070700051102,2013,0.0
070700051102,2014,0.0
070700051102,2015,0.0
070700051102,2016,0.0
070700051102,2017,0.0
070700051102,2018,0.0
070700051102,2019,0.0
070700051102,2020,0.0
070700051103,2010,0.0
070700051103,2011,0.0
070700051103,2012,0.0
070700051103,2013,0.0
070700051103,2014,0.0
070700051103,2015,0.0
070700051103,2016,0.0
070700051103,2017,0.0
070700051103,2018,0.0
070700051103,2019,0.0
070700051103,2020,0.0
070700051104,2010,0.0
070700051104,2011,0.0
070700051104,2012,0.0
070700051104,2013,0.0
070700051104,2014,0.0
070700051104,2015,0.0
070700051104,2016,0.0
070700051104,2017,0.0
070700051104,2018,0.0
070700051104,2019,0.0
070700051104,2020,0.0
070700051105,2010,0.0
070700051105,2011,0.0
070700051105,2012,0.0
070700051105,2013,0.0
070700051105,2014,0.0
070700051105,2015,0.0
070700051105,2016,0.0
070700051105,2017,0.0
070700051105,2018,0.0
070700051105,2019,0.0
070700051105,2020,0.0
070700051106,2010,0.0
070700051106,2011,0.0
070700051106,2012,0.0
070700051106,2013,0.0
070700051106,2014,0.0
070700051106,2015,0.0
070700051106,2016,0.0
070700051106,2017,0.0
070700051106,2018,0.0
070700051106,2019,0.0
070700051106,2020,0.0
070700051107,2010,0.033870932
070700051107,2011,0.038568528
070700051107,2012,0.054671867
070700051107,2013,0.039981284
070700051107,2014,0.044178809
070700051107,2015,0.042276959
070700051107,2016,0.036738539
070700051107,2017,0.036756167
070700051107,2018,0.034355869
070700051107,2019,0.033740938
070700051107,2020,0.034561656
070700051108,2010,3.6363e-05
070700051108,2011,3.9371e-05
070700051108,2012,5.6822e-05
070700051108,2013,4.4222e-05
070700051108,2014,4.0487e-05
070700051108,2015,4.0933e-05
070700051108,2016,3.5853e-05
070700051108,2017,3.8606e-05
070700051108,2018,3.5971e-05
070700051108,2019,3.5554e-05
070700051108,2020,3.6329e-05
070700051201,2010,0.0
070700051201,2011,0.0
070700051201,2012,0.0
070700051201,2013,0.0
070700051201,2014,0.0
070700051201,2015,0.0
070700051201,2016,0.0
070700051201,2017,0.0
070700051201,2018,0.0
070700051201,2019,0.0
070700051201,2020,0.0
070700051202,2010,0.004089723
070700051202,2011,0.00499622
070700051202,2012,0.006780488
070700051202,2013,0.005072991
070700051202,2014,0.005128271
070700051202,2015,0.004939264
070700051202,2016,0.004154963
070700051202,2017,0.004286857
070700051202,2018,0.003971774
070700051202,2019,0.003856708
070700051202,2020,0.004018181
070700051203,2010,0.0
070700051203,2011,0.0
070700051203,2012,0.0
070700051203,2013,0.0
070700051203,2014,0.0
070700051203,2015,0.0
070700051203,2016,0.0
070700051203,2017,0.0
070700051203,2018,0.0
070700051203,2019,0.0
070700051203,2020,0.0
070700051204,2010,0.0
070700051204,2011,0.0
070700051204,2012,0.0
070700051204,2013,0.0
070700051204,2014,0.0
070700051204,2015,0.0
070700051204,2016,0.0
070700051204,2017,0.0
070700051204,2018,0.0
070700051204,2019,0.0
070700051204,2020,0.0
070700051205,2010,0.022023279
070700051205,2011,0.024829255
070700051205,2012,0.033484442
070700051205,2013,0.02560246
070700051205,2014,0.025974905
070700051205,2015,0.024798661
070700051205,2016,0.020548604
070700051205,2017,0.021854279
070700051205,2018,0.019200333
070700051205,2019,0.017702505
070700051205,2020,0.018059733
070700051206,2010,1.4412e-05
070700051206,2011,1.5178e-05
070700051206,2012,2.0359e-05
070700051206,2013,1.5001e-05
070700051206,2014,1.5864e-05
070700051206,2015,1.4188e-05
070700051206,2016,1.2612e-05
070700051206,2017,1.3182e-05
070700051206,2018,1.303e-05
070700051206,2019,1.2709e-05
070700051206,2020,1.2966e-05
070700051207,2010,0.002853605
070700051207,2011,0.003005231
070700051207,2012,0.004031145
070700051207,2013,0.002970158
070700051207,2014,0.003141159
070700051207,2015,0.002809129
070700051207,2016,0.002497104
070700051207,2017,0.002610001
070700051207,2018,0.002579855
070700051207,2019,0.002516407
070700051207,2020,0.002567179
070700051301,2010,0.0
070700051301,2011,0.0
070700051301,2012,0.0
070700051301,2013,0.0
070700051301,2014,0.0
070700051301,2015,0.0
070700051301,2016,0.0
070700051301,2017,0.0
070700051301,2018,0.0
070700051301,2019,0.0
070700051301,2020,0.0
070700051302,2010,0.0
070700051302,2011,0.0
070700051302,2012,0.0
070700051302,2013,0.0
070700051302,2014,0.0
070700051302,2015,0.0
070700051302,2016,0.0
070700051302,2017,0.0
070700051302,2018,0.0
070700051302,2019,0.0
070700051302,2020,0.0
070700051303,2010,0.0
070700051303,2011,0.0
070700051303,2012,0.0
070700051303,2013,0.0
070700051303,2014,0.0
070700051303,2015,0.0
070700051303,2016,0.0
070700051303,2017,0.0
070700051303,2018,0.0
070700051303,2019,0.0
070700051303,2020,0.0
070700051401,2010,0.0
070700051401,2011,0.0
070700051401,2012,0.0
070700051401,2013,0.0
070700051401,2014,0.0
070700051401,2015,0.0
070700051401,2016,0.0
070700051401,2017,0.0
070700051401,2018,0.0
070700051401,2019,0.0
070700051401,2020,0.0
070700051402,2010,0.003416506
070700051402,2011,0.003879126
070700051402,2012,0.005375163
070700051402,2013,0.004035346
070700051402,2014,0.004083894
070700051402,2015,0.004131835
070700051402,2016,0.003691358
070700051402,2017,0.003912046
070700051402,2018,0.003559543
070700051402,2019,0.003462873
070700051402,2020,0.003558058
070700051403,2010,0.0
070700051403,2011,0.0
070700051403,2012,0.0
070700051403,2013,0.0
070700051403,2014,0.0
070700051403,2015,0.0
070700051403,2016,0.0
070700051403,2017,0.0
070700051403,2018,0.0
070700051403,2019,0.0
070700051403,2020,0.0
070700051404,2010,0.001050725
070700051404,2011,0.001148267
070700051404,2012,0.001606612
070700051404,2013,0.001206357
070700051404,2014,0.001221688
070700051404,2015,0.001221095
070700051404,2016,0.001089646
070700051404,2017,0.001102572
070700051404,2018,0.001079148
070700051404,2019,0.001056616
070700051404,2020,0.001080276
070700051405,2010,0.0
070700051405,2011,0.0
070700051405,2012,0.0
070700051405,2013,0.0
070700051405,2014,0.0
070700051405,2015,0.0
070700051405,2016,0.0
070700051405,2017,0.0
070700051405,2018,0.0
070700051405,2019,0.0
070700051405,2020,0.0
070700051406,2010,0.005763279
070700051406,2011,0.00662447
070700051406,2012,0.008701968
070700051406,2013,0.006393269
070700051406,2014,0.006837919
070700051406,2015,0.006863198
070700051406,2016,0.00568819
070700051406,2017,0.005705992
070700051406,2018,0.005494717
070700051406,2019,0.005309982
070700051406,2020,0.005402463
070700051407,2010,0.001263468
070700051407,2011,0.001427569
070700051407,2012,0.002071915
070700051407,2013,0.001468986
070700051407,2014,0.001597228
070700051407,2015,0.001637594
070700051407,2016,0.001444597
070700051407,2017,0.001474703
070700051407,2018,0.001280712
070700051407,2019,0.001316684
070700051407,2020,0.001351052
070700051501,2010,0.0
070700051501,2011,0.0
070700051501,2012,0.0
070700051501,2013,0.0
070700051501,2014,0.0
070700051501,2015,0.0
070700051501,2016,0.0
070700051501,2017,0.0
070700051501,2018,0.0
070700051501,2019,0.0
070700051501,2020,0.0
070700051502,2010,0.0
070700051502,2011,0.0
070700051502,2012,0.0
070700051502,2013,0.0
070700051502,2014,0.0
070700051502,2015,0.0
070700051502,2016,0.0
070700051502,2017,0.0
070700051502,2018,0.0
070700051502,2019,0.0
070700051502,2020,0.0
070700051503,2010,0.0
070700051503,2011,0.0
070700051503,2012,0.0
070700051503,2013,0.0
070700051503,2014,0.0
070700051503,2015,0.0
070700051503,2016,0.0
070700051503,2017,0.0
070700051503,2018,0.0
070700051503,2019,0.0
070700051503,2020,0.0
070700051504,2010,0.0
070700051504,2011,0.0
070700051504,2012,0.0
070700051504,2013,0.0
070700051504,2014,0.0
070700051504,2015,0.0
070700051504,2016,0.0
070700051504,2017,0.0
070700051504,2018,0.0
070700051504,2019,0.0
070700051504,2020,0.0
070700051601,2010,0.0
070700051601,2011,0.0
070700051601,2012,0.0
070700051601,2013,0.0
070700051601,2014,0.0
070700051601,2015,0.0
070700051601,2016,0.0
070700051601,2017,0.0
070700051601,2018,0.0
070700051601,2019,0.0
070700051601,2020,0.0
070700051602,2010,0.0
070700051602,2011,0.0
070700051602,2012,0.0
070700051602,2013,0.0
070700051602,2014,0.0
070700051602,2015,0.0
070700051602,2016,0.0
070700051602,2017,0.0
070700051602,2018,0.0
070700051602,2019,0.0
070700051602,2020,0.0
070700051603,2010,0.0
070700051603,2011,0.0
070700051603,2012,0.0
070700051603,2013,0.0
070700051603,2014,0.0
070700051603,2015,0.0
070700051603,2016,0.0
070700051603,2017,0.0
070700051603,2018,0.0
070700051603,2019,0.0
070700051603,2020,0.0
070700051701,2010,0.005120922
070700051701,2011,0.005855766
070700051701,2012,0.008547423
070700051701,2013,0.005953113
070700051701,2014,0.006406053
070700051701,2015,0.006719985
070700051701,2016,0.005983535
070700051701,2017,0.006033256
070700051701,2018,0.005024141
070700051701,2019,0.005042139
070700051701,2020,0.005198733
070700051702,2010,0.003168501
070700051702,2011,0.003623175
070700051702,2012,0.005288602
070700051702,2013,0.003683408
070700051702,2014,0.003963658
070700051702,2015,0.004157899
070700051702,2016,0.003702231
070700051702,2017,0.003732995
070700051702,2018,0.003108619
070700051702,2019,0.003119755
070700051702,2020,0.003216645
070700051703,2010,0.0
070700051703,2011,0.0
070700051703,2012,0.0
070700051703,2013,0.0
070700051703,2014,0.0
070700051703,2015,0.0
070700051703,2016,0.0
070700051703,2017,0.0
070700051703,2018,0.0
070700051703,2019,0.0
070700051703,2020,0.0
070700051704,2010,0.019313091
070700051704,2011,0.021361859
070700051704,2012,0.030192495
070700051704,2013,0.022284081
070700051704,2014,0.022217387
070700051704,2015,0.023132461
070700051704,2016,0.020869195
070700051704,2017,0.021506815
070700051704,2018,0.019988406
070700051704,2019,0.019619988
070700051704,2020,0.019526195
070700051705,2010,0.003157649
070700051705,2011,0.003488934
070700051705,2012,0.004978386
070700051705,2013,0.003661296
070700051705,2014,0.003904706
070700051705,2015,0.00391538
070700051705,2016,0.003442452
070700051705,2017,0.003580919
070700051705,2018,0.003346668
070700051705,2019,0.003472124
070700051705,2020,0.003507213
070700051706,2010,0.000238954
070700051706,2011,0.000264302
070700051706,2012,0.000373561
070700051706,2013,0.000275713
070700051706,2014,0.000274888
070700051706,2015,0.000286209
070700051706,2016,0.000258207
070700051706,2017,0.000266096
070700051706,2018,0.000247309
070700051706,2019,0.000242751
070700051706,2020,0.00024159
070700051707,2010,0.0
070700051707,2011,0.0
070700051707,2012,0.0
070700051707,2013,0.0
070700051707,2014,0.0
070700051707,2015,0.0
070700051707,2016,0.0
070700051707,2017,0.0
070700051707,2018,0.0
070700051707,2019,0.0
070700051707,2020,0.0
070700051801,2010,0.0
070700051801,2011,0.0
070700051801,2012,0.0
070700051801,2013,0.0
070700051801,2014,0.0
070700051801,2015,0.0
070700051801,2016,0.0
070700051801,2017,0.0
070700051801,2018,0.0
070700051801,2019,0.0
070700051801,2020,0.0
070700051802,2010,0.001005977
070700051802,2011,0.001207742
070700051802,2012,0.001678898
070700051802,2013,0.001194752
070700051802,2014,0.00117142
070700051802,2015,0.001160289
070700051802,2016,0.001051146
070700051802,2017,0.001092042
070700051802,2018,0.00089858
070700051802,2019,0.000879343
070700051802,2020,0.000896552
070700051803,2010,0.0
070700051803,2011,0.0
070700051803,2012,0.0
070700051803,2013,0.0
070700051803,2014,0.0
070700051803,2015,0.0
070700051803,2016,0.0
070700051803,2017,0.0
070700051803,2018,0.0
070700051803,2019,0.0
070700051803,2020,0.0
070700051804,2010,0.00019032
070700051804,2011,0.00021491
070700051804,2012,0.000293566
070700051804,2013,0.000211163
070700051804,2014,0.000207494
070700051804,2015,0.000212141
070700051804,2016,0.000182025
070700051804,2017,0.000182291
070700051804,2018,0.000163295
070700051804,2019,0.000160334
070700051804,2020,0.000161463
070700060101,2010,0.002908084
070700060101,2011,0.003179128
070700060101,2012,0.003618738
070700060101,2013,0.002737709
070700060101,2014,0.002603575
070700060101,2015,0.002742065
070700060101,2016,0.002660668
070700060101,2017,0.002414225
070700060101,2018,0.002834597
070700060101,2019,0.002635716
070700060101,2020,0.00275858
070700060102,2010,0.002603932
070700060102,2011,0.002704904
070700060102,2012,0.004004569
070700060102,2013,0.003023691
070700060102,2014,0.002820713
070700060102,2015,0.003062712
070700060102,2016,0.002669955
070700060102,2017,0.002577152
070700060102,2018,0.00245809
070700060102,2019,0.002419544
070700060102,2020,0.002574969
070700060103,2010,3.126e-05
070700060103,2011,3.0667e-05
070700060103,2012,4.7214e-05
070700060103,2013,3.5072e-05
070700060103,2014,3.531e-05
070700060103,2015,3.5994e-05
070700060103,2016,3.1251e-05
070700060103,2017,3.0242e-05
070700060103,2018,3.1594e-05
070700060103,2019,2.9109e-05
070700060103,2020,3.0601e-05
070700060104,2010,0.00163164
070700060104,2011,0.001608363
070700060104,2012,0.002446093
070700060104,2013,0.001818219
070700060104,2014,0.001826917
070700060104,2015,0.001864432
070700060104,2016,0.001625357
070700060104,2017,0.001569061
070700060104,2018,0.001646616
070700060104,2019,0.001517674
070700060104,2020,0.001595134
070700060201,2010,0.003271001
070700060201,2011,0.003461039
070700060201,2012,0.005536006
070700060201,2013,0.004168811
070700060201,2014,0.003841734
070700060201,2015,0.004043096
070700060201,2016,0.003500455
070700060201,2017,0.003246657
070700060201,2018,0.003093515
070700060201,2019,0.003030151
070700060201,2020,0.003217691
070700060202,2010,0.00376214
070700060202,2011,0.004137903
070700060202,2012,0.00620184
070700060202,2013,0.004555675
070700060202,2014,0.004566981
070700060202,2015,0.00440384
070700060202,2016,0.003889335
070700060202,2017,0.003831405
070700060202,2018,0.003770645
070700060202,2019,0.003721983
070700060202,2020,0.00368475
070700060203,2010,0.005652548
070700060203,2011,0.00606834
070700060203,2012,0.008956446
070700060203,2013,0.006793677
070700060203,2014,0.006670292
070700060203,2015,0.006791147
070700060203,2016,0.00596682
070700060203,2017,0.005890074
070700060203,2018,0.00557687
070700060203,2019,0.005489579
070700060203,2020,0.005790377
070700060204,2010,0.0
070700060204,2011,0.0
070700060204,2012,0.0
070700060204,2013,0.0
070700060204,2014,0.0
070700060204,2015,0.0
070700060204,2016,0.0
070700060204,2017,0.0
070700060204,2018,0.0
070700060204,2019,0.0
070700060204,2020,0.0
070700060205,2010,0.0
070700060205,2011,0.0
070700060205,2012,0.0
070700060205,2013,0.0
070700060205,2014,0.0
070700060205,2015,0.0
070700060205,2016,0.0
070700060205,2017,0.0
070700060205,2018,0.0
070700060205,2019,0.0
070700060205,2020,0.0
070700060301,2010,0.000781506
070700060301,2011,0.00076667
070700060301,2012,0.001180347
070700060301,2013,0.000876806
070700060301,2014,0.000882738
070700060301,2015,0.000899861
070700060301,2016,0.000781284
070700060301,2017,0.000756044
070700060301,2018,0.000789861
070700060301,2019,0.000727737
070700060301,2020,0.000765017
070700060302,2010,0.0
070700060302,2011,0.0
070700060302,2012,0.0
070700060302,2013,0.0
070700060302,2014,0.0
070700060302,2015,0.0
070700060302,2016,0.0
070700060302,2017,0.0
070700060302,2018,0.0
070700060302,2019,0.0
070700060302,2020,0.0
070700060303,2010,0.0
070700060303,2011,0.0
070700060303,2012,0.0
070700060303,2013,0.0
070700060303,2014,0.0
070700060303,2015,0.0
070700060303,2016,0.0
070700060303,2017,0.0
070700060303,2018,0.0
070700060303,2019,0.0
070700060303,2020,0.0
070700060304,2010,0.0
070700060304,2011,0.0
070700060304,2012,0.0
070700060304,2013,0.0
070700060304,2014,0.0
070700060304,2015,0.0
070700060304,2016,0.0
070700060304,2017,0.0
070700060304,2018,0.0
070700060304,2019,0.0
070700060304,2020,0.0
070700060305,2010,6.1132e-05
070700060305,2011,6.7766e-05
070700060305,2012,0.000100097
070700060305,2013,7.3862e-05
070700060305,2014,8.0434e-05
070700060305,2015,7.7369e-05
070700060305,2016,6.3818e-05
070700060305,2017,6.0346e-05
070700060305,2018,6.4448e-05
070700060305,2019,6.5026e-05
070700060305,2020,6.657e-05
070700060306,2010,0.002068308
070700060306,2011,0.002292763
070700060306,2012,0.003386611
070700060306,2013,0.002498991
070700060306,2014,0.002721335
070700060306,2015,0.002617652
070700060306,2016,0.002159172
070700060306,2017,0.002041718
070700060306,2018,0.002180488
070700060306,2019,0.00220003
070700060306,2020,0.002252288
070700060307,2010,0.002922883
070700060307,2011,0.003218155
070700060307,2012,0.004764035
070700060307,2013,0.003516678
070700060307,2014,0.003813712
070700060307,2015,0.003679576
070700060307,2016,0.003043688
070700060307,2017,0.002881915
070700060307,2018,0.003073926
070700060307,2019,0.003086251
070700060307,2020,0.003163958
070700060308,2010,0.0
070700060308,2011,0.0
070700060308,2012,0.0
070700060308,2013,0.0
070700060308,2014,0.0
070700060308,2015,0.0
070700060308,2016,0.0
070700060308,2017,0.0
070700060308,2018,0.0
070700060308,2019,0.0
070700060308,2020,0.0
070700060309,2010,0.0
070700060309,2011,0.0
070700060309,2012,0.0
070700060309,2013,0.0
070700060309,2014,0.0
070700060309,2015,0.0
070700060309,2016,0.0
070700060309,2017,0.0
070700060309,2018,0.0
070700060309,2019,0.0
070700060309,2020,0.0
070700060310,2010,0.003608707
070700060310,2011,0.003837466
070700060310,2012,0.005479516
070700060310,2013,0.004038169
070700060310,2014,0.0039489
070700060310,2015,0.004042168
070700060310,2016,0.003495136
070700060310,2017,0.003534002
070700060310,2018,0.003208294
070700060310,2019,0.003086652
070700060310,2020,0.003237819
070700060401,2010,0.000243685
070700060401,2011,0.000263444
070700060401,2012,0.000372123
070700060401,2013,0.000277644
070700060401,2014,0.00029747
070700060401,2015,0.000308182
070700060401,2016,0.000284111
070700060401,2017,0.000271549
070700060401,2018,0.000258467
070700060401,2019,0.000262423
070700060401,2020,0.000277677
070700060402,2010,0.004937934
070700060402,2011,0.005243751
070700060402,2012,0.007084598
070700060402,2013,0.005312122
070700060402,2014,0.005316336
070700060402,2015,0.005513396
070700060402,2016,0.004559482
070700060402,2017,0.004550385
070700060402,2018,0.00462655
070700060402,2019,0.00455519
070700060402,2020,0.004753391
070700060403,2010,6.016e-06
070700060403,2011,6.67e-06
070700060403,2012,8.648e-06
070700060403,2013,7.238e-06
070700060403,2014,6.835e-06
070700060403,2015,6.506e-06
070700060403,2016,5.433e-06
070700060403,2017,6.132e-06
070700060403,2018,5.438e-06
070700060403,2019,5.003e-06
070700060403,2020,5.05e-06
070700060404,2010,0.002281079
070700060404,2011,0.00247524
070700060404,2012,0.003408823
070700060404,2013,0.002481517
070700060404,2014,0.003030411
070700060404,2015,0.002804451
070700060404,2016,0.001978677
070700060404,2017,0.002224166
070700060404,2018,0.00197471
070700060404,2019,0.001934557
070700060404,2020,0.002027661
070700060501,2010,0.000451163
070700060501,2011,0.000500273
070700060501,2012,0.000648615
070700060501,2013,0.000542865
070700060501,2014,0.000512622
070700060501,2015,0.000487966
070700060501,2016,0.000407462
070700060501,2017,0.000459867
070700060501,2018,0.000407834
070700060501,2019,0.000375212
070700060501,2020,0.000378768
070700060502,2010,0.000153128
070700060502,2011,0.000166162
070700060502,2012,0.000228833
070700060502,2013,0.000166583
070700060502,2014,0.00020343
070700060502,2015,0.000188262
070700060502,2016,0.000132828
070700060502,2017,0.000149307
070700060502,2018,0.000132562
070700060502,2019,0.000129866
070700060502,2020,0.000136116
070700060503,2010,0.0
070700060503,2011,0.0
070700060503,2012,0.0
070700060503,2013,0.0
070700060503,2014,0.0
070700060503,2015,0.0
070700060503,2016,0.0
070700060503,2017,0.0
070700060503,2018,0.0
070700060503,2019,0.0
070700060503,2020,0.0
070700060504,2010,0.000281638
070700060504,2011,0.000304357
070700060504,2012,0.000451166
070700060504,2013,0.000301167
070700060504,2014,0.000293929
070700060504,2015,0.000291225
070700060504,2016,0.00024959
070700060504,2017,0.000264832
070700060504,2018,0.000256627
070700060504,2019,0.000258159
070700060504,2020,0.000268421
070700060505,2010,0.0
070700060505,2011,0.0
070700060505,2012,0.0
070700060505,2013,0.0
070700060505,2014,0.0
070700060505,2015,0.0
070700060505,2016,0.0
070700060505,2017,0.0
070700060505,2018,0.0
070700060505,2019,0.0
070700060505,2020,0.0
070700060506,2010,0.00037405
070700060506,2011,0.000404224
070700060506,2012,0.000599205
070700060506,2013,0.000399987
070700060506,2014,0.000390375
070700060506,2015,0.000386783
070700060506,2016,0.000331486
070700060506,2017,0.00035173
070700060506,2018,0.000340832
070700060506,2019,0.000342868
070700060506,2020,0.000356497
070700060507,2010,0.002368404
070700060507,2011,0.002843423
070700060507,2012,0.00395268
070700060507,2013,0.002812841
070700060507,2014,0.00275791
070700060507,2015,0.002731704
070700060507,2016,0.002474745
070700060507,2017,0.002571028
070700060507,2018,0.002115554
070700060507,2019,0.002070265
070700060507,2020,0.00211078
070900010101,2010,0.0
070900010101,2011,0.0
070900010101,2012,0.0
070900010101,2013,0.0
070900010101,2014,0.0
070900010101,2015,0.0
070900010101,2016,0.0
070900010101,2017,0.0
070900010101,2018,0.0
070900010101,2019,0.0
070900010101,2020,0.0
070900010102,2010,0.0
070900010102,2011,0.0
070900010102,2012,0.0
070900010102,2013,0.0
070900010102,2014,0.0
070900010102,2015,0.0
070900010102,2016,0.0
070900010102,2017,0.0
070900010102,2018,0.0
070900010102,2019,0.0
070900010102,2020,0.0
070900010103,2010,0.014002763
070900010103,2011,0.01593224
070900010103,2012,0.021152758
070900010103,2013,0.017338482
070900010103,2014,0.01522386
070900010103,2015,0.016142627
070900010103,2016,0.013984172
070900010103,2017,0.013929708
070900010103,2018,0.012872786
070900010103,2019,0.013116852
070900010103,2020,0.013715306
070900010104,2010,0.005483161
070900010104,2011,0.006347637
070900010104,2012,0.008919937
070900010104,2013,0.00670884
070900010104,2014,0.006401625
070900010104,2015,0.006415113
070900010104,2016,0.005876407
070900010104,2017,0.00575123
070900010104,2018,0.005203979
070900010104,2019,0.00535707
070900010104,2020,0.005596672
070900010105,2010,0.005218405
070900010105,2011,0.006310011
070900010105,2012,0.007958876
070900010105,2013,0.006907916
070900010105,2014,0.006187455
070900010105,2015,0.005882526
070900010105,2016,0.005243954
070900010105,2017,0.005305686
070900010105,2018,0.0046849
070900010105,2019,0.004824418
070900010105,2020,0.004960119
070900010106,2010,0.007361398
070900010106,2011,0.008411288
070900010106,2012,0.011320203
070900010106,2013,0.008965248
070900010106,2014,0.008309042
070900010106,2015,0.00834308
070900010106,2016,0.007265526
070900010106,2017,0.007430742
070900010106,2018,0.006923352
070900010106,2019,0.006683071
070900010106,2020,0.00710236
070900010107,2010,0.037631761
070900010107,2011,0.042948005
070900010107,2012,0.057045363
070900010107,2013,0.043853756
070900010107,2014,0.043181378
070900010107,2015,0.043881472
070900010107,2016,0.038425795
070900010107,2017,0.038259632
070900010107,2018,0.035945477
070900010107,2019,0.036408104
070900010107,2020,0.037843558
070900010201,2010,0.0
070900010201,2011,0.0
070900010201,2012,0.0
070900010201,2013,0.0
070900010201,2014,0.0
070900010201,2015,0.0
070900010201,2016,0.0
070900010201,2017,0.0
070900010201,2018,0.0
070900010201,2019,0.0
070900010201,2020,0.0
070900010202,2010,0.058389911
070900010202,2011,0.066813175
070900010202,2012,0.087926855
070900010202,2013,0.068342916
070900010202,2014,0.063983745
070900010202,2015,0.067557216
070900010202,2016,0.057757263
070900010202,2017,0.058967428
070900010202,2018,0.054564329
070900010202,2019,0.05450226
070900010202,2020,0.06191917
070900010203,2010,0.00249078
070900010203,2011,0.002871563
070900010203,2012,0.003764421
070900010203,2013,0.00301009
070900010203,2014,0.002830576
070900010203,2015,0.002902487
070900010203,2016,0.002554328
070900010203,2017,0.002502921
070900010203,2018,0.002560066
070900010203,2019,0.00251042
070900010203,2020,0.002597878
070900010204,2010,0.000327585
070900010204,2011,0.000374684
070900010204,2012,0.000493196
070900010204,2013,0.000382727
070900010204,2014,0.000358224
070900010204,2015,0.000378864
070900010204,2016,0.000323369
070900010204,2017,0.000330917
070900010204,2018,0.000304412
070900010204,2019,0.000304409
070900010204,2020,0.000347705
070900010205,2010,3.503e-05
070900010205,2011,4.2167e-05
070900010205,2012,5.67e-05
070900010205,2013,4.3564e-05
070900010205,2014,4.778e-05
070900010205,2015,4.2293e-05
070900010205,2016,3.9294e-05
070900010205,2017,4.0724e-05
070900010205,2018,3.7161e-05
070900010205,2019,3.661e-05
070900010205,2020,3.9864e-05
070900010206,2010,0.012340048
070900010206,2011,0.014246956
070900010206,2012,0.018860075
070900010206,2013,0.01460503
070900010206,2014,0.013805637
070900010206,2015,0.014288784
070900010206,2016,0.012341043
070900010206,2017,0.012415116
070900010206,2018,0.01133741
070900010206,2019,0.011421327
070900010206,2020,0.012798145
070900010207,2010,1.4328e-05
070900010207,2011,1.6692e-05
070900010207,2012,2.2217e-05
070900010207,2013,1.717e-05
070900010207,2014,1.6382e-05
070900010207,2015,1.661e-05
070900010207,2016,1.451e-05
070900010207,2017,1.4358e-05
070900010207,2018,1.3017e-05
070900010207,2019,1.3209e-05
070900010207,2020,1.452e-05
070900010301,2010,0.0
070900010301,2011,0.0
070900010301,2012,0.0
070900010301,2013,0.0
070900010301,2014,0.0
070900010301,2015,0.0
070900010301,2016,0.0
070900010301,2017,0.0
070900010301,2018,0.0
070900010301,2019,0.0
070900010301,2020,0.0
070900010302,2010,0.105554289
070900010302,2011,0.122992018
070900010302,2012,0.166078469
070900010302,2013,0.132465196
070900010302,2014,0.120241101
070900010302,2015,0.125063409
070900010302,2016,0.115291749
070900010302,2017,0.116725338
070900010302,2018,0.110948139
070900010302,2019,0.117225721
070900010302,2020,0.123061515
070900010303,2010,0.005754346
070900010303,2011,0.006766555
070900010303,2012,0.009039611
070900010303,2013,0.007158543
070900010303,2014,0.006508278
070900010303,2015,0.006867708
070900010303,2016,0.006362172
070900010303,2017,0.006468809
070900010303,2018,0.005904397
070900010303,2019,0.006458595
070900010303,2020,0.006653641
070900010401,2010,0.010211231
070900010401,2011,0.01214647
070900010401,2012,0.015750038
070900010401,2013,0.012374676
070900010401,2014,0.011413132
070900010401,2015,0.011031217
070900010401,2016,0.009877177
070900010401,2017,0.009786387
070900010401,2018,0.009583067
070900010401,2019,0.009296651
070900010401,2020,0.00993562
070900010402,2010,0.005292398
070900010402,2011,0.005803115
070900010402,2012,0.007619517
070900010402,2013,0.005844215
070900010402,2014,0.005204413
070900010402,2015,0.005134899
070900010402,2016,0.004678063
070900010402,2017,0.004700041
070900010402,2018,0.004241753
070900010402,2019,0.004313306
070900010402,2020,0.004545675
070900010403,2010,0.026446321
070900010403,2011,0.030750531
070900010403,2012,0.040610065
070900010403,2013,0.031565001
070900010403,2014,0.029748802
070900010403,2015,0.030162045
070900010403,2016,0.026749469
070900010403,2017,0.026304916
070900010403,2018,0.024117255
070900010403,2019,0.024180584
070900010403,2020,0.026266056
070900010501,2010,0.001998672
070900010501,2011,0.002260343
070900010501,2012,0.003160542
070900010501,2013,0.002578169
070900010501,2014,0.002328751
070900010501,2015,0.00231266
070900010501,2016,0.002097405
070900010501,2017,0.002092861
070900010501,2018,0.002261004
070900010501,2019,0.002144046
070900010501,2020,0.002391494
070900010502,2010,0.003173439
070900010502,2011,0.003669275
070900010502,2012,0.004908258
070900010502,2013,0.004772299
070900010502,2014,0.003560359
070900010502,2015,0.003763837
070900010502,2016,0.003666884
070900010502,2017,0.003718706
070900010502,2018,0.003620517
070900010502,2019,0.003514957
070900010502,2020,0.003588489
070900010503,2010,0.069941284
070900010503,2011,0.081803363
070900010503,2012,0.11499588
070900010503,2013,0.08950569
070900010503,2014,0.083671077
070900010503,2015,0.083397884
070900010503,2016,0.077227115
070900010503,2017,0.076731232
070900010503,2018,0.071666089
070900010503,2019,0.069081419
070900010503,2020,0.071618675
070900010504,2010,0.084127676
070900010504,2011,0.099597805
070900010504,2012,0.141365166
070900010504,2013,0.109330257
070900010504,2014,0.102678981
070900010504,2015,0.102370503
070900010504,2016,0.094239441
070900010504,2017,0.093573326
070900010504,2018,0.087608565
070900010504,2019,0.083804755
070900010504,2020,0.087091116
070900010601,2010,0.0
070900010601,2011,0.0
070900010601,2012,0.0
070900010601,2013,0.0
070900010601,2014,0.0
070900010601,2015,0.0
070900010601,2016,0.0
070900010601,2017,0.0
070900010601,2018,0.0
070900010601,2019,0.0
070900010601,2020,0.0
070900010602,2010,0.011548791
070900010602,2011,0.013580264
070900010602,2012,0.018142216
070900010602,2013,0.014366971
070900010602,2014,0.01306191
070900010602,2015,0.013783274
070900010602,2016,0.012768679
070900010602,2017,0.012982697
070900010602,2018,0.01184994
070900010602,2019,0.012962199
070900010602,2020,0.01335365
070900010603,2010,0.0
070900010603,2011,0.0
070900010603,2012,0.0
070900010603,2013,0.0
070900010603,2014,0.0
070900010603,2015,0.0
070900010603,2016,0.0
070900010603,2017,0.0
070900010603,2018,0.0
070900010603,2019,0.0
070900010603,2020,0.0
070900010604,2010,0.0
070900010604,2011,0.0
070900010604,2012,0.0
070900010604,2013,0.0
070900010604,2014,0.0
070900010604,2015,0.0
070900010604,2016,0.0
070900010604,2017,0.0
070900010604,2018,0.0
070900010604,2019,0.0
070900010604,2020,0.0
070900010605,2010,0.0
070900010605,2011,0.0
070900010605,2012,0.0
070900010605,2013,0.0
070900010605,2014,0.0
070900010605,2015,0.0
070900010605,2016,0.0
070900010605,2017,0.0
070900010605,2018,0.0
070900010605,2019,0.0
070900010605,2020,0.0
070900010606,2010,0.0
070900010606,2011,0.0
070900010606,2012,0.0
070900010606,2013,0.0
070900010606,2014,0.0
070900010606,2015,0.0
070900010606,2016,0.0
070900010606,2017,0.0
070900010606,2018,0.0
070900010606,2019,0.0
070900010606,2020,0.0
070900010607,2010,0.004255828
070900010607,2011,0.00514371
070900010607,2012,0.006702331
070900010607,2013,0.005060245
070900010607,2014,0.00468669
070900010607,2015,0.004562475
070900010607,2016,0.00409463
070900010607,2017,0.003960769
070900010607,2018,0.00373542
070900010607,2019,0.003727058
070900010607,2020,0.003919637
070900010608,2010,0.0831119
070900010608,2011,0.100348532
070900010608,2012,0.130931549
070900010608,2013,0.098768015
070900010608,2014,0.091504229
070900010608,2015,0.088948611
070900010608,2016,0.079886576
070900010608,2017,0.077294841
070900010608,2018,0.072893949
070900010608,2019,0.072679718
070900010608,2020,0.076430976
070900010701,2010,0.000551103
070900010701,2011,0.000702715
070900010701,2012,0.000994028
070900010701,2013,0.000789163
070900010701,2014,0.000777734
070900010701,2015,0.00082752
070900010701,2016,0.000703106
070900010701,2017,0.000713021
070900010701,2018,0.00068739
070900010701,2019,0.000701439
070900010701,2020,0.000774538
070900010702,2010,0.0
070900010702,2011,0.0
070900010702,2012,0.0
070900010702,2013,0.0
070900010702,2014,0.0
070900010702,2015,0.0
070900010702,2016,0.0
070900010702,2017,0.0
070900010702,2018,0.0
070900010702,2019,0.0
070900010702,2020,0.0
070900010703,2010,0.01126187
070900010703,2011,0.013898831
070900010703,2012,0.019304856
070900010703,2013,0.014230633
070900010703,2014,0.013118482
070900010703,2015,0.012407342
070900010703,2016,0.011490752
070900010703,2017,0.011651143
070900010703,2018,0.010605415
070900010703,2019,0.010581692
070900010703,2020,0.011487242
070900010704,2010,0.004961222
070900010704,2011,0.005978246
070900010704,2012,0.008145082
070900010704,2013,0.006616744
070900010704,2014,0.006233348
070900010704,2015,0.006203681
070900010704,2016,0.005454946
070900010704,2017,0.005476164
070900010704,2018,0.005154827
070900010704,2019,0.005261659
070900010704,2020,0.005747287
070900010801,2010,0.000191322
070900010801,2011,0.000216684
070900010801,2012,0.000310182
070900010801,2013,0.000222508
070900010801,2014,0.000230614
070900010801,2015,0.000236461
070900010801,2016,0.000215119
070900010801,2017,0.000220053
070900010801,2018,0.000211055
070900010801,2019,0.000211413
070900010801,2020,0.000226032
070900010802,2010,0.021906649
070900010802,2011,0.024650272
070900010802,2012,0.033511298
070900010802,2013,0.024862112
070900010802,2014,0.024318952
070900010802,2015,0.025316688
070900010802,2016,0.022891676
070900010802,2017,0.022906665
070900010802,2018,0.021052795
070900010802,2019,0.021083585
070900010802,2020,0.022170386
070900010803,2010,0.002123156
070900010803,2011,0.002560239
070900010803,2012,0.00339194
070900010803,2013,0.002577661
070900010803,2014,0.002553068
070900010803,2015,0.002594466
070900010803,2016,0.00231271
070900010803,2017,0.002309229
070900010803,2018,0.002159203
070900010803,2019,0.002180616
070900010803,2020,0.002321114
070900010804,2010,0.022151777
070900010804,2011,0.026698135
070900010804,2012,0.035374393
070900010804,2013,0.026879318
070900010804,2014,0.026617803
070900010804,2015,0.027054729
070900010804,2016,0.024118804
070900010804,2017,0.024081864
070900010804,2018,0.022512713
070900010804,2019,0.022734634
070900010804,2020,0.024196638
070900010901,2010,0.0
070900010901,2011,0.0
070900010901,2012,0.0
070900010901,2013,0.0
070900010901,2014,0.0
070900010901,2015,0.0
070900010901,2016,0.0
070900010901,2017,0.0
070900010901,2018,0.0
070900010901,2019,0.0
070900010901,2020,0.0
070900010902,2010,0.011779504
070900010902,2011,0.013442045
070900010902,2012,0.017811769
070900010902,2013,0.013899732
070900010902,2014,0.013433315
070900010902,2015,0.013566673
070900010902,2016,0.01187843
070900010902,2017,0.011824398
070900010902,2018,0.010932653
070900010902,2019,0.010933343
070900010902,2020,0.011790143
070900010903,2010,0.004125709
070900010903,2011,0.004637496
070900010903,2012,0.006152471
070900010903,2013,0.004788116
070900010903,2014,0.004690835
070900010903,2015,0.004737252
070900010903,2016,0.004120947
070900010903,2017,0.004141958
070900010903,2018,0.003792598
070900010903,2019,0.003806632
070900010903,2020,0.004083245
070900010904,2010,0.043952902
070900010904,2011,0.052787729
070900010904,2012,0.070852893
070900010904,2013,0.054560776
070900010904,2014,0.05892329
070900010904,2015,0.052837949
070900010904,2016,0.048863875
070900010904,2017,0.050340451
070900010904,2018,0.046087193
070900010904,2019,0.045436659
070900010904,2020,0.049482325
070900010905,2010,0.0
070900010905,2011,0.0
070900010905,2012,0.0
070900010905,2013,0.0
070900010905,2014,0.0
070900010905,2015,0.0
070900010905,2016,0.0
070900010905,2017,0.0
070900010905,2018,0.0
070900010905,2019,0.0
070900010905,2020,0.0
070900010906,2010,0.043122293
070900010906,2011,0.0519072
070900010906,2012,0.069797344
070900010906,2013,0.053627584
070900010906,2014,0.058817563
070900010906,2015,0.052063127
070900010906,2016,0.048371295
070900010906,2017,0.050130698
070900010906,2018,0.045744676
070900010906,2019,0.045067075
070900010906,2020,0.049071989
070900010907,2010,0.007050786
070900010907,2011,0.008193459
070900010907,2012,0.010882362
070900010907,2013,0.008503772
070900010907,2014,0.007877264
070900010907,2015,0.007398014
070900010907,2016,0.006708682
070900010907,2017,0.006721854
070900010907,2018,0.00664142
070900010907,2019,0.00631751
070900010907,2020,0.006775685
070900010908,2010,0.039442745
070900010908,2011,0.046783016
070900010908,2012,0.062931272
070900010908,2013,0.048798579
070900010908,2014,0.052386005
070900010908,2015,0.047376406
070900010908,2016,0.043564381
070900010908,2017,0.04448331
070900010908,2018,0.040635739
070900010908,2019,0.039978416
070900010908,2020,0.043538365
070900010909,2010,0.0
070900010909,2011,0.0
070900010909,2012,0.0
070900010909,2013,0.0
070900010909,2014,0.0
070900010909,2015,0.0
070900010909,2016,0.0
070900010909,2017,0.0
070900010909,2018,0.0
070900010909,2019,0.0
070900010909,2020,0.0
070900011001,2010,0.028825331
070900011001,2011,0.034734368
070900011001,2012,0.047323956
070900011001,2013,0.038444117
070900011001,2014,0.036216542
070900011001,2015,0.036044172
070900011001,2016,0.031693929
070900011001,2017,0.031817204
070900011001,2018,0.029950196
070900011001,2019,0.030570903
070900011001,2020,0.033392463
070900011002,2010,0.0
070900011002,2011,0.0
070900011002,2012,0.0
070900011002,2013,0.0
070900011002,2014,0.0
070900011002,2015,0.0
070900011002,2016,0.0
070900011002,2017,0.0
070900011002,2018,0.0
070900011002,2019,0.0
070900011002,2020,0.0
070900011003,2010,0.047489866
070900011003,2011,0.055805393
070900011003,2012,0.078293208
070900011003,2013,0.055463195
070900011003,2014,0.055615292
070900011003,2015,0.053419349
070900011003,2016,0.054167362
070900011003,2017,0.04934562
070900011003,2018,0.048471111
070900011003,2019,0.046084867
070900011003,2020,0.047749211
070900011004,2010,1.9134e-05
070900011004,2011,2.2484e-05
070900011004,2012,3.1544e-05
070900011004,2013,2.2346e-05
070900011004,2014,2.2407e-05
070900011004,2015,2.1523e-05
070900011004,2016,2.1824e-05
070900011004,2017,1.9881e-05
070900011004,2018,1.9529e-05
070900011004,2019,1.8568e-05
070900011004,2020,1.9238e-05
070900011005,2010,0.00843124
070900011005,2011,0.009815047
070900011005,2012,0.013311153
070900011005,2013,0.009827641
070900011005,2014,0.009306877
070900011005,2015,0.009344318
070900011005,2016,0.008391636
070900011005,2017,0.007902999
070900011005,2018,0.007508137
070900011005,2019,0.007677059
070900011005,2020,0.008124648
070900011101,2010,0.003310289
070900011101,2011,0.003996812
070900011101,2012,0.005214912
070900011101,2013,0.003933861
070900011101,2014,0.00364455
070900011101,2015,0.003542761
070900011101,2016,0.003181827
070900011101,2017,0.0030786
070900011101,2018,0.002903315
070900011101,2019,0.002894782
070900011101,2020,0.003044193
070900011102,2010,0.017755663
070900011102,2011,0.021133203
070900011102,2012,0.030079887
070900011102,2013,0.025028651
070900011102,2014,0.023052012
070900011102,2015,0.022989856
070900011102,2016,0.021824397
070900011102,2017,0.022503597
070900011102,2018,0.020852152
070900011102,2019,0.020508749
070900011102,2020,0.021568411
070900011103,2010,0.080337004
070900011103,2011,0.096982908
070900011103,2012,0.126669768
070900011103,2013,0.095675206
070900011103,2014,0.088631457
070900011103,2015,0.086185838
070900011103,2016,0.07746653
070900011103,2017,0.075025886
070900011103,2018,0.070734819
070900011103,2019,0.070511918
070900011103,2020,0.07415126
070900011104,2010,0.000362959
070900011104,2011,0.000422522
070900011104,2012,0.000572978
070900011104,2013,0.000423071
070900011104,2014,0.000400599
070900011104,2015,0.000402253
070900011104,2016,0.000361134
070900011104,2017,0.000340134
070900011104,2018,0.000323113
070900011104,2019,0.000330443
070900011104,2020,0.000349726
070900011105,2010,0.057708151
070900011105,2011,0.06718719
070900011105,2012,0.091138672
070900011105,2013,0.067239645
070900011105,2014,0.063776034
070900011105,2015,0.063956823
070900011105,2016,0.057459512
070900011105,2017,0.054188572
070900011105,2018,0.051525669
070900011105,2019,0.05257241
070900011105,2020,0.055649315
070900020101,2010,0.00474695
070900020101,2011,0.005385982
070900020101,2012,0.007326892
070900020101,2013,0.005940491
070900020101,2014,0.005570247
070900020101,2015,0.005469762
070900020101,2016,0.005025471
070900020101,2017,0.004938684
070900020101,2018,0.004349561
070900020101,2019,0.004234126
070900020101,2020,0.00449386
070900020102,2010,0.005483407
070900020102,2011,0.006222098
070900020102,2012,0.008463872
070900020102,2013,0.006875113
070900020102,2014,0.006456095
070900020102,2015,0.006346297
070900020102,2016,0.005818517
070900020102,2017,0.005713493
070900020102,2018,0.005041898
070900020102,2019,0.004914449
070900020102,2020,0.005211708
070900020201,2010,0.00945197
070900020201,2011,0.011217538
070900020201,2012,0.014702588
070900020201,2013,0.01104571
070900020201,2014,0.009627896
070900020201,2015,0.009263836
070900020201,2016,0.008740122
070900020201,2017,0.008425984
070900020201,2018,0.007742454
070900020201,2019,0.007989695
070900020201,2020,0.008089289
070900020202,2010,0.008489588
070900020202,2011,0.010075389
070900020202,2012,0.013205597
070900020202,2013,0.009921056
070900020202,2014,0.008647601
070900020202,2015,0.008320609
070900020202,2016,0.007850219
070900020202,2017,0.007568066
070900020202,2018,0.006954131
070900020202,2019,0.007176198
070900020202,2020,0.007265652
070900020203,2010,0.082455551
070900020203,2011,0.097857721
070900020203,2012,0.128260028
070900020203,2013,0.096358755
070900020203,2014,0.083990261
070900020203,2015,0.080814336
070900020203,2016,0.076245647
070900020203,2017,0.073505224
070900020203,2018,0.067542353
070900020203,2019,0.06969919
070900020203,2020,0.070568017
070900020301,2010,0.110091591
070900020301,2011,0.127882749
070900020301,2012,0.174846731
070900020301,2013,0.148723409
070900020301,2014,0.119030244
070900020301,2015,0.124801362
070900020301,2016,0.123928245
070900020301,2017,0.125264276
070900020301,2018,0.116831672
070900020301,2019,0.111293121
070900020301,2020,0.111872226
070900020302,2010,0.0089965
070900020302,2011,0.010560593
070900020302,2012,0.014512271
070900020302,2013,0.010428963
070900020302,2014,0.00911262
070900020302,2015,0.008572382
070900020302,2016,0.008037702
070900020302,2017,0.007772753
070900020302,2018,0.007061598
070900020302,2019,0.007195866
070900020302,2020,0.007592238
070900020303,2010,0.026559715
070900020303,2011,0.0309695
070900020303,2012,0.042074562
070900020303,2013,0.035935621
070900020303,2014,0.029032449
070900020303,2015,0.029108135
070900020303,2016,0.027631239
070900020303,2017,0.027468229
070900020303,2018,0.026168245
070900020303,2019,0.025900482
070900020303,2020,0.026899165
070900020304,2010,0.0
070900020304,2011,0.0
070900020304,2012,0.0
070900020304,2013,0.0
070900020304,2014,0.0
070900020304,2015,0.0
070900020304,2016,0.0
070900020304,2017,0.0
070900020304,2018,0.0
070900020304,2019,0.0
070900020304,2020,0.0
070900020305,2010,0.000348776
070900020305,2011,0.000409654
070900020305,2012,0.000563628
070900020305,2013,0.000399352
070900020305,2014,0.000351746
070900020305,2015,0.000329239
070900020305,2016,0.000308278
070900020305,2017,0.00029743
070900020305,2018,0.000269042
070900020305,2019,0.000274743
070900020305,2020,0.00029027
070900020306,2010,0.004486656
070900020306,2011,0.005249393
070900020306,2012,0.007197851
070900020306,2013,0.005152771
070900020306,2014,0.005199045
070900020306,2015,0.004976022
070900020306,2016,0.004587149
070900020306,2017,0.004528682
070900020306,2018,0.004447158
070900020306,2019,0.004185965
070900020306,2020,0.004456897
070900020401,2010,0.179144981
070900020401,2011,0.203111428
070900020401,2012,0.290672593
070900020401,2013,0.208664023
070900020401,2014,0.216015931
070900020401,2015,0.221517038
070900020401,2016,0.201527382
070900020401,2017,0.206097725
070900020401,2018,0.197529704
070900020401,2019,0.197853783
070900020401,2020,0.211511981
070900020402,2010,0.015444779
070900020402,2011,0.018072434
070900020402,2012,0.023945249
070900020402,2013,0.018257021
070900020402,2014,0.01731308
070900020402,2015,0.016533566
070900020402,2016,0.015661548
070900020402,2017,0.015076922
070900020402,2018,0.014218821
070900020402,2019,0.013894372
070900020402,2020,0.014800614
070900020403,2010,0.015447447
070900020403,2011,0.018468371
070900020403,2012,0.02600704
070900020403,2013,0.018428048
070900020403,2014,0.017787924
070900020403,2015,0.01853008
070900020403,2016,0.016931306
070900020403,2017,0.01700114
070900020403,2018,0.015783123
070900020403,2019,0.015834411
070900020403,2020,0.016834011
070900020404,2010,0.020361884
070900020404,2011,0.025639733
070900020404,2012,0.03048203
070900020404,2013,0.024691115
070900020404,2014,0.023210624
070900020404,2015,0.024156242
070900020404,2016,0.022246513
070900020404,2017,0.022788321
070900020404,2018,0.021352398
070900020404,2019,0.021732215
070900020404,2020,0.022589523
070900020405,2010,0.000180187
070900020405,2011,0.000210819
070900020405,2012,0.00028907
070900020405,2013,0.000206939
070900020405,2014,0.000208797
070900020405,2015,0.00019984
070900020405,2016,0.000184223
070900020405,2017,0.000181875
070900020405,2018,0.000178601
070900020405,2019,0.000168111
070900020405,2020,0.000178992
070900020501,2010,0.00882071
070900020501,2011,0.010904659
070900020501,2012,0.015143353
070900020501,2013,0.011909916
070900020501,2014,0.011555686
070900020501,2015,0.012037958
070900020501,2016,0.010410408
070900020501,2017,0.010526675
070900020501,2018,0.010300682
070900020501,2019,0.010259421
070900020501,2020,0.011238392
070900020502,2010,0.000367402
070900020502,2011,0.000468477
070900020502,2012,0.000662685
070900020502,2013,0.000526109
070900020502,2014,0.00051849
070900020502,2015,0.00055168
070900020502,2016,0.000468737
070900020502,2017,0.000475347
070900020502,2018,0.00045826
070900020502,2019,0.000467626
070900020502,2020,0.000516358
070900020503,2010,0.097605473
070900020503,2011,0.112799233
070900020503,2012,0.161105669
070900020503,2013,0.117883623
070900020503,2014,0.120794419
070900020503,2015,0.124669415
070900020503,2016,0.112089027
070900020503,2017,0.114464328
070900020503,2018,0.109896169
070900020503,2019,0.110384915
070900020503,2020,0.118620272
070900020504,2010,0.131965211
070900020504,2011,0.16415714
070900020504,2012,0.2308881
070900020504,2013,0.201960794
070900020504,2014,0.191865428
070900020504,2015,0.19425472
070900020504,2016,0.174637345
070900020504,2017,0.177045654
070900020504,2018,0.164782265
070900020504,2019,0.161765307
070900020504,2020,0.170611184
070900020601,2010,0.028658271
070900020601,2011,0.032977874
070900020601,2012,0.04912803
070900020601,2013,0.034724085
070900020601,2014,0.034561058
070900020601,2015,0.03535641
070900020601,2016,0.032023928
070900020601,2017,0.032336437
070900020601,2018,0.029778563
070900020601,2019,0.029963127
070900020601,2020,0.031325012
070900020602,2010,0.090187115
070900020602,2011,0.103659871
070900020602,2012,0.155046025
070900020602,2013,0.109484862
070900020602,2014,0.108892222
070900020602,2015,0.11152361
070900020602,2016,0.100856232
070900020602,2017,0.101944367
070900020602,2018,0.093939763
070900020602,2019,0.094431963
070900020602,2020,0.09879988
070900020603,2010,0.143017795
070900020603,2011,0.175801806
070900020603,2012,0.251911386
070900020603,2013,0.212232648
070900020603,2014,0.218581913
070900020603,2015,0.218779993
070900020603,2016,0.197605553
070900020603,2017,0.201717563
070900020603,2018,0.182975671
070900020603,2019,0.178478836
070900020603,2020,0.188041034
070900020604,2010,0.396768106
070900020604,2011,0.498694298
070900020604,2012,0.702562228
070900020604,2013,0.672196702
070900020604,2014,0.673084554
070900020604,2015,0.662535546
070900020604,2016,0.597119113
070900020604,2017,0.609250515
070900020604,2018,0.538902184
070900020604,2019,0.52379187
070900020604,2020,0.552967382
070900020701,2010,0.262828155
070900020701,2011,0.33313525
070900020701,2012,0.466332123
070900020701,2013,0.466473629
070900020701,2014,0.462811288
070900020701,2015,0.453003094
070900020701,2016,0.407974044
070900020701,2017,0.416194043
070900020701,2018,0.364929835
070900020701,2019,0.354250847
070900020701,2020,0.374250137
070900020702,2010,0.779163394
070900020702,2011,0.965112845
070900020702,2012,1.35019837
070900020702,2013,1.275268074
070900020702,2014,1.272195479
070900020702,2015,1.253455458
070900020702,2016,1.132305351
070900020702,2017,1.15497179
070900020702,2018,1.028585607
070900020702,2019,0.998088764
070900020702,2020,1.064366243
070900020703,2010,0.089800994
070900020703,2011,0.108334884
070900020703,2012,0.150755799
070900020703,2013,0.11906067
070900020703,2014,0.119131773
070900020703,2015,0.119713189
070900020703,2016,0.109510497
070900020703,2017,0.11149208
070900020703,2018,0.105461694
070900020703,2019,0.102524243
070900020703,2020,0.110109668
070900020801,2010,0.088343908
070900020801,2011,0.103566599
070900020801,2012,0.150555354
070900020801,2013,0.111525073
070900020801,2014,0.109962811
070900020801,2015,0.10995791
070900020801,2016,0.102686406
070900020801,2017,0.104782326
070900020801,2018,0.098613684
070900020801,2019,0.097982916
070900020801,2020,0.106104019
070900020802,2010,0.003835268
070900020802,2011,0.004249497
070900020802,2012,0.00575234
070900020802,2013,0.004313311
070900020802,2014,0.00429905
070900020802,2015,0.004103909
070900020802,2016,0.00380249
070900020802,2017,0.003897855
070900020802,2018,0.003682196
070900020802,2019,0.003662517
070900020802,2020,0.00389763
070900020803,2010,0.0
070900020803,2011,0.0
070900020803,2012,0.0
070900020803,2013,0.0
070900020803,2014,0.0
070900020803,2015,0.0
070900020803,2016,0.0
070900020803,2017,0.0
070900020803,2018,0.0
070900020803,2019,0.0
070900020803,2020,0.0
070900020901,2010,0.08026002
070900020901,2011,0.099141199
070900020901,2012,0.139243517
070900020901,2013,0.121294139
070900020901,2014,0.119206333
070900020901,2015,0.119414828
070900020901,2016,0.108082733
070900020901,2017,0.109664627
070900020901,2018,0.098223266
070900020901,2019,0.096581107
070900020901,2020,0.102275298
070900020902,2010,0.041160252
070900020902,2011,0.049695166
070900020902,2012,0.068879756
070900020902,2013,0.050389162
070900020902,2014,0.051360558
070900020902,2015,0.051735526
070900020902,2016,0.047621444
070900020902,2017,0.047893541
070900020902,2018,0.047273527
070900020902,2019,0.045895606
070900020902,2020,0.047213565
070900020903,2010,0.105795669
070900020903,2011,0.12404127
070900020903,2012,0.167338353
070900020903,2013,0.123926851
070900020903,2014,0.12263544
070900020903,2015,0.120678708
070900020903,2016,0.117662861
070900020903,2017,0.11898502
070900020903,2018,0.109850475
070900020903,2019,0.106016682
070900020903,2020,0.1120992
070900020904,2010,0.001389395
070900020904,2011,0.001629011
070900020904,2012,0.002197623
070900020904,2013,0.001627508
070900020904,2014,0.001610548
070900020904,2015,0.001584851
070900020904,2016,0.001545244
070900020904,2017,0.001562608
070900020904,2018,0.001442646
070900020904,2019,0.001392297
070900020904,2020,0.001472178
070900020905,2010,0.0
070900020905,2011,0.0
070900020905,2012,0.0
070900020905,2013,0.0
070900020905,2014,0.0
070900020905,2015,0.0
070900020905,2016,0.0
070900020905,2017,0.0
070900020905,2018,0.0
070900020905,2019,0.0
070900020905,2020,0.0
070900021001,2010,0.084669871
070900021001,2011,0.09906384
070900021001,2012,0.135834149
070900021001,2013,0.097240443
070900021001,2014,0.098113706
070900021001,2015,0.093904927
070900021001,2016,0.086566309
070900021001,2017,0.085462955
070900021001,2018,0.083924482
070900021001,2019,0.078995382
070900021001,2020,0.084108271
070900021002,2010,9.1453e-05
070900021002,2011,0.000108044
070900021002,2012,0.000145294
070900021002,2013,0.000104802
070900021002,2014,0.000101258
070900021002,2015,9.8719e-05
070900021002,2016,9.1926e-05
070900021002,2017,9.0551e-05
070900021002,2018,8.5035e-05
070900021002,2019,8.2095e-05
070900021002,2020,8.7727e-05
070900021003,2010,0.019640407
070900021003,2011,0.023012341
070900021003,2012,0.03148023
070900021003,2013,0.022579238
070900021003,2014,0.02268408
070900021003,2015,0.021739445
070900021003,2016,0.020066099
070900021003,2017,0.019820007
070900021003,2018,0.019383195
070900021003,2019,0.01829939
070900021003,2020,0.019482932
070900021004,2010,0.044972332
070900021004,2011,0.053804398
070900021004,2012,0.07054659
070900021004,2013,0.051429277
070900021004,2014,0.046642475
070900021004,2015,0.046712526
070900021004,2016,0.044123508
070900021004,2017,0.043335201
070900021004,2018,0.037928919
070900021004,2019,0.038092453
070900021004,2020,0.040929806
070900021005,2010,0.03719613
070900021005,2011,0.044657988
070900021005,2012,0.060226469
070900021005,2013,0.0456308
070900021005,2014,0.043729772
070900021005,2015,0.040571532
070900021005,2016,0.038834103
070900021005,2017,0.039652959
070900021005,2018,0.03734325
070900021005,2019,0.037061251
070900021005,2020,0.038934378
070900021006,2010,0.001454597
070900021006,2011,0.001746402
070900021006,2012,0.002355225
070900021006,2013,0.001784445
070900021006,2014,0.001710103
070900021006,2015,0.001586596
070900021006,2016,0.001518652
070900021006,2017,0.001550674
070900021006,2018,0.001460351
070900021006,2019,0.001449323
070900021006,2020,0.001522573
070900021101,2010,0.01040984
070900021101,2011,0.012021438
070900021101,2012,0.017030862
070900021101,2013,0.012257443
070900021101,2014,0.012078994
070900021101,2015,0.011404403
070900021101,2016,0.01046312
070900021101,2017,0.010392708
070900021101,2018,0.00943386
070900021101,2019,0.008926714
070900021101,2020,0.009523357
070900021102,2010,0.238402799
070900021102,2011,0.275311106
070900021102,2012,0.390035328
070900021102,2013,0.280716013
070900021102,2014,0.276629229
070900021102,2015,0.261179964
070900021102,2016,0.239623014
070900021102,2017,0.238010455
070900021102,2018,0.216051226
070900021102,2019,0.204436744
070900021102,2020,0.218100851
070900021201,2010,0.00612083
070900021201,2011,0.006821031
070900021201,2012,0.009378286
070900021201,2013,0.006986282
070900021201,2014,0.006249857
070900021201,2015,0.00637343
070900021201,2016,0.005813458
070900021201,2017,0.005760143
070900021201,2018,0.005072115
070900021201,2019,0.00489869
070900021201,2020,0.005257838
070900021202,2010,0.0
070900021202,2011,0.0
070900021202,2012,0.0
070900021202,2013,0.0
070900021202,2014,0.0
070900021202,2015,0.0
070900021202,2016,0.0
070900021202,2017,0.0
070900021202,2018,0.0
070900021202,2019,0.0
070900021202,2020,0.0
070900021301,2010,0.000203355
070900021301,2011,0.000235469
070900021301,2012,0.000330418
070900021301,2013,0.000239354
070900021301,2014,0.000234326
070900021301,2015,0.000222817
070900021301,2016,0.000205472
070900021301,2017,0.000204826
070900021301,2018,0.000186224
070900021301,2019,0.000180047
070900021301,2020,0.000193241
070900021302,2010,0.0
070900021302,2011,0.0
070900021302,2012,0.0
070900021302,2013,0.0
070900021302,2014,0.0
070900021302,2015,0.0
070900021302,2016,0.0
070900021302,2017,0.0
070900021302,2018,0.0
070900021302,2019,0.0
070900021302,2020,0.0
070900021303,2010,0.388559118
070900021303,2011,0.448713861
070900021303,2012,0.635696323
070900021303,2013,0.45752301
070900021303,2014,0.450862194
070900021303,2015,0.425682319
070900021303,2016,0.390547876
070900021303,2017,0.387919658
070900021303,2018,0.352129564
070900021303,2019,0.333199783
070900021303,2020,0.355470131
070900021401,2010,0.026835788
070900021401,2011,0.029334774
070900021401,2012,0.042184238
070900021401,2013,0.031747316
070900021401,2014,0.029384462
070900021401,2015,0.028797403
070900021401,2016,0.028114715
070900021401,2017,0.02738568
070900021401,2018,0.025432442
070900021401,2019,0.02356049
070900021401,2020,0.026096157
070900021402,2010,0.062067375
070900021402,2011,0.071186571
070900021402,2012,0.091349672
070900021402,2013,0.075331611
070900021402,2014,0.061973009
070900021402,2015,0.065079893
070900021402,2016,0.065163994
070900021402,2017,0.062526172
070900021402,2018,0.055275082
070900021402,2019,0.055425608
070900021402,2020,0.062681714
070900021403,2010,0.011140746
070900021403,2011,0.012776847
070900021403,2012,0.016220041
070900021403,2013,0.013463467
070900021403,2014,0.011030558
070900021403,2015,0.011690946
070900021403,2016,0.011664674
070900021403,2017,0.011226866
070900021403,2018,0.009878823
070900021403,2019,0.009915173
070900021403,2020,0.011247715
070900021404,2010,0.011062536
070900021404,2011,0.012886237
070900021404,2012,0.016688543
070900021404,2013,0.012670643
070900021404,2014,0.012416404
070900021404,2015,0.010723228
070900021404,2016,0.010987665
070900021404,2017,0.010148941
070900021404,2018,0.010016269
070900021404,2019,0.009577376
070900021404,2020,0.010829058
070900021405,2010,0.018064561
070900021405,2011,0.020962636
070900021405,2012,0.028319285
070900021405,2013,0.022065515
070900021405,2014,0.020105837
070900021405,2015,0.018675148
070900021405,2016,0.018545164
070900021405,2017,0.017822174
070900021405,2018,0.016444428
070900021405,2019,0.016217092
070900021405,2020,0.01769084
070900021406,2010,0.000470736
070900021406,2011,0.000539867
070900021406,2012,0.000685354
070900021406,2013,0.000568879
070900021406,2014,0.00046608
070900021406,2015,0.000493984
070900021406,2016,0.000492874
070900021406,2017,0.000474375
070900021406,2018,0.000417415
070900021406,2019,0.000418951
070900021406,2020,0.000475256
070900021407,2010,0.004800031
070900021407,2011,0.005575447
070900021407,2012,0.007513553
070900021407,2013,0.006164677
070900021407,2014,0.005494392
070900021407,2015,0.00520327
070900021407,2016,0.005010745
070900021407,2017,0.004979445
070900021407,2018,0.004462817
070900021407,2019,0.00427693
070900021407,2020,0.004669967
070900021408,2010,0.166805217
070900021408,2011,0.19281677
070900021408,2012,0.25863393
070900021408,2013,0.197224685
070900021408,2014,0.178313538
070900021408,2015,0.170483936
070900021408,2016,0.162043952
070900021408,2017,0.157667877
070900021408,2018,0.137880007
070900021408,2019,0.138798283
070900021408,2020,0.158047138
070900021501,2010,0.000299564
070900021501,2011,0.000345941
070900021501,2012,0.000490097
070900021501,2013,0.000352732
070900021501,2014,0.000347597
070900021501,2015,0.000328184
070900021501,2016,0.000301097
070900021501,2017,0.000299071
070900021501,2018,0.000271478
070900021501,2019,0.000256884
070900021501,2020,0.000274053
070900021502,2010,0.447307905
070900021502,2011,0.519188042
070900021502,2012,0.696560756
070900021502,2013,0.5299183
070900021502,2014,0.47920501
070900021502,2015,0.458324658
070900021502,2016,0.435618904
070900021502,2017,0.423540551
070900021502,2018,0.370092819
070900021502,2019,0.373309751
070900021502,2020,0.425676361
070900030101,2010,0.003028181
070900030101,2011,0.003327749
070900030101,2012,0.004621451
070900030101,2013,0.003412744
070900030101,2014,0.003711187
070900030101,2015,0.004020382
070900030101,2016,0.002963497
070900030101,2017,0.003004052
070900030101,2018,0.002607874
070900030101,2019,0.002508327
070900030101,2020,0.002459816
070900030102,2010,0.006284554
070900030102,2011,0.006957429
070900030102,2012,0.009751864
070900030102,2013,0.007203339
070900030102,2014,0.007293572
070900030102,2015,0.007426442
070900030102,2016,0.006673757
070900030102,2017,0.007082055
070900030102,2018,0.006435525
070900030102,2019,0.006274468
070900030102,2020,0.006427063
070900030103,2010,0.011477243
070900030103,2011,0.012744394
070900030103,2012,0.017866981
070900030103,2013,0.013133896
070900030103,2014,0.013288112
070900030103,2015,0.013622987
070900030103,2016,0.012257383
070900030103,2017,0.012668016
070900030103,2018,0.011467788
070900030103,2019,0.011223926
070900030103,2020,0.011397037
070900030201,2010,0.000534917
070900030201,2011,0.000548505
070900030201,2012,0.000776377
070900030201,2013,0.000559352
070900030201,2014,0.000567756
070900030201,2015,0.000587545
070900030201,2016,0.000524193
070900030201,2017,0.000519078
070900030201,2018,0.000489063
070900030201,2019,0.00046627
070900030201,2020,0.000471089
070900030202,2010,0.002800333
070900030202,2011,0.002897876
070900030202,2012,0.004046552
070900030202,2013,0.002973918
070900030202,2014,0.002940312
070900030202,2015,0.002684712
070900030202,2016,0.002472649
070900030202,2017,0.002487673
070900030202,2018,0.002344189
070900030202,2019,0.002303
070900030202,2020,0.002312187
070900030203,2010,0.000361163
070900030203,2011,0.000333578
070900030203,2012,0.00055267
070900030203,2013,0.000395481
070900030203,2014,0.000401284
070900030203,2015,0.000384412
070900030203,2016,0.000328911
070900030203,2017,0.000318109
070900030203,2018,0.000285346
070900030203,2019,0.00026586
070900030203,2020,0.000273418
070900030204,2010,0.0
070900030204,2011,0.0
070900030204,2012,0.0
070900030204,2013,0.0
070900030204,2014,0.0
070900030204,2015,0.0
070900030204,2016,0.0
070900030204,2017,0.0
070900030204,2018,0.0
070900030204,2019,0.0
070900030204,2020,0.0
070900030301,2010,0.007894898
070900030301,2011,0.008085605
070900030301,2012,0.010788151
070900030301,2013,0.009149527
070900030301,2014,0.009368251
070900030301,2015,0.0081483
070900030301,2016,0.007812176
070900030301,2017,0.007763877
070900030301,2018,0.007743695
070900030301,2019,0.007700256
070900030301,2020,0.007448726
070900030302,2010,0.0
070900030302,2011,0.0
070900030302,2012,0.0
070900030302,2013,0.0
070900030302,2014,0.0
070900030302,2015,0.0
070900030302,2016,0.0
070900030302,2017,0.0
070900030302,2018,0.0
070900030302,2019,0.0
070900030302,2020,0.0
070900030303,2010,0.0
070900030303,2011,0.0
070900030303,2012,0.0
070900030303,2013,0.0
070900030303,2014,0.0
070900030303,2015,0.0
070900030303,2016,0.0
070900030303,2017,0.0
070900030303,2018,0.0
070900030303,2019,0.0
070900030303,2020,0.0
070900030304,2010,0.0
070900030304,2011,0.0
070900030304,2012,0.0
070900030304,2013,0.0
070900030304,2014,0.0
070900030304,2015,0.0
070900030304,2016,0.0
070900030304,2017,0.0
070900030304,2018,0.0
070900030304,2019,0.0
070900030304,2020,0.0
070900030305,2010,0.00071364
070900030305,2011,0.000799406
070900030305,2012,0.001071484
070900030305,2013,0.000824902
070900030305,2014,0.000797246
070900030305,2015,0.000778655
070900030305,2016,0.000725393
070900030305,2017,0.00079227
070900030305,2018,0.000705361
070900030305,2019,0.000691822
070900030305,2020,0.00071335
070900030306,2010,0.016086638
070900030306,2011,0.018019946
070900030306,2012,0.024153035
070900030306,2013,0.018594657
070900030306,2014,0.017971245
070900030306,2015,0.017552178
070900030306,2016,0.01635156
070900030306,2017,0.017859094
070900030306,2018,0.015900022
070900030306,2019,0.015594829
070900030306,2020,0.016080102
070900030401,2010,0.03032362
070900030401,2011,0.033387862
070900030401,2012,0.046779756
070900030401,2013,0.034858263
070900030401,2014,0.035344004
070900030401,2015,0.035545846
070900030401,2016,0.031871213
070900030401,2017,0.035437128
070900030401,2018,0.032410418
070900030401,2019,0.031393844
070900030401,2020,0.03263298
070900030402,2010,0.0
070900030402,2011,0.0
070900030402,2012,0.0
070900030402,2013,0.0
070900030402,2014,0.0
070900030402,2015,0.0
070900030402,2016,0.0
070900030402,2017,0.0
070900030402,2018,0.0
070900030402,2019,0.0
070900030402,2020,0.0
070900030403,2010,0.0
070900030403,2011,0.0
070900030403,2012,0.0
070900030403,2013,0.0
070900030403,2014,0.0
070900030403,2015,0.0
070900030403,2016,0.0
070900030403,2017,0.0
070900030403,2018,0.0
070900030403,2019,0.0
070900030403,2020,0.0
070900030404,2010,0.001525023
070900030404,2011,0.001574214
070900030404,2012,0.002142223
070900030404,2013,0.001801506
070900030404,2014,0.001707462
070900030404,2015,0.001717098
070900030404,2016,0.001532118
070900030404,2017,0.001653714
070900030404,2018,0.001331271
070900030404,2019,0.001274393
070900030404,2020,0.001401068
070900030501,2010,0.0
070900030501,2011,0.0
070900030501,2012,0.0
070900030501,2013,0.0
070900030501,2014,0.0
070900030501,2015,0.0
070900030501,2016,0.0
070900030501,2017,0.0
070900030501,2018,0.0
070900030501,2019,0.0
070900030501,2020,0.0
070900030502,2010,0.000918326
070900030502,2011,0.001034701
070900030502,2012,0.001463684
070900030502,2013,0.001077155
070900030502,2014,0.001007702
070900030502,2015,0.00101826
070900030502,2016,0.000917339
070900030502,2017,0.000923215
070900030502,2018,0.000834103
070900030502,2019,0.000827604
070900030502,2020,0.000855283
070900030601,2010,0.002430946
070900030601,2011,0.002875956
070900030601,2012,0.004190752
070900030601,2013,0.002974572
070900030601,2014,0.002950157
070900030601,2015,0.002852599
070900030601,2016,0.002454541
070900030601,2017,0.002437425
070900030601,2018,0.002245975
070900030601,2019,0.002177444
070900030601,2020,0.002193991
070900030602,2010,0.007938042
070900030602,2011,0.008976972
070900030602,2012,0.012593728
070900030602,2013,0.009284982
070900030602,2014,0.009654468
070900030602,2015,0.00948121
070900030602,2016,0.008458721
070900030602,2017,0.008775377
070900030602,2018,0.008077603
070900030602,2019,0.007966934
070900030602,2020,0.008179533
070900030603,2010,0.003242036
070900030603,2011,0.003642501
070900030603,2012,0.005221709
070900030603,2013,0.003827047
070900030603,2014,0.003431718
070900030603,2015,0.003535456
070900030603,2016,0.003196883
070900030603,2017,0.003171041
070900030603,2018,0.002842995
070900030603,2019,0.002776098
070900030603,2020,0.002878724
070900030701,2010,0.0
070900030701,2011,0.0
070900030701,2012,0.0
070900030701,2013,0.0
070900030701,2014,0.0
070900030701,2015,0.0
070900030701,2016,0.0
070900030701,2017,0.0
070900030701,2018,0.0
070900030701,2019,0.0
070900030701,2020,0.0
070900030702,2010,0.0
070900030702,2011,0.0
070900030702,2012,0.0
070900030702,2013,0.0
070900030702,2014,0.0
070900030702,2015,0.0
070900030702,2016,0.0
070900030702,2017,0.0
070900030702,2018,0.0
070900030702,2019,0.0
070900030702,2020,0.0
070900030703,2010,0.0
070900030703,2011,0.0
070900030703,2012,0.0
070900030703,2013,0.0
070900030703,2014,0.0
070900030703,2015,0.0
070900030703,2016,0.0
070900030703,2017,0.0
070900030703,2018,0.0
070900030703,2019,0.0
070900030703,2020,0.0
070900030801,2010,0.0
070900030801,2011,0.0
070900030801,2012,0.0
070900030801,2013,0.0
070900030801,2014,0.0
070900030801,2015,0.0
070900030801,2016,0.0
070900030801,2017,0.0
070900030801,2018,0.0
070900030801,2019,0.0
070900030801,2020,0.0
070900030802,2010,0.000691495
070900030802,2011,0.0007782
070900030802,2012,0.001116649
070900030802,2013,0.000816261
070900030802,2014,0.00073109
070900030802,2015,0.000753579
070900030802,2016,0.000681602
070900030802,2017,0.000674852
070900030802,2018,0.00060644
070900030802,2019,0.000592407
070900030802,2020,0.00061357
070900030803,2010,0.000607695
070900030803,2011,0.00070111
070900030803,2012,0.001026435
070900030803,2013,0.000765187
070900030803,2014,0.000732336
070900030803,2015,0.00071157
070900030803,2016,0.000624148
070900030803,2017,0.000595929
070900030803,2018,0.000521571
070900030803,2019,0.000463882
070900030803,2020,0.000495773
070900030804,2010,0.0
070900030804,2011,0.0
070900030804,2012,0.0
070900030804,2013,0.0
070900030804,2014,0.0
070900030804,2015,0.0
070900030804,2016,0.0
070900030804,2017,0.0
070900030804,2018,0.0
070900030804,2019,0.0
070900030804,2020,0.0
070900030805,2010,0.004192216
070900030805,2011,0.004836645
070900030805,2012,0.007080914
070900030805,2013,0.005278684
070900030805,2014,0.005052057
070900030805,2015,0.004908804
070900030805,2016,0.004305716
070900030805,2017,0.004111046
070900030805,2018,0.003598084
070900030805,2019,0.00320011
070900030805,2020,0.003420114
070900030806,2010,0.000218817
070900030806,2011,0.000249662
070900030806,2012,0.000331455
070900030806,2013,0.000254482
070900030806,2014,0.000237914
070900030806,2015,0.000249835
070900030806,2016,0.000214893
070900030806,2017,0.000232041
070900030806,2018,0.000178317
070900030806,2019,0.000175284
070900030806,2020,0.000183185
070900030901,2010,0.00109239
070900030901,2011,0.001257811
070900030901,2012,0.001451434
070900030901,2013,0.001442978
070900030901,2014,0.001336663
070900030901,2015,0.00121614
070900030901,2016,0.001091449
070900030901,2017,0.001031492
070900030901,2018,0.000785895
070900030901,2019,0.000768843
070900030901,2020,0.000804656
070900030902,2010,2.6973e-05
070900030902,2011,3.1057e-05
070900030902,2012,3.5838e-05
070900030902,2013,3.5629e-05
070900030902,2014,3.3004e-05
070900030902,2015,3.0028e-05
070900030902,2016,2.6949e-05
070900030902,2017,2.5469e-05
070900030902,2018,1.9405e-05
070900030902,2019,1.8984e-05
070900030902,2020,1.9868e-05
070900030903,2010,0.001442679
070900030903,2011,0.001696785
070900030903,2012,0.002171627
070900030903,2013,0.001518754
070900030903,2014,0.00153568
070900030903,2015,0.001531532
070900030903,2016,0.001235633
070900030903,2017,0.001331373
070900030903,2018,0.001349457
070900030903,2019,0.001265642
070900030903,2020,0.001335301
070900030904,2010,0.002481035
070900030904,2011,0.002914049
070900030904,2012,0.003678176
070900030904,2013,0.002600089
070900030904,2014,0.002639683
070900030904,2015,0.002724462
070900030904,2016,0.002052717
070900030904,2017,0.002233867
070900030904,2018,0.00218394
070900030904,2019,0.002075946
070900030904,2020,0.002195012
070900031001,2010,0.0
070900031001,2011,0.0
070900031001,2012,0.0
070900031001,2013,0.0
070900031001,2014,0.0
070900031001,2015,0.0
070900031001,2016,0.0
070900031001,2017,0.0
070900031001,2018,0.0
070900031001,2019,0.0
070900031001,2020,0.0
070900031002,2010,0.0
070900031002,2011,0.0
070900031002,2012,0.0
070900031002,2013,0.0
070900031002,2014,0.0
070900031002,2015,0.0
070900031002,2016,0.0
070900031002,2017,0.0
070900031002,2018,0.0
070900031002,2019,0.0
070900031002,2020,0.0
070900031003,2010,0.001331292
070900031003,2011,0.001440731
070900031003,2012,0.002008788
070900031003,2013,0.001500255
070900031003,2014,0.00138934
070900031003,2015,0.00134769
070900031003,2016,0.001265884
070900031003,2017,0.001133683
070900031003,2018,0.001063152
070900031003,2019,0.000991281
070900031003,2020,0.001048444
070900031004,2010,0.075548677
070900031004,2011,0.084990137
070900031004,2012,0.118708588
070900031004,2013,0.081827973
070900031004,2014,0.075665425
070900031004,2015,0.07569512
070900031004,2016,0.068219474
070900031004,2017,0.069354731
070900031004,2018,0.063876277
070900031004,2019,0.061870929
070900031004,2020,0.064857306
070900031005,2010,0.0
070900031005,2011,0.0
070900031005,2012,0.0
070900031005,2013,0.0
070900031005,2014,0.0
070900031005,2015,0.0
070900031005,2016,0.0
070900031005,2017,0.0
070900031005,2018,0.0
070900031005,2019,0.0
070900031005,2020,0.0
070900031006,2010,0.001498934
070900031006,2011,0.001667149
070900031006,2012,0.002257639
070900031006,2013,0.00169507
070900031006,2014,0.001577594
070900031006,2015,0.001434681
070900031006,2016,0.001323461
070900031006,2017,0.001420464
070900031006,2018,0.00130426
070900031006,2019,0.00116883
070900031006,2020,0.001274962
070900031101,2010,0.010880843
070900031101,2011,0.012240643
070900031101,2012,0.017096918
070900031101,2013,0.011785215
070900031101,2014,0.010897658
070900031101,2015,0.010901935
070900031101,2016,0.00982526
070900031101,2017,0.009988765
070900031101,2018,0.009199735
070900031101,2019,0.008910916
070900031101,2020,0.009341027
070900031102,2010,0.005711977
070900031102,2011,0.006517539
070900031102,2012,0.009084827
070900031102,2013,0.00645729
070900031102,2014,0.005921555
070900031102,2015,0.005682554
070900031102,2016,0.005297413
070900031102,2017,0.005659913
070900031102,2018,0.005303393
070900031102,2019,0.004737542
070900031102,2020,0.005331319
070900031202,2010,0.0
070900031202,2011,0.0
070900031202,2012,0.0
070900031202,2013,0.0
070900031202,2014,0.0
070900031202,2015,0.0
070900031202,2016,0.0
070900031202,2017,0.0
070900031202,2018,0.0
070900031202,2019,0.0
070900031202,2020,0.0
070900031501,2010,0.0
070900031501,2011,0.0
070900031501,2012,0.0
070900031501,2013,0.0
070900031501,2014,0.0
070900031501,2015,0.0
070900031501,2016,0.0
070900031501,2017,0.0
070900031501,2018,0.0
070900031501,2019,0.0
070900031501,2020,0.0
070900031502,2010,0.000206311
070900031502,2011,0.000238442
070900031502,2012,0.000319779
070900031502,2013,0.000243186
070900031502,2014,0.000219989
070900031502,2015,0.000210406
070900031502,2016,0.00019989
070900031502,2017,0.000194333
070900031502,2018,0.000169777
070900031502,2019,0.000171238
070900031502,2020,0.000195292
070900031503,2010,0.000972609
070900031503,2011,0.001124083
070900031503,2012,0.001507531
070900031503,2013,0.001146448
070900031503,2014,0.001037091
070900031503,2015,0.000991913
070900031503,2016,0.000942338
070900031503,2017,0.000916139
070900031503,2018,0.000800379
070900031503,2019,0.000807265
070900031503,2020,0.000920662
070900031604,2010,0.008723207
070900031604,2011,0.013550616
070900031604,2012,0.018494734
070900031604,2013,0.014446622
070900031604,2014,0.012705647
070900031604,2015,0.012159768
070900031604,2016,0.011905551
070900031604,2017,0.011602523
070900031604,2018,0.010207769
070900031604,2019,0.010408741
070900031604,2020,0.011826572
070900040101,2010,0.008883998
070900040101,2011,0.010273312
070900040101,2012,0.014540044
070900040101,2013,0.010569204
070900040101,2014,0.011195181
070900040101,2015,0.010206089
070900040101,2016,0.008848586
070900040101,2017,0.009013704
070900040101,2018,0.008453673
070900040101,2019,0.008439941
070900040101,2020,0.008719998
070900040102,2010,0.019651139
070900040102,2011,0.022724258
070900040102,2012,0.032162142
070900040102,2013,0.023378762
070900040102,2014,0.024763406
070900040102,2015,0.022575564
070900040102,2016,0.019572808
070900040102,2017,0.019938043
070900040102,2018,0.018699271
070900040102,2019,0.018668898
070900040102,2020,0.019288374
070900040103,2010,0.0
070900040103,2011,0.0
070900040103,2012,0.0
070900040103,2013,0.0
070900040103,2014,0.0
070900040103,2015,0.0
070900040103,2016,0.0
070900040103,2017,0.0
070900040103,2018,0.0
070900040103,2019,0.0
070900040103,2020,0.0
070900040201,2010,0.31996895
070900040201,2011,0.398711001
070900040201,2012,0.569482566
070900040201,2013,0.514313752
070900040201,2014,0.51819502
070900040201,2015,0.511347337
070900040201,2016,0.4681031
070900040201,2017,0.480118164
070900040201,2018,0.430091477
070900040201,2019,0.422868934
070900040201,2020,0.4455667
070900040202,2010,0.017107276
070900040202,2011,0.020100973
070900040202,2012,0.029243527
070900040202,2013,0.020774062
070900040202,2014,0.022071932
070900040202,2015,0.020989358
070900040202,2016,0.019076204
070900040202,2017,0.019642585
070900040202,2018,0.01846987
070900040202,2019,0.018626132
070900040202,2020,0.019266725
070900040203,2010,0.0
070900040203,2011,0.0
070900040203,2012,0.0
070900040203,2013,0.0
070900040203,2014,0.0
070900040203,2015,0.0
070900040203,2016,0.0
070900040203,2017,0.0
070900040203,2018,0.0
070900040203,2019,0.0
070900040203,2020,0.0
070900040301,2010,0.030103793
070900040301,2011,0.034930363
070900040301,2012,0.047676165
070900040301,2013,0.035232667
070900040301,2014,0.033973144
070900040301,2015,0.032900288
070900040301,2016,0.030725553
070900040301,2017,0.030987774
070900040301,2018,0.02839279
070900040301,2019,0.028958289
070900040301,2020,0.031479014
070900040302,2010,0.01219683
070900040302,2011,0.014228848
070900040302,2012,0.019435821
070900040302,2013,0.014340246
070900040302,2014,0.013779989
070900040302,2015,0.013369634
070900040302,2016,0.012504145
070900040302,2017,0.012587903
070900040302,2018,0.011493733
070900040302,2019,0.011748719
070900040302,2020,0.012798085
070900040401,2010,0.008558927
070900040401,2011,0.009645046
070900040401,2012,0.014018243
070900040401,2013,0.009985255
070900040401,2014,0.009186038
070900040401,2015,0.009032031
070900040401,2016,0.008180313
070900040401,2017,0.008174016
070900040401,2018,0.008043918
070900040401,2019,0.007693316
070900040401,2020,0.008011844
070900040402,2010,0.016391965
070900040402,2011,0.017516454
070900040402,2012,0.024870264
070900040402,2013,0.017344318
070900040402,2014,0.017853112
070900040402,2015,0.017560043
070900040402,2016,0.017357315
070900040402,2017,0.01835443
070900040402,2018,0.017403841
070900040402,2019,0.016449478
070900040402,2020,0.016702124
070900040403,2010,0.0
070900040403,2011,0.0
070900040403,2012,0.0
070900040403,2013,0.0
070900040403,2014,0.0
070900040403,2015,0.0
070900040403,2016,0.0
070900040403,2017,0.0
070900040403,2018,0.0
070900040403,2019,0.0
070900040403,2020,0.0
070900040404,2010,0.0
070900040404,2011,0.0
070900040404,2012,0.0
070900040404,2013,0.0
070900040404,2014,0.0
070900040404,2015,0.0
070900040404,2016,0.0
070900040404,2017,0.0
070900040404,2018,0.0
070900040404,2019,0.0
070900040404,2020,0.0
070900040501,2010,0.016168694
070900040501,2011,0.019148476
070900040501,2012,0.026785909
070900040501,2013,0.020184319
070900040501,2014,0.020015095
070900040501,2015,0.020286265
070900040501,2016,0.018649647
070900040501,2017,0.019113037
070900040501,2018,0.018122581
070900040501,2019,0.017682767
070900040501,2020,0.019599191
070900040502,2010,0.015171757
070900040502,2011,0.017450096
070900040502,2012,0.023549211
070900040502,2013,0.018126765
070900040502,2014,0.017300856
070900040502,2015,0.017251755
070900040502,2016,0.01555949
070900040502,2017,0.016373636
070900040502,2018,0.014360194
070900040502,2019,0.015082399
070900040502,2020,0.015458257
070900040503,2010,0.0
070900040503,2011,0.0
070900040503,2012,0.0
070900040503,2013,0.0
070900040503,2014,0.0
070900040503,2015,0.0
070900040503,2016,0.0
070900040503,2017,0.0
070900040503,2018,0.0
070900040503,2019,0.0
070900040503,2020,0.0
070900040601,2010,0.0
070900040601,2011,0.0
070900040601,2012,0.0
070900040601,2013,0.0
070900040601,2014,0.0
070900040601,2015,0.0
070900040601,2016,0.0
070900040601,2017,0.0
070900040601,2018,0.0
070900040601,2019,0.0
070900040601,2020,0.0
070900040602,2010,0.0
070900040602,2011,0.0
070900040602,2012,0.0
070900040602,2013,0.0
070900040602,2014,0.0
070900040602,2015,0.0
070900040602,2016,0.0
070900040602,2017,0.0
070900040602,2018,0.0
070900040602,2019,0.0
070900040602,2020,0.0
070900040603,2010,0.0
070900040603,2011,0.0
070900040603,2012,0.0
070900040603,2013,0.0
070900040603,2014,0.0
070900040603,2015,0.0
070900040603,2016,0.0
070900040603,2017,0.0
070900040603,2018,0.0
070900040603,2019,0.0
070900040603,2020,0.0
070900040604,2010,0.000282161
070900040604,2011,0.000317423
070900040604,2012,0.000443356
070900040604,2013,0.000305613
070900040604,2014,0.000282597
070900040604,2015,0.000282708
070900040604,2016,0.000254788
070900040604,2017,0.000259028
070900040604,2018,0.000238567
070900040604,2019,0.000231077
070900040604,2020,0.000242231
070900040605,2010,0.020181846
070900040605,2011,0.022239149
070900040605,2012,0.030576691
070900040605,2013,0.023055785
070900040605,2014,0.022467606
070900040605,2015,0.021422956
070900040605,2016,0.020095943
070900040605,2017,0.020469535
070900040605,2018,0.019273436
070900040605,2019,0.018841751
070900040605,2020,0.020321695
070900040701,2010,0.0
070900040701,2011,0.0
070900040701,2012,0.0
070900040701,2013,0.0
070900040701,2014,0.0
070900040701,2015,0.0
070900040701,2016,0.0
070900040701,2017,0.0
070900040701,2018,0.0
070900040701,2019,0.0
070900040701,2020,0.0
070900040702,2010,0.0
070900040702,2011,0.0
070900040702,2012,0.0
070900040702,2013,0.0
070900040702,2014,0.0
070900040702,2015,0.0
070900040702,2016,0.0
070900040702,2017,0.0
070900040702,2018,0.0
070900040702,2019,0.0
070900040702,2020,0.0
070900040703,2010,0.019013058
070900040703,2011,0.02053374
070900040703,2012,0.029037221
070900040703,2013,0.021272632
070900040703,2014,0.020248654
070900040703,2015,0.01953874
070900040703,2016,0.018387198
070900040703,2017,0.018625783
070900040703,2018,0.016827527
070900040703,2019,0.016414537
070900040703,2020,0.016736054
070900040704,2010,0.0
070900040704,2011,0.0
070900040704,2012,0.0
070900040704,2013,0.0
070900040704,2014,0.0
070900040704,2015,0.0
070900040704,2016,0.0
070900040704,2017,0.0
070900040704,2018,0.0
070900040704,2019,0.0
070900040704,2020,0.0
070900040705,2010,0.0
070900040705,2011,0.0
070900040705,2012,0.0
070900040705,2013,0.0
070900040705,2014,0.0
070900040705,2015,0.0
070900040705,2016,0.0
070900040705,2017,0.0
070900040705,2018,0.0
070900040705,2019,0.0
070900040705,2020,0.0
070900040801,2010,0.004458629
070900040801,2011,0.00496792
070900040801,2012,0.00694307
070900040801,2013,0.00527139
070900040801,2014,0.004987826
070900040801,2015,0.004636996
070900040801,2016,0.004546971
070900040801,2017,0.004732011
070900040801,2018,0.004190671
070900040801,2019,0.003858379
070900040801,2020,0.004184665
070900040803,2010,0.0
070900040803,2011,0.0
070900040803,2012,0.0
070900040803,2013,0.0
070900040803,2014,0.0
070900040803,2015,0.0
070900040803,2016,0.0
070900040803,2017,0.0
070900040803,2018,0.0
070900040803,2019,0.0
070900040803,2020,0.0
070900050101,2010,0.046807941
070900050101,2011,0.059688822
070900050101,2012,0.080653956
070900050101,2013,0.061416882
070900050101,2014,0.055501208
070900050101,2015,0.052438924
070900050101,2016,0.050416804
070900050101,2017,0.049174937
070900050101,2018,0.043198066
070900050101,2019,0.043755634
070900050101,2020,0.049694857
070900060301,2010,0.033806707
070900060301,2011,0.046757357
070900060301,2012,0.064048894
070900060301,2013,0.0479358
070900060301,2014,0.042889592
070900060301,2015,0.041356615
070900060301,2016,0.042205523
070900060301,2017,0.041277632
070900060301,2018,0.037771828
070900060301,2019,0.037234812
070900060301,2020,0.039783274
070900060302,2010,0.002302178
070900060302,2011,0.002670424
070900060302,2012,0.00361136
070900060302,2013,0.002750689
070900060302,2014,0.002531389
070900060302,2015,0.002330937
070900060302,2016,0.00234653
070900060302,2017,0.002221658
070900060302,2018,0.002076718
070900060302,2019,0.002073288
070900060302,2020,0.002260812
070900060303,2010,0.010145063
070900060303,2011,0.011564995
070900060303,2012,0.016632149
070900060303,2013,0.013343473
070900060303,2014,0.012400145
070900060303,2015,0.011583734
070900060303,2016,0.012304581
070900060303,2017,0.011518815
070900060303,2018,0.011125733
070900060303,2019,0.010547145
070900060303,2020,0.012796287
071200040101,2010,0.015782647
071200040101,2011,0.032281597
071200040101,2012,0.044214483
071200040101,2013,0.035205928
071200040101,2014,0.032938715
071200040101,2015,0.031905618
071200040101,2016,0.031695136
071200040101,2017,0.031570958
071200040101,2018,0.029746439
071200040101,2019,0.029334299
071200040101,2020,0.034062969
071200040102,2010,0.063336021
071200040102,2011,0.061723752
071200040102,2012,0.083339587
071200040102,2013,0.069477309
071200040102,2014,0.065455942
071200040102,2015,0.064296279
071200040102,2016,0.064778085
071200040102,2017,0.063466421
071200040102,2018,0.057815482
071200040102,2019,0.05954077
071200040102,2020,0.062838684
071200040103,2010,0.048131186
071200040103,2011,0.051316742
071200040103,2012,0.071208539
071200040103,2013,0.057064233
071200040103,2014,0.052633096
071200040103,2015,0.052446206
071200040103,2016,0.052136752
071200040103,2017,0.051874705
071200040103,2018,0.047861637
071200040103,2019,0.048919402
071200040103,2020,0.058252615
071200040104,2010,0.143412182
071200040104,2011,0.140353693
071200040104,2012,0.189921498
071200040104,2013,0.158094737
071200040104,2014,0.148879103
071200040104,2015,0.146333341
071200040104,2016,0.147328741
071200040104,2017,0.144525017
071200040104,2018,0.131937268
071200040104,2019,0.13609537
071200040104,2020,0.145234665
071200040201,2010,0.170793113
071200040201,2011,0.192711755
071200040201,2012,0.263780511
071200040201,2013,0.214872572
071200040201,2014,0.194926456
071200040201,2015,0.189728238
071200040201,2016,0.187253901
071200040201,2017,0.18631832
071200040201,2018,0.171909967
071200040201,2019,0.171283552
071200040201,2020,0.191444726
071200040301,2010,0.035092634
071200040301,2011,0.034416882
071200040301,2012,0.046658189
071200040301,2013,0.038890301
071200040301,2014,0.035613613
071200040301,2015,0.034361881
071200040301,2016,0.034887045
071200040301,2017,0.034927926
071200040301,2018,0.032330956
071200040301,2019,0.03261216
071200040301,2020,0.034654142
071200060101,2010,0.162697171
071200060101,2011,0.178194161
071200060101,2012,0.234371188
071200060101,2013,0.19199267
071200060101,2014,0.171663898
071200060101,2015,0.173898197
071200060101,2016,0.167251019
071200060101,2017,0.165932659
071200060101,2018,0.15048058
071200060101,2019,0.151773378
071200060101,2020,0.154819112
071200060102,2010,0.183542394
071200060102,2011,0.284250525
071200060102,2012,0.395759601
071200060102,2013,0.308756616
071200060102,2014,0.284763763
071200060102,2015,0.292129384
071200060102,2016,0.269868992
071200060102,2017,0.271045443
071200060102,2018,0.249737827
071200060102,2019,0.25030223
071200060102,2020,0.258199473
071200060103,2010,0.18427541
071200060103,2011,0.214669079
071200060103,2012,0.288112699
071200060103,2013,0.228117648
071200060103,2014,0.207198986
071200060103,2015,0.22177199
071200060103,2016,0.211342207
071200060103,2017,0.212746187
071200060103,2018,0.203138625
071200060103,2019,0.201058473
071200060103,2020,0.209781579
071200060104,2010,0.124866092
071200060104,2011,0.142413214
071200060104,2012,0.191609785
071200060104,2013,0.153710785
071200060104,2014,0.13428583
071200060104,2015,0.143249502
071200060104,2016,0.140465437
071200060104,2017,0.142243348
071200060104,2018,0.125959187
071200060104,2019,0.124231266
071200060104,2020,0.130414692
071200060105,2010,0.313360794
071200060105,2011,0.358545816
071200060105,2012,0.482463976
071200060105,2013,0.387172216
071200060105,2014,0.339792789
071200060105,2015,0.359815117
071200060105,2016,0.350622216
071200060105,2017,0.354222766
071200060105,2018,0.315435971
071200060105,2019,0.310703868
071200060105,2020,0.325697395
071200060201,2010,0.009502521
071200060201,2011,0.010194759
071200060201,2012,0.015008064
071200060201,2013,0.01170908
071200060201,2014,0.010914726
071200060201,2015,0.011228586
071200060201,2016,0.011119626
071200060201,2017,0.010522202
071200060201,2018,0.009837403
071200060201,2019,0.009484483
071200060201,2020,0.010081503
071200060202,2010,0.015449794
071200060202,2011,0.017641538
071200060202,2012,0.023859848
071200060202,2013,0.017943972
071200060202,2014,0.015761077
071200060202,2015,0.014830848
071200060202,2016,0.014777972
071200060202,2017,0.01486924
071200060202,2018,0.012324609
071200060202,2019,0.011583801
071200060202,2020,0.01253914
071200060203,2010,0.031333568
071200060203,2011,0.033631536
071200060203,2012,0.049500099
071200060203,2013,0.038616989
071200060203,2014,0.03600993
071200060203,2015,0.0370517
071200060203,2016,0.036686426
071200060203,2017,0.034729204
071200060203,2018,0.032440325
071200060203,2019,0.031282512
071200060203,2020,0.03324116
071200060301,2010,0.109861175
071200060301,2011,0.118849825
071200060301,2012,0.155378864
071200060301,2013,0.127309767
071200060301,2014,0.114541827
071200060301,2015,0.114511379
071200060301,2016,0.110899497
071200060301,2017,0.110127838
071200060301,2018,0.100015491
071200060301,2019,0.099088767
071200060301,2020,0.103069067
071200060302,2010,0.058715127
071200060302,2011,0.064406729
071200060302,2012,0.085379221
071200060302,2013,0.069473006
071200060302,2014,0.06281446
071200060302,2015,0.062973467
071200060302,2016,0.060541701
071200060302,2017,0.059919215
071200060302,2018,0.05432136
071200060302,2019,0.052594182
071200060302,2020,0.055423285
071200060303,2010,0.0
071200060303,2011,0.0
071200060303,2012,0.0
071200060303,2013,0.0
071200060303,2014,0.0
071200060303,2015,0.0
071200060303,2016,0.0
071200060303,2017,0.0
071200060303,2018,0.0
071200060303,2019,0.0
071200060303,2020,0.0
071200060304,2010,0.013558336
071200060304,2011,0.015370294
071200060304,2012,0.020048565
071200060304,2013,0.016569985
071200060304,2014,0.014584691
071200060304,2015,0.014586994
071200060304,2016,0.014148357
071200060304,2017,0.013954893
071200060304,2018,0.012454938
071200060304,2019,0.012091541
071200060304,2020,0.012801349
071200060401,2010,0.0
071200060401,2011,0.0
071200060401,2012,0.0
071200060401,2013,0.0
071200060401,2014,0.0
071200060401,2015,0.0
071200060401,2016,0.0
071200060401,2017,0.0
071200060401,2018,0.0
071200060401,2019,0.0
071200060401,2020,0.0
071200060402,2010,0.0275709
071200060402,2011,0.030140387
071200060402,2012,0.043361168
071200060402,2013,0.03261304
071200060402,2014,0.030219688
071200060402,2015,0.029609568
071200060402,2016,0.028897659
071200060402,2017,0.028148201
071200060402,2018,0.026164062
071200060402,2019,0.024229988
071200060402,2020,0.026833358
071200060403,2010,0.000159831
071200060403,2011,0.000174727
071200060403,2012,0.000251369
071200060403,2013,0.000189061
071200060403,2014,0.000175187
071200060403,2015,0.00017165
071200060403,2016,0.000167523
071200060403,2017,0.000163178
071200060403,2018,0.000151676
071200060403,2019,0.000140464
071200060403,2020,0.000155556
071200060404,2010,0.0
071200060404,2011,0.0
071200060404,2012,0.0
071200060404,2013,0.0
071200060404,2014,0.0
071200060404,2015,0.0
071200060404,2016,0.0
071200060404,2017,0.0
071200060404,2018,0.0
071200060404,2019,0.0
071200060404,2020,0.0
071200060501,2010,0.018252735
071200060501,2011,0.01995381
071200060501,2012,0.02870635
071200060501,2013,0.021590778
071200060501,2014,0.02000631
071200060501,2015,0.019602392
071200060501,2016,0.019131088
071200060501,2017,0.018634925
071200060501,2018,0.017321367
071200060501,2019,0.016040954
071200060501,2020,0.01776446
071200060502,2010,0.024645464
071200060502,2011,0.028157387
071200060502,2012,0.040328039
071200060502,2013,0.031207909
071200060502,2014,0.030513078
071200060502,2015,0.032091554
071200060502,2016,0.031140526
071200060502,2017,0.031010223
071200060502,2018,0.025795218
071200060502,2019,0.025538556
071200060502,2020,0.025975109
071200060503,2010,0.015652182
071200060503,2011,0.018211074
071200060503,2012,0.024622492
071200060503,2013,0.020295708
071200060503,2014,0.017583822
071200060503,2015,0.017788824
071200060503,2016,0.017724968
071200060503,2017,0.016993618
071200060503,2018,0.01514102
071200060503,2019,0.014730739
071200060503,2020,0.015751462
071200060601,2010,0.023188321
071200060601,2011,0.025360928
071200060601,2012,0.036184688
071200060601,2013,0.027642494
071200060601,2014,0.024659734
071200060601,2015,0.024620704
071200060601,2016,0.024655185
071200060601,2017,0.023887904
071200060601,2018,0.021413253
071200060601,2019,0.019983187
071200060601,2020,0.022020673
071200060602,2010,0.115542901
071200060602,2011,0.129786693
071200060602,2012,0.195102451
071200060602,2013,0.143946264
071200060602,2014,0.133008159
071200060602,2015,0.132841493
071200060602,2016,0.141072526
071200060602,2017,0.131801078
071200060602,2018,0.121821155
071200060602,2019,0.112627074
071200060602,2020,0.120440484
071200060603,2010,0.0
071200060603,2011,0.0
071200060603,2012,0.0
071200060603,2013,0.0
071200060603,2014,0.0
071200060603,2015,0.0
071200060603,2016,0.0
071200060603,2017,0.0
071200060603,2018,0.0
071200060603,2019,0.0
071200060603,2020,0.0
071200060604,2010,0.024313378
071200060604,2011,0.030405205
071200060604,2012,0.037271137
071200060604,2013,0.030154519
071200060604,2014,0.025716199
071200060604,2015,0.024944792
071200060604,2016,0.024501546
071200060604,2017,0.023976016
071200060604,2018,0.020394327
071200060604,2019,0.020073666
071200060604,2020,0.022833283
071200060701,2010,0.005761634
071200060701,2011,0.006181357
071200060701,2012,0.009099793
071200060701,2013,0.00709953
071200060701,2014,0.006617892
071200060701,2015,0.006808193
071200060701,2016,0.006742128
071200060701,2017,0.006379894
071200060701,2018,0.005964682
071200060701,2019,0.005750697
071200060701,2020,0.006112687
071200060702,2010,0.060987939
071200060702,2011,0.068416074
071200060702,2012,0.09115644
071200060702,2013,0.073601419
071200060702,2014,0.064498776
071200060702,2015,0.068003652
071200060702,2016,0.066758454
071200060702,2017,0.067464868
071200060702,2018,0.059999877
071200060702,2019,0.059733366
071200060702,2020,0.062312989
071200060703,2010,0.060009022
071200060703,2011,0.067649078
071200060703,2012,0.092084091
071200060703,2013,0.073638329
071200060703,2014,0.064990162
071200060703,2015,0.06884263
071200060703,2016,0.067633689
071200060703,2017,0.067780802
071200060703,2018,0.060516226
071200060703,2019,0.059557243
071200060703,2020,0.06258574
071200060704,2010,0.002644932
071200060704,2011,0.002896508
071200060704,2012,0.003909392
071200060704,2013,0.003155164
071200060704,2014,0.002868438
071200060704,2015,0.002889539
071200060704,2016,0.002793338
071200060704,2017,0.00274085
071200060704,2018,0.002499612
071200060704,2019,0.002416707
071200060704,2020,0.002551406
071200060705,2010,0.041699795
071200060705,2011,0.049321013
071200060705,2012,0.068474825
071200060705,2013,0.052360651
071200060705,2014,0.046649544
071200060705,2015,0.045283975
071200060705,2016,0.043872982
071200060705,2017,0.045387832
071200060705,2018,0.041148643
071200060705,2019,0.037475829
071200060705,2020,0.040703613
071200060706,2010,0.009999411
071200060706,2011,0.011298242
071200060706,2012,0.0152318
071200060706,2013,0.012177124
071200060706,2014,0.010679374
071200060706,2015,0.010641164
071200060706,2016,0.010565025
071200060706,2017,0.010395234
071200060706,2018,0.009176565
071200060706,2019,0.008759764
071200060706,2020,0.009585717
071200060707,2010,0.020896035
071200060707,2011,0.026441243
071200060707,2012,0.032724234
071200060707,2013,0.028609437
071200060707,2014,0.022882801
071200060707,2015,0.022688294
071200060707,2016,0.022776556
071200060707,2017,0.022179423
071200060707,2018,0.018618704
071200060707,2019,0.018327645
071200060707,2020,0.019746361
071200060801,2010,0.014223489
071200060801,2011,0.016612651
071200060801,2012,0.021365175
071200060801,2013,0.01668849
071200060801,2014,0.014634677
071200060801,2015,0.013847528
071200060801,2016,0.013698792
071200060801,2017,0.01353425
071200060801,2018,0.011975756
071200060801,2019,0.01172032
071200060801,2020,0.01347969
071200060802,2010,0.209838166
071200060802,2011,0.232982565
071200060802,2012,0.316267666
071200060802,2013,0.253008592
071200060802,2014,0.224452602
071200060802,2015,0.215550377
071200060802,2016,0.211507727
071200060802,2017,0.210432783
071200060802,2018,0.193947137
071200060802,2019,0.187338274
071200060802,2020,0.209673832
071200060901,2010,0.0
071200060901,2011,0.0
071200060901,2012,0.0
071200060901,2013,0.0
071200060901,2014,0.0
071200060901,2015,0.0
071200060901,2016,0.0
071200060901,2017,0.0
071200060901,2018,0.0
071200060901,2019,0.0
071200060901,2020,0.0
