huc12_id,year,pscutot_mgd
041000010301,2010,1.067045799
041000010301,2011,0.977528647
041000010301,2012,1.246855042
041000010301,2013,1.15988452
041000010301,2014,1.096078846
041000010301,2015,0.989137974
041000010301,2016,1.024303484
041000010301,2017,0.997537728
041000010301,2018,0.95925463
041000010301,2019,1.003006008
041000010301,2020,1.028251198
041000010302,2010,0.365681224
041000010302,2011,0.335003308
041000010302,2012,0.427302632
041000010302,2013,0.397497457
041000010302,2014,0.375630976
041000010302,2015,0.338981875
041000010302,2016,0.351033248
041000010302,2017,0.341860507
041000010302,2018,0.328740723
041000010302,2019,0.34373451
041000010302,2020,0.352386146
041000010303,2010,0.0
041000010303,2011,0.0
041000010303,2012,0.0
041000010303,2013,0.0
041000010303,2014,0.0
041000010303,2015,0.0
041000010303,2016,0.0
041000010303,2017,0.0
041000010303,2018,0.0
041000010303,2019,0.0
041000010303,2020,0.0
041000010304,2010,0.007668264
041000010304,2011,0.005797673
041000010304,2012,0.010174789
041000010304,2013,0.009403705
041000010304,2014,0.009157609
041000010304,2015,0.008984034
041000010304,2016,0.009187996
041000010304,2017,0.008850096
041000010304,2018,0.008065007
041000010304,2019,0.007941678
041000010304,2020,0.00821367
041000010305,2010,0.027970484
041000010305,2011,0.02562397
041000010305,2012,0.032683826
041000010305,2013,0.030404066
041000010305,2014,0.028731527
041000010305,2015,0.025928285
041000010305,2016,0.026850079
041000010305,2017,0.026148468
041000010305,2018,0.025144953
041000010305,2019,0.026291808
041000010305,2020,0.02695356
041000010306,2010,0.188772607
041000010306,2011,0.172935999
041000010306,2012,0.220582919
041000010306,2013,0.205196839
041000010306,2014,0.193908886
041000010306,2015,0.174989822
041000010306,2016,0.181211003
041000010306,2017,0.176475835
041000010306,2018,0.169703117
041000010306,2019,0.177443236
041000010306,2020,0.181909399
041000010307,2010,0.499226205
041000010307,2011,0.457344865
041000010307,2012,0.583351448
041000010307,2013,0.542661569
041000010307,2014,0.512809557
041000010307,2015,0.462776385
041000010307,2016,0.47922886
041000010307,2017,0.46670628
041000010307,2018,0.448795215
041000010307,2019,0.469264659
041000010307,2020,0.48107583
041000010308,2010,1.377236587
041000010308,2011,1.261696751
041000010308,2012,1.609316474
041000010308,2013,1.497063574
041000010308,2014,1.414709557
041000010308,2015,1.276680915
041000010308,2016,1.322069059
041000010308,2017,1.287522483
041000010308,2018,1.238110468
041000010308,2019,1.294580394
041000010308,2020,1.327164374
041000010309,2010,0.423311684
041000010309,2011,0.387799004
041000010309,2012,0.494644474
041000010309,2013,0.460142077
041000010309,2014,0.434829492
041000010309,2015,0.392404583
041000010309,2016,0.406355223
041000010309,2017,0.395736881
041000010309,2018,0.380549451
041000010309,2019,0.397906222
041000010309,2020,0.407921335
041000020301,2010,0.007590399
041000020301,2011,0.006240083
041000020301,2012,0.009577665
041000020301,2013,0.009030014
041000020301,2014,0.008331241
041000020301,2015,0.007757285
041000020301,2016,0.008475804
041000020301,2017,0.009124429
041000020301,2018,0.007840621
041000020301,2019,0.007797376
041000020301,2020,0.008304114
041000020303,2010,0.0
041000020303,2011,0.0
041000020303,2012,0.0
041000020303,2013,0.0
041000020303,2014,0.0
041000020303,2015,0.0
041000020303,2016,0.0
041000020303,2017,0.0
041000020303,2018,0.0
041000020303,2019,0.0
041000020303,2020,0.0
041000020304,2010,0.0
041000020304,2011,0.0
041000020304,2012,0.0
041000020304,2013,0.0
041000020304,2014,0.0
041000020304,2015,0.0
041000020304,2016,0.0
041000020304,2017,0.0
041000020304,2018,0.0
041000020304,2019,0.0
041000020304,2020,0.0
041000030104,2010,0.0
041000030104,2011,0.0
041000030104,2012,0.0
041000030104,2013,0.0
041000030104,2014,0.0
041000030104,2015,0.0
041000030104,2016,0.0
041000030104,2017,0.0
041000030104,2018,0.0
041000030104,2019,0.0
041000030104,2020,0.0
041000030106,2010,0.016540516
041000030106,2011,0.015744109
041000030106,2012,0.02364713
041000030106,2013,0.017320631
041000030106,2014,0.014224925
041000030106,2015,0.013811073
041000030106,2016,0.014319432
041000030106,2017,0.014667918
041000030106,2018,0.012027534
041000030106,2019,0.015724022
041000030106,2020,0.013457724
041000030204,2010,0.0
041000030204,2011,0.0
041000030204,2012,0.0
041000030204,2013,0.0
041000030204,2014,0.0
041000030204,2015,0.0
041000030204,2016,0.0
041000030204,2017,0.0
041000030204,2018,0.0
041000030204,2019,0.0
041000030204,2020,0.0
041000030301,2010,0.0
041000030301,2011,0.0
041000030301,2012,0.0
041000030301,2013,0.0
041000030301,2014,0.0
041000030301,2015,0.0
041000030301,2016,0.0
041000030301,2017,0.0
041000030301,2018,0.0
041000030301,2019,0.0
041000030301,2020,0.0
041000030302,2010,0.0
041000030302,2011,0.0
041000030302,2012,0.0
041000030302,2013,0.0
041000030302,2014,0.0
041000030302,2015,0.0
041000030302,2016,0.0
041000030302,2017,0.0
041000030302,2018,0.0
041000030302,2019,0.0
041000030302,2020,0.0
041000030303,2010,0.0
041000030303,2011,0.0
041000030303,2012,0.0
041000030303,2013,0.0
041000030303,2014,0.0
041000030303,2015,0.0
041000030303,2016,0.0
041000030303,2017,0.0
041000030303,2018,0.0
041000030303,2019,0.0
041000030303,2020,0.0
041000030304,2010,0.037815367
041000030304,2011,0.034804046
041000030304,2012,0.04584087
041000030304,2013,0.041654763
041000030304,2014,0.03818987
041000030304,2015,0.042687439
041000030304,2016,0.043820259
041000030304,2017,0.043588528
041000030304,2018,0.032057108
041000030304,2019,0.032459735
041000030304,2020,0.034092585
041000030305,2010,0.009072604
041000030305,2011,0.008184431
041000030305,2012,0.010784857
041000030305,2013,0.009037676
041000030305,2014,0.008427339
041000030305,2015,0.010642903
041000030305,2016,0.01142821
041000030305,2017,0.010708684
041000030305,2018,0.007694066
041000030305,2019,0.006953709
041000030305,2020,0.007342901
041000030306,2010,0.0
041000030306,2011,0.0
041000030306,2012,0.0
041000030306,2013,0.0
041000030306,2014,0.0
041000030306,2015,0.0
041000030306,2016,0.0
041000030306,2017,0.0
041000030306,2018,0.0
041000030306,2019,0.0
041000030306,2020,0.0
041000030402,2010,0.0
041000030402,2011,0.0
041000030402,2012,0.0
041000030402,2013,0.0
041000030402,2014,0.0
041000030402,2015,0.0
041000030402,2016,0.0
041000030402,2017,0.0
041000030402,2018,0.0
041000030402,2019,0.0
041000030402,2020,0.0
041000030405,2010,0.0
041000030405,2011,0.0
041000030405,2012,0.0
041000030405,2013,0.0
041000030405,2014,0.0
041000030405,2015,0.0
041000030405,2016,0.0
041000030405,2017,0.0
041000030405,2018,0.0
041000030405,2019,0.0
041000030405,2020,0.0
041000030406,2010,0.000141517
041000030406,2011,0.00013098
041000030406,2012,0.000174518
041000030406,2013,0.000150565
041000030406,2014,0.000137069
041000030406,2015,0.00015594
041000030406,2016,0.000164868
041000030406,2017,0.00015992
041000030406,2018,0.000117132
041000030406,2019,0.000116728
041000030406,2020,0.00011989
041000030501,2010,0.0
041000030501,2011,0.0
041000030501,2012,0.0
041000030501,2013,0.0
041000030501,2014,0.0
041000030501,2015,0.0
041000030501,2016,0.0
041000030501,2017,0.0
041000030501,2018,0.0
041000030501,2019,0.0
041000030501,2020,0.0
041000030502,2010,0.027662794
041000030502,2011,0.021146184
041000030502,2012,0.027504952
041000030502,2013,0.024351443
041000030502,2014,0.023930356
041000030502,2015,0.022538346
041000030502,2016,0.022221317
041000030502,2017,0.022302743
041000030502,2018,0.019740034
041000030502,2019,0.024696568
041000030502,2020,0.026044954
041000030503,2010,0.018432557
041000030503,2011,0.017060177
041000030503,2012,0.022731013
041000030503,2013,0.01961114
041000030503,2014,0.017853205
041000030503,2015,0.020311195
041000030503,2016,0.021474103
041000030503,2017,0.020829639
041000030503,2018,0.015256398
041000030503,2019,0.015203871
041000030503,2020,0.015615735
041000030505,2010,0.0
041000030505,2011,0.0
041000030505,2012,0.0
041000030505,2013,0.0
041000030505,2014,0.0
041000030505,2015,0.0
041000030505,2016,0.0
041000030505,2017,0.0
041000030505,2018,0.0
041000030505,2019,0.0
041000030505,2020,0.0
041000030506,2010,0.0
041000030506,2011,0.0
041000030506,2012,0.0
041000030506,2013,0.0
041000030506,2014,0.0
041000030506,2015,0.0
041000030506,2016,0.0
041000030506,2017,0.0
041000030506,2018,0.0
041000030506,2019,0.0
041000030506,2020,0.0
041000040101,2010,0.000113924
041000040101,2011,0.000139807
041000040101,2012,0.00019085
041000040101,2013,0.000147938
041000040101,2014,0.000159967
041000040101,2015,0.000100787
041000040101,2016,0.000104442
041000040101,2017,0.000111557
041000040101,2018,0.00010242
041000040101,2019,0.000109612
041000040101,2020,0.000101788
041000040102,2010,0.008797277
041000040102,2011,0.008612965
041000040102,2012,0.010451943
041000040102,2013,0.009573827
041000040102,2014,0.008435745
041000040102,2015,0.010886363
041000040102,2016,0.011434539
041000040102,2017,0.01154522
041000040102,2018,0.007429631
041000040102,2019,0.007605996
041000040102,2020,0.009027045
041000040103,2010,0.000162996
041000040103,2011,0.000152447
041000040103,2012,0.000178688
041000040103,2013,0.000162075
041000040103,2014,0.000153137
041000040103,2015,0.000141365
041000040103,2016,0.000148103
041000040103,2017,0.000142354
041000040103,2018,0.000140252
041000040103,2019,0.000142697
041000040103,2020,0.000137637
041000040104,2010,0.085017952
041000040104,2011,0.079444435
041000040104,2012,0.097393494
041000040104,2013,0.087307031
041000040104,2014,0.077779517
041000040104,2015,0.079532919
041000040104,2016,0.082810285
041000040104,2017,0.083495841
041000040104,2018,0.07364154
041000040104,2019,0.076755624
041000040104,2020,0.074195778
041000040105,2010,0.000325992
041000040105,2011,0.000304895
041000040105,2012,0.000357376
041000040105,2013,0.000324151
041000040105,2014,0.000306275
041000040105,2015,0.000282729
041000040105,2016,0.000296206
041000040105,2017,0.000284707
041000040105,2018,0.000280504
041000040105,2019,0.000285395
041000040105,2020,0.000275273
041000040106,2010,0.05309013
041000040106,2011,0.0496543
041000040106,2012,0.058201256
041000040106,2013,0.05279028
041000040106,2014,0.049879069
041000040106,2015,0.04604451
041000040106,2016,0.04823923
041000040106,2017,0.046366605
041000040106,2018,0.045682049
041000040106,2019,0.046478608
041000040106,2020,0.044830188
041000040201,2010,0.0
041000040201,2011,0.0
041000040201,2012,0.0
041000040201,2013,0.0
041000040201,2014,0.0
041000040201,2015,0.0
041000040201,2016,0.0
041000040201,2017,0.0
041000040201,2018,0.0
041000040201,2019,0.0
041000040201,2020,0.0
041000040202,2010,4.1995e-05
041000040202,2011,4.0346e-05
041000040202,2012,5.0608e-05
041000040202,2013,4.4608e-05
041000040202,2014,4.3252e-05
041000040202,2015,4.1926e-05
041000040202,2016,4.4757e-05
041000040202,2017,4.2719e-05
041000040202,2018,3.7256e-05
041000040202,2019,3.9231e-05
041000040202,2020,3.8405e-05
041000040203,2010,0.037837545
041000040203,2011,0.03635134
041000040203,2012,0.045597837
041000040203,2013,0.040191395
041000040203,2014,0.038969911
041000040203,2015,0.037774913
041000040203,2016,0.040325906
041000040203,2017,0.03848959
041000040203,2018,0.033567691
041000040203,2019,0.03534678
041000040203,2020,0.034602926
041000040204,2010,0.000797653
041000040204,2011,0.000817561
041000040204,2012,0.000764939
041000040204,2013,0.00072555
041000040204,2014,0.000617668
041000040204,2015,0.0005493
041000040204,2016,0.00058601
041000040204,2017,0.000560946
041000040204,2018,0.000504307
041000040204,2019,0.000483047
041000040204,2020,0.000479546
041000040205,2010,0.002073898
041000040205,2011,0.002125658
041000040205,2012,0.001988842
041000040205,2013,0.001886431
041000040205,2014,0.001605936
041000040205,2015,0.001428179
041000040205,2016,0.001523626
041000040205,2017,0.00145846
041000040205,2018,0.001311197
041000040205,2019,0.001255921
041000040205,2020,0.001246821
041000040301,2010,0.0
041000040301,2011,0.0
041000040301,2012,0.0
041000040301,2013,0.0
041000040301,2014,0.0
041000040301,2015,0.0
041000040301,2016,0.0
041000040301,2017,0.0
041000040301,2018,0.0
041000040301,2019,0.0
041000040301,2020,0.0
041000040302,2010,0.0
041000040302,2011,0.0
041000040302,2012,0.0
041000040302,2013,0.0
041000040302,2014,0.0
041000040302,2015,0.0
041000040302,2016,0.0
041000040302,2017,0.0
041000040302,2018,0.0
041000040302,2019,0.0
041000040302,2020,0.0
041000040303,2010,0.022824435
041000040303,2011,0.024310707
041000040303,2012,0.025777814
041000040303,2013,0.022882566
041000040303,2014,0.019321931
041000040303,2015,0.015642011
041000040303,2016,0.016185166
041000040303,2017,0.016050359
041000040303,2018,0.01882872
041000040303,2019,0.020735239
041000040303,2020,0.017172593
041000040304,2010,0.0
041000040304,2011,0.0
041000040304,2012,0.0
041000040304,2013,0.0
041000040304,2014,0.0
041000040304,2015,0.0
041000040304,2016,0.0
041000040304,2017,0.0
041000040304,2018,0.0
041000040304,2019,0.0
041000040304,2020,0.0
041000040305,2010,0.006384741
041000040305,2011,0.006781821
041000040305,2012,0.008209516
041000040305,2013,0.007164995
041000040305,2014,0.007082771
041000040305,2015,0.009228454
041000040305,2016,0.009118554
041000040305,2017,0.009435192
041000040305,2018,0.008252156
041000040305,2019,0.00881257
041000040305,2020,0.00658062
041000040401,2010,0.0
041000040401,2011,0.0
041000040401,2012,0.0
041000040401,2013,0.0
041000040401,2014,0.0
041000040401,2015,0.0
041000040401,2016,0.0
041000040401,2017,0.0
041000040401,2018,0.0
041000040401,2019,0.0
041000040401,2020,0.0
041000040404,2010,0.0
041000040404,2011,0.0
041000040404,2012,0.0
041000040404,2013,0.0
041000040404,2014,0.0
041000040404,2015,0.0
041000040404,2016,0.0
041000040404,2017,0.0
041000040404,2018,0.0
041000040404,2019,0.0
041000040404,2020,0.0
041000050201,2010,7.4209e-05
041000050201,2011,7.5713e-05
041000050201,2012,8.5214e-05
041000050201,2013,7.5217e-05
041000050201,2014,8.8359e-05
041000050201,2015,6.4058e-05
041000050201,2016,6.7806e-05
041000050201,2017,6.7527e-05
041000050201,2018,7.7909e-05
041000050201,2019,7.2565e-05
041000050201,2020,6.7414e-05
041000050202,2010,0.016660029
041000050202,2011,0.016997547
041000050202,2012,0.019130603
041000050202,2013,0.016886193
041000050202,2014,0.019836499
041000050202,2015,0.014380957
041000050202,2016,0.015222476
041000050202,2017,0.0151597
041000050202,2018,0.017490613
041000050202,2019,0.016290927
041000050202,2020,0.015134524
041000050203,2010,6.1986e-05
041000050203,2011,6.0229e-05
041000050203,2012,7.5656e-05
041000050203,2013,6.7818e-05
041000050203,2014,6.3581e-05
041000050203,2015,8.6875e-05
041000050203,2016,9.0375e-05
041000050203,2017,9.0019e-05
041000050203,2018,6.1982e-05
041000050203,2019,7.356e-05
041000050203,2020,5.9601e-05
041000050204,2010,0.029412414
041000050204,2011,0.028578841
041000050204,2012,0.035898628
041000050204,2013,0.032179443
041000050204,2014,0.030169357
041000050204,2015,0.041221952
041000050204,2016,0.04288317
041000050204,2017,0.042713942
041000050204,2018,0.029410414
041000050204,2019,0.034904174
041000050204,2020,0.028280438
041000050205,2010,0.0
041000050205,2011,0.0
041000050205,2012,0.0
041000050205,2013,0.0
041000050205,2014,0.0
041000050205,2015,0.0
041000050205,2016,0.0
041000050205,2017,0.0
041000050205,2018,0.0
041000050205,2019,0.0
041000050205,2020,0.0
041000050206,2010,0.0
041000050206,2011,0.0
041000050206,2012,0.0
041000050206,2013,0.0
041000050206,2014,0.0
041000050206,2015,0.0
041000050206,2016,0.0
041000050206,2017,0.0
041000050206,2018,0.0
041000050206,2019,0.0
041000050206,2020,0.0
041000050207,2010,0.0
041000050207,2011,0.0
041000050207,2012,0.0
041000050207,2013,0.0
041000050207,2014,0.0
041000050207,2015,0.0
041000050207,2016,0.0
041000050207,2017,0.0
041000050207,2018,0.0
041000050207,2019,0.0
041000050207,2020,0.0
041000050208,2010,0.005657872
041000050208,2011,0.005201576
041000050208,2012,0.006731297
041000050208,2013,0.006268643
041000050208,2014,0.005829287
041000050208,2015,0.004902393
041000050208,2016,0.004972155
041000050208,2017,0.004768273
041000050208,2018,0.00435888
041000050208,2019,0.005007005
041000050208,2020,0.005313234
041000060201,2010,0.0305641
041000060201,2011,0.03628107
041000060201,2012,0.044673014
041000060201,2013,0.04169273
041000060201,2014,0.03880658
041000060201,2015,0.030734603
041000060201,2016,0.038446136
041000060201,2017,0.039068757
041000060201,2018,0.034478473
041000060201,2019,0.036135586
041000060201,2020,0.037937362
041000060202,2010,0.007743267
041000060202,2011,0.007493339
041000060202,2012,0.010134687
041000060202,2013,0.010860233
041000060202,2014,0.009878622
041000060202,2015,0.010364996
041000060202,2016,0.010386568
041000060202,2017,0.010114193
041000060202,2018,0.009032544
041000060202,2019,0.008140212
041000060202,2020,0.008521561
041000060203,2010,0.0
041000060203,2011,0.0
041000060203,2012,0.0
041000060203,2013,0.0
041000060203,2014,0.0
041000060203,2015,0.0
041000060203,2016,0.0
041000060203,2017,0.0
041000060203,2018,0.0
041000060203,2019,0.0
041000060203,2020,0.0
041000060204,2010,0.004514789
041000060204,2011,0.006554689
041000060204,2012,0.008810345
041000060204,2013,0.007840778
041000060204,2014,0.007117863
041000060204,2015,0.003905831
041000060204,2016,0.006654996
041000060204,2017,0.006243124
041000060204,2018,0.006174747
041000060204,2019,0.006186918
041000060204,2020,0.006325244
041000060205,2010,0.005098881
041000060205,2011,0.004912037
041000060205,2012,0.006658101
041000060205,2013,0.007155282
041000060205,2014,0.006505615
041000060205,2015,0.006859081
041000060205,2016,0.006847951
041000060205,2017,0.006662954
041000060205,2018,0.005951762
041000060205,2019,0.005346963
041000060205,2020,0.005597093
041000060301,2010,0.002785374
041000060301,2011,0.002531755
041000060301,2012,0.003570875
041000060301,2013,0.00300546
041000060301,2014,0.003341118
041000060301,2015,0.002740997
041000060301,2016,0.002861146
041000060301,2017,0.002758611
041000060301,2018,0.002394826
041000060301,2019,0.00240359
041000060301,2020,0.00243155
041000060302,2010,0.0
041000060302,2011,0.0
041000060302,2012,0.0
041000060302,2013,0.0
041000060302,2014,0.0
041000060302,2015,0.0
041000060302,2016,0.0
041000060302,2017,0.0
041000060302,2018,0.0
041000060302,2019,0.0
041000060302,2020,0.0
041000060303,2010,0.084304254
041000060303,2011,0.090570245
041000060303,2012,0.129657395
041000060303,2013,0.098409662
041000060303,2014,0.10045003
041000060303,2015,0.060802205
041000060303,2016,0.061503094
041000060303,2017,0.061454506
041000060303,2018,0.070894659
041000060303,2019,0.070410533
041000060303,2020,0.072819793
041000060401,2010,4.7541e-05
041000060401,2011,4.4375e-05
041000060401,2012,6.0314e-05
041000060401,2013,5.4773e-05
041000060401,2014,5.1837e-05
041000060401,2015,4.8212e-05
041000060401,2016,5.1632e-05
041000060401,2017,5.0068e-05
041000060401,2018,4.2076e-05
041000060401,2019,4.3622e-05
041000060401,2020,4.5859e-05
041000060402,2010,0.008893469
041000060402,2011,0.007901446
041000060402,2012,0.010996129
041000060402,2013,0.009352218
041000060402,2014,0.008941756
041000060402,2015,0.008237302
041000060402,2016,0.008671201
041000060402,2017,0.008494128
041000060402,2018,0.007884731
041000060402,2019,0.007092101
041000060402,2020,0.008332782
041000060403,2010,0.099550575
041000060403,2011,0.09292088
041000060403,2012,0.126297981
041000060403,2013,0.114694904
041000060403,2014,0.108546268
041000060403,2015,0.100955706
041000060403,2016,0.108118353
041000060403,2017,0.104842221
041000060403,2018,0.088107442
041000060403,2019,0.091345417
041000060403,2020,0.096028226
041000060404,2010,0.000444987
041000060404,2011,0.000372867
041000060404,2012,0.00053406
041000060404,2013,0.000417647
041000060404,2014,0.000404918
041000060404,2015,0.000368189
041000060404,2016,0.000378314
041000060404,2017,0.000375956
041000060404,2018,0.000395277
041000060404,2019,0.000294766
041000060404,2020,0.000403096
041000060501,2010,0.000165053
041000060501,2011,0.000151909
041000060501,2012,0.000200081
041000060501,2013,0.00018181
041000060501,2014,0.000166687
041000060501,2015,0.000186318
041000060501,2016,0.000191262
041000060501,2017,0.000190251
041000060501,2018,0.000139919
041000060501,2019,0.000141677
041000060501,2020,0.000148804
041000060502,2010,0.035593427
041000060502,2011,0.03966447
041000060502,2012,0.056985641
041000060502,2013,0.042314002
041000060502,2014,0.042361141
041000060502,2015,0.023307402
041000060502,2016,0.023318423
041000060502,2017,0.023588666
041000060502,2018,0.029757986
041000060502,2019,0.029479176
041000060502,2020,0.030660073
041000060503,2010,0.013271181
041000060503,2011,0.012800902
041000060503,2012,0.015270912
041000060503,2013,0.014399186
041000060503,2014,0.014358547
041000060503,2015,0.019366005
041000060503,2016,0.018615393
041000060503,2017,0.019939965
041000060503,2018,0.012199785
041000060503,2019,0.012032648
041000060503,2020,0.011950826
041000060504,2010,0.0
041000060504,2011,0.0
041000060504,2012,0.0
041000060504,2013,0.0
041000060504,2014,0.0
041000060504,2015,0.0
041000060504,2016,0.0
041000060504,2017,0.0
041000060504,2018,0.0
041000060504,2019,0.0
041000060504,2020,0.0
041000060601,2010,0.0
041000060601,2011,0.0
041000060601,2012,0.0
041000060601,2013,0.0
041000060601,2014,0.0
041000060601,2015,0.0
041000060601,2016,0.0
041000060601,2017,0.0
041000060601,2018,0.0
041000060601,2019,0.0
041000060601,2020,0.0
041000060602,2010,0.0
041000060602,2011,0.0
041000060602,2012,0.0
041000060602,2013,0.0
041000060602,2014,0.0
041000060602,2015,0.0
041000060602,2016,0.0
041000060602,2017,0.0
041000060602,2018,0.0
041000060602,2019,0.0
041000060602,2020,0.0
041000060603,2010,0.000157163
041000060603,2011,0.000144488
041000060603,2012,0.00018698
041000060603,2013,0.000174129
041000060603,2014,0.000161925
041000060603,2015,0.000136178
041000060603,2016,0.000138115
041000060603,2017,0.000132452
041000060603,2018,0.00012108
041000060603,2019,0.000139083
041000060603,2020,0.00014759
041000060604,2010,0.012677825
041000060604,2011,0.011655384
041000060604,2012,0.015083092
041000060604,2013,0.014046404
041000060604,2014,0.013061921
041000060604,2015,0.010984991
041000060604,2016,0.011141311
041000060604,2017,0.010684463
041000060604,2018,0.009767119
041000060604,2019,0.011219399
041000060604,2020,0.011905581
041000070101,2010,0.0
041000070101,2011,0.0
041000070101,2012,0.0
041000070101,2013,0.0
041000070101,2014,0.0
041000070101,2015,0.0
041000070101,2016,0.0
041000070101,2017,0.0
041000070101,2018,0.0
041000070101,2019,0.0
041000070101,2020,0.0
041000070102,2010,0.0
041000070102,2011,0.0
041000070102,2012,0.0
041000070102,2013,0.0
041000070102,2014,0.0
041000070102,2015,0.0
041000070102,2016,0.0
041000070102,2017,0.0
041000070102,2018,0.0
041000070102,2019,0.0
041000070102,2020,0.0
041000070103,2010,0.000815598
041000070103,2011,0.000851996
041000070103,2012,0.000993317
041000070103,2013,0.00085983
041000070103,2014,0.000905076
041000070103,2015,0.000802056
041000070103,2016,0.000819585
041000070103,2017,0.000772235
041000070103,2018,0.000742362
041000070103,2019,0.00076374
041000070103,2020,0.000739693
041000070104,2010,0.001198233
041000070104,2011,0.00111452
041000070104,2012,0.001315151
041000070104,2013,0.001183389
041000070104,2014,0.001157622
041000070104,2015,0.001045635
041000070104,2016,0.001096271
041000070104,2017,0.001067199
041000070104,2018,0.00102103
041000070104,2019,0.001131989
041000070104,2020,0.001241882
041000070105,2010,0.101300621
041000070105,2011,0.094223342
041000070105,2012,0.111185092
041000070105,2013,0.100045714
041000070105,2014,0.097867265
041000070105,2015,0.088399718
041000070105,2016,0.092680596
041000070105,2017,0.090222791
041000070105,2018,0.086319572
041000070105,2019,0.095700203
041000070105,2020,0.104990798
041000070201,2010,0.034479074
041000070201,2011,0.033142753
041000070201,2012,0.037968175
041000070201,2013,0.036452905
041000070201,2014,0.035252791
041000070201,2015,0.030574075
041000070201,2016,0.032517854
041000070201,2017,0.031536236
041000070201,2018,0.029713893
041000070201,2019,0.030280431
041000070201,2020,0.032402644
041000070202,2010,0.007314214
041000070202,2011,0.006803213
041000070202,2012,0.008027903
041000070202,2013,0.007223606
041000070202,2014,0.007066316
041000070202,2015,0.00638273
041000070202,2016,0.006691822
041000070202,2017,0.006514361
041000070202,2018,0.006232537
041000070202,2019,0.006909847
041000070202,2020,0.007580656
041000070203,2010,0.0
041000070203,2011,0.0
041000070203,2012,0.0
041000070203,2013,0.0
041000070203,2014,0.0
041000070203,2015,0.0
041000070203,2016,0.0
041000070203,2017,0.0
041000070203,2018,0.0
041000070203,2019,0.0
041000070203,2020,0.0
041000070204,2010,0.021259299
041000070204,2011,0.022783013
041000070204,2012,0.025049719
041000070204,2013,0.021271637
041000070204,2014,0.020358838
041000070204,2015,0.021709164
041000070204,2016,0.023933186
041000070204,2017,0.022520294
041000070204,2018,0.020388294
041000070204,2019,0.019113677
041000070204,2020,0.020842069
041000070301,2010,0.0
041000070301,2011,0.0
041000070301,2012,0.0
041000070301,2013,0.0
041000070301,2014,0.0
041000070301,2015,0.0
041000070301,2016,0.0
041000070301,2017,0.0
041000070301,2018,0.0
041000070301,2019,0.0
041000070301,2020,0.0
041000070302,2010,0.038737522
041000070302,2011,0.036176212
041000070302,2012,0.039916403
041000070302,2013,0.03705278
041000070302,2014,0.038068842
041000070302,2015,0.034611055
041000070302,2016,0.036590849
041000070302,2017,0.035002851
041000070302,2018,0.027055275
041000070302,2019,0.027795965
041000070302,2020,0.026291306
041000070303,2010,0.001108899
041000070303,2011,0.001035579
041000070303,2012,0.001142645
041000070303,2013,0.001060671
041000070303,2014,0.001089757
041000070303,2015,0.000990774
041000070303,2016,0.001047448
041000070303,2017,0.00100199
041000070303,2018,0.000774483
041000070303,2019,0.000795686
041000070303,2020,0.000752614
041000070304,2010,0.023286869
041000070304,2011,0.021747151
041000070304,2012,0.023995548
041000070304,2013,0.022274095
041000070304,2014,0.022884895
041000070304,2015,0.020806264
041000070304,2016,0.021996407
041000070304,2017,0.02104179
041000070304,2018,0.016264144
041000070304,2019,0.016709406
041000070304,2020,0.015804888
041000070305,2010,0.021472401
041000070305,2011,0.021121534
041000070305,2012,0.022551083
041000070305,2013,0.024022629
041000070305,2014,0.02297506
041000070305,2015,0.017703615
041000070305,2016,0.019503262
041000070305,2017,0.018837398
041000070305,2018,0.018627993
041000070305,2019,0.016760791
041000070305,2020,0.017338513
041000070306,2010,0.221178143
041000070306,2011,0.217564014
041000070306,2012,0.232289189
041000070306,2013,0.247446963
041000070306,2014,0.236656394
041000070306,2015,0.182357464
041000070306,2016,0.200894871
041000070306,2017,0.194036087
041000070306,2018,0.191879096
041000070306,2019,0.172645837
041000070306,2020,0.178596708
041000070401,2010,0.060549376
041000070401,2011,0.059465133
041000070401,2012,0.065126902
041000070401,2013,0.067200977
041000070401,2014,0.064414393
041000070401,2015,0.051970091
041000070401,2016,0.056503318
041000070401,2017,0.054624293
041000070401,2018,0.052534815
041000070401,2019,0.048902209
041000070401,2020,0.050996035
041000070402,2010,0.136355953
041000070402,2011,0.134127848
041000070402,2012,0.143205894
041000070402,2013,0.152550636
041000070402,2014,0.145898268
041000070402,2015,0.112423069
041000070402,2016,0.12385135
041000070402,2017,0.119622921
041000070402,2018,0.11829314
041000070402,2019,0.106435868
041000070402,2020,0.11010457
041000070403,2010,0.0
041000070403,2011,0.0
041000070403,2012,0.0
041000070403,2013,0.0
041000070403,2014,0.0
041000070403,2015,0.0
041000070403,2016,0.0
041000070403,2017,0.0
041000070403,2018,0.0
041000070403,2019,0.0
041000070403,2020,0.0
041000070404,2010,0.067321563
041000070404,2011,0.066221504
041000070404,2012,0.070703511
041000070404,2013,0.07531719
041000070404,2014,0.072032788
041000070404,2015,0.055505437
041000070404,2016,0.061147799
041000070404,2017,0.059060142
041000070404,2018,0.058403604
041000070404,2019,0.05254944
041000070404,2020,0.054360749
041000070405,2010,0.0
041000070405,2011,0.0
041000070405,2012,0.0
041000070405,2013,0.0
041000070405,2014,0.0
041000070405,2015,0.0
041000070405,2016,0.0
041000070405,2017,0.0
041000070405,2018,0.0
041000070405,2019,0.0
041000070405,2020,0.0
041000070406,2010,0.0
041000070406,2011,0.0
041000070406,2012,0.0
041000070406,2013,0.0
041000070406,2014,0.0
041000070406,2015,0.0
041000070406,2016,0.0
041000070406,2017,0.0
041000070406,2018,0.0
041000070406,2019,0.0
041000070406,2020,0.0
041000070501,2010,0.010979929
041000070501,2011,0.010995243
041000070501,2012,0.01206959
041000070501,2013,0.012400255
041000070501,2014,0.01187594
041000070501,2015,0.0090008
041000070501,2016,0.009854328
041000070501,2017,0.009515899
041000070501,2018,0.00941855
041000070501,2019,0.008771489
041000070501,2020,0.00903943
041000070502,2010,0.029619876
041000070502,2011,0.02991913
041000070502,2012,0.040708498
041000070502,2013,0.040175153
041000070502,2014,0.038490416
041000070502,2015,0.035515456
041000070502,2016,0.037377091
041000070502,2017,0.036706312
041000070502,2018,0.024226007
041000070502,2019,0.02493818
041000070502,2020,0.026482012
041000070503,2010,0.006999708
041000070503,2011,0.007940168
041000070503,2012,0.009850701
041000070503,2013,0.009254834
041000070503,2014,0.00864328
041000070503,2015,0.006901578
041000070503,2016,0.007598518
041000070503,2017,0.007162986
041000070503,2018,0.005835715
041000070503,2019,0.006546863
041000070503,2020,0.007164353
041000070601,2010,0.0
041000070601,2011,0.0
041000070601,2012,0.0
041000070601,2013,0.0
041000070601,2014,0.0
041000070601,2015,0.0
041000070601,2016,0.0
041000070601,2017,0.0
041000070601,2018,0.0
041000070601,2019,0.0
041000070601,2020,0.0
041000070602,2010,0.003429862
041000070602,2011,0.003109737
041000070602,2012,0.003656332
041000070602,2013,0.003423716
041000070602,2014,0.003130275
041000070602,2015,0.00311197
041000070602,2016,0.00314739
041000070602,2017,0.002893707
041000070602,2018,0.002432696
041000070602,2019,0.002451319
041000070602,2020,0.002190654
041000070603,2010,0.00162299
041000070603,2011,0.001596053
041000070603,2012,0.001743131
041000070603,2013,0.001686598
041000070603,2014,0.001588136
041000070603,2015,0.002073581
041000070603,2016,0.002167871
041000070603,2017,0.00209786
041000070603,2018,0.001221257
041000070603,2019,0.001247837
041000070603,2020,0.001454729
041000070604,2010,0.017954008
041000070604,2011,0.015586512
041000070604,2012,0.01861651
041000070604,2013,0.016462187
041000070604,2014,0.015579954
041000070604,2015,0.016077444
041000070604,2016,0.016877176
041000070604,2017,0.016125891
041000070604,2018,0.013095363
041000070604,2019,0.013906868
041000070604,2020,0.013942016
041000070701,2010,0.012486595
041000070701,2011,0.01190878
041000070701,2012,0.014463963
041000070701,2013,0.011589387
041000070701,2014,0.011059995
041000070701,2015,0.012381965
041000070701,2016,0.013342758
041000070701,2017,0.013282087
041000070701,2018,0.008791532
041000070701,2019,0.008929853
041000070701,2020,0.010371477
041000070702,2010,0.0
041000070702,2011,0.0
041000070702,2012,0.0
041000070702,2013,0.0
041000070702,2014,0.0
041000070702,2015,0.0
041000070702,2016,0.0
041000070702,2017,0.0
041000070702,2018,0.0
041000070702,2019,0.0
041000070702,2020,0.0
041000070703,2010,0.0
041000070703,2011,0.0
041000070703,2012,0.0
041000070703,2013,0.0
041000070703,2014,0.0
041000070703,2015,0.0
041000070703,2016,0.0
041000070703,2017,0.0
041000070703,2018,0.0
041000070703,2019,0.0
041000070703,2020,0.0
041000070801,2010,0.002009129
041000070801,2011,0.002397007
041000070801,2012,0.002184721
041000070801,2013,0.001978306
041000070801,2014,0.00256126
041000070801,2015,0.002030687
041000070801,2016,0.002164652
041000070801,2017,0.002168509
041000070801,2018,0.001904306
041000070801,2019,0.001965737
041000070801,2020,0.002043281
041000070802,2010,0.006819133
041000070802,2011,0.006182673
041000070802,2012,0.007269395
041000070802,2013,0.006806914
041000070802,2014,0.006223506
041000070802,2015,0.006187112
041000070802,2016,0.006257532
041000070802,2017,0.005753169
041000070802,2018,0.004836603
041000070802,2019,0.004873628
041000070802,2020,0.004355383
041000070803,2010,0.008362502
041000070803,2011,0.010034078
041000070803,2012,0.009097006
041000070803,2013,0.008219353
041000070803,2014,0.010741344
041000070803,2015,0.008379508
041000070803,2016,0.008939442
041000070803,2017,0.008967774
041000070803,2018,0.007979434
041000070803,2019,0.008238992
041000070803,2020,0.008537532
041000070804,2010,0.115439785
041000070804,2011,0.138514979
041000070804,2012,0.125579213
041000070804,2013,0.113463688
041000070804,2014,0.148278407
041000070804,2015,0.115674551
041000070804,2016,0.123404133
041000070804,2017,0.123795234
041000070804,2018,0.110151741
041000070804,2019,0.113734794
041000070804,2020,0.117855977
041000070805,2010,0.0
041000070805,2011,0.0
041000070805,2012,0.0
041000070805,2013,0.0
041000070805,2014,0.0
041000070805,2015,0.0
041000070805,2016,0.0
041000070805,2017,0.0
041000070805,2018,0.0
041000070805,2019,0.0
041000070805,2020,0.0
041000070806,2010,0.0
041000070806,2011,0.0
041000070806,2012,0.0
041000070806,2013,0.0
041000070806,2014,0.0
041000070806,2015,0.0
041000070806,2016,0.0
041000070806,2017,0.0
041000070806,2018,0.0
041000070806,2019,0.0
041000070806,2020,0.0
041000070901,2010,0.001347019
041000070901,2011,0.001445867
041000070901,2012,0.00158859
041000070901,2013,0.001347736
041000070901,2014,0.001290791
041000070901,2015,0.001376884
041000070901,2016,0.001518586
041000070901,2017,0.00142842
041000070901,2018,0.001293151
041000070901,2019,0.001209916
041000070901,2020,0.001320347
041000070902,2010,0.0
041000070902,2011,0.0
041000070902,2012,0.0
041000070902,2013,0.0
041000070902,2014,0.0
041000070902,2015,0.0
041000070902,2016,0.0
041000070902,2017,0.0
041000070902,2018,0.0
041000070902,2019,0.0
041000070902,2020,0.0
041000070903,2010,0.077401852
041000070903,2011,0.071266226
041000070903,2012,0.084079461
041000070903,2013,0.07777405
041000070903,2014,0.069929521
041000070903,2015,0.072137441
041000070903,2016,0.07625301
041000070903,2017,0.074370491
041000070903,2018,0.067533284
041000070903,2019,0.075434728
041000070903,2020,0.077076967
041000070904,2010,0.0
041000070904,2011,0.0
041000070904,2012,0.0
041000070904,2013,0.0
041000070904,2014,0.0
041000070904,2015,0.0
041000070904,2016,0.0
041000070904,2017,0.0
041000070904,2018,0.0
041000070904,2019,0.0
041000070904,2020,0.0
041000070905,2010,0.0
041000070905,2011,0.0
041000070905,2012,0.0
041000070905,2013,0.0
041000070905,2014,0.0
041000070905,2015,0.0
041000070905,2016,0.0
041000070905,2017,0.0
041000070905,2018,0.0
041000070905,2019,0.0
041000070905,2020,0.0
041000070906,2010,0.004566844
041000070906,2011,0.003713317
041000070906,2012,0.005165391
041000070906,2013,0.00521045
041000070906,2014,0.006699268
041000070906,2015,0.005154642
041000070906,2016,0.006307298
041000070906,2017,0.005548435
041000070906,2018,0.003563201
041000070906,2019,0.004589926
041000070906,2020,0.004040961
041000070907,2010,0.00346015
041000070907,2011,0.002659044
041000070907,2012,0.003762368
041000070907,2013,0.003999666
041000070907,2014,0.005498009
041000070907,2015,0.003690496
041000070907,2016,0.004774298
041000070907,2017,0.004080185
041000070907,2018,0.002644832
041000070907,2019,0.003531177
041000070907,2020,0.002745072
041000071001,2010,0.00018983
041000071001,2011,0.000181046
041000071001,2012,0.000219891
041000071001,2013,0.00017619
041000071001,2014,0.000168142
041000071001,2015,0.000188239
041000071001,2016,0.000202846
041000071001,2017,0.000201924
041000071001,2018,0.000133655
041000071001,2019,0.000135758
041000071001,2020,0.000157674
041000071002,2010,0.0
041000071002,2011,0.0
041000071002,2012,0.0
041000071002,2013,0.0
041000071002,2014,0.0
041000071002,2015,0.0
041000071002,2016,0.0
041000071002,2017,0.0
041000071002,2018,0.0
041000071002,2019,0.0
041000071002,2020,0.0
041000071003,2010,0.0
041000071003,2011,0.0
041000071003,2012,0.0
041000071003,2013,0.0
041000071003,2014,0.0
041000071003,2015,0.0
041000071003,2016,0.0
041000071003,2017,0.0
041000071003,2018,0.0
041000071003,2019,0.0
041000071003,2020,0.0
041000071004,2010,0.0
041000071004,2011,0.0
041000071004,2012,0.0
041000071004,2013,0.0
041000071004,2014,0.0
041000071004,2015,0.0
041000071004,2016,0.0
041000071004,2017,0.0
041000071004,2018,0.0
041000071004,2019,0.0
041000071004,2020,0.0
041000071005,2010,0.0
041000071005,2011,0.0
041000071005,2012,0.0
041000071005,2013,0.0
041000071005,2014,0.0
041000071005,2015,0.0
041000071005,2016,0.0
041000071005,2017,0.0
041000071005,2018,0.0
041000071005,2019,0.0
041000071005,2020,0.0
041000071101,2010,0.0
041000071101,2011,0.0
041000071101,2012,0.0
041000071101,2013,0.0
041000071101,2014,0.0
041000071101,2015,0.0
041000071101,2016,0.0
041000071101,2017,0.0
041000071101,2018,0.0
041000071101,2019,0.0
041000071101,2020,0.0
041000071102,2010,0.006653319
041000071102,2011,0.006423542
041000071102,2012,0.00851846
041000071102,2013,0.007250418
041000071102,2014,0.006988427
041000071102,2015,0.008921154
041000071102,2016,0.009218734
041000071102,2017,0.008895334
041000071102,2018,0.00555148
041000071102,2019,0.006335482
041000071102,2020,0.007965791
041000071103,2010,0.004557731
041000071103,2011,0.004190159
041000071103,2012,0.005422434
041000071103,2013,0.00504974
041000071103,2014,0.004695815
041000071103,2015,0.00394915
041000071103,2016,0.004005347
041000071103,2017,0.003841109
041000071103,2018,0.00351132
041000071103,2019,0.00403342
041000071103,2020,0.004280105
041000071201,2010,0.0
041000071201,2011,0.0
041000071201,2012,0.0
041000071201,2013,0.0
041000071201,2014,0.0
041000071201,2015,0.0
041000071201,2016,0.0
041000071201,2017,0.0
041000071201,2018,0.0
041000071201,2019,0.0
041000071201,2020,0.0
041000071204,2010,0.010923071
041000071204,2011,0.010842543
041000071204,2012,0.01353178
041000071204,2013,0.012135153
041000071204,2014,0.011766258
041000071204,2015,0.0104993
041000071204,2016,0.014519608
041000071204,2017,0.010707219
041000071204,2018,0.009794035
041000071204,2019,0.009971515
041000071204,2020,0.014009428
041000071205,2010,0.012802248
041000071205,2011,0.012603401
041000071205,2012,0.015953678
041000071205,2013,0.014846832
041000071205,2014,0.014539374
041000071205,2015,0.012618568
041000071205,2016,0.013087788
041000071205,2017,0.013145589
041000071205,2018,0.012841349
041000071205,2019,0.01299732
041000071205,2020,0.012076814
041000071206,2010,0.032042739
041000071206,2011,0.03319514
041000071206,2012,0.042837145
041000071206,2013,0.036461755
041000071206,2014,0.06050661
041000071206,2015,0.035269904
041000071206,2016,0.036999366
041000071206,2017,0.036540156
041000071206,2018,0.033472092
041000071206,2019,0.032937718
041000071206,2020,0.034078558
041000071207,2010,0.0
041000071207,2011,0.0
041000071207,2012,0.0
041000071207,2013,0.0
041000071207,2014,0.0
041000071207,2015,0.0
041000071207,2016,0.0
041000071207,2017,0.0
041000071207,2018,0.0
041000071207,2019,0.0
041000071207,2020,0.0
041000071208,2010,0.0
041000071208,2011,0.0
041000071208,2012,0.0
041000071208,2013,0.0
041000071208,2014,0.0
041000071208,2015,0.0
041000071208,2016,0.0
041000071208,2017,0.0
041000071208,2018,0.0
041000071208,2019,0.0
041000071208,2020,0.0
041000071209,2010,0.093773996
041000071209,2011,0.086211314
041000071209,2012,0.111565018
041000071209,2013,0.103896959
041000071209,2014,0.096615036
041000071209,2015,0.081252619
041000071209,2016,0.082408867
041000071209,2017,0.079029706
041000071209,2018,0.072244395
041000071209,2019,0.082986466
041000071209,2020,0.08806194
041000080101,2010,0.0
041000080101,2011,0.0
041000080101,2012,0.0
041000080101,2013,0.0
041000080101,2014,0.0
041000080101,2015,0.0
041000080101,2016,0.0
041000080101,2017,0.0
041000080101,2018,0.0
041000080101,2019,0.0
041000080101,2020,0.0
041000080102,2010,0.025034901
041000080102,2011,0.0230343
041000080102,2012,0.028369904
041000080102,2013,0.02487244
041000080102,2014,0.023587224
041000080102,2015,0.02236872
041000080102,2016,0.023609739
041000080102,2017,0.023350832
041000080102,2018,0.019724057
041000080102,2019,0.019880545
041000080102,2020,0.02132059
041000080103,2010,0.009645616
041000080103,2011,0.00999105
041000080103,2012,0.01152795
041000080103,2013,0.009775827
041000080103,2014,0.009600602
041000080103,2015,0.009340741
041000080103,2016,0.009946537
041000080103,2017,0.00927387
041000080103,2018,0.00800205
041000080103,2019,0.007369591
041000080103,2020,0.006742092
041000080104,2010,0.008065098
041000080104,2011,0.007427501
041000080104,2012,0.008887764
041000080104,2013,0.008241283
041000080104,2014,0.007877318
041000080104,2015,0.008628042
041000080104,2016,0.00894571
041000080104,2017,0.008778909
041000080104,2018,0.006816246
041000080104,2019,0.007091588
041000080104,2020,0.007001769
041000080105,2010,0.010084539
041000080105,2011,0.009124651
041000080105,2012,0.010839163
041000080105,2013,0.010068922
041000080105,2014,0.010147194
041000080105,2015,0.010825921
041000080105,2016,0.011273524
041000080105,2017,0.011054056
041000080105,2018,0.008551537
041000080105,2019,0.008913451
041000080105,2020,0.008731347
041000080201,2010,0.004527073
041000080201,2011,0.004136647
041000080201,2012,0.005000102
041000080201,2013,0.004069815
041000080201,2014,0.004284958
041000080201,2015,0.004369581
041000080201,2016,0.004259131
041000080201,2017,0.004218123
041000080201,2018,0.003796287
041000080201,2019,0.004482232
041000080201,2020,0.004124963
041000080202,2010,0.0
041000080202,2011,0.0
041000080202,2012,0.0
041000080202,2013,0.0
041000080202,2014,0.0
041000080202,2015,0.0
041000080202,2016,0.0
041000080202,2017,0.0
041000080202,2018,0.0
041000080202,2019,0.0
041000080202,2020,0.0
041000080203,2010,0.0
041000080203,2011,0.0
041000080203,2012,0.0
041000080203,2013,0.0
041000080203,2014,0.0
041000080203,2015,0.0
041000080203,2016,0.0
041000080203,2017,0.0
041000080203,2018,0.0
041000080203,2019,0.0
041000080203,2020,0.0
041000080204,2010,0.024680303
041000080204,2011,0.02307399
041000080204,2012,0.028016609
041000080204,2013,0.025223897
041000080204,2014,0.024822203
041000080204,2015,0.024442537
041000080204,2016,0.026322412
041000080204,2017,0.026594728
041000080204,2018,0.023896487
041000080204,2019,0.024702734
041000080204,2020,0.02561761
041000080205,2010,0.101121934
041000080205,2011,0.094540428
041000080205,2012,0.114791687
041000080205,2013,0.103349187
041000080205,2014,0.101703334
041000080205,2015,0.10014774
041000080205,2016,0.107850101
041000080205,2017,0.108965852
041000080205,2018,0.097910423
041000080205,2019,0.10121384
041000080205,2020,0.104962336
041000080301,2010,0.0
041000080301,2011,0.0
041000080301,2012,0.0
041000080301,2013,0.0
041000080301,2014,0.0
041000080301,2015,0.0
041000080301,2016,0.0
041000080301,2017,0.0
041000080301,2018,0.0
041000080301,2019,0.0
041000080301,2020,0.0
041000080302,2010,0.089790163
041000080302,2011,0.084004756
041000080302,2012,0.101460624
041000080302,2013,0.092026276
041000080302,2014,0.091623426
041000080302,2015,0.092252113
041000080302,2016,0.099548034
041000080302,2017,0.099993501
041000080302,2018,0.086791367
041000080302,2019,0.092613515
041000080302,2020,0.092178457
041000080303,2010,0.014471632
041000080303,2011,0.013529748
041000080303,2012,0.016427921
041000080303,2013,0.014790376
041000080303,2014,0.014554837
041000080303,2015,0.014332215
041000080303,2016,0.015434505
041000080303,2017,0.015594181
041000080303,2018,0.014012031
041000080303,2019,0.014484785
041000080303,2020,0.015021235
041000080304,2010,0.208458817
041000080304,2011,0.194891306
041000080304,2012,0.236638465
041000080304,2013,0.21305021
041000080304,2014,0.209657351
041000080304,2015,0.206450556
041000080304,2016,0.222328664
041000080304,2017,0.224628741
041000080304,2018,0.201838416
041000080304,2019,0.208648278
041000080304,2020,0.216375653
041000080401,2010,0.0
041000080401,2011,0.0
041000080401,2012,0.0
041000080401,2013,0.0
041000080401,2014,0.0
041000080401,2015,0.0
041000080401,2016,0.0
041000080401,2017,0.0
041000080401,2018,0.0
041000080401,2019,0.0
041000080401,2020,0.0
041000080402,2010,0.0
041000080402,2011,0.0
041000080402,2012,0.0
041000080402,2013,0.0
041000080402,2014,0.0
041000080402,2015,0.0
041000080402,2016,0.0
041000080402,2017,0.0
041000080402,2018,0.0
041000080402,2019,0.0
041000080402,2020,0.0
041000080403,2010,0.01810483
041000080403,2011,0.017125683
041000080403,2012,0.021403333
041000080403,2013,0.019169638
041000080403,2014,0.018519752
041000080403,2015,0.017176714
041000080403,2016,0.017349616
041000080403,2017,0.016648068
041000080403,2018,0.0153401
041000080403,2019,0.01736526
041000080403,2020,0.018542552
041000080404,2010,0.023128694
041000080404,2011,0.020609911
041000080404,2012,0.025758717
041000080404,2013,0.023427856
041000080404,2014,0.022646314
041000080404,2015,0.023209246
041000080404,2016,0.02315601
041000080404,2017,0.022186728
041000080404,2018,0.01995995
041000080404,2019,0.02264366
041000080404,2020,0.02459306
041000080405,2010,0.017656432
041000080405,2011,0.016367201
041000080405,2012,0.02295258
041000080405,2013,0.018559996
041000080405,2014,0.018017215
041000080405,2015,0.017967659
041000080405,2016,0.019003508
041000080405,2017,0.019012956
041000080405,2018,0.015678014
041000080405,2019,0.016520916
041000080405,2020,0.017839375
041000080501,2010,0.0
041000080501,2011,0.0
041000080501,2012,0.0
041000080501,2013,0.0
041000080501,2014,0.0
041000080501,2015,0.0
041000080501,2016,0.0
041000080501,2017,0.0
041000080501,2018,0.0
041000080501,2019,0.0
041000080501,2020,0.0
041000080502,2010,0.003977171
041000080502,2011,0.003764817
041000080502,2012,0.004586683
041000080502,2013,0.004107286
041000080502,2014,0.004073984
041000080502,2015,0.006251621
041000080502,2016,0.006268161
041000080502,2017,0.006378817
041000080502,2018,0.003585869
041000080502,2019,0.00373145
041000080502,2020,0.003862951
041000080503,2010,0.0
041000080503,2011,0.0
041000080503,2012,0.0
041000080503,2013,0.0
041000080503,2014,0.0
041000080503,2015,0.0
041000080503,2016,0.0
041000080503,2017,0.0
041000080503,2018,0.0
041000080503,2019,0.0
041000080503,2020,0.0
041000080504,2010,0.0
041000080504,2011,0.0
041000080504,2012,0.0
041000080504,2013,0.0
041000080504,2014,0.0
041000080504,2015,0.0
041000080504,2016,0.0
041000080504,2017,0.0
041000080504,2018,0.0
041000080504,2019,0.0
041000080504,2020,0.0
041000080505,2010,0.000140357
041000080505,2011,0.00013463
041000080505,2012,0.000205926
041000080505,2013,0.000152358
041000080505,2014,0.000148428
041000080505,2015,0.000144613
041000080505,2016,0.00016053
041000080505,2017,0.000165954
041000080505,2018,0.000127774
041000080505,2019,0.000125869
041000080505,2020,0.000135138
041000080506,2010,0.002706877
041000080506,2011,0.002596437
041000080506,2012,0.003971435
041000080506,2013,0.002938334
041000080506,2014,0.002862532
041000080506,2015,0.002788964
041000080506,2016,0.003095937
041000080506,2017,0.003200532
041000080506,2018,0.002464214
041000080506,2019,0.002427466
041000080506,2020,0.002606237
041000080601,2010,0.013045162
041000080601,2011,0.011658967
041000080601,2012,0.014640119
041000080601,2013,0.013372582
041000080601,2014,0.01292605
041000080601,2015,0.013210156
041000080601,2016,0.013203719
041000080601,2017,0.012671599
041000080601,2018,0.011235365
041000080601,2019,0.012696224
041000080601,2020,0.013775911
041000080602,2010,0.061722462
041000080602,2011,0.055000704
041000080602,2012,0.068741082
041000080602,2013,0.062520821
041000080602,2014,0.060435157
041000080602,2015,0.061937428
041000080602,2016,0.06179536
041000080602,2017,0.059208682
041000080602,2018,0.053266183
041000080602,2019,0.060428076
041000080602,2020,0.065630347
041000080603,2010,0.0
041000080603,2011,0.0
041000080603,2012,0.0
041000080603,2013,0.0
041000080603,2014,0.0
041000080603,2015,0.0
041000080603,2016,0.0
041000080603,2017,0.0
041000080603,2018,0.0
041000080603,2019,0.0
041000080603,2020,0.0
041000080604,2010,0.0
041000080604,2011,0.0
041000080604,2012,0.0
041000080604,2013,0.0
041000080604,2014,0.0
041000080604,2015,0.0
041000080604,2016,0.0
041000080604,2017,0.0
041000080604,2018,0.0
041000080604,2019,0.0
041000080604,2020,0.0
041000080605,2010,0.002960568
041000080605,2011,0.002858322
041000080605,2012,0.003790511
041000080605,2013,0.003226263
041000080605,2014,0.003109683
041000080605,2015,0.0039697
041000080605,2016,0.004102116
041000080605,2017,0.003958211
041000080605,2018,0.002470276
041000080605,2019,0.002819138
041000080605,2020,0.003544586
041000090101,2010,0.000236858
041000090101,2011,0.000206025
041000090101,2012,0.000263308
041000090101,2013,0.000242812
041000090101,2014,0.000238189
041000090101,2015,0.000271834
041000090101,2016,0.000308475
041000090101,2017,0.000295209
041000090101,2018,0.000197426
041000090101,2019,0.000195627
041000090101,2020,0.000201417
041000090102,2010,0.005464651
041000090102,2011,0.004753298
041000090102,2012,0.006074884
041000090102,2013,0.005602023
041000090102,2014,0.005495355
041000090102,2015,0.006271609
041000090102,2016,0.007116964
041000090102,2017,0.006810896
041000090102,2018,0.004554905
041000090102,2019,0.004513383
041000090102,2020,0.004646967
041000090103,2010,0.010844146
041000090103,2011,0.011178587
041000090103,2012,0.013009787
041000090103,2013,0.011352584
041000090103,2014,0.009802337
041000090103,2015,0.012938973
041000090103,2016,0.014404618
041000090103,2017,0.013902354
041000090103,2018,0.008150118
041000090103,2019,0.008439816
041000090103,2020,0.008983323
041000090104,2010,0.003950458
041000090104,2011,0.00372707
041000090104,2012,0.004828183
041000090104,2013,0.00444007
041000090104,2014,0.004167065
041000090104,2015,0.003266469
041000090104,2016,0.003472437
041000090104,2017,0.00336271
041000090104,2018,0.004201314
041000090104,2019,0.00441426
041000090104,2020,0.00527511
041000090105,2010,8.7007e-05
041000090105,2011,8.1903e-05
041000090105,2012,0.000106385
041000090105,2013,9.7952e-05
041000090105,2014,9.2094e-05
041000090105,2015,7.1172e-05
041000090105,2016,7.5534e-05
041000090105,2017,7.3157e-05
041000090105,2018,9.3187e-05
041000090105,2019,9.7934e-05
041000090105,2020,0.000117247
041000090106,2010,0.00078306
041000090106,2011,0.000737127
041000090106,2012,0.000957468
041000090106,2013,0.000881568
041000090106,2014,0.00082885
041000090106,2015,0.000640552
041000090106,2016,0.000679809
041000090106,2017,0.000658409
041000090106,2018,0.000838684
041000090106,2019,0.000881408
041000090106,2020,0.00105522
041000090201,2010,0.095764729
041000090201,2011,0.088041498
041000090201,2012,0.113933437
041000090201,2013,0.106102593
041000090201,2014,0.098666081
041000090201,2015,0.082977535
041000090201,2016,0.084158329
041000090201,2017,0.080707432
041000090201,2018,0.073778075
041000090201,2019,0.084748189
041000090201,2020,0.089931411
041000090202,2010,2.9002e-05
041000090202,2011,2.7301e-05
041000090202,2012,3.5462e-05
041000090202,2013,3.2651e-05
041000090202,2014,3.0698e-05
041000090202,2015,2.3724e-05
041000090202,2016,2.5178e-05
041000090202,2017,2.4386e-05
041000090202,2018,3.1062e-05
041000090202,2019,3.2645e-05
041000090202,2020,3.9082e-05
041000090203,2010,0.004872373
041000090203,2011,0.004586569
041000090203,2012,0.005957577
041000090203,2013,0.005485313
041000090203,2014,0.005157287
041000090203,2015,0.003985655
041000090203,2016,0.00422992
041000090203,2017,0.004096767
041000090203,2018,0.005218478
041000090203,2019,0.005484319
041000090203,2020,0.006565811
041000090204,2010,0.009483725
041000090204,2011,0.008927429
041000090204,2012,0.011595998
041000090204,2013,0.01067677
041000090204,2014,0.010038291
041000090204,2015,0.007757792
041000090204,2016,0.008233236
041000090204,2017,0.007974064
041000090204,2018,0.010157395
041000090204,2019,0.010674835
041000090204,2020,0.012779883
041000090205,2010,0.052987053
041000090205,2011,0.049878939
041000090205,2012,0.064788647
041000090205,2013,0.059652781
041000090205,2014,0.0560855
041000090205,2015,0.043343994
041000090205,2016,0.046000376
041000090205,2017,0.044552339
041000090205,2018,0.056750951
041000090205,2019,0.059641969
041000090205,2020,0.071403198
041000090206,2010,0.054727186
041000090206,2011,0.051516999
041000090206,2012,0.066916353
041000090206,2013,0.061611821
041000090206,2014,0.057927388
041000090206,2015,0.044767442
041000090206,2016,0.047511061
041000090206,2017,0.04601547
041000090206,2018,0.058614694
041000090206,2019,0.061600654
041000090206,2020,0.073748131
041000090207,2010,0.002407184
041000090207,2011,0.002265984
041000090207,2012,0.002943327
041000090207,2013,0.002710006
041000090207,2014,0.002547946
041000090207,2015,0.001969103
041000090207,2016,0.002089782
041000090207,2017,0.002023998
041000090207,2018,0.002578177
041000090207,2019,0.002709515
041000090207,2020,0.003243823
041000090301,2010,0.0
041000090301,2011,0.0
041000090301,2012,0.0
041000090301,2013,0.0
041000090301,2014,0.0
041000090301,2015,0.0
041000090301,2016,0.0
041000090301,2017,0.0
041000090301,2018,0.0
041000090301,2019,0.0
041000090301,2020,0.0
041000090302,2010,0.030072437
041000090302,2011,0.030805768
041000090302,2012,0.033609974
041000090302,2013,0.048500933
041000090302,2014,0.032140136
041000090302,2015,0.026975835
041000090302,2016,0.026757676
041000090302,2017,0.026925614
041000090302,2018,0.03040109
041000090302,2019,0.035547395
041000090302,2020,0.024426723
041000090401,2010,0.000585485
041000090401,2011,0.000481329
041000090401,2012,0.000738773
041000090401,2013,0.00069653
041000090401,2014,0.00064263
041000090401,2015,0.000598358
041000090401,2016,0.000653781
041000090401,2017,0.000703813
041000090401,2018,0.000604786
041000090401,2019,0.00060145
041000090401,2020,0.000640538
041000090402,2010,0.068292679
041000090402,2011,0.056143555
041000090402,2012,0.086172596
041000090402,2013,0.081245254
041000090402,2014,0.074958214
041000090402,2015,0.069794194
041000090402,2016,0.07625889
041000090402,2017,0.082094727
041000090402,2018,0.070543987
041000090402,2019,0.0701549
041000090402,2020,0.074714154
041000090403,2010,0.017198316
041000090403,2011,0.016189497
041000090403,2012,0.021028827
041000090403,2013,0.01936185
041000090403,2014,0.018203996
041000090403,2015,0.014068412
041000090403,2016,0.014930609
041000090403,2017,0.014460611
041000090403,2018,0.018419986
041000090403,2019,0.01935834
041000090403,2020,0.023175751
041000090501,2010,0.008249547
041000090501,2011,0.007664131
041000090501,2012,0.009815093
041000090501,2013,0.008701361
041000090501,2014,0.008381642
041000090501,2015,0.007791198
041000090501,2016,0.008104331
041000090501,2017,0.007921198
041000090501,2018,0.007259188
041000090501,2019,0.007277129
041000090501,2020,0.007929677
041000090502,2010,0.007616954
041000090502,2011,0.00738635
041000090502,2012,0.009379128
041000090502,2013,0.008317273
041000090502,2014,0.007924102
041000090502,2015,0.009734589
041000090502,2016,0.010564891
041000090502,2017,0.009327537
041000090502,2018,0.006452223
041000090502,2019,0.006674863
041000090502,2020,0.006867782
041000090503,2010,0.0
041000090503,2011,0.0
041000090503,2012,0.0
041000090503,2013,0.0
041000090503,2014,0.0
041000090503,2015,0.0
041000090503,2016,0.0
041000090503,2017,0.0
041000090503,2018,0.0
041000090503,2019,0.0
041000090503,2020,0.0
041000090504,2010,0.01786371
041000090504,2011,0.016242068
041000090504,2012,0.020880492
041000090504,2013,0.018677937
041000090504,2014,0.018321219
041000090504,2015,0.01557161
041000090504,2016,0.016592117
041000090504,2017,0.01552497
041000090504,2018,0.015778189
041000090504,2019,0.015658579
041000090504,2020,0.016314594
041000090505,2010,0.024015308
041000090505,2011,0.022420856
041000090505,2012,0.028675627
041000090505,2013,0.025558672
041000090505,2014,0.024772777
041000090505,2015,0.024866802
041000090505,2016,0.026740887
041000090505,2017,0.024312114
041000090505,2018,0.020861546
041000090505,2019,0.021048474
041000090505,2020,0.021820094
041000090506,2010,0.0
041000090506,2011,0.0
041000090506,2012,0.0
041000090506,2013,0.0
041000090506,2014,0.0
041000090506,2015,0.0
041000090506,2016,0.0
041000090506,2017,0.0
041000090506,2018,0.0
041000090506,2019,0.0
041000090506,2020,0.0
041000090507,2010,0.0
041000090507,2011,0.0
041000090507,2012,0.0
041000090507,2013,0.0
041000090507,2014,0.0
041000090507,2015,0.0
041000090507,2016,0.0
041000090507,2017,0.0
041000090507,2018,0.0
041000090507,2019,0.0
041000090507,2020,0.0
041000090508,2010,0.0
041000090508,2011,0.0
041000090508,2012,0.0
041000090508,2013,0.0
041000090508,2014,0.0
041000090508,2015,0.0
041000090508,2016,0.0
041000090508,2017,0.0
041000090508,2018,0.0
041000090508,2019,0.0
041000090508,2020,0.0
041000090509,2010,0.000412318
041000090509,2011,0.00038429
041000090509,2012,0.000492324
041000090509,2013,0.000455789
041000090509,2014,0.000433963
041000090509,2015,0.000382544
041000090509,2016,0.000402625
041000090509,2017,0.000404979
041000090509,2018,0.000388706
041000090509,2019,0.000414438
041000090509,2020,0.000433885
041000090510,2010,0.017626605
041000090510,2011,0.016428412
041000090510,2012,0.021046872
041000090510,2013,0.019485001
041000090510,2014,0.018551934
041000090510,2015,0.016353762
041000090510,2016,0.017212221
041000090510,2017,0.017312857
041000090510,2018,0.016617164
041000090510,2019,0.01771723
041000090510,2020,0.018548569
041000090601,2010,0.036009127
041000090601,2011,0.033561356
041000090601,2012,0.042996338
041000090601,2013,0.039805616
041000090601,2014,0.037899467
041000090601,2015,0.033408856
041000090601,2016,0.035162587
041000090601,2017,0.035368176
041000090601,2018,0.033946956
041000090601,2019,0.036194263
041000090601,2020,0.037892593
041000090602,2010,0.00010308
041000090602,2011,9.6073e-05
041000090602,2012,0.000123081
041000090602,2013,0.000113947
041000090602,2014,0.000108491
041000090602,2015,9.5636e-05
041000090602,2016,0.000100656
041000090602,2017,0.000101245
041000090602,2018,9.7176e-05
041000090602,2019,0.00010361
041000090602,2020,0.000108471
041000090603,2010,0.077962509
041000090603,2011,0.072662897
041000090603,2012,0.093090354
041000090603,2013,0.086182197
041000090603,2014,0.082055239
041000090603,2015,0.072332723
041000090603,2016,0.076129685
041000090603,2017,0.076574801
041000090603,2018,0.07349775
041000090603,2019,0.078363343
041000090603,2020,0.082040356
041000090701,2010,0.03436341
041000090701,2011,0.036704187
041000090701,2012,0.043394835
041000090701,2013,0.037490154
041000090701,2014,0.035125806
041000090701,2015,0.035261368
041000090701,2016,0.036507289
041000090701,2017,0.036445192
041000090701,2018,0.033390492
041000090701,2019,0.038583445
041000090701,2020,0.039398247
041000090702,2010,0.014151432
041000090702,2011,0.014567243
041000090702,2012,0.015849417
041000090702,2013,0.022761642
041000090702,2014,0.015101369
041000090702,2015,0.012815105
041000090702,2016,0.012708723
041000090702,2017,0.01280064
041000090702,2018,0.014250256
041000090702,2019,0.016721422
041000090702,2020,0.011416118
041000090703,2010,0.021250059
041000090703,2011,0.019467338
041000090703,2012,0.024830933
041000090703,2013,0.023098928
041000090703,2014,0.021828248
041000090703,2015,0.019698536
041000090703,2016,0.020398852
041000090703,2017,0.019865816
041000090703,2018,0.019103414
041000090703,2019,0.019974716
041000090703,2020,0.02047747
041000090801,2010,0.0
041000090801,2011,0.0
041000090801,2012,0.0
041000090801,2013,0.0
041000090801,2014,0.0
041000090801,2015,0.0
041000090801,2016,0.0
041000090801,2017,0.0
041000090801,2018,0.0
041000090801,2019,0.0
041000090801,2020,0.0
041000090802,2010,0.051360566
041000090802,2011,0.047051799
041000090802,2012,0.060015401
041000090802,2013,0.055829212
041000090802,2014,0.052758026
041000090802,2015,0.047610596
041000090802,2016,0.049303232
041000090802,2017,0.048014905
041000090802,2018,0.046172208
041000090802,2019,0.048278112
041000090802,2020,0.049493249
041000090803,2010,0.051585832
041000090803,2011,0.047258167
041000090803,2012,0.060278626
041000090803,2013,0.056074077
041000090803,2014,0.052989421
041000090803,2015,0.047819414
041000090803,2016,0.049519475
041000090803,2017,0.048225497
041000090803,2018,0.046374718
041000090803,2019,0.048489858
041000090803,2020,0.049710325
041000090804,2010,0.713713581
041000090804,2011,0.654328903
041000090804,2012,0.834769179
041000090804,2013,0.776378401
041000090804,2014,0.733912254
041000090804,2015,0.661628165
041000090804,2016,0.685634594
041000090804,2017,0.668680891
041000090804,2018,0.642963856
041000090804,2019,0.672887567
041000090804,2020,0.690497725
041000090901,2010,0.080593161
041000090901,2011,0.073911842
041000090901,2012,0.094302083
041000090901,2013,0.087697634
041000090901,2014,0.08291286
041000090901,2015,0.074712861
041000090901,2016,0.077447879
041000090901,2017,0.075580757
041000090901,2018,0.072671251
041000090901,2019,0.076083149
041000090901,2020,0.078107812
041000090902,2010,0.20803282
041000090902,2011,0.190580424
041000090902,2012,0.243088695
041000090902,2013,0.226132794
041000090902,2014,0.213693145
041000090902,2015,0.192843795
041000090902,2016,0.199699715
041000090902,2017,0.194481424
041000090902,2018,0.187017695
041000090902,2019,0.195547528
041000090902,2020,0.200469367
041000090903,2010,0.272400674
041000090903,2011,0.250364234
041000090903,2012,0.319611985
041000090903,2013,0.2970456
041000090903,2014,0.281108724
041000090903,2015,0.252553055
041000090903,2016,0.26233752
041000090903,2017,0.257083244
041000090903,2018,0.247126071
041000090903,2019,0.259392567
041000090903,2020,0.267042259
041000090904,2010,0.840090665
041000090904,2011,0.769613349
041000090904,2012,0.981655411
041000090904,2013,0.913183069
041000090904,2014,0.862948533
041000090904,2015,0.778753432
041000090904,2016,0.80643942
041000090904,2017,0.785366602
041000090904,2018,0.755226122
041000090904,2019,0.789671807
041000090904,2020,0.809547475
041000100101,2010,0.031904749
041000100101,2011,0.028277956
041000100101,2012,0.036404442
041000100101,2013,0.038431533
041000100101,2014,0.0138256
041000100101,2015,0.017128271
041000100101,2016,0.017712423
041000100101,2017,0.016957275
041000100101,2018,0.015185323
041000100101,2019,0.015727997
041000100101,2020,0.016351652
041000100102,2010,0.0
041000100102,2011,0.0
041000100102,2012,0.0
041000100102,2013,0.0
041000100102,2014,0.0
041000100102,2015,0.0
041000100102,2016,0.0
041000100102,2017,0.0
041000100102,2018,0.0
041000100102,2019,0.0
041000100102,2020,0.0
041000100103,2010,0.041009449
041000100103,2011,0.03943951
041000100103,2012,0.037729109
041000100103,2013,0.03534225
041000100103,2014,0.032883044
041000100103,2015,0.037100724
041000100103,2016,0.039273402
041000100103,2017,0.039155418
041000100103,2018,0.035093948
041000100103,2019,0.038508981
041000100103,2020,0.040611607
041000100104,2010,0.007906687
041000100104,2011,0.007627588
041000100104,2012,0.007024203
041000100104,2013,0.006633314
041000100104,2014,0.006103971
041000100104,2015,0.007046988
041000100104,2016,0.007441573
041000100104,2017,0.00740011
041000100104,2018,0.007009944
041000100104,2019,0.007784665
041000100104,2020,0.008189982
041000100201,2010,0.001956932
041000100201,2011,0.001792563
041000100201,2012,0.002209917
041000100201,2013,0.001951648
041000100201,2014,0.001863102
041000100201,2015,0.002227197
041000100201,2016,0.002332911
041000100201,2017,0.002397019
041000100201,2018,0.002033935
041000100201,2019,0.002070824
041000100201,2020,0.00202486
041000100202,2010,0.073470134
041000100202,2011,0.069983803
041000100202,2012,0.066461947
041000100202,2013,0.070032103
041000100202,2014,0.069219471
041000100202,2015,0.058094319
041000100202,2016,0.062241108
041000100202,2017,0.058451017
041000100202,2018,0.052754075
041000100202,2019,0.056968268
041000100202,2020,0.057443601
041000100203,2010,0.015811551
041000100203,2011,0.014907626
041000100203,2012,0.015247883
041000100203,2013,0.015257042
041000100203,2014,0.014938422
041000100203,2015,0.013963046
041000100203,2016,0.014845297
041000100203,2017,0.014384252
041000100203,2018,0.012704154
041000100203,2019,0.013449188
041000100203,2020,0.013425534
041000100204,2010,0.003946966
041000100204,2011,0.003374982
041000100204,2012,0.004252724
041000100204,2013,0.003917807
041000100204,2014,0.003723709
041000100204,2015,0.004073516
041000100204,2016,0.004210473
041000100204,2017,0.004221014
041000100204,2018,0.003078841
041000100204,2019,0.002884998
041000100204,2020,0.003146761
041000100205,2010,0.0
041000100205,2011,0.0
041000100205,2012,0.0
041000100205,2013,0.0
041000100205,2014,0.0
041000100205,2015,0.0
041000100205,2016,0.0
041000100205,2017,0.0
041000100205,2018,0.0
041000100205,2019,0.0
041000100205,2020,0.0
041000100301,2010,0.089115255
041000100301,2011,0.082731004
041000100301,2012,0.106040936
041000100301,2013,0.098178489
041000100301,2014,0.093786971
041000100301,2015,0.085373586
041000100301,2016,0.090393584
041000100301,2017,0.09055756
041000100301,2018,0.100782733
041000100301,2019,0.107546852
041000100301,2020,0.111230115
041000100302,2010,0.016687078
041000100302,2011,0.014947893
041000100302,2012,0.018107839
041000100302,2013,0.015838159
041000100302,2014,0.01531881
041000100302,2015,0.018081019
041000100302,2016,0.01827599
041000100302,2017,0.017773819
041000100302,2018,0.013521751
041000100302,2019,0.013340686
041000100302,2020,0.014035497
041000100401,2010,0.021720577
041000100401,2011,0.019981039
041000100401,2012,0.024571019
041000100401,2013,0.022558469
041000100401,2014,0.021586102
041000100401,2015,0.021754588
041000100401,2016,0.023243153
041000100401,2017,0.023291674
041000100401,2018,0.019977663
041000100401,2019,0.020595775
041000100401,2020,0.021295372
041000100402,2010,0.034549238
041000100402,2011,0.031152559
041000100402,2012,0.038862977
041000100402,2013,0.036279321
041000100402,2014,0.035997045
041000100402,2015,0.043206588
041000100402,2016,0.045866271
041000100402,2017,0.045044223
041000100402,2018,0.034097756
041000100402,2019,0.033126841
041000100402,2020,0.034652587
041000100501,2010,0.011411108
041000100501,2011,0.010308966
041000100501,2012,0.012792377
041000100501,2013,0.011829117
041000100501,2014,0.011255853
041000100501,2015,0.012066475
041000100501,2016,0.013219561
041000100501,2017,0.013291772
041000100501,2018,0.010135771
041000100501,2019,0.01055949
041000100501,2020,0.010832701
041000100502,2010,0.029450601
041000100502,2011,0.026849497
041000100502,2012,0.033052811
041000100502,2013,0.031558693
041000100502,2014,0.029881074
041000100502,2015,0.029190877
041000100502,2016,0.029848488
041000100502,2017,0.029772197
041000100502,2018,0.04048662
041000100502,2019,0.046544286
041000100502,2020,0.046799365
041000100503,2010,0.057136956
041000100503,2011,0.050371713
041000100503,2012,0.059995409
041000100503,2013,0.058267304
041000100503,2014,0.058094387
041000100503,2015,0.029781322
041000100503,2016,0.030436307
041000100503,2017,0.02948339
041000100503,2018,0.035507118
041000100503,2019,0.040366091
041000100503,2020,0.039763478
041000100601,2010,0.118508093
041000100601,2011,0.110543584
041000100601,2012,0.141544544
041000100601,2013,0.131055591
041000100601,2014,0.124828402
041000100601,2015,0.110104436
041000100601,2016,0.115854677
041000100601,2017,0.116429894
041000100601,2018,0.111918578
041000100601,2019,0.119385934
041000100601,2020,0.124956641
041000100602,2010,0.024947461
041000100602,2011,0.024484806
041000100602,2012,0.030369892
041000100602,2013,0.028325911
041000100602,2014,0.027572094
041000100602,2015,0.024730769
041000100602,2016,0.025580158
041000100602,2017,0.024406841
041000100602,2018,0.026042151
041000100602,2019,0.028760662
041000100602,2020,0.029639368
041000100603,2010,0.0
041000100603,2011,0.0
041000100603,2012,0.0
041000100603,2013,0.0
041000100603,2014,0.0
041000100603,2015,0.0
041000100603,2016,0.0
041000100603,2017,0.0
041000100603,2018,0.0
041000100603,2019,0.0
041000100603,2020,0.0
041000100701,2010,0.006214507
041000100701,2011,0.005845222
041000100701,2012,0.007598968
041000100701,2013,0.007063641
041000100701,2014,0.007402087
041000100701,2015,0.006551557
041000100701,2016,0.007061907
041000100701,2017,0.006418354
041000100701,2018,0.006208525
041000100701,2019,0.006885733
041000100701,2020,0.00681112
041000100702,2010,0.047944037
041000100702,2011,0.043921892
041000100702,2012,0.056023148
041000100702,2013,0.052115426
041000100702,2014,0.049248538
041000100702,2015,0.044443517
041000100702,2016,0.046023558
041000100702,2017,0.044820931
041000100702,2018,0.043100811
041000100702,2019,0.045066629
041000100702,2020,0.046200935
041000100703,2010,0.120481065
041000100703,2011,0.110381063
041000100703,2012,0.140789056
041000100703,2013,0.130969091
041000100703,2014,0.123768113
041000100703,2015,0.111691766
041000100703,2016,0.115662459
041000100703,2017,0.112637809
041000100703,2018,0.108326807
041000100703,2019,0.11327457
041000100703,2020,0.116126345
041000100704,2010,0.002290201
041000100704,2011,0.00209807
041000100704,2012,0.002676125
041000100704,2013,0.00248946
041000100704,2014,0.002352514
041000100704,2015,0.002122987
041000100704,2016,0.002198463
041000100704,2017,0.002141015
041000100704,2018,0.002058848
041000100704,2019,0.002152752
041000100704,2020,0.002206936
041000100705,2010,0.102874046
041000100705,2011,0.098576599
041000100705,2012,0.123448046
041000100705,2013,0.115034991
041000100705,2014,0.110844829
041000100705,2015,0.099628182
041000100705,2016,0.103090845
041000100705,2017,0.099055102
041000100705,2018,0.102089488
041000100705,2019,0.110814186
041000100705,2020,0.114014795
041000100706,2010,0.474693977
041000100706,2011,0.446209371
041000100706,2012,0.563160153
041000100706,2013,0.524395964
041000100706,2014,0.501143497
041000100706,2015,0.451196891
041000100706,2016,0.467030214
041000100706,2017,0.451314797
041000100706,2018,0.45188302
041000100706,2019,0.483139814
041000100706,2020,0.496376975
041000110101,2010,2.0284e-05
041000110101,2011,2.2012e-05
041000110101,2012,2.6114e-05
041000110101,2013,2.4524e-05
041000110101,2014,2.4404e-05
041000110101,2015,2.3831e-05
041000110101,2016,2.5259e-05
041000110101,2017,2.4233e-05
041000110101,2018,2.2685e-05
041000110101,2019,2.4245e-05
041000110101,2020,2.3887e-05
041000110102,2010,0.004251217
041000110102,2011,0.004227655
041000110102,2012,0.005083247
041000110102,2013,0.004787634
041000110102,2014,0.004853956
041000110102,2015,0.00375518
041000110102,2016,0.003863817
041000110102,2017,0.003650058
041000110102,2018,0.004424224
041000110102,2019,0.004627929
041000110102,2020,0.004621156
041000110103,2010,0.166559496
041000110103,2011,0.15100875
041000110103,2012,0.171578127
041000110103,2013,0.164437118
041000110103,2014,0.160680646
041000110103,2015,0.157670575
041000110103,2016,0.160629752
041000110103,2017,0.158128803
041000110103,2018,0.160120874
041000110103,2019,0.168903617
041000110103,2020,0.168794196
041000110104,2010,0.20151937
041000110104,2011,0.202688161
041000110104,2012,0.245269442
041000110104,2013,0.230562683
041000110104,2014,0.234699519
041000110104,2015,0.176358005
041000110104,2016,0.181710416
041000110104,2017,0.170659779
041000110104,2018,0.211785656
041000110104,2019,0.221316522
041000110104,2020,0.220971113
041000110201,2010,0.044164106
041000110201,2011,0.044420254
041000110201,2012,0.053752182
041000110201,2013,0.050529112
041000110201,2014,0.051435723
041000110201,2015,0.038649851
041000110201,2016,0.039822862
041000110201,2017,0.037401053
041000110201,2018,0.046414021
041000110201,2019,0.048502764
041000110201,2020,0.048427066
041000110202,2010,0.0
041000110202,2011,0.0
041000110202,2012,0.0
041000110202,2013,0.0
041000110202,2014,0.0
041000110202,2015,0.0
041000110202,2016,0.0
041000110202,2017,0.0
041000110202,2018,0.0
041000110202,2019,0.0
041000110202,2020,0.0
041000110203,2010,0.001465443
041000110203,2011,0.00126623
041000110203,2012,0.001391961
041000110203,2013,0.001348074
041000110203,2014,0.001287918
041000110203,2015,0.001432215
041000110203,2016,0.001452718
041000110203,2017,0.001455768
041000110203,2018,0.001352419
041000110203,2019,0.001433112
041000110203,2020,0.001432814
041000110204,2010,0.070771213
041000110204,2011,0.075365652
041000110204,2012,0.062513567
041000110204,2013,0.083666973
041000110204,2014,0.063251243
041000110204,2015,0.065871248
041000110204,2016,0.06970622
041000110204,2017,0.06933129
041000110204,2018,0.062804445
041000110204,2019,0.065222542
041000110204,2020,0.066926506
041000110205,2010,0.001009052
041000110205,2011,0.001074559
041000110205,2012,0.000891315
041000110205,2013,0.001192919
041000110205,2014,0.000901832
041000110205,2015,0.000939188
041000110205,2016,0.000993867
041000110205,2017,0.000988521
041000110205,2018,0.000895462
041000110205,2019,0.000929939
041000110205,2020,0.000954234
041000110301,2010,0.0
041000110301,2011,0.0
041000110301,2012,0.0
041000110301,2013,0.0
041000110301,2014,0.0
041000110301,2015,0.0
041000110301,2016,0.0
041000110301,2017,0.0
041000110301,2018,0.0
041000110301,2019,0.0
041000110301,2020,0.0
041000110302,2010,0.007565999
041000110302,2011,0.006929207
041000110302,2012,0.008214828
041000110302,2013,0.007032511
041000110302,2014,0.007048907
041000110302,2015,0.009156095
041000110302,2016,0.009510762
041000110302,2017,0.009348232
041000110302,2018,0.006040857
041000110302,2019,0.006228046
041000110302,2020,0.005811297
041000110401,2010,0.045659753
041000110401,2011,0.040864372
041000110401,2012,0.05220983
041000110401,2013,0.046331933
041000110401,2014,0.049506468
041000110401,2015,0.048188881
041000110401,2016,0.051967179
041000110401,2017,0.050112368
041000110401,2018,0.044417161
041000110401,2019,0.049913849
041000110401,2020,0.049605744
041000110402,2010,0.001258565
041000110402,2011,0.001098061
041000110402,2012,0.001403843
041000110402,2013,0.001237819
041000110402,2014,0.00126993
041000110402,2015,0.001307661
041000110402,2016,0.001403805
041000110402,2017,0.001376262
041000110402,2018,0.001146837
041000110402,2019,0.001200263
041000110402,2020,0.001192047
041000110403,2010,0.088784359
041000110403,2011,0.077890647
041000110403,2012,0.099967188
041000110403,2013,0.088937091
041000110403,2014,0.085751544
041000110403,2015,0.09592245
041000110403,2016,0.100571752
041000110403,2017,0.099236649
041000110403,2018,0.092896743
041000110403,2019,0.101945008
041000110403,2020,0.100803728
041000110404,2010,0.000507228
041000110404,2011,0.000444992
041000110404,2012,0.000571116
041000110404,2013,0.0005081
041000110404,2014,0.000489901
041000110404,2015,0.000548008
041000110404,2016,0.000574569
041000110404,2017,0.000566942
041000110404,2018,0.000530722
041000110404,2019,0.000582415
041000110404,2020,0.000575895
041000110405,2010,0.000234105
041000110405,2011,0.000205381
041000110405,2012,0.000263592
041000110405,2013,0.000234508
041000110405,2014,0.000226108
041000110405,2015,0.000252927
041000110405,2016,0.000265186
041000110405,2017,0.000261666
041000110405,2018,0.000244949
041000110405,2019,0.000268807
041000110405,2020,0.000265798
041000110501,2010,0.0
041000110501,2011,0.0
041000110501,2012,0.0
041000110501,2013,0.0
041000110501,2014,0.0
041000110501,2015,0.0
041000110501,2016,0.0
041000110501,2017,0.0
041000110501,2018,0.0
041000110501,2019,0.0
041000110501,2020,0.0
041000110502,2010,0.0
041000110502,2011,0.0
041000110502,2012,0.0
041000110502,2013,0.0
041000110502,2014,0.0
041000110502,2015,0.0
041000110502,2016,0.0
041000110502,2017,0.0
041000110502,2018,0.0
041000110502,2019,0.0
041000110502,2020,0.0
041000110503,2010,0.0
041000110503,2011,0.0
041000110503,2012,0.0
041000110503,2013,0.0
041000110503,2014,0.0
041000110503,2015,0.0
041000110503,2016,0.0
041000110503,2017,0.0
041000110503,2018,0.0
041000110503,2019,0.0
041000110503,2020,0.0
041000110504,2010,0.0
041000110504,2011,0.0
041000110504,2012,0.0
041000110504,2013,0.0
041000110504,2014,0.0
041000110504,2015,0.0
041000110504,2016,0.0
041000110504,2017,0.0
041000110504,2018,0.0
041000110504,2019,0.0
041000110504,2020,0.0
041000110505,2010,0.0
041000110505,2011,0.0
041000110505,2012,0.0
041000110505,2013,0.0
041000110505,2014,0.0
041000110505,2015,0.0
041000110505,2016,0.0
041000110505,2017,0.0
041000110505,2018,0.0
041000110505,2019,0.0
041000110505,2020,0.0
041000110506,2010,0.0
041000110506,2011,0.0
041000110506,2012,0.0
041000110506,2013,0.0
041000110506,2014,0.0
041000110506,2015,0.0
041000110506,2016,0.0
041000110506,2017,0.0
041000110506,2018,0.0
041000110506,2019,0.0
041000110506,2020,0.0
041000110507,2010,0.0
041000110507,2011,0.0
041000110507,2012,0.0
041000110507,2013,0.0
041000110507,2014,0.0
041000110507,2015,0.0
041000110507,2016,0.0
041000110507,2017,0.0
041000110507,2018,0.0
041000110507,2019,0.0
041000110507,2020,0.0
041000110508,2010,0.0
041000110508,2011,0.0
041000110508,2012,0.0
041000110508,2013,0.0
041000110508,2014,0.0
041000110508,2015,0.0
041000110508,2016,0.0
041000110508,2017,0.0
041000110508,2018,0.0
041000110508,2019,0.0
041000110508,2020,0.0
041000110509,2010,0.0
041000110509,2011,0.0
041000110509,2012,0.0
041000110509,2013,0.0
041000110509,2014,0.0
041000110509,2015,0.0
041000110509,2016,0.0
041000110509,2017,0.0
041000110509,2018,0.0
041000110509,2019,0.0
041000110509,2020,0.0
041000110601,2010,0.0
041000110601,2011,0.0
041000110601,2012,0.0
041000110601,2013,0.0
041000110601,2014,0.0
041000110601,2015,0.0
041000110601,2016,0.0
041000110601,2017,0.0
041000110601,2018,0.0
041000110601,2019,0.0
041000110601,2020,0.0
041000110602,2010,0.0
041000110602,2011,0.0
041000110602,2012,0.0
041000110602,2013,0.0
041000110602,2014,0.0
041000110602,2015,0.0
041000110602,2016,0.0
041000110602,2017,0.0
041000110602,2018,0.0
041000110602,2019,0.0
041000110602,2020,0.0
041000110603,2010,0.019562381
041000110603,2011,0.018122618
041000110603,2012,0.022747698
041000110603,2013,0.020121726
041000110603,2014,0.019765368
041000110603,2015,0.024279598
041000110603,2016,0.024803948
041000110603,2017,0.025105882
041000110603,2018,0.0175384
041000110603,2019,0.018982234
041000110603,2020,0.018957405
041000110604,2010,0.034570486
041000110604,2011,0.032144296
041000110604,2012,0.03915241
041000110604,2013,0.034117597
041000110604,2014,0.036656125
041000110604,2015,0.034663321
041000110604,2016,0.035631145
041000110604,2017,0.035581978
041000110604,2018,0.033382214
041000110604,2019,0.031310214
041000110604,2020,0.031647338
041000110605,2010,0.0
041000110605,2011,0.0
041000110605,2012,0.0
041000110605,2013,0.0
041000110605,2014,0.0
041000110605,2015,0.0
041000110605,2016,0.0
041000110605,2017,0.0
041000110605,2018,0.0
041000110605,2019,0.0
041000110605,2020,0.0
041000110701,2010,0.0
041000110701,2011,0.0
041000110701,2012,0.0
041000110701,2013,0.0
041000110701,2014,0.0
041000110701,2015,0.0
041000110701,2016,0.0
041000110701,2017,0.0
041000110701,2018,0.0
041000110701,2019,0.0
041000110701,2020,0.0
041000110702,2010,0.039273385
041000110702,2011,0.036382921
041000110702,2012,0.045668218
041000110702,2013,0.040396323
041000110702,2014,0.039680901
041000110702,2015,0.048743657
041000110702,2016,0.04979634
041000110702,2017,0.050402503
041000110702,2018,0.035210045
041000110702,2019,0.038108682
041000110702,2020,0.038058835
041000110703,2010,0.0
041000110703,2011,0.0
041000110703,2012,0.0
041000110703,2013,0.0
041000110703,2014,0.0
041000110703,2015,0.0
041000110703,2016,0.0
041000110703,2017,0.0
041000110703,2018,0.0
041000110703,2019,0.0
041000110703,2020,0.0
041000110704,2010,0.001281865
041000110704,2011,0.001187522
041000110704,2012,0.00149059
041000110704,2013,0.001318518
041000110704,2014,0.001295167
041000110704,2015,0.001590971
041000110704,2016,0.00162533
041000110704,2017,0.001645115
041000110704,2018,0.00114924
041000110704,2019,0.00124385
041000110704,2020,0.001242223
041000110705,2010,0.0
041000110705,2011,0.0
041000110705,2012,0.0
041000110705,2013,0.0
041000110705,2014,0.0
041000110705,2015,0.0
041000110705,2016,0.0
041000110705,2017,0.0
041000110705,2018,0.0
041000110705,2019,0.0
041000110705,2020,0.0
041000110801,2010,0.009233088
041000110801,2011,0.011693991
041000110801,2012,0.016095331
041000110801,2013,0.013080459
041000110801,2014,0.013238903
041000110801,2015,0.011689155
041000110801,2016,0.012398833
041000110801,2017,0.012025819
041000110801,2018,0.010964112
041000110801,2019,0.010847129
041000110801,2020,0.011656126
041000110802,2010,0.0
041000110802,2011,0.0
041000110802,2012,0.0
041000110802,2013,0.0
041000110802,2014,0.0
041000110802,2015,0.0
041000110802,2016,0.0
041000110802,2017,0.0
041000110802,2018,0.0
041000110802,2019,0.0
041000110802,2020,0.0
041000110803,2010,0.000475076
041000110803,2011,0.00042009
041000110803,2012,0.000615905
041000110803,2013,0.000478097
041000110803,2014,0.0004717
041000110803,2015,0.000555237
041000110803,2016,0.000566362
041000110803,2017,0.000558722
041000110803,2018,0.00040131
041000110803,2019,0.000407018
041000110803,2020,0.000391786
041000110804,2010,3.6544e-05
041000110804,2011,3.2315e-05
041000110804,2012,4.7377e-05
041000110804,2013,3.6777e-05
041000110804,2014,3.6285e-05
041000110804,2015,4.2711e-05
041000110804,2016,4.3566e-05
041000110804,2017,4.2979e-05
041000110804,2018,3.087e-05
041000110804,2019,3.1309e-05
041000110804,2020,3.0137e-05
041000110805,2010,0.019480363
041000110805,2011,0.016498283
041000110805,2012,0.030743576
041000110805,2013,0.018730058
041000110805,2014,0.018122976
041000110805,2015,0.021724088
041000110805,2016,0.022559856
041000110805,2017,0.021991032
041000110805,2018,0.018062575
041000110805,2019,0.019517184
041000110805,2020,0.019299039
041000110806,2010,0.0
041000110806,2011,0.0
041000110806,2012,0.0
041000110806,2013,0.0
041000110806,2014,0.0
041000110806,2015,0.0
041000110806,2016,0.0
041000110806,2017,0.0
041000110806,2018,0.0
041000110806,2019,0.0
041000110806,2020,0.0
041000110901,2010,0.004973182
041000110901,2011,0.003927823
041000110901,2012,0.004708919
041000110901,2013,0.004251595
041000110901,2014,0.004134237
041000110901,2015,0.005697517
041000110901,2016,0.005941158
041000110901,2017,0.005694131
041000110901,2018,0.004239236
041000110901,2019,0.00390902
041000110901,2020,0.003632416
041000110902,2010,0.0
041000110902,2011,0.0
041000110902,2012,0.0
041000110902,2013,0.0
041000110902,2014,0.0
041000110902,2015,0.0
041000110902,2016,0.0
041000110902,2017,0.0
041000110902,2018,0.0
041000110902,2019,0.0
041000110902,2020,0.0
041000110903,2010,0.003473805
041000110903,2011,0.002743613
041000110903,2012,0.003289215
041000110903,2013,0.002969771
041000110903,2014,0.002887795
041000110903,2015,0.003979758
041000110903,2016,0.004149943
041000110903,2017,0.003977393
041000110903,2018,0.002961138
041000110903,2019,0.00273048
041000110903,2020,0.002537269
041000110904,2010,0.0
041000110904,2011,0.0
041000110904,2012,0.0
041000110904,2013,0.0
041000110904,2014,0.0
041000110904,2015,0.0
041000110904,2016,0.0
041000110904,2017,0.0
041000110904,2018,0.0
041000110904,2019,0.0
041000110904,2020,0.0
041000110905,2010,0.0
041000110905,2011,0.0
041000110905,2012,0.0
041000110905,2013,0.0
041000110905,2014,0.0
041000110905,2015,0.0
041000110905,2016,0.0
041000110905,2017,0.0
041000110905,2018,0.0
041000110905,2019,0.0
041000110905,2020,0.0
041000111001,2010,0.024510043
041000111001,2011,0.023142688
041000111001,2012,0.028905911
041000111001,2013,0.025602347
041000111001,2014,0.025038193
041000111001,2015,0.02508412
041000111001,2016,0.026464376
041000111001,2017,0.026378489
041000111001,2018,0.021318488
041000111001,2019,0.022276318
041000111001,2020,0.023246477
041000111002,2010,0.0
041000111002,2011,0.0
041000111002,2012,0.0
041000111002,2013,0.0
041000111002,2014,0.0
041000111002,2015,0.0
041000111002,2016,0.0
041000111002,2017,0.0
041000111002,2018,0.0
041000111002,2019,0.0
041000111002,2020,0.0
041000111003,2010,0.011276484
041000111003,2011,0.010647396
041000111003,2012,0.013298917
041000111003,2013,0.011779027
041000111003,2014,0.011519473
041000111003,2015,0.011540603
041000111003,2016,0.012175625
041000111003,2017,0.012136111
041000111003,2018,0.009808126
041000111003,2019,0.0102488
041000111003,2020,0.010695147
041000111004,2010,0.063350672
041000111004,2011,0.060166906
041000111004,2012,0.058972457
041000111004,2013,0.06081475
041000111004,2014,0.06031198
041000111004,2015,0.053314346
041000111004,2016,0.05632402
041000111004,2017,0.052782687
041000111004,2018,0.046627499
041000111004,2019,0.049946875
041000111004,2020,0.050718015
041000111101,2010,0.027358458
041000111101,2011,0.025634031
041000111101,2012,0.032253148
041000111101,2013,0.028548868
041000111101,2014,0.027981359
041000111101,2015,0.027941287
041000111101,2016,0.029300927
041000111101,2017,0.029242864
041000111101,2018,0.023728232
041000111101,2019,0.024791612
041000111101,2020,0.025809718
041000111102,2010,0.006873329
041000111102,2011,0.005682541
041000111102,2012,0.008057003
041000111102,2013,0.007062167
041000111102,2014,0.0071574
041000111102,2015,0.006798168
041000111102,2016,0.006447738
041000111102,2017,0.006577675
041000111102,2018,0.005702235
041000111102,2019,0.005947361
041000111102,2020,0.00595542
041000111103,2010,0.116049929
041000111103,2011,0.109575788
041000111103,2012,0.136863444
041000111103,2013,0.121221758
041000111103,2014,0.118550608
041000111103,2015,0.118768064
041000111103,2016,0.125303286
041000111103,2017,0.124896627
041000111103,2018,0.100938583
041000111103,2019,0.105473705
041000111103,2020,0.110067208
041000111104,2010,0.0
041000111104,2011,0.0
041000111104,2012,0.0
041000111104,2013,0.0
041000111104,2014,0.0
041000111104,2015,0.0
041000111104,2016,0.0
041000111104,2017,0.0
041000111104,2018,0.0
041000111104,2019,0.0
041000111104,2020,0.0
041000111105,2010,0.000349478
041000111105,2011,0.000329981
041000111105,2012,0.000412157
041000111105,2013,0.000365052
041000111105,2014,0.000357008
041000111105,2015,0.000357663
041000111105,2016,0.000377344
041000111105,2017,0.000376119
041000111105,2018,0.000303971
041000111105,2019,0.000317628
041000111105,2020,0.000331461
041000111201,2010,0.0
041000111201,2011,0.0
041000111201,2012,0.0
041000111201,2013,0.0
041000111201,2014,0.0
041000111201,2015,0.0
041000111201,2016,0.0
041000111201,2017,0.0
041000111201,2018,0.0
041000111201,2019,0.0
041000111201,2020,0.0
041000111202,2010,0.0
041000111202,2011,0.0
041000111202,2012,0.0
041000111202,2013,0.0
041000111202,2014,0.0
041000111202,2015,0.0
041000111202,2016,0.0
041000111202,2017,0.0
041000111202,2018,0.0
041000111202,2019,0.0
041000111202,2020,0.0
041000111203,2010,0.015799751
041000111203,2011,0.016686898
041000111203,2012,0.014381268
041000111203,2013,0.018743412
041000111203,2014,0.01437437
041000111203,2015,0.014689989
041000111203,2016,0.015550305
041000111203,2017,0.015512373
041000111203,2018,0.014222813
041000111203,2019,0.014785636
041000111203,2020,0.015191123
041000111301,2010,0.034405514
041000111301,2011,0.031774987
041000111301,2012,0.044380749
041000111301,2013,0.042134833
041000111301,2014,0.039194706
041000111301,2015,0.031101305
041000111301,2016,0.033108292
041000111301,2017,0.034292686
041000111301,2018,0.036652916
041000111301,2019,0.03864827
041000111301,2020,0.040247663
041000111302,2010,0.179321528
041000111302,2011,0.165136421
041000111302,2012,0.237620101
041000111302,2013,0.224050326
041000111302,2014,0.207508553
041000111302,2015,0.163953763
041000111302,2016,0.17444514
041000111302,2017,0.182026201
041000111302,2018,0.196720042
041000111302,2019,0.207130239
041000111302,2020,0.216121348
041000111303,2010,0.026741579
041000111303,2011,0.024626204
041000111303,2012,0.035435437
041000111303,2013,0.033411825
041000111303,2014,0.030945009
041000111303,2015,0.024449839
041000111303,2016,0.026014381
041000111303,2017,0.027144917
041000111303,2018,0.029336157
041000111303,2019,0.030888593
041000111303,2020,0.032229404
041000111401,2010,0.0
041000111401,2011,0.0
041000111401,2012,0.0
041000111401,2013,0.0
041000111401,2014,0.0
041000111401,2015,0.0
041000111401,2016,0.0
041000111401,2017,0.0
041000111401,2018,0.0
041000111401,2019,0.0
041000111401,2020,0.0
041000111402,2010,0.062621982
041000111402,2011,0.059650422
041000111402,2012,0.056648582
041000111402,2013,0.05969159
041000111402,2014,0.058998946
041000111402,2015,0.049516467
041000111402,2016,0.053050966
041000111402,2017,0.049820496
041000111402,2018,0.04496473
041000111402,2019,0.048556681
041000111402,2020,0.048961829
041000111403,2010,2.4669e-05
041000111403,2011,2.2718e-05
041000111403,2012,3.269e-05
041000111403,2013,3.0823e-05
041000111403,2014,2.8547e-05
041000111403,2015,2.2555e-05
041000111403,2016,2.3999e-05
041000111403,2017,2.5041e-05
041000111403,2018,2.7063e-05
041000111403,2019,2.8495e-05
041000111403,2020,2.9732e-05
041000111404,2010,0.001187842
041000111404,2011,0.001000773
041000111404,2012,0.001265742
041000111404,2013,0.00116528
041000111404,2014,0.001152862
041000111404,2015,0.001559475
041000111404,2016,0.001795398
041000111404,2017,0.00179603
041000111404,2018,0.000999185
041000111404,2019,0.001067658
041000111404,2020,0.001072876
041000111405,2010,0.039529479
041000111405,2011,0.036030858
041000111405,2012,0.044354454
041000111405,2013,0.042377111
041000111405,2014,0.040120311
041000111405,2015,0.039179923
041000111405,2016,0.040025038
041000111405,2017,0.039916561
041000111405,2018,0.054686662
041000111405,2019,0.062951438
041000111405,2020,0.063276044
041000120101,2010,0.004170911
041000120101,2011,0.003711288
041000120101,2012,0.004824796
041000120101,2013,0.004397461
041000120101,2014,0.00436799
041000120101,2015,0.004102613
041000120101,2016,0.00439911
041000120101,2017,0.004121146
041000120101,2018,0.003706266
041000120101,2019,0.004017371
041000120101,2020,0.003959998
041000120102,2010,0.0
041000120102,2011,0.0
041000120102,2012,0.0
041000120102,2013,0.0
041000120102,2014,0.0
041000120102,2015,0.0
041000120102,2016,0.0
041000120102,2017,0.0
041000120102,2018,0.0
041000120102,2019,0.0
041000120102,2020,0.0
041000120103,2010,0.014314981
041000120103,2011,0.012959289
041000120103,2012,0.015422667
041000120103,2013,0.014507132
041000120103,2014,0.014000083
041000120103,2015,0.015932902
041000120103,2016,0.016936823
041000120103,2017,0.015915663
041000120103,2018,0.01272254
041000120103,2019,0.01359162
041000120103,2020,0.014347977
041000120104,2010,0.000709233
041000120104,2011,0.000640063
041000120104,2012,0.000854005
041000120104,2013,0.000743459
041000120104,2014,0.000755174
041000120104,2015,0.000509491
041000120104,2016,0.000552348
041000120104,2017,0.000531514
041000120104,2018,0.00066908
041000120104,2019,0.000678779
041000120104,2020,0.000679638
041000120105,2010,0.0
041000120105,2011,0.0
041000120105,2012,0.0
041000120105,2013,0.0
041000120105,2014,0.0
041000120105,2015,0.0
041000120105,2016,0.0
041000120105,2017,0.0
041000120105,2018,0.0
041000120105,2019,0.0
041000120105,2020,0.0
041000120201,2010,0.037135423
041000120201,2011,0.033513703
041000120201,2012,0.044715683
041000120201,2013,0.038927506
041000120201,2014,0.039540912
041000120201,2015,0.02667696
041000120201,2016,0.028920967
041000120201,2017,0.027830077
041000120201,2018,0.035033036
041000120201,2019,0.035540855
041000120201,2020,0.035585864
041000120202,2010,0.0
041000120202,2011,0.0
041000120202,2012,0.0
041000120202,2013,0.0
041000120202,2014,0.0
041000120202,2015,0.0
041000120202,2016,0.0
041000120202,2017,0.0
041000120202,2018,0.0
041000120202,2019,0.0
041000120202,2020,0.0
041000120203,2010,0.016255613
041000120203,2011,0.014670246
041000120203,2012,0.019573786
041000120203,2013,0.017040077
041000120203,2014,0.017308589
041000120203,2015,0.011677539
041000120203,2016,0.012659827
041000120203,2017,0.012182303
041000120203,2018,0.015335317
041000120203,2019,0.015557609
041000120203,2020,0.015577311
041000120204,2010,0.050746783
041000120204,2011,0.042414888
041000120204,2012,0.052196274
041000120204,2013,0.051288924
041000120204,2014,0.049119204
041000120204,2015,0.048753502
041000120204,2016,0.052866708
041000120204,2017,0.052165956
041000120204,2018,0.042901304
041000120204,2019,0.046443749
041000120204,2020,0.046301881
041000120301,2010,0.014021248
041000120301,2011,0.011715324
041000120301,2012,0.01441263
041000120301,2013,0.01416794
041000120301,2014,0.013565914
041000120301,2015,0.013468881
041000120301,2016,0.01460606
041000120301,2017,0.014416198
041000120301,2018,0.011850486
041000120301,2019,0.012828918
041000120301,2020,0.012790499
041000120302,2010,0.000952451
041000120302,2011,0.000823789
041000120302,2012,0.001037863
041000120302,2013,0.000953983
041000120302,2014,0.000971392
041000120302,2015,0.000802097
041000120302,2016,0.000869346
041000120302,2017,0.000824745
041000120302,2018,0.000830013
041000120302,2019,0.000910666
041000120302,2020,0.000887886
041000120303,2010,0.04465514
041000120303,2011,0.04806095
041000120303,2012,0.057133856
041000120303,2013,0.053630151
041000120303,2014,0.053438821
041000120303,2015,0.051564472
041000120303,2016,0.054636781
041000120303,2017,0.052373665
041000120303,2018,0.049529707
041000120303,2019,0.052925151
041000120303,2020,0.052154197
041000120304,2010,0.0
041000120304,2011,0.0
041000120304,2012,0.0
041000120304,2013,0.0
041000120304,2014,0.0
041000120304,2015,0.0
041000120304,2016,0.0
041000120304,2017,0.0
041000120304,2018,0.0
041000120304,2019,0.0
041000120304,2020,0.0
041000120401,2010,0.007519544
041000120401,2011,0.007582574
041000120401,2012,0.00700476
041000120401,2013,0.007415081
041000120401,2014,0.007144976
041000120401,2015,0.00612308
041000120401,2016,0.006599821
041000120401,2017,0.006755948
041000120401,2018,0.005811403
041000120401,2019,0.006569657
041000120401,2020,0.006885282
041000120402,2010,0.002537653
041000120402,2011,0.002616437
041000120402,2012,0.002874335
041000120402,2013,0.002707339
041000120402,2014,0.002774623
041000120402,2015,0.003033256
041000120402,2016,0.003254319
041000120402,2017,0.003182621
041000120402,2018,0.002637921
041000120402,2019,0.002671979
041000120402,2020,0.002836869
041000120403,2010,0.000111401
041000120403,2011,0.000112334
041000120403,2012,0.000103774
041000120403,2013,0.000109853
041000120403,2014,0.000105851
041000120403,2015,9.0712e-05
041000120403,2016,9.7775e-05
041000120403,2017,0.000100088
041000120403,2018,8.6095e-05
041000120403,2019,9.7328e-05
041000120403,2020,0.000102004
041000120404,2010,0.074833389
041000120404,2011,0.075460653
041000120404,2012,0.069710337
041000120404,2013,0.073793791
041000120404,2014,0.07110574
041000120404,2015,0.060935982
041000120404,2016,0.065680443
041000120404,2017,0.067234194
041000120404,2018,0.05783422
041000120404,2019,0.065380257
041000120404,2020,0.068521308
041000120405,2010,0.0
041000120405,2011,0.0
041000120405,2012,0.0
041000120405,2013,0.0
041000120405,2014,0.0
041000120405,2015,0.0
041000120405,2016,0.0
041000120405,2017,0.0
041000120405,2018,0.0
041000120405,2019,0.0
041000120405,2020,0.0
041000120501,2010,0.0
041000120501,2011,0.0
041000120501,2012,0.0
041000120501,2013,0.0
041000120501,2014,0.0
041000120501,2015,0.0
041000120501,2016,0.0
041000120501,2017,0.0
041000120501,2018,0.0
041000120501,2019,0.0
041000120501,2020,0.0
041000120502,2010,0.0
041000120502,2011,0.0
041000120502,2012,0.0
041000120502,2013,0.0
041000120502,2014,0.0
041000120502,2015,0.0
041000120502,2016,0.0
041000120502,2017,0.0
041000120502,2018,0.0
041000120502,2019,0.0
041000120502,2020,0.0
041000120503,2010,0.0
041000120503,2011,0.0
041000120503,2012,0.0
041000120503,2013,0.0
041000120503,2014,0.0
041000120503,2015,0.0
041000120503,2016,0.0
041000120503,2017,0.0
041000120503,2018,0.0
041000120503,2019,0.0
041000120503,2020,0.0
041000120504,2010,0.000209349
041000120504,2011,0.00018089
041000120504,2012,0.000198852
041000120504,2013,0.000192582
041000120504,2014,0.000183988
041000120504,2015,0.000204602
041000120504,2016,0.000207531
041000120504,2017,0.000207967
041000120504,2018,0.000193203
041000120504,2019,0.00020473
041000120504,2020,0.000204688
041000120505,2010,0.0
041000120505,2011,0.0
041000120505,2012,0.0
041000120505,2013,0.0
041000120505,2014,0.0
041000120505,2015,0.0
041000120505,2016,0.0
041000120505,2017,0.0
041000120505,2018,0.0
041000120505,2019,0.0
041000120505,2020,0.0
041000120506,2010,0.015868158
041000120506,2011,0.012632176
041000120506,2012,0.015941109
041000120506,2013,0.013551182
041000120506,2014,0.015561106
041000120506,2015,0.012567247
041000120506,2016,0.014193962
041000120506,2017,0.014153531
041000120506,2018,0.012654104
041000120506,2019,0.013231061
041000120506,2020,0.01220143
041000120601,2010,0.004734647
041000120601,2011,0.004146749
041000120601,2012,0.004865888
041000120601,2013,0.004522566
041000120601,2014,0.004486438
041000120601,2015,0.005469923
041000120601,2016,0.00575395
041000120601,2017,0.005937225
041000120601,2018,0.003845278
041000120601,2019,0.003641507
041000120601,2020,0.003813866
041000120602,2010,0.0
041000120602,2011,0.0
041000120602,2012,0.0
041000120602,2013,0.0
041000120602,2014,0.0
041000120602,2015,0.0
041000120602,2016,0.0
041000120602,2017,0.0
041000120602,2018,0.0
041000120602,2019,0.0
041000120602,2020,0.0
041000120603,2010,0.057534547
041000120603,2011,0.049149068
041000120603,2012,0.063338566
041000120603,2013,0.056501061
041000120603,2014,0.058191253
041000120603,2015,0.055147691
041000120603,2016,0.05774249
041000120603,2017,0.057798242
041000120603,2018,0.050787908
041000120603,2019,0.053527273
041000120603,2020,0.053026677
041000120604,2010,0.013012954
041000120604,2011,0.011116357
041000120604,2012,0.014325686
041000120604,2013,0.012779204
041000120604,2014,0.013161485
041000120604,2015,0.012473104
041000120604,2016,0.013059986
041000120604,2017,0.013072596
041000120604,2018,0.011487024
041000120604,2019,0.012106603
041000120604,2020,0.01199338
041000120605,2010,0.10438783
041000120605,2011,0.08916876
041000120605,2012,0.114679824
041000120605,2013,0.102449343
041000120605,2014,0.105396528
041000120605,2015,0.101763728
041000120605,2016,0.107096367
041000120605,2017,0.106620499
041000120605,2018,0.094233876
041000120605,2019,0.099034068
041000120605,2020,0.098099492
041000120606,2010,0.023669945
041000120606,2011,0.02389611
041000120606,2012,0.02872003
041000120606,2013,0.026781106
041000120606,2014,0.026757357
041000120606,2015,0.028371463
041000120606,2016,0.030660363
041000120606,2017,0.029105421
041000120606,2018,0.02738299
041000120606,2019,0.028754737
041000120606,2020,0.028371111
041100010101,2010,0.106648738
041100010101,2011,0.100264042
041100010101,2012,0.121559487
041100010101,2013,0.114636683
041100010101,2014,0.110448911
041100010101,2015,0.10186716
041100010101,2016,0.109737011
041100010101,2017,0.105291506
041100010101,2018,0.097560201
041100010101,2019,0.104009278
041100010101,2020,0.103881937
041100010102,2010,0.000467834
041100010102,2011,0.000439826
041100010102,2012,0.000533242
041100010102,2013,0.000502874
041100010102,2014,0.000484504
041100010102,2015,0.000446858
041100010102,2016,0.000481381
041100010102,2017,0.00046188
041100010102,2018,0.000427965
041100010102,2019,0.000456255
041100010102,2020,0.000455697
041100010103,2010,0.150108283
041100010103,2011,0.134697959
041100010103,2012,0.169005016
041100010103,2013,0.158130459
041100010103,2014,0.158600992
041100010103,2015,0.139602098
041100010103,2016,0.157137682
041100010103,2017,0.151370699
041100010103,2018,0.145715335
041100010103,2019,0.159643639
041100010103,2020,0.163471793
041100010104,2010,9.1697e-05
041100010104,2011,8.2283e-05
041100010104,2012,0.000103241
041100010104,2013,9.6598e-05
041100010104,2014,9.6885e-05
041100010104,2015,8.5279e-05
041100010104,2016,9.5991e-05
041100010104,2017,9.2468e-05
041100010104,2018,8.9014e-05
041100010104,2019,9.7522e-05
041100010104,2020,9.9861e-05
041100010105,2010,0.117170365
041100010105,2011,0.105567121
041100010105,2012,0.13205912
041100010105,2013,0.12364566
041100010105,2014,0.123591227
041100010105,2015,0.109219724
041100010105,2016,0.122479573
041100010105,2017,0.117945555
041100010105,2018,0.113184843
041100010105,2019,0.123735461
041100010105,2020,0.126458093
041100010106,2010,0.039921802
041100010106,2011,0.03753182
041100010106,2012,0.04550334
041100010106,2013,0.042911928
041100010106,2014,0.04134432
041100010106,2015,0.038131915
041100010106,2016,0.041077835
041100010106,2017,0.03941375
041100010106,2018,0.036519692
041100010106,2019,0.038933773
041100010106,2020,0.038886106
041100010107,2010,0.02302781
041100010107,2011,0.021649214
041100010107,2012,0.026247369
041100010107,2013,0.024752583
041100010107,2014,0.023848351
041100010107,2015,0.021995362
041100010107,2016,0.023694636
041100010107,2017,0.022734754
041100010107,2018,0.021065395
041100010107,2019,0.022457893
041100010107,2020,0.022430397
041100010108,2010,0.30289252
041100010108,2011,0.2788977
041100010108,2012,0.337283713
041100010108,2013,0.317886511
041100010108,2014,0.310957073
041100010108,2015,0.297725083
041100010108,2016,0.321763223
041100010108,2017,0.317421762
041100010108,2018,0.281170363
041100010108,2019,0.298674682
041100010108,2020,0.294259201
041100010201,2010,0.10638883
041100010201,2011,0.100019694
041100010201,2012,0.121263241
041100010201,2013,0.114357308
041100010201,2014,0.110179742
041100010201,2015,0.101618905
041100010201,2016,0.109469577
041100010201,2017,0.105034906
041100010201,2018,0.097322442
041100010201,2019,0.103755802
041100010201,2020,0.103628772
041100010202,2010,0.468853136
041100010202,2011,0.434537826
041100010202,2012,0.525924978
041100010202,2013,0.495772262
041100010202,2014,0.482652104
041100010202,2015,0.456797427
041100010202,2016,0.493192979
041100010202,2017,0.482477786
041100010202,2018,0.433256562
041100010202,2019,0.460743252
041100010202,2020,0.455863356
041100010203,2010,0.46622979
041100010203,2011,0.436693273
041100010203,2012,0.529208493
041100010203,2013,0.499017736
041100010203,2014,0.482086456
041100010203,2015,0.44765856
041100010203,2016,0.48253037
041100010203,2017,0.465392711
041100010203,2018,0.427631826
041100010203,2019,0.455599857
041100010203,2020,0.4539194
041100010204,2010,0.950567503
041100010204,2011,0.892734166
041100010204,2012,1.083166697
041100010204,2013,1.02130026
041100010204,2014,0.984891955
041100010204,2015,0.907404581
041100010204,2016,0.978480236
041100010204,2017,0.938927803
041100010204,2018,0.870771626
041100010204,2019,0.928952071
041100010204,2020,0.928394806
041100010301,2010,0.008723933
041100010301,2011,0.008290952
041100010301,2012,0.010586544
041100010301,2013,0.009811468
041100010301,2014,0.008942475
041100010301,2015,0.010030671
041100010301,2016,0.010692318
041100010301,2017,0.010746076
041100010301,2018,0.008248753
041100010301,2019,0.008881166
041100010301,2020,0.008877768
041100010302,2010,0.015328195
041100010302,2011,0.014567435
041100010302,2012,0.018600855
041100010302,2013,0.017239025
041100010302,2014,0.015712179
041100010302,2015,0.017624171
041100010302,2016,0.018786703
041100010302,2017,0.018881158
041100010302,2018,0.01449329
041100010302,2019,0.015604459
041100010302,2020,0.015598489
041100010303,2010,0.001074713
041100010303,2011,0.000956283
041100010303,2012,0.001243199
041100010303,2013,0.001133088
041100010303,2014,0.001125494
041100010303,2015,0.001057115
041100010303,2016,0.001133513
041100010303,2017,0.00106189
041100010303,2018,0.000954989
041100010303,2019,0.001035151
041100010303,2020,0.001020368
041100010401,2010,0.009851539
041100010401,2011,0.008765925
041100010401,2012,0.011395991
041100010401,2013,0.010386641
041100010401,2014,0.01031703
041100010401,2015,0.009690222
041100010401,2016,0.010390535
041100010401,2017,0.009733994
041100010401,2018,0.008754063
041100010401,2019,0.009488883
041100010401,2020,0.009353369
041100010402,2010,0.0
041100010402,2011,0.0
041100010402,2012,0.0
041100010402,2013,0.0
041100010402,2014,0.0
041100010402,2015,0.0
041100010402,2016,0.0
041100010402,2017,0.0
041100010402,2018,0.0
041100010402,2019,0.0
041100010402,2020,0.0
041100010403,2010,0.013357223
041100010403,2011,0.011985952
041100010403,2012,0.015038728
041100010403,2013,0.014071067
041100010403,2014,0.014112937
041100010403,2015,0.012422341
041100010403,2016,0.013982726
041100010403,2017,0.013469557
041100010403,2018,0.012966321
041100010403,2019,0.014205716
041100010403,2020,0.01454636
041100010404,2010,0.281295347
041100010404,2011,0.244141769
041100010404,2012,0.308799138
041100010404,2013,0.283537544
041100010404,2014,0.287818602
041100010404,2015,0.241694483
041100010404,2016,0.261571905
041100010404,2017,0.247726622
041100010404,2018,0.245717165
041100010404,2019,0.269194461
041100010404,2020,0.262811676
041100010501,2010,0.014035099
041100010501,2011,0.012370617
041100010501,2012,0.014063491
041100010501,2013,0.014325668
041100010501,2014,0.012947456
041100010501,2015,0.013418016
041100010501,2016,0.014506604
041100010501,2017,0.013827815
041100010501,2018,0.012268039
041100010501,2019,0.01379481
041100010501,2020,0.013741514
041100010502,2010,0.0
041100010502,2011,0.0
041100010502,2012,0.0
041100010502,2013,0.0
041100010502,2014,0.0
041100010502,2015,0.0
041100010502,2016,0.0
041100010502,2017,0.0
041100010502,2018,0.0
041100010502,2019,0.0
041100010502,2020,0.0
041100010503,2010,0.014272089
041100010503,2011,0.01265305
041100010503,2012,0.015872542
041100010503,2013,0.015295661
041100010503,2014,0.014699089
041100010503,2015,0.013559853
041100010503,2016,0.015397555
041100010503,2017,0.014974864
041100010503,2018,0.012469002
041100010503,2019,0.013783105
041100010503,2020,0.012723247
041100010504,2010,0.028288536
041100010504,2011,0.024795522
041100010504,2012,0.028714791
041100010504,2013,0.029097288
041100010504,2014,0.026282035
041100010504,2015,0.027238184
041100010504,2016,0.029521024
041100010504,2017,0.028183141
041100010504,2018,0.025014178
041100010504,2019,0.02806886
041100010504,2020,0.027941804
041100010505,2010,0.066706463
041100010505,2011,0.053329059
041100010505,2012,0.081442629
041100010505,2013,0.076914544
041100010505,2014,0.068884794
041100010505,2015,0.071426282
041100010505,2016,0.080110929
041100010505,2017,0.078081806
041100010505,2018,0.06967354
041100010505,2019,0.076035359
041100010505,2020,0.075005165
041100010506,2010,0.122343651
041100010506,2011,0.106583311
041100010506,2012,0.135455793
041100010506,2013,0.12430935
041100010506,2014,0.125768956
041100010506,2015,0.107277677
041100010506,2016,0.116194813
041100010506,2017,0.109998855
041100010506,2018,0.107099909
041100010506,2019,0.117169172
041100010506,2020,0.114247538
041100010601,2010,0.624932933
041100010601,2011,0.562022483
041100010601,2012,0.70510483
041100010601,2013,0.658880971
041100010601,2014,0.658807304
041100010601,2015,0.583661375
041100010601,2016,0.652808878
041100010601,2017,0.627523292
041100010601,2018,0.600481028
041100010601,2019,0.656378945
041100010601,2020,0.669358594
041100010602,2010,0.7372853
041100010602,2011,0.645733404
041100010602,2012,0.811041251
041100010602,2013,0.747725425
041100010602,2014,0.759370958
041100010602,2015,0.631511641
041100010602,2016,0.690045239
041100010602,2017,0.663303235
041100010602,2018,0.641284735
041100010602,2019,0.698872265
041100010602,2020,0.69073996
041100010603,2010,0.586611685
041100010603,2011,0.525045956
041100010603,2012,0.657966789
041100010603,2013,0.613576608
041100010603,2014,0.616586243
041100010603,2015,0.535772633
041100010603,2016,0.59866725
041100010603,2017,0.57811453
041100010603,2018,0.551023636
041100010603,2019,0.601411187
041100010603,2020,0.611788675
041100010701,2010,0.020008856
041100010701,2011,0.017468843
041100010701,2012,0.023383588
041100010701,2013,0.0214618
041100010701,2014,0.020900153
041100010701,2015,0.020004382
041100010701,2016,0.02164597
041100010701,2017,0.020446869
041100010701,2018,0.018358009
041100010701,2019,0.019927534
041100010701,2020,0.019646038
041100010702,2010,0.248784847
041100010702,2011,0.216536167
041100010702,2012,0.272535657
041100010702,2013,0.250546902
041100010702,2014,0.254847781
041100010702,2015,0.210903377
041100010702,2016,0.228938908
041100010702,2017,0.218882141
041100010702,2018,0.214164333
041100010702,2019,0.233763609
041100010702,2020,0.229017635
041100010703,2010,0.367994906
041100010703,2011,0.322265081
041100010703,2012,0.402159156
041100010703,2013,0.373360855
041100010703,2014,0.376944887
041100010703,2015,0.316694602
041100010703,2016,0.345370156
041100010703,2017,0.337987065
041100010703,2018,0.306379801
041100010703,2019,0.330329465
041100010703,2020,0.327806917
041100020101,2010,0.0
041100020101,2011,0.0
041100020101,2012,0.0
041100020101,2013,0.0
041100020101,2014,0.0
041100020101,2015,0.0
041100020101,2016,0.0
041100020101,2017,0.0
041100020101,2018,0.0
041100020101,2019,0.0
041100020101,2020,0.0
041100020102,2010,0.003244585
041100020102,2011,0.00304678
041100020102,2012,0.003766788
041100020102,2013,0.003836326
041100020102,2014,0.003630431
041100020102,2015,0.004079915
041100020102,2016,0.004149035
041100020102,2017,0.004144415
041100020102,2018,0.003088335
041100020102,2019,0.003169115
041100020102,2020,0.003168321
041100020103,2010,0.029814482
041100020103,2011,0.028611076
041100020103,2012,0.034709977
041100020103,2013,0.033195199
041100020103,2014,0.031449918
041100020103,2015,0.03372904
041100020103,2016,0.034610693
041100020103,2017,0.033538282
041100020103,2018,0.027285219
041100020103,2019,0.029832239
041100020103,2020,0.028717874
041100020104,2010,0.0
041100020104,2011,0.0
041100020104,2012,0.0
041100020104,2013,0.0
041100020104,2014,0.0
041100020104,2015,0.0
041100020104,2016,0.0
041100020104,2017,0.0
041100020104,2018,0.0
041100020104,2019,0.0
041100020104,2020,0.0
041100020105,2010,0.0
041100020105,2011,0.0
041100020105,2012,0.0
041100020105,2013,0.0
041100020105,2014,0.0
041100020105,2015,0.0
041100020105,2016,0.0
041100020105,2017,0.0
041100020105,2018,0.0
041100020105,2019,0.0
041100020105,2020,0.0
041100020106,2010,0.0
041100020106,2011,0.0
041100020106,2012,0.0
041100020106,2013,0.0
041100020106,2014,0.0
041100020106,2015,0.0
041100020106,2016,0.0
041100020106,2017,0.0
041100020106,2018,0.0
041100020106,2019,0.0
041100020106,2020,0.0
041100020201,2010,0.006746978
041100020201,2011,0.006281797
041100020201,2012,0.00765053
041100020201,2013,0.00714881
041100020201,2014,0.007009959
041100020201,2015,0.006455411
041100020201,2016,0.006646767
041100020201,2017,0.006521691
041100020201,2018,0.006365071
041100020201,2019,0.006749248
041100020201,2020,0.006584489
041100020202,2010,0.13554807
041100020202,2011,0.128601093
041100020202,2012,0.146864359
041100020202,2013,0.142434559
041100020202,2014,0.141385642
041100020202,2015,0.133029051
041100020202,2016,0.137163178
041100020202,2017,0.12669316
041100020202,2018,0.112821638
041100020202,2019,0.121956142
041100020202,2020,0.118159261
041100020203,2010,0.07864987
041100020203,2011,0.074474423
041100020203,2012,0.086008145
041100020203,2013,0.076557647
041100020203,2014,0.07201554
041100020203,2015,0.066878905
041100020203,2016,0.069213756
041100020203,2017,0.067297601
041100020203,2018,0.064289387
041100020203,2019,0.069685716
041100020203,2020,0.069731638
041100020302,2010,0.002944136
041100020302,2011,0.002741148
041100020302,2012,0.003338413
041100020302,2013,0.003119481
041100020302,2014,0.003058891
041100020302,2015,0.002816906
041100020302,2016,0.002900408
041100020302,2017,0.002845829
041100020302,2018,0.002777485
041100020302,2019,0.002945126
041100020302,2020,0.002873231
041100020303,2010,0.433026577
041100020303,2011,0.403641396
041100020303,2012,0.490325792
041100020303,2013,0.458513787
041100020303,2014,0.451046237
041100020303,2015,0.417364132
041100020303,2016,0.429182129
041100020303,2017,0.420779661
041100020303,2018,0.407968639
041100020303,2019,0.435120729
041100020303,2020,0.424839638
041100020304,2010,0.612861325
041100020304,2011,0.570725748
041100020304,2012,0.69483593
041100020304,2013,0.649328716
041100020304,2014,0.637004411
041100020304,2015,0.587270186
041100020304,2016,0.60462535
041100020304,2017,0.592987015
041100020304,2018,0.578343487
041100020304,2019,0.613941664
041100020304,2020,0.598330995
041100020305,2010,0.800466771
041100020305,2011,0.75527824
041100020305,2012,0.905270986
041100020305,2013,0.852787012
041100020305,2014,0.835517249
041100020305,2015,0.820043932
041100020305,2016,0.846241966
041100020305,2017,0.820821342
041100020305,2018,0.77024281
041100020305,2019,0.841247019
041100020305,2020,0.808918214
041100020401,2010,0.363318131
041100020401,2011,0.343008327
041100020401,2012,0.412447185
041100020401,2013,0.388631537
041100020401,2014,0.376367617
041100020401,2015,0.376376396
041100020401,2016,0.389861228
041100020401,2017,0.381001672
041100020401,2018,0.34891532
041100020401,2019,0.376501732
041100020401,2020,0.369674166
041100020402,2010,0.075818217
041100020402,2011,0.070682893
041100020402,2012,0.086016048
041100020402,2013,0.080467292
041100020402,2014,0.078740929
041100020402,2015,0.07263818
041100020402,2016,0.075143845
041100020402,2017,0.073551027
041100020402,2018,0.071348018
041100020402,2019,0.075720419
041100020402,2020,0.07405219
041100020403,2010,0.037524971
041100020403,2011,0.035281407
041100020403,2012,0.042769902
041100020403,2013,0.040335672
041100020403,2014,0.038861317
041100020403,2015,0.035866848
041100020403,2016,0.038627361
041100020403,2017,0.037066158
041100020403,2018,0.034342446
041100020403,2019,0.036617012
041100020403,2020,0.036568189
041100020404,2010,0.165437299
041100020404,2011,0.156367194
041100020404,2012,0.188659923
041100020404,2013,0.177871357
041100020404,2014,0.171527685
041100020404,2015,0.173513622
041100020404,2016,0.18357523
041100020404,2017,0.178231381
041100020404,2018,0.154649128
041100020404,2019,0.167616182
041100020404,2020,0.16654515
041100020405,2010,0.152096335
041100020405,2011,0.142504175
041100020405,2012,0.172485648
041100020405,2013,0.161867969
041100020405,2014,0.157746431
041100020405,2015,0.14944873
041100020405,2016,0.154422305
041100020405,2017,0.15103992
041100020405,2018,0.14470873
041100020405,2019,0.154421646
041100020405,2020,0.151102014
041100020501,2010,0.108502745
041100020501,2011,0.102007056
041100020501,2012,0.123672706
041100020501,2013,0.116629554
041100020501,2014,0.112368981
041100020501,2015,0.103638043
041100020501,2016,0.111644705
041100020501,2017,0.107121919
041100020501,2018,0.099256211
041100020501,2019,0.1058174
041100020501,2020,0.105687846
041100020502,2010,0.187796062
041100020502,2011,0.174374193
041100020502,2012,0.205454219
041100020502,2013,0.189044763
041100020502,2014,0.184837474
041100020502,2015,0.182630095
041100020502,2016,0.189891959
041100020502,2017,0.185473655
041100020502,2018,0.169425554
041100020502,2019,0.185541117
041100020502,2020,0.185556332
041100020503,2010,0.136763361
041100020503,2011,0.128575805
041100020503,2012,0.155884489
041100020503,2013,0.147006878
041100020503,2014,0.141636597
041100020503,2015,0.130631599
041100020503,2016,0.140723676
041100020503,2017,0.135022885
041100020503,2018,0.125108475
041100020503,2019,0.133378591
041100020503,2020,0.133215293
041100020504,2010,0.526396232
041100020504,2011,0.49501572
041100020504,2012,0.600007382
041100020504,2013,0.565829922
041100020504,2014,0.545184273
041100020504,2015,0.505266632
041100020504,2016,0.543768244
041100020504,2017,0.522073725
041100020504,2018,0.482065082
041100020504,2019,0.51436901
041100020504,2020,0.513601158
041100020505,2010,0.074437527
041100020505,2011,0.069981206
041100020505,2012,0.084844769
041100020505,2013,0.080012866
041100020505,2014,0.07708993
041100020505,2015,0.071100133
041100020505,2016,0.076593046
041100020505,2017,0.073490221
041100020505,2018,0.068094008
041100020505,2019,0.072595265
041100020505,2020,0.072506385
041100020601,2010,0.700000384
041100020601,2011,0.658093749
041100020601,2012,0.797868678
041100020601,2013,0.752430112
041100020601,2014,0.724943224
041100020601,2015,0.668615983
041100020601,2016,0.720270592
041100020601,2017,0.691092049
041100020601,2018,0.640346799
041100020601,2019,0.682676004
041100020601,2020,0.681840191
041100020602,2010,0.162823427
041100020602,2011,0.153075743
041100020602,2012,0.185588058
041100020602,2013,0.175018831
041100020602,2014,0.16862525
041100020602,2015,0.155523265
041100020602,2016,0.167538374
041100020602,2017,0.160751305
041100020602,2018,0.148947718
041100020602,2019,0.158793693
041100020602,2020,0.158599279
041100020603,2010,1.285260241
041100020603,2011,1.208316095
041100020603,2012,1.464954753
041100020603,2013,1.381525682
041100020603,2014,1.331057417
041100020603,2015,1.227635812
041100020603,2016,1.322478067
041100020603,2017,1.26890378
041100020603,2018,1.175731185
041100020603,2019,1.253451206
041100020603,2020,1.251916582
041100020604,2010,0.428466286
041100020604,2011,0.402815471
041100020604,2012,0.488370917
041100020604,2013,0.460558227
041100020604,2014,0.443733658
041100020604,2015,0.409256072
041100020604,2016,0.440873566
041100020604,2017,0.423013545
041100020604,2018,0.391952663
041100020604,2019,0.417862131
041100020604,2020,0.417350535
041100020605,2010,0.712891799
041100020605,2011,0.670213399
041100020605,2012,0.812562465
041100020605,2013,0.766287089
041100020605,2014,0.738293994
041100020605,2015,0.680929414
041100020605,2016,0.733535309
041100020605,2017,0.703819406
041100020605,2018,0.652139616
041100020605,2019,0.695248368
041100020605,2020,0.694397163
041100030101,2010,0.0
041100030101,2011,0.0
041100030101,2012,0.0
041100030101,2013,0.0
041100030101,2014,0.0
041100030101,2015,0.0
041100030101,2016,0.0
041100030101,2017,0.0
041100030101,2018,0.0
041100030101,2019,0.0
041100030101,2020,0.0
041100030102,2010,0.0
041100030102,2011,0.0
041100030102,2012,0.0
041100030102,2013,0.0
041100030102,2014,0.0
041100030102,2015,0.0
041100030102,2016,0.0
041100030102,2017,0.0
041100030102,2018,0.0
041100030102,2019,0.0
041100030102,2020,0.0
041100030103,2010,0.0
041100030103,2011,0.0
041100030103,2012,0.0
041100030103,2013,0.0
041100030103,2014,0.0
041100030103,2015,0.0
041100030103,2016,0.0
041100030103,2017,0.0
041100030103,2018,0.0
041100030103,2019,0.0
041100030103,2020,0.0
041100030104,2010,2.2969e-05
041100030104,2011,2.2116e-05
041100030104,2012,2.3728e-05
041100030104,2013,2.3361e-05
041100030104,2014,2.2679e-05
041100030104,2015,1.6732e-05
041100030104,2016,1.8115e-05
041100030104,2017,1.7021e-05
041100030104,2018,2.0077e-05
041100030104,2019,2.1091e-05
041100030104,2020,2.1176e-05
041100030105,2010,0.187774412
041100030105,2011,0.18079802
041100030105,2012,0.193973977
041100030105,2013,0.19097869
041100030105,2014,0.185399227
041100030105,2015,0.136780971
041100030105,2016,0.148092842
041100030105,2017,0.13914488
041100030105,2018,0.164127107
041100030105,2019,0.172420278
041100030105,2020,0.173113565
041100030201,2010,0.037233312
041100030201,2011,0.03584998
041100030201,2012,0.038462608
041100030201,2013,0.03786868
041100030201,2014,0.036762342
041100030201,2015,0.027121952
041100030201,2016,0.029364954
041100030201,2017,0.027590685
041100030201,2018,0.032544347
041100030201,2019,0.034188779
041100030201,2020,0.03432625
041100030202,2010,0.053174038
041100030202,2011,0.051198461
041100030202,2012,0.054929634
041100030202,2013,0.054081427
041100030202,2014,0.052501432
041100030202,2015,0.038733694
041100030202,2016,0.041936995
041100030202,2017,0.039403107
041100030202,2018,0.046477584
041100030202,2019,0.048826048
041100030202,2020,0.049022374
041100030203,2010,0.102552168
041100030203,2011,0.097318148
041100030203,2012,0.113330755
041100030203,2013,0.083762651
041100030203,2014,0.097469245
041100030203,2015,0.038550562
041100030203,2016,0.04648189
041100030203,2017,0.044431655
041100030203,2018,0.090124477
041100030203,2019,0.080860916
041100030203,2020,0.078707592
041100030204,2010,0.090984705
041100030204,2011,0.085899831
041100030204,2012,0.102003036
041100030204,2013,0.096877487
041100030204,2014,0.093457081
041100030204,2015,0.083291136
041100030204,2016,0.089789099
041100030204,2017,0.085901376
041100030204,2018,0.082582015
041100030204,2019,0.087823976
041100030204,2020,0.087793227
041100030301,2010,0.009356672
041100030301,2011,0.00879652
041100030301,2012,0.010664845
041100030301,2013,0.010057483
041100030301,2014,0.009690075
041100030301,2015,0.008937168
041100030301,2016,0.009627618
041100030301,2017,0.009237598
041100030301,2018,0.008559303
041100030301,2019,0.009125103
041100030301,2020,0.009113931
041100030302,2010,0.05077817
041100030302,2011,0.047733022
041100030302,2012,0.057861191
041100030302,2013,0.054557165
041100030302,2014,0.052569037
041100030302,2015,0.048486958
041100030302,2016,0.052224409
041100030302,2017,0.050112154
041100030302,2018,0.046441985
041100030302,2019,0.049517582
041100030302,2020,0.049458574
041100030303,2010,0.076672732
041100030303,2011,0.072082597
041100030303,2012,0.087392482
041100030303,2013,0.082415487
041100030303,2014,0.079404781
041100030303,2015,0.073235123
041100030303,2016,0.078892977
041100030303,2017,0.075696981
041100030303,2018,0.070138731
041100030303,2019,0.074775151
041100030303,2020,0.074683602
041100030304,2010,0.052673648
041100030304,2011,0.049411309
041100030304,2012,0.058587403
041100030304,2013,0.054413729
041100030304,2014,0.052808814
041100030304,2015,0.053307906
041100030304,2016,0.057295089
041100030304,2017,0.054998949
041100030304,2018,0.047336431
041100030304,2019,0.05028697
041100030304,2020,0.049264052
041100030401,2010,0.07900464
041100030401,2011,0.073251362
041100030401,2012,0.088772171
041100030401,2013,0.083688228
041100030401,2014,0.084522419
041100030401,2015,0.07188249
041100030401,2016,0.078107896
041100030401,2017,0.075810564
041100030401,2018,0.072724832
041100030401,2019,0.077399116
041100030401,2020,0.074447691
041100030402,2010,0.341728279
041100030402,2011,0.319412208
041100030402,2012,0.387671621
041100030402,2013,0.363539008
041100030402,2014,0.354018224
041100030402,2015,0.319544172
041100030402,2016,0.34399397
041100030402,2017,0.331961883
041100030402,2018,0.311547097
041100030402,2019,0.328420666
041100030402,2020,0.326353711
041100030403,2010,0.32943401
041100030403,2011,0.303572341
041100030403,2012,0.370115691
041100030403,2013,0.341752569
041100030403,2014,0.339938589
041100030403,2015,0.293374125
041100030403,2016,0.314660542
041100030403,2017,0.308081736
041100030403,2018,0.297312847
041100030403,2019,0.303522013
041100030403,2020,0.299287051
041100030501,2010,0.254452806
041100030501,2011,0.236003211
041100030501,2012,0.285930337
041100030501,2013,0.269794353
041100030501,2014,0.272718778
041100030501,2015,0.231734259
041100030501,2016,0.251993268
041100030501,2017,0.244461125
041100030501,2018,0.234468528
041100030501,2019,0.250016214
041100030501,2020,0.240204843
041100030502,2010,1.094041084
041100030502,2011,1.015111458
041100030502,2012,1.234219467
041100030502,2013,1.145619281
041100030502,2014,1.130078119
041100030502,2015,0.993289877
041100030502,2016,1.068157043
041100030502,2017,1.038623135
041100030502,2018,0.991742904
041100030502,2019,1.02619832
041100030502,2020,1.015608569
041100030503,2010,0.420800945
041100030503,2011,0.395127529
041100030503,2012,0.479240096
041100030503,2013,0.451076616
041100030503,2014,0.435015167
041100030503,2015,0.400095513
041100030503,2016,0.430698008
041100030503,2017,0.413799067
041100030503,2018,0.384348263
041100030503,2019,0.408203652
041100030503,2020,0.407866292
041100030504,2010,1.31993191
041100030504,2011,1.240912089
041100030504,2012,1.50447393
041100030504,2013,1.418794244
041100030504,2014,1.366964528
041100030504,2015,1.260752983
041100030504,2016,1.358153738
041100030504,2017,1.303134211
041100030504,2018,1.207448157
041100030504,2019,1.287264783
041100030504,2020,1.285688761
041100040101,2010,0.0
041100040101,2011,0.0
041100040101,2012,0.0
041100040101,2013,0.0
041100040101,2014,0.0
041100040101,2015,0.0
041100040101,2016,0.0
041100040101,2017,0.0
041100040101,2018,0.0
041100040101,2019,0.0
041100040101,2020,0.0
041100040102,2010,0.00311827
041100040102,2011,0.003028303
041100040102,2012,0.004299325
041100040102,2013,0.004825108
041100040102,2014,0.004096293
041100040102,2015,0.003558748
041100040102,2016,0.00357972
041100040102,2017,0.003451899
041100040102,2018,0.002960721
041100040102,2019,0.003545878
041100040102,2020,0.003287575
041100040103,2010,0.0
041100040103,2011,0.0
041100040103,2012,0.0
041100040103,2013,0.0
041100040103,2014,0.0
041100040103,2015,0.0
041100040103,2016,0.0
041100040103,2017,0.0
041100040103,2018,0.0
041100040103,2019,0.0
041100040103,2020,0.0
041100040104,2010,0.01853024
041100040104,2011,0.017608814
041100040104,2012,0.020958138
041100040104,2013,0.019379251
041100040104,2014,0.018439659
041100040104,2015,0.01826022
041100040104,2016,0.018907971
041100040104,2017,0.018102654
041100040104,2018,0.016382464
041100040104,2019,0.017233436
041100040104,2020,0.0170382
041100040105,2010,0.002127761
041100040105,2011,0.002066371
041100040105,2012,0.002933657
041100040105,2013,0.003292427
041100040105,2014,0.002795118
041100040105,2015,0.002428322
041100040105,2016,0.002442633
041100040105,2017,0.002355414
041100040105,2018,0.002020257
041100040105,2019,0.00241954
041100040105,2020,0.002243286
041100040106,2010,2.0132e-05
041100040106,2011,1.949e-05
041100040106,2012,2.3465e-05
041100040106,2013,2.1845e-05
041100040106,2014,2.0708e-05
041100040106,2015,2.1734e-05
041100040106,2016,2.2397e-05
041100040106,2017,2.1388e-05
041100040106,2018,1.8122e-05
041100040106,2019,2.0342e-05
041100040106,2020,1.9282e-05
041100040201,2010,0.001980059
041100040201,2011,0.002103183
041100040201,2012,0.002110234
041100040201,2013,0.002029339
041100040201,2014,0.001642428
041100040201,2015,0.001519804
041100040201,2016,0.001611243
041100040201,2017,0.001578175
041100040201,2018,0.001607893
041100040201,2019,0.001581392
041100040201,2020,0.001506003
041100040202,2010,5.4248e-05
041100040202,2011,5.7621e-05
041100040202,2012,5.7815e-05
041100040202,2013,5.5598e-05
041100040202,2014,4.4998e-05
041100040202,2015,4.1638e-05
041100040202,2016,4.4144e-05
041100040202,2017,4.3238e-05
041100040202,2018,4.4052e-05
041100040202,2019,4.3326e-05
041100040202,2020,4.126e-05
041100040203,2010,0.027333523
041100040203,2011,0.026317999
041100040203,2012,0.028235967
041100040203,2013,0.027799956
041100040203,2014,0.026987777
041100040203,2015,0.019910625
041100040203,2016,0.021557246
041100040203,2017,0.020254729
041100040203,2018,0.023891285
041100040203,2019,0.025098487
041100040203,2020,0.025199406
041100040301,2010,0.00193272
041100040301,2011,0.00187105
041100040301,2012,0.002252649
041100040301,2013,0.002097156
041100040301,2014,0.001987921
041100040301,2015,0.002086416
041100040301,2016,0.002150127
041100040301,2017,0.002053208
041100040301,2018,0.00173967
041100040301,2019,0.001952793
041100040301,2020,0.001851102
041100040302,2010,0.0
041100040302,2011,0.0
041100040302,2012,0.0
041100040302,2013,0.0
041100040302,2014,0.0
041100040302,2015,0.0
041100040302,2016,0.0
041100040302,2017,0.0
041100040302,2018,0.0
041100040302,2019,0.0
041100040302,2020,0.0
041100040303,2010,0.018308762
041100040303,2011,0.019447238
041100040303,2012,0.019512441
041100040303,2013,0.018764435
041100040303,2014,0.01518683
041100040303,2015,0.014052982
041100040303,2016,0.014898483
041100040303,2017,0.014592715
041100040303,2018,0.014867502
041100040303,2019,0.01462246
041100040303,2020,0.013925375
041100040304,2010,0.0
041100040304,2011,0.0
041100040304,2012,0.0
041100040304,2013,0.0
041100040304,2014,0.0
041100040304,2015,0.0
041100040304,2016,0.0
041100040304,2017,0.0
041100040304,2018,0.0
041100040304,2019,0.0
041100040304,2020,0.0
041100040305,2010,0.000551264
041100040305,2011,0.000530783
041100040305,2012,0.000569465
041100040305,2013,0.000560671
041100040305,2014,0.000544291
041100040305,2015,0.000401559
041100040305,2016,0.000434768
041100040305,2017,0.000408499
041100040305,2018,0.000481841
041100040305,2019,0.000506188
041100040305,2020,0.000508223
041100040401,2010,0.0
041100040401,2011,0.0
041100040401,2012,0.0
041100040401,2013,0.0
041100040401,2014,0.0
041100040401,2015,0.0
041100040401,2016,0.0
041100040401,2017,0.0
041100040401,2018,0.0
041100040401,2019,0.0
041100040401,2020,0.0
041100040402,2010,0.000137816
041100040402,2011,0.000132696
041100040402,2012,0.000142366
041100040402,2013,0.000140168
041100040402,2014,0.000136073
041100040402,2015,0.00010039
041100040402,2016,0.000108692
041100040402,2017,0.000102125
041100040402,2018,0.00012046
041100040402,2019,0.000126547
041100040402,2020,0.000127056
041100040403,2010,0.035441703
041100040403,2011,0.034124935
041100040403,2012,0.036611847
041100040403,2013,0.036046498
041100040403,2014,0.034993395
041100040403,2015,0.025816885
041100040403,2016,0.027951958
041100040403,2017,0.026263064
041100040403,2018,0.030978364
041100040403,2019,0.032543668
041100040403,2020,0.032674524
041100040501,2010,0.00036751
041100040501,2011,0.000353855
041100040501,2012,0.000379643
041100040501,2013,0.000373781
041100040501,2014,0.000362861
041100040501,2015,0.000267706
041100040501,2016,0.000289845
041100040501,2017,0.000272332
041100040501,2018,0.000321227
041100040501,2019,0.000337459
041100040501,2020,0.000338816
041100040502,2010,0.0
041100040502,2011,0.0
041100040502,2012,0.0
041100040502,2013,0.0
041100040502,2014,0.0
041100040502,2015,0.0
041100040502,2016,0.0
041100040502,2017,0.0
041100040502,2018,0.0
041100040502,2019,0.0
041100040502,2020,0.0
041100040601,2010,0.0
041100040601,2011,0.0
041100040601,2012,0.0
041100040601,2013,0.0
041100040601,2014,0.0
041100040601,2015,0.0
041100040601,2016,0.0
041100040601,2017,0.0
041100040601,2018,0.0
041100040601,2019,0.0
041100040601,2020,0.0
041100040602,2010,0.0
041100040602,2011,0.0
041100040602,2012,0.0
041100040602,2013,0.0
041100040602,2014,0.0
041100040602,2015,0.0
041100040602,2016,0.0
041100040602,2017,0.0
041100040602,2018,0.0
041100040602,2019,0.0
041100040602,2020,0.0
041100040603,2010,0.00020034
041100040603,2011,0.000190121
041100040603,2012,0.000221375
041100040603,2013,0.000163476
041100040603,2014,0.000190358
041100040603,2015,7.4956e-05
041100040603,2016,9.0453e-05
041100040603,2017,8.6461e-05
041100040603,2018,0.00017604
041100040603,2019,0.000157851
041100040603,2020,0.000153633
041100040604,2010,0.0
041100040604,2011,0.0
041100040604,2012,0.0
041100040604,2013,0.0
041100040604,2014,0.0
041100040604,2015,0.0
041100040604,2016,0.0
041100040604,2017,0.0
041100040604,2018,0.0
041100040604,2019,0.0
041100040604,2020,0.0
041100040605,2010,0.0
041100040605,2011,0.0
041100040605,2012,0.0
041100040605,2013,0.0
041100040605,2014,0.0
041100040605,2015,0.0
041100040605,2016,0.0
041100040605,2017,0.0
041100040605,2018,0.0
041100040605,2019,0.0
041100040605,2020,0.0
041100040606,2010,0.05083819
041100040606,2011,0.047382344
041100040606,2012,0.055573502
041100040606,2013,0.051242847
041100040606,2014,0.050934948
041100040606,2015,0.051872396
041100040606,2016,0.055882988
041100040606,2017,0.053869747
041100040606,2018,0.045446911
041100040606,2019,0.048203849
041100040606,2020,0.046027548
041100040607,2010,0.214074861
041100040607,2011,0.203993943
041100040607,2012,0.2410984
041100040607,2013,0.217805534
041100040607,2014,0.229680604
041100040607,2015,0.192935907
041100040607,2016,0.219216382
041100040607,2017,0.205263367
041100040607,2018,0.198064796
041100040607,2019,0.207971715
041100040607,2020,0.198880589
041201010603,2010,0.0
041201010603,2011,0.0
041201010603,2012,0.0
041201010603,2013,0.0
041201010603,2014,0.0
041201010603,2015,0.0
041201010603,2016,0.0
041201010603,2017,0.0
041201010603,2018,0.0
041201010603,2019,0.0
041201010603,2020,0.0
041201010605,2010,0.112160654
041201010605,2011,0.105940356
041201010605,2012,0.124657471
041201010605,2013,0.116454367
041201010605,2014,0.113751415
041201010605,2015,0.119690962
041201010605,2016,0.128896833
041201010605,2017,0.125077299
041201010605,2018,0.104526038
041201010605,2019,0.107734943
041201010605,2020,0.107195403
041201010702,2010,0.001017166
041201010702,2011,0.000960551
041201010702,2012,0.001092282
041201010702,2013,0.000913889
041201010702,2014,0.000880034
041201010702,2015,0.0008465
041201010702,2016,0.000801536
041201010702,2017,0.000747402
041201010702,2018,0.000703397
041201010702,2019,0.00074795
041201010702,2020,0.000726481
041201010703,2010,0.119482137
041201010703,2011,0.113114389
041201010703,2012,0.131687175
041201010703,2013,0.123756412
041201010703,2014,0.120797705
041201010703,2015,0.122719386
041201010703,2016,0.132217732
041201010703,2017,0.127956775
041201010703,2018,0.110531733
041201010703,2019,0.114169848
041201010703,2020,0.113715197
042600000101,2010,
042600000101,2011,
042600000101,2012,
042600000101,2013,
042600000101,2014,
042600000101,2015,
042600000101,2016,
042600000101,2017,
042600000101,2018,
042600000101,2019,
042600000101,2020,
042600000102,2010,
042600000102,2011,
042600000102,2012,
042600000102,2013,
042600000102,2014,
042600000102,2015,
042600000102,2016,
042600000102,2017,
042600000102,2018,
042600000102,2019,
042600000102,2020,
042600000200,2010,
042600000200,2011,
042600000200,2012,
042600000200,2013,
042600000200,2014,
042600000200,2015,
042600000200,2016,
042600000200,2017,
042600000200,2018,
042600000200,2019,
042600000200,2020,
050301010401,2010,0.033822325
050301010401,2011,0.03285798
050301010401,2012,0.038646948
050301010401,2013,0.035272351
050301010401,2014,0.033973523
050301010401,2015,0.03140661
050301010401,2016,0.032580172
050301010401,2017,0.032029311
050301010401,2018,0.031594737
050301010401,2019,0.032780252
050301010401,2020,0.032560389
050301010402,2010,0.099138269
050301010402,2011,0.096286016
050301010402,2012,0.113096638
050301010402,2013,0.103347941
050301010402,2014,0.099443529
050301010402,2015,0.091113771
050301010402,2016,0.094538332
050301010402,2017,0.093066954
050301010402,2018,0.092599247
050301010402,2019,0.095960774
050301010402,2020,0.095209965
050301010403,2010,0.058406833
050301010403,2011,0.054236217
050301010403,2012,0.063498334
050301010403,2013,0.059217183
050301010403,2014,0.058360453
050301010403,2015,0.060121158
050301010403,2016,0.061602252
050301010403,2017,0.060076823
050301010403,2018,0.052527239
050301010403,2019,0.054688849
050301010403,2020,0.053854524
050301010404,2010,0.009113061
050301010404,2011,0.007891359
050301010404,2012,0.009189352
050301010404,2013,0.008856647
050301010404,2014,0.009053955
050301010404,2015,0.010857581
050301010404,2016,0.010965668
050301010404,2017,0.010576658
050301010404,2018,0.007730886
050301010404,2019,0.008109699
050301010404,2020,0.007889643
050301010405,2010,0.0
050301010405,2011,0.0
050301010405,2012,0.0
050301010405,2013,0.0
050301010405,2014,0.0
050301010405,2015,0.0
050301010405,2016,0.0
050301010405,2017,0.0
050301010405,2018,0.0
050301010405,2019,0.0
050301010405,2020,0.0
050301010501,2010,0.0
050301010501,2011,0.0
050301010501,2012,0.0
050301010501,2013,0.0
050301010501,2014,0.0
050301010501,2015,0.0
050301010501,2016,0.0
050301010501,2017,0.0
050301010501,2018,0.0
050301010501,2019,0.0
050301010501,2020,0.0
050301010502,2010,0.0
050301010502,2011,0.0
050301010502,2012,0.0
050301010502,2013,0.0
050301010502,2014,0.0
050301010502,2015,0.0
050301010502,2016,0.0
050301010502,2017,0.0
050301010502,2018,0.0
050301010502,2019,0.0
050301010502,2020,0.0
050301010503,2010,0.0
050301010503,2011,0.0
050301010503,2012,0.0
050301010503,2013,0.0
050301010503,2014,0.0
050301010503,2015,0.0
050301010503,2016,0.0
050301010503,2017,0.0
050301010503,2018,0.0
050301010503,2019,0.0
050301010503,2020,0.0
050301010504,2010,0.0
050301010504,2011,0.0
050301010504,2012,0.0
050301010504,2013,0.0
050301010504,2014,0.0
050301010504,2015,0.0
050301010504,2016,0.0
050301010504,2017,0.0
050301010504,2018,0.0
050301010504,2019,0.0
050301010504,2020,0.0
050301010601,2010,0.042184901
050301010601,2011,0.040830576
050301010601,2012,0.046709241
050301010601,2013,0.04362144
050301010601,2014,0.041988981
050301010601,2015,0.04140259
050301010601,2016,0.042393762
050301010601,2017,0.0401296
050301010601,2018,0.03695265
050301010601,2019,0.039114971
050301010601,2020,0.039324958
050301010602,2010,0.019218864
050301010602,2011,0.018263195
050301010602,2012,0.021736988
050301010602,2013,0.020099426
050301010602,2014,0.019124917
050301010602,2015,0.018938809
050301010602,2016,0.019610633
050301010602,2017,0.018775387
050301010602,2018,0.016991272
050301010602,2019,0.017873868
050301010602,2020,0.017671376
050301010603,2010,0.000103232
050301010603,2011,0.000107154
050301010603,2012,0.000108155
050301010603,2013,9.9477e-05
050301010603,2014,0.000112689
050301010603,2015,0.000106002
050301010603,2016,0.000116954
050301010603,2017,0.000108212
050301010603,2018,8.6671e-05
050301010603,2019,9.041e-05
050301010603,2020,9.0309e-05
050301010604,2010,0.0
050301010604,2011,0.0
050301010604,2012,0.0
050301010604,2013,0.0
050301010604,2014,0.0
050301010604,2015,0.0
050301010604,2016,0.0
050301010604,2017,0.0
050301010604,2018,0.0
050301010604,2019,0.0
050301010604,2020,0.0
050301010605,2010,0.020203003
050301010605,2011,0.019598633
050301010605,2012,0.023749904
050301010605,2013,0.021147782
050301010605,2014,0.024164836
050301010605,2015,0.024222837
050301010605,2016,0.02496304
050301010605,2017,0.023594913
050301010605,2018,0.018764398
050301010605,2019,0.020638489
050301010605,2020,0.020932915
050301010606,2010,0.046316711
050301010606,2011,0.048076208
050301010606,2012,0.048525693
050301010606,2013,0.044632007
050301010606,2014,0.050559814
050301010606,2015,0.047559555
050301010606,2016,0.052473382
050301010606,2017,0.048551293
050301010606,2018,0.038886543
050301010606,2019,0.040563979
050301010606,2020,0.040518847
050301010607,2010,0.013827524
050301010607,2011,0.013125168
050301010607,2012,0.015571035
050301010607,2013,0.014427714
050301010607,2014,0.013337521
050301010607,2015,0.011668419
050301010607,2016,0.011941922
050301010607,2017,0.011734035
050301010607,2018,0.010468466
050301010607,2019,0.01325061
050301010607,2020,0.013654622
050301010608,2010,0.002791831
050301010608,2011,0.002553219
050301010608,2012,0.002967693
050301010608,2013,0.002737117
050301010608,2014,0.002747406
050301010608,2015,0.002027462
050301010608,2016,0.002209121
050301010608,2017,0.002467765
050301010608,2018,0.002202637
050301010608,2019,0.00190118
050301010608,2020,0.002056071
050301010609,2010,0.042102989
050301010609,2011,0.040751293
050301010609,2012,0.046618544
050301010609,2013,0.043536738
050301010609,2014,0.041907449
050301010609,2015,0.041322197
050301010609,2016,0.042311444
050301010609,2017,0.040051679
050301010609,2018,0.036880897
050301010609,2019,0.039039019
050301010609,2020,0.039248599
050301010610,2010,0.051927919
050301010610,2011,0.049930332
050301010610,2012,0.057914187
050301010610,2013,0.05386816
050301010610,2014,0.053810185
050301010610,2015,0.041447895
050301010610,2016,0.044816031
050301010610,2017,0.048895622
050301010610,2018,0.044102881
050301010610,2019,0.038833875
050301010610,2020,0.041086767
050301010701,2010,0.0
050301010701,2011,0.0
050301010701,2012,0.0
050301010701,2013,0.0
050301010701,2014,0.0
050301010701,2015,0.0
050301010701,2016,0.0
050301010701,2017,0.0
050301010701,2018,0.0
050301010701,2019,0.0
050301010701,2020,0.0
050301010702,2010,0.0
050301010702,2011,0.0
050301010702,2012,0.0
050301010702,2013,0.0
050301010702,2014,0.0
050301010702,2015,0.0
050301010702,2016,0.0
050301010702,2017,0.0
050301010702,2018,0.0
050301010702,2019,0.0
050301010702,2020,0.0
050301010703,2010,0.0
050301010703,2011,0.0
050301010703,2012,0.0
050301010703,2013,0.0
050301010703,2014,0.0
050301010703,2015,0.0
050301010703,2016,0.0
050301010703,2017,0.0
050301010703,2018,0.0
050301010703,2019,0.0
050301010703,2020,0.0
050301010704,2010,0.0
050301010704,2011,0.0
050301010704,2012,0.0
050301010704,2013,0.0
050301010704,2014,0.0
050301010704,2015,0.0
050301010704,2016,0.0
050301010704,2017,0.0
050301010704,2018,0.0
050301010704,2019,0.0
050301010704,2020,0.0
050301010801,2010,0.002374292
050301010801,2011,0.002122833
050301010801,2012,0.002083359
050301010801,2013,0.002266754
050301010801,2014,0.002309328
050301010801,2015,0.002217561
050301010801,2016,0.002373463
050301010801,2017,0.00207788
050301010801,2018,0.001986967
050301010801,2019,0.002081952
050301010801,2020,0.002009742
050301010802,2010,0.009308982
050301010802,2011,0.012550654
050301010802,2012,0.014199552
050301010802,2013,0.013441325
050301010802,2014,0.013129258
050301010802,2015,0.011669248
050301010802,2016,0.012877658
050301010802,2017,0.012158712
050301010802,2018,0.011715695
050301010802,2019,0.012180785
050301010802,2020,0.011435651
050301010803,2010,0.000330279
050301010803,2011,0.000445293
050301010803,2012,0.000503795
050301010803,2013,0.000476893
050301010803,2014,0.000465821
050301010803,2015,0.000414021
050301010803,2016,0.000456895
050301010803,2017,0.000431387
050301010803,2018,0.000415669
050301010803,2019,0.00043217
050301010803,2020,0.000405733
050301010804,2010,0.0
050301010804,2011,0.0
050301010804,2012,0.0
050301010804,2013,0.0
050301010804,2014,0.0
050301010804,2015,0.0
050301010804,2016,0.0
050301010804,2017,0.0
050301010804,2018,0.0
050301010804,2019,0.0
050301010804,2020,0.0
050301011001,2010,0.0
050301011001,2011,0.0
050301011001,2012,0.0
050301011001,2013,0.0
050301011001,2014,0.0
050301011001,2015,0.0
050301011001,2016,0.0
050301011001,2017,0.0
050301011001,2018,0.0
050301011001,2019,0.0
050301011001,2020,0.0
050301011002,2010,0.0
050301011002,2011,0.0
050301011002,2012,0.0
050301011002,2013,0.0
050301011002,2014,0.0
050301011002,2015,0.0
050301011002,2016,0.0
050301011002,2017,0.0
050301011002,2018,0.0
050301011002,2019,0.0
050301011002,2020,0.0
050301011003,2010,0.000445964
050301011003,2011,0.000439442
050301011003,2012,0.000482137
050301011003,2013,0.000475917
050301011003,2014,0.000469624
050301011003,2015,0.000408318
050301011003,2016,0.000420959
050301011003,2017,0.00039237
050301011003,2018,0.000416014
050301011003,2019,0.000440888
050301011003,2020,0.000438267
050301011004,2010,0.0
050301011004,2011,0.0
050301011004,2012,0.0
050301011004,2013,0.0
050301011004,2014,0.0
050301011004,2015,0.0
050301011004,2016,0.0
050301011004,2017,0.0
050301011004,2018,0.0
050301011004,2019,0.0
050301011004,2020,0.0
050301011005,2010,0.103445407
050301011005,2011,0.101079614
050301011005,2012,0.112656204
050301011005,2013,0.106342991
050301011005,2014,0.10674946
050301011005,2015,0.089146018
050301011005,2016,0.091760101
050301011005,2017,0.086440934
050301011005,2018,0.088799847
050301011005,2019,0.093440169
050301011005,2020,0.090052347
050301011102,2010,0.00335841
050301011102,2011,0.00325059
050301011102,2012,0.0037186
050301011102,2013,0.003472775
050301011102,2014,0.003342812
050301011102,2015,0.003296129
050301011102,2016,0.003375037
050301011102,2017,0.003194784
050301011102,2018,0.002941861
050301011102,2019,0.003114007
050301011102,2020,0.003130725
050301011103,2010,0.468686923
050301011103,2011,0.46395464
050301011103,2012,0.531020589
050301011103,2013,0.492937374
050301011103,2014,0.480183574
050301011103,2015,0.475879375
050301011103,2016,0.484158385
050301011103,2017,0.457114989
050301011103,2018,0.418177245
050301011103,2019,0.442924411
050301011103,2020,0.446779603
050301011106,2010,0.153814075
050301011106,2011,0.160180052
050301011106,2012,0.183914329
050301011106,2013,0.172083936
050301011106,2014,0.165505302
050301011106,2015,0.144037298
050301011106,2016,0.140458304
050301011106,2017,0.131234021
050301011106,2018,0.128592492
050301011106,2019,0.135335368
050301011106,2020,0.135896325
050301011107,2010,0.0
050301011107,2011,0.0
050301011107,2012,0.0
050301011107,2013,0.0
050301011107,2014,0.0
050301011107,2015,0.0
050301011107,2016,0.0
050301011107,2017,0.0
050301011107,2018,0.0
050301011107,2019,0.0
050301011107,2020,0.0
050301011109,2010,0.550604281
050301011109,2011,0.557036752
050301011109,2012,0.637018839
050301011109,2013,0.576109075
050301011109,2014,0.583812134
050301011109,2015,0.51242283
050301011109,2016,0.514142154
050301011109,2017,0.484271594
050301011109,2018,0.470624264
050301011109,2019,0.495994332
050301011109,2020,0.475268777
050301020104,2010,0.012922312
050301020104,2011,0.013074393
050301020104,2012,0.016028968
050301020104,2013,0.01294264
050301020104,2014,0.011254323
050301020104,2015,0.01028313
050301020104,2016,0.010232267
050301020104,2017,0.010230505
050301020104,2018,0.008254084
050301020104,2019,0.009724952
050301020104,2020,0.008632458
050301020105,2010,0.0
050301020105,2011,0.0
050301020105,2012,0.0
050301020105,2013,0.0
050301020105,2014,0.0
050301020105,2015,0.0
050301020105,2016,0.0
050301020105,2017,0.0
050301020105,2018,0.0
050301020105,2019,0.0
050301020105,2020,0.0
050301020301,2010,0.0
050301020301,2011,0.0
050301020301,2012,0.0
050301020301,2013,0.0
050301020301,2014,0.0
050301020301,2015,0.0
050301020301,2016,0.0
050301020301,2017,0.0
050301020301,2018,0.0
050301020301,2019,0.0
050301020301,2020,0.0
050301020302,2010,0.0
050301020302,2011,0.0
050301020302,2012,0.0
050301020302,2013,0.0
050301020302,2014,0.0
050301020302,2015,0.0
050301020302,2016,0.0
050301020302,2017,0.0
050301020302,2018,0.0
050301020302,2019,0.0
050301020302,2020,0.0
050301020303,2010,0.0
050301020303,2011,0.0
050301020303,2012,0.0
050301020303,2013,0.0
050301020303,2014,0.0
050301020303,2015,0.0
050301020303,2016,0.0
050301020303,2017,0.0
050301020303,2018,0.0
050301020303,2019,0.0
050301020303,2020,0.0
050301020304,2010,0.0
050301020304,2011,0.0
050301020304,2012,0.0
050301020304,2013,0.0
050301020304,2014,0.0
050301020304,2015,0.0
050301020304,2016,0.0
050301020304,2017,0.0
050301020304,2018,0.0
050301020304,2019,0.0
050301020304,2020,0.0
050301020401,2010,0.011260016
050301020401,2011,0.010862532
050301020401,2012,0.012992058
050301020401,2013,0.012597876
050301020401,2014,0.010194139
050301020401,2015,0.010710298
050301020401,2016,0.01018132
050301020401,2017,0.01201222
050301020401,2018,0.010257208
050301020401,2019,0.010906361
050301020401,2020,0.010876369
050301020601,2010,0.100516325
050301020601,2011,0.095963313
050301020601,2012,0.117644523
050301020601,2013,0.108484151
050301020601,2014,0.094581258
050301020601,2015,0.095540365
050301020601,2016,0.096480937
050301020601,2017,0.093588536
050301020601,2018,0.085556054
050301020601,2019,0.096675565
050301020601,2020,0.093514575
050301020602,2010,0.219572261
050301020602,2011,0.211161624
050301020602,2012,0.270190462
050301020602,2013,0.248167589
050301020602,2014,0.188527436
050301020602,2015,0.196773183
050301020602,2016,0.190288706
050301020602,2017,0.188853372
050301020602,2018,0.175890868
050301020602,2019,0.221739444
050301020602,2020,0.207825422
050301020603,2010,0.613261444
050301020603,2011,0.583922423
050301020603,2012,0.703888259
050301020603,2013,0.650088128
050301020603,2014,0.596132231
050301020603,2015,0.595210171
050301020603,2016,0.609968019
050301020603,2017,0.587147468
050301020603,2018,0.53358855
050301020603,2019,0.578634032
050301020603,2020,0.566716187
050301020606,2010,0.139627858
050301020606,2011,0.138021811
050301020606,2012,0.155212858
050301020606,2013,0.142436978
050301020606,2014,0.147414376
050301020606,2015,0.137164843
050301020606,2016,0.140487505
050301020606,2017,0.126833753
050301020606,2018,0.119787625
050301020606,2019,0.121899087
050301020606,2020,0.120415624
050301030101,2010,0.0
050301030101,2011,0.0
050301030101,2012,0.0
050301030101,2013,0.0
050301030101,2014,0.0
050301030101,2015,0.0
050301030101,2016,0.0
050301030101,2017,0.0
050301030101,2018,0.0
050301030101,2019,0.0
050301030101,2020,0.0
050301030102,2010,0.018680362
050301030102,2011,0.017889378
050301030102,2012,0.020999425
050301030102,2013,0.019608665
050301030102,2014,0.019318993
050301030102,2015,0.017862742
050301030102,2016,0.018406747
050301030102,2017,0.018161209
050301030102,2018,0.017562684
050301030102,2019,0.01823295
050301030102,2020,0.017519725
050301030103,2010,0.267416436
050301030103,2011,0.254813175
050301030103,2012,0.299836604
050301030103,2013,0.280080725
050301030103,2014,0.27479972
050301030103,2015,0.252193351
050301030103,2016,0.25999073
050301030103,2017,0.255456536
050301030103,2018,0.249500049
050301030103,2019,0.258276778
050301030103,2020,0.249828929
050301030201,2010,0.002326814
050301030201,2011,0.002228289
050301030201,2012,0.002615675
050301030201,2013,0.002442442
050301030201,2014,0.002406361
050301030201,2015,0.002224971
050301030201,2016,0.002292732
050301030201,2017,0.002262148
050301030201,2018,0.002187596
050301030201,2019,0.002271084
050301030201,2020,0.002182245
050301030202,2010,0.0
050301030202,2011,0.0
050301030202,2012,0.0
050301030202,2013,0.0
050301030202,2014,0.0
050301030202,2015,0.0
050301030202,2016,0.0
050301030202,2017,0.0
050301030202,2018,0.0
050301030202,2019,0.0
050301030202,2020,0.0
050301030203,2010,0.0
050301030203,2011,0.0
050301030203,2012,0.0
050301030203,2013,0.0
050301030203,2014,0.0
050301030203,2015,0.0
050301030203,2016,0.0
050301030203,2017,0.0
050301030203,2018,0.0
050301030203,2019,0.0
050301030203,2020,0.0
050301030204,2010,0.0
050301030204,2011,0.0
050301030204,2012,0.0
050301030204,2013,0.0
050301030204,2014,0.0
050301030204,2015,0.0
050301030204,2016,0.0
050301030204,2017,0.0
050301030204,2018,0.0
050301030204,2019,0.0
050301030204,2020,0.0
050301030301,2010,0.0
050301030301,2011,0.0
050301030301,2012,0.0
050301030301,2013,0.0
050301030301,2014,0.0
050301030301,2015,0.0
050301030301,2016,0.0
050301030301,2017,0.0
050301030301,2018,0.0
050301030301,2019,0.0
050301030301,2020,0.0
050301030302,2010,0.017531636
050301030302,2011,0.01666232
050301030302,2012,0.018795502
050301030302,2013,0.018395538
050301030302,2014,0.018182045
050301030302,2015,0.016891683
050301030302,2016,0.017450106
050301030302,2017,0.015942023
050301030302,2018,0.013961256
050301030302,2019,0.014851691
050301030302,2020,0.014658048
050301030303,2010,0.0
050301030303,2011,0.0
050301030303,2012,0.0
050301030303,2013,0.0
050301030303,2014,0.0
050301030303,2015,0.0
050301030303,2016,0.0
050301030303,2017,0.0
050301030303,2018,0.0
050301030303,2019,0.0
050301030303,2020,0.0
050301030304,2010,0.0
050301030304,2011,0.0
050301030304,2012,0.0
050301030304,2013,0.0
050301030304,2014,0.0
050301030304,2015,0.0
050301030304,2016,0.0
050301030304,2017,0.0
050301030304,2018,0.0
050301030304,2019,0.0
050301030304,2020,0.0
050301030305,2010,0.023258409
050301030305,2011,0.022089792
050301030305,2012,0.026144639
050301030305,2013,0.024317684
050301030305,2014,0.022824287
050301030305,2015,0.023292159
050301030305,2016,0.023931173
050301030305,2017,0.022996113
050301030305,2018,0.020452492
050301030305,2019,0.02160556
050301030305,2020,0.020894432
050301030306,2010,0.048810736
050301030306,2011,0.046400207
050301030306,2012,0.054945301
050301030306,2013,0.051083886
050301030306,2014,0.048009268
050301030306,2015,0.048872977
050301030306,2016,0.05024049
050301030306,2017,0.04826621
050301030306,2018,0.043006864
050301030306,2019,0.045423961
050301030306,2020,0.044008842
050301030401,2010,0.007833828
050301030401,2011,0.006620307
050301030401,2012,0.007997062
050301030401,2013,0.006912354
050301030401,2014,0.005564602
050301030401,2015,0.00815825
050301030401,2016,0.00793551
050301030401,2017,0.007752275
050301030401,2018,0.005307815
050301030401,2019,0.005168151
050301030401,2020,0.005053778
050301030402,2010,0.027627775
050301030402,2011,0.019304522
050301030402,2012,0.022297036
050301030402,2013,0.020367511
050301030402,2014,0.017402898
050301030402,2015,0.018319535
050301030402,2016,0.019545469
050301030402,2017,0.018304503
050301030402,2018,0.012790017
050301030402,2019,0.012168611
050301030402,2020,0.011462439
050301030403,2010,0.026417958
050301030403,2011,0.023407585
050301030403,2012,0.028061469
050301030403,2013,0.026389129
050301030403,2014,0.023919493
050301030403,2015,0.028471626
050301030403,2016,0.029881755
050301030403,2017,0.027230315
050301030403,2018,0.020392021
050301030403,2019,0.021734859
050301030403,2020,0.021234902
050301030404,2010,0.0
050301030404,2011,0.0
050301030404,2012,0.0
050301030404,2013,0.0
050301030404,2014,0.0
050301030404,2015,0.0
050301030404,2016,0.0
050301030404,2017,0.0
050301030404,2018,0.0
050301030404,2019,0.0
050301030404,2020,0.0
050301030405,2010,0.0
050301030405,2011,0.0
050301030405,2012,0.0
050301030405,2013,0.0
050301030405,2014,0.0
050301030405,2015,0.0
050301030405,2016,0.0
050301030405,2017,0.0
050301030405,2018,0.0
050301030405,2019,0.0
050301030405,2020,0.0
050301030406,2010,0.040045567
050301030406,2011,0.038054928
050301030406,2012,0.045291836
050301030406,2013,0.041879711
050301030406,2014,0.039852818
050301030406,2015,0.0394106
050301030406,2016,0.040807989
050301030406,2017,0.039069881
050301030406,2018,0.035398019
050301030406,2019,0.037239405
050301030406,2020,0.036814169
050301030501,2010,0.0
050301030501,2011,0.0
050301030501,2012,0.0
050301030501,2013,0.0
050301030501,2014,0.0
050301030501,2015,0.0
050301030501,2016,0.0
050301030501,2017,0.0
050301030501,2018,0.0
050301030501,2019,0.0
050301030501,2020,0.0
050301030502,2010,0.056823105
050301030502,2011,0.052827933
050301030502,2012,0.063327776
050301030502,2013,0.058654667
050301030502,2014,0.055673254
050301030502,2015,0.061450436
050301030502,2016,0.063819489
050301030502,2017,0.06361014
050301030502,2018,0.053031712
050301030502,2019,0.054040666
050301030502,2020,0.055811815
050301030503,2010,0.32378261
050301030503,2011,0.309870114
050301030503,2012,0.368514913
050301030503,2013,0.33932855
050301030503,2014,0.323136361
050301030503,2015,0.298292494
050301030503,2016,0.309706443
050301030503,2017,0.295448103
050301030503,2018,0.285071722
050301030503,2019,0.298637817
050301030503,2020,0.294571804
050301030601,2010,0.023514742
050301030601,2011,0.022713583
050301030601,2012,0.026977664
050301030601,2013,0.024744455
050301030601,2014,0.023418883
050301030601,2015,0.021060942
050301030601,2016,0.021912242
050301030601,2017,0.020782865
050301030601,2018,0.020683165
050301030601,2019,0.021534583
050301030601,2020,0.021107806
050301030602,2010,0.027014764
050301030602,2011,0.026160503
050301030602,2012,0.031061015
050301030602,2013,0.028464709
050301030602,2014,0.026854558
050301030602,2015,0.024296418
050301030602,2016,0.025287128
050301030602,2017,0.023954808
050301030602,2018,0.023789744
050301030602,2019,0.02471
050301030602,2020,0.024173813
050301030603,2010,0.498284356
050301030603,2011,0.474546158
050301030603,2012,0.564740237
050301030603,2013,0.520327899
050301030603,2014,0.502527909
050301030603,2015,0.425627621
050301030603,2016,0.442208114
050301030603,2017,0.422173551
050301030603,2018,0.43440149
050301030603,2019,0.458724435
050301030603,2020,0.454668049
050301030701,2010,0.001476106
050301030701,2011,0.001429429
050301030701,2012,0.001697196
050301030701,2013,0.001555332
050301030701,2014,0.001467352
050301030701,2015,0.001327574
050301030701,2016,0.001381707
050301030701,2017,0.001308908
050301030701,2018,0.001299889
050301030701,2019,0.001350172
050301030701,2020,0.001320874
050301030702,2010,0.057453948
050301030702,2011,0.055455808
050301030702,2012,0.065871494
050301030702,2013,0.060458959
050301030702,2014,0.057123666
050301030702,2015,0.052534607
050301030702,2016,0.054624418
050301030702,2017,0.051849574
050301030702,2018,0.050629891
050301030702,2019,0.052705836
050301030702,2020,0.051658763
050301030703,2010,0.102644996
050301030703,2011,0.098362734
050301030703,2012,0.11694533
050301030703,2013,0.10770451
050301030703,2014,0.102095935
050301030703,2015,0.09724288
050301030703,2016,0.100908906
050301030703,2017,0.096182038
050301030703,2018,0.090590095
050301030703,2019,0.094765586
050301030703,2020,0.093261393
050301030704,2010,0.037688081
050301030704,2011,0.036368243
050301030704,2012,0.043200295
050301030704,2013,0.039655323
050301030704,2014,0.037471951
050301030704,2015,0.034504477
050301030704,2016,0.035874467
050301030704,2017,0.034057202
050301030704,2018,0.033213452
050301030704,2019,0.034581182
050301030704,2020,0.033899023
050301030705,2010,0.340905203
050301030705,2011,0.328409252
050301030705,2012,0.390188074
050301030705,2013,0.358457906
050301030705,2014,0.338982296
050301030705,2015,0.314757833
050301030705,2016,0.327097137
050301030705,2017,0.310839572
050301030705,2018,0.300537176
050301030705,2019,0.313274038
050301030705,2020,0.30739034
050301030801,2010,0.136437732
050301030801,2011,0.131026148
050301030801,2012,0.158426373
050301030801,2013,0.143374195
050301030801,2014,0.138889636
050301030801,2015,0.15086254
050301030801,2016,0.15592552
050301030801,2017,0.148259607
050301030801,2018,0.122854198
050301030801,2019,0.130927447
050301030801,2020,0.131765293
050301030802,2010,0.017659555
050301030802,2011,0.017085258
050301030802,2012,0.020288152
050301030802,2013,0.0186005
050301030802,2014,0.017555741
050301030802,2015,0.01595799
050301030802,2016,0.016604113
050301030802,2017,0.01573831
050301030802,2018,0.015554403
050301030802,2019,0.016166368
050301030802,2020,0.015824023
050301030803,2010,0.840392285
050301030803,2011,0.802394649
050301030803,2012,0.95443138
050301030803,2013,0.880542003
050301030803,2014,0.836065978
050301030803,2015,0.810124611
050301030803,2016,0.839861227
050301030803,2017,0.802111138
050301030803,2018,0.742257911
050301030803,2019,0.778368144
050301030803,2020,0.767563541
050301030804,2010,0.13053269
050301030804,2011,0.126228754
050301030804,2012,0.1499012
050301030804,2013,0.137462219
050301030804,2014,0.129768736
050301030804,2015,0.118235598
050301030804,2016,0.123005903
050301030804,2017,0.116625294
050301030804,2018,0.114983521
050301030804,2019,0.119545549
050301030804,2020,0.117045389
050301030805,2010,0.000163393
050301030805,2011,0.000160773
050301030805,2012,0.00020129
050301030805,2013,0.000173627
050301030805,2014,0.0001751
050301030805,2015,0.000226822
050301030805,2016,0.000233711
050301030805,2017,0.000219648
050301030805,2018,0.000153399
050301030805,2019,0.00016815
050301030805,2020,0.000175552
050301030806,2010,0.189856759
050301030806,2011,0.173544418
050301030806,2012,0.205372344
050301030806,2013,0.188106388
050301030806,2014,0.177752015
050301030806,2015,0.17643395
050301030806,2016,0.178715264
050301030806,2017,0.175575187
050301030806,2018,0.160921029
050301030806,2019,0.162805512
050301030806,2020,0.161281511
050301030807,2010,0.477871156
050301030807,2011,0.451474069
050301030807,2012,0.526824603
050301030807,2013,0.488343644
050301030807,2014,0.460210841
050301030807,2015,0.434677991
050301030807,2016,0.446003024
050301030807,2017,0.430585894
050301030807,2018,0.412935099
050301030807,2019,0.421209609
050301030807,2020,0.414628299
050301030808,2010,0.02240414
050301030808,2011,0.020611607
050301030808,2012,0.036335533
050301030808,2013,0.033169444
050301030808,2014,0.034461696
050301030808,2015,0.035538911
050301030808,2016,0.034394218
050301030808,2017,0.0221137
050301030808,2018,0.014250965
050301030808,2019,0.014639149
050301030808,2020,0.015257497
050301030809,2010,0.093847233
050301030809,2011,0.086234167
050301030809,2012,0.100263938
050301030809,2013,0.092148233
050301030809,2014,0.08842994
050301030809,2015,0.08658055
050301030809,2016,0.087101982
050301030809,2017,0.084956072
050301030809,2018,0.078715548
050301030809,2019,0.078627716
050301030809,2020,0.077913927
050301060201,2010,0.0
050301060201,2011,0.0
050301060201,2012,0.0
050301060201,2013,0.0
050301060201,2014,0.0
050301060201,2015,0.0
050301060201,2016,0.0
050301060201,2017,0.0
050301060201,2018,0.0
050301060201,2019,0.0
050301060201,2020,0.0
050301060202,2010,0.030792545
050301060202,2011,0.029734405
050301060202,2012,0.034419276
050301060202,2013,0.034073391
050301060202,2014,0.033673228
050301060202,2015,0.049375934
050301060202,2016,0.050641429
050301060202,2017,0.049796298
050301060202,2018,0.028704744
050301060202,2019,0.03259907
050301060202,2020,0.031127017
050301060203,2010,0.001204281
050301060203,2011,0.001172713
050301060203,2012,0.001400995
050301060203,2013,0.001275106
050301060203,2014,0.001232773
050301060203,2015,0.001284427
050301060203,2016,0.001300321
050301060203,2017,0.001227622
050301060203,2018,0.001063635
050301060203,2019,0.001097609
050301060203,2020,0.001002133
050301060204,2010,0.016806894
050301060204,2011,0.016358377
050301060204,2012,0.01822398
050301060204,2013,0.017942841
050301060204,2014,0.017795091
050301060204,2015,0.016518089
050301060204,2016,0.016313677
050301060204,2017,0.01543075
050301060204,2018,0.016173857
050301060204,2019,0.016872044
050301060204,2020,0.016550131
050301060205,2010,0.017766706
050301060205,2011,0.016767768
050301060205,2012,0.020330039
050301060205,2013,0.019173343
050301060205,2014,0.018772784
050301060205,2015,0.021054202
050301060205,2016,0.019186149
050301060205,2017,0.018723529
050301060205,2018,0.017185426
050301060205,2019,0.017323335
050301060205,2020,0.016361871
050301060206,2010,0.003917333
050301060206,2011,0.003832253
050301060206,2012,0.004482434
050301060206,2013,0.004530614
050301060206,2014,0.004196789
050301060206,2015,0.003747544
050301060206,2016,0.003649801
050301060206,2017,0.0034765
050301060206,2018,0.003126198
050301060206,2019,0.00352836
050301060206,2020,0.004124472
050301060207,2010,0.004755999
050301060207,2011,0.004406383
050301060207,2012,0.004988042
050301060207,2013,0.004699775
050301060207,2014,0.004591007
050301060207,2015,0.005496151
050301060207,2016,0.00556076
050301060207,2017,0.005236159
050301060207,2018,0.003953022
050301060207,2019,0.004359618
050301060207,2020,0.004116656
050301060301,2010,0.005774403
050301060301,2011,0.005624347
050301060301,2012,0.006724949
050301060301,2013,0.006106333
050301060301,2014,0.00589979
050301060301,2015,0.006072425
050301060301,2016,0.006144151
050301060301,2017,0.005790276
050301060301,2018,0.00509215
050301060301,2019,0.005239268
050301060301,2020,0.004776411
050301060302,2010,0.005625249
050301060302,2011,0.005479069
050301060302,2012,0.006551242
050301060302,2013,0.005948605
050301060302,2014,0.005747397
050301060302,2015,0.005915573
050301060302,2016,0.005985446
050301060302,2017,0.005640712
050301060302,2018,0.004960619
050301060302,2019,0.005103936
050301060302,2020,0.004653035
050301060303,2010,0.016721427
050301060303,2011,0.016104463
050301060303,2012,0.018504229
050301060303,2013,0.017846064
050301060303,2014,0.017631042
050301060303,2015,0.024406229
050301060303,2016,0.024520199
050301060303,2017,0.021706867
050301060303,2018,0.016984472
050301060303,2019,0.019157139
050301060303,2020,0.017748189
050301060304,2010,0.062731175
050301060304,2011,0.060063303
050301060304,2012,0.06868338
050301060304,2013,0.06484507
050301060304,2014,0.063010464
050301060304,2015,0.066231165
050301060304,2016,0.0641992
050301060304,2017,0.060396002
050301060304,2018,0.052739052
050301060304,2019,0.05901744
050301060304,2020,0.057004733
050301060701,2010,0.0
050301060701,2011,0.0
050301060701,2012,0.0
050301060701,2013,0.0
050301060701,2014,0.0
050301060701,2015,0.0
050301060701,2016,0.0
050301060701,2017,0.0
050301060701,2018,0.0
050301060701,2019,0.0
050301060701,2020,0.0
050301060702,2010,0.002983087
050301060702,2011,0.002905567
050301060702,2012,0.003474143
050301060702,2013,0.003154563
050301060702,2014,0.003047862
050301060702,2015,0.003137046
050301060702,2016,0.0031741
050301060702,2017,0.002991287
050301060702,2018,0.002630631
050301060702,2019,0.002706633
050301060702,2020,0.002467519
050301060703,2010,0.031632253
050301060703,2011,0.03046513
050301060703,2012,0.035004816
050301060703,2013,0.033759752
050301060703,2014,0.03335299
050301060703,2015,0.046169745
050301060703,2016,0.046385344
050301060703,2017,0.041063308
050301060703,2018,0.032129861
050301060703,2019,0.036239938
050301060703,2020,0.0335746
050301060704,2010,0.030948804
050301060704,2011,0.028944057
050301060704,2012,0.032842495
050301060704,2013,0.032649117
050301060704,2014,0.031612752
050301060704,2015,0.03418183
050301060704,2016,0.03367678
050301060704,2017,0.030743414
050301060704,2018,0.027210662
050301060704,2019,0.027613215
050301060704,2020,0.024996129
050301060901,2010,0.019686454
050301060901,2011,0.018727829
050301060901,2012,0.025442536
050301060901,2013,0.023461215
050301060901,2014,0.024056594
050301060901,2015,0.022161199
050301060901,2016,0.02163221
050301060901,2017,0.020068883
050301060901,2018,0.018068068
050301060901,2019,0.020919324
050301060901,2020,0.019818153
050301060902,2010,0.0
050301060902,2011,0.0
050301060902,2012,0.0
050301060902,2013,0.0
050301060902,2014,0.0
050301060902,2015,0.0
050301060902,2016,0.0
050301060902,2017,0.0
050301060902,2018,0.0
050301060902,2019,0.0
050301060902,2020,0.0
050301060903,2010,0.015316744
050301060903,2011,0.0145709
050301060903,2012,0.019795175
050301060903,2013,0.018253639
050301060903,2014,0.018716864
050301060903,2015,0.017242182
050301060903,2016,0.01683061
050301060903,2017,0.015614287
050301060903,2018,0.014057584
050301060903,2019,0.016275959
050301060903,2020,0.01541921
050301060904,2010,0.0
050301060904,2011,0.0
050301060904,2012,0.0
050301060904,2013,0.0
050301060904,2014,0.0
050301060904,2015,0.0
050301060904,2016,0.0
050301060904,2017,0.0
050301060904,2018,0.0
050301060904,2019,0.0
050301060904,2020,0.0
050301060905,2010,0.0
050301060905,2011,0.0
050301060905,2012,0.0
050301060905,2013,0.0
050301060905,2014,0.0
050301060905,2015,0.0
050301060905,2016,0.0
050301060905,2017,0.0
050301060905,2018,0.0
050301060905,2019,0.0
050301060905,2020,0.0
050301060906,2010,0.017283103
050301060906,2011,0.017098186
050301060906,2012,0.01773482
050301060906,2013,0.018976069
050301060906,2014,0.017757509
050301060906,2015,0.020698527
050301060906,2016,0.022011027
050301060906,2017,0.020991844
050301060906,2018,0.014173159
050301060906,2019,0.015301756
050301060906,2020,0.013978654
050301061201,2010,0.0
050301061201,2011,0.0
050301061201,2012,0.0
050301061201,2013,0.0
050301061201,2014,0.0
050301061201,2015,0.0
050301061201,2016,0.0
050301061201,2017,0.0
050301061201,2018,0.0
050301061201,2019,0.0
050301061201,2020,0.0
050301061202,2010,0.09303962
050301061202,2011,0.086938356
050301061202,2012,0.09408843
050301061202,2013,0.086840721
050301061202,2014,0.090552591
050301061202,2015,0.09382077
050301061202,2016,0.097347606
050301061202,2017,0.092273421
050301061202,2018,0.079526432
050301061202,2019,0.094547598
050301061202,2020,0.088432996
050301061204,2010,0.284549186
050301061204,2011,0.271273997
050301061204,2012,0.310564921
050301061204,2013,0.29254148
050301061204,2014,0.283782085
050301061204,2015,0.30801625
050301061204,2016,0.302747735
050301061204,2017,0.281753798
050301061204,2018,0.24363302
050301061204,2019,0.270343989
050301061204,2020,0.265958889
050301061205,2010,0.173120297
050301061205,2011,0.166560847
050301061205,2012,0.189143567
050301061205,2013,0.181183816
050301061205,2014,0.176190902
050301061205,2015,0.188405744
050301061205,2016,0.187821303
050301061205,2017,0.173549432
050301061205,2018,0.153468162
050301061205,2019,0.166289023
050301061205,2020,0.160606367
050301061206,2010,0.227417292
050301061206,2011,0.218237419
050301061206,2012,0.249879605
050301061206,2013,0.238384459
050301061206,2014,0.231396793
050301061206,2015,0.249899169
050301061206,2016,0.245588322
050301061206,2017,0.228706344
050301061206,2018,0.192961295
050301061206,2019,0.211122838
050301061206,2020,0.20287033
050301061207,2010,0.010115832
050301061207,2011,0.0100076
050301061207,2012,0.010380223
050301061207,2013,0.011106728
050301061207,2014,0.010393502
050301061207,2015,0.012114886
050301061207,2016,0.012883095
050301061207,2017,0.012286565
050301061207,2018,0.008295576
050301061207,2019,0.008956146
050301061207,2020,0.008181732
050301061208,2010,0.002767111
050301061208,2011,0.002737505
050301061208,2012,0.002839433
050301061208,2013,0.003038163
050301061208,2014,0.002843066
050301061208,2015,0.003313937
050301061208,2016,0.003524075
050301061208,2017,0.003360899
050301061208,2018,0.002269193
050301061208,2019,0.002449887
050301061208,2020,0.002238052
050302010101,2010,0.006516115
050302010101,2011,0.006804253
050302010101,2012,0.007804566
050302010101,2013,0.007218143
050302010101,2014,0.007213898
050302010101,2015,0.008828906
050302010101,2016,0.009721839
050302010101,2017,0.00944754
050302010101,2018,0.006347856
050302010101,2019,0.006674185
050302010101,2020,0.006860037
050302010102,2010,0.0
050302010102,2011,0.0
050302010102,2012,0.0
050302010102,2013,0.0
050302010102,2014,0.0
050302010102,2015,0.0
050302010102,2016,0.0
050302010102,2017,0.0
050302010102,2018,0.0
050302010102,2019,0.0
050302010102,2020,0.0
050302010103,2010,0.013771525
050302010103,2011,0.014380492
050302010103,2012,0.01649461
050302010103,2013,0.015255231
050302010103,2014,0.01524626
050302010103,2015,0.018659509
050302010103,2016,0.020546684
050302010103,2017,0.019966965
050302010103,2018,0.013415918
050302010103,2019,0.014105599
050302010103,2020,0.01449839
050302010104,2010,0.001735784
050302010104,2011,0.001748545
050302010104,2012,0.001982513
050302010104,2013,0.001998958
050302010104,2014,0.002262867
050302010104,2015,0.001536055
050302010104,2016,0.001615137
050302010104,2017,0.001556243
050302010104,2018,0.002122091
050302010104,2019,0.002300923
050302010104,2020,0.002150225
050302010601,2010,0.000876839
050302010601,2011,0.000915612
050302010601,2012,0.001050219
050302010601,2013,0.000971307
050302010601,2014,0.000970736
050302010601,2015,0.001188059
050302010601,2016,0.001308216
050302010601,2017,0.001271305
050302010601,2018,0.000854197
050302010601,2019,0.000898109
050302010601,2020,0.000923118
050302010602,2010,0.002682095
050302010602,2011,0.002800695
050302010602,2012,0.003212433
050302010602,2013,0.002971056
050302010602,2014,0.002969309
050302010602,2015,0.003634062
050302010602,2016,0.004001601
050302010602,2017,0.003888697
050302010602,2018,0.002612838
050302010602,2019,0.002747158
050302010602,2020,0.002823657
050302010603,2010,0.0
050302010603,2011,0.0
050302010603,2012,0.0
050302010603,2013,0.0
050302010603,2014,0.0
050302010603,2015,0.0
050302010603,2016,0.0
050302010603,2017,0.0
050302010603,2018,0.0
050302010603,2019,0.0
050302010603,2020,0.0
050302010604,2010,0.0
050302010604,2011,0.0
050302010604,2012,0.0
050302010604,2013,0.0
050302010604,2014,0.0
050302010604,2015,0.0
050302010604,2016,0.0
050302010604,2017,0.0
050302010604,2018,0.0
050302010604,2019,0.0
050302010604,2020,0.0
050302010605,2010,0.0
050302010605,2011,0.0
050302010605,2012,0.0
050302010605,2013,0.0
050302010605,2014,0.0
050302010605,2015,0.0
050302010605,2016,0.0
050302010605,2017,0.0
050302010605,2018,0.0
050302010605,2019,0.0
050302010605,2020,0.0
050302010701,2010,0.0
050302010701,2011,0.0
050302010701,2012,0.0
050302010701,2013,0.0
050302010701,2014,0.0
050302010701,2015,0.0
050302010701,2016,0.0
050302010701,2017,0.0
050302010701,2018,0.0
050302010701,2019,0.0
050302010701,2020,0.0
050302010702,2010,0.0
050302010702,2011,0.0
050302010702,2012,0.0
050302010702,2013,0.0
050302010702,2014,0.0
050302010702,2015,0.0
050302010702,2016,0.0
050302010702,2017,0.0
050302010702,2018,0.0
050302010702,2019,0.0
050302010702,2020,0.0
050302010703,2010,0.0
050302010703,2011,0.0
050302010703,2012,0.0
050302010703,2013,0.0
050302010703,2014,0.0
050302010703,2015,0.0
050302010703,2016,0.0
050302010703,2017,0.0
050302010703,2018,0.0
050302010703,2019,0.0
050302010703,2020,0.0
050302010704,2010,0.0
050302010704,2011,0.0
050302010704,2012,0.0
050302010704,2013,0.0
050302010704,2014,0.0
050302010704,2015,0.0
050302010704,2016,0.0
050302010704,2017,0.0
050302010704,2018,0.0
050302010704,2019,0.0
050302010704,2020,0.0
050302010705,2010,0.017060994
050302010705,2011,0.016913457
050302010705,2012,0.017881325
050302010705,2013,0.016463077
050302010705,2014,0.017143204
050302010705,2015,0.014617173
050302010705,2016,0.0155882
050302010705,2017,0.014736678
050302010705,2018,0.014700782
050302010705,2019,0.015916757
050302010705,2020,0.014733729
050302010801,2010,0.0
050302010801,2011,0.0
050302010801,2012,0.0
050302010801,2013,0.0
050302010801,2014,0.0
050302010801,2015,0.0
050302010801,2016,0.0
050302010801,2017,0.0
050302010801,2018,0.0
050302010801,2019,0.0
050302010801,2020,0.0
050302010802,2010,0.0
050302010802,2011,0.0
050302010802,2012,0.0
050302010802,2013,0.0
050302010802,2014,0.0
050302010802,2015,0.0
050302010802,2016,0.0
050302010802,2017,0.0
050302010802,2018,0.0
050302010802,2019,0.0
050302010802,2020,0.0
050302010803,2010,0.0
050302010803,2011,0.0
050302010803,2012,0.0
050302010803,2013,0.0
050302010803,2014,0.0
050302010803,2015,0.0
050302010803,2016,0.0
050302010803,2017,0.0
050302010803,2018,0.0
050302010803,2019,0.0
050302010803,2020,0.0
050302010804,2010,0.0
050302010804,2011,0.0
050302010804,2012,0.0
050302010804,2013,0.0
050302010804,2014,0.0
050302010804,2015,0.0
050302010804,2016,0.0
050302010804,2017,0.0
050302010804,2018,0.0
050302010804,2019,0.0
050302010804,2020,0.0
050302010805,2010,0.0
050302010805,2011,0.0
050302010805,2012,0.0
050302010805,2013,0.0
050302010805,2014,0.0
050302010805,2015,0.0
050302010805,2016,0.0
050302010805,2017,0.0
050302010805,2018,0.0
050302010805,2019,0.0
050302010805,2020,0.0
050302010901,2010,0.03823119
050302010901,2011,0.050542727
050302010901,2012,0.047942765
050302010901,2013,0.054468962
050302010901,2014,0.069707475
050302010901,2015,0.03779699
050302010901,2016,0.043284893
050302010901,2017,0.04135019
050302010901,2018,0.061397744
050302010901,2019,0.058444319
050302010901,2020,0.059015038
050302010902,2010,0.0
050302010902,2011,0.0
050302010902,2012,0.0
050302010902,2013,0.0
050302010902,2014,0.0
050302010902,2015,0.0
050302010902,2016,0.0
050302010902,2017,0.0
050302010902,2018,0.0
050302010902,2019,0.0
050302010902,2020,0.0
050302010903,2010,0.0
050302010903,2011,0.0
050302010903,2012,0.0
050302010903,2013,0.0
050302010903,2014,0.0
050302010903,2015,0.0
050302010903,2016,0.0
050302010903,2017,0.0
050302010903,2018,0.0
050302010903,2019,0.0
050302010903,2020,0.0
050302010904,2010,0.044505069
050302010904,2011,0.044120204
050302010904,2012,0.046644971
050302010904,2013,0.04294535
050302010904,2014,0.044719519
050302010904,2015,0.03813015
050302010904,2016,0.040663158
050302010904,2017,0.03844189
050302010904,2018,0.038348251
050302010904,2019,0.041520228
050302010904,2020,0.038434196
050302011001,2010,0.009052442
050302011001,2011,0.009118992
050302011001,2012,0.010339184
050302011001,2013,0.010424947
050302011001,2014,0.011801279
050302011001,2015,0.00801082
050302011001,2016,0.008423245
050302011001,2017,0.008116101
050302011001,2018,0.011067107
050302011001,2019,0.011999752
050302011001,2020,0.011213831
050302011002,2010,0.0
050302011002,2011,0.0
050302011002,2012,0.0
050302011002,2013,0.0
050302011002,2014,0.0
050302011002,2015,0.0
050302011002,2016,0.0
050302011002,2017,0.0
050302011002,2018,0.0
050302011002,2019,0.0
050302011002,2020,0.0
050302011004,2010,0.076125629
050302011004,2011,0.080868632
050302011004,2012,0.094804469
050302011004,2013,0.08638199
050302011004,2014,0.08781713
050302011004,2015,0.080851658
050302011004,2016,0.088871223
050302011004,2017,0.085360532
050302011004,2018,0.077150177
050302011004,2019,0.088869106
050302011004,2020,0.091947105
050302011005,2010,0.070226345
050302011005,2011,0.070204221
050302011005,2012,0.088020232
050302011005,2013,0.075553535
050302011005,2014,0.077374855
050302011005,2015,0.071510503
050302011005,2016,0.077049339
050302011005,2017,0.074841365
050302011005,2018,0.065587358
050302011005,2019,0.074590222
050302011005,2020,0.069485732
050302011006,2010,0.02552008
050302011006,2011,0.023945443
050302011006,2012,0.02767261
050302011006,2013,0.022545254
050302011006,2014,0.022639615
050302011006,2015,0.024295332
050302011006,2016,0.026483323
050302011006,2017,0.025814502
050302011006,2018,0.01955801
050302011006,2019,0.019989012
050302011006,2020,0.01879722
050302011007,2010,0.034886076
050302011007,2011,0.034843179
050302011007,2012,0.04087187
050302011007,2013,0.037737423
050302011007,2014,0.033905246
050302011007,2015,0.030772586
050302011007,2016,0.034266552
050302011007,2017,0.034272173
050302011007,2018,0.028998907
050302011007,2019,0.032655683
050302011007,2020,0.03122141
050302011009,2010,0.030163276
050302011009,2011,0.030002569
050302011009,2012,0.036667325
050302011009,2013,0.033271947
050302011009,2014,0.032500917
050302011009,2015,0.031685059
050302011009,2016,0.035026665
050302011009,2017,0.033336323
050302011009,2018,0.028526869
050302011009,2019,0.033145914
050302011009,2020,0.029179394
050302011010,2010,0.054638107
050302011010,2011,0.054526748
050302011010,2012,0.059420779
050302011010,2013,0.055051867
050302011010,2014,0.058405713
050302011010,2015,0.05405647
050302011010,2016,0.058519063
050302011010,2017,0.05566918
050302011010,2018,0.053736648
050302011010,2019,0.059602799
050302011010,2020,0.055081983
050302020102,2010,0.40599237
050302020102,2011,0.401161724
050302020102,2012,0.454250861
050302020102,2013,0.425321164
050302020102,2014,0.43173879
050302020102,2015,0.404842181
050302020102,2016,0.445900311
050302020102,2017,0.419038674
050302020102,2018,0.372138291
050302020102,2019,0.415829738
050302020102,2020,0.38306769
050302020103,2010,0.0
050302020103,2011,0.0
050302020103,2012,0.0
050302020103,2013,0.0
050302020103,2014,0.0
050302020103,2015,0.0
050302020103,2016,0.0
050302020103,2017,0.0
050302020103,2018,0.0
050302020103,2019,0.0
050302020103,2020,0.0
050302020104,2010,0.0
050302020104,2011,0.0
050302020104,2012,0.0
050302020104,2013,0.0
050302020104,2014,0.0
050302020104,2015,0.0
050302020104,2016,0.0
050302020104,2017,0.0
050302020104,2018,0.0
050302020104,2019,0.0
050302020104,2020,0.0
050302020105,2010,0.003651773
050302020105,2011,0.003541772
050302020105,2012,0.003666884
050302020105,2013,0.004896485
050302020105,2014,0.00461561
050302020105,2015,0.001887932
050302020105,2016,0.002006882
050302020105,2017,0.002221404
050302020105,2018,0.004276602
050302020105,2019,0.005123051
050302020105,2020,0.004674996
050302020106,2010,0.200727239
050302020106,2011,0.197655536
050302020106,2012,0.232223694
050302020106,2013,0.2157835
050302020106,2014,0.210827023
050302020106,2015,0.190559161
050302020106,2016,0.184425268
050302020106,2017,0.179344495
050302020106,2018,0.165005699
050302020106,2019,0.206989428
050302020106,2020,0.18160501
050302020201,2010,0.0
050302020201,2011,0.0
050302020201,2012,0.0
050302020201,2013,0.0
050302020201,2014,0.0
050302020201,2015,0.0
050302020201,2016,0.0
050302020201,2017,0.0
050302020201,2018,0.0
050302020201,2019,0.0
050302020201,2020,0.0
050302020202,2010,0.0
050302020202,2011,0.0
050302020202,2012,0.0
050302020202,2013,0.0
050302020202,2014,0.0
050302020202,2015,0.0
050302020202,2016,0.0
050302020202,2017,0.0
050302020202,2018,0.0
050302020202,2019,0.0
050302020202,2020,0.0
050302020203,2010,0.007487925
050302020203,2011,0.008451706
050302020203,2012,0.009818939
050302020203,2013,0.009421166
050302020203,2014,0.008051796
050302020203,2015,0.006782433
050302020203,2016,0.007391993
050302020203,2017,0.007223268
050302020203,2018,0.006836271
050302020203,2019,0.00788052
050302020203,2020,0.007362399
050302020204,2010,0.0
050302020204,2011,0.0
050302020204,2012,0.0
050302020204,2013,0.0
050302020204,2014,0.0
050302020204,2015,0.0
050302020204,2016,0.0
050302020204,2017,0.0
050302020204,2018,0.0
050302020204,2019,0.0
050302020204,2020,0.0
050302020205,2010,0.0
050302020205,2011,0.0
050302020205,2012,0.0
050302020205,2013,0.0
050302020205,2014,0.0
050302020205,2015,0.0
050302020205,2016,0.0
050302020205,2017,0.0
050302020205,2018,0.0
050302020205,2019,0.0
050302020205,2020,0.0
050302020301,2010,0.0
050302020301,2011,0.0
050302020301,2012,0.0
050302020301,2013,0.0
050302020301,2014,0.0
050302020301,2015,0.0
050302020301,2016,0.0
050302020301,2017,0.0
050302020301,2018,0.0
050302020301,2019,0.0
050302020301,2020,0.0
050302020302,2010,0.0
050302020302,2011,0.0
050302020302,2012,0.0
050302020302,2013,0.0
050302020302,2014,0.0
050302020302,2015,0.0
050302020302,2016,0.0
050302020302,2017,0.0
050302020302,2018,0.0
050302020302,2019,0.0
050302020302,2020,0.0
050302020303,2010,0.0
050302020303,2011,0.0
050302020303,2012,0.0
050302020303,2013,0.0
050302020303,2014,0.0
050302020303,2015,0.0
050302020303,2016,0.0
050302020303,2017,0.0
050302020303,2018,0.0
050302020303,2019,0.0
050302020303,2020,0.0
050302020304,2010,0.0
050302020304,2011,0.0
050302020304,2012,0.0
050302020304,2013,0.0
050302020304,2014,0.0
050302020304,2015,0.0
050302020304,2016,0.0
050302020304,2017,0.0
050302020304,2018,0.0
050302020304,2019,0.0
050302020304,2020,0.0
050302020404,2010,0.0
050302020404,2011,0.0
050302020404,2012,0.0
050302020404,2013,0.0
050302020404,2014,0.0
050302020404,2015,0.0
050302020404,2016,0.0
050302020404,2017,0.0
050302020404,2018,0.0
050302020404,2019,0.0
050302020404,2020,0.0
